file_name,TARGET
benign_sample_6706.xlsx,1.894304633932123e-05
benign_sample_644.xlsx,0.0035100717422679854
benign_sample_5737.xlsx,0.0004666454201089544
70e68c39f568687889a7d8accbf9d56d22510f3c1f828893e5691e256dd506fc.xlsx,0.999999887303101
benign_sample_5622.xlsx,1.932070595055095e-05
ae07b159e7a3695ed1b6936f7378760800fd15d75fa25e465e334e404ba5bb03.xlsx,0.9999999999999997
813d664306901ebef7ff32363699a13fe6775bcb5f5ecdf368731c25630098dd.xls,0.9999889572253554
benign_sample_626.xlsx,0.0010406126605115563
benign_sample_3146.xlsx,1.672017636459277e-05
benign_sample_8737.xlsx,0.00011073735842283843
3451d4742544f1464874001bcd59559c98c367eeb863d04257be9e37a625faca.xlsx,0.9993238012275905
f639151388b38f17b77e8afe71d681a8ec795de9231ca00f741bf40eb38aa2ff.xls,0.9999889572253554
938e2c76b7cb5805b297b2c6f8ece0f8e43c854639bec1a3decc78f1cf74bd1f.xls,0.9923415710872808
benign_sample_8937.xlsx,1.7671866275489466e-05
benign_sample_5874.xlsx,1.892270623437523e-05
benign_sample_2825.xlsx,0.00011787544464107683
ffa61432d63f42221525dfbe252af32ec4b697e41b23cfa7ff23c97589b0463d.xlsx,0.9999999904470512
075a573c403065521055966becfd29671c69d468c404f8a4c0456dbcdb0af9fc.xlsx,0.9999998754089404
5552b8bceca42f0d023e19c43e510befc122e36db703469d5a14db822d99c1b3.xls,0.9999889572253554
3e53cfe4a40ae75148e19b4400ee03fa4bf6f6b48bdecff45a9b66f48fe11f29.xlsx,0.9999998754089404
43ddafd6589dd3ebe06f7dc210c4985a65a19439e1abd523bac34f8c4e2d59e2.xlsx,0.9999999999999997
b10dce99ebd0a0c7ae7bb4119cec13661f212fac485b8380d03471b72db80029.xlsx,0.9999999997814064
7336f78defa9edaeae43b833c2d6d3913cd0a80db99b174e720d4a865b8ed3c9.xlsx,0.9925481452698995
benign_sample_8750.xlsx,4.116918756582189e-05
benign_sample_8074.xlsx,5.2990724526032796e-05
benign_sample_3275.xlsx,0.07651837905139701
benign_sample_2783.xlsx,1.9296084585843812e-05
benign_sample_6798.xlsx,2.808611035604238e-05
d4e4eab1a61ee092fd8502e65975f2dbff35d273e0349a6e5b1d6d06b935e981.xlsx,0.9999999739714127
1c7f2e37cca7667a541a4dc3beb6cf8270d270c5e96d268f7df2fa479cad786a.xlsx,0.9999999948510103
b5c3446f393721feee90a203056131eaceac48fb209321e58d8c78d88fc27682.xlsx,0.9999909214370333
benign_sample_9791.xlsx,3.9987227140011554e-05
e37ada64e8a295d2c7cf7be988bcb5a2c6ed8772e32cd350dedea4acb1ca9212.xlsx,0.9999999739714127
75bee83fea277cdebce5d750ad0745ef8449933f3324c687b125e8f27b4d119b.xls,0.9999862809450035
benign_sample_533.xlsx,1.665458199849093e-05
df6d999a6909df3f42beb79db7ac0fc4dde87b5df467cbacf23edfff1f1f5535.xlsx,0.9999990031766224
benign_sample_6685.xlsx,1.593150748335147e-05
402d52662ce07dd59cd241d821c2f935d94ea2628e2f03fb755b6e53094a0ec8.xlsx,0.9999999605520123
benign_sample_5253.xlsx,1.6282666927900565e-05
benign_sample_3359.xlsx,1.679248502666011e-05
benign_sample_8876.xlsx,0.0002014045747705359
benign_sample_1192.xlsx,2.7457099314163482e-05
benign_sample_1615.xlsx,2.5910647191046486e-05
benign_sample_1372.xlsx,0.002907839415214626
benign_sample_8423.xlsx,2.230290718058197e-05
benign_sample_5019.xlsx,0.027620131000689944
benign_sample_5268.xlsx,2.796770795942893e-05
7876ca6bcbebb4dc047e65df2db2faecc902a2011d10d8d955589628fd20684c.xls,0.9999846919423708
9972b2ae28eeb8c9304e0212cc0b7c647e5ae27006a3fbee0fb32bc05c49d14e.xls,0.9999860233211023
benign_sample_3219.xlsx,1.604329575275022e-05
benign_sample_5949.xlsx,0.0007586125762409444
de79faff1e1f93320ec5e44a7dab235d99c55454da2fe7ff04587ab8200bc865.xlsx,0.9983318189363221
2d858a9c1d1c5816e0042c07873ad18f980dfebebd36ad6897e7b176de3fceb0.xls,0.9999859793953737
benign_sample_2642.xlsx,0.046660646109327346
benign_sample_8777.xlsx,9.17680726816729e-05
1ddae3121e3bed88cb1d38bdb7a264dbbce7e8f7c27ff96bf2c27934834131b0.xls,0.9999889572253554
benign_sample_7191.xlsx,2.1940697441084913e-05
benign_sample_1898.xlsx,0.0002264168076190255
ace929080b083b70c9e1bdc1aac1a64ef076c51fec3c3a4332cb1263d37282c1.xlsx,0.9999995488597299
benign_sample_84.xlsx,0.0008527915699356102
benign_sample_7415.xlsx,1.716036327188264e-05
8ac7b704d510eab19296eb5c63f56109b1000746d71a09924548882d21acb7f2.xlsx,0.995933333836773
c38e8675fe9efcc6c74ac66c182c58d458b091d14ababda785b3144e3fbbfe6f.xlsx,0.9999999831442361
66ba212d804fda48526994efa6477e90b458e0226d8b0bd626db9ec196e262e7.xls,0.9999863895520815
benign_sample_7434.xlsx,3.216988430721845e-05
859536898bd9b0cf35ffafa699bbe682cbccb724ed93ea16fe80fdd9a164c583.xls,0.6805851663712473
benign_sample_6141.xlsx,1.579861405456503e-05
benign_sample_2134.xlsx,0.12311407495568095
12018c2af0600fc1f1a75842a1d4f7777001fadb65f93125e479ec9b949e1773.xlsx,0.9999999999999997
e5a0ba12cf226ab04a0d24eb1c2bc868b5390a19c412a5443accd857f4ace3cb.xlsx,1.0
df651fd93ce8c66fa57678bf6e387865151d489c2f5ddbd79fe05af9314f4b53.xls,0.992763537627093
benign_sample_2486.xlsx,2.5248239572507692e-05
5c8f3ebbb789a7d46450f4025070c3f7c087ffad3c6d97af2917323037769585.xlsx,0.999982837842685
benign_sample_5075.xlsx,0.006003129665889831
5194bc66c35b988ddc5b5c15803b6eef8762a3a6436dc34e1d90342af3849cb6.xls,0.9999987409708431
benign_sample_3805.xlsx,0.00016325180594769245
benign_sample_2935.xlsx,2.187012140578387e-05
benign_sample_8323.xlsx,9.555848960553412e-05
220832f02272f898ce972e79d5db8f0f78260e33363cf8521ff1d3ca986f2b22.xls,0.9710278286534585
47a0a978ee35afaa121fbfe51f26c14bc2cb278df49196843c6cc847195d9cf1.xlsx,0.9999999941338403
benign_sample_9921.xlsx,3.22948695201417e-05
benign_sample_2786.xlsx,0.0008862663666365611
740ef4d1cf32c4cbf05d9c883bbd0db7ab91b5c44c0463fe4f860e143a41d468.xls,0.9552902904048605
2e1c2cb605b1ef03b0f14fd6ab167f762805b53474a5298fc9afcde4a8c1605e.xlsx,0.9975866850154166
benign_sample_6702.xlsx,0.016444939626698907
benign_sample_6421.xlsx,8.139210029525642e-05
benign_sample_9754.xlsx,5.072403277408311e-05
d74c6bbb27dcc4204e3b39359d2cc11b50e9dbfc2a6d026bcc037f5f255ed01a.xlsx,0.999999991618926
f9e9300992a934b5c46671bfd308552b4c565427eb7c9f744be2f8631d038597.xlsx,0.9999573681834656
9a88337521957f2dc97a81bc3d31ffb3494a02fb1908acbbba33d0d1451fe69c.xlsx,0.9999999974170625
bfd8b7979ac089180384639f6e9ed3e1f6f931fbabcc941f8c77585ddf93ccca.xlsx,0.9999999957241017
benign_sample_7795.xlsx,1.853053778834548e-05
benign_sample_310.xlsx,3.2544814831382007e-05
e67834a93d9e1db2f27ea54433f26a99e20073d81775d97e0740783d8ea6c6a0.xlsx,0.9925481452698995
8b40a7d704d2350a1d6ef90726de56e847fbee9ce5463ce802fbc521b47577e5.xls,0.9999889572253554
f6e3b22ee57db2aca11e52a5b5f9a4ad89631e274e692fe59b6e7f0f6967a222.xlsx,0.9941059241995988
benign_sample_6069.xlsx,2.6509132939866218e-05
benign_sample_2607.xlsx,2.203388861336892e-05
benign_sample_5733.xlsx,0.0005459424913267541
benign_sample_9923.xlsx,2.300274844301267e-05
ce5cf93428ba5a9092aff085ec5def071c4ed8a76e8fe5a25116c5f860c4e68e.xlsx,0.9925481452698995
benign_sample_5873.xlsx,1.8269463344516523e-05
benign_sample_6475.xlsx,0.00043203481116036374
8eb42c03d1442b238cbd1871224c6c6b2067c62429c4029637c666919d278ad8.xlsx,0.9999999739714127
16299b2f74bd39613d8ff626d71e023cbc73a7e30756b68d2551a5a1e7e3af12.xlsx,0.9925481452698995
benign_sample_6483.xlsx,2.905691169532611e-05
benign_sample_1037.xlsx,2.27774524139461e-05
benign_sample_2468.xlsx,0.0003988072669980369
benign_sample_3994.xlsx,0.002237485654892177
benign_sample_2032.xlsx,0.0005603768499740388
69173b2fc8da5e163124986449afa24114fdcebf9d10585d046a2bfb3d0d64a8.xlsx,0.99999961517194
benign_sample_3752.xlsx,1.9576114392800273e-05
benign_sample_2616.xlsx,0.0002685711552776455
fe82bddba0f0a93739e1c3306b7b12d646849461987a19f7e98e2bac07269768.xlsx,0.9999999998795316
benign_sample_5564.xlsx,0.019528524381437127
acd54963300e5cf0eb82b38286ed45afc27e4b07053002f16cc2af865e0d3f6a.xls,0.9999860233211023
265cc3db46cf8eb851a423f975ca0b0238dc283949a544a69f96a0c09b5a658d.xlsx,0.9999603410379331
benign_sample_7473.xlsx,1.9608097409825997e-05
benign_sample_2274.xlsx,0.004199383353068887
benign_sample_5147.xlsx,1.9392571468454562e-05
6ab5e43bf8a0be69e5f6fcbea0f8c024a54e76a4f8c139422ac216ad0d64626d.xlsx,0.9999987446264775
e383138b90339fd655be9fb8d69cb1ae0f97257001b615b705c63d0058ab9c4b.xlsx,0.9999975145373718
benign_sample_235.xlsx,1.8073412244298378e-05
benign_sample_6237.xlsx,3.729734058754779e-05
benign_sample_6409.xlsx,0.0001454111126363525
benign_sample_6946.xlsx,2.0546122970100824e-05
142caa7745d41e97257819f758bffeef352ee489cd1046ca97d2bd9e8c006be0.xlsx,0.999982837842685
benign_sample_107.xlsx,2.1638324968570864e-05
b4eb8e75e74fb03a7a28cf17d98413fed877a43137d458e488216f8e938c551c.xlsx,0.992006290108864
benign_sample_9337.xlsx,0.0001786045880550615
0f27d653c64b01508c7402da8db788334fe0e84ad99ca2a00890129e770dcd40.xlsx,0.999999999734519
benign_sample_300.xlsx,2.084580262623271e-05
25c4c68df01b4f3c2d6ff937dc75cc91ff15f39cac4d6b7b3d76e9715746372a.xlsx,0.999999964451359
benign_sample_545.xlsx,1.667828530333433e-05
f5e1a983e0123821a1cde97400de5a56dd5635bf526e058dde501642e396a586.xlsx,0.9999998815806376
benign_sample_1371.xlsx,0.00047361986620918765
benign_sample_2840.xlsx,0.013656708104203712
benign_sample_6950.xlsx,0.00020549005084439362
63ae139eb8b19b3df21676bbb9cc6baf46201e8064eb009e9c339a92d9d66a6d.xls,0.9710278286534585
4d7bde9b019076a62b739c431162fe3145ab188c70d8c479b63559d851beb0f4.xlsx,0.9999992116622032
4234283ecd4c6a4caf71907ca77004bcf99853b6945fe8f457045beb9a1ec047.xlsx,1.0
benign_sample_2567.xlsx,1.9142296198073434e-05
benign_sample_8156.xlsx,6.634244164422935e-05
267c062c37fd53b0717363c79162951348614ff6eb935e684338e53e1c4242eb.xls,0.9999852658070583
benign_sample_9957.xlsx,0.00040454349184575303
301483d70a20a8eb2b35d329c14761014e4814dfbd3e318528cdd6a0e56e7961.xls,0.9999889572253554
5ba38037a764036e0a7091e51a79863992cf095189f4e4c0369653ba21a2fa9d.xls,0.9999889572253554
f1bdedec6c33982685fb295d2cce69040a63b2dfcd6ec3e003d23d8077723c06.xlsx,0.9275845319601773
8ef0d25538ee57a6cb283bc18cbb8d7afb7dd86ac3fe3f6fd6844e8c57efaa8e.xlsx,1.0
2c0549cec19f44b397cf252049059a26a223c40c379698c18e27beaad580b47e.xls,0.999986721806945
7ab07761d40ce9cfefc1d2aa2e0710a6c7ead11469e2170e53c9ecb25b54467d.xls,0.9999862809450035
c84d1516d4d145958f4c04650098531719b37a66dd990bd985cf82c0aa0f9cc5.xlsx,0.9999747669718116
b8eba8e60dcb3170cbff7f72c86af1ec66b859dd6c6e682283668d07536a8718.xlsx,0.9999825766907203
benign_sample_944.xlsx,1.5492999454440464e-05
2cb743aab551744ebe8d822a7997d899c6d5f35a88128be4ee15d7deb4b6af4e.xlsx,0.9999999957241017
benign_sample_7810.xlsx,0.0004139916972952316
benign_sample_4169.xlsx,2.630059971796145e-05
benign_sample_3938.xlsx,2.537647399691347e-05
benign_sample_4570.xlsx,3.394000590549694e-05
2aec9c85bc2bdebafa66abf9e78011076e1716bf3e46a137b34eef2c11935f8f.xlsx,0.9999999999999997
13d547716cb57574875e75f6cd10c9df4531ff71b8912956ce2b54d3e9708380.xlsx,0.9999999957241017
benign_sample_4348.xlsx,0.000129333916544726
benign_sample_6360.xlsx,0.0003498650993560204
benign_sample_7819.xlsx,0.00026506667039142136
06fe1295e799d02c61a2bde2e64c7a24144c34b0d8459b8c5e169b75d242b1c2.xlsx,0.9999999999995556
benign_sample_128.xlsx,0.00031980592588266784
47abdf74b345bc0776b9857b90a4b453066fa3f1eb5e1007d1b08803a42c53cc.xlsx,0.9999999941338403
5f9038c33d3641a7b89ba8ea9d7c9a70e26aa5877d1e8dbc08990561f9eeaf82.xls,0.9999889572253554
benign_sample_989.xlsx,0.0006204566628328967
2afe088d522bfbb46e5307da906019caecf7cb1a6ad60b6c4d38c2f5f167e840.xlsx,0.9999967641544361
6bbe2f445c5476c06caddfa915a814a79b8e968841ed539455e011c545ba698b.xlsx,0.9999999557574122
ba8bd4d68aefd7d995041f23536786513dae623454585460a8ba82af728b8416.xls,0.999986721806945
benign_sample_7959.xlsx,5.103848367520293e-05
benign_sample_1869.xlsx,1.8558680663506025e-05
benign_sample_1412.xlsx,2.0620727256499355e-05
benign_sample_4676.xlsx,4.9642401216255304e-05
benign_sample_2606.xlsx,2.1203848451830993e-05
2f78c5d3c787fc325889eb50512e68e92ae5e6b14655a2bde27ced16153288a5.xls,0.9999865960174247
benign_sample_5405.xlsx,5.5647738490983735e-05
benign_sample_5583.xlsx,0.00047061261063971975
benign_sample_7271.xlsx,1.9146078388754668e-05
f9b7fb06fbb977b2859e1de5e1cc56678b75781b83f30e7859c54a4135ce9782.xls,0.9999865800886484
benign_sample_6231.xlsx,0.00019303769036151022
2c3a048443fd9e6d2a02e1229e3d13294ee4942b8fb974030b613a6f9859bc71.xlsx,0.9999999997814064
benign_sample_8310.xlsx,0.021908735798703505
benign_sample_8882.xlsx,0.13398531670775077
benign_sample_9375.xlsx,0.00026777485764056303
benign_sample_8000.xlsx,9.440084365592477e-05
b273dc505cc6efdb92d73ea7db3f498aea49f7bd4a1fca10acdd8f2deca96341.xls,0.9999889572253554
c6fcc60840e4383a801f17cd740b846234f184384c99c310f62a410973cdd143.xlsx,0.9999999999999997
benign_sample_7889.xlsx,1.672272431640307e-05
f885060178d3b7c1ce0f2337506c639d4c4cbe8aabd95fe7daf62ed1aaef6419.xlsx,0.999999964451359
benign_sample_4307.xlsx,1.9528091238657597e-05
e75d6e2950546dfc8cea5b7cec3ca97e63118c1e6cf764d7a13f91e9d92bfc86.xlsx,0.9999999941338403
benign_sample_2863.xlsx,0.0009510512678626105
b76ba5e0699d13db691c05d9f0a3282f6b0c21695b8ffca11e899577f245c52e.xls,0.9999889572253554
465edc301b615d56b9f279fef094ef4cc073a19103ee8bd7cacd2b8a904074e0.xls,0.9999999351979257
b80c4a97ddbdd23f245a40927526662292186c1f1911d2fad7654ed43303f5d4.xlsx,0.9999974924259459
7f69b4c2b6596eb566dc50007984dc17d3931a67fd6bb940048faff1056af7e5.xlsx,0.9999999670849972
4e09f0749ed2182b2239a53bb96e4dc642b6a7754e062e18a8219f662e624abe.xlsx,0.9999992171031121
6eb543307dbe8b1e23007e7de58934795b249ec42e7c3361d5968e7e78065583.xlsx,0.9998244022017806
benign_sample_3692.xlsx,2.09992168789891e-05
benign_sample_9637.xlsx,1.6254153042796146e-05
63f044a0643cc8c69550bfe15954b38d66786e4b5be97d532a980aa5add58824.xls,0.9814335484696914
benign_sample_3820.xlsx,7.268480081659808e-05
benign_sample_5923.xlsx,1.736250470673798e-05
7f2c1d82856308935c55e9caf847b5260c1198ed400f809a36617431151d3014.xlsx,0.9990236630275998
benign_sample_8014.xlsx,0.00022064039740075513
82619c811f7b7e4c903f2f437abddabf7836f1c92f3639374d5384526340ae92.xlsx,0.9654627319949941
62c16720a3a702cbd40f2c9db7a1433aca84c201c80878da7099a45f459fa913.xlsx,0.9999999612938351
benign_sample_3540.xlsx,3.0247971458198373e-05
benign_sample_2589.xlsx,0.07780479576239084
91fe94cc33c543fc3eeeeaf0ee803e8556c2a96086a443d798540c90f933a0eb.xlsx,0.8263102556417867
ffa5b99f60ba083c84a8d99330dc8cabf94f0daf7e68e497051be56f65851101.xls,0.999985459400337
9dd613c7f9833c7a8a7780baa3e00a00f98181ea1ee9938e7ec82692f7445ea8.xlsx,0.9925481452698995
benign_sample_6178.xlsx,0.0016778949344533752
d8c61b9bd5e5f2cc4178d589b0279662a528562080a3405692dca96df95d84b8.xlsx,0.9999987777787522
35926254701de4faefd5da56d7231d74a3d97f1c882a0ab86abb54c6320ad086.xls,0.9999853259069006
benign_sample_9498.xlsx,2.300222856034062e-05
benign_sample_8099.xlsx,9.213750868464081e-05
benign_sample_9935.xlsx,3.197867357966704e-05
benign_sample_1734.xlsx,1.8665698251853488e-05
fe22d3faa1f01531ec03f72b270f1a8cc77241c1d70ef7875103b103cb6e0054.xls,0.9815888094749162
51f77aff16e1e36b43400f78a6d93700bd6dae46a64631dd8a623d255adbc849.xls,0.999986721806945
benign_sample_8386.xlsx,2.7631634001913503e-05
65d6c6478fb750394d0517f5ff77fa13dfd354dbbec4cff3ec9e897bf8e3e926.xlsx,0.6504443270463688
75aca864d292000aa996c33477293ad49602d678d862e0cc01e4944ddb638873.xlsx,0.9999999957241017
0f22f63ef66acbf385e3fe609184d4a0f14bd985bf27a27c769dd3b4ac25e17c.xlsx,0.9999999949164368
f5f7744779c0de2d737de27ffa63aa4e52c87c2bc6ee2273065e3c86948bce83.xls,0.9999846919423708
9f54a65c72c3d956de6e910496627d52cfb9af29d1eba8eaf045abc943eb3345.xlsx,0.9999817279740529
benign_sample_8063.xlsx,1.6153712050671913e-05
fe47e82943fed716742438826fba6bda9fedc788031f28e4a68621bf1cd18316.xlsx,0.9966665528150142
benign_sample_9673.xlsx,0.0018668185485611873
benign_sample_5603.xlsx,4.9472744758229544e-05
0678a782c1796acf082567ebfecc529bc6565a26c9bef2a73663569e1526edc1.xls,0.9999889572253554
benign_sample_2647.xlsx,5.075218196503702e-05
benign_sample_5009.xlsx,1.5894232990144312e-05
benign_sample_415.xlsx,2.875213022525424e-05
ac32cca77a570603aa4600c2067f7a46ccbaabe36c63dff8c826cb8dc7cc381c.xlsx,0.9999831246946421
benign_sample_5779.xlsx,0.0003295470045503819
09ddda7f74621fb1ccc86e0ca25ab0230d1e2b6dd471109b6de9a97477652539.xlsx,0.9999999997814064
benign_sample_5646.xlsx,3.619060117697717e-05
benign_sample_5986.xlsx,4.906256142090467e-05
benign_sample_5330.xlsx,0.028905060905739768
92e9415fba01985e4f3c0d8691a319aa30f27d26469dc01a2eeb003801ab66a4.xlsx,0.9999973044438991
d8d1e0bec72ed42657e37d35c6c0a997449ec8cf415e21e0c2116a79b4c8804f.xlsx,0.9999999351232969
3a4dc33f85caf8737d378215f86adb9e5577aa9c6d1e231f0ace8759837c1cdf.xls,0.9999889572253554
96151ab6bdb461ab39a2cab5f655cb4502cf245c576026a2d65a31c7cb961749.xlsx,0.9999999612938351
ec6835af5d83f2257d3b572e31da5ba482299af7eaece89afbe5b4b159ae7fa7.xlsx,0.995933333836773
3e5ef4f3b554560db3aeffa1ee8b252f8cff70eb1ef6808605da35cea41e502a.xlsx,0.9925481452698995
benign_sample_2484.xlsx,1.6231390309068307e-05
benign_sample_7872.xlsx,0.00012051029793717681
benign_sample_6639.xlsx,0.00989884625227129
benign_sample_9761.xlsx,0.001608064583552105
benign_sample_8765.xlsx,0.00013440280493389487
31d61f0e8fd95c5d71954c86a35617a4449d0f872c1be00aa33ffc01518c4310.xlsx,0.9568269603237618
benign_sample_2585.xlsx,0.0003423245206637933
8ff109bd3969fec4af7d796f7fd34188e6495500ddddf985944802e5d02ae390.xlsx,0.9999999999999997
benign_sample_3025.xlsx,0.0007892535259245622
c7028ee6e43853c9ea7ca29a53230ad1260aac3657d207c1ed8114735aa656b0.xlsx,0.9999992089077363
benign_sample_8344.xlsx,0.00028451203955815824
8827f753e479eba9624719b5284bd5513eb7f92f68666f3247c0e0fbf88e873d.xlsx,0.9987856447642708
benign_sample_377.xlsx,1.6871263646317494e-05
benign_sample_8718.xlsx,2.6345142593368607e-05
f61ec0b0ab944e49c42732d4ceb6ca50ec41b84ef0e78d3bb1cbefe709d5ef95.xlsx,0.995933333836773
eda07dc03eaf350522b2003d6e3b2a88429f6fa7d7a13907bcb1639421cd72f0.xlsx,0.9999983168880742
benign_sample_5921.xlsx,2.269161404901199e-05
benign_sample_3538.xlsx,1.5891035059453415e-05
benign_sample_8574.xlsx,1.844669087411979e-05
18b11e2a54d3524af82b8427f433c63e31e7a02cb00ad4a61d2226505e9cfb95.xlsx,0.9999998868054254
benign_sample_5724.xlsx,2.341763688140846e-05
c7e84819af57c96e2e59fe018f2f2d732cd6463f579c3a3154aa27a11568c575.xlsx,0.9999999739714127
49e315aa89bf10972518c3069a767c869bbf7027c298afd11ab21040285b3f9e.xlsx,0.9566666666666667
benign_sample_4873.xlsx,0.00012691214798902579
0af0a8e9542323ac8b0637cd713dc192e139276efc786671de92c92cd816e9a4.xlsx,0.9999954436121755
a96bec008a4cf0dfe19d2e1dcec9584ae24bcfa28d1112983d351f28db63da10.xlsx,0.9999999949164368
5d31e83b1dda43ba478dbf1bbd5b1ab90021810860493110ac6175f69e58a93d.xlsx,0.9999999734047395
benign_sample_1897.xlsx,4.886249515837106e-05
288fd66d5ce20977bbd5bddc1173c7e17fa9411ed4d411d6496616c1417c17d4.xlsx,0.995933333836773
5d8a1edc5e4bf28c9d12aa828bfe4e5ea19ee8e68e5be9d32beb377e546f91b8.xlsx,0.9999999670849972
benign_sample_6084.xlsx,2.2119040127686912e-05
benign_sample_865.xlsx,0.0020420599440841587
345077343d4f882a9503554bedae1d1d366e131c74f9cd734c000132d761cc53.xlsx,0.9999987457698172
7e8d9ebc789e8da63038e2e55739e95419cab68b4c4286d454a5825f28f987f8.xlsx,0.995933333836773
9d44a026af1539c8217bf65d08e53bb6854052e605aad50b301cfdfb164edd8e.xls,0.9999852658070583
benign_sample_880.xlsx,0.00017952510917372674
benign_sample_5282.xlsx,4.9325531716021764e-05
53673b181e8a1687924a73e41f01b44312ec95df6562c69195823ca563238dda.xls,0.9999863895520815
5e09d7c6de828bab8404273ee6db8f41b7fd8746ed24b99c2b578f6a97a2e4c7.xlsx,0.9925481452698995
benign_sample_3173.xlsx,1.5738240353299818e-05
benign_sample_3018.xlsx,2.7277742820322024e-05
benign_sample_9843.xlsx,2.055257137927022e-05
921c51dbbfe33370d524d5dcc95c2f5f44527ea881e238ece5ed0bdab7641457.xls,0.9812034247434148
benign_sample_3475.xlsx,1.7781402406838254e-05
benign_sample_9240.xlsx,0.0002504124549936212
2d27961ae9c837502d45833f5ad87f2b4d0406d8edfb87678efa7a9417fdc111.xlsx,0.9990236630275998
2713d6dea4ce2944d56248cfa5c3fe0d3173574954936d87eda7a4320a0f1ea9.xls,0.9999990013086859
benign_sample_8683.xlsx,6.0495440316896696e-05
b6a9ac14a6f863101cfc6c1821a82e21ccd63d9cc6cffedd382612efc1793881.xlsx,1.0
benign_sample_9741.xlsx,0.06074800874877523
benign_sample_8257.xlsx,0.002659491035784285
benign_sample_6436.xlsx,1.8468231317001737e-05
019fa669e854930a79366d4d42e1e8566bdad2537455b114dca8690894e52f81.xlsx,0.9999999957241017
benign_sample_4897.xlsx,3.677976961388868e-05
benign_sample_8476.xlsx,3.557261687410491e-05
ea9fc8e1dd9609f6254666520a054623522b08cb3fc44f566d15c20cb95bc65e.xlsx,0.9999999997814064
efbfadbd3551a8dfa47f4e9e1c896261ffce0592ff17f147c82faa5b9f3709ea.xlsx,1.0
ee9746f5e46a71a46cfe65f03b2508b23f853ae4a73847fe223b608a0f6c36e5.xlsx,0.999995458335786
benign_sample_3830.xlsx,0.00033614819901650063
benign_sample_8919.xlsx,0.000274235111514557
benign_sample_7449.xlsx,2.2921402054592777e-05
benign_sample_2357.xlsx,1.9417084082216962e-05
1ce5a81909cf7b19cf2ecc1a4b3035f374b0c1fdeeb8e7eb36b04b78f99f8bfa.xls,0.999999887303101
07fb7d7358675515d2a86ee5e24ce8ce8836ecfd6ba2e857090023fddbea69e9.xlsx,0.9999997050598898
3dc504b828229c746d13dfa6641a8bcf13be87c147fc347a4630e336dc9167a2.xlsx,0.9999999901938562
e25ea78ad1046a60f7921c255af50c7922093e86d52c6bb28d859a27b0a121bd.xls,0.9999889572253554
benign_sample_5201.xlsx,2.9097165502553325e-05
7ad8e0e4debb31dea38da1a116af87ed7e48b1d5d786f6b7b0880eaaeffc64f1.xls,0.9999987470040311
benign_sample_2403.xlsx,0.07579260408659005
benign_sample_4292.xlsx,4.1081704827102277e-05
benign_sample_8125.xlsx,2.484018929132761e-05
bb4691164c38cddaf255d39f63dd66a996539a858fb364863298e8d14a4eb12f.xlsx,1.0
9b5ef21e81bebb96c6c83f181ff3f956ded6cb22a583d99867ca53b704a56e00.xlsx,0.9941059241995988
benign_sample_9259.xlsx,0.12578279743490792
0643ca25912f84c28cab31e7a98c45ce7e6898c599d2861ce458e0dc882281b7.xlsx,0.9999999684204495
benign_sample_3168.xlsx,1.7418453844111453e-05
benign_sample_1941.xlsx,0.00023528019886594862
benign_sample_1287.xlsx,1.9460168798300648e-05
05a9444b1542ec135d08695868dbb352c697919c919db882fa8ad5dda1698ca3.xlsx,0.9999999991345135
4bbbe2b96546b0f3eb4a3d43b10d8858a07ce286f7a77039d480d021e4627b8f.xls,0.9999889572253554
benign_sample_5929.xlsx,3.932784206892252e-05
benign_sample_3049.xlsx,8.21949845755206e-05
benign_sample_1066.xlsx,0.06206294258431259
ec7aed6ed93778086e60e146394881f30e9c5498d226036b70d794ee26460845.xlsx,0.9999909065696276
f2af2ae0ce6dec7335b22d00446c90190e62c2816cc9276fc9e6be5d4bf89388.xlsx,0.9999998865043992
4c24109a4627af0bf5480d142ed639a34c09df00a4e8d442d667c35b0ac3e684.xlsx,0.9654627319949941
benign_sample_9780.xlsx,3.7276946719982404e-05
f76e8ff20d430b2e36ee3ad591fb22b3b1a811a442e0b3cdf4fef21aab979c66.xlsx,0.9941059241995988
b10ed69f8e9b0da709cfaae8849ada80e45de31d91fbc07e9bf9a838aa73b1f9.xlsx,0.9999999875150095
471b384ca81a9d804992d4e4693ab3d42d419a2e2690ebb146671407fe0809d8.xlsx,1.0
benign_sample_1907.xlsx,1.7297485693936998e-05
benign_sample_6214.xlsx,0.0021664425729601517
benign_sample_4204.xlsx,0.0027109900342153666
a0446e96f4599e8479a2645ac80dc47c9de36ea086d3eb06d914326175501bcb.xls,0.9999853259069006
benign_sample_2529.xlsx,2.6454603085045714e-05
79d6877cc41b591c55bb21d481bac0abeb2f3b24dd08e0d864958693452e11c4.xls,0.9987729286031372
23822dd72591846fd85df2d780c7ff484f839d06ecda4e2ca6e03e020eb2206c.xlsx,0.9999999957241017
benign_sample_9667.xlsx,3.0219271717987892e-05
5b08ea3d4949c5b6b0c18321da697cf593fc213416eb95851b700ca2f4c2df2e.xlsx,0.9999999612938351
benign_sample_1200.xlsx,0.1077858211944373
benign_sample_1936.xlsx,3.867375187185403e-05
6af2f89e1e9e791b754970b9759b27b9cb337c5e7e04d4f1f7f6d19ecea73c9f.xlsx,0.9925481452698995
104bdccfd454b4aa89c0f3566057b9666347ce6c9df80ba6ed9e54f375efc315.xlsx,0.9999999670849972
1ba8667195835be983eb4eeaeedd15b75474518654562494009414518152adbb.xlsx,0.9999987462599136
benign_sample_905.xlsx,2.0351230157269388e-05
103e4cb1874dc5ad30ab49e9cdfaeac68336a2feedb7f6f73ed1108f4b431e5b.xls,0.9999889572253554
benign_sample_7796.xlsx,2.926933832442762e-05
benign_sample_7817.xlsx,0.003939101214818285
benign_sample_7044.xlsx,0.019815725519638516
54a282ff9cb5987a47b04c9ec71dc8e8c217e6bc58ad90dd6d5f2ea7f3201ec0.xlsx,0.9999999991323077
benign_sample_2183.xlsx,5.22549597975216e-05
7d439b9587872948d81841faf7408521dc024efb8e9419d773c54de1c8c60929.xls,0.9999889572253554
c80c966715aecbd2b43dc364131511eb0db0ce5046eebe576750f2132e0be6c9.xlsx,0.9999998803230902
cedb89093bb4ce62d7b3be5ad96358512b821e2874b42873590fa4eaab08e72a.xls,0.9999852567673798
d173a99285abe244da42a0e6410dcc555c7ac4287c58e91c85a2e554bf1d500f.xls,0.9999846919423708
2b8619882dc2e079b61d272c3872562d81b7624e128b0b4df78e75b1a8c421be.xls,0.9999889572253554
08953343a9499e390c8121735a48232f0eac30a14520465bfe2c216b543f9909.xlsx,0.9999999612938351
7b25cb71d8e58c528ed338270c949be6b889f3890d488cc348e949eee344985e.xlsx,0.9993238012275905
6a2f44ffc6da1ed6037bd872f98c3959d16de4ceae75a749100abdfda4d88ad8.xlsx,0.9949999452074717
benign_sample_201.xlsx,6.678069715195297e-05
380bddc09c0d0617592963ac360ab5000d44b52e4cc6dc8133985f39321ecbdd.xlsx,0.9999994315949473
benign_sample_2624.xlsx,2.0127205917179862e-05
e9170f41f12cdfe6dc65d06ed06cc1fb839fc764067e19c777eeb74eff084044.xlsx,1.0
benign_sample_8539.xlsx,1.7413966274535155e-05
benign_sample_4173.xlsx,1.7038974963561333e-05
62bbff686b12e063968692611686f870a92376649c78c36ee956530d116296ff.xls,0.9999863895520815
benign_sample_2122.xlsx,2.663044972917149e-05
9eaf2727f1fdb090418fe58ee766df567912dbb110449b2a634b96d82e7dc4e3.xlsx,0.9999803503151593
benign_sample_1789.xlsx,0.12101687884780815
6d9d57b319e27a50c352d638129e0159605bd7c26917a053c87aecbfaeb569e1.xlsx,0.9999998754089404
6f69450e0d47482ec2c4c8b0208dffb1e66fad7cd6a0a71efe5cae8a92a6f73f.xlsx,0.9999999997814064
94183220baafa9f4b712b4c39af2d08e2c863d0704946973295b3228426876d2.xlsx,0.9999999605520123
benign_sample_8358.xlsx,0.12325001424396927
3db7ed5812716233322be2157272542c6b8bf965e1c02236bd9f5dbbeb189df8.xlsx,0.995933333836773
benign_sample_1535.xlsx,0.0002660091637528302
benign_sample_2379.xlsx,5.2520631935879844e-05
benign_sample_7273.xlsx,2.3818750754091064e-05
benign_sample_9201.xlsx,3.010341673588177e-05
benign_sample_8564.xlsx,2.1683030368422555e-05
143c1184c8d02adfc4b2ef5ffec579ce47436131e3c2c8e82172edb50f2ab962.xlsx,0.9999980432070084
04323600c8d999542e12a7dc8ed60d693934edf5caa464cf9b9c30b16d741d5d.xlsx,0.995933333836773
9eb204119fa5ff984d18de7ab0c5ca985bc39f32d3d048884c5b77e69eb85a18.xlsx,0.9999467970479912
benign_sample_5975.xlsx,5.4422667394222496e-05
benign_sample_4013.xlsx,2.7796133023095956e-05
2549dc78c0de125f7232683bb6f08581d94d19457aa14536b0f670c2c3fb24c2.xlsx,0.9999999957241017
benign_sample_4315.xlsx,1.6633319130414564e-05
benign_sample_133.xlsx,1.9554384967802888e-05
benign_sample_4488.xlsx,4.0063025203346604e-05
eef915543848c7a3e32f47f34aa8815e4d478fa7e16fe9b64f3a02d268389ff5.xlsx,0.9999999957241017
benign_sample_6130.xlsx,0.00011277329194816593
benign_sample_8213.xlsx,0.15284877633750546
benign_sample_6269.xlsx,2.7426019240605885e-05
benign_sample_3867.xlsx,7.475358710086171e-05
benign_sample_611.xlsx,2.0791314904969832e-05
benign_sample_4576.xlsx,0.0003973021772417207
3b121ece72676422e17261e8e7358c7451298bb59bd45cccde2a9236c7fb4365.xlsx,0.9985038760091118
benign_sample_4933.xlsx,0.0007918231248902094
benign_sample_2429.xlsx,1.6483001238618963e-05
5737ccf57019b14db1739bca2c4e17248aca4c2e9f69a749fb67499530b27f4b.xls,0.9999865960174247
98418ff7d41ce0d4de0622c3c652bc7f0eb8177adc4a80859755887fb6dceb30.xls,0.9999889572253554
benign_sample_6533.xlsx,3.2196119650021534e-05
6aa1225417987dcef3cebc5a91e35205e740866059a4dd664d324d2a192d0150.xlsx,0.9996467573923106
cde79b611733257513397e83047c00cebe167495dea5e14f4cc2e1cedee8833c.xlsx,0.995933333836773
a596bdeb9bebbf696aa5c56ca438df96f443d9c253a84af1ad0e1a0b3c428c48.xlsx,0.999277744330939
benign_sample_6769.xlsx,0.0018410993938700983
benign_sample_5034.xlsx,1.718377463439852e-05
benign_sample_1083.xlsx,1.6639153693270036e-05
benign_sample_4300.xlsx,0.000141046351744677
693336035a52b8cee7df3ace13572fdc2fefec461cc12f402a2c8bb6247523be.xlsx,0.9999954334819786
benign_sample_8842.xlsx,3.584219239447002e-05
a881a0957e4202a880c550c78296abbd9617e19673b85cae9ae229cb033235b7.xls,0.9999889572253554
benign_sample_9727.xlsx,7.549289396144999e-05
d1d20907dd4f667d001ab873b4da7be97ea14e6075a096695bd2a9728874a827.xlsx,0.9999987450549326
0d7ccd3a6671250caaa0853712d5e38b7aa4c07cd6df50a62805534c64e6f1d3.xlsx,0.9999999592763212
00f0455df7ce95e8e99756877724bfb6a056bf9cc2685535c1d7ee88cf7448cc.xlsx,0.9812562958119653
bd1cc6c6369011a075ca49c030d40169ca196e3a8d1f4f79caa975189d8e96a2.xls,0.9999889572253554
b87bdd8d3416fa8e51d850f66c32b31c9e0132d52e7050525dfda7aba8aa55b1.xls,0.999986721806945
f1f59fccdcdb61748766bc4533737698056a8531c02b8692ddff61a00290aa4a.xlsx,1.0
46dfb556f8e7c5e0c80eaeb3bb0c6bf1992b8864d467e99a26f25a2a345d8bee.xlsx,0.9563824427961934
benign_sample_2010.xlsx,8.68013451190969e-05
77ca4248d2bc9a7b6694c61b684c6a6ce6c5f0b8812a59dd007648b83326a745.xlsx,0.9999999998795316
e3a09bc0c5476764c150997a328effc452afe448b1fb80437b07178292fbaea2.xlsx,0.989463294922213
benign_sample_4197.xlsx,3.0240446015960772e-05
6ed303ef72a4bf375f0cbd33a023392ec0af2a13646b88451aac49c998ad3b59.xlsx,0.9999971256925618
069ab63de29bc0e1c1c4eb94fdba0da9da9a22b68cd9f9280f13157136cc78d8.xlsx,0.9999999991345135
benign_sample_2569.xlsx,0.0015546612786680692
9983e38e2121201b54cd2d3cf1f3deded84beb06c9b0db9d5af19acc343140c2.xlsx,0.9999999739714127
525cad864e0ca1450fc2e30caefab55372398cff8f5f3822566022ee0a652345.xlsx,0.9976518347069213
b930c5fa0d3ad72f8f2864f9b0865a3e12731b2b062f24c131a0a5fd0cadaa68.xlsx,0.9999954723115891
f1d6620d62d354c6a34c82f975579cb0a3beeaf5539d5a5993f9c470d2616a59.xlsx,1.0
benign_sample_9222.xlsx,0.0006068581442389441
benign_sample_19.xlsx,0.00010966886580243316
7e2a86ac32dc2e4eb874f7089c83ba21edf285ccf5608e1e900b469ca27db92d.xls,0.9999889572253554
29bf642213921602445d34d9d6881d4d8b9e96da2589c8257307dc069bfc36e7.xlsx,0.9999968407518076
96fd1f9dabda6fde068881961384af2f2f183dc21e6dbbf0411b895f87d64d7a.xlsx,0.9999999612938351
10a21a1f332b64f68ffc594374b10ae72971e0c4555b332e86b138da922334ca.xlsx,0.9999999997814064
benign_sample_4504.xlsx,0.00013047163825521423
benign_sample_8950.xlsx,0.0037065018317627148
e4b7dc6ffd18f3cb6ef2696cc05a7b979c3423e68e41da02dab6ce37871affa1.xlsx,0.999999964451359
eaf36af3658ea2bc34d2e0d4ec4ad3f2d71ff4fd9bc1013ab588286a169afcb9.xlsx,0.9999999997470769
benign_sample_6980.xlsx,2.2606221712358078e-05
bc7cae6ebd0b3c7a2f69b35bc954efb17393528d4420c9d103d2fa362d225b15.xlsx,1.0
benign_sample_5993.xlsx,1.8275624754503174e-05
5aa35e083c454c5023f38430b833b82e736f74ec816d2fa40d996a05f2bdff26.xlsx,0.9983724400422657
benign_sample_9771.xlsx,1.8018479276491066e-05
benign_sample_9519.xlsx,0.0029519891936275523
f252d9dc19a2ada1fd4de53b639129f7d800aa9dbdbbbe9282a6440204af3efd.xlsx,0.9733736280762552
benign_sample_6277.xlsx,4.9926679213744075e-05
6e5d0e25330f5d7d6c00aea7a32e5256546d31add66431519af4957ae9dca729.xlsx,0.9971829097248018
968472b2fc674dfe853ed10b28a789b239a28acff4621c67e78926c76d8bbf68.xlsx,0.9999973345538891
910ee5f1200462e135a997383a328495e884a84b79fb0ddbb0852a8395721d8f.xls,0.9998425986818714
benign_sample_4718.xlsx,0.00012397037083368263
d041eb4d27665d30fa516a31242774fa89c5e50f30253637454ca9d6db135dfb.xlsx,0.9637318129665132
benign_sample_6359.xlsx,4.255957236783525e-05
benign_sample_4405.xlsx,0.0012961664643456518
e53c14a126671ea2d4d3c5229f1d53ebc064893e039025e63df26bae05d945b0.xls,0.9552902904048605
benign_sample_9268.xlsx,0.0002256260870258174
benign_sample_9393.xlsx,1.8436495660229858e-05
619c310cb50b4bd97360a4f0a9684123ae3037faed054f7dead0ac0794d47295.xls,0.9999889572253554
379756cf402063abcdf2ae56025517a01855d122f22fc8ec20792177d27ef612.xlsx,0.999982837842685
benign_sample_3291.xlsx,0.0017089109314060694
3bfec9c38416a25e5ffb6b71abe3df6c89f550d4aca984c35fb10c8c62bb9653.xlsx,0.9999999224102324
benign_sample_6700.xlsx,3.617694754933145e-05
f0003f4128271abbfb1f5ea29e1d310b3fd65fc8f260ce4088c9fd5951cfac25.xlsx,0.9999999437791599
97bf639e55ca6fc3d005f12ba391ac82247995ebb62c70b9b9f1e4d13d480c51.xlsx,0.9999999605520123
benign_sample_3822.xlsx,0.00013583364050328737
1ffa8740eef2d512e0f34b42885d319a3ec66172452ccf45c9ad53e4faa11ff6.xlsx,0.995933333836773
6ad9215c711acb7040c9e623daa922612e11d358023cf73a8bf98dd75161c3a8.xlsx,0.9999999957241017
benign_sample_4133.xlsx,0.0004395719793328424
36881c60ecc42da1a8b8ecb5bf267fff8eb8c00b2f8c57f1c112ac17746aa112.xlsx,0.9999999999999997
benign_sample_3185.xlsx,0.00023504784777011895
benign_sample_2998.xlsx,2.1606175272714182e-05
23b280242da6fb79f7c6f0d82ebc8fc5c45786965f54ee12f1ee450a1627795c.xlsx,0.9998578354140704
b030ca3d38c25f4216d32017fa7a5ac82bdc7f7f17ec9469ae334d489c47e4a5.xlsx,0.999999212999211
e5a1e7f51978b4e4dfcae60928b32d0d18510c90e43eb6464c47c5f738d21354.xls,0.9999889572253554
0ee5523cc3b15bb2e3fb772fdbf00295cdd116474c53a19cbb7146bcbf812901.xlsx,0.9999999612938351
benign_sample_2113.xlsx,1.80301727962228e-05
benign_sample_4539.xlsx,0.006906115703416459
benign_sample_3307.xlsx,0.000535926718002403
benign_sample_9015.xlsx,6.073982326079165e-05
ec29fd04ab1aa54267cadf791b3bb097b6351a52cc1a75c77e1760b82d251558.xls,0.9999889572253554
4d4c1673d335d4c15f3ea3ab166db6dd9dd760374b15149a4f72df89c468ed89.xlsx,0.9925481452698995
14ff34cf54be09c5aac54db1993bd864eca9bd446a65788cc76e41743063ef2f.xls,0.9979826425298528
benign_sample_2526.xlsx,1.7371674579388446e-05
benign_sample_4832.xlsx,5.397012033548255e-05
f531746143a411ef1dec761fff6d71454c2e57863ae25dfa272a0b62b35d8c08.xls,0.9966154607068151
benign_sample_2546.xlsx,0.030843002267059074
benign_sample_2132.xlsx,0.017540390940427034
benign_sample_5190.xlsx,0.00011334013604119927
8662d511c7f1bef3a6e4f6d72965760345b57ddf0de5d3e6eae4e610216a39c1.xlsx,0.9999999999992079
benign_sample_5074.xlsx,1.854534010284e-05
benign_sample_5698.xlsx,1.7674056605753912e-05
0d6c79a8f0658981ed91f5d28201aef0cb7a8dba2695931bc4de033ad29857dc.xls,0.9999889572253554
benign_sample_7758.xlsx,0.003852963958986234
f74964dbb9ba817e9acbccfc6c081eee34f21cb4d1942c7aafe8ecc867761917.xlsx,0.9971829097248018
9d55010635728395d5252f62e50df71ab65f416a0b568ceec3452941b08f1432.xlsx,0.9990236630275998
benign_sample_9475.xlsx,2.595217325697806e-05
81ab6b872508917c17945cb699b4e078ad0089891871afe305ab71071beff0a2.xls,0.9999867888695356
benign_sample_1097.xlsx,3.330089371251537e-05
benign_sample_3060.xlsx,0.00023255795930528426
benign_sample_1491.xlsx,0.0015937769833003115
benign_sample_35.xlsx,0.0025375259883541374
b731da0d7485fa348275ffb6e3b489a6f81e60a484eb01f2fb132414dee3d1b5.xls,0.9999862809450035
benign_sample_8051.xlsx,0.0001257760907683745
benign_sample_898.xlsx,0.0001597240117307229
8c6e2feebbea7ad168d26e13f09b6720b5622d0d775380d045db76eb0f61d559.xls,0.9999889572253554
benign_sample_1444.xlsx,0.04116541129977024
benign_sample_8508.xlsx,1.7392529540303736e-05
benign_sample_2878.xlsx,0.010672064008024553
benign_sample_6603.xlsx,2.459396201623108e-05
benign_sample_5220.xlsx,0.00029696358725891616
b28e4a6d89138b393ebc919951e03a088e664dda814f2a4aea0d9823699121c6.xls,0.9999889572253554
8c1e1ce83532b9122b75cac967a3edc8c01b22312c4dcd38aae305f81c791bc9.xlsx,0.9999998864134202
79982d6aa755d28ad95c9573a7a241361fa8d99d420f794cf1cd48a67deb6708.xlsx,0.9999999948510103
cd50cabf18d294284419e8ef3c012bf26293760204057e49a4fc4cdf3bdcdff0.xlsx,0.995933333836773
benign_sample_6155.xlsx,0.00022880616528201737
3f4b1c98cb91608ce0ef51a77efb1ba624e38ff17e01567f9d61747a5e49421d.xlsx,0.9637318129665132
d3e11d838a898080f84a7da7c3d592faf8367b1f89df02f39bea6e5f03b752f4.xls,0.9999987470040311
benign_sample_8245.xlsx,0.14814201961295637
a21c69f822fbbd5a2f69bd2898f1abfe4283f7107bfb73e3d90f0c735c82bd6d.xlsx,0.999999999734519
benign_sample_30.xlsx,0.00029748615189773226
benign_sample_2690.xlsx,1.5516297368490484e-05
b781f530f62c2d0826af87e36a376ea3469bcbbd15185387cca2280c3e2bcde1.xlsx,0.9234351224478908
benign_sample_4600.xlsx,2.1774862440526555e-05
d3994055588af94cdbd282bc718c122335104cc74dbebbc2eec6e33d94b5195b.xlsx,0.9999999991333591
benign_sample_4971.xlsx,0.0005528309643210018
3e09915692531b6fef124b9f7a8ec7c8536ba2979b7840dfe285a1bfa6ab61b3.xlsx,0.9999999957241017
benign_sample_5604.xlsx,2.1322375806293474e-05
f7a1ff7e1426b5d07acd02e17d67588eb4a3a62a42826dd8e0460fbf2a9be558.xls,0.9999889572253554
2d6bdacaaaf65af35dd2adcd7ef25e15b36c4bd3fac262a50488afccdaf8879f.xls,0.9999987369954297
5b91e87dcf313a7319c58f5c59270a49d38c297d323037e504ab3a87ba69836e.xlsx,0.9999999684204495
0a3eac7e8db6ece10ea81dd48bf7935cf3a79e2ab9b39b34d422d719b1622322.xlsx,0.9999999997814064
a0758caf802e6ba10afbb1f1836c1d2851696a10298cb9b06f7577283dbb0cec.xlsx,0.9999983200901063
benign_sample_4234.xlsx,1.8441280201787596e-05
benign_sample_9432.xlsx,0.001000607634110981
benign_sample_5132.xlsx,8.872376082598477e-05
benign_sample_3784.xlsx,0.003092656284045786
benign_sample_6656.xlsx,2.1921241427347e-05
benign_sample_5419.xlsx,9.429742134424169e-05
e71f5f5cef681b9db0a2903ac74246f03477189d09fcb6b7935ea9893567e96d.xls,0.9999889572253554
benign_sample_4627.xlsx,1.5505500396329568e-05
9c24d100e91e39ca2666e8bd5c486388b71a5265046682b105d9b32fefc43fb8.xlsx,0.9999968407518076
benign_sample_3762.xlsx,4.515120126229182e-05
benign_sample_5247.xlsx,1.88274379461467e-05
benign_sample_1280.xlsx,1.8138237766116344e-05
benign_sample_702.xlsx,1.9387658227157437e-05
2e2b036db855ca1aa7f805bee7b8e2ab7772e0706ba1d89ec888fc17e4315388.xlsx,0.9999999612938351
benign_sample_1676.xlsx,2.7976657762978458e-05
4e9fedadc38eb404aa35cc611c087facea072311a2a72074607337f5267a5c03.xls,0.9999889572253554
benign_sample_1561.xlsx,6.539381612819175e-05
benign_sample_9057.xlsx,8.732680717615127e-05
benign_sample_3516.xlsx,1.60778411416856e-05
benign_sample_3875.xlsx,2.1521636713060744e-05
e07d305dbdb50a865e3b823edb55b0d00166528b9ea4edb62e61c7ac29af9559.xlsx,0.9999999670849972
benign_sample_1531.xlsx,0.0003198701815282788
306433cdeddadf922a7849ab12431fbdb1f1f7f23dc4de1c2e378dcf9a05ca8a.xlsx,0.9852844862647824
a4486fffef0a8a89323d6721b869f0a8756ed355fdc8e26e92996454b1a9b4f1.xls,0.957970976727932
7dbb9b890c02f7d06301cf620ece750535ff3193d1235aff50e87e509c4ed085.xls,0.998806071406228
20de13d2ac1e26769986fdee712bcb7c531469798bd776083c7fde5058a7796b.xlsx,0.9971806652568594
aff043bed5747149524ee06059ef647e57a4fc9e585bc3d94195bc8ea92c9d5e.xlsx,0.9999998754089404
359e7a1f01c94fa4fff6d1304a8ba77a8404727f244e1d91fe8f1087a7ac6154.xlsx,0.9999931239030139
benign_sample_7700.xlsx,5.739328810841474e-05
6b6c39bc62c3a13cd1d83aff6aa3e50c3151dce3ae5662fe5aa58404593b2dbd.xlsx,0.9999980443330317
c05e38425cea29244a81d78fe50afe757564eab433436af1c32ea7ae6af4cbf1.xlsx,0.9999999999999997
16f315204a22137e20452351e58758ec14fbdfeca6825c12e6c1913f20eae175.xlsx,0.9833130083145561
benign_sample_6013.xlsx,1.854764517207425e-05
2757573fbacb803b2ae00feac6c8fd73de1571d6405e450bb11b3b732fd9bcb2.xlsx,0.9925481452698995
9ecd852d78d7e9b94fd6e175460f8303a338dd0439783423a745981311fe0f7b.xls,0.9999889572253554
benign_sample_6125.xlsx,1.8590516765533644e-05
73b4951795f0904de982964a298187d6222d4bbae3ca9626333c0cd8a0477da4.xlsx,0.9999999903127575
benign_sample_4252.xlsx,6.526119800866548e-05
baf0b37334d3db6830e714849d79a28e0cdc24109512a16b7303a65ec88e16d8.xlsx,0.999990958241642
benign_sample_4558.xlsx,0.000966442731540937
benign_sample_7423.xlsx,2.1213271615656373e-05
1893f66a39f3b146b47d21d1b45974cf102764cf59e18cfca63d86a0e45b5f58.xls,0.9999889572253554
benign_sample_8678.xlsx,0.020344839573498724
benign_sample_330.xlsx,0.018282715799304784
benign_sample_4327.xlsx,0.00011099983754286851
benign_sample_2070.xlsx,1.7425922546663015e-05
0d89ab0b02d0fc989175bbecf32cd39f889c03d02e8542ddc6ca8417e9dd6ab6.xlsx,0.9987624706218666
2ebfcdc2395b2914cfff7b11c27097f82098a04f822b859489bfe6735922b48a.xlsx,0.9999813019228455
benign_sample_2633.xlsx,2.0941355331322e-05
benign_sample_153.xlsx,1.604438145844497e-05
ebc69aded3362d7de668370defe38b2295d26192ff5d2448112d6bf6daf7f5eb.xlsx,0.9999998581056806
benign_sample_7616.xlsx,0.00011344969667942222
92bdcffbf60bb935c2e738399b823219355c757ad66d8259547838fcd2b2f091.xls,0.9999889572253554
fe8be159a91c9378a014f9c647583d9259b3626adce4222ba434d0256859c3e5.xls,0.9999863895520815
7dbe5f108b59263c9036f16b472ba3c224e12b8fa49343fec15ac4a4066f0622.xlsx,1.0
8f1921dfc54861f82e620163d75f2c18349131954a76a145138cf2f41f498677.xlsx,1.0
daa2046c70e2b1d38e5acfba4c0896d4bcba5207279fdeedaf2c03cddbf65e63.xlsx,0.8368134070476696
b332f46aee4d11ad37cbbcc23bbbff39655b2e5d382a447f2ba4d472026dc3e3.xlsx,0.9999996437370403
benign_sample_9646.xlsx,0.0001489282463280113
benign_sample_4609.xlsx,2.3687948064508496e-05
5f2adacaf4ecb00ed24dd9dfe355307d0d6e786e40c945ad4c6d1ae3a4835d2a.xls,0.998324738992353
benign_sample_7144.xlsx,2.0008556210579983e-05
benign_sample_4282.xlsx,0.0024897573172370092
45be1f2c7f3296c1c7ec087662bae3ee76b2faa58aae80e94642e2c33a631d59.xlsx,0.9999999739714127
2b9a763f83c44c1f4f92409d267612c9887c823928dd1ae1c8b586ba7400d284.xlsx,0.9999999670849972
3f176a8ab1161e3ad00e2f301b33f7f8c1ed8cacd00c9b9d2349af78f05fd480.xls,0.9999865960174247
1b07cb00b2a9790fd3d3dbc858112dc7308a0fa920fbc8a8ba019af5ea216752.xlsx,0.9609863759542394
benign_sample_760.xlsx,3.502040318843327e-05
benign_sample_9889.xlsx,0.0020109463325192227
benign_sample_3190.xlsx,0.0062904737772114215
benign_sample_6455.xlsx,0.0033143177243698807
benign_sample_6613.xlsx,0.0002151674804982554
benign_sample_6751.xlsx,1.6899276907766508e-05
benign_sample_4894.xlsx,1.7620163625923622e-05
benign_sample_4122.xlsx,1.598779110163419e-05
dbb9b1dff45c110189b9a553a73457e2143173cfa0ae82ffa176d490b2c33212.xlsx,0.9998029947822431
benign_sample_7314.xlsx,2.6222562322898038e-05
f4c069483020229cfa70c27a3279bff765d25fea67a43842629f843b989919ac.xls,0.9999889572253554
a0800194c48ddc7822969d613d7795cc01ac32ec5f74d74c29327724df1b9a5b.xls,0.9999865960174247
benign_sample_5291.xlsx,8.393389487310541e-05
benign_sample_3743.xlsx,0.00016453359009321433
287afde940cb8c859c196eee2026e004d4465853a0bce33cd70a231588a3045d.xlsx,0.9999985070100385
570f8dc4af9cfab054e5aff5204ebcf5edabc0d161694374086a55246942fb69.xlsx,0.9999985068050279
benign_sample_440.xlsx,2.8194108333315678e-05
33c78650034c56609dd9793e9b1a136e6469414543657ddd6de83d079f4ebb21.xlsx,0.9999999998795316
benign_sample_247.xlsx,0.0002993199892149996
benign_sample_772.xlsx,0.0017465795978254828
benign_sample_6775.xlsx,0.0014674965247504755
e39b41725985837433b8817f8aef1f3283a76aac4c3ff261acc345d4c4753754.xlsx,0.9999999998795316
benign_sample_7508.xlsx,2.643466197578355e-05
1629f5bbc5fc8feeb42e5b47b7a99edf70474248890ca128112ee51e82add087.xlsx,0.9999999557574122
benign_sample_4216.xlsx,0.0007605612028146834
benign_sample_5050.xlsx,0.005883098724880039
b08a3ab40a2c024f138f3309c100fb3f347041597ae037621d14e778fd7bb9ed.xlsx,0.995933333836773
d4b5829c4a9a66b9ef07c36f66d6c668e1ce95751661108551433dc9e014d0c7.xls,0.9552902904048605
e315f258fc6f61eac1d999a296c1ec1a2368eea7fd23142ba6a8b25c07bb6ff7.xlsx,0.9999999997814064
benign_sample_8438.xlsx,3.280063590765668e-05
benign_sample_3144.xlsx,3.7687510658990286e-05
5251106a31a670ee8cdec264cd2428c4dec9dadd04e4e4dba9c0336d5cc3182c.xlsx,0.9999954461216259
b85c130c182489e79e2bbdf5c19e36874bfc05d96076c96ceda8905a197b20d1.xlsx,0.9996467573923106
benign_sample_4491.xlsx,2.0080486505995375e-05
benign_sample_1320.xlsx,0.025661933443203205
benign_sample_7618.xlsx,0.00014067013336169847
benign_sample_5932.xlsx,2.601658779690778e-05
b8b509a03643e795ab01342047385d9780efda93fc0ba6875976caeec5a43843.xlsx,1.0
de5fb751230c4f48c793ca5282723ca1755626bd738c8d5eea1ac9a32862e969.xlsx,0.9999999998795316
benign_sample_9344.xlsx,0.0002020981541338966
3d4fa36cddb9240c4a2174dd56101aeaf4b9ac83e4ee45bbc4bd17084da67846.xlsx,0.9998946218678086
e7f9dec0e7a84ab4f0f760c1e5eed3adcbf1a711ec8d7c140cf8f9328f0b43f8.xlsx,0.9999992072268977
cf4a85e173a9339371786bb6fa161932eb55b9e80282eb14225a3c3f15523a57.xlsx,0.9999995510569942
c0fb3410e2ddca4fff784a5aa09f4bc22d46db70a23f934ed69c42c8b98c9d36.xlsx,0.9999994619956247
9227550261fcd4b7c5e3928be2a2302763e0b820680df3256051c4c40fc308c2.xlsx,0.9999987390639166
2311ab6b236096b679079a7b0fa68c0b683ceaee1fee85bbb2d1dfb43f795c69.xlsx,0.9999814612772667
benign_sample_9343.xlsx,1.6423813438643726e-05
36ddef878f541cf2477defbaacc04b5459ccef1311c752d594799ed768f7e95c.xlsx,0.9998058014491357
benign_sample_7294.xlsx,4.8944186391113675e-05
benign_sample_7374.xlsx,0.00019820716837296352
bb5aa5f69c140e94ad6fe5c29aff11e7ff636d842b054d3613cd1139f8e8a07f.xls,0.9999867888695356
benign_sample_7422.xlsx,0.07805581285025538
benign_sample_2028.xlsx,6.377486421205025e-05
63e4cdf4dbff4d0a5a89d16e80f7f347e8f5392e2ac48f69f5fc16805b967f89.xlsx,0.9993580903254924
0af018134aac4979155a083024513ca7578a80b9c515015c1c27c8781c3dec78.xls,0.995933333836773
6a612c364e02c35bcf1ebd4c04d6b4f5a9d39bc6a52fe40ae423fdcac667646b.xlsx,1.0
benign_sample_436.xlsx,4.009207268870774e-05
add8ef4bd86d8261ea6ddfba549ad729632d59bddc92b08d4e926b5e05c820d0.xlsx,0.9999998864581943
f1c8131edd3c5a30be572c52d2e4c15e07968bebad0ee05c49eee8374b89fe5a.xlsx,1.0
benign_sample_56.xlsx,2.6015442013351204e-05
3b6fc39703a79a9991441e84fcfbd50b01bfe88e2b00acff262f02e76515b2b6.xls,0.9999889572253554
benign_sample_586.xlsx,4.4705969128878974e-05
benign_sample_99.xlsx,0.00010014914804272312
5d678f4e868ba941bdac1210520972363391545d2e689a55986d9a2689b831f1.xlsx,0.9997087166893834
2289c3090494503037607e82a89748d06dae3bc85be888f2415bfc2ef33ed418.xlsx,0.9999954664885475
ca91573b090052265f07edc1345213700591e1d7e4a8efca88749d19f5379ad9.xls,0.9999889572253554
benign_sample_9845.xlsx,2.5990676222928947e-05
8acca101ec3d9d2ea419e9c2bed4719dcd18a9b452be1397fce658b43cb868a0.xls,0.999986262081397
benign_sample_6163.xlsx,1.7860927775429977e-05
252fc60abe6b767a2c7c10591356ba1212ec076910f8d8ae5cd9a0cd9134b01d.xlsx,0.999999964451359
7205488fe5a1d3d05f0734af8b156d5c1603e9334b407845eb5545950e7b9acc.xlsx,0.9566148520086086
ac0c7c34acc173ea6f4c140c7945feb1cedc2f8b87d318ab39ce6867459ea64d.xlsx,0.9999999684204495
benign_sample_5638.xlsx,0.01766094954757254
ca50cf18bdca3de3be48e5229590cf356e5e3f29361733b475fc15719d72d7f0.xlsx,0.997255305729725
cd543ef93a3e41344a8749c39583dec43a3c9553c24c885f6ef0ea486fb02935.xls,0.9999859793953737
c78fd33cb3660d1d6b208d6c2702cdd122f226f662917445507530b63816e228.xlsx,0.9999999684204495
411a4587bc2cde60c95a72cdbbba4d283bd8ce4edc8b479c690ad2f10eea1269.xlsx,0.9725976927322462
603737048e524f8736477fafa40a76b02a7fce426a474aaa48b1d08c870949bc.xlsx,0.9999990073790904
benign_sample_4927.xlsx,1.8004143572844222e-05
benign_sample_7904.xlsx,0.000255210077491628
3c8d855aa728cb57d1c99d1e8c1002bcc0461be793ba065d0ba6d95b4d847007.xlsx,0.9996933500293735
benign_sample_751.xlsx,9.194952730282175e-05
667dfa7e1fe48ee9cd5a01d164e7eb863c1e5230cfbd89b971ded00f13dbb5fb.xls,0.9999867906727102
benign_sample_9615.xlsx,3.350574047794384e-05
c943a745501248873ea7efa9a9b6cab603adeaaa596353c9428d5553a211673d.xlsx,0.9996467573923106
benign_sample_5620.xlsx,0.012812055013967288
f00f12b0776159a5d6d2b203a7ebf90351c9bd9cfef2b549c95bdf401453387a.xlsx,0.9999965648702478
benign_sample_717.xlsx,1.941094650934756e-05
b2f17ce000bc5ad9857dcd9129cabdf46f30b44b5c73dc3c64d4e5d84afd7e0a.xls,0.9999852658070583
264d07b87e63275b70b60deb53a00314edebcc29520e4dc6802f439b7ff4f78c.xlsx,0.9999999999999997
5b1dc4293f5f84ff455e8a82887a7d7bc346b2daf1124a7b129eb176097cace9.xls,0.9999889572253554
benign_sample_7432.xlsx,0.009227316094896484
benign_sample_8995.xlsx,2.0011204875242522e-05
benign_sample_1440.xlsx,2.1636587838527005e-05
benign_sample_8413.xlsx,2.8626194722140305e-05
benign_sample_2142.xlsx,1.5808084123123054e-05
benign_sample_6235.xlsx,9.580004672841817e-05
benign_sample_2302.xlsx,0.00017237363002649614
benign_sample_9440.xlsx,1.727969728223015e-05
d9108215964942b2b87532c63e437a81ba96c5fecf3f4015398f9a8c5be330a9.xlsx,0.9992587681174966
96a40d1cf73cca169ce741b21ba1b1855a445896f1c67ff5ddf8ac04b126eb1d.xlsx,0.9999999974184032
benign_sample_1574.xlsx,4.588884184995105e-05
benign_sample_4416.xlsx,1.751376845194156e-05
benign_sample_2648.xlsx,0.00013292868091983824
fd0dfb80a1cb4bbdef0cf9b9a2503563ed8679d88a305b246dce39b58a105bf7.xlsx,0.9999999875150095
799fa6358600cfc498218a652589d698b81db5c08cee9ba16e8d3c63c58234a9.xls,0.9999889572253554
benign_sample_4883.xlsx,1.9065258964186566e-05
cf67b0133d31a28955c5a81f240f7957a2c55ec46bc7c088364678817f8c8b6c.xls,0.9999867888695356
benign_sample_2231.xlsx,8.985821173245406e-05
benign_sample_8466.xlsx,0.0003404369762158644
81d869726da8ab087a29749acc2228a71aa66196adfeb5777a641ea7398ff9f1.xls,0.9999889572253554
e50dbee647fd35567ff72a72ced4792026cb86593fe77aa9b8342f63d19c28aa.xlsx,0.9999999941338403
benign_sample_6641.xlsx,0.0006967912482546023
59cd9dc7a9c2bc5f4d00c69e28c55d6622f8792fe87b016549c30e76736e3b58.xlsx,0.9817254344063082
f8054707f3337ad42a9e01eecdec0386b974b596f7a18b86b062e6d5dfdaf5a1.xlsx,0.9999992135516785
benign_sample_1683.xlsx,3.209756779455873e-05
8086babb441663fad3a8fc54be32b20d58c355d73daca750cf1810c76d3391e9.xlsx,0.9999908826584963
benign_sample_2208.xlsx,3.844962052094613e-05
benign_sample_8826.xlsx,2.569687711513217e-05
benign_sample_9234.xlsx,1.786608354216499e-05
benign_sample_5060.xlsx,0.012431695452459231
benign_sample_5386.xlsx,0.0008397400231571385
benign_sample_6463.xlsx,1.7211683574856027e-05
28cb512f86e46efdff2d6ea88e4c1e41d7c83c32d39b58b808985759742ce825.xlsx,0.9999970244063818
benign_sample_6628.xlsx,1.7942476196679025e-05
bb45921c3b6f9a9477d60a0b8aa50a92bbd43addc68a6817c3f394b9de029702.xlsx,0.9996467573923106
benign_sample_4002.xlsx,1.683403009230516e-05
benign_sample_3650.xlsx,2.0627687191936385e-05
benign_sample_523.xlsx,1.4352045077913084e-05
benign_sample_2898.xlsx,9.440422971260081e-05
benign_sample_408.xlsx,0.09671158145816243
benign_sample_3588.xlsx,1.8301401132484267e-05
benign_sample_569.xlsx,3.2419084385477144e-05
benign_sample_7762.xlsx,0.0003860270653549378
2271e2b3b1217be3778b5d997a3d1d1c7dbe9b3128331022968098f30ab245ef.xlsx,0.9999816004894159
benign_sample_4160.xlsx,1.540873306292958e-05
09c023889b10883bae3722e68bd9d758852776ef02ae1add485a1e47263dee88.xls,0.9436225435500608
benign_sample_5067.xlsx,6.746417054205902e-05
benign_sample_564.xlsx,2.147435465647418e-05
d5bac99722ad9a33e97b7c377e4c3f46a4f20bc03c35b3016bd69183f2748d42.xls,0.9034166747121657
b95fa8f8b8ae3007e8c95e643d1ae4c4a476d30d7f01fdab4c26f9119776439a.xls,0.9977364992378011
28c22a4c197465f2fb31e98e8e6ef80634c70761109410be85f6f8d3bbfc3046.xls,0.9999889572253554
5f0b14d31b73c780b820082c1cef9c3d2918903975ec25a4dabec5a4c0b08e10.xlsx,0.9999803503151593
benign_sample_7841.xlsx,0.0007711505438607338
6471e5c508de673272f2895b3b297ab047625ba0101a69b32bc7f8f989b04f99.xlsx,0.9999999670849972
e5cd54a8fc5009f370cb8bd78376a07dae3247fdbe9fe5aae71f8d18d429bc0f.xlsx,0.9999999612938351
1e8fa99d7c24879642321d4a1bd49d04ce9a5f83064b40ede8507324ed6115b1.xlsx,0.9999999941338403
benign_sample_7194.xlsx,1.637391223646656e-05
216cd080a5bc3191e3237c0a7fa6f7a712c8a840653b860ad0b037e65875c784.xlsx,0.9999999999999997
73ade1b2d0a5eca1fe162d951a76af2ee8296c7244f5349b2a9861118fba1a4b.xlsx,0.9925481452698995
benign_sample_7929.xlsx,3.7784211053611385e-05
benign_sample_177.xlsx,0.08235158701901571
benign_sample_8725.xlsx,1.8762484713991435e-05
ab871a2d379a288029a1522c8349fca68d7cc42565fb61056a8bc89ef9d30748.xls,0.9999863895520815
e2acee92bcd23566a27663541dcf199212ba2489d333bb7f231a950a68dbc122.xlsx,0.9999998867096179
0f7733066d2857280a04dbe1d6780d51d49894c7576632be019c7b7b54318028.xlsx,0.9999998741492986
benign_sample_4617.xlsx,9.399824523675303e-05
benign_sample_9532.xlsx,0.0004220437174691074
benign_sample_8924.xlsx,0.2573955390461089
90c68041ea2e1e9b44724b9e68a58b8490996a52a5c2eda58d2eef0247b37283.xlsx,0.9999999547404995
57aba8538fbcc27feb78e86955c96ed35c81bf318cbac50cff07ff9ade62d1b9.xlsx,0.9992347029597574
b1f531a6068c5e411968dd2325f6a4a9d5bac16abb6567c0d8564a1bb4e906ae.xlsx,0.9999999557574122
benign_sample_4407.xlsx,1.9452125956630955e-05
26a60aef4db2a72362ce7568501210415bca21b781acd6633dc6b8a25d3a6880.xls,0.9999846919423708
c5f56fa320f363b23fb9275ffa1a9aa8f9941adc13b72f7bd4a4ff91d87368c1.xlsx,0.9598570337981313
79cdeb6744eac6831c6c17f409d8db7fa3de170fad691c1ed5eeb4a83b1a06b8.xlsx,0.9999999957241017
37f3f17cdb6564edc9fcc276a9db930235744cdd21f9ac47d4b733d3ffe9f597.xls,0.9999859793953737
7cbeaf3b8776371352d87e327edb9e47ebe02874bc4b61bbd2685d66eed5b983.xlsx,0.9999999684204495
5cc35468e2cc8548750f7153cc247f7aa84b82d38f60bc8b0b423bf7ddb6ec93.xls,0.9999998860629885
benign_sample_6400.xlsx,0.00012116326988245534
bf8273aa68c8c0cb2365fb9f72ad3dd22a08fe12ed276d72e8eb16b5752a8426.xlsx,0.9999431819714034
c528e4e79822ef50b865a92de20a1aad0cf7c1dec7b6662a07efb6665a3996cf.xls,0.9521262922031394
benign_sample_709.xlsx,2.3138524992217238e-05
benign_sample_2149.xlsx,1.8330145404714347e-05
1b50970fff6c2764883447a04df7c544c9b7558ca36894580a43739bda088712.xlsx,0.9999973297648531
benign_sample_516.xlsx,0.0002652843384997675
benign_sample_3494.xlsx,0.08420865568872339
1a0a6162e318c913f890229338ef1b596c69d44014fddd800623a2fbf202b3a0.xlsx,0.995933333836773
c730840e02c85abf02e0e8a5e74507ff8ff0c674b16ef32601d7662d8c5aed26.xls,0.9991933766854103
benign_sample_3633.xlsx,0.005002585895660491
301f25459a021906ee19dc6ca53d39d4eba05b44d8af2be3a44f1982cfb8f2ef.xlsx,0.9999999684204495
d3df7eb49e9377c41fcf6598e0938b5ac5e816df155344c5fe3ac37c9f3297b2.xlsx,0.9999817279740529
c2cb81db208398e070c47e7d03e76709142dec85ddaa985883536283a0acbb14.xlsx,0.9999999389401154
6b8c52a0b2922d0671e5138938b7a9cc0b79a2c735dc2e4f482e01285ac473a8.xlsx,1.0
benign_sample_8370.xlsx,4.507904906664377e-05
benign_sample_5625.xlsx,0.0012823800532111111
benign_sample_3612.xlsx,0.11213339486207669
87958cbf6b652042e2f118a44461d74f490a93295fb03b2d44ef9c3a48a4d7c8.xlsx,0.9999999949164368
benign_sample_9083.xlsx,3.1885089916297265e-05
3c200454f4dde8b6ddfbd3e5a08e7f8e28e7268da1653b4ea06d21c2437dfc2f.xlsx,0.9999998864134202
benign_sample_4696.xlsx,2.1088295675223558e-05
benign_sample_1141.xlsx,1.7358776749105742e-05
benign_sample_2108.xlsx,0.1099456284680191
555d5d82bd596542d88df00a74344d09915620f018f49ee0fe13d889717995f7.xlsx,0.9999999999999997
a3c6fbfde489c86a064836855dec64603cbb6cb7bed288797ba926dc900c94e9.xlsx,0.9999997736090656
7f29edef3cbbbcd086fcb3dc381c2892a454210546b19d1793a2f2d5e07e58cb.xlsx,0.995933333836773
benign_sample_5480.xlsx,0.00026419543257311904
benign_sample_7188.xlsx,1.6469705256778837e-05
610e8948eb35e974dec10240588c10a5e9d338fc06b82f0330bbb71dcf50c636.xls,0.9999889572253554
bb0a25d73200c63236a333f5ecf388e32132787aa84a0f8e4e1efbd5f697961e.xlsx,0.9999999557574122
66e55560e88424ff7b4c7f3400d62b4f10094b340e4dd8fd979d951d04153eef.xlsx,0.999999210746207
benign_sample_3882.xlsx,2.4107103706613204e-05
benign_sample_7006.xlsx,0.00010368334519541975
benign_sample_3107.xlsx,7.14198333284411e-05
benign_sample_6636.xlsx,1.6444094081424346e-05
7550a2a99fe2768446351c653515cda693fc4978cdb437177efcc2133117efbc.xlsx,0.9540010420589221
benign_sample_3202.xlsx,0.000317005092665473
4c72bc9b3784c8762c856da7d1d048e90ae566e60eb81edf6d200e5691952e9d.xlsx,0.9999975863921774
7b9af26405d846131102222a04d5f46777a50ee63f4f5adbba9426e6df6c4f39.xlsx,0.9999612727538648
benign_sample_7474.xlsx,1.831312265468749e-05
benign_sample_3403.xlsx,6.880290888899102e-05
d49e9025b35f9a342a86473f059bec35c9c22d4f41619d3e80cc151e78ed1514.xlsx,0.995933333836773
f5eb5f6c935b26850406e76c23d84f4ac08b22afac0d78f68bb600147261dfe4.xlsx,0.9999999351979257
benign_sample_1422.xlsx,0.0027290478508542725
453ff69dc53a590b5a1ca52e104a9c70056d719d4e4be3c148ae3187bf612e40.xls,0.9999852181543748
benign_sample_1403.xlsx,9.290481263623682e-05
benign_sample_3296.xlsx,1.7262440026514288e-05
benign_sample_1496.xlsx,0.007468784313660607
a21060a2f46c6ce5a8e144d3fd9509e15933eec2a80b7f5189a2ca1d371a32fa.xlsx,0.999999964451359
benign_sample_4014.xlsx,1.885632951092465e-05
benign_sample_8100.xlsx,1.5556491819310343e-05
6ec0c271828aea7de5c752cda05d0b1401067f76ef5c10ff2a137d98cd68c99b.xlsx,0.9999573685808913
7558e1dc6cb0e31e0e453934a9e0ef452755ef2f1f795119f835f09c2a43aa79.xls,0.9999863895520815
7ec5a98c363bf1720c773e9c3be2689be5553effa3db500c088eb0d4c141003f.xlsx,0.9654627319949941
benign_sample_9662.xlsx,2.800523953055652e-05
cdabd783d6f9be74491879f3bbc53e76d8098b8b496571ca1a477951eac317a0.xlsx,0.9999954410403507
benign_sample_9913.xlsx,1.6209407145772354e-05
69d775f516e8ab748f30d0db2312619993a7fd0e26ac50645ac5335a9f2fc811.xls,0.9999889572253554
benign_sample_8670.xlsx,0.0029061908207346013
f562ac7ac0126056307b7c3969e25bf95fdf3e69bc4a3c67d25eeb645c117875.xlsx,0.9999998754089404
benign_sample_8914.xlsx,0.08496568667794473
benign_sample_2558.xlsx,2.2645255449980343e-05
benign_sample_9735.xlsx,1.7685749026125203e-05
ed81cbc7416713f6dc392325080a11eea6f19735ad6cb109a606f8b12fb6c4f8.xlsx,0.999999964451359
benign_sample_6375.xlsx,2.737041286853412e-05
benign_sample_1226.xlsx,1.7666086755767063e-05
d4800340fbd1803a42df8ac5b06b47b8d2cafa64738f02282fe4b32e97fa872b.xlsx,1.0
fb89049e87a3eb7f9f32f297d8adb8838f29d7e5be67aecb01a8dff5817ad53c.xlsx,0.9999999437791599
benign_sample_8971.xlsx,0.012505220793714474
bde7fcc222e5d5069667638e95d12cf18aeabeebe103ff19fc4c1fa9d8cb6456.xlsx,0.99999545550267
benign_sample_8908.xlsx,3.132289512514626e-05
benign_sample_2766.xlsx,2.1500270647341894e-05
benign_sample_648.xlsx,1.7911373092059775e-05
b3f0203e3b17a572d91ceafb82544df38fdae53e9633abd1bff7d242868b6fe2.xlsx,0.9999999957241017
benign_sample_7393.xlsx,1.7372959413614756e-05
benign_sample_7036.xlsx,4.341665242819601e-05
benign_sample_7556.xlsx,1.741884125329894e-05
benign_sample_3870.xlsx,5.80811952319797e-05
benign_sample_5408.xlsx,0.00012055225405502834
benign_sample_4755.xlsx,2.8219618782444577e-05
56112dffd7905d004ceadf7cbfd4f37f6d335e541cacf04836cd11f340a6521f.xlsx,0.9733736280762552
benign_sample_7387.xlsx,3.0112290760805612e-05
benign_sample_5333.xlsx,2.1641290945904564e-05
benign_sample_6760.xlsx,8.445196020286047e-05
aa02dda4636bca0bad99e6d1e7a6d7d8c56476eb15c566bc9eb2fa7eb5cd8e6e.xlsx,0.9999999697120597
benign_sample_116.xlsx,2.8458880888137987e-05
benign_sample_2547.xlsx,4.497131324909724e-05
5b0edd0a4ba6f55dc9e1d5f47c91028579996ff2b0d51d89065c9a5cc13feeb6.xlsx,0.9841401001188563
benign_sample_8414.xlsx,2.2989773196031824e-05
benign_sample_7658.xlsx,1.6343010760638734e-05
benign_sample_332.xlsx,0.00014322622394352834
benign_sample_3698.xlsx,3.038325426859206e-05
9fce71a05d5b62be31725d2f839bedc096d9aa9f485d815635df3583e2c593e5.xlsx,0.9798282309921014
0feba7d2b105562c56a73e4851d330417368ac2e1fa10c53d8d3e30db26693a3.xlsx,0.9999999941338403
benign_sample_4190.xlsx,2.0384087548111555e-05
benign_sample_2400.xlsx,0.001209184757210803
benign_sample_7490.xlsx,2.114044447935815e-05
141144b15a12066d0ffec53f22d120de4d50a6ddea8f4dde48dff0bc0a45c36e.xlsx,0.995933333836773
benign_sample_4959.xlsx,3.771906647220527e-05
04d307d2ec17b5db9467d903702f191d67321920b6d228f726d80abdbd558a3f.xlsx,0.9999999739714127
benign_sample_8703.xlsx,0.0012611820922580502
1e1c7a283b2376e501cc355d00195706d486c37b467f76b6cf0585a24ae28dce.xlsx,0.9999996494319164
benign_sample_850.xlsx,1.607966376826689e-05
0952e2ac98dd694f439554561c75840b1f3e28696f9539a2d737eaa98bb8e9b1.xls,0.9999889572253554
benign_sample_3151.xlsx,0.0007414538213925535
6478527a0058720f5ba262ab82dc7cef0a44d53ff4f37b14d57f2efdec3a809f.xls,0.9999889572253554
benign_sample_94.xlsx,5.740260385456837e-05
benign_sample_7852.xlsx,2.187255959459559e-05
benign_sample_9649.xlsx,8.173884510939126e-05
benign_sample_1523.xlsx,0.0005159939775998536
9307a1297f923f4db2f44dacdb6f2412f99168195a216254105789fab3b17eb8.xls,0.9999889572253554
5bbe0185da6ddd4d5adb7d9ee3df081dc3bce61139e0a601cad50f4137584621.xlsx,0.9999878340739778
benign_sample_4137.xlsx,2.0311982687995686e-05
benign_sample_8401.xlsx,1.5193013809937692e-05
benign_sample_4561.xlsx,2.058856381136947e-05
benign_sample_8744.xlsx,1.8002314892958888e-05
benign_sample_3817.xlsx,2.1723415518448525e-05
34e69271ea6e426710a2b762710b496cef1ffdcce7ff11072efffdd5a58b9d1b.xlsx,0.9999825766907203
7867c49a01d1071e7f1e931b0d71176908cc1f325c23edb7da2832bef889dcad.xlsx,0.9925481452698995
benign_sample_6815.xlsx,2.310286645431454e-05
7304891d271bf4a6491211e92443c58473070098e9afa6432e252bca69a59c0f.xlsx,0.9999831246946421
05aa16d03a72d30c1f53bf75f856f105589688d03b3118d711519ce877e4a2e6.xls,0.9999889572253554
benign_sample_9690.xlsx,0.004117610144000451
benign_sample_2718.xlsx,0.1302512316560477
benign_sample_7212.xlsx,1.571823471311702e-05
13c9658c9e1403e3830e25f9e9a74f6d757d7a2e77a95b82ae62fb9ddce465a0.xlsx,0.9983133300378276
benign_sample_3345.xlsx,2.0769356079913213e-05
d1c7d0e7980b60b38a05af5fe3db1575747bffa67c818a12f152801b3c5f5d9c.xls,0.9999889572253554
f431929ac6133e2a375488531a9e3f7452c657587ea5ccbd25a5980ac098eaac.xlsx,1.0
943924e25a7a7316cd4fd1d7ccd3fceeb227f709b82ca03147a5d25e5cc14b2c.xlsx,0.9999987398598442
8296e9d0b1d2a34ae0ac67a2f7453aba52d58e9fd9b255640021cf0e2ba83b60.xlsx,0.9999999605520123
cfcb59c4535000c3211d9b07d748175964d0148d433b7210f4a114080617dc7c.xlsx,0.9999999936475487
075555eed989c91cc21d672593523a35a2d2f1b235a2d61289277e1c0a4d1bd4.xlsx,0.9999902037723604
5327c5a2ad6e34f58c756086192c0849db7b0740ef83f81ae40629452e4ffb2b.xls,0.9999860233211023
benign_sample_2199.xlsx,7.093677656150436e-05
1a971e5dd08b0e4a13c831fa71facc9561b1c3a18d8a9c7ca0f0f5ad71e157a8.xlsx,0.995933333836773
1286a0a4dffb1189beea594d22e2db83e9c19ba7fbea7b89184d0a1c8bc0be5d.xlsx,0.9999825766907203
e27d991d6de2626dcd97360139e675d1d44bf4144a7e43b94c53fb65bca7ba92.xlsx,1.0
benign_sample_3691.xlsx,0.00017436639962360655
321e113899cfa2bf884852c905e8797923f9c851f334fec2115baf3784b3a35d.xlsx,0.995933333836773
benign_sample_9684.xlsx,3.075968691658461e-05
5cb64ae82176ac0bab33d276e9ad6f29dd5c59d41d0abeaa0a4b3bb411442f01.xlsx,0.9999825766907203
benign_sample_6293.xlsx,2.319250005212375e-05
4220a03998392e01ed5df37803ca21c7a6466cec21ecb20d4613cc310744a54c.xlsx,0.9925481452698995
9a94aaa41f8ebd8eb9729b288065278fc6be1836c16c0bcec6e5425db9562dfe.xlsx,0.9999999957241017
benign_sample_2164.xlsx,1.7425283307977786e-05
9e78d6dc74b334eb5028dc17bee0a1a27fe2636eeefce10ba2adc3244ac9de2b.xlsx,0.9999999875150095
9e14c805451ef7ea95acb39ab8b3788db2ddd59609aae6c653a7f7137753c3af.xlsx,0.9996787356778439
346242fea0b852f0714e5c292a8917ef53d6607cdba626d60c37b251b5857963.xlsx,0.999999007809115
benign_sample_7.xlsx,9.99534343716948e-05
benign_sample_6989.xlsx,0.00013716914708344574
0e620b9c0c268d3acda918f15c84c61e06636e2f170ac241a256977a4c44123b.xlsx,0.9996794363155347
17c4fe0bc4278921c06c7bdb802cd84194bbafdc0a59065b1e3c5fbedbcef3b1.xls,0.9999863895520815
52b330f16d858c74fef8c1b1917d8db589fc58965d076ec8ed31d9592f534b88.xlsx,0.999942859067894
04bd1d2d1969099e78c029c8874df9cabe801614d881a94c3d4d40fc294ce2d5.xls,0.9999987437515733
bc2ef8c073a24c1270fb5ddd8b60af8e8cbd39ebe50bdddcb0998fbe7553ade5.xlsx,0.9999909095554562
719e71c9270b1578c42e21595c7255015c5fbbd72106cdc2dbb8d78a52a6823d.xls,0.9999889572253554
benign_sample_530.xlsx,3.4029378911088794e-05
aff6ac79c0a47f6a6e7e43e0adb06dacc0c840a0329cef7a8b9d8ed8fabdd818.xlsx,0.9937117759469162
13b66f2f58dc6bfd9c1608139e06ba92ef91fbc877dcb8cdf6280af265fb73f8.xlsx,0.9999954334819786
cba62fb0af8846a15a7f37f53a76e48366e96694eed0100c96491f175a4f277a.xlsx,0.9999999670849972
82226865e69adff84d53d22ccb55d87ee51873036c27753154cff6d1829e2104.xlsx,0.99999961517194
benign_sample_3092.xlsx,5.186891781845863e-05
benign_sample_9161.xlsx,1.602683500383308e-05
03a8d024c822cc8712ee92992a059f5ca6e09b4e087b3444c0474f0c34c3b7cc.xls,0.9999889572253554
2219af042050fe580ca2c359e867683a56f902f135ff3a628ab4d9ebfd482fae.xlsx,0.9999999957241017
benign_sample_1088.xlsx,3.1703561881844496e-05
benign_sample_8253.xlsx,0.001871438125745091
d4e19858889a5dbc289babdad43b0ea57ce873fd3225da6726d485003893c776.xlsx,0.9999998754089404
15171b8b4edb80b6aaad4124b856301dfa64db8f010f843d7f80133bacbbe40f.xlsx,0.9999970070697456
benign_sample_7717.xlsx,3.373198797511488e-05
cf193094c0b1b98280d699091f5d4c704942a533af214d705e65deb9ad5561d1.xls,0.9999987360193429
26106ac4edb89d1f8e298151619a09b051ea93ce4ddbd5eea901c890e44a21e2.xlsx,0.9990236630275998
11dd224099af87c3c99b5f119522dd5bb09749f9eab76932232256f4437054f5.xlsx,0.9997986730648979
46ca41664438838922836417e36d7339046701680e3061e0e2a5ae98ee8c9ec2.xlsx,0.999999964451359
benign_sample_3852.xlsx,0.013969860103270242
09da1207b47a704a9e7836038824e75a64f4a5f2775e115e5df159f4725a0823.xlsx,0.9999999997470769
benign_sample_7844.xlsx,3.1047025458313296e-05
cbec2b40fb13c8f78b0e87af9e691f0227a853617d3b816539e2bf28c6b25425.xlsx,0.9999994352713243
eb9509c453a808694eb50c18101558f492f16e6fdb3f349686da3d7c627311c9.xls,0.9975757969822788
81edc681565935b8a10b6cc6fb860a34bab810b4939925d12d7779ef2b288d6e.xls,0.9999995510569942
benign_sample_3969.xlsx,1.7803583693970818e-05
a9c54a09fabcdec4a397af0407882ed10100c831e76aaab7f8d51b22239d36cd.xlsx,0.6486344869895547
benign_sample_3415.xlsx,7.475665190028735e-05
benign_sample_4302.xlsx,1.668549218385206e-05
37b1c3b7a96a3b4efa0fe7bfb80d3eab161e413e15cb9ab35b832cc10fc92464.xls,0.9999889572253554
69d8b3be477333dd3770df82ec7f4d34cc31e99e7b052628c65f536281845777.xlsx,0.9999986227568934
benign_sample_5206.xlsx,2.029719252515021e-05
ee1e81fcd5e336fd2d19cc9eb0a5a8f796613f387b1b7216106d7130da0ea3cf.xlsx,0.9999998961045479
benign_sample_9770.xlsx,0.00029556134323125815
benign_sample_6593.xlsx,5.3107211903145873e-05
benign_sample_9395.xlsx,0.08300520463566517
benign_sample_605.xlsx,0.02721296000014393
benign_sample_3876.xlsx,7.884946817673985e-05
f8aeab74e717370019ceef607561982b3c83c47ca2a51647200d541aca3abd53.xlsx,0.9999999224102324
benign_sample_2902.xlsx,0.008747914916816767
57857533a81a13b4eaa17f3516d5c5a9be138ee5dfa7b2c73788417061c9dbc4.xlsx,0.9978633138719636
benign_sample_793.xlsx,0.017942220292243318
579345cf974eacc370d6393eff16fe93a8f4dc876bf9aa952aa50f6ac316448a.xlsx,0.9988502461778408
benign_sample_9146.xlsx,3.116391611471423e-05
a322cb352898fa387e520ffb30c8f77fdffcc09e301aa247bbafc43c8af301e3.xls,0.9999867888695356
88f2688c1d5405bb3ebac4098042dde3a79b2c2e10b026df3a3f797496a70c22.xlsx,0.9999567254853647
414993c8aea99f4fca22cc16735ca54328b1dbf63976dbdd795749fdc1ddf7db.xlsx,0.9999909786974331
benign_sample_2096.xlsx,1.845376120716963e-05
453c2ceea36e85ec3a5c877f1ff01e091ac24b4d45135542e60515223af92aac.xlsx,0.99967877676176
1e3f2e8c4963aea367bd80325a580955fa88170c6bfecdea0c48818b8c356613.xls,0.9999860233211023
benign_sample_7070.xlsx,0.0003279854169001616
3f0f94ad174559f017c29d0de7e1b676d592cc664d514e8634513e9167346e12.xlsx,0.995933333836773
6633e604dc5de42e72c0c9c11b14dfb2e70ab2f40d3f7ff8c918975534465d21.xlsx,0.9999999997814064
benign_sample_9613.xlsx,2.4647050676868266e-05
5f65d60556fe6be6dc9ad210c7819b4c7f33b758a910ae394946bf6749032a50.xlsx,0.9999909595944271
348b7523a62913b6c77be43a9bdb474501f1941622702f465e9c1d6688ec5a91.xlsx,0.9998735236729926
benign_sample_174.xlsx,1.7669924635275067e-05
benign_sample_1050.xlsx,0.0010583945165966032
benign_sample_7838.xlsx,2.925679340944367e-05
4ad46d8840c71601a1fae92cfff382eead8dbf2b94e7d199fcbf9e76eadb4118.xlsx,0.9999952380411363
benign_sample_2308.xlsx,1.7583440333203786e-05
995b33d502489007d63864600fe2f1abee93526cfc517f70a7cd6086c1a4049f.xlsx,0.9999831246946421
benign_sample_3368.xlsx,0.00012317903790640402
987074af746c0784ab1634204595dc3390fbe499fe64bbeb804a0dd6bab3c470.xlsx,0.9999813019228455
benign_sample_8680.xlsx,2.050100544690874e-05
benign_sample_4106.xlsx,3.181773718882992e-05
6960c18b056ed2d682ce9dc1589f0d04cfbe92a561e9a6a2276843cb47cf2d53.xlsx,0.9999999948510103
benign_sample_5980.xlsx,0.000729092510978536
3d82d054046eb960301d5f167ac8b6b88162ab011e6ea55f14be6acbcb9aedd4.xlsx,0.9999999224102324
66e687f92e67bf3d73fe957f7cb7735a94586f055ee6bf28c4cd37930a7a3bea.xlsx,0.9999999612938351
benign_sample_1284.xlsx,0.0005817892447108134
benign_sample_301.xlsx,2.379365425623078e-05
benign_sample_242.xlsx,0.00012097428570946887
benign_sample_3839.xlsx,0.028173024899041624
3bf429866fe4f7318ab73834b311bfba2cc61bee57427bdd453cbb364fa3dba1.xlsx,0.9999995533984266
2aa0437cff5ffc752d08472aa67b5fe67fdccf8d269bc8751e5b9242f4174483.xls,0.9999865960174247
benign_sample_2746.xlsx,0.005520860012886796
b455fab0ac5ed297c9a311ae07969c0b2fc6f087feb20705650b032f8deb8019.xlsx,0.8895848681304219
benign_sample_2524.xlsx,4.3278266862318384e-05
43a7f17334ebe449829c1b5bb7d13a785a1bc356ddb83d9733c0f2a47db177c7.xlsx,0.9999999670849972
bf5ab223f0e3559fc66fe92539ee7fcf6a35461818efb09bdcae16a22d1a0446.xls,0.9999867906727102
benign_sample_1638.xlsx,1.6079845468139817e-05
benign_sample_5856.xlsx,2.03782839432159e-05
benign_sample_2994.xlsx,0.009280491369045527
f496648ce36ea9395635faefd270540d400b95d6183364af1bd9e42a7630c337.xlsx,1.0
d2603b3afc7d23c52d48c3c890570c4410f413bd0f157af75df800ecbd5de21f.xlsx,0.9999816004894159
benign_sample_5101.xlsx,0.00064808345789853
5eca8a01c785c85dae69d88d2a679824f90bd0f170340840b30f54a8e6889946.xlsx,0.9563683972537004
benign_sample_7424.xlsx,2.582506482839159e-05
benign_sample_7103.xlsx,1.7883988546029053e-05
benign_sample_4800.xlsx,2.7314243799007085e-05
00202d063aafd6e4a01a437f97c5d8d2871d4c21973cbd99f74499d403955eca.xlsx,0.9775281535692351
ac5c91927ab7e05c52ae0a10ed42938fbc4ba657ca91b86ad291349f1ed53e91.xlsx,0.9999909207957957
benign_sample_9672.xlsx,0.00014264844787225455
54d9d738e7da72a06f8602051f60eb726b91b2ac97060b6fb028a63d3b71c6b8.xls,0.9999987393629145
582ebe1dd2cb37eaee3807157cf449829dcb732fbd81d9134b064d48c3a71be1.xlsx,0.9999999605520123
benign_sample_7098.xlsx,0.000135638542950193
benign_sample_1909.xlsx,5.2138993502252066e-05
47af6582ecb77e3125af7734faabcd7f6e925af3128ac34357ec8c70b43755e5.xls,0.998203000906304
benign_sample_2069.xlsx,1.867355082026343e-05
b00c0d457c27bf97d6ab85b7a0e030c98fbb399195bbe68065958972be20a7ad.xls,0.9999863895520815
benign_sample_7594.xlsx,0.00019046443044644723
benign_sample_3421.xlsx,2.0074078840252277e-05
2e1af4d2b44a935abac619d5ab08432250989fd0492b083b327339b251b3f8b5.xlsx,0.9999999999999997
benign_sample_973.xlsx,3.24173061847752e-05
33005241b5867cf89969cf4980a1901cdda48fc967297d85f68e6417eafc0e11.xlsx,0.9999999592763212
benign_sample_3859.xlsx,1.819099927901953e-05
benign_sample_1618.xlsx,4.622773559204819e-05
ec249e672ce8060656c203c6cef49340faee1ac8a61ab4e6eaf74fbbdf98c921.xls,0.9999889572253554
4c3cac902fb1f65ed4983709784fb467c49b768025fedabb34174eaa16c96bf7.xls,0.9999865800886484
benign_sample_6023.xlsx,1.5810189920271807e-05
benign_sample_3059.xlsx,0.0006485296956129345
benign_sample_1527.xlsx,0.0002925556738775169
benign_sample_9.xlsx,1.6892378513974264e-05
benign_sample_4671.xlsx,1.9404135321443378e-05
204444ba9e50f16873a7da65ef2ec28e5aeea4440fceb9670262cf955a0fa191.xls,0.9552902904048605
ae76febfb62e49da12534ba18c4142d1a6e33894aadc9aad5fd2713135acdc68.xlsx,0.9999995499093366
benign_sample_4207.xlsx,0.000734066287658781
ab3d1dafc6c1a85797f07e3423120c90d03b0cdc0ac371c9b9b3fb1ebe20eb69.xls,0.9999889572253554
benign_sample_6886.xlsx,0.001509704075538866
benign_sample_8114.xlsx,3.4094696717786195e-05
benign_sample_9177.xlsx,1.74538750846966e-05
benign_sample_6398.xlsx,1.8537357035618822e-05
benign_sample_9307.xlsx,2.5892206510668868e-05
a032f0a4a8bb98cfaff6ff5868d01a1c89c465f194e3fa82940a89ab5b992f50.xlsx,0.9999999997814064
ac6e9d00f0f764c764a67acee2a9b8ba98b79285179689009be4f84d90a90a77.xls,0.9999865960174247
beb62a44b85c4498c9e2f73369adf2f362f53a856a9dbc04961553f8f5096a13.xlsx,0.9999999998795316
4f2f3f684d0556d80963300fa7f4e841a7ee57b3f4aa6fb5f9e6542b3afe4ef5.xls,0.9999889572253554
benign_sample_6800.xlsx,0.00038189872201868495
e7762fab3e17b25542d5d40d6f0b52e6f86c9f99aa04317ca8673f43302fbe58.xlsx,0.999999999999413
e5f34e6186145d80e095058a05ec1a7c225753cb992dd03ae77c44a01ed49e50.xlsx,0.9999999957241017
benign_sample_637.xlsx,0.00016004779949011278
benign_sample_2562.xlsx,1.556836746387587e-05
2177893e7253411d6658a8dd27e782baa55068be251ba4626bb3bfe3818dad62.xlsx,0.9999999823655421
benign_sample_7909.xlsx,0.03676043356222066
e3e5d8b636ff2499fb04cefa955ec848d2442ebf4419b503775a4f317acfbd15.xls,0.9999987449630123
385083016300c010b3ebbe5bed0959727f0282f0e5bcd833f78957091a5c9ed7.xlsx,0.9999999996602025
2a6f081ed998ed23a29f6112e28044d8296fc9526495f862abe639527811f659.xlsx,0.9999998754089404
ad7b5c2944b95126dc609c6bf9b304544acbfa8669a1f3bf06886f4ebfc646b1.xlsx,0.999277744330939
benign_sample_6301.xlsx,4.815583917601213e-05
benign_sample_6353.xlsx,6.362396919218183e-05
benign_sample_3986.xlsx,5.1240533361550595e-05
benign_sample_7244.xlsx,3.432397815814096e-05
416e811b6839dbe39092f82dbb62064350da5400ce2e1fd94870f305f5b2b77d.xlsx,0.9540010420589221
benign_sample_6739.xlsx,1.762510651807398e-05
benign_sample_7682.xlsx,6.72819994453918e-05
6a11c5d043005d7558d3e0a8bf64ef4e4076c21b85ec593e4b1a6aa3f923c4f2.xlsx,0.999999997429902
f1f7fb9111ac69054e58533d6d4bc0033b5b2ada5ef654dbc153ca730759b1d1.xlsx,0.9998544292041706
benign_sample_5994.xlsx,8.402460394458444e-05
benign_sample_7639.xlsx,1.8971743866086914e-05
benign_sample_8682.xlsx,1.7382921009280716e-05
benign_sample_852.xlsx,0.00014349590309845945
82f568d71d28f6bf3566d3058a5ffdd46f23bf3fba82b55992d50e0548efd1ae.xls,0.9999863895520815
af2883e71c1c33d15944d4bdd9bfe7f027a2f50299f203642ecdc906cedf3b2e.xlsx,0.9999999768251856
benign_sample_2338.xlsx,1.648060645472135e-05
b81303fc3b5d1f294c591238ee0bfce4c15cdd1c9c38938d170ee13f97ab4c9f.xlsx,0.9999999941338403
benign_sample_9154.xlsx,1.9671634286389926e-05
benign_sample_3614.xlsx,0.00027845838036780353
benign_sample_5734.xlsx,8.878571633373792e-05
benign_sample_2438.xlsx,5.779157169932259e-05
07adcdba685d21906fae445af137202e1eb7041e82180015fa8c6db0618f60ec.xls,0.9999865800886484
benign_sample_137.xlsx,0.00011547802761640299
73c26bc78dfed7540c8255ec18730d3257ee29b60a175b99f28499177d1b3a7b.xlsx,0.9999999998795316
benign_sample_8859.xlsx,0.00011380920922872394
fc872d3652c048bc637a60602d452935c402c7d499a2608edcc8c6eb8fcd5e70.xlsx,0.995933333836773
benign_sample_6053.xlsx,1.6871039081059876e-05
7e1c297ef7640b9a8724757feca5144db6552b64f293e30f96c73748e2def9fe.xls,0.999986262081397
benign_sample_1884.xlsx,1.6506205360112132e-05
benign_sample_9929.xlsx,0.00020563580410371516
442830a9ab6b3198003d38e41261d3f18401e9085f05a9e7149f5eb2c6db1410.xlsx,0.9998588774311834
e7ffe2f6ef080f4db1e604709294a85c4181395897e493ddfe898e810ea3d253.xlsx,1.0
benign_sample_549.xlsx,7.222574525787532e-05
benign_sample_3466.xlsx,8.042156378856124e-05
db06eb916962625254619fe0d275c13171399b725be1ca10c09de730c0f8a530.xlsx,0.9999954304408295
benign_sample_579.xlsx,4.149923918788896e-05
44643806eeb1162dc0b4487452a5fcb255497d66e7254b2790009b377635477a.xlsx,0.9925481452698995
benign_sample_1218.xlsx,0.08926185861948288
benign_sample_3316.xlsx,8.458034772259324e-05
benign_sample_1172.xlsx,2.031140574050445e-05
benign_sample_719.xlsx,1.9583106012484058e-05
8552519fc941783b0a32094c858386af5286677ff96b0a30f2a4c2bd8d89f7bb.xlsx,0.9999999612938351
b49c078ee2cc7d0e99ad47ae9b106807e3a335aa1bb7d099d10102c87760a1fd.xls,0.9999889572253554
benign_sample_9546.xlsx,0.00013731480527704687
benign_sample_4586.xlsx,3.913489043455702e-05
2db3ecf359950e3c853dfe1ae2e84bd0087e7da8830a7e8066eebe3e8a7f7721.xls,0.9999889572253554
4c1626ead4b0d399485197e2f9353fc527a8c1ca923835d16e809cd66277223c.xls,0.9999846919423708
benign_sample_8284.xlsx,1.708275431862211e-05
32db786b7261e27ec3d457fed5c0446c47cf167e8a27cbe75cc20af4130be961.xlsx,0.999999964451359
benign_sample_4828.xlsx,2.4396458349759353e-05
benign_sample_927.xlsx,2.13398277864102e-05
benign_sample_1699.xlsx,1.6978979593588425e-05
c1bbbdba5d8b6f287c5f2254d7d8a0cff48bd821d9af67b4044b0228aa51b16c.xlsx,0.9999999991358424
benign_sample_5355.xlsx,0.0352015417086473
d16d3469c3248ea19ebec0c7800423e2121f8edebb33dedb16c9c0565e02acff.xlsx,0.9949993349061086
2dc4e6ebfcf8b8164c44ffad5dc86ebe3143bddc35645b2ca87f14d519ae2b39.xls,0.9999889572253554
1aa1921274ea5e9879eb491bbb50ee4b1283ea5e73fc1e98e32501deeee85331.xlsx,0.9999999684204495
8367407a54dcefe58373f2f4fd1c75aaf364bb410e18727511ab6841c3fcdd8a.xlsx,0.9999999612938351
benign_sample_1273.xlsx,2.8139299114674553e-05
ad92fb41b56509723d240def542d1d154b40e74a93b9736d5bad20c61ca26650.xlsx,0.9999808908859832
ffac6be8e7a2809e1988ed114ab166e8e61bb33dca76e1155314dda1fdd30699.xls,0.9999889572253554
158f145ee2436d5c8be147546fdaf425d3a30e870b1cddf00ed2c90551e262fb.xlsx,0.9999830723828117
benign_sample_3523.xlsx,0.0005974278473516944
benign_sample_7015.xlsx,2.1910956990370733e-05
benign_sample_9422.xlsx,0.0006315611988379861
benign_sample_1082.xlsx,1.634835499839524e-05
benign_sample_3749.xlsx,3.829611069042898e-05
0bd2aea9bad9aeb24ecd5ccb94e8972a42a7fff28a6955c5c4352668735b826a.xlsx,0.9999999997814064
benign_sample_122.xlsx,7.585905196745971e-05
1212cab72550ce0e1edab9e83a6eec0d7e9bbda340ff15c3d6132958a948a08b.xlsx,0.999999206747373
8e0a750afb0de81e58c00a8abc9288777b326f8218c294e58e79d58f07985dc2.xlsx,0.9999999592763212
benign_sample_7383.xlsx,0.00026802944185661486
benign_sample_3975.xlsx,6.946182088261827e-05
71a0ef3bd50d79be4102f44b986804201125803c2476b37635687990b07b092b.xlsx,0.9999999999999997
benign_sample_4654.xlsx,0.0686986292466784
benign_sample_9027.xlsx,3.787911864844799e-05
c17428885c8fa820e27013789cc71b3007a5557546895de6ebafe4de963d1ff1.xls,0.9999863895520815
benign_sample_2327.xlsx,0.00039146254102171866
benign_sample_2042.xlsx,0.021295554307521457
ca50a56ed228d92b5cf8c0296234f84e30e60c33423239e5588fe26606644786.xls,0.995933333836773
benign_sample_6588.xlsx,1.6212960426276964e-05
benign_sample_3207.xlsx,0.0001285416982810254
1060b6b6d4bcf94b5942e81759325f06d9b5c57b17e5d0ea3ff306f1bc9f9525.xls,0.999984679143302
c3e76a56ed9ab3d9e4a5a41d98f35a4a26eba51ef99f7bb86039cb5b3e8fbb05.xls,0.9999889572253554
benign_sample_8912.xlsx,6.841889918903124e-05
e2ccffffd4e8fde0dbe8979791abf9985fde705f8ecb0430159c085bb8a6c101.xlsx,0.9999999697120597
benign_sample_4493.xlsx,6.917975255938145e-05
d92bfc3b49ce233b1e61a6cf8744c1616582664db8e69d43d0ba1aeeb97943e6.xls,1.0
507925933622efbd2341f32deca208e66363e936f40bf30f0b0cc10e47823ab6.xls,0.9999865800886484
benign_sample_3781.xlsx,1.9700540713543287e-05
benign_sample_5113.xlsx,1.6151791366590322e-05
2e98f48da42fcd30ff2966ec40273bbe43c33a1c5d5ae1241e46784238e8c582.xlsx,0.9999999974365212
6eccb09b7786870c052fd6b3c7c525b3af1349b678f0f460f44cff81f40d245c.xlsx,0.9999990076558011
benign_sample_9111.xlsx,0.00664659492297199
benign_sample_1411.xlsx,1.6375951121915437e-05
0925647821ffd7f053fee61a3683d3ca82199854de32ae5d59c1c49d50de1883.xlsx,0.9999908881099094
benign_sample_3935.xlsx,0.011464243047857146
benign_sample_3391.xlsx,0.00014507515481627407
benign_sample_4058.xlsx,1.796374365399074e-05
benign_sample_4024.xlsx,0.00020007763580645783
f59a95b9f439aee8392951a912b80a1e2c59f553d9668f06705e274590de6696.xlsx,0.525
benign_sample_3150.xlsx,2.9827844834268394e-05
benign_sample_9132.xlsx,1.6571155804744985e-05
benign_sample_6589.xlsx,0.00023377098214552266
benign_sample_3292.xlsx,3.286690190847125e-05
benign_sample_1495.xlsx,2.7868226786958162e-05
631f2fe3e908d0ace885a1bdccb3a5d2fb32ef0b4043917e2bbb24e470020faa.xlsx,0.999016636053429
9c0994d3bab8ddf7d8b8e6609a3925de0b4b7ac62ed52057ce1f7429956c2c25.xls,0.9708625468774499
f37b74253d3649bedbee3da6e1ecfedbc5f1a2d244258ddfa352604ecd9e1218.xls,0.9999860233211023
ff22fe1a0b00c97e42a906cae867805c22d9962dde59091c163e83e6151f8532.xlsx,1.0
benign_sample_1582.xlsx,0.00018685257811062287
0759cfb29f263b446de81a4c956dddff7bbc5194215e9486fa21640b9eda2857.xlsx,0.9925481452698995
benign_sample_5427.xlsx,0.15219057515688902
337f3864fea2c1094e73c9b7db31401a438f29fbd198b8d999e9b0362f3ff2f1.xlsx,1.0
a8ecb51510c6a946833dca12ceddbe99407a0b23ea234f58aa9354732d9a6d2f.xlsx,0.9999825766907203
benign_sample_3479.xlsx,1.9550255852383826e-05
benign_sample_2540.xlsx,2.0759765467105113e-05
benign_sample_4010.xlsx,0.002851582346009953
615a766ab51427a2d02af8ed1e4c262f0bccbb24c9b2ca890cb4760eb15ea241.xlsx,1.0
5907130df34c34c80a84564c5374b51cadaa538ca598fcd89a1b84e6a5db9718.xls,0.99999874198215
benign_sample_5157.xlsx,0.01050561831506576
benign_sample_8274.xlsx,9.568315764014406e-05
0c4068936697d08bcfab6ef4ed9ea7f73900170073f99a9ef5f173da3bc1a42a.xlsx,0.999960366911818
498e7ccca53ea1c4a96b01a5696b7b033b5a89e0ecceadd5da6b8dfcd06888db.xls,0.9999987369954297
benign_sample_1969.xlsx,7.391599056710322e-05
5dc23e71334c6d67ec1dd1f18dc6da0f8e513872e588d86c24358a778f3f7aa6.xlsx,0.999990892258953
benign_sample_981.xlsx,4.769085481036918e-05
benign_sample_9628.xlsx,6.228428599330838e-05
ba85b209338621080d45ff1df7816e0cfe5618ee15039ad5fc01c1252a052c66.xls,0.9999889572253554
b18208bb9046b20ce3e92156f5fe976aaf94ac2a72ec39804256661875d61736.xlsx,0.9999998867096179
a95a0ecc334cd2fa5142a66847e337b6acb96ef76026047982ce2ee3bb951c8a.xlsx,0.9999997732880477
benign_sample_9564.xlsx,0.0015131057661452623
benign_sample_1556.xlsx,0.004041247038319515
benign_sample_9462.xlsx,1.5670276323184868e-05
ca0612c51bf58d2633f07a6f3bd4ab41d9d56e3f5bec1748c19de1a7801c9ef2.xls,0.9999889572253554
13f9f6fbc09b49a4138785410cf1e50ef4f0213721c1eefcdb861c7aa9a3e04a.xls,0.9999909019353564
benign_sample_6142.xlsx,4.240140481671995e-05
benign_sample_7781.xlsx,2.4121985487379278e-05
benign_sample_5136.xlsx,0.0003590792642808966
benign_sample_3432.xlsx,0.10161225637364307
benign_sample_4593.xlsx,1.9150682206669416e-05
benign_sample_6493.xlsx,0.0026088340748092504
benign_sample_7196.xlsx,3.98810994540915e-05
5043680a8fc9f7e30db128e6072ed4791863b3076c02e5e59617df206f99c389.xlsx,0.9999951651576989
499fdbbb9ab0b0cbc127cda6a075ae0ba5f5cd3b74327bf6e80604bcf4b566a1.xls,0.9999889572253554
5b6a546ec2a2d17fed40ff7a25a53dc09edec492215ac6d4023acbf7c56fb7c2.xlsx,0.9999999941338403
benign_sample_7646.xlsx,6.434970926907297e-05
benign_sample_4502.xlsx,3.1365867902301976e-05
benign_sample_424.xlsx,1.7157006832396728e-05
d8c12fb3fc8f75b90c2a11a84b190c7fb3736f08c78a45ab336bacd39f19d3b9.xlsx,0.9950165441814857
1527a91d862211bdb800ca5a004b396ef1b54b5b8b1a0e6601c95f748adad64f.xlsx,0.9992587681174966
2da43a9b99141455effcd46ca0dec06ad513b0a53ecf24cca1c05deba839595e.xls,0.999986262081397
benign_sample_1165.xlsx,0.022148759985730838
35925476eeb690e468ea98b0e3c28c66f06d1df3316ed620b3255c0499089e42.xls,0.9999863895520815
benign_sample_7321.xlsx,0.12207875291627328
f0b5d511c572c10e99209d2bedc956cbbfe7b59996e4e190ea05f8125df9c33b.xls,0.995933333836773
benign_sample_2761.xlsx,0.0011852698407074415
benign_sample_4732.xlsx,1.7081004203763214e-05
benign_sample_4901.xlsx,2.4827882983774284e-05
43810362bb85f34a5f1002001fc50e662ff6a15d4c99d6d631356fe92ca845bf.xls,0.9999859793953737
benign_sample_5868.xlsx,2.2643404864916633e-05
456cf676be8028427627a21896c1ecbe5e2aa67bfeed8b127e44e37471e932a8.xlsx,0.9999951423038875
1c8942fb31d97c5a142355ae853230b304072f4475462f76c6bc0a7c8cdd2d35.xlsx,0.999999206747373
benign_sample_358.xlsx,2.9323568839885762e-05
benign_sample_929.xlsx,6.963133937879053e-05
benign_sample_1187.xlsx,2.011472786782553e-05
61d703cb25b23a38d3ccbe65660df1ceaf0ca5fb37a899f47831e901091efd75.xlsx,0.9978796127063437
benign_sample_2321.xlsx,1.657588557834665e-05
fcfc827205cd38cdf997f72b1d58eba51ac12da6ba5939279b626522b11fd938.xlsx,0.9998781079430191
benign_sample_7585.xlsx,0.09290901368234043
b66d8fe9b7bd075705ebc6495bf75e8da7a8d81bfe669bff52a3f012957cbb9a.xlsx,0.9999999697120597
32003740f5fbc6c6b135b633829cfe27be80011fdc3f4ee90a196c3cc9a3ac09.xlsx,0.9999999670849972
benign_sample_738.xlsx,0.0002200758428697471
4f2b47c45fc9a138b611708a04f05ad19e3ac0e4fd4978afc11a0059ae6bb8b6.xlsx,0.9999999224102324
benign_sample_2255.xlsx,2.3717127557638866e-05
258b9305ae4e8d647c2a7732e02c34edf9a29b935c91cf2e0621848579cd3b92.xlsx,0.9999999684204495
benign_sample_7661.xlsx,1.8670275866110753e-05
a746a8ff3cfcb4e39252aebe6902dfdd2e2bb8a87d07bfba7e03d629b8482115.xlsx,1.0
9965b2b7559fa2f6315c43505c8419fea505359fbf31b2a23a976a0d9098a324.xlsx,0.9993238012275905
benign_sample_5354.xlsx,2.2575926640921564e-05
benign_sample_6337.xlsx,2.652877200607062e-05
benign_sample_5377.xlsx,1.7660506243698017e-05
bf8e978e7da3582b64a53b69d748047b67eaf1e2d2ad4d2e6819c150f0802f72.xlsx,0.9999983200901063
benign_sample_7268.xlsx,1.6443258595433236e-05
4d18767d74eb41d7b5887ae825e0411d58c39875e560866f0a3998730b597c90.xlsx,0.9999909781476942
f6e2756478a0fe2c50a758046cd4fdb169f1419f7af5cb8b940bb46112630882.xlsx,0.9999992116622032
612fae1aa12c6aa824ae63f78595470422e5b0e744969d23e26444ce0ed918ae.xlsx,0.9999909575235852
19590d11c47403db77ac65242afdd008083c75274af4916d26327ef2219516f8.xls,0.9999889572253554
0686c4bb2b62f89ecc825807004d913158da0556d76f7b61936a10fda822b6ee.xlsx,0.9999999997814064
benign_sample_4869.xlsx,0.013066125688974169
benign_sample_5984.xlsx,1.5894925000294758e-05
6280c63399b1438941f23d3a6c84fafa6b7881576373ee9b4388d1fa907e955c.xlsx,0.9999999605520123
benign_sample_7350.xlsx,2.0031022371294553e-05
527409f651c52b8ef556ca856e1a15af2b35dc6b46f6e38f3ff636a92d2ee9b2.xlsx,0.995933333836773
benign_sample_3898.xlsx,3.7702405337227805e-05
975c99ae1606758015598ba0202b333990684c203bbbe21b0eb7d6ce4c0aaa09.xlsx,0.9999989986993673
benign_sample_8094.xlsx,2.1494357461551005e-05
4170fd2e1e20be004dc4fb1490bd16ce9bd092ec9d1048e6ac0a63d10c7ba255.xlsx,0.9999999957316703
benign_sample_1145.xlsx,1.677792644409235e-05
benign_sample_842.xlsx,0.07638933074122879
688c7dccc1382470dfb8cd9d446637e37c6911c13b66ca3ddf16f2fe3f43d8e9.xls,0.9999987410770599
da5ebdd9cbbb4c79badba99aa4fa269d88d564169abf5dd6139a2e14a52ad2c3.xlsx,0.999999964451359
benign_sample_1140.xlsx,1.915508705141121e-05
benign_sample_7529.xlsx,0.017427496783387397
benign_sample_7176.xlsx,2.1124704377623055e-05
aa0a69e1a3224bbf62159ce1bd1e2e8e25bc32d2991e4172ebf1ee4544b15df4.xlsx,0.9925481452698995
benign_sample_7945.xlsx,1.731741908228232e-05
benign_sample_3930.xlsx,1.698020971739858e-05
benign_sample_1839.xlsx,5.980645892374231e-05
benign_sample_7299.xlsx,0.0008437561586033191
benign_sample_8667.xlsx,1.5508245062639226e-05
6137393cc025e15325a34d98ffd96831980a056443b198cb73d16f5352dc738a.xlsx,0.9999999557574122
1d3d249a4d196883748492fc9cd7f55883da3db746014b086fac4663fb160f01.xlsx,0.9977952871152258
benign_sample_5153.xlsx,2.1822115252953162e-05
629d3d029783f369be14e7e6e4ef3b470148c48b646047f3cd54c7f0e912a4dc.xlsx,0.999999964451359
benign_sample_3824.xlsx,0.0018674233954397775
9f4494900e36136105082af30b1c9cbfe84fba3e30f302c67407dd4b58cac5a4.xlsx,0.986495474207539
708fadb0f62f09a6f6994e20e8d6856d96988c26831e580c363b76b12e4713e4.xlsx,0.999982837842685
benign_sample_5231.xlsx,1.5456672846478206e-05
benign_sample_3845.xlsx,0.00042147896138275274
d6a73177035f85fb463f42fd5d0f48b5b1a8927aa460de0a6fff7016e117213a.xlsx,0.9103153059480117
benign_sample_6954.xlsx,8.18611736350353e-05
4e1c74fa91b88ad367a8a03457fe4c33a3b32e126c3c38c26235077517f7ed0d.xls,0.9999889572253554
benign_sample_8434.xlsx,3.0444026436143265e-05
b63bd58c1c692ed60df6793284d87f81a93874e473cf9aa3939ed127f5ebbd77.xlsx,0.9966663203929635
282a79b98e5858784d4960951684024a758f49316395da2b8a1b5e4e23411201.xls,0.9999863895520815
benign_sample_9116.xlsx,0.024747006744480812
benign_sample_5741.xlsx,0.002838311167365104
benign_sample_3176.xlsx,5.342916156265336e-05
cbb5cd3c0c86810f963148d6abdecbb8a848c4060a63bd9b31c358d6778afb17.xlsx,1.0
benign_sample_6275.xlsx,3.770830000261729e-05
benign_sample_955.xlsx,1.6666659440627276e-05
f12a9220246114b76d86519b74bfb90ae0974f8479457f318914128ce3df4290.xlsx,1.0
b4d7bfccf3b1ac186fc08f9bf4afc8798eb9061293d44288ae3b902fa19007a2.xlsx,0.9999999916015246
benign_sample_5017.xlsx,3.371966629168747e-05
benign_sample_4235.xlsx,2.1632998143217515e-05
30e225c474caca0c8a3946a303d4b8a6c0bdb5bb0d4a55c9c9944ac4c7cdddd4.xls,0.9552902904048605
benign_sample_3380.xlsx,1.688660724887114e-05
benign_sample_592.xlsx,0.010608637498994128
benign_sample_2667.xlsx,7.461548739014441e-05
benign_sample_6645.xlsx,0.0001657695637908329
benign_sample_2819.xlsx,8.586691094456779e-05
4cf1d7272141cea23ebd711c501759c74ebd812619e98889cae6d3766b7e1286.xlsx,0.9948584750717014
cd46540a9cd6a115a678c97d441b5af6942dcbbbb7854a4fc8761153831e86f9.xlsx,0.9999999949164368
d1a3d7c5b90c927d0088b32f593ef9a28491b111c9758673805ae1cde25ec076.xls,0.9976518347069213
345075974a633202c20da7f744cce921ae20061720ea5d27a474adcc15258a56.xlsx,0.9999999957316703
60a98358d0a601ab53024233ae2aaa3a17daca261f2d13e8b31b22aa3afd4c71.xls,0.9999889572253554
benign_sample_1455.xlsx,0.020783981716429187
7f536044fda3b3c0ba2f96376925710b343c87e16c822ca7f5e867b06e43ef1d.xlsx,0.9999999612938351
benign_sample_8986.xlsx,0.004938079894329391
33e172c974d8765c466dfe1f48c27d8b21abaed3d3f7363da22cd70b24b77a2b.xlsx,0.9999999224102324
benign_sample_2799.xlsx,0.005966604798776705
benign_sample_6897.xlsx,3.414276969399305e-05
benign_sample_9075.xlsx,0.002228635321704134
96c05ff30bd944d33ec8df92cf7facc8e24b7c41337b53c2ec7b148391c34909.xlsx,0.9999987369954297
benign_sample_3955.xlsx,0.002120797370135928
b86a98449877a65301f301f70f4baa01e916b2277d95f80ecb29c8d2823a318e.xls,0.9999889572253554
edac83b64e7b0623d871629d69b2eb5323a007c4c258ba2699c31d9aebb675f9.xlsx,0.995933333836773
1ba1d2a72943ad7493e83c7a055f6e00abe0b300f41e9fe9802d14f1e7aeeb1f.xlsx,0.995933333836773
benign_sample_1914.xlsx,0.02197080458971203
benign_sample_1564.xlsx,0.0029167139192217925
benign_sample_1049.xlsx,1.5415990555058954e-05
20f63971cfd6df3a376fab0ddd43e53812dd2d41cb286417a4f79598ff5fefb6.xlsx,0.9996467573923106
benign_sample_8589.xlsx,1.7202439573063674e-05
benign_sample_8462.xlsx,1.8813958059669956e-05
0b46d30c7e94e2e4b12a668fc783a077402b659495cf41b5092731cd728a728f.xlsx,0.9999999949164368
f70c775b63b1e234aff6461468226480bbbf658591c6b5175658ebbdad6c3340.xlsx,0.9999998754089404
ab46ca1c7d41b9f8de60fd17683818a28c880ee879f06da775f172777bf07228.xls,0.9631951817220425
4c35fba81783a0e138bb9d56403ca672caa4da4ffa0a044ec18988636df3b2dd.xlsx,0.9999999612938351
4474d55a2152a0a23dc15db3e10773aa6a48305350e120de265b443caed8ca33.xlsx,0.9996197592734819
eb963c26385b029d2827d60637dea230562f37382bb44fcc3dae6924da5bf182.xlsx,1.0
benign_sample_2260.xlsx,0.00034382368381078837
f46a7c7ec8b30953b552393b09962602370a482d96be7c2ecf13a316ab804944.xlsx,0.9999803759269442
benign_sample_5732.xlsx,0.001057771632596811
60be7a9a91beb6bc2fbbe724f2e28ff1780af3cc8269e3706276f28dfc8e273f.xlsx,0.9999999988959134
benign_sample_2823.xlsx,0.00016230641736254858
6bd06eb285d857637236e02687ebc178ac65dd7d66a268d8249573ed95b09030.xlsx,1.0
057251d4048ec5a6657a311889be7e0f6f17c12f3cf7ca5465ac199481da69ab.xls,0.9999865800886484
f126dd7d667bae9e69ba3b915f2e6df579d90c2ed02c333de6442628f78f6db0.xlsx,0.9999999941338403
benign_sample_1263.xlsx,9.752152549623354e-05
7b8f7604601756b46bb2d5895a5de677d2d605984d71abaa1ebbd32d04324950.xls,0.9999889572253554
benign_sample_8073.xlsx,3.373882230412681e-05
3f29848d388492c1abc492012629834a5a03c4794e80999da4431bc27066c9d6.xls,0.9354193223289426
b4c3baf11444afb51a04d5483164e145a57261288f50955177deed2aa52f841f.xlsx,0.9999999948510103
benign_sample_9227.xlsx,0.0002767598508446629
benign_sample_9751.xlsx,0.0003447812735895099
7cbe3e75ce8cc8f56f12e439b17ae6ce457e4fa331fd4bc268a6c95ea095b664.xls,0.9999573685808913
2ff381e6ecaa137dc5e08e90bd58d77936dbc3dd191cb2629c6d021ffee4e78e.xlsx,0.9559098869523219
benign_sample_1760.xlsx,4.328792910593336e-05
736150b3ac923c51aa47c4c27eb2e02d991e3bab824879f353bed36baba600de.xlsx,0.999999964451359
1a929cc463c3620fed7e897c6e4db735d465dbefc98b143648f7e37a8af3ce09.xls,0.9999867888695356
f169ef117151ee5902fb3c92bd7cef742cab359216420dd6bf7d3804af03e869.xlsx,1.0
benign_sample_6701.xlsx,0.0025349675137488602
5a931dec4e0619f4050e8e7fb8a35596b81f1f3440c9b11cdf30377878ad8748.xls,0.9999855897289726
benign_sample_184.xlsx,0.00026333890693370896
benign_sample_5476.xlsx,7.060200271329691e-05
benign_sample_1629.xlsx,5.1742907344797034e-05
benign_sample_3842.xlsx,4.210639812579694e-05
benign_sample_7322.xlsx,8.299158318272457e-05
0be886818949b4e8495bfb3e46d567fc53d314577c55181015811f03e9279a89.xlsx,0.9999999991293609
999ee13d5066946a084b43eba0f1b60a10ccc6147b2fd479636131566fa762e4.xlsx,0.9999999605520123
benign_sample_3847.xlsx,2.246628670317879e-05
591ba92a2cf9e9110165c0a3bc3190487277ebba6334d5f39c06bb2024d1cdb0.xls,0.9999940618908957
4310e6c93148f8bc3d458f077a427f45448fae2123e90a784dfa38dbf38672e9.xls,0.9999846919423708
6bb9fdc58f6efbe4a4557d620f0589ccb3458330093dc4108a638a0aedf82332.xlsx,0.9999999670849972
benign_sample_3117.xlsx,2.10155817133039e-05
benign_sample_8480.xlsx,0.1151956980085828
benign_sample_1616.xlsx,1.7114161448443287e-05
a363bec670aab91074b0a89b2cbbd91e94e0c05abf831ecad86805e4a1e08cb3.xlsx,0.9999999605520123
85760f04472992d1d3036971d9d69193c68b2e48c37110f8ea2b8805d9c2afff.xlsx,0.9999999949164368
benign_sample_860.xlsx,4.94688978305188e-05
9bd1c64bfaddd77b9d414ec74062bface7d15a99ee1d850975a01120a50fad9c.xls,0.9999889572253554
a5332277daeab043156278474acdc9f9cc11000e354867d35d9afc303dbfa68b.xls,0.999986262081397
a48ad672a5a4347064678ef331907d0ae18b8ac2edc28ff0ff31b414122be551.xlsx,0.9999999997470769
1ec0e4c2cc57d79ee24052103f82a6b5052549d0b4b1730eecb955c9e33bec10.xlsx,0.999999997060776
benign_sample_9230.xlsx,8.943014681621823e-05
604cb1622f9c7f97e91e3a44375d87ea4b223775eb6bda335cfb523b3d209251.xlsx,0.9662780663716598
benign_sample_2945.xlsx,0.006013064377458144
4209335df402c33ee8e988161ad26801382db9d0ccd9e302fc8db9ed0164056e.xlsx,1.0
44a92541a8e4bfc1933f968b7ec9fea89eaa243de36dd49e8204c4d028d3d7b1.xls,0.9999867888695356
benign_sample_3644.xlsx,0.005512358790844093
benign_sample_7180.xlsx,0.00032360718262121416
c1158a1df03d75859f08f5e9f8909ea8bf5c63a6dbc78485d543dfa461cfe478.xlsx,1.0
benign_sample_3652.xlsx,1.7561689694675757e-05
803f85ff16679b78ef373bc5ad30723c82c2902f1958a53ec5cffafeee4d4b2e.xlsx,1.0
benign_sample_1300.xlsx,1.8006136955073604e-05
a24839909a0b5b154debd7ff9b7a78bb87b135883c2b39b011953240c8a70a10.xls,0.999984679143302
benign_sample_892.xlsx,0.00019171249341466126
benign_sample_5338.xlsx,1.626225000902648e-05
1ecd9daa9418574b3fe1950980beaa504c7b2fc207dc2e3b01f9486f80cc0ae8.xlsx,0.9999907030614189
benign_sample_4807.xlsx,1.7422727114667694e-05
874f6566632ca9197489e21c95ba6d970cacebb820d1123fb685dd6a4daec5c9.xlsx,0.9999999670849972
benign_sample_7090.xlsx,4.9939837994940865e-05
benign_sample_8504.xlsx,2.0666056732513163e-05
benign_sample_9786.xlsx,3.955235263339542e-05
benign_sample_3894.xlsx,0.0013843371739490934
813eeef047901eef2506593579f2278eed6216eb502be7bd130c69c37c1ca27b.xls,0.9999852181543748
505cdb0ce13a353b51d88c5d86c04d6e12fe9ab3145a2756d549c2b2e81a42e7.xlsx,0.9924947931660594
9130d8068b2ef10c7127ddbc23715591e0bd026c0ce94a36c26d92b99ee8e524.xlsx,0.9999999389401154
benign_sample_3102.xlsx,1.6605337649662818e-05
2ccb720ffa9c042bb2b2be0952db273250f185e810bc6872326273debd65ef04.xls,0.9999889572253554
benign_sample_5648.xlsx,0.05642139221793835
benign_sample_1649.xlsx,1.6552547068788995e-05
984b2395409920a9208f5066ef06879fe3e51c50f873d16e3e703033b6f7f4b4.xlsx,0.9999999957241017
benign_sample_8804.xlsx,3.71152249613448e-05
128fcb6da1a0ace7e4a5762e24805f93eea4480badd3663d3962a4ab3ee9579b.xlsx,0.999999210746207
benign_sample_9172.xlsx,0.00011140095996210228
aff6ded528108840b660508b6d541aaf0cbef920b6fd53e1180e81b26d1b71a2.xlsx,0.9999999957241017
benign_sample_9248.xlsx,8.079300777720046e-05
88be9fc3b439313c5fa1837b32a221dfef03c3cca056245ad8a8d2202a23c8c0.xls,0.9999863895520815
benign_sample_6727.xlsx,1.6171241225307953e-05
benign_sample_1476.xlsx,0.009009555459485558
benign_sample_6201.xlsx,4.3251605685927306e-05
9f530620f2193ec5d32ac501daa82c988b49bfaa70ddc79cc0db4eb4e59d5281.xlsx,0.22656275625025457
8a1865ac572a65b60111af9cb04ae01ceda50d795e69cddaef98db84c1b40241.xlsx,0.9999995533984266
c11795f67e03016c2e10293e2af89961cd4daa70af0b7ca15c348f3596292458.xlsx,0.9999999612938351
benign_sample_7558.xlsx,0.006085441376982775
benign_sample_6412.xlsx,1.7890797946801702e-05
benign_sample_5806.xlsx,1.6256764922244938e-05
benign_sample_3033.xlsx,1.645859437439598e-05
0e701ae54a4756ad5a19d08d80dfd297d1c3bb50e4b18be79bec88eadc24aff2.xlsx,1.0
benign_sample_2131.xlsx,7.679237916072348e-05
c6d66fda6383eb58848d1efa6b299f21e54a01f5b0c4e74442ad7bf8fada7d7d.xls,0.9999993112493405
f3c6fac83d7865ffa1169aa40070abdc110a5515963f204307d724a16203ab1d.xls,0.999984679143302
03d3520f0170d0986731ceadc65e73236501e60588c9a9f1fa29b58fa4752de4.xls,0.9999889572253554
benign_sample_1705.xlsx,4.7357350410788914e-05
benign_sample_6244.xlsx,4.269832806766616e-05
b9ea02c52b3edc81799a5be14d5ece13b1c3f2f96c77dd12764c4e84156d6650.xlsx,0.9999998102121004
benign_sample_9669.xlsx,2.751551920077558e-05
ef3051814231d81799063aca3fde60ddbcd2b9e88f779e0a154c3998017d97f5.xls,0.9999859793953737
benign_sample_8345.xlsx,0.0037446387749502704
benign_sample_885.xlsx,0.0015786660660058306
benign_sample_2514.xlsx,1.6864775555361614e-05
benign_sample_1159.xlsx,1.8156698730851326e-05
benign_sample_6376.xlsx,2.3362991232489045e-05
benign_sample_1442.xlsx,2.4580864575823045e-05
benign_sample_7742.xlsx,2.354502985433398e-05
f6e1b51a6ed4e1969776f6892c5762bd5f259d2a1a7dd12582168fd8cad667ec.xlsx,0.999999999734519
benign_sample_1837.xlsx,1.6368242576964297e-05
benign_sample_47.xlsx,0.00038945691942832665
26c6f3197a24c1adca79490a2c33735bc4855ac03666a09b6c40080c59357ed3.xls,0.9552902904048605
21423d202df72cbfc2633af358bff81380cd2be531279debcaa665a3dc36b265.xlsx,0.9999958267518817
a2dd9dfb617d99c53f309a719cde9485d51cbac87c9a14cf06c449f5e342bdc2.xlsx,0.9990236630275998
benign_sample_7332.xlsx,0.004804641884601452
benign_sample_1762.xlsx,1.7694871141193148e-05
benign_sample_4962.xlsx,1.7712982542136867e-05
e1890dc28d56e185e93a37e7a7ffc30c6a681f45f37cd366e4964643333c1983.xlsx,1.0
d5d7818e96aa5aca2a12008c9a797da7da6f2e28ba06d934eb73c9e208d8a4be.xlsx,0.2522667819667979
2cd289033bd19bf0bdb229b8cc98a496d80eac284c54c60a04c48352fb5eaac6.xlsx,0.9983322118738074
b3d154f28e1768e57b3af885720e979f51fcdd5a3d5800149f28483e6ca389e5.xlsx,1.0
benign_sample_4787.xlsx,2.448790466537348e-05
aebd2abfe35ec0326f8b1847a38eceba2919b6c76d4aa76a5d5fed512cfcddae.xls,0.9774675411313245
benign_sample_6671.xlsx,2.6609776029582953e-05
benign_sample_5649.xlsx,0.00010232214662044728
064b4fa6209c525181c2842bca78e11fc47fcc22e99333ac133039ca426ab05b.xls,0.9999889572253554
benign_sample_3353.xlsx,2.361347403538171e-05
benign_sample_9571.xlsx,0.0002849879020788034
d725ad91a2b0a60ac32b89b05263c1501575238ce552e89c9aebbd7f050f851c.xlsx,0.9999999957241017
08197df4cbc31490d8e491f127b36a1b1eb0e7390dbabde6a93fd9410cd97ad9.xlsx,0.9716314539959009
ae301418779cda32b8bec10741c30094ee0615e81ec1d91dea3e940fde982fe0.xlsx,0.9999911966845149
benign_sample_16.xlsx,3.407508214146481e-05
benign_sample_4754.xlsx,1.8163621064386255e-05
4e68a8c69c5d21338ed012abf04b219315f4106cfc4c1c2f0bfe6b3ad8cc1e33.xlsx,0.9996467573923106
benign_sample_8913.xlsx,6.223567218716848e-05
benign_sample_561.xlsx,9.978745948635639e-05
benign_sample_1673.xlsx,2.2168886145659996e-05
benign_sample_7215.xlsx,6.044354835755687e-05
f8746c0e7d492357a8f30e424870c4fce49699d165260610a62360668541035a.xlsx,0.9971829097248018
benign_sample_6468.xlsx,0.00028068511271548655
benign_sample_9508.xlsx,0.0006998530203707686
bdde80ca241bed16a9a053d6fdfc4f41f8ab47e0081b076369218a618c661821.xls,0.9999865960174247
benign_sample_6635.xlsx,1.855832032182308e-05
benign_sample_8281.xlsx,0.001075039002064485
benign_sample_5011.xlsx,3.5897720973210256e-05
benign_sample_9752.xlsx,0.026729601268069864
c02a59733792930459e9a2d60432ba1b2521bb9673a4b3a3d69f22598cacf166.xls,0.9999863895520815
benign_sample_6181.xlsx,6.415587926893518e-05
benign_sample_1570.xlsx,2.6107022326311077e-05
benign_sample_5397.xlsx,3.619107931122324e-05
benign_sample_2709.xlsx,7.101641405551227e-05
8f838332f25e237c25aa8613bbf11c5aba29e6c6ff6a93aebc9e5d3b41f508bc.xls,0.999995446888864
benign_sample_8565.xlsx,0.011616178220823732
benign_sample_2336.xlsx,1.4821570207893461e-05
benign_sample_5690.xlsx,4.653703245674195e-05
865a484ee602485ac257a12e9cfde22d9295aabe4244b8673be2caca4f524c86.xls,0.999984679143302
benign_sample_134.xlsx,6.152885609078558e-05
8e4cc95f5af45c16525126a054f09bdecf5618eec82fb683133382f4be1cf9bc.xls,0.999986262081397
benign_sample_3596.xlsx,0.00023023274319660278
c836aabfd64d0f6d1b31e7c982254a119247fde4a40f3c2ed14e6f3ed8700102.xls,0.9999889572253554
5589be5be2c12334f236d08fb99cc2eb430041075814d9c2841db62018a8b028.xlsx,1.0
cae068c4c59a4082133d44bdc9db33444b759f8f465a24b37b84670243bd5104.xls,0.9999999198677537
fce9ebefb247a76f0441140b32c89eb75ae6a63abdb312d7d8ec8a2406da31ac.xlsx,0.9925481452698995
benign_sample_4752.xlsx,3.389187516436117e-05
benign_sample_5610.xlsx,1.6979194910698385e-05
12b19d00b8b55a216fbe3d5fd1aae60575c7452b53efb7614004e8037c15af39.xlsx,0.9999999949164368
benign_sample_2103.xlsx,1.6204715455106193e-05
f5f0ad24af32b3b1d21e670bcab747fde37b782c64f58f8eb7965ebf6a870be8.xlsx,0.9999999998795316
benign_sample_449.xlsx,2.8720409072384866e-05
benign_sample_2373.xlsx,7.184330225649977e-05
c9b6bfc84b16f6e3b90fdea013dbeb8c3522a29b28a8fe80b5e495c1f6503675.xlsx,0.9999954585561482
benign_sample_6138.xlsx,1.8209918924464104e-05
274cf35829d9276d12d33ca8f07eb74f80c3ea255dee2990399c85ba3d66c6f7.xls,0.9999987348500018
7dcc98a43c1c2401b4a9a02fdadc34d06c138373a56e0140684fee2389de0604.xlsx,0.99999545550267
benign_sample_7398.xlsx,1.783904881122663e-05
benign_sample_5294.xlsx,2.8481784899752005e-05
ba3c7a930968407429cc8e33aa79f4033e1cf2d1597973b6d6cd31b9382cef37.xlsx,0.9275845319601773
benign_sample_7426.xlsx,0.01232769880368783
benign_sample_8956.xlsx,0.0004080930378211381
d442d0c827ee9b0b137db48066141b4173a70744479e2a1d2b2dfb92fddd4abc.xls,0.9999889572253554
5af730a3e336ee23e48cf20d373c8bdf712f0de04fad630f109b964b01b03b2a.xlsx,0.996658449523761
benign_sample_3244.xlsx,0.00010669156048669425
8c8cbf24fa49c5a8d092ed025e6d381b06709c1883dc3479424f466cdc5602a3.xlsx,0.9925481452698995
benign_sample_5803.xlsx,2.5880287810537907e-05
3b94f6ac851ed9141b050f6f1096af9c5011de29fc67bdf8608182a47f88ac10.xlsx,1.0
benign_sample_270.xlsx,1.7885204700156652e-05
cabff08c326fd2d86124f707970ee19ba1c36a1e74bfeb30e086d30755c5718c.xlsx,0.9999998864581943
benign_sample_5269.xlsx,1.956956000015651e-05
benign_sample_11.xlsx,3.140675789949976e-05
e4683f11c3451a78961282b2cd2174fc0f2c2e0669ffadc4f2ceba8adca0e246.xlsx,0.9980780263438277
benign_sample_268.xlsx,5.305262554247816e-05
benign_sample_7943.xlsx,1.8486120505640218e-05
9698bea0b75dee144db24f36fde848aaa66d253be357218ef5062b42bda417aa.xlsx,0.9984027283823219
fcfb5ae4678610c5472b19e20e72b38b87d82b25d5c6badba47ae084c10c5db7.xlsx,0.9999999739714127
benign_sample_7047.xlsx,2.6172927327724967e-05
benign_sample_246.xlsx,2.039618226162425e-05
4f479bbdfc1e6f0ae1db03c1e09cda6d3aaa089523a4dfbd8d76ae26ec635e79.xlsx,1.0
c394dd2d2dc1f8ec771d2dc0b2d706b369decc8df33f2d4a5354ee26b85c2806.xlsx,0.999999867887992
96bf0039c8086e96b175fc8c5d09bd6ebb70c40a7f3a00293eebe287da4ecc8c.xls,0.9999995829926763
ee2cd72b38b26b8da624260a968c67ea3819f5bb3b1e9bb6f0336006c60f2050.xlsx,0.9999998754089404
5fc88d8d218ac5de79027951c65e2dea4977660afb32143c248514974670a257.xlsx,0.9999803503151593
3887c3739d6413c1d0b3fb9f17e88a2456671272687a42ae35dfa710cd2a9ab4.xlsx,0.9999999999999997
0a0b82b9c30f13d6cf38047aef70fd766780ecbe8fd7322db2c72823ed5e768c.xlsx,0.9999975689443316
benign_sample_7111.xlsx,0.001390292615281466
5782089834d012d57b4be138a2d3018b992a8f29aac091f974c6fefea6b37635.xlsx,0.9565981663857634
a91362c1c3d8ec27dd54d1f632c20dde466fde5208ef0245d8c2e4f0a4876377.xlsx,0.9999912520358606
b3deeda40621cdd3d3baec0164e2a0da69d7ab13665851270c683bd8b76088ad.xlsx,0.9999813019228455
3f0caa0442e66be12e48e3a8ddeca27a1e4ccfac01795a6d5c9e444c750eab26.xls,0.9999867906727102
benign_sample_2661.xlsx,2.4077618005104546e-05
benign_sample_801.xlsx,0.0073667010493700625
7d34bfd86fba89924215e960a2a68ca3de2e2ccdfb2a6e418517566dde151c15.xls,0.9536127644871502
dbf6f0b873d407f6503d8ebf9b7cc92a95d7d7f8eddc0dc5975c4c2db2d777bd.xlsx,0.9941369027571895
7573d18061640ec60a5fb9ced4e1903fc88c62b560b7e93025cbbb43c3daffce.xlsx,0.9999998535452913
benign_sample_7334.xlsx,0.11649156762254614
benign_sample_1892.xlsx,3.5700058094659516e-05
benign_sample_5849.xlsx,0.00011676351295372315
190be1ea6493aa4bc15a01da34f03a1d3317dd55b56f4a63b76d366759208b72.xls,0.9999867888695356
fc8eb9a14d5093bd4b71d7c7ee26232d36add4c9500f467be4f6bff28844ac37.xlsx,0.9999998754089404
9643f5248d6ee88e15068df584c9d875259ac81db505bb5ca120e0e401db9d8c.xlsx,0.9999990073790904
benign_sample_2568.xlsx,0.15432980600080318
8140e974305689e26b6549bcf43853ee84f1e1c8889249bc3fe1cb491f4c3810.xlsx,0.9983332322769596
3e7f2fa35ced655a45b84904bff145c08a8361c0488d6a0bb93b98bd3ea9c364.xls,0.9999889572253554
5645ca61f3c3c4cd031074e27674b830aa98c73f471d86e473498a7af2f8b3b9.xlsx,0.9999820401854179
benign_sample_8293.xlsx,6.296634506227851e-05
ea18241c03bb10e13ca416d0507213a9ddace3171249d664b3c86ea9f21c00ee.xlsx,0.9999989986993673
benign_sample_7636.xlsx,2.1405679414487993e-05
b692379fa52eabc7dfcf35dfc0c8da38e1ea83e76ef5f6f9405aa2845aaf6c11.xlsx,1.0
f5c6fbc178a815d5b5d6efc33746180ab8d7cc9a68c47571ac344ca461437fa5.xlsx,1.0
benign_sample_257.xlsx,9.365801977620525e-05
benign_sample_1921.xlsx,1.7516735262043988e-05
benign_sample_9212.xlsx,1.877961624581104e-05
41e721d4378f0e36d6c08249b9869cfbf054a56033311d89e50450ef5c515843.xlsx,0.9999999997814064
7c29ab4e08a12171e6cb2c8ed70a74165a0930156dfe1cde8d1fd012d64d9573.xls,0.9999889572253554
benign_sample_4833.xlsx,2.6356972189069214e-05
51d88e351f317e68fcb4db3171f39fcb89491757ec7cd6ee4b1917bc7027057a.xlsx,0.9941059241995988
benign_sample_7391.xlsx,2.6876432950823174e-05
45032e071c0522a80097b2114930aec322b608b1b44ee9607b2624f679e84a0f.xlsx,0.9999999407410777
benign_sample_9668.xlsx,0.00026651863742335036
benign_sample_8540.xlsx,1.5295625923030896e-05
benign_sample_993.xlsx,0.010580154376287891
a5c77ca33a0ff4bdead1b68a8104b65f2ab133398ce2221222922e17c6cb72b4.xlsx,0.995933333836773
benign_sample_8109.xlsx,1.7382603243130165e-05
benign_sample_2013.xlsx,4.043883155910445e-05
benign_sample_7386.xlsx,1.928012184352394e-05
6f94a50e5a1425fcd1f77da77b91528733cb5aa4d3b11b98d8375dbad4158941.xls,0.9999889572253554
benign_sample_505.xlsx,0.0008115475987238016
benign_sample_264.xlsx,8.039012565415835e-05
benign_sample_9298.xlsx,1.615205853128564e-05
bf3705dec2db289da40109be95cc98195ecbf5eda5b38962add54331954eeea8.xlsx,1.0
41e7ef79df05e400e3ddfdbcb5abf4dd6d944403a806199bab836af8cbefa694.xlsx,0.9947248089659562
benign_sample_7528.xlsx,5.368551526325695e-05
benign_sample_3795.xlsx,5.450881803138838e-05
5df19830b29d49b9c61de12a82a8ddead64c34cdf0b8acf086e2a40a284d0aad.xlsx,0.9999999936475487
601641cf64833e9b37fc39a6f309cf40f1bb08ab263a47e659914d9949d82b52.xlsx,0.9814359358366134
benign_sample_3087.xlsx,9.925947679502113e-05
benign_sample_654.xlsx,1.747459042507737e-05
benign_sample_8412.xlsx,0.00011615323525464062
benign_sample_732.xlsx,0.011320976379569692
benign_sample_3012.xlsx,0.012048023642266953
benign_sample_3660.xlsx,8.531096676847945e-05
5bac3bc0211a3fed363648e5b24e0665688d2036ddc66390168d9aa0bbda5b99.xls,0.9998058014491357
689398e7cc649fd7d31f7c20e84f5262e7d799e895043c398afbb100f43ae487.xlsx,0.999998316360529
5e0d8e37032704adb01e1f317888694b08a468d07a0c9c2fb5dfaf673bbf2426.xlsx,0.9999817279740529
benign_sample_2874.xlsx,0.0056412259850476786
bffeb3866f9e706a59e3a97dedebead4d911fe4a416f7336215cd5e7b91e0508.xlsx,0.9999974924259459
c5c4608078bfe1044aaa79bfc64b1e584a7a48fc0378fe3c65ee12cef4726561.xlsx,0.9999999991326094
benign_sample_404.xlsx,0.03917330800131397
bcacc866f54b13ac053d0392f9e7f78c1b871e01b87e0aa55852ca3f5af36aa8.xls,0.9999852181543748
benign_sample_2021.xlsx,1.914496648054552e-05
benign_sample_769.xlsx,0.001724699743868136
833250cd38faa3adb3f384ca58127ffefd076ce5d7f83d0dc6ca52b40487f0d5.xls,0.9999889572253554
benign_sample_841.xlsx,0.013138731875705701
benign_sample_4485.xlsx,0.001382348404413351
benign_sample_2904.xlsx,5.6076497837230685e-05
benign_sample_8841.xlsx,1.8681109303067753e-05
benign_sample_5402.xlsx,0.0005884817239859248
benign_sample_9460.xlsx,0.022197910103932347
599ade154a9a57fda1efd272e9d76988c187b2c4ee9ffe7d61246b3c391f72ce.xlsx,0.9999999999999996
9a5ce716aa165e4c8b695da9de3a49da58bb8b9fd87467ce33018e5d518954ed.xlsx,0.999999991618926
benign_sample_7670.xlsx,0.0014866068635883845
benign_sample_1788.xlsx,5.630579861751624e-05
benign_sample_5283.xlsx,1.6641316490420492e-05
benign_sample_2672.xlsx,4.446232672650683e-05
benign_sample_1735.xlsx,2.44385742560235e-05
51ca0005c77e1e698945117aee1c545c84bd01900e0005e2337e4cabaa5014e2.xlsx,1.0
benign_sample_461.xlsx,1.807940472845046e-05
da2ee6beb9215cc242b89210b36ed751cfbf5079a7ed5d8cb75f67e7c4c896ee.xls,0.9954179823749271
847320c2a6fabb6a70ce3605769f3fa5597ed2dcd2d8aa299fcaf9e6317cded9.xlsx,0.9999999739714127
benign_sample_3634.xlsx,1.776833895146444e-05
09afc97b14d2e89f762dfa59100147f003867129f3804921cd79161984024b37.xlsx,0.9999954643780108
26b3cdfefe2059d184752ea68ec9f921a1b2bcd57563b6ea09425a99d4b0200f.xlsx,0.9999999941338403
benign_sample_4621.xlsx,2.3570243908709873e-05
benign_sample_3096.xlsx,0.0001532266356362427
5f8c7dc66770f75f7dccd10ac8811f37c344f1c8ba906f017186d2b9d756fba2.xlsx,0.9999999670849972
6dec8ea7b9d739e35b72c2c4b6c0c7a1dc1013b12fe3ebed0cea7359a5e8becd.xlsx,1.0
4215d94eecf68693631c40890f66d974a99769343cc2a06837b1975eef9a0e4d.xls,0.9999865800886484
benign_sample_5439.xlsx,0.0005022336065686949
benign_sample_1121.xlsx,4.306194172661201e-05
3a34f35f5e4fffad412cc6cd381658dcf51643102ef148bb19a5cf6b8e59b283.xls,0.9999955262176657
benign_sample_6931.xlsx,0.0014596541993777063
benign_sample_4715.xlsx,4.1578251042139646e-05
c4fdabf9a909c0a4c5e123b773bce4407f890351a85196ea86aab0df21b631ba.xlsx,0.9999999997470769
2fcfbbaefeb1b411b1c40ba1badbe3c0c98e3b06636769096e772121814ff46f.xlsx,0.9999872118683087
benign_sample_9776.xlsx,0.009903618476556113
172dbf3b32f23476b743ff5e4256db49f0b9a8e49fa8bee6f79efbb49d5b8d01.xlsx,0.9999950447112785
benign_sample_1036.xlsx,0.641275991913718
benign_sample_2076.xlsx,0.006520969514630264
3a3fe1a5a53777edc0bcb8503ab67ca5faeda2fb3de126be00256b5f84e6e306.xlsx,0.9854438590302106
d1a5da570d37de6f4adccfd6ae1b82bcf19872392cea93528d9ddbb4e4c268e7.xlsx,0.9999997751285887
a9edb3731a01485e56ae2cf92a1c87f658ba4be6fcab24b01019f88a440616f9.xlsx,0.9999803503151593
6a711b0a2af8ed8f70dfc2c3f2a94056b83ec198edd2beb66642e9195f98f79f.xls,0.9709142586775803
b4fe3e2eaece987cce1505e693d65395b9ed652ecc92cde2e140b37db0d0192f.xlsx,0.9999999941338403
c0d24753d15e7ed04b4da9eeae408c4729ff59deeada0ed873a9d01437aefe44.xlsx,0.9941059241995988
benign_sample_8242.xlsx,7.527634736997105e-05
benign_sample_1208.xlsx,0.005794861418640883
fc68ab04ed54d94d66b63ab0de745152547b1bc122f936fc9cd9ddd1cab70893.xls,0.9999889572253554
benign_sample_9844.xlsx,1.7068502391163833e-05
benign_sample_6552.xlsx,1.9801029898604858e-05
benign_sample_2513.xlsx,9.621663656664475e-05
benign_sample_7981.xlsx,4.666230093954704e-05
7d028d8d30ecc0c744dbf1cf83d5e30c53a1dace3cf2d176fb4bc98b2b2ce23e.xlsx,0.9999999948510103
benign_sample_4451.xlsx,3.305956997443522e-05
655fa1c0280a7aec2795f9b857617f90363b9cfac58961c4a29aaaa8f3845e81.xlsx,0.9999999997814064
benign_sample_7253.xlsx,3.119561366032311e-05
0df7ad7701bad73576c07af6d33d56f48a849bbaaab3837172b3da2af8e2db4f.xls,0.9999852181543748
benign_sample_6707.xlsx,1.721703984567592e-05
benign_sample_354.xlsx,1.885685219626144e-05
493f6d718dd2ec60b108ecf537b8deacdde7fe7db304d649274c7da565dacfa1.xlsx,0.999999964451359
c2b68736c516d2ae0c88f0a730b5507d27081f2b9e181a4077836b22f4496f76.xlsx,0.9925481452698995
benign_sample_316.xlsx,6.480293448686245e-05
benign_sample_4782.xlsx,6.043166975815722e-05
87ee5b912e1285e632f61f67e049c2ab4aa14fd5c2530282388737a79b6e4519.xls,0.9999889572253554
8b117768ed713ed13ee51129c695dfea75a12177574d71c680b4a4181c97b7d6.xlsx,0.9999999957241017
864fd8b4649eb6987b523f4d1f614bf560f9dd7edad1244312847a3ace52ed48.xlsx,0.9998580221765749
benign_sample_4215.xlsx,0.0002188140520489347
benign_sample_9816.xlsx,1.7815135920906056e-05
f2806460b71345e64c904a288618181368a831e27022b51dd49136080fc8c881.xlsx,0.999999964451359
benign_sample_8764.xlsx,1.743569527281484e-05
2ced274d38e71aecbd3ab57b978fc4a94b8f6fe4d39df7a8db235e72813be6b1.xlsx,0.999999964451359
252db8ee3c10aeb1589590a3866ed4ef1e4824656916c1c1b2ae3f2f6b51ab80.xlsx,0.9999999999999996
86bae0f75e1ed0d968378df8eb278a548df3ffb315638cc9ac2eb29b826d2237.xlsx,1.0
b96a90e3c7fbce44e3eda334fece922ff05666acd08678d7e6e45a9282af458a.xlsx,0.9999999605520123
benign_sample_494.xlsx,0.0010364398858404525
benign_sample_7983.xlsx,1.6831112714247636e-05
benign_sample_65.xlsx,2.2424824262440963e-05
c240457f458cdc1eecf8854e06595114847b8856adad838e62098110bc3ccbf9.xlsx,0.9999999881617171
c3568bad4532c3eeed37e2d9ef903de8691106f0430d9dfd50573f9e483bfb4d.xlsx,0.9999999605520123
88ecf1fd236eace7da64be7c7a6e114117beddc5c34ffb9631a2157d6faff9d8.xls,0.9921313027555246
benign_sample_1061.xlsx,2.144852084499982e-05
70ff9d0a798477d646bdbd29e93c229aac3b7ece21ec9c771d1e61a0f6c906fc.xlsx,0.9925481452698995
benign_sample_3014.xlsx,0.0017354947441572627
benign_sample_6714.xlsx,0.0006295894740249974
3b7b729b876f702688636c402b001c3d7abbe1aacc72d338a24cff6a3aed35cd.xlsx,0.9999984290817404
benign_sample_7402.xlsx,1.539063626449269e-05
53f15af99cc7552de02bf32b68d872d14e2e2923addc3b8079183b0e0473c615.xlsx,0.9925481452698995
benign_sample_7279.xlsx,1.8818938129829376e-05
benign_sample_1348.xlsx,0.00019391245430752514
benign_sample_8545.xlsx,0.021094339457443646
e1cb9e57fc1dfc5d8c6503d45f240129d166804b8ec741f9d11c1354b9607f9d.xlsx,0.9925481452698995
benign_sample_3230.xlsx,0.00010618951824547256
benign_sample_5382.xlsx,0.0018108203357493178
a87968576acba229c196682fdd63171052de42d703a962e04f62d0819e503be8.xlsx,0.9999999506574592
benign_sample_5641.xlsx,0.03168718054395524
benign_sample_2768.xlsx,0.0006807943373676875
benign_sample_7139.xlsx,2.2772737617908046e-05
benign_sample_1647.xlsx,1.7680608452720594e-05
fc3d5916daedd894dee5a69d52828e065a6b430d46653cd8c59f6cabb40f5e14.xls,0.9999889572253554
20c3d056019a7f2881028fc4db9f160845dbef00df5a9b54e8268df1a50e2a9c.xls,0.9999860233211023
benign_sample_8832.xlsx,0.014023438133443686
benign_sample_9910.xlsx,0.0003631348783298739
e4252d615fbb9ffbbf8d1421b96d3b386f9f5448daf9bb2dd71d8967d7693e6d.xlsx,0.9999954461216259
6b06bf3d865e5eddab7920e5b00ffefd032b152557e1e74ac3b262909ee20b3a.xlsx,0.9999986755581926
benign_sample_9872.xlsx,2.1783576455202438e-05
benign_sample_2771.xlsx,1.8035306422978756e-05
benign_sample_2627.xlsx,1.806115707390326e-05
f29fc72142fe9a7d091355a83cfeb0caacf771c55ed51cdbaf8d56f0a7fd9fe4.xlsx,0.9996467573923106
3d903b3ada21471aaf26d1f1354b011f3529385617fbdd2b95fcab44749ec42a.xlsx,0.9999908826584963
2cc4045fea73fdcde8bdf656b37906990e2d391df9c9002cc30372694be7cb2d.xls,0.9969696889794483
benign_sample_3328.xlsx,0.00023196252625890112
7c97e04f69c6bf44d7b753661204b46dcff6ae910c99917b3e50ded36a974c61.xlsx,0.9999999684204495
8845d949c570307e49ed0782b8827777880451f98bdd64922cd0a466240f8a33.xlsx,0.9999995756737899
45bf39b77ce8b035e919790c631a7a02ab9f39b084eba8bb655d4c75a4deb7a8.xlsx,1.0
98811acce1fc6a675afb071cd97a13818cf1494e147b69fbc68ec03b4c6ba0ab.xlsx,0.9734267346248134
benign_sample_9862.xlsx,0.00010353925362691443
benign_sample_1230.xlsx,0.0004919389675596327
bd3023b1b8e6a9a51230e56e7a5175b9b4eb8e285aefb279ef0b23e82f3c2298.xls,0.9774675411313245
benign_sample_1071.xlsx,0.0004227709991784221
benign_sample_5720.xlsx,0.01724574636553064
benign_sample_1473.xlsx,3.204518484012215e-05
eb84e38dcd0c4a9001ff77f310fff1f35f7a1f266d427e936e147f2503d7fd4e.xlsx,0.9998590529185134
benign_sample_8532.xlsx,2.3650862768383597e-05
2ed7bf7fecdd83fb1f01697be1df04cd6dbca8cb56a7b4a200b979fb2bff900c.xlsx,0.9999999999999997
benign_sample_6496.xlsx,9.716953350423823e-05
benign_sample_862.xlsx,0.0007132983403663431
benign_sample_5203.xlsx,0.01119962029942003
7e46963f0948a17f6ab3bb52f5688567aaddba1c7fe3f848dbae434f04c4621e.xlsx,0.9999908881099094
b06d63f141c10c4d6221927f3b9a4cd17e47a00eebbb1a9e8a4372e2dc266d57.xlsx,0.9999954263295718
benign_sample_1795.xlsx,0.019820517733522103
f25240d20af38d380b01cb4527d427509eef0925ff9c3e294f266000ff5d861f.xlsx,0.999999964451359
ab10f99205c871817f94e6f2e7a2c654504a2bfde5ed375401a200735694560c.xlsx,0.9637318129665132
benign_sample_1540.xlsx,0.041908422440262626
benign_sample_4712.xlsx,0.005502528108724553
benign_sample_2091.xlsx,0.05682707132926695
benign_sample_6787.xlsx,3.329933286020994e-05
benign_sample_6664.xlsx,2.3738714643716788e-05
benign_sample_4648.xlsx,1.684836811448532e-05
benign_sample_5685.xlsx,0.00031220131043015897
benign_sample_2009.xlsx,1.76558847555201e-05
benign_sample_1819.xlsx,1.5899393727881744e-05
aafc81c00e7e5df11875d827a321238a816cd6ab7e1ca78c19bd1f91375a9645.xlsx,0.9999999670849972
1004afa013863582c46745e82621b0f068f0463cce8ac33904a83d7f720caa74.xlsx,0.9999998864827947
benign_sample_6273.xlsx,0.0002319694159847475
benign_sample_8847.xlsx,0.00035662121868238475
benign_sample_6330.xlsx,1.6099060580335757e-05
8eae2db67186a7ff3940b8723d458b453914c0c97af9fde570fcf816b3ae2b24.xlsx,1.0
benign_sample_5709.xlsx,0.004458328782288621
4bbf0c125c4991fbdde206518fd050a9f66f2ba517cdc0b746a84c8d707977b1.xlsx,0.999998503346864
bbe56f5213744345fea0654e4474dd45d761b139480a0edbc84f981712dca8e1.xls,0.9999867888695356
343df224448e4cae04164e6372dcc41d52e232b3d648b9fc1157664d60271781.xlsx,0.9999999684204495
benign_sample_7165.xlsx,0.00018103489713895923
benign_sample_5948.xlsx,1.9877649293878703e-05
benign_sample_3694.xlsx,0.00010277547927864476
aaceb007e5336973b063d8c22ba4ca8d6dbd9f689b029f3962d2f627c36dcfeb.xlsx,0.9999983464445354
benign_sample_9255.xlsx,8.93946627508997e-05
d4e0113247d78ded316bbe78d7534a4a4991e0354569e91089de70c1b8ae5735.xlsx,0.9999999941338403
benign_sample_3407.xlsx,1.8698431203358203e-05
5d372591b1e8b3107e0e57ec3a38f1d2bfd43afef5f04bee85334f46f57d71bd.xlsx,0.9971829097248018
benign_sample_329.xlsx,1.6012336887334237e-05
benign_sample_896.xlsx,0.0020326826973594302
benign_sample_1631.xlsx,0.0011563324103288544
benign_sample_3335.xlsx,1.7958623228436415e-05
benign_sample_5005.xlsx,5.0823020280624806e-05
76bac667effce42b08ca228acbeb9d3c4671c3e53c8cbb8df99d415037b2bc55.xlsx,0.9853955413406489
benign_sample_7462.xlsx,2.057616235562444e-05
benign_sample_8133.xlsx,2.3217990475202224e-05
benign_sample_9797.xlsx,7.179338264230683e-05
a808198d5caa40d58a410562e502b865d30354811b16fa025fc75530fc485c1b.xlsx,0.9999909095554562
f7f7eef1335e813a234c7bfa0122c9865ef55f8655082fa9cf4e295fb4b58981.xlsx,0.9565981663857634
benign_sample_3531.xlsx,6.95331344968517e-05
benign_sample_5388.xlsx,5.779694274278546e-05
45d86a49a0f6fd9f5d1714e9fe9fd3985ae593ec5bc36b74ca1d93ed275c57e9.xlsx,0.9999989636104774
benign_sample_8696.xlsx,0.10043645840017133
75f4585295b5c86cc4eb2646441dbe26a2bfd2abfc3b4a108b59fd72aa1c70e7.xlsx,0.9999992093922522
benign_sample_108.xlsx,6.929049480098227e-05
ddc397e585640aaaee2eea79204a402c17c39a81d4202a616935b8fb9769c4b0.xlsx,0.9999869876529005
benign_sample_9527.xlsx,0.000945448332611599
806cbd4bab7e77c8a90661c5f92d347ac3e6ba869f1ff1f7b27c5e289ff105ff.xlsx,0.9999987351055174
benign_sample_2911.xlsx,8.721777674860148e-05
753d62bb46784fcdda4c826204bf985f3431019bb149c0db979b7dc48f6d3c08.xlsx,0.9925481452698995
benign_sample_6874.xlsx,1.7241396184136658e-05
544ded8b2a6b7d11f5d08028b40968db554e11fb29d754823e162d4538be80d8.xls,0.9655195248469197
a15a81ad32a1f2abff269d520c13f8815623240f879174d1da2765367f79918f.xlsx,0.999998316360529
benign_sample_9270.xlsx,0.023275454274062888
benign_sample_2303.xlsx,0.0004546082543222607
benign_sample_488.xlsx,3.117188720958172e-05
benign_sample_2810.xlsx,0.011825546002215019
fb22ce21407744cc23b620a0fdb364747b3c8b7914ae49adfdb33c736e927922.xlsx,0.9999998870650856
cb59d09cdae79edceb4f5aa95dca34e81d6ef5836996c6f39e1b7c24dbc77621.xlsx,0.9999831246946421
benign_sample_2630.xlsx,0.006437096103701753
benign_sample_8229.xlsx,1.7531802478367477e-05
benign_sample_2126.xlsx,4.562113489892814e-05
3e24e40b62f4d4e77e5bc6e77c5fbaca1882358d5b6dcc42dcf127e2bff16c5e.xlsx,0.9941059241995988
5f55854c07b785444edf8ecb70e508974c8e4c369528b528b91ccf889128bb82.xlsx,0.9940774304816781
6247bf11dcc6e5a3fbdfee8fc19fb9a1f629653d77492444c20bd47d2ff57d21.xlsx,0.9999999739714127
benign_sample_1927.xlsx,2.3996437766019563e-05
a4e98ae15998fc06b7bad65c26236d4e79a67a40007f2a5ba38ea323323f35d6.xlsx,0.995933333836773
48579759dec450e7175560b44348c095c18058f109b088eb10434c0ebd4861a3.xlsx,0.9999985070100385
ce87244ef9f49d0ff9bb421b533bacc10272a13b49ece0c4302a3c56cb028025.xlsx,0.9999984968792169
0d0cce91ec054bbd534a683608e7ac4a6d1137f0cfcadb055dba9c8be1945dc4.xlsx,0.9975654991334776
benign_sample_6640.xlsx,1.6800256863241718e-05
benign_sample_577.xlsx,5.358178293008244e-05
9a31c2e5edec52c6851944fe0637a3e3c1f768d8f024b45d0940ab866b440504.xls,0.9999867888695356
benign_sample_5261.xlsx,2.1489094961239535e-05
benign_sample_3661.xlsx,0.005191178389682384
e1aa273e3b7ec9fefbbce9d495eac806c28331793991631520e208f8644d9a6e.xls,0.9999889572253554
benign_sample_8710.xlsx,1.9392141115350213e-05
5a1f70ca78a8b2fe459fb3852e3bf6b9ac0917f721f3b79779e4a6bc4b6b0a4a.xlsx,0.999990975183977
376b8a3db2b1daaf60724f4f5c151ab743ba7011682acbbb386fd23413a85a9f.xls,0.9923415710872808
e62007fb2b5d5119069fc3d90792e4460bf16f808246b07f03565d4c657f9894.xlsx,0.9999999612938351
1cd7833c7f9acb6db9d49a88fedbefd9888eb89b47c9137eff5b32ff9fb56b79.xlsx,0.9999999999999996
benign_sample_9211.xlsx,0.0026226449959424205
benign_sample_3026.xlsx,1.9693306602732267e-05
2aefa8b36cc88dba81da2456ca8b8fe1e59e3db69ae98300b0f77afeb030a8f8.xls,0.999986721806945
benign_sample_7890.xlsx,1.845898612148136e-05
benign_sample_2532.xlsx,1.5904010333637085e-05
benign_sample_941.xlsx,2.4549864251857947e-05
81c0b307cfba7e7c8799379111bffa27cc986aaba44a69709f06918d828e257d.xlsx,0.9999999999999986
81ee1ab4c3890fb08cfa64a0aae5edc83833ee9648ea3afec73cdbf8d25aa23b.xlsx,0.9999999949164368
596c9f2442bff8c7984ff41a27c57f31b933e3b6e36e9cdf2068e3d95016f4be.xlsx,0.9338645597462191
662f993ddf616adf7550191c5036d719e0cb02c2c5e1fb9b0e87d51598b71190.xlsx,0.9637318129665132
benign_sample_2195.xlsx,3.7626157005737664e-05
benign_sample_9079.xlsx,0.002534795508195574
benign_sample_2565.xlsx,0.0005019508208697862
benign_sample_5838.xlsx,0.07212552357287609
71a16f86e0ebb756ab212618dff1340acefe2fa4957d087929af011136b02d71.xlsx,0.995933333836773
7ccd6591956dfe82d9c754b3c5517e0993502e5977239028ff1d7a24e437a7e5.xlsx,0.9999999739714127
b07a075fc08de4dfbf9eb8a72017f7250a1e6fc5bad708a58ff0dcd29cab269a.xlsx,0.9925481452698995
benign_sample_8559.xlsx,2.5154399688368367e-05
7c18f720a999256e74ba5f8b556fbe70ced5d6eaa8b894f82df201da05ec674d.xls,0.9999889572253554
benign_sample_6200.xlsx,6.773512323677742e-05
b05951994381eb4d953d58b7ffa7c428be1f640d8c70d70adbfb4a046fb6dc6c.xlsx,0.9999999999999997
3f0ea5fcc1fe4accb6603c1e2a3414071d4e1c6637c2e7ffd1eb94aaaca18fac.xlsx,0.9999999605520123
benign_sample_336.xlsx,1.6068346943850798e-05
benign_sample_7410.xlsx,0.0011726190798616158
09e705038fc2adf93f4790d3f91f7044ae61fc3eadc7a50f51cf7218db28ff6b.xlsx,1.0
bb02f3d3d9a7eea6390126cc695b49962838ebbc08a3248fd22dafe9df0186d9.xlsx,0.9999999941338403
4704687b1de17953d9ff761e475bf410a229bce5389d7d3b63ee323d47129653.xls,0.9999860233211023
benign_sample_7041.xlsx,1.7964536322693995e-05
a1838d9930da1b56b7c20a572bca0762f80fcbe63ac26245979433eb9570aea2.xls,0.9999867888695356
benign_sample_4618.xlsx,1.8982426560271397e-05
benign_sample_8562.xlsx,5.986349734280179e-05
benign_sample_4291.xlsx,1.615469639319282e-05
benign_sample_8087.xlsx,1.8481288243744728e-05
benign_sample_5472.xlsx,2.8917864434636388e-05
3dacae05d1761c4616491f781ba8919154acc64800d3fa917a79a0e4f9f71d5c.xlsx,0.995933333836773
benign_sample_9491.xlsx,0.0003962989704806578
cfbb1f7cb88362e74d9f73fcadbb5c94ec68ec607a67376f618505e3a0df04c4.xls,0.9999889572253554
9ccb9e0a95a892d18cdda2a0943ce1835568f2170de4078568faa831851e8adc.xlsx,0.9999999557574122
ca2d4ba6879c9b55eaa9c771ffe98167184b60a51aa5592c2d4205389c9f64d4.xls,0.9999987393629145
benign_sample_8870.xlsx,1.8839520398392415e-05
benign_sample_1180.xlsx,0.030157408574558325
c2ec8238c7c31d816344e46449b9a3b6541e6192b352079c4424778dd05276a8.xlsx,0.997491611415346
benign_sample_1003.xlsx,3.8061387443591404e-05
9805a0ba22152940ab7dd8fba679fe1c7a4d1cbc6589ba531a1d5d7e74fa95c8.xlsx,0.9999999670849972
benign_sample_4230.xlsx,0.00024270696409975793
benign_sample_1238.xlsx,1.7554989323167315e-05
2416d5661422a2b0fd644c20db247a35aeb09cf952e1497daa7104b70ff44c0b.xlsx,0.9999999999999997
3dd40a6a52380d376ff19d80e83d0d19c646819eb1f6def8701dd224b9e9dae5.xls,0.9999867906727102
b7f18c88be30ebafbf72f7eb35fc5882f7476ae10b263309cf204cab6d455132.xlsx,0.9999999697120597
benign_sample_8164.xlsx,0.003544912107303996
benign_sample_1619.xlsx,1.6213658857438488e-05
d0271e58ebd7fa92a8a30f5f4df2c106b98b14873fb0a7fa7fc81a6dfb3526d3.xlsx,0.9999930805908029
35ac20a34ac4210328034670529dc32e7691aef3f3799d0e08fab497d0aa8e39.xlsx,0.9999999991293609
cad62d83b3cdbae34107aa8c938cef18e0aa38144d40e8757cf0a6b48d2ae134.xlsx,0.9999990089109055
benign_sample_2554.xlsx,0.09679791689260953
dc44cc3ae94e99f4438a83a662d5d092ce59700c0c199210ec5a8f26fbba6b63.xls,0.995933333836773
df2793eed16236b32964e6a0c491db6dc3c8fb0f56c0a8a4d998757746d6d149.xlsx,0.6583393583139471
benign_sample_2397.xlsx,5.068843877263597e-05
8b7f2b51964a6a989e5bedfa09225356b41c0e418b2ef871e501d121f0798538.xlsx,0.9999999697120597
07ed07a5b2471d76295b5266553f307717282580485dd788d7a97ba3b0b5c234.xls,0.9537293294718677
a1c35626ad79be233b6b3beca9adc658feeaebf0ce5a25e86979395021793fef.xlsx,0.999999999734519
c2fe1cffb4e802602cd38ec484ef22a9794e6570b577da55f37ace7675f0bffb.xlsx,0.9998578354140704
benign_sample_9145.xlsx,1.7921746767078994e-05
benign_sample_9565.xlsx,1.926824104451127e-05
benign_sample_9580.xlsx,0.00016569450838724273
benign_sample_3053.xlsx,1.8120491595641364e-05
benign_sample_1620.xlsx,2.4445880257150917e-05
benign_sample_7258.xlsx,2.638823925866014e-05
b80c9f6c0fbc102d7434ba7225d9d3aefd08d4935c6351db294ace4b7c618706.xlsx,0.9999954334819786
f4df17393ded80993f0dcfeb86177bfade99a7a93805d232d60197b079825f0f.xls,0.957970976727932
benign_sample_1642.xlsx,1.6059808594368376e-05
057ef75d7d72a4e43766fd9e91801a21539171c1b7321a8138fd5a815e472f05.xlsx,0.9436225435500608
1ef1c16dfaba1f72058f3142d5ed53607b9f60704ac7eea1f759eb9de90129a2.xlsx,0.9925481452698995
40d40fef13ba74ce69df1446c075266420370d846ead9ef25c39467910ecd0ed.xls,0.6963012714154208
benign_sample_8607.xlsx,0.0002300576259773991
b188a45a1f05994b9091d02de0543cf0988a8ef67e2e74c1541dc7e7d5821ab5.xls,0.9998058014491357
6983da3b6974b6c2f434f1d4bb9c8711a028482a74aa92a4f61aa1551b5ad125.xlsx,0.999999997060776
benign_sample_3433.xlsx,0.00010554457582687519
5ed22b104cb4f487dd5ef338b7996dd0f60103851639e78d8aacc1c12a71c680.xls,0.9999867888695356
benign_sample_1099.xlsx,0.0017870903807024566
2132dadea33d1c052e117f67cf7fd213638a4ddd0d7e67817c341c0fc7fb9697.xlsx,0.9999975094259336
benign_sample_8177.xlsx,1.725988300385678e-05
benign_sample_9507.xlsx,0.0008343236148853596
31284b329d5267ce49ed7b8e3e97568ad15aa83923648a69bb70c539dbc72c43.xlsx,0.9999985005488988
e7edce010e77e4f231606cbb62b7d7ed48b650b8a0f0582d8cb15e5dba989511.xls,0.9999863895520815
benign_sample_9213.xlsx,1.4805511121052085e-05
f61c3ae368c41f12eb54344d94ae8a2924469e49eb0ea18094db98a351d3a343.xls,0.9999889572253554
1f6267561e677af4b2ac2a0502be127ac3ef98f1e0cc230dcfa87a955e675847.xlsx,0.9999999700466148
729621f2b567b5edc0840dd1f77af8eea06f17a4ec6c0696196fa6e80671fd50.xlsx,0.995933333836773
5778109b7f8d31da72f9b53d9d792247a2921dea31d4270986480a690b581075.xlsx,0.9999909065696276
benign_sample_9388.xlsx,8.588273761939288e-05
e320906c1c1289efb9778a9b4b7ff9423d39d901c5054ecf6e90e55ba40c0d0b.xlsx,0.999995511475671
benign_sample_6911.xlsx,4.433435867376301e-05
b396fa7e66c7bbf8f4e0be9c50bcab005b1e88d5fb2c7ba972b9b119d01a9f9f.xlsx,0.999999964451359
843d198b843a4b30b073ffd2b7a018f215dc6d1378ae98cc0d4b2d1b9536fc63.xlsx,1.0
9a7cca84337b84fccff54be43ce1b74af7677874dffc0037ce3d9f8a4e7c1dd0.xlsx,0.9999999998795316
f430d1bdc14174653a482812fa1c46ae5b935bef14c761573e03a5a7c97ad0d9.xlsx,0.9999999991345135
benign_sample_5830.xlsx,0.08417802968045758
benign_sample_8059.xlsx,9.344347298517442e-05
benign_sample_6734.xlsx,1.5108225251478817e-05
43dfd78d02dae1a836cde9fd6e844e985a6c575d98fe0ee1815b8c3e1772441b.xlsx,0.999999964451359
benign_sample_9120.xlsx,2.1573363537141706e-05
53fb17fa53cc229fa6ae5588541b06bbc6a89c991302840ed57210dfce5fcd27.xls,0.9999860233211023
66db4f35414c834c5f144a668c804e75149ed55d81dcae4a02494a817332f4f3.xlsx,1.0
benign_sample_9232.xlsx,5.35430497997531e-05
benign_sample_6831.xlsx,1.8786365599297062e-05
b9acd2a234b9855d64a7c56056575b5e89e72c8d69f5d8f6b7dce186be80a93d.xlsx,0.999999964451359
benign_sample_2858.xlsx,3.3154392380344736e-05
benign_sample_6135.xlsx,4.592062162376751e-05
d7cc816866a86a79c8f063e0bc58dd343eb466ab5c51c1f75ee2f55367848373.xlsx,0.9999999974214155
54fb9cad3c4e430025522add6623a3dba94ad9e507f35cd92b8d7248f9c10c11.xlsx,0.9996467573923106
091dc9b401b7de0a9d9762fcc793529776d3cb712bc7e9f07372930f5bbc876c.xls,0.999986262081397
6bbe67b5f91f49ff1cce69808d819d7a6f44672bc88d38f1abbf1c2fe582d3b4.xlsx,0.9637318129665132
benign_sample_2727.xlsx,3.140243327619837e-05
d6d3ed83f69be7e6514cbabcb5b339f2770591ca2eb2e032a614c6b835bd2e70.xlsx,0.9966660213798058
benign_sample_5023.xlsx,5.404759320134864e-05
124e5f0ebc6237c67a0e7b3e7830a2d2afa4da0acd47b4ab42741d9abb3f6e8e.xlsx,0.9999999997814064
benign_sample_2158.xlsx,2.6865527016333885e-05
63aaa264c243b2dea7e063adc393276a84aa7a8bbc2c204b14538b97d26523a9.xlsx,0.9833234635472311
3f7dce77eb0dc3f452f0e5e3ab6650aaa277b335d5267c8a4a786d9b50866d35.xlsx,0.9572173997501552
benign_sample_3071.xlsx,0.00011347912418261396
8051c7a3aa2a06e37a0b288bf688ae29d3ed5bb085339b410fa0795b0e7d8f2b.xlsx,0.9999999957241017
1db27ba068c8cb6b78d9f97e9f3263dbac5449785b3531a19725ceaa291b2395.xlsx,1.0
62bb4d89d905a988f154fcb9bd60a376cca42c1343e03b03a897d039eb8d4036.xlsx,0.9993630742708657
benign_sample_7317.xlsx,7.575240775705259e-05
benign_sample_914.xlsx,0.00011973315565492733
benign_sample_1584.xlsx,0.00032750085271809085
3c8c09837a03ece48178b036c216412475dc9ac13bfd581ca78c202adc103427.xlsx,0.9996467573923106
benign_sample_2154.xlsx,0.0003700982764042265
benign_sample_4248.xlsx,0.023938777199535296
benign_sample_1000.xlsx,2.3973136789451333e-05
benign_sample_2921.xlsx,2.7521592699552164e-05
benign_sample_4458.xlsx,0.0016704777305531148
9fd93197a2bfb90d12aa80ca0c51a242af5c57defd88611eccffa32d945b2b3a.xlsx,0.999999999734519
bed210e24eb758d50ba57a168b84963a22f7e96161bb81d2f859dbc25dbcaa1e.xlsx,0.9999999999999997
benign_sample_7759.xlsx,0.00031408360469714175
benign_sample_2401.xlsx,4.3005371919509735e-05
2316765b238e805cdf18b499a7df03c42c37012e335b6b2d3dd2ebb8e66cd842.xlsx,1.0
benign_sample_6765.xlsx,0.007497219905626583
9e8a5f8aff155a5203ca1f9a853ad91510b189390c69108fa00dff448b77263d.xlsx,0.9999999991323077
benign_sample_3571.xlsx,0.0009362610121393254
benign_sample_7579.xlsx,1.6725798090563322e-05
benign_sample_4610.xlsx,4.876741472717604e-05
benign_sample_4251.xlsx,0.00014316019139113922
benign_sample_5538.xlsx,1.8231988171978942e-05
benign_sample_4188.xlsx,0.001568624730795178
benign_sample_7619.xlsx,0.005651201453831283
benign_sample_164.xlsx,4.809584270562631e-05
benign_sample_1703.xlsx,5.023030754153476e-05
benign_sample_5149.xlsx,1.638540429480299e-05
cecd66cee25401b0298a30bca4d3164ad37366cfd38ec7fc1e59ae7590d08d9f.xlsx,0.9999954664885475
2131e95c8791079ad0259a4bdaf2808c807414fe0d8fd7bf1b6e605b87b640bf.xls,0.995933333836773
16081547fd3713cccfa116a79f8332cea981fc08e2056c5c090a2d88a73719c3.xlsx,0.9999858275513809
2219ab160442a9ec29e7280937b1e449173906f352f8291ce01689e6612d488c.xls,0.9999889572253554
2edcdebe272aae712cc2a69305b643be8edace416f88c6f5ce9d18eda75129c1.xlsx,0.9999987367878184
benign_sample_1924.xlsx,0.01115995717828612
599aa910f87c1b2ee94b34e3423acdb847cc43eb4af5bfc49f9fe04900557585.xlsx,0.9849998535352763
benign_sample_483.xlsx,2.409392317940736e-05
a128bfc94f1783253d8e983c6867a32d49cc561cdea9881e9a4cf516134a38ef.xlsx,0.9999999991358424
benign_sample_3973.xlsx,2.0679101699089643e-05
34620449b0bc2fd680e5fa3e11d9b89bf4ea9739abd4e68eabead0beda17886c.xlsx,0.9998933826531523
f6d3a7186d7f1c09967d99e6d04f823113075081c1a3a19cfed84236706a91de.xlsx,0.9999908996719903
benign_sample_7026.xlsx,1.8485736700524403e-05
benign_sample_4917.xlsx,2.9161303615384825e-05
benign_sample_780.xlsx,0.00011908268285694819
c49b5ea97bc02d01ee413e2a6aa9af6b3f04f9ebd9b30933ed4caef929066586.xls,0.9999867888695356
benign_sample_239.xlsx,0.003948672866737723
benign_sample_6676.xlsx,3.542202350433251e-05
1575d09c8a6b99daa8747ee7205ca6f0f114a58e7f55684e9e0d11c688dd240b.xlsx,0.9999999936475487
benign_sample_8076.xlsx,0.00030140216792747226
ba1653f4c4c84e82a022b91efecfcdbe4fe91fc0dba00bcb61e2b2c768b8cd02.xlsx,0.9996787690471617
ad9cee450812467571d9816e6d372ce8a3fb14fc303cece2b64d382d4136854a.xlsx,0.9995504868267308
benign_sample_526.xlsx,0.003502763419928665
906d370bde2673c1a178bbf59fe3ce0c8d9bf13fa6ba6e265d5bd042db1a7e0a.xls,0.9999889572253554
benign_sample_8118.xlsx,3.459838008094288e-05
edde2e1fc16487e484f8a785cc4ec33d16e23e220d03a8904da599c116e6a8c6.xls,0.9999865960174247
benign_sample_4409.xlsx,0.0004901012481515956
1d49ef3ba0b03ef4e3dc09739fd103c4cb7d7efa40c2f809e1fc340ab93be30d.xlsx,0.9999999941338403
benign_sample_6415.xlsx,0.11657357518436758
benign_sample_4136.xlsx,4.899856327310608e-05
benign_sample_3496.xlsx,2.5747926215856405e-05
benign_sample_372.xlsx,7.879038107122893e-05
benign_sample_1417.xlsx,0.01670158834288747
0510d32f4d774130d04134eb8c9f6f19d04d30de144ff245466dfeb08c1e4402.xlsx,0.999990975183977
benign_sample_2747.xlsx,0.015616127566367275
benign_sample_727.xlsx,1.751159292427751e-05
7d7e34569d1d84e78bc045981ad265e86cdb154522d21e80741c4d0cbefd3ab4.xls,0.9999889572253554
benign_sample_9704.xlsx,1.9282785363723327e-05
benign_sample_4410.xlsx,0.0011775839062592515
benign_sample_7893.xlsx,3.193501503324411e-05
41ec45d57c111ec927ab990370fe3537ed8b37efd14e707446b396b0a8297d21.xlsx,0.9999999612938351
benign_sample_4220.xlsx,1.874273586649379e-05
a8ffbd6c833a52d18d538e69f3e82f71988b904e842d95d470eab87a05243dc8.xlsx,0.9999999605520123
benign_sample_3492.xlsx,2.2065011966547514e-05
4d8c94703135aba449a1fab2e4f475e4ed7bb81da4419c012e21df3448a1182f.xlsx,0.9999909571531139
9457ba01dfc52f68d8825af78ec787efd5c86abd8c788aa6093d3cf16de5de66.xlsx,0.9999954626153542
benign_sample_4688.xlsx,2.5441522951375836e-05
benign_sample_7270.xlsx,1.687603735514275e-05
bf06d4862805f73bed4623f25ded36bd833d80a54fd27d4efb99674085446fbe.xlsx,0.9992587681174966
a390304388926218a36cb06ebefb466c76bbce51992d9e5da78161f3130dc92a.xlsx,0.995933333836773
benign_sample_7882.xlsx,0.031935198477949005
a71eec60361ea97b8cefe6ebdc04a1fa77dbcccf6ea0f4dbdaa4ec0f9657fd7e.xlsx,0.9999999999999997
010c078d3dc4e100cdc38a033edf52dfd70bf098c0d471be563de6dece5dc6d1.xlsx,0.9999999739714127
9725b9e492b7671ca701040fea9474b16b2f3333e4c2379f38693e94bf6630a6.xlsx,0.9925481452698995
benign_sample_1894.xlsx,0.037901897487240106
68e5960b0d641f766ec18dd871d3010acd4271eab5aa67862e26408f66cae567.xlsx,0.9563683972537004
benign_sample_4152.xlsx,0.00039556960383591103
17d30bca9a889c79d0bcd4674383f7406ba43ec1a0912a6790fdcb6ec5937972.xlsx,0.9999999957241017
benign_sample_1748.xlsx,0.00018976612576702368
08e5cce7bbb308b373297ac2ee5ecbdea11baec33eb9195899f40fd502b8f45c.xlsx,0.9999977945492214
benign_sample_2654.xlsx,1.4761145912456722e-05
benign_sample_9302.xlsx,0.0003115579128060223
179811cf3bd14232c7ed31e4c4c13310738fa5da740189698470ec6e5d94e833.xls,0.9999852567673798
e16a421f70cabdd2e5cccb46624777f4516b0c76ada51199100da4f125eafbfc.xls,0.9999889572253554
f7824521fa09069c426fb84f0a96ec7f070defa691c5699e2f265e5151d5a458.xlsx,0.9999999799310452
e68e23650e87a454d50100d94691ef412799e1a51f79bb193db7c42674a727cb.xlsx,1.0
c4208a2d2486ae17f83642be525b8aec60ea92e743287067eb79f3e51941d49b.xlsx,0.9999999612938351
f2c5692eab837f599d56079d06f4aa4441beb026f2ffcfe8424f67c4e836983d.xlsx,0.9999992133025573
38adbdefe14a0a35f34705b3b71aa64138b0329c4644604412f0f7f156a262c6.xlsx,0.9999992124385256
benign_sample_9827.xlsx,1.7759396760248266e-05
benign_sample_1457.xlsx,2.4167425779771735e-05
0b74cf7f6edd570d5660874f3209e3ce8cb26eacde842a036ee534b47f837e06.xlsx,0.9999955173796174
benign_sample_531.xlsx,5.737415335204312e-05
benign_sample_8340.xlsx,1.9038140012753852e-05
03ffccc252127ed78ac47d72cc2108760a84bab5c2dcd1e0a66424985fc832d2.xlsx,0.9925481452698995
dba2b4f8a17650e49dfa817fa19e2277b3c214f66b3c87530f94e6716e9d485f.xlsx,1.0
benign_sample_9886.xlsx,8.15401846533214e-05
benign_sample_4374.xlsx,0.00010664205269064959
benign_sample_2432.xlsx,1.806407317260779e-05
119158024385e994cc1890f1e4c35fc769cdd0a23e2b6058b70c81078e76a5ac.xlsx,0.999999964451359
benign_sample_7337.xlsx,2.1342776338124595e-05
benign_sample_7599.xlsx,0.005274295498657239
17c51f327774e99eac409413fa9bdc78fbced77a893280bc2063d8baeaef7d6b.xlsx,0.9999817279740529
487729aaf4381f06effaa6507f71f83a114e26ac27027a1e2c3bc5db151421a7.xlsx,0.995933333836773
benign_sample_826.xlsx,0.0019890298697650033
benign_sample_2003.xlsx,0.00022412252857090647
benign_sample_6516.xlsx,2.038143742441289e-05
b316dcd321056670ab908e1ca42779aa51e831f4e8cdc58a2c38b8439d79c5d6.xlsx,0.9999999998795316
437def4107d4a786f37c2710e665f03ab321f9ee65ec0ae19a0c58e438b85dc5.xlsx,0.9999999684204495
20a1cc3713d47fb95036b5556558d9561375873d3992c28340579e715c832199.xlsx,0.9999999974365212
a0bb4d2f10f261f6e9f6898c5a56866b8e3bf4952e3c717c3b233ed1725a6a4e.xlsx,0.9999983168880742
01b3b1aa98c87db09604447f9041f8ef5c754b64720b432847f3ce238cef4733.xlsx,0.9999989986993673
benign_sample_1437.xlsx,1.6958092068551146e-05
2679b25890903426ad50ebf5c7a68a22ef1589c329f400ada1017fe71be7f5ca.xlsx,0.9999999991333591
benign_sample_3341.xlsx,1.804658317228588e-05
058f69cee7ce83581ef3e2d4ae3b3363f2d57b0f615e3f41f66700329e6b4fb3.xlsx,0.9190589775960326
benign_sample_939.xlsx,0.001006319762358445
6d1d702806118f949fa1f6457c08551d61fc830bb257d77eafd8f14b53f7228d.xls,0.9999889572253554
69103f375e5de882ebccb43e088d0f56edbc77305e2f1adfb812e37f9fbe0caf.xlsx,0.9725976927322462
benign_sample_8549.xlsx,5.362676880178588e-05
c3d5642d2b2b0c8c8a91b915a5c2652725400cc16a32d890726518778f767c19.xls,0.9999889572253554
benign_sample_6327.xlsx,2.1239628264356285e-05
benign_sample_9476.xlsx,2.1146137447188346e-05
f19490c625ffb23bfed034486d54cca1698eab10a638d58536dfd9ebf2776f49.xlsx,0.9999999670849972
benign_sample_2617.xlsx,0.08009819882169295
3b956ad5094df2f605c6ab8498425a0ae1d277fbd84b54f5c802fc125be31bcd.xlsx,0.99999545550267
6be6e23005012c56b51d4e9b1c18f002837a274ce82f93b331dc89c6da575f20.xlsx,0.9999987440039618
benign_sample_7084.xlsx,0.002754258800830141
benign_sample_4322.xlsx,0.008324583318376258
f58398d719869f9ce7478274ee24fe8c714184d37289efc2496c0ba52c64e0ce.xlsx,0.9275845319601773
0d2f6209d514a862d07974e11e6722888d1e7d63c2dfdb6777f734929b6e5aaa.xlsx,0.9999573685808913
benign_sample_9621.xlsx,6.20335368851105e-05
benign_sample_1220.xlsx,1.8587886987730724e-05
benign_sample_728.xlsx,0.0002504618146912767
benign_sample_9920.xlsx,3.123792723316512e-05
b956c95bdae110d93f57e599224f50bdd10f846fa37f904b3f09726d59b06259.xlsx,0.9999999957241017
benign_sample_4111.xlsx,1.8081771796833015e-05
benign_sample_591.xlsx,0.0084197325622668
bf00adf8ef354988741570cee7c6492b908f5531d09a79ea85fadde4e0ab2e97.xls,0.9999867906727102
benign_sample_3594.xlsx,9.521157233872075e-05
55fe0d3da712351725f8ed707ba729257a0a3cba6e61c2a62562ba5296f22144.xls,0.999998747941742
benign_sample_7049.xlsx,0.0011000029700390414
benign_sample_1654.xlsx,0.000494653352388905
ffad3a19b964b9f0cfeafd5f5040fad24a0e45871ee17085e69b057cc53a4a26.xls,0.9999889572253554
4ec015da9a96958df51b5816b63bc8eacbbeac16aea723835fb0b057bf492c7d.xlsx,0.9999999739714127
benign_sample_1207.xlsx,1.687854535603095e-05
b448894afd8a4bf382097827f71d6074ebc1e148a0325fdc34ce9720dca73dbd.xlsx,0.995933333836773
benign_sample_5614.xlsx,1.673094253279713e-05
f9f4729bcc459a2dd79299b0f6b46a76d18e49805312f2c8098a7ea6cd952441.xlsx,0.9999999998795316
55a09427cf634b62b69f3be1f1f635210ac13821f858a9d75e45ab38cfe10c02.xlsx,0.9999999941338403
benign_sample_5197.xlsx,2.3616079466429187e-05
fe7207021fa4f36ecf848c3ab15ab89104973dfe673cbbadf60972eed7a12c4e.xlsx,0.9941059241995988
a683c8ff090d00332a32e5c6328950762720113e4bd618fdecd7e1a5ba42f300.xlsx,0.995933333836773
b28d2f25f9baf852ac39a97d6a4e849d354ba4afeda00f8d4d2344023a99c3f7.xlsx,0.999016636053429
4ae8fa81d493bf33860140ae57be0328802ee090b93d38fc8b79867d81c83fee.xls,0.9999889572253554
benign_sample_6836.xlsx,0.0007616357108639199
benign_sample_8137.xlsx,4.7374084209498435e-05
benign_sample_1489.xlsx,0.017057802946904985
37f7f7b0870bc99766fd4ba5e19e2aa001d1b732c9a531463a3500fceba997b8.xls,0.9999889572253554
6e850d9044a03b40cc06b56f9ab884ddaa8519cfbb13fdb58f4acf6e56dddb82.xlsx,0.9854438590302106
benign_sample_1643.xlsx,2.5408183160517336e-05
90877d7390437330a93a79362678ae02cd755c62fa9079ae4b78533213b279bc.xlsx,0.9999999224102324
352cc0a40617eaa9f150c7e8cd5fa09624936323d88cec629199eb35939f2f08.xlsx,0.9999998754089404
benign_sample_5826.xlsx,0.00012883147416511983
benign_sample_1678.xlsx,4.877209783589107e-05
benign_sample_2997.xlsx,0.00018221087851977391
benign_sample_2181.xlsx,0.00035676265511034347
01d72657329c2767d404f740a3fc97916a8872f3c33f565344a1ed63fa24cd03.xlsx,0.9976518347069213
d6e8820923098a4d4e0310753ef02911a029ad8880ff618ef45ed57835f7d626.xlsx,0.9999999916303081
benign_sample_3493.xlsx,3.8719880520809694e-05
296c9215abf73635a5289e8eaa1af613ae0276edb8568df2560034403db5f9d3.xlsx,0.9999999684204495
be43923639987d90671f19b0b2da9226a8405d713f2634e423ee552265746a60.xls,0.9999889572253554
c2300b8eb4a4a5f290cfacb4fe0f088cdeecbac2cee552fbf530c651173d2bea.xlsx,0.9999999399996811
benign_sample_2946.xlsx,2.1370808925162647e-05
benign_sample_7419.xlsx,0.011134076749532531
benign_sample_9035.xlsx,2.947566400426617e-05
5a1b98695eb4d6690a06c239d81a35472d61dad122a1d04e850e928f9875fa7e.xls,0.9999889572253554
benign_sample_10.xlsx,0.00012911863268865622
benign_sample_5899.xlsx,3.236878048909285e-05
benign_sample_5065.xlsx,1.6399058716520436e-05
c01c36866cc3b2d60bfd4ce14edde319afa28bebed871b44b18151a499519102.xlsx,0.9999999739714127
benign_sample_280.xlsx,3.6592081400066576e-05
benign_sample_9736.xlsx,1.7339995539255347e-05
benign_sample_2272.xlsx,1.5181577745228566e-05
benign_sample_2551.xlsx,6.440284155354426e-05
benign_sample_7513.xlsx,2.5529769485824047e-05
bcd299b45d3bca03d12ce6d9d94d7b2daff161ec6eb70f10c4c0c1bd12c76301.xlsx,0.995933333836773
7c8d130b8d3f01e0440933a74b8c9de813a4ce8c91b653b84caea3c849d6bec6.xlsx,0.9999999916354425
7cfed7de777bb26989d83172f10d7f5b65fd4209d10b5b0f73b412f5cce6fee1.xlsx,0.9925481452698995
93aa2928d52c003a8ce645bb8faff45c26fdfa119566256b10dd090488afb588.xlsx,0.9999985068354533
benign_sample_1932.xlsx,0.0016670195542457973
d8b58a57b07981dbd66c8638609fdf4b9639247bb6d57ba2dab2ea458e26774c.xlsx,0.9999999612938351
fad6f303109fca5090e9b9608cfd6c5d70de9fca180191d2f4a0c040e4814b14.xls,0.9726644051590257
benign_sample_1451.xlsx,0.010959367982781973
benign_sample_5177.xlsx,0.0007794522399085703
benign_sample_3283.xlsx,0.0005893413753516203
79d0e677f35a500df716a303334347af00799365ec37d098ac4f8817e2bf2999.xlsx,0.9941059241995988
benign_sample_3208.xlsx,2.2742429163418284e-05
benign_sample_3802.xlsx,2.786244686264118e-05
02ab655eb663dfe3962228aa76b49ed8cd0e6876cbd1815dd73cb27a0490d95e.xlsx,0.9999999949164368
d398bf01e7cc29abe429cd6b0467316bf703a8f279dab35d910ff1cc63a7dd34.xls,0.999986262081397
84738ccb2b6d24596deaf0f517729d83a351aeff6a08a26a678b2dca049a6382.xls,0.9999889572253554
benign_sample_2881.xlsx,1.8098229561832836e-05
27e400ec75a6391da1a8e47de2c24530a6d303361f3cbf525a106c35a9a58ea5.xls,0.995933333836773
benign_sample_5289.xlsx,2.207577063110629e-05
benign_sample_7505.xlsx,0.0001033059614870911
1fc2ee8c05eff215962a252bf1e42f9f3d50d92081906597b2c7f169fb292011.xlsx,0.9502435808035427
3bb5af138221510e76cc45971465ebdd7f8efab1f505b4706fb61928b4b25933.xlsx,0.9563683972537004
13e511d5b4612d1ea8bc524fb2dfd1cf7dd2717ed77318ee513ee35ef8f062b2.xlsx,0.9999909595944271
benign_sample_1309.xlsx,3.0200413356658813e-05
benign_sample_5315.xlsx,1.7001164624109702e-05
benign_sample_4795.xlsx,3.317950244200162e-05
benign_sample_1076.xlsx,0.00015869136086954318
a862eb0df63b906b9935dd8084dbb28a6b166c8d5e11f1bf1e7df6b11621d683.xlsx,0.9999999670849972
benign_sample_9086.xlsx,2.455987283702758e-05
3e65723dac9479669a18551b8ae7b159d44ff15eaa227ad3a33101a9afaea251.xlsx,0.985323395431504
4d8e8691cd815653405f0e83ef8487ec69647537b101a60fd306df8fb6c23e81.xlsx,0.9999999739714127
6b8c09e79230bedbd6b2a67af83d7351942750d0965b25e03278f9bc4de3079a.xlsx,0.9999999612938351
d86c329890b3d00d32828f203ce8b6db2e75c561745102bf4252cd0b976feb35.xlsx,1.0
benign_sample_7185.xlsx,6.279314345228683e-05
a133cb21bacaf021eb739484fb149e562df370903e01f52fa023b2cdb519140e.xlsx,0.9940387808806325
benign_sample_5521.xlsx,2.9729256807210465e-05
be2fb3d1cbf1663cb0de5b45745df744650f5f73dd932ef8a6e003d0fd743d02.xlsx,0.9999954578740867
benign_sample_1107.xlsx,2.2663791214476064e-05
044f7fcb08cd182352688ff29e7149c807610a3236a524b988d56adc8cbb4cc8.xlsx,0.9999995510569942
benign_sample_9134.xlsx,1.7808084878746487e-05
benign_sample_3375.xlsx,3.1077703386298324e-05
ffbd714d22475752559c680ae621a9b0e4a7e4d9c5b60704dcac06c0002b1b46.xlsx,0.9999999997814064
784ad61c46712a0ab5f67470f19f22e2862ede445f0b45a0fa4b6c2a4155ca7c.xlsx,0.9999987381995221
benign_sample_388.xlsx,6.176180575905874e-05
d3788e69dd125449af3d985de93701c49cef0658bc98e3b449185f86cbee027d.xlsx,0.9949112498925959
048ccab033e0fe3b5099efa13301f680e76b5012cf90f2b192355ced07cb764f.xlsx,0.9999999670849972
benign_sample_6143.xlsx,3.1744665311849964e-05
benign_sample_5495.xlsx,1.911621087701965e-05
benign_sample_4667.xlsx,9.892281977319864e-05
6983a4f337fe26d1f12ac7a388732c01cd8cf4f4aac2bab2c89db126a43ff8e7.xlsx,0.9999998864134202
benign_sample_7368.xlsx,2.3296493537524707e-05
benign_sample_7880.xlsx,0.000697910115751598
0a8882390a1ff6303e7bd094b0a856ecab5fab59194163d68f58be335b4c8109.xlsx,0.9999999957241017
593ddfe9dfe7fb77c416ba293e3e3f7a04a7df4fb102bde52ca151eda7f71820.xlsx,0.9883704876469134
benign_sample_8505.xlsx,2.7428251336117695e-05
fc0c519bf9c49905ffaae2f65ad12c581f2d9b5acd66eec30156be399b40ec52.xls,0.9999855897289726
c6b709c0d1096a9d3c942596f9b6d47ce4e91817671989edfe6acb8e938f6f63.xlsx,0.999999964451359
5a2410cd501593453a4200cad81228335270ce2f03a68a35ee8550493fc748c4.xlsx,0.9999954418960687
benign_sample_1942.xlsx,0.00012961146266108383
benign_sample_3101.xlsx,1.8130118942625122e-05
benign_sample_3685.xlsx,0.0016166643871853785
benign_sample_5952.xlsx,1.8201804117635333e-05
benign_sample_4170.xlsx,3.9839754087320374e-05
benign_sample_2022.xlsx,3.2801059976857194e-05
cef1b72129764197db693d3d68cc6725cc108c4a87050cb42455ad89efd51fe9.xls,0.9999860233211023
benign_sample_8096.xlsx,3.5138495135594005e-05
benign_sample_8563.xlsx,1.6857581014711218e-05
benign_sample_6146.xlsx,0.008135251240293158
benign_sample_6710.xlsx,0.001044258129859535
3b375d843296384ecb2a422712523d4335a98ff0088df974e7daded63dc5159d.xlsx,0.9992587681174966
0e9cd108f2002eccf04e220694236b390d0cb19c496d90fbcae25d3850aa6866.xls,0.9921313027555246
benign_sample_1824.xlsx,7.936475050529858e-05
6fb82350c4cc1608d53ab07728ee99831e64d2d9352cb179b2080cb842f73e79.xlsx,0.9997518100811048
benign_sample_7392.xlsx,1.7582861812694107e-05
benign_sample_4043.xlsx,9.224024386162985e-05
1325d87009ce8c9cfde323f9a75a56fdd2b8faeb84539c5ebd730b857ee03801.xlsx,0.999987652348223
benign_sample_6526.xlsx,2.7505223007898337e-05
d3abca512e55ea4a95308ccac44bb7ce1a2ed72006b562a673f16f3528d52e97.xlsx,0.995933333836773
benign_sample_5161.xlsx,0.0015952412966037726
benign_sample_5362.xlsx,0.00015467315629818815
6d4bfcf2c49a754aed5cdb2bf0141f383ddbd758ffcd282e5fb4f990d29de28d.xlsx,0.9999998867096179
benign_sample_8487.xlsx,1.665208161904874e-05
benign_sample_9922.xlsx,1.612845907070798e-05
b9ef162c94e059a27f6c5e0950ddbd673a3bb2c82c7e9c914fe73b3355e1bdce.xlsx,0.9552902904048605
7b88ddcc2cbd02fe43664f7bab64eae26df411e26c2b543f543b8abf2fd2a908.xlsx,0.9999987462599136
694074a3d8313e762aa0661211ce4cef58d49e9a6dbcb6c5e3cb7bf3f4df37eb.xlsx,0.9999998754089404
benign_sample_367.xlsx,2.4424510120579155e-05
d42c0e6f3d5e1df6d1290f4bead41aba0c794166d121387cc82f52358fcc4725.xlsx,0.9999952211617161
9c4e6e78bda1d3b9ad5d05dc92dd5f8d269c0f0041e2c874d09fbf2f855eb046.xlsx,0.999999999734519
2da32559d75372846af90545d738c9d23030d1eec95a2ae28955c8fc594dbd9a.xls,0.9999889572253554
benign_sample_5935.xlsx,1.7873541547899985e-05
benign_sample_9892.xlsx,2.79191948225893e-05
3f311311fd6233ce61a2700d5585e3bdafbf2c1148e279918956e33180491813.xls,0.9999853259069006
benign_sample_5152.xlsx,1.912722836100018e-05
benign_sample_3356.xlsx,3.5530007590117215e-05
benign_sample_3865.xlsx,0.0007954852736399664
84f6d1faa1279e27ecee6d3def3b0c9e253300ebb9a740413118394658ca2699.xlsx,0.9998572700035234
benign_sample_8020.xlsx,0.0516121264186345
benign_sample_5848.xlsx,2.2048963667880702e-05
benign_sample_632.xlsx,1.6245464221121373e-05
benign_sample_3258.xlsx,3.07602284210092e-05
615f06c8476249029a9749be77cd01fb2e3861187bac23fd9f168b0cbcc37ad9.xls,0.9999867906727102
1c50888a51f41d9baa927cbdfd6a517f9473793a134fe842428eecbd7be5fcbc.xlsx,1.0
f9c8475a39a627f049796206c292f68912999e7eb7ad9fd0e4535e57e71bde56.xls,0.9999889572253554
benign_sample_9095.xlsx,0.0005945207863258207
benign_sample_9652.xlsx,0.0015745592452670262
18028f38e09ed4e9705e099336dcd2d040de45c6db5627d3c9f2ea148d142db0.xlsx,0.999926935918236
benign_sample_2289.xlsx,3.405505482249025e-05
benign_sample_4346.xlsx,1.6610679687436998e-05
308b593f5b62b6ab4cf14a46ec1cd2e3b4ebbcc8f96f50a9e3463424410a0570.xlsx,0.9999454578073919
e492d8569ffa95903e65e33992c6e5d9f17c3b73d91027d6d1ef2ea88d8ccf34.xlsx,0.9925481452698995
140788ed51d6ff8b24af141db3fd8890c01993b59d5993292f9678399fa3c4e1.xlsx,0.9941059241995988
benign_sample_2993.xlsx,2.0699641303153986e-05
benign_sample_1323.xlsx,8.247612764593442e-05
benign_sample_4330.xlsx,1.8266966143484078e-05
93ab808418f725a7d19b7cb84c098ccf25f4e1dd22f00290564f976d835171d1.xlsx,0.999999214149963
9b0d11bbd94dbd46e4e47dbb3f24510e667ad9af193f67f7a11df1edaca7ce64.xls,0.9266434309624453
4178cc7e9ab81e4937c29fde8763d37d8f870841b011838ccfa822e08e1c81e4.xlsx,0.9999979909168971
benign_sample_9985.xlsx,0.0005660903423938436
benign_sample_8806.xlsx,1.788567380907581e-05
ea8b8b4175ca557c2b57c4f19bbed2be529d86a5c98c760588c0b322f3d717f4.xls,0.9999865960174247
benign_sample_2969.xlsx,5.525370192441845e-05
benign_sample_5623.xlsx,0.0011475988104300582
benign_sample_5659.xlsx,0.14410709121586932
benign_sample_7237.xlsx,1.687393732818019e-05
benign_sample_5286.xlsx,1.6513817840678022e-05
benign_sample_3974.xlsx,2.258364234659465e-05
85aa2aa12931776d5d9b3a9612c322f970e9827e8ac75e2bd88ca29db004ec58.xls,0.9543560896679683
2089e39e9ab407f6ed2828ca48f6f28d19a6985be823f3f9c5e37fc8ea05b918.xls,0.9999859793953737
benign_sample_9820.xlsx,0.0005980918656623126
benign_sample_6254.xlsx,0.10898397088246471
benign_sample_7601.xlsx,3.917054187038918e-05
benign_sample_886.xlsx,5.45300734402727e-05
benign_sample_4746.xlsx,4.535914760472692e-05
cbcf429fa17a0b352d49d9493c2d8c7b14c5f183cd9b6c5cb7d313e7eec8c87c.xlsx,0.999999964451359
benign_sample_4436.xlsx,1.6723219551894496e-05
benign_sample_7125.xlsx,1.5734543865556383e-05
benign_sample_4403.xlsx,0.00016556718361525598
benign_sample_7832.xlsx,2.3619992935261724e-05
benign_sample_3589.xlsx,2.14044599572251e-05
2a3dc400e6fe7462de9e8e0d78f5663cf97e58de0da49a63bcbd6e675e9c4234.xlsx,0.9925481452698995
87ed758883d4adcda7d7515523e673107633863dfc796753570d0b70b4b263fe.xlsx,0.9941059241995988
benign_sample_2115.xlsx,0.000273255716340536
c34aabd2f0d1c1dd50342b8bf5d2236e2d851a04ae85c46e88eb7af9193e2ebe.xls,0.9999889572253554
benign_sample_7960.xlsx,0.0007480118230412851
f2afc148973efeb8571d0953bc6d84dbe9352c6e9534c2e6571ea632d9faa1d8.xlsx,0.9999999898304252
benign_sample_7824.xlsx,1.6245389312534028e-05
benign_sample_244.xlsx,2.8271912871795128e-05
benign_sample_62.xlsx,3.9301763181881585e-05
fb1caf0f1c0e6357fc399ddd978b0648b30c5b1ad14f7949c9e39ff945da1a91.xlsx,0.9999954334819786
benign_sample_3696.xlsx,1.860159432739796e-05
benign_sample_8374.xlsx,2.981417962589242e-05
benign_sample_9714.xlsx,1.869752828331724e-05
21a2f887be678ee89e16569e9b57a53daacd32f2b844776161995ba908b45407.xlsx,0.9941059241995988
benign_sample_7552.xlsx,0.047375772946949446
06959d08446e96fc65611c5c7b63c4b0cdef4b522d0af0b9658a20b78fce525e.xlsx,0.9999909214370333
benign_sample_391.xlsx,2.007733561280942e-05
8189922af148d593c5ca0a7c8ce9a2d9d511446d6f2340b1ed7b9eb1021453ad.xls,0.9999889572253554
19d4989f2f8548f4abd1b44cfcd12085b19064579648ed56e79cb726823e79b6.xlsx,0.9999999605520123
benign_sample_9576.xlsx,2.4146278737458457e-05
benign_sample_1956.xlsx,0.000244219622252032
benign_sample_9243.xlsx,0.0069111309575933455
826811e2e25f9835d5ab0cafbbfffe5d3a5ff5c4421a9731d84edd18c463622a.xlsx,0.9999985070100385
benign_sample_8282.xlsx,2.3519145490165644e-05
ec1657ab5c63f5532ee55839085b9b2ebdb9861724aa49d6283b7bab0e3e17cc.xlsx,0.9563228495808476
82f32e4b77fe9b48ea7a4fb232ebb9d3b6bb61157b1889a9ee30ea8690ebbb9e.xlsx,0.9999999998795316
benign_sample_1216.xlsx,1.982564273947362e-05
35b21fb5a438e1d675e45d46e1914e8839dd67c39281a18f825141815d762b4b.xlsx,0.9996467573923106
benign_sample_851.xlsx,4.396192635666986e-05
benign_sample_7519.xlsx,0.0002978569940904004
benign_sample_23.xlsx,3.785102393480578e-05
9978c6c6a4afea768edc9bda9c134a8976211b4a0feb15b4cbe83f9db9eb7466.xlsx,0.9999995488597299
530b3f56f21077f475184074b4c035aff054cadd1d91e0b0106f0a38c024c4fb.xls,0.9999889572253554
benign_sample_9285.xlsx,0.00012051151809936079
105f041774aa7d9dcfe01d1765443a00a2b5d9f4fd55344c3c271ac617177876.xlsx,0.9999999997814064
benign_sample_22.xlsx,0.0006006163550458774
benign_sample_3579.xlsx,4.0953664879864746e-05
3eb8446574e9e4f32f732335c902647c61b04bcccea45b14f6f5b069382fcbf8.xls,0.999985459400337
3bc07e3da6b216bdbd98be69ea2f8e20b5ca04aba1ef3e360de90b1c219fd886.xlsx,0.999999999734519
169437b2a7d27c7ba08736c4484c8116f626fd3b6747828ca0d106124d6ffee9.xlsx,0.6666666671400089
benign_sample_1990.xlsx,0.00016602471046847937
60a1b557ed9a62f7376a19b9d99515d32b0fae0e271004b404a7b2f958a7cd21.xlsx,0.9999999936475487
benign_sample_3215.xlsx,1.620398585174402e-05
benign_sample_224.xlsx,1.6442439755186034e-05
benign_sample_937.xlsx,1.8228026350118138e-05
benign_sample_3741.xlsx,1.6683517591032676e-05
benign_sample_3603.xlsx,0.0005757166628162768
99eefadf5162887ffa8ef5ec997b8f854f7763fea05ec57c7d1e47dccbfdb654.xls,0.9999862809450035
benign_sample_4778.xlsx,0.00013300705694943796
6ac9a3c7813e32b9e716cf8bccbc08d95c9e929df3984b0ea9f019897df24fa6.xlsx,1.0
12e866f981eee2fdafd0ba7dfce79ab0623c7b8f092d5b853a71192767a889ce.xlsx,0.9999998209267106
8147244b6eec1279688a3541abef980948e439cf2b0d7fafe80be066a5e431a9.xlsx,0.9996467573923106
benign_sample_234.xlsx,1.5706815609229214e-05
cbdc865304fca3533e6da4aafe1de0be4924ea6e4b406c33f5d6bd83126c8e33.xlsx,0.9999954263295718
benign_sample_8433.xlsx,0.00016113829896087113
942da6258a7dce6b29b95307ccd6f7b1570a9ce586395a40f8a68856f88528d1.xls,0.9423647957648332
benign_sample_9408.xlsx,2.366928096153701e-05
benign_sample_6340.xlsx,2.51007521732142e-05
benign_sample_792.xlsx,1.950378125739358e-05
e7a2dd0f83ee6a23d0bf602c1351769b0b8c2904bfcfc00f6a83cb74b294248c.xlsx,0.9999999999999997
6a625f644dbde9e91e57fa4cf0ecfdc7acab3650b72c3494e926f9d239db736b.xlsx,0.999990970212854
ae50069bca59efdd7b7862d4b2b4c83e05ec75765a82d3d2b7861c242b61739f.xlsx,0.995933333836773
d031674614f2d5c684319247a7f2a9d8b0a9ee43067aaf59750cf3851f4a3573.xlsx,0.9999816004894159
80419b3d914700e15c3869dff0ea59c26a877014adc89a13445c0fba1a17b236.xlsx,0.9999992133025573
benign_sample_6065.xlsx,2.750803772024893e-05
benign_sample_4948.xlsx,0.00012886673329597534
e588ffba9267234b9579e9755c559676b78e5a2bb305e7a63b0d32f692762cce.xlsx,0.999911031985996
benign_sample_4434.xlsx,2.3604565353285694e-05
benign_sample_6062.xlsx,2.7232284540724454e-05
benign_sample_5955.xlsx,1.913992522838931e-05
5b8e586f023a93c4eeae8fde11a42c207943f09247651f4a37545ae5ed108886.xlsx,0.9999999739714127
58d8f18495f55180f6578494d06d1edcff0ed755ba63db8cd480d49e8f2e1ad5.xlsx,0.995933333836773
benign_sample_4524.xlsx,0.14264333184839273
benign_sample_5579.xlsx,3.88996043492118e-05
b87e59072b12b1a42ff1103044bc2a2d643836acf27d7614eacefd8d61f7d90a.xls,0.9999889572253554
8e1926ea256c3e439c4dc17f82443c716893dd43b287f771c2872565a7f5901a.xlsx,0.9911202846789928
590635a0f8af5a0fb018d8b3420d7325c59bdcfea65111f60689a9e1fcabb10b.xlsx,1.0
benign_sample_5855.xlsx,1.97415900295061e-05
benign_sample_5926.xlsx,0.0002999690683197038
benign_sample_6898.xlsx,2.4961531662854465e-05
benign_sample_2372.xlsx,0.0016600609636655678
benign_sample_8830.xlsx,4.3370321996616585e-05
aab8355448e722e4d5c67d271d7991e676c4889be275dc610f46357ddd8925a6.xlsx,0.9999831246946421
f6e82914bb7abbdeacbd1f4d5c0fe0620b0d6a80ab7da236e0db55a0b33f86e0.xlsx,0.9999998754089404
benign_sample_9411.xlsx,1.8709021950456918e-05
benign_sample_3211.xlsx,0.00016370491970335967
a1c50836a0c0fc7991729e1404d3b745a604ad8d36c2f677f7c45c52e19e8f74.xlsx,0.9999816004894159
benign_sample_9930.xlsx,1.728134313402831e-05
2baf5c03229c7dcdd5204b814fe14c3ba975feeb5d5bec6a96806cbd5b8c8276.xlsx,0.9996122052852231
benign_sample_5494.xlsx,1.949704897374129e-05
benign_sample_2923.xlsx,4.155954176775287e-05
benign_sample_3810.xlsx,0.0002652569762086697
benign_sample_4279.xlsx,1.7839554552085594e-05
benign_sample_9350.xlsx,0.002207056183718109
a80382d030b0c292a73e83cdcbd0f4e30f43f43bd7d2e3250dcf83e1d2d51503.xlsx,0.995487638942589
benign_sample_7281.xlsx,1.7149577945819577e-05
benign_sample_7346.xlsx,1.886609928171691e-05
benign_sample_1175.xlsx,3.877796840012486e-05
6a904511e9839c764d96b1cf4469d065194d194f42ae6923d2a0ac629002fd29.xlsx,0.9999999670849972
30f2f7db122e8331ed4715d7809f2ec14162e9c87469a708147f3170a7763528.xlsx,0.9843309113659661
benign_sample_7045.xlsx,1.708582575866321e-05
benign_sample_1940.xlsx,5.9286466372967515e-05
benign_sample_6253.xlsx,1.721866184648509e-05
592924c1caed86ba8cad60c4e9a3e8eedc4ddf27f24c1796f84a9fe713f300a6.xlsx,0.9925481452698995
benign_sample_3197.xlsx,0.00040163798042034527
744dc45f52c2377900ed8b8d46b85073dfa34503840adbda13e14c1c1c56d89a.xls,0.9999862809450035
2692ff2996e958e3d31a9d77c490119326f7664332c9a8986a72164e0d41494f.xlsx,0.9980469481487408
8cf4d785bd526f738221e7b3c19fa8174aa3497a1408792bc44a0f446bbefd28.xls,0.9999889572253554
benign_sample_8829.xlsx,0.0416191296707789
0a8509fefe75a7eef991f45b271af616ae380d3c422026e5f9cc467497319a2e.xlsx,0.9999999957241017
benign_sample_3440.xlsx,1.593386297551518e-05
c636fb2fc2872b02c3f95dff8514bbdf7be9433c9fd058184fe10c3bdc1aadbe.xlsx,0.9999990076558011
benign_sample_6228.xlsx,7.332499924270795e-05
8f758ab4c7195dddfd4f617ea0d066bb8198a2be9ef3c854417e38656f6c5aa0.xls,0.9934462616030525
3757bde9ecbb5f8391f8fe53b58f0e93f2abfe569a3da807417d78c9674e3da0.xls,0.9999860233211023
77145fc3d9af4e2c11102de02651e8918017a9d9287489469556d8fd0ab8f3f6.xlsx,0.9999908911376002
benign_sample_9209.xlsx,1.808426887854978e-05
5e1f61607c29d859f14455b0339716df23f68a312a5125f07273cdd85b75e189.xlsx,0.9925481452698995
68ccf7621036a833bc01ab5aff922b4fd0735a24f96992d9b1a6822e94f9d0b5.xlsx,1.0
cf0d6ea61f8e56f80f24792e356adeab2f92b6db2f980a9e5932415484f5b732.xlsx,0.9999999995280496
9a00c772bf42b3a9cb5e5ec215b2e91d72cd4b14e10e7d5c5dc2aaf880465954.xlsx,0.9999999998795316
8ea8536c632469c5ca9b1f5ddb7e0d8f9e00547282503b8862c3e54dd954bc26.xlsx,0.9999999998795316
774660f9853b8c35e2e2a6f5570dd02d96c5379ce99beedf095b3c3790f74894.xlsx,0.9999909683513978
3c077a8859d90933aece6c25430591471ac853f7af07fb24d61a0f570e5a0f36.xls,0.9976299513882728
870c31aa344b2950d0ea4849a472dafed312ecee8aa212c47bf543668bbee8e9.xlsx,1.0
benign_sample_5473.xlsx,1.9698988936021046e-05
benign_sample_3771.xlsx,0.000700848571715351
benign_sample_6434.xlsx,6.330465590745415e-05
benign_sample_6318.xlsx,0.0004938980403083776
benign_sample_6745.xlsx,0.0023942098419120366
e909437a928115bd8e22c463ceb700b8c15eed77891038e8a063e106423a4d00.xlsx,0.9999988289529135
8e9fb85ebb086fea213c227c680f15a2a7de9341306b5e10f593744e696b05be.xlsx,0.9999573685808913
40448a4c3c2fb6587b2b68735fab1137fd677d63e3e9806e4b619d0b9f4f38da.xlsx,1.0
benign_sample_1177.xlsx,2.663150417547751e-05
benign_sample_1919.xlsx,8.814192660138218e-05
2db5f900fbb94ae2bd5dbc776605b02e6c8421d165fb39ea58647e4dcba336f8.xlsx,0.9999999612938351
benign_sample_1010.xlsx,1.925383805983952e-05
benign_sample_2501.xlsx,1.6572371636935472e-05
benign_sample_5540.xlsx,9.158220240802149e-05
0c2390b2651db31c0770ff6064dfd27753463cae5c1d753b802434db69a6431b.xls,0.9999889572253554
95bb490075886f0eb4ccaaeb4d1bcda48f74a3adeed83c96d578f693c93a87b8.xlsx,0.9994132689151726
benign_sample_5522.xlsx,1.8345243510818638e-05
ec94620321bc2590890d2c9b53e6c8f424c7e536c1f89d54909c92e5597c930c.xlsx,0.9999999991368401
benign_sample_7143.xlsx,2.0811682008420778e-05
benign_sample_6809.xlsx,2.4984472743047687e-05
fe65a6c806f3f650d30e91fc61ad89da933047df16af50028a10d0dd90e1cafe.xlsx,0.99999789038872
f9f3c205be0259b58a279f29390dbbdd85171f28d45bf24c38a490063f71f713.xls,0.9999889572253554
benign_sample_1888.xlsx,0.00015170003892983424
b9922911de6aa414322c2811472e35bcfe44307f447133ff310b3324e6c98fa6.xlsx,0.9997800953450636
3563f00dbcbb224b80023ed2ddbe956dd9184f5e3531247132c0216d2e28ecc6.xlsx,0.9999999557574122
benign_sample_718.xlsx,2.013341473217272e-05
ae90fe62432ec32b5329380274cfc05b451c5aa8422360119687b5c884bb8ec8.xlsx,0.6381757197300969
7d58393a4d8a75ed891f8bc6e2e1bc6cecd0eefae56bac9f2cd802ce1b828d09.xlsx,1.0
benign_sample_2356.xlsx,2.500138522666461e-05
5bef710a1eea633c236bf761e07ee9d0da293b642fe82b9a3a4c1e24259476e9.xlsx,0.9999999957241017
benign_sample_4011.xlsx,2.675028117161117e-05
benign_sample_2750.xlsx,2.2483927354306923e-05
benign_sample_806.xlsx,2.8616152315001976e-05
benign_sample_8873.xlsx,0.000999608262768034
7f83a7b86cf8981c136d97de2ce270f5e52caa1de39a7e2e9bc4a28b02dca3e4.xlsx,0.9999999612938351
9adc28cfd51885a2ce3b9f54800a365d8ff8aa3405cd3cb62c60a4b7fc5a6c27.xls,0.999999209234161
benign_sample_650.xlsx,1.6706624210518583e-05
benign_sample_6188.xlsx,0.005109222341758726
benign_sample_9115.xlsx,0.00018541928122960377
benign_sample_5589.xlsx,0.029690318042108216
3906ecd2330a5e59438dc7384ee743e8c2fe3a8340a5152600e953b72e7ab298.xlsx,0.9999813019228455
benign_sample_8922.xlsx,1.7468275873624142e-05
benign_sample_4401.xlsx,0.0006800006582242824
benign_sample_6380.xlsx,2.762049385566334e-05
33052ca61e337fbc54d71cef8f23248cd8f78e68c4fe7a24c30e76497518fd02.xls,0.9552902904048605
benign_sample_8203.xlsx,9.299365745672191e-05
benign_sample_5008.xlsx,7.536399490983638e-05
bf278f92a924007efa264396a3455020fa53929b2d8ccee27e2622974e1f7a8e.xlsx,0.9999975118435827
benign_sample_8299.xlsx,0.0026932618963375586
9e0ca94aae6766ff57628ec7326f5572fc4beacee9ceced6af47c48b0c6ff6e6.xlsx,0.9999992093922522
benign_sample_7093.xlsx,1.575437249385768e-05
benign_sample_1544.xlsx,0.02571736148829597
benign_sample_9125.xlsx,1.6558042144617992e-05
benign_sample_6817.xlsx,0.05858996177855428
85f918c3d3797f59525df3790c5c8682358d741a164e00bcd0f6fd5bc0c47345.xlsx,0.9925481452698995
71f0c279a346cd0d7d7709b8ddf3de876cbed9e4ef0ea09b0ae02a57aaf99253.xlsx,0.9999999936475487
572292c2347f6a033742ba298463740a657999c98eb8928b5b37f1bc9fd773e4.xlsx,0.9730065419056513
benign_sample_3021.xlsx,0.0002088596289007982
5c24efbda9662d3af3f98a268f30ae41a3e122e7b80e1c25ce56afaf66b50a15.xlsx,0.9999995488597299
abcd610b4e78486f58b25badfba914cbfe59aef73af54b6d6fcb985ad7101314.xlsx,0.995933333836773
benign_sample_7804.xlsx,0.005989479274370984
benign_sample_813.xlsx,0.18612618012625137
4eb459306aa031beff023c4af433562e87e54ceef5708fe1921fca95a79c7642.xls,0.999984679143302
benign_sample_3111.xlsx,2.491991104463112e-05
benign_sample_4462.xlsx,0.00011345363450987467
2512c51e35245305edb457c003ddf352df6741b4d45660ac57a2dbfe7611ce7c.xls,0.999985459400337
benign_sample_5083.xlsx,0.00021500602347039255
f7d3fd699437452aaff3b8a117cbd77c29b72a07eb0b80f37a3b060c6aa47ed8.xlsx,0.9999999957241017
benign_sample_8333.xlsx,2.9351109340999712e-05
27fba22b62c88ca986ec870c4aa44c2e227cbeb6cca778eeba03f1621161934b.xlsx,0.999999999734519
benign_sample_8998.xlsx,7.663397021197728e-05
71694d8c3c632885814de2f688f5b1dc8e58e548ed3ca9fa2eff7b8c6725a9e8.xlsx,0.9999999997814064
62a5cdcf9261df63c9a532ae49438a183369ef57af93f05cd9e1445bda6707ae.xls,0.9999865800886484
efeed523859d81083307c7ede48a25cae675055a529b33d8aa19935ec24c3f95.xlsx,0.9563945865545106
benign_sample_7106.xlsx,2.6085218098715552e-05
benign_sample_7123.xlsx,2.625056779990094e-05
benign_sample_7152.xlsx,0.002225892103157726
benign_sample_1864.xlsx,1.891016968940197e-05
benign_sample_6026.xlsx,0.0009975977932317316
6af43606d711f814e7047afb972927ace50394341c8ef7511410f93e02d49a0f.xlsx,0.9999999957241017
abfac7b6060d4882e4555ec8682d2dd57aaf43f7bc878ad67db627a97e52be4b.xlsx,0.9999999941338403
benign_sample_9944.xlsx,0.00048083809099340913
476254283d958bb7698593e9f97c61e2914be0cbae0812b19c985d2510835d20.xlsx,0.9999999949164368
benign_sample_1106.xlsx,2.728931273571908e-05
347455d6885b8ab7a096748829f26d7b1695136166e1d6565b8dc2092da114ac.xls,0.9999863895520815
benign_sample_8619.xlsx,1.9265588912136443e-05
benign_sample_7833.xlsx,1.9334580796356618e-05
e35e15c19c1b323e282a393bc9c1da86d2a14a5965d97babf900a856b6db1bfd.xlsx,0.9999999999999996
3df521e9d317f61aa62f5156f18ef03ecee2dad470665ba4932719275af87071.xlsx,1.0
23dc54d35406a09e9c7ebc21aed24c81434f62784b5a94ff6b762b39008d3a05.xlsx,0.9971829097248018
a89a4280f87ba6c804ec91a9f4089770b8677e9a4c2e24d2faf40273e1f07045.xlsx,0.9993238012275905
benign_sample_2908.xlsx,0.0004052045224205803
6b3407cfd0ef9a6664e61733b8a838b9cd1d05e084a36a8eff0dddb0e21d34c4.xls,0.9999999905629635
82e1de0ae328fef0db690e02c66700257933d502c7cfe44cb4b6d1513ef0d071.xlsx,0.9999909095554562
6d67c8e80f0c764bfc166dc1935d0a4271290fbc3b45b7398f4c3988d84cfe42.xlsx,0.9999999612938351
e22af47fa8b9c2533174a11e703c595a63354cb5d2fb6622f685104648165786.xls,0.9999889572253554
17a5e61895d2d36f3fb5579b0a00df00abe32c1264bd71196d1db5da9fb48e90.xlsx,0.9999999697120597
edaecb8e141680ab4b894377b03b686d96804a1c945bea53c56fe40433b79cb3.xlsx,0.9999909575235852
benign_sample_4672.xlsx,2.4629209542358448e-05
4aadcc867edfd31c7b38808b0cbf59f97bece320ccc624c24e4bb3a4c9dff7ca.xlsx,0.9999454578073919
benign_sample_2254.xlsx,0.00026847186076049305
benign_sample_3699.xlsx,1.684606762898627e-05
7fc2401d14845d4b0f2c1e583863410dadb3d3e9b431169fae66fca517a1972a.xlsx,0.9999999998795316
79d8fc87e3d4278b00ecca964d0de2c4cb27c0a709738b345db32d50cc102e5c.xls,0.999986262081397
fae09aa989d63e661f1e35e2aba84cabc555cd0ad779d24f07fe3ff35013ab74.xlsx,0.9999999941338403
5c2a9e3b1d3063e986fc1b15a4b5633fce6fede8256b399e52899c49dcd8d16a.xls,0.9996962579002041
71b5de4bc0e2acceece6d2f11a6c283aa483deff9858c73aabd5e844cea75c5d.xlsx,0.9853897717171191
benign_sample_4017.xlsx,0.00016301003465848
98d13e3fcf465d3a2b1587705fc07d34e00bc3e8a49792a297a7bf02fae91f0f.xlsx,0.999999210746207
benign_sample_5226.xlsx,0.02843423237281761
benign_sample_2301.xlsx,0.00017578422596294457
a56a0820ddff214bb55156db3e642ac2dd91163eb79fd6c68cbcad4a71edd3cf.xlsx,0.999913061655406
7fd49d93b7c3aec39a87061f3cce47003dfd42574dbb49444eea743056ec25df.xlsx,0.9991933766854103
c99dd5534b0e39167b1e995ab122665560815fa208ae07450564d82cc7b46860.xlsx,0.9999999999999997
benign_sample_3355.xlsx,0.00010866908461755165
661d008af773cb1dfecc8a7059dc09bc50d63edb024e91b8747f107bb5eb5b8f.xls,0.9999889572253554
34dc98623cca746fbe477b37533cfea46fc2842cee2a779c8cd9c7747bfc4502.xlsx,0.9999999998795316
benign_sample_238.xlsx,4.0230423246209625e-05
benign_sample_8525.xlsx,0.04268861646552275
benign_sample_4775.xlsx,4.786330380229729e-05
benign_sample_4208.xlsx,2.3486935106489395e-05
benign_sample_3020.xlsx,1.7879118540705493e-05
4f2a28334d8c2c582c6b0f3f1fef19cff7469b6d97cb126120ccbfa477b678e1.xlsx,0.9999661738848878
9468479b942f7075143c257dcd6e43d245a2b4eb0afe0156eb0eda1446ec375f.xlsx,0.9999974960387586
d22051112986e1ad59cf21181ae8295633a14c495bcdeb53d262d8d14229a3aa.xlsx,0.9999999957241017
ecde606ec962676ecc641fe9cbfaea0397529093679e8049c4f6adc27d5e5f0b.xlsx,0.9998589790981766
benign_sample_10000.xlsx,0.0007741832728684804
benign_sample_6729.xlsx,0.006840127309315026
8a77c0275a6ee0deeb7174b69321b5053234fe7833f35c5c2c697019ce0ba853.xls,0.9999863895520815
benign_sample_6930.xlsx,0.00012320104989803286
benign_sample_1504.xlsx,1.851211581175205e-05
benign_sample_5002.xlsx,0.0004174845059775969
benign_sample_160.xlsx,5.1456202620949136e-05
benign_sample_6271.xlsx,0.020409675897873802
c548e534358c07290a4bebebf723d8cc96f9889d940e4082157844642bc2a82b.xlsx,0.9957657376767713
db2eb968e0d0672966a5cbdb4edf5eafb28263ff181e61a0b256c3f21d272503.xlsx,0.995933333836773
benign_sample_7627.xlsx,2.959327405736055e-05
d371538ea99aba6886eaf5c080c719eef577b23fce43a2494495885a94a4561c.xlsx,0.9999995538048894
benign_sample_8492.xlsx,2.4831449383507453e-05
benign_sample_3337.xlsx,1.8648334688717792e-05
benign_sample_5644.xlsx,0.0018901116091652574
1a723725cd1b011eb26cb5879a7f44227dd973ac4c599961918491f9c337da28.xlsx,0.9999999997470769
723201a919f210e160c96a05c73af5759790a7a55a8885f1f0133598d2833f65.xls,0.9999889572253554
benign_sample_618.xlsx,1.67792231923082e-05
abbe7d29ac4618651b64f58ba4be9372ea9388919e644896542f0c6a955cf123.xlsx,0.9999999557574122
201d138a89869f089570a87b5a0722efc102c7ed6b4ede187bb2e817e2d9c568.xls,0.9999862809450035
benign_sample_7584.xlsx,1.5522991682193016e-05
f863620664826e2ce914f48a489d23e842bc01391ebf034d5b5c76947dcc233b.xls,0.9999889572253554
benign_sample_1271.xlsx,4.74470559025326e-05
benign_sample_1768.xlsx,0.00016834518407938596
80fba118606559f78b6e97b9fa8f5948b0b4eebbe72b0ed287e223653d9fe5ad.xlsx,0.9999999957241017
51a38b7bb8b113fa08964c57a4c629cf2a519c4bede6b6cb2780883ae42e3e9e.xlsx,0.9999999684204495
benign_sample_9038.xlsx,2.3284948819355254e-05
benign_sample_653.xlsx,1.8110117918594144e-05
benign_sample_7577.xlsx,1.7868227187264382e-05
benign_sample_6933.xlsx,9.956132508398812e-05
benign_sample_7540.xlsx,0.00010996073830870014
benign_sample_2117.xlsx,0.008244131199956347
benign_sample_932.xlsx,0.13933791474435162
benign_sample_9832.xlsx,1.6607747282017962e-05
270dae4d5ec1402e203f27359aa9c442c857b47d008f0b8477ec1809f6477947.xlsx,0.9999836095232332
benign_sample_5273.xlsx,0.00015882241165578954
1ef891c17492716a7f05e927578eaca738603d721692bbe0a7f2ccb728699bf2.xlsx,0.999999964451359
benign_sample_588.xlsx,3.002057849610853e-05
8eca793a3f17ed76923c1b9c9717cd0efc8396bf0c12c84eea977bde485c5307.xlsx,0.9999816004894159
benign_sample_8905.xlsx,2.0827401556422946e-05
benign_sample_1663.xlsx,0.00015122297334742548
4dfb7a9f41436ab5d642241ed14607ea304364631358f143b708011c1f90d63d.xlsx,0.987737319781416
benign_sample_2909.xlsx,1.5605757739801186e-05
benign_sample_6752.xlsx,2.8151815973490868e-05
benign_sample_6158.xlsx,0.01840656964094373
865b286401b24700679715eb2572a3b8f49739e47d4f3f9750c28878d194b902.xlsx,0.9999992117011737
benign_sample_3170.xlsx,2.2084336149800636e-05
d82fa52fff66e4df950bbb43e387d2b0128c479c3fdcfefcd98d9c3f1cece5c6.xlsx,0.9998933826531523
41ab13b7cf1b1f04bb333884b11bedb9c777a2ecfdfefdd8d0574e6b3897c677.xlsx,0.9941059241995988
0ac5d0d011d937625b0fe92a5309a6be11982a2fa344b5b0d2163d4e8f3f386d.xls,0.9999889572253554
fa17c03483888e7e529a95b23f9121e09de447acb3d9d7a89848a6aefe0021fa.xlsx,0.999999964451359
benign_sample_3751.xlsx,1.9904687798813422e-05
22a22b94f75e18948aedd7e4a279e81796efffc027135ceab39cfdd9e9bf013a.xlsx,0.9999999997814064
e0c13eb1937aad871c98dc9f6dc684f9a2e23de5554b747e8a3ec3a88fb9e8c0.xls,0.9552902904048605
benign_sample_1183.xlsx,1.9216521811797043e-05
ec525c39ad25d59ac4ac1f1de75dca892bfda29514701e4bf109f00894895fa5.xlsx,0.9999573685808913
benign_sample_9856.xlsx,0.027259766234546217
benign_sample_9525.xlsx,5.927770209476329e-05
benign_sample_2871.xlsx,9.686026336843975e-05
b7765ff16309baacff3b19d1a1a5dd7850a1640392f64f19353e8a608b5a28c5.xlsx,1.0
benign_sample_1024.xlsx,1.9915603939358767e-05
8ebe8eb8a76c087c8e2313c6525c5743f00e4da4890bf754060ac0e4986d6a79.xlsx,0.9949984966438237
6515c47c1fe18dc7c9f92bf95df962931a2ea49f1cf4410c8c21aff6a54bc84a.xls,0.9999889572253554
5b51ff56d8fc9bfe9e1d7997bfe2c9b80e6448d84ff910bf232c4061e42610e9.xlsx,0.9999003862062565
2f6a1115a13cc48c25a660788cf505e17b06d684d929f9b10c89b9548282993c.xls,0.9953060881080223
3e368ad96ec03a0a504f4b8213f6feb5ee0b69cc40160a65740211a933a58925.xlsx,0.995933333836773
benign_sample_8102.xlsx,2.5503748779869156e-05
fbd382c6f20a285c3591c57de7fb3b618a291385f7ba86bfc1769aa520d1a41d.xlsx,0.9999987369954297
811ae19844681d5f6d2ec530f840d120f24fe455b898c5a663cdb6f5f8f9e253.xlsx,0.9999999697120597
benign_sample_8317.xlsx,1.9387554788195858e-05
f645e203847443d52af91c8597e09aecf81238f4e821528a225b9d0c0755cdfb.xlsx,0.999999997060776
1eafb5483361cb46d199a3f93a8fd4dd64bf53502113859ba917c3c6ab02e932.xls,0.9999852658070583
d497bf1252a0b69a59fa87bf169d12cdeb028d5ccd957ef1668392b7f6db89b6.xlsx,0.999999964451359
benign_sample_4270.xlsx,6.741152871292554e-05
a987ed00818ba134d610fe45ef974f0c27c5d3988ea12f3ad40f1ab462a500cc.xlsx,0.9999968407518076
benign_sample_4175.xlsx,1.4753950394955456e-05
benign_sample_2826.xlsx,0.00010051432287881294
f719b666bf5a08808acf20dde9ccf28c9b72f696fbdb3edaf8e2b0e8aec1d190.xls,0.9999852658070583
benign_sample_3524.xlsx,0.00037056911821803997
f9ae0cf3f21396459245e4cdf165164ae97615302fd7e1029139ae048b933ead.xlsx,0.9999999684204495
benign_sample_1401.xlsx,1.6454622863164216e-05
a2dca2443f6f28efd56e226360f4b361e87a97c3ac3e458459fdf0af56b95f8c.xls,0.999986262081397
7c3dd2c61b72f91ffc74e232c8f254345df6d868013b1ebc2500c80a67d29b52.xlsx,0.9999830723828117
benign_sample_2534.xlsx,1.684823470697912e-05
benign_sample_7752.xlsx,2.1098302475979597e-05
benign_sample_96.xlsx,2.235555872203187e-05
benign_sample_8923.xlsx,3.5186555477756794e-05
e7de37551a34eeedad94894e8d087d4d9b8242e1441e57e27ba6dc0b0dc23180.xlsx,0.9941369027571895
benign_sample_6699.xlsx,2.7539961873273324e-05
1fc31577b7fabefeebbc122a8661bd379e65c002ec3e0b7d5c1fd2016cf24a34.xlsx,0.9999999684204495
fce896d93c20c1ce234ded51b934d74f7478df9d9afca628f9f309a902b50b20.xlsx,1.0
c04f4eb04f3e6e7edbf1fbf76b13a342c367c236edc474ce8321d9bf7fa35e34.xls,0.9999862809450035
benign_sample_3363.xlsx,0.0014318652190010968
benign_sample_7865.xlsx,0.00010107198558459984
benign_sample_9568.xlsx,0.00043839967794516974
ac5938f0bd0b761e170db9ed46bd574e33158cbc408260079d64724e05451ea2.xlsx,0.9999999999999997
f007020c74daa0645b181b7b604181613b68d195bd585afd71c3cd5160fb8fc4.xlsx,0.9966399643725344
benign_sample_986.xlsx,3.1954328806437975e-05
benign_sample_5198.xlsx,1.8006662723468775e-05
31592edc5e101adf6fd5454d2a28b4799e42bd5a01ede1bfa0294f250f80a089.xls,0.9999889572253554
benign_sample_1576.xlsx,0.0032649232143739867
309f57e5287de70eb1e81f1dacd38a00f0a94863002fde8c15915781476125fd.xlsx,0.999999964451359
28be0c8cb8387f2981da44bbd25c147cbc76013ec5573c58c061bf6cfe357c79.xlsx,0.9999987553248983
39caf35b2a6ae2b3283111953001a2db124bb8e0d6abd8f11bd192c21610eca2.xlsx,0.9999999941338403
benign_sample_3023.xlsx,1.547266629285614e-05
benign_sample_2653.xlsx,0.00015710731345153504
benign_sample_1860.xlsx,9.977088819014859e-05
853e3dc967c4909ad9ade8fa76ab3e9076cfd15c1aedeac8342a20f425d7deab.xls,0.9999889572253554
benign_sample_437.xlsx,1.7477216991861253e-05
benign_sample_7709.xlsx,1.74567375385938e-05
977e9ab4d104d4084a4b13ca30086b332849c7e2cec0cf1d375dc5a3565a931d.xlsx,0.9996789401633727
benign_sample_3377.xlsx,1.6635300470036475e-05
benign_sample_4615.xlsx,1.668659673943848e-05
benign_sample_4357.xlsx,3.982787607211556e-05
0173e88fc66693bb9afbeb4e1b4582b859906f0dba4da86a4529b07f37117576.xlsx,0.9999999957241017
fe30fbfaeab2d675c3d8c2fda5f219b159f1f41a4c46a991452e09357a0aba21.xlsx,0.9999949051471301
benign_sample_9059.xlsx,3.254643098347768e-05
benign_sample_3981.xlsx,1.5761887746080298e-05
benign_sample_9537.xlsx,2.7635995320278994e-05
benign_sample_8951.xlsx,1.9669358751756933e-05
3eb687e1ccd60cebe79294d3a640223c950085edf4857d2e30712f89f3176644.xlsx,0.9999999612938351
benign_sample_7082.xlsx,3.449514500519116e-05
03b82c922cc5678dc96ec9c4f0e695b85c04ce2fc5615849af14ffff0bf0cf30.xlsx,0.9999999557574122
0e20ff8c875e394e63a8f722e054e3fb22332835d7cc9196b3f61b99bd6589ff.xlsx,0.9999816004894159
8bff01899b041b80c718949613dd5e77169c7a58cc74659dbc18ca599adcc1d7.xlsx,0.9999999936475487
benign_sample_3304.xlsx,0.0001057327889946443
7b1b3e2bd6c755643864ea7c12ca57ee9371378a73b82620f48da99f76260d58.xlsx,0.9999999775466129
benign_sample_1857.xlsx,4.6095785759535906e-05
70f5c43cd7fa51240f496bab1c6a9cf1f67894a0dbe42932346a0184498ad016.xlsx,1.0
benign_sample_7012.xlsx,0.0020367126338627544
benign_sample_1377.xlsx,0.007628374157640138
benign_sample_1980.xlsx,0.00019703620454590608
60775728f58b52c2d8e588412229d81fcf6a17565e9fd36e6bfeab488ac15477.xlsx,0.9941059241995988
7ca855a777507ed9bec406cfa9e7d441d37c40398d6eb798f6c8f5da0bf546de.xls,0.9999855897289726
benign_sample_8189.xlsx,1.8060597439229182e-05
benign_sample_9219.xlsx,6.529638566372172e-05
e66b9c122ac10eb71188cb52daf00d928c475be5f5893fe80886e828d94f4b15.xls,0.9999889572253554
benign_sample_5225.xlsx,0.0002575859155214245
a6af0911fde693a4d5a674fd5a9936d5b14971ce531ed1029f6c226c543d0f7d.xlsx,1.0
benign_sample_8741.xlsx,6.760542762808567e-05
benign_sample_2521.xlsx,2.164049427112501e-05
benign_sample_6093.xlsx,0.00654894955805103
cba10ef84c22a6ace7e3de7bd96b7785bbc076e50fab919c8cb79478da4552d6.xls,0.9654627319949941
d63bc23cd7873d690acf12e6cbd854c87b83a51f1ccd0a46ec2eb39413a1089b.xlsx,0.9999999936475487
benign_sample_4277.xlsx,4.098832673344525e-05
38c437506d6784745c6c870e909cd2128813288fb251b797d576c34d22b11db9.xlsx,0.9999999684204495
benign_sample_7917.xlsx,2.03866938834853e-05
benign_sample_2828.xlsx,0.0033248740245162734
40cae6f6c477ef286d9c0c425bd7278ff446703d5e95fd458427e93e097cea29.xlsx,0.995933333836773
87a0dca4dc63a3da412570cbfc9be38d211e0e81cbfc25db03c1106d5329e5ee.xls,0.9999889572253554
benign_sample_4075.xlsx,0.0002782965452125935
97dbd65909d20637c854b0098cef2ea2a72c4344bd4dd7218c1f76045d7a7173.xlsx,0.9999999957241017
1889da0618f6c1e7107821309d5ef0d97fe6131e68dc5128fc830607346e2065.xlsx,0.9999999997814064
59df4a1b740a668c3fab683f2b19b3178980e01348bc20db0cecc7c076c28b81.xlsx,1.0
benign_sample_1469.xlsx,5.178876506189962e-05
benign_sample_5378.xlsx,0.0014020004787091975
8d1e74bd842615d0c4cea2b45dd7ea3d4fbe94bf0fde6d2dec5741e2899e146b.xlsx,0.9999999351662029
benign_sample_4526.xlsx,0.00012457617772056452
aef004b35eb844035bef0c966260c1fea0463b3fe4226e189efa4992984e5ccb.xls,0.999985459400337
81db44b4949411669927d63c6babacca0dc1d6a53b3e7b17a0056fe191f85c09.xlsx,0.995933333836773
6dca1a4692e2a9f84be30b677889edc7faa7899d41b616ea2ae85eaa693e92d2.xlsx,0.9999997751285887
benign_sample_6940.xlsx,2.2819090456704636e-05
0add57092da46646c200bb9dd10bf9ef1fb9f9a54d62ce2dce7de3ba75f1c16d.xls,0.9999863895520815
b7b0a2342c1a56a169ac4a056c14e143e731201d1da2b0c64c6c2081d2736ba4.xlsx,0.9996467573923106
1c281b6303810208bae5d4f36edc3873f761b3ffc629cc4b3723f91c79459687.xls,0.999986262081397
benign_sample_2579.xlsx,3.5716149283267736e-05
15dad764ecec9022657ecf1b785dc3c8aa9547fa610c5b37e65005f0c244fecc.xlsx,0.9925481452698995
3e4f541f3c7645628201d11656ee690625d6dbdce10ebef8172132dd163e9c52.xlsx,0.99999545550267
25b8d35ed3266ce2eb8e7c3d62733d4a5947e1f7952e7c716ef173ae59e2f7fe.xlsx,0.999999867887992
7d997110981fa1174452ce7217044d117f1991aa3607f267fa7eb9b9c826b9af.xlsx,0.9440428580084408
7b78b0edcad06c5d275c728c5f163ca1b1c2281bfc7bf0512838a58dae0c34ec.xls,0.9999999999685131
benign_sample_5601.xlsx,0.0013278321473139138
benign_sample_6198.xlsx,0.0018676709441170618
benign_sample_6373.xlsx,1.5600858863653967e-05
benign_sample_1125.xlsx,0.18511783019085717
benign_sample_8595.xlsx,9.397409899924009e-05
b0690cdf7bfd6f7fc60b278269b018dac69e237c9887aa2a8b1a2f3dc92128ee.xls,0.9999889572253554
90ffc7637efda899fd081ac61a8a9d4460bc03ccf728e6188157ef3b46fc10cb.xls,0.999986262081397
benign_sample_8206.xlsx,5.08126835852127e-05
benign_sample_1149.xlsx,0.00022750952217393344
18098640229fcefd973d137befd6cd6292fac6a5599b91da439bb0beac47f1be.xls,0.9999865960174247
945817d1bc190f1de0eca95f6cb95ec1c8d0007ce2315fb652367261714a23cd.xlsx,1.0
897cc437a49809b292861b8ae938d9e3b7c57c1538d99a5f8550364d33877b4a.xlsx,0.9999999949164368
902afb7f03df7e3f3edd6d2d4caa7a2ec9530afd4f2a720d9fe66a89b30b5970.xlsx,0.9999454578073919
2dd43cf2f9d11a137f029954d0fcef6352074e292211b07f3eb2ba72308ef927.xlsx,0.9999995488597299
40acd46767fc8d545a1595386f9f4196f9b5e2c64ee971f649d3cfe7a0333a3d.xlsx,0.9999999697120597
435b84cd3955afd0a3faf1d7546ed9f20f5065471f30a18e9e4b62d173de18ce.xls,0.9999889572253554
benign_sample_140.xlsx,0.005680852902289617
benign_sample_3682.xlsx,4.9985891132947656e-05
benign_sample_8707.xlsx,0.0009043852313453288
benign_sample_590.xlsx,1.8506682181225902e-05
e3f28a33b827cd72733e93768e547e5874fa08e282cd455d6392135fac28283b.xlsx,0.9941059241995988
88a7d32830a0a2e9a971fd47daacbe9f1c6fe85e5062c92adb6899cdb420103b.xlsx,1.0
benign_sample_7230.xlsx,1.7367109152910202e-05
benign_sample_6922.xlsx,2.595845757736657e-05
benign_sample_3597.xlsx,3.649815730878761e-05
benign_sample_7482.xlsx,0.003462766529287483
benign_sample_3057.xlsx,1.690436536900039e-05
benign_sample_7860.xlsx,0.0012043401402722896
benign_sample_3147.xlsx,0.0002312484691034686
benign_sample_4749.xlsx,8.777343857324822e-05
2a23f07ade137a28c46955051bce163aaa5140db202cbfb1db03b7ea47f7ff57.xls,0.9999889572253554
d9499f8b519be1b49d17f46679e3ff0de16d471b8f8ac8a0e56446d164ccb0f5.xls,0.9999867888695356
benign_sample_2594.xlsx,1.6799456177381713e-05
717fec160b2deb8a6fb47bf00cf93b2dccc7a0059b64403501acf2d29dfd1818.xlsx,0.9453245669426655
benign_sample_3889.xlsx,2.2792400136156818e-05
31a007e1e6ff46b99e8bf73084fa379b0a061b1c2206fc05508109439b829525.xlsx,0.9999999670849972
benign_sample_3732.xlsx,8.359713945610474e-05
benign_sample_6829.xlsx,0.0012984123785313684
9a2bff18576153d73782492424902ce836f9fdf2f2903471372c0cd949391b3d.xlsx,0.995933333836773
05d29ffea6606e3757104b768539770468109dee478d3d951c557963282299e6.xls,0.9999889572253554
benign_sample_2705.xlsx,1.6423122205136772e-05
c7e61e6f0222679e12ccd85d77df45e09ceae1d1321d053f43889df9a6930244.xlsx,0.9999987466327679
da62e71e7dc7607b61cbfd05385bb376c3b11e4dad260c30f7ad1612441bcb88.xlsx,0.9999999739714127
b8e39a80c58b7bfe21d4a9cc695128aa1b3066e3f85a2138fcacdc4fd96403a2.xls,0.9693768020955092
750167bcd9bdbe30df528f9f505fec520559c1f5c8c5cd1dba605e456cbf6b65.xlsx,0.999999943940174
269801775bffc7e0a249e9accb7ae7c3e766d44e079e3366459a0df44e1b4b5f.xlsx,1.0
b0a96e872a7cadde1ff2f103047f37ee2bf55bbee88d8309c0028645ebd4569c.xls,0.9999990031766224
835d8b1a86451304dde60a74ad12086ebda5b1fb39224e5f2fec637d8ddb6313.xlsx,0.999911031985996
6694a4ed3558c2a5c9e62f41b6b0b7f6d14f2716b61fc7aa92f6bf36bf01edbe.xlsx,0.9999999557574122
benign_sample_4900.xlsx,0.00012836929573501764
benign_sample_9433.xlsx,0.0022420620611949835
38770a1d7fb564d852c3f22d70f6e4cf3f24a0e5240f96ebf3d2c017af671618.xlsx,0.9563683972537004
benign_sample_8378.xlsx,1.9050035500768916e-05
37295d58f2f0ad5127a705425704c761b9cd3a9dd50045675a184908c88868e2.xls,0.9999889572253554
benign_sample_3885.xlsx,0.0001266811884322021
9fccbe7844fa0d92de8e745ca672019db23a09777b56128bc4116ed0c7dfeb1a.xlsx,0.9999968407518076
16adb85a507ba6d68f784cb90410083cb26303299213e15caa8bf7a0012a990a.xlsx,0.9999998754089404
benign_sample_2829.xlsx,1.6284976226679144e-05
benign_sample_6507.xlsx,1.617411644760876e-05
benign_sample_1939.xlsx,4.454763387546013e-05
benign_sample_1331.xlsx,2.0800559517590927e-05
benign_sample_8322.xlsx,1.8427937729959192e-05
benign_sample_4415.xlsx,0.0068363377700105836
1deb03a5ecbc73c8d6dcbf9cf18e6c614be6b24ccd8f323f11fb97925db3b5a5.xlsx,1.0
benign_sample_7067.xlsx,2.129782771929654e-05
a8abb00def7d4f3f5a0d72be50262305fad36afcaa47ab2ec10987636d4c4f87.xlsx,0.9990236630275998
benign_sample_7467.xlsx,2.7683193060165035e-05
benign_sample_7790.xlsx,2.1298103957030885e-05
benign_sample_3783.xlsx,3.545698560159445e-05
685a21a449aa1414d3919570dc0aae7ad2d784685893037dfc4bd60e9cd4b922.xlsx,1.0
benign_sample_4865.xlsx,1.8679583285853508e-05
benign_sample_428.xlsx,2.905228963416242e-05
4870c0e3e50bade945017df26b5729a022653c7f3e64c05ca1c9d2d2f4562493.xlsx,0.9999816004894159
8aa8a62df2e6fdfdc93522a8226e8132208a8beb431979fff1c06074d40e311b.xlsx,0.999990975183977
benign_sample_9186.xlsx,2.060862989626169e-05
benign_sample_5676.xlsx,0.0002738397031102913
benign_sample_3038.xlsx,3.674657426448848e-05
10cb7ced7eb0f24bceedf42355377a531bc2052eb2e2e136149fee9e41595b4a.xls,0.995933333836773
benign_sample_4890.xlsx,1.7693899552638417e-05
benign_sample_7720.xlsx,0.001086455688377893
6fd5a846ccac39845dc0b3bcb4f50eff3a1c0b38de01fbb939609d3165ffab8f.xlsx,0.9925481452698995
f4e10c5743205f55ce4eca43f3741f71ecfdca9391ae883123c3372d5daae4b1.xlsx,0.9999999734047395
benign_sample_8907.xlsx,6.199496152920226e-05
benign_sample_2697.xlsx,1.937383713902931e-05
9bbdbbf2e16c8304a30bc12313362864d0b4611b6b5564e5fa4efeb559c9a4c6.xlsx,0.9999998803230902
benign_sample_9729.xlsx,0.006585996367014194
72f816b0ca208700c09d903d662083136e7cc52623c00617b3328412f4419277.xlsx,0.9999999949164368
benign_sample_3611.xlsx,3.426154038785042e-05
b4fd2ff3e67bd5993cf89b3a5fa1de5db639e91a5e19890d4c8b16756bee3e6f.xlsx,0.9999998870260348
benign_sample_379.xlsx,2.3356484073527774e-05
81ff546bce8812d85b2c303a8765880658555bedc404ec1a2b9f05eca7295708.xlsx,0.9999999916015246
benign_sample_8447.xlsx,3.788558569612281e-05
f22ecc2b3574f42340051664ee3512c69ca9741684aeb52cddd89a9bf02aa9a2.xls,0.9999846919423708
3f45ec92fb57e41ef393e1c24a83987e992470ab946f153e07e1fc344750d153.xls,0.9999889572253554
benign_sample_8647.xlsx,2.8131583736804996e-05
91fb689f8dd770a9ddb00b21374d49c707d67a4f21a8f1c3496efefd1a078b6d.xls,0.9999889572253554
benign_sample_1741.xlsx,0.0006229511630501499
benign_sample_2224.xlsx,1.6633636731132465e-05
benign_sample_7653.xlsx,0.009069284408258724
1fcb7cd99ab1952092027ca4ff48e1278cef881b6c627002e03b3f11e26fa8b3.xlsx,0.9999825766907203
benign_sample_1443.xlsx,1.7589486314513684e-05
benign_sample_6185.xlsx,0.01124116224095968
benign_sample_5722.xlsx,4.0151979331030146e-05
ed8756eaa9c6158b5fa2b5d54e873ef06c8642f911d42ee6bf812fb2043553f1.xlsx,1.0
102871dcfed05b83c7e9807aaafdd0120c72e83b1286d58cf9de9e3dca21adc9.xlsx,0.9999999605520123
ed6e99590abf4fafa6f8b0943a77e886c7dfd5048c78b016cea038d8face187d.xlsx,0.9999999999876872
benign_sample_4895.xlsx,2.9196194431103213e-05
2b7fc59cc8ea4fbeb5e4523517dbf5cc35edac4cb4e524bd15ba6c3deed6af2d.xls,0.9552902904048605
b43ac40a603962bb3ad98cada89ad7e9e6cfcfc1fe14115fc4b4716c1081406a.xlsx,0.9999999948510103
benign_sample_3937.xlsx,3.146961339165104e-05
benign_sample_8900.xlsx,0.0016560725271750508
benign_sample_6122.xlsx,0.029671842796836753
2cb94ec7391837ae541a1ad1b8c11aac87d2eaf6d888f62fa954b6d000cdbf29.xlsx,0.995933333836773
benign_sample_756.xlsx,1.914136164124886e-05
a06c9bdf2b4cda06f2794eac1611051dda78ff8a4e713202658a65c9e2c562b4.xlsx,0.9999954675238195
f7f7778dc5a244f1a862b5b806819945d268bef037049d962c50ecc723ff9773.xlsx,0.9999970122465953
benign_sample_7381.xlsx,0.005269923266209193
83672eb1ea38b0a6bd088ed14071cfffdcebc5c6ee34a1a868f0d51ab3d062c4.xlsx,0.9999999557574122
benign_sample_9306.xlsx,0.0007366231586141779
benign_sample_9054.xlsx,2.258684355077119e-05
benign_sample_418.xlsx,2.0280525305632003e-05
benign_sample_2077.xlsx,3.0934404410786684e-05
benign_sample_298.xlsx,0.0001226731479545461
af9ca97e89f5541118189a86669d640b6a25dddbb2fa679c9be9fd1e48456fcb.xls,0.9999889572253554
202b890db0b579d3ef5c3da64a38eaccafe80eb3b43a352a2b64c62dc3a01c1b.xlsx,0.9999999999999997
benign_sample_5102.xlsx,0.00030095919866290547
bf495fcde782b7208d88e1d224e8fbfc8917b42e5c0c1de5b81e9351e8392f48.xlsx,0.9999999612938351
benign_sample_6505.xlsx,4.708900758575204e-05
d691645cdaef8f04850ad99dc522a9c879c99a8878e5a47fdb8a79da50af29f9.xls,0.9537340682870118
060871e5bdda4de06b73f0b634be30d0c901d49e1dbf0930abd78febb37c16ca.xlsx,0.9999999941338403
c10edf0a1d7d42938cb06b3a5fe8943918bca5f8597f20493d4c41988383f89f.xlsx,0.9999999670849972
adb15ea95e28e8f9166f7a954e46013f00260078f7da1e7723928277be17ec29.xlsx,0.9999999605520123
419b48a1ec5873d626f9e65cd27a6146462a94d9c95337a71de1de27ce95ff9e.xlsx,0.995933333836773
04410fa5efa3ebafcd716397177ff1990ffac743a2a2b81e8078c055c2474051.xlsx,0.9999999997814064
benign_sample_2584.xlsx,0.000367989903635639
benign_sample_293.xlsx,1.9862065926368796e-05
15beaf59ffcca64207a39b5eaaf03f48a0b54c9bccf9eda1c5330274ef7c5845.xlsx,0.9999831246946421
f0f897fa5c067a238cb0f0dc59164b72ae2a9f7686b1bcb58df65a63ba6d0e1a.xlsx,0.9999999957241017
aa2dc6551f70aa300b5d64205532d27bf3988c4c1163ec80ecae635a9c17d5e0.xlsx,0.9999999999999997
5c8cb7136b7f89772e79c0a2f6ead69434dbd7cd66ed030ca620de279c9b20a2.xlsx,0.9971829097248018
benign_sample_2962.xlsx,1.7944832190991817e-05
aa0134ad7af8d9dd86b67da52166a465d84107f7a54c672061bfc3db7af87132.xls,0.9999889572253554
benign_sample_3379.xlsx,0.0010442222272707643
benign_sample_7450.xlsx,0.00020617729079507345
e19d3d6351fa1a771e2dea4bbbfe955622468701f38eefe7336d6269b8e11c44.xlsx,0.9999999670849972
226887298779c3a8d0fa9bfd764ca9d6a0296e911cc522c3553fdb7fdbe4d839.xls,0.9999889572253554
benign_sample_1485.xlsx,0.00030306455596505283
05aecdb06f381a1f9e09447d5ad3b04c6434bd30c842b71dbde7df57bf7dd57e.xlsx,0.999982837842685
3f57a7883612780b3db1e66a881e3b6708e0a36864ec16dee225c380abb3850a.xlsx,0.9999999957241017
b7e9fe1e26165ddb54160ff2162dad21eef09f104dcc6c9d1a46e41473e8a99c.xls,0.9999987393629145
benign_sample_2987.xlsx,6.967713420854725e-05
1191c50a7b1ca8a421e6fd164d1df2d2e31d292e23c5b427b9a548f8d8274c81.xlsx,0.9999999612938351
3b04cc5e7b3c6fdb03f79d25faa040f8cb631df24269fae79548fb2b4ea9b9fe.xlsx,0.999999943940174
563d0d4ecb08d319931e8520b69b1cb4aa811c0008e73d20f9568e6e3dcf5792.xlsx,0.9999999605520123
b0e8703ff5942cf4caae5cc6051f040a2c97d619b2d160bda96c9f65daec4dcb.xlsx,0.999999964451359
benign_sample_555.xlsx,3.14789852762768e-05
benign_sample_9260.xlsx,1.7529483917944342e-05
benign_sample_3962.xlsx,2.2826548392079866e-05
benign_sample_9983.xlsx,0.009464925173114137
1ee992734ba17c72636984122b916b5fc8a74b901ef236dec0aa452aa4040e4d.xlsx,0.995933333836773
benign_sample_500.xlsx,0.07558121684556175
480840ceda161ca88e155bd54bd8c7c18943af8663c695e7f8717834f2f4524c.xlsx,0.99999965421966
800c3c5748a17e7fe2e37f56f2ceabd4972a025a10286e800ed1a1916523dd39.xls,0.9709142586775803
028317fe152956e7f73a8da6a19956623a3872ef77538f8286481116809396c5.xls,0.999984679143302
1b184cc90f0cce74a1de956c81d9a3dfa3de5f39422505ebfbba22ecf3bdccda.xlsx,0.9999999948510103
6d95aebf2eab2c02a6e192bed15a2070639238ceb9b45f1301ec02f635a9e5e0.xlsx,0.9999909019353564
01bb2dc89b0c4259785be8350cfe1c6085047e6149c38174494b3ad7f078a69e.xlsx,0.9999909786974331
0c8042e4a485e80ad4a293d39cb6ebd89449389402ceb768a13c3639d47f5a98.xlsx,0.9999999684204495
72b45e49b8756bcd84e646c93037ca053dc01d7a7dc994789ddfb769190ebe3d.xls,0.9999889572253554
9c88edef7d8aba6d53dbf9ccdd6e486b2f93ce1ab5a0d896020ca3074972af19.xls,0.9999889572253554
fcf0d4248e00238c8588816ffad94b5ceb3a786a831efdccce9f3a878c7cfebe.xlsx,0.999999964451359
a8969223d2aeb0e15a36b11a5d2428a461973fcc46fa77f0826be73374ac52b4.xlsx,0.9563683972537004
benign_sample_4179.xlsx,9.199465627706814e-05
ead01dd2ff8fa735dd67f1ec08cfd48488852ebb2ef7a8a204b86f7ef9a02b05.xls,0.9999853259069006
benign_sample_4548.xlsx,0.0014129495719738228
1f7f0e807662dea1f41db59b70e82b89dee30c7f08a920ee2004273a5de977e3.xlsx,1.0
benign_sample_2536.xlsx,0.04606413931354469
3c3698245c33f742e0fc893c05b054f18a27ced461e79b9757466d0b4b38f6fa.xlsx,0.9999999949164368
benign_sample_1461.xlsx,1.7697731397430657e-05
08d2abb7d2989ea8584a6721ff7f3c85c0932b38be4b7e69dc1be401e4a2c370.xls,0.9999863895520815
66a8ce9a1204436cba1e6196975f524a1d3e27ac728451ca9d4ed750dcd1bf59.xls,0.9999889572253554
758ff0fc04f8c92a348be1a12a76f47599171467fd9818c8cac90fbc57ac3e4e.xlsx,0.9999935191946053
6f8fe0b12f0634a3db5e8349dbfa1ce80c4c0f6a51428fdd5312b684371b0fe8.xlsx,0.9999999949164368
dbbbf286b6cfb6efedfe6e84bddac109aae7e4b4ca11122b1894fc61901b6e12.xlsx,0.9999999612938351
62413a76dbe9ad2b87755b702cb73f25bf7a2a68cb1f776e75975a5381a7b817.xlsx,0.9941059241995988
benign_sample_8615.xlsx,0.004163192433029276
benign_sample_5597.xlsx,2.4562023522552907e-05
benign_sample_7151.xlsx,0.00949606846334677
83a5ee98dbeeccf104dc83c97996fc636e5f8980e073b070df9f6a4b66a24c67.xls,0.9999862809450035
benign_sample_7794.xlsx,0.00915434516256809
42e4c75d3ee375a91afc7d305a6defbb25b912b6838ef1cbd8da836983086986.xlsx,0.9999999230446587
15116cf9bba7926250856d7e85554facf8e11d31ef78211e2c92af818f464dee.xlsx,0.9851879435564396
benign_sample_9620.xlsx,1.6192759199219733e-05
benign_sample_5758.xlsx,1.8449152658022534e-05
benign_sample_2161.xlsx,0.003347974111808548
61137b7d93e2251c2df63f711b5a3b2f97b86e4e8225481b322f2f06b726e8a8.xlsx,0.995933333836773
benign_sample_9720.xlsx,2.1436278379374835e-05
benign_sample_4958.xlsx,1.9304236041608785e-05
benign_sample_6315.xlsx,0.0001773443390964615
9aa084ce34c6b511893a0164b497c068232735ef5a581fffb38f9a4517948184.xlsx,0.9999984972127058
b0cd7e27667054275b0b0e9959db8761cc05091b179999ff85b407ae97b458ca.xlsx,0.9999909683513978
232ef04c1a39054760c4b5311daf15105517eaa51f5198ff184cc8ecb5351967.xlsx,0.9999999739714127
benign_sample_6479.xlsx,0.09544636239054168
04d35341f3420f9b040fc11eae043a935ae1606c6d040ebcc8c22c88529f99b2.xlsx,0.9999999941338403
1ea15c758618bb18d1d3f6911d9c7d356a154f273e1d8c4b5d5851bb3687c3da.xlsx,0.9975866850154166
348075fdb491ffdba3faf658fad54b35122d2c52ff29ae2ab3bbf53f2a054e8d.xls,0.9828778776807514
9e6b8b4f718bb370275a55be34cb1779645d98ce1a15d711019bf8aa3e0da102.xlsx,0.995933333836773
benign_sample_7498.xlsx,9.196516608762928e-05
5064748dcc80cf78bc4511ec3ea5907dd5efed3feb97f876bf944f834afbb3ab.xls,0.9999889572253554
844d69554c3754f341fce9fbfc537adb810c67d20ca6f916a6baeb24eec041bf.xls,0.9999889572253554
4e2cd4d3ddb1aa605552f4ffd8e55f682424b7350751f20030c3048f081828dd.xlsx,0.9999909095554562
benign_sample_5967.xlsx,0.12772851909242858
benign_sample_7596.xlsx,0.0001872900719001126
2054c8c271ddb618cc3bbcbb23ec490d636bb93075a07bc7aa50742b69385c00.xlsx,0.9999995514143625
benign_sample_9053.xlsx,2.8519143486278553e-05
2dd89575a21c3e333817acc3a70019987319f600f0ebd3f6fee813bffa4fea97.xlsx,0.9999830723828117
benign_sample_954.xlsx,4.260068361122918e-05
benign_sample_9313.xlsx,0.00046782904583262574
912b1fb9f4e541c797b1f2a6a30b151a24c2b0757074be6f4184e8e8550a2c98.xlsx,0.9925481452698995
benign_sample_8502.xlsx,2.244116817663901e-05
aa855d7e6ebe57b546a719d3699b2c004a4ba00ee6810d0e9bc5a0759e734430.xls,0.9999855897289726
99800df852b01aa636d83b05b5c7f18ec22d3ada11dac31552120799fe77c120.xlsx,0.9999904530586908
b48b1f5fe087a773de9ace79327c90ba001a9867cb47809728615afc51f1653d.xlsx,1.0
7f1e2ba938fc7bf91ede8cfe8cd83c14b6b82ba6a1c8a0a09acd00d9fa6b913c.xlsx,1.0
1887b0279cd743d0949f2637fbc053cb81552fb36493d9397e9b29d7c3f1ec84.xls,0.9999867906727102
924f1fd1a05a7b1c6b521b1358fc0203b9796dff3da1dc39eccce9b0825dc606.xlsx,0.9999999999999997
benign_sample_3862.xlsx,2.25640960077025e-05
benign_sample_2359.xlsx,0.003524430823644124
benign_sample_291.xlsx,2.150002140897573e-05
1e0fe6a72ee5b6cc64c0a0a6f699e1e14641846d31bdaa30f767b00e6a2e7260.xlsx,0.9999813019228455
benign_sample_9550.xlsx,2.710953965804324e-05
160b32b78681994ebfb47a8fb97b56d951707f876a42b6d968908b9b48a147a6.xlsx,0.9999637048269209
benign_sample_5311.xlsx,1.7407557143208922e-05
fab78320f80566e6e19d6250e299fc67bc7e055c7cc2f37eef69915ac23ba71c.xlsx,0.9999954585561482
a7924978cc9446af048e39a6632ede79f14d840f463784fbffee6f7d38d1fb07.xls,0.952987563256844
benign_sample_3668.xlsx,0.0005099805763371694
a4b6ff5730346a002cbdf364608000d05d9cc3d21d96b17287a6f17fff6b61e9.xlsx,0.9999952292730502
benign_sample_7905.xlsx,0.00027961360149340663
a413b29652b9e6cc88984ec496550a8ab04575b8392c9707734a7284bcee845d.xlsx,0.995933333836773
204bd31fc2dfeab4f250c9b149c6d22090509cd0bab0cdb303bddde6ccae91f6.xls,0.9999889572253554
6290a6b521d3534d5251c1ec32348cf65e82f32511a012123f4e011725e4cf39.xls,0.9436225435500608
benign_sample_1637.xlsx,0.0005555579648501407
b57f0cf823a48a3091b4e63690e2d2eed9a9b28ad6db3a31b6b1348d90a5de23.xlsx,0.999999214149963
benign_sample_4856.xlsx,1.767075699033474e-05
7a9dfb784b520c69c8ab7c50e9c88d5e9bfa67ba329aac865ad891b5fd65a769.xls,0.9999852658070583
benign_sample_940.xlsx,0.0010402197711327228
benign_sample_9310.xlsx,7.065682373576515e-05
1036775b02d54c11e8a685022fcbd4a5f1deae680bf3b2b30989075fdcb29d73.xlsx,0.999999964451359
benign_sample_97.xlsx,1.6674859903866327e-05
benign_sample_1441.xlsx,4.2880017287612174e-05
benign_sample_9398.xlsx,6.819738345787773e-05
1126c5fa4ef419bd6a249f66e3346a923a06228a421727d0d6c7de3c5b0dc42c.xlsx,0.9999985068951275
benign_sample_7668.xlsx,0.03871591346793137
benign_sample_7525.xlsx,5.5992276977732425e-05
3ba1b6bef1017ebdef4b997a5bb19888dd6ecdb4791d6f316d1e49e6e5344e8f.xlsx,0.9999999948510103
benign_sample_675.xlsx,2.8091242309523638e-05
benign_sample_8824.xlsx,5.526539718647968e-05
benign_sample_7353.xlsx,5.5896145395730254e-05
7e60af333b52731e98a3c49c7e0ecca12d86c8277f4e6f8f118fd021beb5acbe.xlsx,0.9999999484198708
benign_sample_1887.xlsx,3.5509701266215394e-05
dce98ff875671ea315ab0bd0f402da8fb1a0993aae02d9ba7371b95b5a13fa12.xls,0.9999889572253554
benign_sample_6998.xlsx,0.0003375284394997486
benign_sample_6768.xlsx,2.5589066374198752e-05
3ccc50d6d91e569d878426eabe87f0107f8c1e0bc09cb32c738f32d4b653ca1b.xlsx,0.9999954597547861
benign_sample_7463.xlsx,0.0006586736293444361
benign_sample_7418.xlsx,0.0016976452856227045
6c5e4e1e8a8a4654e9df0d004077f3a84cf36a63c2b251e253049e6c358c39bf.xlsx,0.9847939920622727
benign_sample_2772.xlsx,2.0971007534363558e-05
89647ded22ae1673225800aa88b46f55537ba30c5e5fd7ea17dbf1c57924d853.xlsx,0.9999997734669911
1f97713aeec15447900dc11afa75dc5de0f376daf5532efbe3003b50d2cad3c5.xlsx,0.9999985076218841
4013ee82c81e7f650691c2f43af082c497e140d4bf3faf7de29c57da5a441fba.xlsx,0.9851879435564396
benign_sample_6964.xlsx,0.0007630966176361588
9291a30cc58874f0281e559b1b0f6fe72ef429e25e9bd88e483863a0b3559e57.xlsx,0.999999964451359
4b98202753cd1b422738528f0d1ad2e7591df4aa529711e25a3ceedd2aa170db.xlsx,0.9999954275643188
b2e5f7b6a77bf5503430da399ed9b2c8ff66c79b1e8b01f9bea49340aa85256b.xlsx,0.99999545550267
benign_sample_3539.xlsx,1.7495709574642903e-05
5638dde84808e032770d4a15da72fd628d844cbb134e8b881c951d21b6fd210e.xlsx,0.9730987347034462
benign_sample_5239.xlsx,2.689349317110886e-05
e74813a3530752434c9dae40f5f1cbd367cc16a541547e3a2d5b35295539390d.xlsx,0.9609863759542394
274dc37c4eca51b6bb99f57523a8eb387931cd4b38ca58552a1efb5957b700ad.xlsx,0.9992587681174966
benign_sample_4554.xlsx,3.54773280123708e-05
benign_sample_2467.xlsx,1.9376216784313315e-05
benign_sample_5725.xlsx,3.119042035967082e-05
benign_sample_2924.xlsx,0.007001398540910715
58b38775f655498b134ce8cd52ab0aba05b710f7611e41cbdffdc3597c5d5f3d.xlsx,1.0
benign_sample_1030.xlsx,0.0003590137750436695
benign_sample_5750.xlsx,1.860164694356573e-05
ff76c26c2ec7592698bb62b083be939dbea4132c3d52c89b07d7971810f41c16.xlsx,0.9996467573923106
benign_sample_24.xlsx,2.7837792562067094e-05
benign_sample_8072.xlsx,1.9413818045804695e-05
446673c01480c79b21b7725ee529350f4995cc39532a324b01b61b352f50ab60.xlsx,0.9971829097248018
c97476ef17aeaa47b04e31c92444e6208b4f0adb06ed35aae320d0f0f3fe8a01.xlsx,0.9990236630275998
58555a1707536286e4105a124b834d768d37a75fc77d66b6d424f42990541a64.xlsx,0.9925481452698995
8e9f102cc35d74b1379cf8282a45163f7fc7e9a8a048c80e5b6849cd93e28964.xlsx,0.9999999949164368
a183c8724e51edb9351dcbcc051c07c331b655813c2bf4c141c5ece7689273ae.xls,0.9999889572253554
benign_sample_9169.xlsx,1.6460428375669045e-05
4ecb9f3d9f704f40282682d93b547d555edcbce988b85b35d75ba928f6394132.xlsx,0.9999999612938351
928354fc4ca663b35f1f3813f251ffb6c5ff2f57e5f35141008c4716869da00e.xlsx,0.9999999224102324
benign_sample_2759.xlsx,3.3708339178870865e-05
benign_sample_5424.xlsx,0.00014086123822192308
benign_sample_190.xlsx,0.0008810013730007047
26ff3ced51de4469fa08e9be792c050a5c69c381c077ae85f502589e06fa4c5c.xlsx,0.995933333836773
740015b3b163bf1d31e6ec2ab734a90d4a5a8d6e6d2b65a569c453c6b0477beb.xlsx,0.9919174451165816
benign_sample_5088.xlsx,2.012539341508912e-05
e21b2a0a6eb001d50e491723c4a4fcc9fec2025f582dbe071eb69436abe7161f.xlsx,0.9992587681174966
0918d8db879b0ecb53e06802a33db65ed2b3d26cc2a4c7eb2a3b2b2a3b6c041b.xls,0.9999865960174247
benign_sample_7235.xlsx,3.8546279620137354e-05
5e82c071b91888ddebef0db9428e4c0d0a35402de22954220398d41f5c56d163.xlsx,0.9999999957241017
benign_sample_5413.xlsx,2.0170195551852182e-05
benign_sample_3484.xlsx,0.002126962197491131
44126173cdd0791abd06217c865f8b877bb6d218c8988e5f2cc5fb05f35cc18e.xlsx,0.9999999957241017
cd3600d06199f9bf8da89397c5ddbc59ced953d6f4ea6e90e9ac02b3e5a2f8e7.xlsx,0.9996768944912665
benign_sample_4386.xlsx,0.00011374418924968882
107f969203c31c1593fb3eb175f85e64f6976b17f2a3cacfac5bbd7782bd8dcd.xlsx,1.0
55ed945cb4bf1477e55ffbf24bdbde3d1662cfff47d6573244ca8877def9574d.xlsx,0.9925481452698995
5db622c507be5f06a657129a44e61e6db05090be48c49632100475b3c601f98a.xlsx,0.999999997060776
c79887d0df6b69bbd47676fc6ef0ecd21e2509ba1af14e6106d4b51d02a5a926.xlsx,0.9999999957241017
083d342571d05d53a8d861b1b521303e519fda7f754aedec8ce58e7b02c98f3a.xls,0.9999889572253554
benign_sample_8385.xlsx,0.00014532944340724455
benign_sample_668.xlsx,0.036294556247301046
benign_sample_1305.xlsx,0.00010133519038843469
9b00b734ddcdc14b683330015f231d9fef4388e4c481276a035f357af5cda7a6.xlsx,0.9999999949164368
bbc31ee62c541da0cbacc08c39c87baf155d1e2903a7b20931c95b0245b70538.xlsx,0.9967204717707826
3b6d8bae2c6dfe254b81bc094520d1cadf81a6b60f2aceee60e23c0f50d79f11.xlsx,0.9999999998795316
56400378f785b93c058c503ea504962fc9b4744814048c3b9967dee2fedca9fb.xlsx,1.0
3e7d6dfd59c6880f99c22439c9bd9751bb9fa5b5d688ae53f28930584ae00fc3.xlsx,0.9999977065034958
e3e8734b6c469b65527eae4d41f69c97dd670d2711cfbdf3cb12e82dc9cc81f8.xlsx,0.9987231649991702
2475d91b8c72995cc88e1b7372eef72b3cc1ea9abb32ee30eb5ef3791b0a7f54.xlsx,0.9999999684204495
benign_sample_1136.xlsx,0.02059837454057553
benign_sample_350.xlsx,0.0008176730485294384
benign_sample_1767.xlsx,0.002964714303054434
a370de183a79b73b96a2225e20e29467a354175a2016e4144b4c385a800fa84f.xls,0.9999889572253554
benign_sample_3787.xlsx,1.903505989565425e-05
82a07f63fe3a1139d24b1d1d8e009414d479f0dad834df07e3e3fcd94a9b2ab4.xlsx,0.999991731874596
benign_sample_7146.xlsx,0.0003134568810127467
benign_sample_8410.xlsx,2.0025222739563368e-05
6c4759d7d4e937b134a178955cc14daa3f98c09a4d2414174a0c127df532eb20.xlsx,0.9925481452698995
benign_sample_5195.xlsx,3.709889402871282e-05
benign_sample_8622.xlsx,1.6673377436897618e-05
benign_sample_2803.xlsx,2.5443593615043453e-05
0c85b3f8f1997c59b86fa1519d4b2e4880bc766c31111cfb50b93ae53faa22d7.xlsx,0.9999987466327679
516a2721fab2c0465806f3ca80102ed88b789ad13479451ef7c2da828cb97f5e.xls,0.9999889572253554
ce0b8b6d98e1c76fa2c8dd158b1b1374671ba8a9c676acb88542215b3670c078.xls,0.9436225435500608
b03b3324dabb86f74d4a4ca8ffb5620294bcb34686263cfb6f0f24fec24db00b.xlsx,0.9885802464365022
7709231297bfd27c64353ae311f9a071a4d9148c878b5b56c138fea42b820b8f.xlsx,0.9925481452698995
c66eeeefc8d42e89d594154655e5674a348346ab98612f4753ecb58b52dba5b9.xlsx,0.9999995488597299
879d9ef859733dda7eeebcab9b3514d96522a0c525d6bb5f80a1a48c4fb75eb4.xlsx,0.9436225435500608
benign_sample_4952.xlsx,0.00053971454938866
49eb00a5ba67dc509f8199e51bc1211eaea601763f993f59f55fccb045a47d02.xlsx,0.999999964451359
benign_sample_9839.xlsx,8.435239675578772e-05
benign_sample_6282.xlsx,0.013365184958649306
227355e697e11cdde0d3d713d6131899ffb694e8495e5b80ff2788b40a4168fe.xlsx,0.9999999999457412
590eac4ef1f146780c39696f31c3e14300c4a9145743d282afe48c4e93cbd0c4.xlsx,0.9999996076646829
9ce1fb8836f5260297979597bd409e16d3fd6a651414a827fa7eb7f2961f74a3.xlsx,0.9996727170834272
benign_sample_2341.xlsx,8.989461894793346e-05
benign_sample_78.xlsx,1.853378413610642e-05
070d41454c6615c64c69797a426f8cbae0cc219879f21e6e61c63a9203fe2efe.xls,0.999986262081397
e5ddc55a2e53e0c962a00c016980e28404e1a2f456be6fa2c9d79d5dbce5643c.xls,0.999986262081397
benign_sample_4125.xlsx,1.9436901175704764e-05
0ba111aeeda430f675c660bf2d87928ea17f89c31fffb54f00924e9f4a032c1a.xlsx,0.9933332944478565
benign_sample_5991.xlsx,4.2386320427699345e-05
benign_sample_5689.xlsx,1.9687190133243032e-05
benign_sample_6247.xlsx,1.9290448306412755e-05
benign_sample_263.xlsx,3.120420597756372e-05
benign_sample_4792.xlsx,2.913288812275485e-05
6096e290d2b9c5d1979cba04455c7dc9c57b65fd2e5fe96c3f5a551e574071e6.xlsx,0.9999999455667369
benign_sample_3127.xlsx,1.7045625729747853e-05
3e7b4d42306638db9e9d35204492666f4d21f2a3dee04e8d3260966de8992dc7.xlsx,0.9999999697120597
827b5212ce93c202a3f346a7ccdd311a86a24fe8af569be88de20c203b540d13.xlsx,0.9977952871152258
9d5fcbecd88af08eb9437ace362ef250f2d94e501c2bddf0ef14a8c2f00dd858.xls,0.9922086341245646
ab2b2f6b2fd54564ecdaa2b83a2d2eb8f397749fe5dd9b4d3ae392b0c46cfc55.xlsx,0.9847539595114356
benign_sample_6241.xlsx,2.3504880256004617e-05
benign_sample_881.xlsx,0.0047242830154169396
benign_sample_3561.xlsx,3.149375546931574e-05
3cb6d86022665fff1368461d93cd6e2920df3e9031fb566eacfb66196b2f5b0d.xlsx,0.9999995488597299
6de887246d06a2031eebc6e8dc7636cee8f8f9208e95363c06063ca7c61fa409.xlsx,0.9983324686830812
5dee4d26829242d2a7e2c68b779a80bd23529b574c548786ed07b849e7f62338.xls,0.9999889572253554
6ab456dcf0921da8c34a257e0d0c984b45c0751ab8829b0abdad86b28be8aa9b.xlsx,0.999999214149963
benign_sample_9242.xlsx,4.686848727712763e-05
benign_sample_1769.xlsx,0.0002428469998972076
78bd72b957a57f5ff2ac919c946f6f98e549e284d0d76b95813fc9c7978abe40.xls,0.9999865960174247
benign_sample_2625.xlsx,5.885087097733539e-05
8e589b1202d88fae90759569f602d4dd20946a311bc8e07b7f14c8775138e88e.xls,0.999986721806945
benign_sample_1169.xlsx,0.00016798262973114226
benign_sample_5080.xlsx,0.00014573435426008154
6629f8a21829490945d20f755c2d2ee38b94d9d52f050402861c88e9e82c0361.xlsx,0.9999828754318559
d64b47622bffae7d9932dba1c92712cf31ff72cc511d6e171e66d8cbe96eede6.xlsx,0.9999999697120597
benign_sample_6005.xlsx,2.4482220202821743e-05
benign_sample_6637.xlsx,0.0670455010660677
f107f93896e13db2c3f260c95675b34f2badc01fe9af91c828ff54daf722cd46.xls,0.856609569083831
00550bf506284ff979eb20ece25f7361750431596f8755970bde87f3157b8b9d.xlsx,0.999999964451359
3a3bb73db9bf30495a2c40cb6d31fc8684bdd481c9aaa57fcdc47baeace7021b.xlsx,0.999999964451359
1b8f20adcb03d0a98eecdc184a8c7451f3f9076636d9545ae83f4572512f7b42.xlsx,1.0
benign_sample_3688.xlsx,0.00012963615936309263
ad375bf1fa3cacb5e0044c0332b1780e6d3505c0e7effdfb38e837fb2742bbfd.xls,0.7795381456767086
2bcdc28869f930d8a21600c0d3e92716ec9894c8ab9259eb778d8f614c4e197f.xls,0.9999987409708431
657f3c788818b9fe47593dbd5e879c3b412c0708e92cdf2605cbc1ff3ddd9194.xls,0.9999889572253554
benign_sample_2080.xlsx,0.0007650390995053297
c91c4ee65be8d0fa828bde7d69c0f5c2c32a09828c98cf6170151ffb3cc17fa6.xls,0.9987467543350829
2d71fca3f835fd65317dd58025181636c7bc34486660223541bdcffd056a3e84.xls,0.9661247486681979
ca91a8dd6f50202cdc5ed444cb1c1f447f2dc108f2c276658f337c93259fb1ce.xlsx,0.9999999999999997
benign_sample_2176.xlsx,1.725616312612923e-05
benign_sample_9427.xlsx,1.961681234952353e-05
benign_sample_3329.xlsx,0.0020983767175023356
benign_sample_8178.xlsx,0.0009728113790802862
benign_sample_5624.xlsx,7.370349062692453e-05
6373778a0ee969fd8fa10f5af36c0f274a49972ef66246f443c297b4870ba9bb.xls,0.9999889572253554
7e8bc31fde2acc45f23d277c2e9ea931aec4bb3048571ee1244856b3b8607f48.xls,0.9555831253581889
251796bc179e1ea379e612632bb7c7ddd3872d0cc68c335e8d57cd2b83fea561.xlsx,0.9999999999999997
benign_sample_8904.xlsx,0.000762084134614603
285aeb7be25058b48c82a45a0989dbb916e918aaaa3dbae02c1af67b45a10523.xls,0.9462832382609917
2e37a0c7cb3d7fbfa89377c3044bfc43a6365a33ed94cdf23287b09e52ebc004.xlsx,0.9991100791046518
benign_sample_8335.xlsx,0.0004428771906563747
benign_sample_9142.xlsx,1.8614866987506755e-05
b54b138baf051a33bf42d5bbfab23a300c917866f3e707841b45ba9145bdbe08.xlsx,0.99999874198215
benign_sample_6736.xlsx,1.6856113145461885e-05
6d544e1b25b2081b2c9f895d5045085820ba2087bed05f20c2c59cfbc44bea02.xlsx,0.9999999999999996
cd18d903a0ff98d7487d8fe62218c514bd7a2037f5f4e32f2b81a5242cd01ead.xls,0.9757921112943038
benign_sample_3627.xlsx,7.522411123165553e-05
ec7af7dc4327f5fe181ddd348cc7044c8ea94a1c81f2fa1ab5a5bc7806c83b3d.xlsx,0.9999998754089404
benign_sample_4199.xlsx,0.002534556603563834
benign_sample_3474.xlsx,0.00018960729929287776
56c6b22c086184f477d2adf7c8a044c98d8fc2069d851f1399bc75721519c91e.xlsx,0.9999994909487181
9284e99d371200358057e45a407fe8d1842827ab8ba3510f1e4d9448f2c36926.xlsx,0.9999998864827947
f3bcdd1f0e694692374af230bc4f4f719bda2ede3ebd380dd1be8468395502a7.xlsx,0.9999984968792169
benign_sample_6472.xlsx,0.00013530626302462066
benign_sample_2056.xlsx,2.086783459549141e-05
benign_sample_8604.xlsx,0.0005271098849111902
e710ce33419096c15a4f0a028141a8e29c7221c68f5a839cb1798509ee80bde6.xlsx,1.0
benign_sample_1960.xlsx,2.6347162928178978e-05
benign_sample_832.xlsx,0.001028403616740142
850ea071290e3362bf75b5f7d9b9af23127e814f8237ad144e6e98418c6e56f4.xlsx,0.999016636053429
93ec306bcf68e1efefe89ad5e5962558987c9df3487f6e121e3141bbd84202c1.xlsx,0.9999817279740529
benign_sample_1470.xlsx,1.7919948352837726e-05
042b7440d54d54334adbb93cefe5149e45b4816dc8729a9d49061369f457d8f3.xls,0.9999863895520815
7109feb33cb63c55f6f0fe0d605a617891dea37f866ea13a0aea914f94f0029a.xlsx,0.999999997060776
eaa7463b67c21b13d169e608465a821d18d3d3fccf97bfc12348df3d37a60da1.xlsx,0.9999908826584963
benign_sample_3218.xlsx,0.0010939475431789092
4a299e20ac8054c3c911a3eeaae7b1092c33dab2d508f28e5fb2661ada695d2f.xls,0.999986262081397
benign_sample_4694.xlsx,0.0034820735480595804
23194db3d06fff6e03fcaf1f69de0c6065e393ebd23f18a17d8bd14c9782fa5a.xlsx,0.9999999997814064
benign_sample_3384.xlsx,0.03313563434709749
12bbd7661b6fd48f3552101588625bde0709dd68b28a0677d000a02389e3b812.xlsx,0.9950165441814857
8ed82a20bcdb8359eca103bb234a9b7825cfbad3c5fa0d5733c015feeeacdc18.xlsx,0.9999984972127058
benign_sample_4566.xlsx,2.2987214917792424e-05
benign_sample_1102.xlsx,8.47142622285183e-05
2cfd2fd534938aa84bbe3bbc3573eae5dca9c6dcc2385cc8082c3aa4e132d6e8.xlsx,0.9992475861463337
benign_sample_4913.xlsx,1.6306298386256996e-05
benign_sample_9653.xlsx,0.00011233195579682575
2e181dd48c4bee86a9fc4f7ecac8a299d69f21dc9d63a1625fcff4c7af49494c.xlsx,0.9999999936475487
45651ee2d1a38125b4290f1d8783e43e6535a61b14b31b42dd4ded8383ab0f8f.xlsx,0.9999999974365212
benign_sample_8112.xlsx,0.019458802342392213
ba4dedd9d6a738183c562aa5797056e06a76800364ab3df11d0907eb57568945.xlsx,0.9999999739714127
9ecefa4537c1daef76a3ab598a3591ccb87e28f47783af3223bed5d99f4ee519.xlsx,0.9999668785906938
acdf44a726179eb27a689a101c164d0a1600816955ddd5b79ab9314a7e5b7260.xls,0.9999867888695356
benign_sample_7479.xlsx,1.688292656106089e-05
benign_sample_3677.xlsx,4.413189379407381e-05
benign_sample_3082.xlsx,1.9371561162358255e-05
benign_sample_5897.xlsx,0.00019732163775494884
34c0dcb569cdcce74d13833c67a79c344f0b93180af95cce442e4e88d665f9c1.xlsx,1.0
7c453be3ea20338e668094e116fa3078a5c0e91bff9520e215cbdf5fb55d2bf3.xlsx,0.9999999949164368
benign_sample_6611.xlsx,5.2302474743080875e-05
9bc20342fc8764554821dabf76a1aab06022afc1084883cf44245972e67db15f.xlsx,0.9999999670849972
benign_sample_8254.xlsx,1.6112380149876534e-05
13461f4c5b1c06e0cc5643e2c9a84b35b34f6e58a56acffeedde3bb53a9a150d.xlsx,0.9999999739714127
d9eeaa90f04563549dcf61b4a085aac116276ed2683a7fbd3f08885c311e69cf.xlsx,0.9925481452698995
benign_sample_4007.xlsx,7.445035484850473e-05
bd2b882fe566d4b65880dceec3a772073a761cfcb725caf522a2015e76699839.xlsx,0.9941059241995988
benign_sample_8390.xlsx,0.0002377374141999017
b75d2ed8456bae9da6ef8459d34eff37b459dbb132d91cf7f239c4a07d344f78.xls,0.999986262081397
9f45e21c39c000efa8a76a7304796b59e28acd806d7546f3b1edf2dff648441b.xlsx,0.9925481452698995
ab2572abf0a2702f3dcfbc6fb561a64f550cc68d4982b1a7f184646726326b0f.xlsx,0.9999999605520123
benign_sample_9002.xlsx,8.604328178545549e-05
benign_sample_7688.xlsx,2.4157419685162266e-05
a9f0f783a259f0f3265e13334bd23fd529b0a9b4177a192f3f825f4627eb1f06.xls,0.9999889572253554
c4e8b0333c2f1ead6025126a29679a663167b9a1ca935be716f55faa4aea823e.xls,0.9999889572253554
25c21312f08085b556530382fee3e20b8bab4cd71807644dd3eaced0b4b03585.xlsx,0.9999761749297377
benign_sample_8755.xlsx,1.8580987060922877e-05
39377c1e72c83eedd23547e759402d924ca2bfcca4540650450913b4742530db.xlsx,0.9999999941338403
benign_sample_4512.xlsx,0.0013402395408271227
e69005c489b5adf43a7a4385fe2e544faef55a2d74dc652424c335f411c484f2.xlsx,0.9925481452698995
623c3808b0d10277fce7dfc8f3d0cd382ff52458ec4147ead3900d0b529bd3f2.xlsx,0.9999999224102324
9fb5877a28cfb334ce9e194bbf847cdb1a1c49875772aada8a49cdabe4e747f8.xlsx,0.9782354583751504
1f999eed5e63572d8055586f402e0835414d4157c147ff273dc1214f3eee155f.xlsx,0.9999909214370333
benign_sample_4978.xlsx,5.1191499852093376e-05
benign_sample_9509.xlsx,6.494431977676302e-05
5ef0fd836a25d16c66c76a22f5f05ae9bbbd5de8d8ff2723bba4b2d3e599833a.xlsx,0.9975119198963135
1fc39f603daa6ca854038f47ff8277134ba01fbce6c61067eabec335970af84e.xls,0.9999889572253554
54a4794c9b3031aa392c64c5f1213a62bb57226acc0497bf4c45114f033fdca6.xlsx,0.9999999270336178
922de602724815e690b266b665bf324f12c6a92aa090abacd3e883017fb38158.xlsx,0.999999964451359
benign_sample_5346.xlsx,0.0011025478731748106
fa1ea723ad1890953947bc2d30a928c30931234d55c3318b9975d346c5674f35.xls,0.9999852658070583
cac511a7bfe9a60754190bf4a685b39ecea918da56e762a2f43290b91ef3aa03.xls,0.9999862809450035
benign_sample_3593.xlsx,2.444855886958243e-05
benign_sample_4318.xlsx,0.0011582500223335163
38fdb3e2b14871ceaa599fc32a3bb0600bc750b4c5dbb0e0b8d91132ee88b196.xls,0.9999889572253554
benign_sample_7839.xlsx,0.001534994164874723
6f0702bd1067a59dc036e671bc71f3ace69ed18c1e765baf515ec71c024fce7f.xlsx,0.9999999999999997
3cc2fa4352ee053b0ea3ab6be516cbd186bbabf454624ff456cf557901e68f48.xls,0.9999889572253554
benign_sample_6852.xlsx,0.0010823142104861249
benign_sample_7282.xlsx,0.0009284786759477964
a8b85d7180e3e86155480d5ce3c22aee14cc5204f9c57b3b03bcefa894606d78.xlsx,0.9999825766907203
78467f23ae06a1ee5f08ddd2ba4b909e3129ad5d7f4285fc0ad54d7418a704be.xls,0.9999867888695356
benign_sample_5591.xlsx,0.16812155271243365
benign_sample_8428.xlsx,5.017693728215329e-05
benign_sample_6443.xlsx,0.004488154168364043
benign_sample_6063.xlsx,2.1905923265666042e-05
benign_sample_8034.xlsx,2.3261292808803364e-05
ad9d9ea7d3887d80dbcf3b078afdbf2c3e8a16dd9a8cd22c3360f70757d11d07.xlsx,0.9999909595944271
09fcfe7a67616b7a5dcebee89db48f98053cd2fe147f2459a4f92d68ad599a5a.xlsx,0.9859067214014773
bd99865c21fc37175430ccadc0f63e5ac6b83a8d2082dff0261052b37108d30f.xlsx,0.999999964451359
665ed6ba4d710d176ff7c3d42b178201490eadb9a7b85bd42cc6856be2515d4e.xlsx,0.9563683972537004
f76ee3ac46def46bb80e332569cc85ccfdad62eabc7d0b2993b88ee1973e21f0.xlsx,0.947027331340882
285deba41f704519641de3afbfa71435dd2d326a55feea59149d174321c3ecc4.xlsx,0.9986397275986465
benign_sample_8216.xlsx,0.0013036678018835425
benign_sample_8553.xlsx,0.00018993738530258158
benign_sample_1821.xlsx,3.215916520588844e-05
benign_sample_7083.xlsx,0.04750379949153188
228676f807b4865dab3a8f9378a443cab50d2dae04650acd24b46d156cd2b029.xlsx,0.995933333836773
1af2ecbf7f9512317d7b239926f6f4744dd1dbcb53b9eecf026a912812c7db2c.xlsx,0.999999964451359
benign_sample_5605.xlsx,1.531574294018706e-05
4124992efb9328d4db5b2f94c4db7f4cdc4e421cc45f3641c7ef49c0418c5df7.xlsx,0.9999998869999235
benign_sample_8467.xlsx,3.6889552570909614e-05
6708e1b2a1bf47e7001bd8728f720a429729f9b053c78d58bdead62b8af4266b.xlsx,0.9999999739714127
benign_sample_3910.xlsx,5.880265439403465e-05
2f7170fa50bf0c0b62138229b55c76eb96c9d7cd525363bc7cb3821a3ab22d4f.xlsx,0.9999999997814064
benign_sample_479.xlsx,1.6965274082325515e-05
benign_sample_5414.xlsx,1.6112512957269313e-05
ac499be152fd3bf1a958d67233e5bf1484360892d8c6040e0941748735939f2a.xlsx,0.9990001290848634
benign_sample_3153.xlsx,0.00021154303422069566
benign_sample_2026.xlsx,3.79327153406804e-05
c9a3300d453b49ea41ff4ceb73f52d67bce3361c38544dd461c146a3ebcf995b.xlsx,0.999999867887992
720a5787a0a664c492ed21d2bf71b6124d33306d5a5fb6c47e699fe72280f157.xls,0.9999889572253554
benign_sample_1801.xlsx,3.0522056673531025e-05
benign_sample_5890.xlsx,2.6046535943961737e-05
benign_sample_1369.xlsx,0.0007438858714193019
d92aa9a6c2ee695e3021384951c2db137690d2d6a94fa54a8f835b2e6d344481.xlsx,0.9999999999999997
539ccd6b68b28d2505d8f5d43b8ca93006e0a5d034bfacd98ec552cfc8822fee.xlsx,0.9925481452698995
32f8fd43283d5307f24a0d87a0e286c730722f9b6e98473c6dc64cf2bff82978.xlsx,0.9999999997814064
benign_sample_255.xlsx,0.0008342760613042596
benign_sample_2456.xlsx,2.0377241602959774e-05
benign_sample_9683.xlsx,0.00011610254176557936
benign_sample_5488.xlsx,1.8405552292553255e-05
benign_sample_8110.xlsx,0.027591155058239458
c02afb46974a66c63c9a0b410ae36c427131dbfe10ac3a969142ac9bf807274b.xlsx,0.995933333836773
benign_sample_72.xlsx,2.268889747594222e-05
b39307eddeb58fec7d535db0e91233b1ff1250121808687e01f8588e885d676d.xlsx,0.9925481452698995
benign_sample_211.xlsx,3.180536748921285e-05
1819a14bcda6fef5e3781f036031219fdeb5233b1febcf726bb57bbf44025119.xls,0.9999889572253554
18c948afbd8aaf26fb44fb39056c238d918555234f6d28e82ff0d35dd4753cb5.xlsx,0.9999985047822905
34ce49dd200b3def942a5aa36cb849011f5576b1062db8bf53a43fb6bbdae91b.xlsx,0.9999817279740529
benign_sample_8139.xlsx,1.9132192780353573e-05
16bdd6eeda90199d652db301be52de007a614ce473a865efbe9f360913cfb31b.xlsx,0.9941059241995988
66f2629972f04121164d0e7cc9bf157b6c9101d98d193c673df60fee94da3c74.xlsx,0.9999954275643188
benign_sample_3385.xlsx,3.1028438831799276e-05
benign_sample_5393.xlsx,0.002169805720686473
769ab14597f0fc0fe701ff9caf7e2de93638928c6081dbd5612c2e130e416fd1.xls,0.666005549142617
94efafa7810bcd437030e5bc01fe7275d719fc0cbcee13090f95553f9b070cf6.xls,0.9999889572253554
984d654ba8f763d952b91775ed6d4fea9dff5b72de880f60b3d94426ffff85ba.xlsx,0.9999999557574122
4c21e097f3a96116e2077ae90e2ab8eed4802b4046d1d65ac8a6d825831e7110.xlsx,0.999982837842685
fd9843d3ccc4b68e51ff1c7838a117c9715476df14c0f079fae59f06ff2d076c.xlsx,0.9999999957241017
benign_sample_88.xlsx,0.024428536715949804
515c5083c3d4b6262d4d50da0906548a37db131cc114a9a7e86474764f85b989.xlsx,0.9999986941135005
ea1039ddd38b61324875bf54949ea611ba1ef495d819d9c9a4c41a900475b0c6.xlsx,0.999999964451359
5841768aaa3f1e8bdfb43f5487bc3bcd61562ba957e443ce77c7705f044b1acd.xlsx,0.9999999670849972
benign_sample_9566.xlsx,2.6210280300501056e-05
benign_sample_3625.xlsx,0.0002134678313178944
22b0db85fd48b04fcb5617cc13654e0c4eb27fcd8ba04ee1c5e054cde3bdbe97.xlsx,0.9963412170827778
benign_sample_1399.xlsx,0.00045943294954041116
benign_sample_2446.xlsx,3.2308814548756105e-05
benign_sample_8327.xlsx,2.243983342365548e-05
c075b81614cd6c4419dc0f1a59f3fbed5cbc41c5aadc2dea3a6da3c073d5985f.xlsx,0.9999954334819786
benign_sample_8509.xlsx,2.22865634217195e-05
9ccc9cc46d31f9a72c9195b007a77bd189707ed840c596bf40d3087612115cf9.xlsx,0.9999999605520123
benign_sample_2168.xlsx,0.00033187583752216206
benign_sample_1607.xlsx,0.00020393124686011823
1baed71a410cfb9c6c47a9328b1d51680789dddecfdd78842c53fbea13463fdd.xlsx,0.9999999592763212
6e9e307f90bc0c8cfd9a00ddfa9a9b96baf1c30885e8cf352180e7ad83cb8d3e.xls,0.9999860233211023
benign_sample_3002.xlsx,2.2374908421796092e-05
benign_sample_6888.xlsx,3.5947113731252226e-05
benign_sample_5891.xlsx,1.8367190625791237e-05
benign_sample_7987.xlsx,2.3544506743685256e-05
benign_sample_9520.xlsx,0.0013509872550634397
d51711eecb03950944b65626423e1b36ff93d4852a715f25051cb683a16ff34d.xlsx,0.9966666666666667
benign_sample_8597.xlsx,0.00018689617795336093
benign_sample_4685.xlsx,0.009974190678628035
edb7ef5d016fbb9228f1c0d5a3f3088990dc3d55acfdcbc6e4ed7cc97ead62c2.xlsx,0.9999999568223931
benign_sample_8227.xlsx,0.0002351016329598198
benign_sample_5913.xlsx,4.09243664750126e-05
bfd6bd6a0a1e38adb6f86835333d7c480c0584b241d2fdb0ade4e764370db3ca.xlsx,0.9999999998795316
c40c5bca98f6fcb8a397ff740d81936714c5b9edc4979e7f2fc9de64b0e3e17a.xlsx,0.9999992116622032
29c30f207ffa6e1257a54f604d1ae0cbaca19968f2cbf0f7520d687d6c41d443.xls,0.999986262081397
e123a616f5cf5e9dd7d8a458ba70852a7e5c4455cdf5285f42e21027662a5d64.xls,0.9999852181543748
benign_sample_2052.xlsx,0.002935554365328804
da6a1daabf28a09e8ffe3309ea7ee6a6281ba08459bb6149ea2bc8bf07c822e9.xls,0.9999860233211023
b028885d6a366b03893dffba7a61f30b5ed164e56a42a365bdd65af84efc95fb.xls,0.9999865800886484
benign_sample_1350.xlsx,7.528234552255661e-05
benign_sample_8043.xlsx,9.12479409858285e-05
benign_sample_4931.xlsx,1.7761523939202724e-05
benign_sample_3941.xlsx,2.5298813788933065e-05
4b310cc58268193d5c2adc859e480b2118cd08b0090f177d50c90258a32155c0.xlsx,0.9999999224102324
benign_sample_9583.xlsx,1.6862808029426323e-05
benign_sample_721.xlsx,0.00034118788467421205
b8962c1c7c43d1f6d4751c07f60719aa30f4bd28c04a8ea5f5b5a37e1113f21d.xlsx,0.9999943237867521
benign_sample_9360.xlsx,0.0044662146815404105
benign_sample_2784.xlsx,2.8255044060399145e-05
benign_sample_926.xlsx,4.3292167486833726e-05
200b4e96b5501b6f71b3c19008d36aca7ddffcbf9f65178aecd087af1a17c034.xlsx,0.9999979414276629
benign_sample_4305.xlsx,2.3162817957951825e-05
746546ec80bb280de2016b6169eb5bbd271cf4ab420ed1ed562553392ee3e7f3.xlsx,0.9950495577847507
c2b3b513f0d1969b2b12bbd0fc43113b8aabdbd4ceb62cf8ec87493a616b3e8a.xlsx,0.9999999557574122
95d20a5f089ab2ac77a4ea9a24d26337dc2d0c02028deda6c115bbe7e881964a.xlsx,0.9999999941338403
benign_sample_833.xlsx,0.00048651996029618343
benign_sample_773.xlsx,0.0001247423230152358
ecf919296ce50cd9f6ed09d5db13646e9e770f9324a77bd3910ae6e62baf0f56.xlsx,0.9999999948510103
benign_sample_4835.xlsx,6.700206199856612e-05
benign_sample_4044.xlsx,3.058560661545956e-05
benign_sample_1272.xlsx,0.00019506400744135884
benign_sample_5963.xlsx,1.8227067675095667e-05
benign_sample_5729.xlsx,2.2291291729614106e-05
2b0003fcaf359f402714274af087e8425d6be032c66f17eaa2ed58f82d87f8b9.xlsx,0.9998058014491357
benign_sample_7308.xlsx,0.001600224564402758
8bd74aad3707a94962395103f8860070adb8dda2535182440086551b111341a6.xlsx,0.9654627319949941
7481bbb875d21794846f7bc3b3ebbecec8c4bc058d6ae2aea60bff793cecb2cb.xlsx,0.9999999999994129
a8d4b42496f4142e2e3101369e0715b1fd97b576d95dda76db6f1f388ee0fa5b.xls,0.9999889572253554
benign_sample_4868.xlsx,1.9510725671515253e-05
7a521d93628bb8d7d9e0e7a14474f5f7804257bb52f0d529072b97baa6abbe19.xls,0.9999860233211023
benign_sample_6031.xlsx,8.917379997159268e-05
f28ef3167a0bb16e82461a879147ceef9aac96b4d908453c19c73ee588b968a6.xlsx,0.9999999684204495
51a69f449b27112d5b02fcb6e3870927734d9b6bc9cace28a090e21869a762c0.xlsx,0.9999999670849972
91504cbee61cf9e274dd81be11196e8f6457af97552149102e5ef48b96200a2f.xlsx,0.9925481452698995
benign_sample_6220.xlsx,0.0001564140816039752
8bb6c505ed1c924134869877d0ef6c34ac56ec35db5fe17b7c6f293627a4c09a.xlsx,0.9999999998795316
dd23c92c627511354716b1aec85bb55728714f648b1ba6b44cf5873285df31c5.xlsx,0.9999998866536357
1bf26151ff7cda6c78cc0de202bc85e30199aef600e43ef381ea59aef4b52ce9.xlsx,0.9925481452698995
69704877e7217601b5b26a37291f793644435da4683f0286da4be845a456dee2.xlsx,0.9999952211617161
benign_sample_6289.xlsx,1.580492681938155e-05
2d568e2e3fafc0239205da89abe18eca67418da5baabe95cfaebff25a4858a7d.xlsx,0.9989672438215326
benign_sample_9238.xlsx,1.7511018353777244e-05
7b641845aff9593d8ef7905dd160d06fd2e2b45c2350824c6cb590bef1e1eb26.xlsx,0.9993238012275905
b9deb45907e8d6afc39ce299a7c6eb8110d00d8493ed043eba3a5bf242837748.xlsx,0.9999830723828117
3f345bfeb6a9c6d045ee9a1c69a132a834698ccb677671228903722815cac427.xls,0.9918649544592425
benign_sample_1597.xlsx,0.007242796582979337
benign_sample_876.xlsx,1.6705601562869122e-05
5c5904f2ed49690cf919879318b9c5d707cd9d321209ffbe0e14bef7f08932a4.xlsx,0.999997645350741
42fca57690ca9d83aafd596b3909daeaaf77ccc18ac5f31c3cf0d1ebadd475ac.xls,0.999985459400337
80be4ea6f73573a5973021132a138c8e367cafcbcfd0cf815e7f85c524bdaea1.xlsx,0.999999212999211
benign_sample_5051.xlsx,2.7148606833233042e-05
d034fd64931c293d458754c99e057ac4938dbd2761ca89043e5272a4ecd1776d.xls,0.9330184766566013
7c69dab0b4159a84e39d4d175f380316568b9cb022479b294f5f427eb033f4d5.xlsx,0.9999974924259459
0acdcb7b3c1a0ecee0580177190e0548862d4f80251a5d2d21762b6779ff2ed5.xlsx,0.9999999670849972
benign_sample_8461.xlsx,1.7038972314868856e-05
99fc09c323f667dbd90115ab7082c623e9a1daec3e8055513f9e62e34a97f22d.xls,0.9999865960174247
benign_sample_4532.xlsx,2.383330843556e-05
8b422f3b04dff6e14b54f28c10d6ed3b5ae0a439e1d6de8361413cffaf1ceacf.xlsx,0.9999999337041215
benign_sample_2966.xlsx,0.00027955855569039497
benign_sample_9543.xlsx,0.0004350643236474454
39feaeb3ba9772c907c062f36cbf159c3da67f9a608583f5af7a3d13bfdf1d43.xlsx,0.9999914201490129
b489791c12320fd2d2d2aff96b972cb30ace89c0d80b0bf139039da6ba0b6f0a.xlsx,1.0
d2d3251d5476fcf99cca1cd3ad7b70cd428d59da20b79107dbf551916a79034d.xlsx,0.9999909683513978
92a760fb72b0e4b50603acd70db1965513541496739148f1adefa4c6b61135e4.xlsx,0.9999999684204495
9bfb1eee6403e410637b319fbb601585ac6858b5c169467e0cf07488ff642845.xlsx,0.9971829097248018
2028584a471db2307f05ca30eba595e5fa99a6b30188d1059139db3a319bea2a.xlsx,1.0
0edb461d106feac4327c8e98406725a333bb02f4626ad644c3b5ba8159cd7570.xlsx,0.9999999605520123
benign_sample_9143.xlsx,2.745030565994866e-05
98b71d65f90a50c1debad2b08f7f17fbee5ac23ea4a5254f8e3c0c93aaed5634.xlsx,0.9753177164787269
93bb5ffd7096d212388dbaaf8d0a961c5cc6bee4295e81d0c13d1db9b8d39eb1.xls,0.9709142586775803
benign_sample_2763.xlsx,0.0003713922514372929
benign_sample_383.xlsx,1.7353147665507797e-05
5ae546889676a99209e2c2cfb56a49075bf2bf2df01d07db403671b4f49853f0.xlsx,0.999999964451359
benign_sample_9758.xlsx,2.9719817053329295e-05
benign_sample_380.xlsx,0.00014148115132937912
59253dd636251a8e1ffd0ab7343f8cb0b2b341a205f70cc0cec35997a720366f.xlsx,0.9990282902931895
69684f9a0f8eee09ca9e316a0710eb639c18e2c5ec4a9816e7d8d9229e16ee58.xlsx,1.0
84bd76189b0859e9e4d1f98afa7eb80919ee8bfce6ce31ea3cb23b93f2a8df84.xlsx,0.9999999605520123
9e32943020b094922a3403a339220f4e1f32b1fe424ebbf68f6d6ead4c542334.xlsx,1.0
benign_sample_5179.xlsx,3.238012181378017e-05
552cd939d0fae960dd6b79eb883c89482cfe98af7f852a5a5e7a09756843db4b.xls,0.9999867888695356
benign_sample_1588.xlsx,6.226757390724802e-05
benign_sample_8641.xlsx,0.00015866297723212167
1ad32d5c9e29b67d3c9ccad038112109882071498c92afba0670eddba66cea2d.xlsx,0.9999992072268977
benign_sample_8394.xlsx,0.00010159949816283398
a2e7fd58af2e6742c0cc0836760671811609fff444593863aee782a013cb1540.xlsx,0.9999995527505651
805f537cd56a14818be13e8b792a4a3a29faf77e01ed21c2372e339029dffbfc.xls,0.9999860233211023
benign_sample_6433.xlsx,1.777469668654863e-05
benign_sample_5765.xlsx,0.00010269333634342616
benign_sample_2313.xlsx,1.830618118603607e-05
benign_sample_2867.xlsx,5.1913007684549946e-05
benign_sample_5996.xlsx,4.001625757377809e-05
52cd3564657034e32dd45b5b6640ad6e0f152bb9dac811ba65e8308d93d38dfd.xlsx,0.9999999557574122
benign_sample_2299.xlsx,0.00011344247587445821
57e717a7cb6842bd7ad4c1237ba136d964ffe11b80fe2673ac17b4a276ae8f6d.xlsx,0.9999954275643188
benign_sample_8898.xlsx,0.004324516586919268
f4edbb58277b403b31b74082abd31ace4fe3122e80fbaba77f14f92a8b18d47b.xlsx,0.9999954275643188
98df9c2c2a3a4ac5f1eb2a8e686361a80b185aa9d6caadaecc22d7de5dd50145.xlsx,0.9999999936475487
9c2a1fd92900faf51139c1ca427a48989b376f4441f8d44dfcdad7974ac33c40.xlsx,0.9999999941338403
benign_sample_6843.xlsx,1.8237362818049908e-05
benign_sample_2098.xlsx,5.189457667836227e-05
benign_sample_1847.xlsx,0.00032194782493686014
benign_sample_5249.xlsx,3.211903570960257e-05
6f1cd74a139438866c9b0572a67060d8da2bd84f52f80f1f9890b84feb1e1271.xls,0.9999889572253554
benign_sample_8895.xlsx,0.0007592295030303256
4e9310b547aaef12d30c9f4af474a168d5bafdcf3b5379a914c5840e76d28bac.xlsx,0.9991100791046518
benign_sample_8583.xlsx,1.609527551905648e-05
8c86faf2875b1b94de7948f687cb80cf50d71f93f3f23262f8203e7d1e141b43.xlsx,0.9999999999996638
benign_sample_4238.xlsx,5.033524261058782e-05
3f4b4fa4aa24877ecbd098ad58376d2ee8fd4cfe764d5cfc331b3cfbf68afe05.xlsx,0.9999999999999997
bc6a0298947129748c84a0ad5ea1406a826489729ac79ee5a89fd6176f3483c4.xlsx,0.9999999991779358
benign_sample_7333.xlsx,2.598867809917364e-05
benign_sample_6355.xlsx,2.633517501478981e-05
f5e1a9ef6c9e9d70c34c3f6a079b1f768e5a7a6758747b446f03eda6615c8e12.xlsx,0.995933333836773
97e354acb340c0031c880cba8ef5b5733cdcaf55c5509467222775e771a50dff.xls,0.9999889572253554
benign_sample_3165.xlsx,3.177522458112397e-05
fc1b7b5cf34e67cc6a63b4595f08731658c133661a4be3cf038fcbca0df02369.xlsx,0.9996197592734819
da1007119c4fc1a5dd1b664bef37727f974ada04c657fa5ae6f09cba2cbf6309.xlsx,0.9999999670849972
41d3e82c110537b3c9a48fcc05f52d3b4256e5d5426667ef0d7d531efb0ce5d5.xls,0.9999889572253554
e7050448eb2a7866f588bd2636a820fb0d1a03a9c030fe9d99b2fa5bfb9fe232.xlsx,0.9999998860629885
56bd5969a8f7f1827f7498c4644eec92f360ed1f5f54818ed4bb09e270c5a4f2.xls,0.9999852658070583
benign_sample_7626.xlsx,2.0582301635197855e-05
8655fe6919e1d6ece1e59a1b5a9e74632b173e9e452e22ec5c983d75730bf165.xlsx,0.9999984946409587
b83908c9b90178b961a7befb29e2552c03fd7f731944f47bc49049b8ca4708a4.xlsx,0.9925481452698995
benign_sample_1214.xlsx,0.008386295239595358
benign_sample_462.xlsx,0.0025354829933856814
benign_sample_2411.xlsx,1.6985659717737637e-05
2c865732e2b96fe19f46d8ab16be41e18d0d7f43941e663059266e7f0ca1822d.xlsx,0.9992587681174966
9d43c84fa4de8b70f2160cb4b0c83854725ea277f1019091445de4a1ac7fd917.xlsx,1.0
45ed9462cad1355ca5feceacef4ce204860d6ce0d280a559b18d744c616c473c.xlsx,0.9996787751764686
benign_sample_3684.xlsx,1.6454711270064224e-05
benign_sample_5920.xlsx,0.00019316764137511998
benign_sample_3400.xlsx,1.595686291268273e-05
576a53ef4d326441facf3c9f036bfaa27117d3ee208d52bee66289bbaeb069e5.xlsx,0.9999999957241017
benign_sample_4887.xlsx,6.655461312104546e-05
e7fbbb214b83a77b1a792fd4221ee0d66cf7a87211a8f0911d45167599a54421.xlsx,0.999999964451359
01e64191a33ede89281285b9e46c3df04c9a221836d888a5be11c079c8098d9b.xls,0.9999853259069006
cfa0583b578231c2501efd9db109b222d41c6e9108b5226812defe2e6457e08a.xlsx,0.999999991618926
benign_sample_5222.xlsx,2.593213441256484e-05
43d9dd081f4980ad54b47b98baf8c68ea0c9b03d143820828fd27cfa7487b3c5.xlsx,0.9999999941338403
be0f76b10d7b1a672909826ae9351e30680b81be36d50fef07f45f5cb4b785ef.xlsx,0.999277744330939
benign_sample_195.xlsx,3.6319292778170484e-05
benign_sample_6759.xlsx,1.991849779107918e-05
526e6d179d1ccdd19a2dbfb4603556a8532a4d77835e5d060003ed2cbc57057f.xlsx,0.999999964451359
benign_sample_9438.xlsx,2.7186835424796646e-05
b2fb7249f413125fbc602a7b493a570914a48ddee8ede973b84912fc329b4ed5.xlsx,0.9999999974317224
519c11e44b4dc8a4fbb0da9905a91c50a230e0162895691db65c41d555eb3760.xls,0.9999889572253554
benign_sample_5833.xlsx,0.00025873602558791137
benign_sample_8321.xlsx,3.059530227699446e-05
dffbe6e8b0aa83199c72d7ab9b281f0c77dca79981fe9c2ad73cf10fbf6a8ca0.xlsx,0.998329396364249
benign_sample_4980.xlsx,3.267065658679861e-05
da014bf8e3be3995c78cfb884e97dbcd799f8d1434058e4312d9c095f88f6f06.xlsx,0.9563683972537004
762eb7a7f86df5a1648827e46c4cb194576eedd4780a5b6ccabc5800181f7260.xls,0.999986262081397
c5b1ad3e317b762223675fcb01fc13da90009275416b0fa187bbec6bf3d5a731.xlsx,0.995933333836773
ebed772525a73efc670baa35d88736c5336089065ce6521985b813a4b7175217.xlsx,0.999999964451359
benign_sample_4739.xlsx,2.8546984836984256e-05
c05bfba0aa9fe40a2806a3234fbbe26516a58f8f7682bc8ea9e85d85da3bc860.xlsx,0.9925481452698995
4b9528fe4b8dda082aa49f005ae11b43bc6c9769c7da3c14e7630bf155950612.xls,0.9579708608018315
d6dd34c6028bd564e7c196dfb20f76d8cd18e5803eabb338d462303425a3589e.xls,0.9999860233211023
6873ec7ba2e49a925335f2d0b87d568b9135a115c5e64ad9f9c93dda4a02f02a.xls,0.9999889572253554
acf491fc16fdcb4e317bbab0ed2c3904bff907c6d4af56dbc45acc15dfa8a90b.xlsx,0.9999909595944271
6309abba3507ef959aa76a4ef9abd45dde4a538b2fa2a57036959e793b2c33b9.xlsx,0.9996787024353341
aa664507a068e7b631aa7600130f6880a2315b59809f93b7fd03a686f440b615.xls,0.9999865960174247
benign_sample_4691.xlsx,1.8444828752386058e-05
benign_sample_1680.xlsx,6.895896455418538e-05
94905451ac932e3e9ec40da18ab19977d56371945b2f3cf0c1563498f4d198f7.xlsx,0.9999999605520123
183f2419357b3a35b936d5fb2f5b38381fa5ad0612742e42541b8a0dde651e60.xlsx,0.9999998738983108
benign_sample_6017.xlsx,0.00015600081555280384
3576c7491652236210183f0b6620586017fec98ca0d2628abd1aaa4c26791f56.xlsx,1.0
benign_sample_6030.xlsx,6.497678064584524e-05
benign_sample_9098.xlsx,0.00023777511196908124
42d370d12bea3eed279a330e63e75a0d34f133c8bb2388c92b9b65e8094bf691.xlsx,0.9999987450549326
benign_sample_3318.xlsx,0.2353610909692283
benign_sample_9890.xlsx,5.001220799026552e-05
5741375f4bd53c7d850f5e0cdc75229c209db311ba9cb6b53cfb7554beb84f5e.xlsx,0.9999999605520123
469540bab4fdbc2f8dd603e2872fa4eb1c407a4b527fe4e8b2f69a362c5b8853.xlsx,0.9999999697120597
9596d8fc088eb93e4d2acc50bda87d864b5f87d7b2a842eaf8b53ae2885152cc.xls,0.9999889572253554
benign_sample_5844.xlsx,8.772177288153702e-05
benign_sample_5708.xlsx,0.0001211890999797679
benign_sample_4538.xlsx,3.067692154447959e-05
benign_sample_9303.xlsx,0.0003177810786869027
benign_sample_2608.xlsx,0.05492272583724378
benign_sample_3372.xlsx,0.00023264876784304957
benign_sample_4818.xlsx,2.854801631472995e-05
70aa95576da74ef8c6d76af64cf4125e8a5fb9a59a58f60e714962c8f60898d2.xls,0.9999999769904532
da8f4380e72d1f2be79a34d5004c2714151f7e66c672beca1c2812adcf7fab2b.xls,0.9999987470040311
d648179105e6dc2ea3ad53cdfa344343297b29029752cb0eb9319c4a6c1aab05.xls,0.955601578603149
37156b2ab5c71a094b7a180a9225a742431f6dc22d93d21eb443a239b877a19d.xlsx,0.9999952091292337
d321461d7849d41982b5a569487e1f7fd425339cac6c5f2835f73f3ed6e92095.xlsx,0.9999875140620135
benign_sample_4867.xlsx,4.8537990595197795e-05
benign_sample_6506.xlsx,2.7873465338710604e-05
5b13118a3ba120f01c1f3b8fa8e1047ac8a9b1eaa4b46c2f09930a7ddc1b435a.xlsx,0.9999999941338403
81fec60f7102ff7293ae1e363baef1171ae374feab0820829525fcb2bb0f62e9.xls,0.9999889572253554
50e6ab9438865ecb8b098bccea06958ef498d469c9c16609ab1c65017f991e99.xlsx,0.9999999999999996
benign_sample_9515.xlsx,0.00015887278571478805
benign_sample_3903.xlsx,0.09534465379098565
benign_sample_5862.xlsx,0.03047477267542371
benign_sample_79.xlsx,0.00012374393699907083
ab8e0b37478ba05e901e66b502b1ee087e7112d092b4b8389e37265d11a4fad3.xlsx,0.995933333836773
benign_sample_9470.xlsx,3.0206608526423602e-05
benign_sample_6117.xlsx,1.5632703236722543e-05
benign_sample_2894.xlsx,3.1841307817902985e-05
benign_sample_3499.xlsx,3.604977047307425e-05
benign_sample_1508.xlsx,6.192579816232549e-05
benign_sample_2267.xlsx,7.020664578450475e-05
benign_sample_997.xlsx,0.0025091100388149735
c5ea10cbbef73b3bf491822d33820150bce810c7782bfcb3df2680ef252eda24.xls,0.9999867888695356
benign_sample_8781.xlsx,1.8864017391068116e-05
benign_sample_6384.xlsx,4.0491027905177676e-05
0997afb947d7e15a21374d6b63c54d9c7e4781aba2d86bbd7c32e641c0b5036c.xls,0.9999865800886484
benign_sample_288.xlsx,4.6206724092379675e-05
312d0b749912e31b3f72c20a37603facf7a5e16da07ac56267baaae5b8aa9a0d.xlsx,0.9925481452698995
cc272e5a733de4a95288770409017141b3d76c482a61a4939709a7819258bb13.xlsx,0.9999999997814064
benign_sample_8320.xlsx,0.00020150978303270348
benign_sample_8848.xlsx,0.8899738240225257
benign_sample_4144.xlsx,0.00018757262203045473
benign_sample_2598.xlsx,0.00011255405579957622
d6949199ebb19045a9a94752ac3614f242ee114f23aaf864d0e0022876675c39.xlsx,0.995933333836773
benign_sample_5024.xlsx,1.7631939359709237e-05
6ba6b19ce2654ba36f68481dee3aff272d92c686a2fe4648d5062a7926e68c4d.xlsx,1.0
benign_sample_2141.xlsx,5.94519048630309e-05
benign_sample_1702.xlsx,3.167388318154172e-05
benign_sample_6595.xlsx,0.001047511562582405
42c800ec1fccfc57d0d06bb74c910fa3964550532ff4c7e73da9ea13803c9e1e.xlsx,0.9999816004894159
benign_sample_3982.xlsx,2.3067597769967468e-05
benign_sample_2277.xlsx,0.0009824091883645556
1b672299b7d6bfe0490514ee5a23e26ababf4f6e750ba54f7e8a796809fbc25c.xlsx,0.9998933826531523
675af8110138d2e1d4ca277638ca650389e98a2aee84f3311831e182b439a192.xls,0.9999931595719899
benign_sample_9477.xlsx,0.00046606915350810895
4f601e6e0db46afef419a299c5c026332a129ed6aa516df7ddf948b8122ddd7e.xls,0.9999846919423708
benign_sample_4345.xlsx,4.8014638935276836e-05
benign_sample_6440.xlsx,5.455783226285505e-05
a837d78ecf5732692c7eb6a0b33735a98561dcd00286b52a8a367fabbaad5948.xlsx,0.9999830723828117
benign_sample_5585.xlsx,0.003505852626584645
b5cef8aec066dfcf605d8f45a5f15697a2b1c90d36c0a05a56b12e40de2c41bc.xls,0.9999859793953737
benign_sample_3868.xlsx,2.666305657818566e-05
benign_sample_5778.xlsx,2.817498224079149e-05
benign_sample_4522.xlsx,0.0018253304301109892
9d31b56bd04b92d9b77d62f7bd681d9293b5d1367d06ea7545bc94cea024e30a.xlsx,0.9999878340739778
0c078fd098b93d54092be9217dc47c3aff4096f7dbbb831a5cfc89376e5ecda2.xlsx,0.995933333836773
benign_sample_8341.xlsx,0.00022903702540676984
d4dd65d9c300e60a62dff09dd79982ddca7c97624f77de3a883833e41c2f1d9b.xls,0.9999852658070583
26a114862604d230897a3c03570ee7c386a6971a5e6819c8490f0fa8be9c262a.xlsx,0.9999817279740529
benign_sample_5628.xlsx,8.6925719441521e-05
a0b1146dcbdebe2a2b33880abd4b5d34de230dc883d9a1c50db8dd7ff501afb8.xlsx,0.995933333836773
benign_sample_8517.xlsx,0.016280508062065463
benign_sample_6197.xlsx,5.743056562622605e-05
benign_sample_3058.xlsx,0.0034779642726984017
benign_sample_8405.xlsx,8.535690580756716e-05
da3113d2e04ed3e8b67edfcf180d7b665c6f078bf9383b910b8222b14c9ce2a1.xlsx,0.9996467573923106
2dcde0058a745abdeed81a069051ae6fa44701a8ec7bc4219c90222bfb3186a0.xlsx,0.9999999999999997
benign_sample_5956.xlsx,2.006839220375855e-05
benign_sample_3554.xlsx,0.007610828374947306
benign_sample_9387.xlsx,1.8707820243451305e-05
9111bde8b757ce51bd540728ab2672fff7aa5a9f75fdf87ca43659d695df4c26.xls,0.9999889572253554
00b9997ea07ee18425ffa91c187319d609ffbcf5c46afb6769eea6c8c81c4e76.xlsx,0.995933333836773
7e26681f44d3988403ba8ecd65f28fdeb36a70d168c377044a7f543710b5b8f1.xls,0.9999889572253554
c25f5f86ab2aa4928dbc144a55a92ed5be6558787ac0f450d6411d85076547b7.xlsx,0.9964739446371244
benign_sample_1537.xlsx,0.00013537926315830453
2f2e13dd553a42014a8de95e2b9fc13db5d53205a9969b2dc6ffb5aa26a500cb.xls,0.995933333836773
892d202b2cbf926daddadac855394c33755ae83556c896f0ccafbdd579ed5f4e.xlsx,0.9999995538721049
benign_sample_3050.xlsx,3.248930400774741e-05
benign_sample_9434.xlsx,1.7469196747705555e-05
2e048127403c7513ed61dd86f6f517b711d84933e4c5bf3807df9f9e65e9409a.xlsx,0.9999999684204495
benign_sample_910.xlsx,0.004697668348628681
cb6c06770023eddf0a1b287d02628aff553431b6a8033d3017504384124fd554.xlsx,0.999999997060776
benign_sample_6368.xlsx,2.7576916400430954e-05
benign_sample_2922.xlsx,5.751176117822e-05
benign_sample_4065.xlsx,6.0353697897318023e-05
ce7b5009826266013b30d41cf8bc9f2b811b8780fc01cfc6a7019dd98462e8a8.xls,0.995933333836773
2ef5be47f89641191ba7f87adbb6ab1a077ccb161e213609c73b06e34470aae7.xlsx,0.9999999957241017
benign_sample_8272.xlsx,4.963398014784607e-05
benign_sample_3706.xlsx,5.313110287714657e-05
d1bf2fbffa905d29d876be427445e9c007ced0fa89d75bc27d58a0411701144f.xlsx,1.0
benign_sample_2602.xlsx,1.616678902719687e-05
6b8387a2b0f9394762f061313a93964780d8e49e3e1dba5b3457a517dd547d25.xls,0.9999852658070583
benign_sample_8690.xlsx,4.218493365526109e-05
92713b457c90861b16201ffa88fe2c16b77c58265d9a4c249d683fe899fe4af1.xlsx,0.9999999547404995
fd45de7deb1b70bed458606c7fcce1b9e40ac410e6c95efbec674473ab070ce1.xlsx,0.9999999998795316
benign_sample_3567.xlsx,3.0598102963853644e-05
benign_sample_9882.xlsx,5.40791549655983e-05
benign_sample_9104.xlsx,2.4952271267229983e-05
benign_sample_5064.xlsx,0.007885647666970252
benign_sample_3019.xlsx,2.864101496253129e-05
01ab57d8761a6864c78d3d51b0715d424b16a4c800b9d856ba1b59e35a607d07.xlsx,0.9999999997814064
f3512bee9a3e0728d906ca6ac06a94a63955aac3bb9d524d016d928d1184859c.xls,0.9999889572253554
86601e76ab84eaf8a17797c73ba466eee522452986d3e19f98a76a5f9a38e2c5.xlsx,0.995933333836773
e50d2c40e789b9a03f39f948109bb1352b5341f74b7761d8c0ab01d9f55fa370.xlsx,0.9999999997470769
benign_sample_3134.xlsx,1.8233810765946164e-05
benign_sample_3454.xlsx,2.6868905537502432e-05
benign_sample_8111.xlsx,0.0004107264913846517
benign_sample_9188.xlsx,1.9956240026441302e-05
f6b90d5afeef206ce0d99bbce8c0faf539e6b449e455970b6ae808dcad32ecb4.xlsx,0.9999816004894159
benign_sample_9694.xlsx,5.712948712744415e-05
benign_sample_5872.xlsx,3.087764336633551e-05
66cfcb309cf2d2a8be99d20bf61721031c3adcecccb625fcfdfbfb606f8fbc11.xls,0.9999889572253554
5477e68561158c23c1baf6a600a4c3a1002a4761413fa45d3b59e19aee716083.xlsx,0.9996467573923106
benign_sample_7013.xlsx,0.005482232559300009
57cd5b4cb4e5a9aa9be29609a3a91e44ff40099959dbad6ce9ecbd3c215ade42.xlsx,0.999999964451359
benign_sample_8377.xlsx,6.079643544232208e-05
benign_sample_2039.xlsx,1.5581886755630336e-05
6284f0c66dc43df2309cee125804c49647dfa46280d84d2904e04ca1b24b9655.xlsx,0.9999999997814064
benign_sample_7809.xlsx,5.700498513403365e-05
5431aed8439980a73bf161528f095409f5d2cc2f97767db7ea7cbe9ba02aeabf.xls,0.9552902904048605
benign_sample_9855.xlsx,1.5131928540166448e-05
f8a56b823d6bab0394e2cace0e52098b0869ba732b5693b74e5752b3d9d99121.xlsx,0.99999934394573
benign_sample_672.xlsx,5.996115114907766e-05
benign_sample_1018.xlsx,0.0054563213469640765
benign_sample_5716.xlsx,1.6315357313572893e-05
5d11ca4589811b9913b997a716659e220f166c6be9f6e0626a98c0f90c6abbc3.xlsx,0.9925481452698995
42aeef1b5f9d53105bd3d9076b7634e1eed53f89c9e3577426f4c51441e4fca4.xlsx,0.9566666666666667
5d4a1072d7774ce31c6032f61d4af598d1964e5193d87f3c87eca95d8e856d22.xlsx,0.9999998754089404
038214d4fc146d3a0b09db57ab584e3cef198a466d82206a03af0ca6aff4ac2e.xlsx,0.9999999941813216
735c3aed42f2979c0543b6656c3c926a15fb607c082f44147c6757d6977501b6.xlsx,0.9999999592763212
8d5fdb4f733c57a49db04874a1ebceb63963d03305c59058d6d14a7a64f57c11.xlsx,0.9999984303192063
07455a6d10c629322f72d9234bdb24ef56d96b81609d62bbdb7128c59f210901.xlsx,0.9833290902688926
benign_sample_103.xlsx,2.5399306932139974e-05
benign_sample_5211.xlsx,2.0669438193318224e-05
benign_sample_6555.xlsx,4.965511577638612e-05
benign_sample_6470.xlsx,3.687658889096939e-05
6a1b5f404c0257fc31362073c0d89c526fc9226864a09c6c3c58bda7876032cd.xlsx,0.9999995530335878
benign_sample_2787.xlsx,0.01795841051379495
benign_sample_863.xlsx,1.7033454571283634e-05
benign_sample_2112.xlsx,9.429786031403314e-05
8d6eb0ea0a37d5573bd7a306d12837a74dd2e68a597b42516784b3f2d23743e4.xlsx,0.9983322247018457
benign_sample_7989.xlsx,0.00024129998448703738
benign_sample_4362.xlsx,7.387906346496577e-05
benign_sample_9661.xlsx,3.3402180949035225e-05
benign_sample_6605.xlsx,2.0804554880858678e-05
bf43b0e0341fce2b88439bdcc7cf43ba68cb26f0daaf7b43b86281f7dc9fad38.xls,0.9999863895520815
benign_sample_7735.xlsx,1.7238797085612876e-05
09cad281d9244c7fde11862dcc5e2c815c0e40d9b5d4f2913523da65ec423e06.xlsx,1.0
1a05ac6b328c121459fd78db220b0cf1cc62c098bc4891788cb39a4cef888bf9.xlsx,0.9999992109024162
benign_sample_7677.xlsx,4.316599486810297e-05
937a0d634f1fa402791344b29b818218739bd27dca33aa1cac188b4f748d3661.xls,0.9999867888695356
f11e0aa2d4e49444850b9f578ff99ade49bcec703c52ad09b5e26bb871dd5092.xlsx,0.9999984996620461
5414ecc1a009a19621da23c35ccf8d02e257908997e196d32e53cdc3117995bf.xlsx,0.9999999957241017
benign_sample_7576.xlsx,0.00016053758029238696
benign_sample_9018.xlsx,1.6502284443355814e-05
c6a274a61bb5ae817c7e00fdfee829cf26c5826b9e10f556576e2b99426d5e14.xls,0.999986262081397
benign_sample_3260.xlsx,0.01193710110072213
af9630c043bf6ddfef7ffb10d020316720913a21eb9cd9f51853c21082b8e6fd.xlsx,0.9915403259674443
benign_sample_5381.xlsx,7.85391388644125e-05
benign_sample_2033.xlsx,0.04559377104330662
a59cb233478b2152fb1b4ae9485401cd1dc6e69c9d0f969a105854076dd3e3bf.xlsx,0.9999998860629885
e5080f153000d338defc4d232b25e4713d8225a89100eb2dc2c8d97623d0b5d8.xlsx,0.9999975001276978
5ccc8867cfba018e258804501d3188368175067b72c9e1861209eb686eb9ad91.xlsx,0.9975738830315252
benign_sample_8366.xlsx,2.0274916044836773e-05
bbe0a419567e7e1b82cd55e23dd009bab6568f7773f1d3b559f5ffd39b2139e2.xlsx,0.7949961142641219
4f610f6c174cbe665b712dbe7c2d3f3a150fed9f6f01051483e3fff384c81a8c.xls,0.9999889572253554
afe6e0f48a672a7d733348ca19888f32d3b52b11d4d16856d011d67ae26dafc3.xls,0.9999863895520815
493e65e748378be4ab7d2989d41c7d362ca34da30ed0de68717b59d3591a28c2.xlsx,0.999982837842685
e2b344eb611f71b09a14aa9ac393c4019a2412fcc9ba03b3e8000bc0c1ea3e1f.xlsx,0.9999987445149207
349fb80a7e7dc10019c9fdc474960a4aba1267191ff1c6d34070bc2b9a97490a.xlsx,0.9999999916488246
benign_sample_8592.xlsx,2.2638724369786087e-05
379f89b9b7340a5265238272cdf3a6735c24e7193c0e76acfc55a8ca5b063421.xlsx,0.999678930267307
065cd43a82d40e85240a12b016c4ee88dfca4f77f24410b7336615d48c65f95d.xlsx,0.9999985068951275
73fbb286e52bc4946ebb114bd3cbd218395079930a983e0b6248bd49a5fc9da7.xlsx,1.0
benign_sample_4367.xlsx,2.1093062142723103e-05
benign_sample_1622.xlsx,0.09182822094059771
e950b8dd601eea179c26a22bc0ffec3c712e14f27152f41aea78e49914bc9bb0.xlsx,0.995933333836773
benign_sample_3829.xlsx,2.7507719987341956e-05
b79f08abf7ea8e72407cfd8e5d64fd8a138e36cc94bf8a249b12155c81aa0310.xls,0.9999855897289726
benign_sample_4546.xlsx,0.0017780496002921845
benign_sample_6333.xlsx,0.00039359902283630767
ea18c3a494c648d375d28804d13b2cb58de9667c4b6cc150214c02f02d2a3559.xlsx,0.9941059241995988
9e687cf49bfb1b7d34e20193f18495a16536c6adb4069667ca67caa69769c3ad.xls,0.999986262081397
benign_sample_259.xlsx,0.00010370705533548233
a6eac82225bf7f997d78efac1961cb2a3c8988f5cde6e2fdd1e827975cc0b89d.xlsx,0.9999999354727066
bb32c9472ef2faeae273e266c7fd2dd749d5b200affe3e0e3d3cbacd4cf6e904.xlsx,0.9609863759542394
abef143f725ff621257160b3e150c817d6fe8d70faa2f349e83a86b541befe24.xlsx,0.9999999941338403
1f4bba3f84f4c76606a7fe21ca051d09b1337544a64cd3d1b27139a355dda9ab.xls,0.999986721806945
442da867e6d871fad0d4e472ef48bd2ca7ac41ef601355875379056453ccf42d.xlsx,0.9999999957316703
benign_sample_7475.xlsx,1.6873177755659295e-05
benign_sample_2479.xlsx,3.4348955152859926e-05
5f65359cec8009a484bd59696ad62e99565faba19d52fae3776350d544d710c3.xlsx,0.6648491017555019
5b061bcc593476ca93aaf0ba35e5b7accbf22cf4271e0b89fd18ce6901788f7e.xlsx,0.9999999999999997
f440eca3c25cc871dea1eea0586c197bbb491bd7099d4fb8322d4d35a40c443a.xlsx,0.9999984946409587
benign_sample_8927.xlsx,8.739299553077582e-05
benign_sample_1023.xlsx,0.0001827138411704893
38248e4abbb794775800489047e3468634d7816232dbb23160528ee171932bfe.xlsx,1.0
9ba56efec9dfbeaca7216f658c75a50962169d958ce15e168479e490539e84dc.xls,0.9971829097248018
benign_sample_3904.xlsx,3.247467244190332e-05
benign_sample_5865.xlsx,0.006560303968429206
benign_sample_2701.xlsx,1.731550284333277e-05
benign_sample_2680.xlsx,1.761263698024815e-05
692a3d98234a1ac0caf9106ba58c934faeffa74711546b209a6ba0580d8da7a5.xlsx,0.9999999957241017
benign_sample_3077.xlsx,4.971241833917871e-05
ddec8c0c8eaedec78f1814ba1171759933ceb30fc25c170493a1ba1c30aa6a53.xlsx,0.9925481452698995
benign_sample_7822.xlsx,0.0004437290224778233
e1588c465b4bdaa80ffcb651edec51bd5dd2cd432b60785e62234a7ba8da120d.xlsx,0.9925481452698995
benign_sample_5752.xlsx,5.7697098480452986e-05
daa3ada4ecc339887deef243403ebc34643cd4ec6afc63321f13e00ca8a2b3f2.xlsx,0.9999999684204495
b79c9b08f8a01e10b930bd7775a2b185049a910255ec0ebf437cea3fce4c2909.xlsx,0.9848151937860284
71520c6b61c641945ab1d47dd755be9ecb8dfd171fa5daf9773a99459cb45efb.xlsx,0.9609863759542394
benign_sample_5554.xlsx,1.7227126905869165e-05
4dea9d802a74b06fe59f8459499a192eb1fe7c13a5628a5f740853f4b058788f.xls,0.9999855897289726
c5255c9c0d0a8e4fed2b24b2b9f3024e0324f12239bc82056e3c7eeda5c446ce.xls,0.9999855897289726
1eac46733434ecac1adccaae13ecd859f6bf06c318285f55870a3c41b5a70a7a.xlsx,0.9996467573923106
64c6a010c1f7148cce194927a22eea7e1374466d2381b54f9327a82aaeae2f17.xls,0.9999889572253554
35c792a11c5c31a385357a312dcf1fc9fe3da87b7dfe0f348323cadb0cb425ba.xls,0.9693768020955092
benign_sample_1806.xlsx,2.0507556916354303e-05
267608b4621546df087dd8d154aec1d4a705006fcdb55d1bc419e8e4be46b6a4.xlsx,0.9999992083051564
benign_sample_2796.xlsx,0.0005249665067883286
8fe3e38513d90ab6e8d2da6ccae7c02f77f01bc6e14f8ec34176dca83676108f.xls,0.965328659286054
0c637b02660e1a305701b222f3a063e178bd810037e26ef6854aa0ded437daf8.xlsx,0.9991100791046518
benign_sample_3035.xlsx,1.9747726233209866e-05
benign_sample_9233.xlsx,5.4677814410557e-05
benign_sample_8357.xlsx,0.0016859328190025006
12ab67389f04cb2d273231880b478cf6e197b150d075168fc2b3d5b732306834.xlsx,0.999982837842685
benign_sample_5977.xlsx,1.955508535467375e-05
benign_sample_5760.xlsx,6.655067226046762e-05
benign_sample_8659.xlsx,1.8706600543874578e-05
c89cc0843708980b787f9c3ef96978b429c4c1ef34060b44f29d0d4a5d8e70e9.xlsx,0.9999998860629885
1fc40517603c1fde2962f9c2a4f7b1c2fefec53dd5bffaffa6ae6c1a68d150d4.xlsx,0.9999999592763212
a4ea29d3cc3355c2fe68fedcfb90474a5a0e1fbea3427f6c37a42eac3ac533ae.xls,0.9999889572253554
f04edb8c32977dd0aaaa8601f85c299f68566257f9bcf6bbcaa2a2e49905c548.xls,0.9980822682280421
benign_sample_6530.xlsx,0.009406342662352378
53555c7e0e155b0f4e8152a78dd04033c9dd8e8b44f8b9536ec1927ca5dfcc4b.xlsx,0.9999999949164368
benign_sample_8095.xlsx,0.0003924723797025813
benign_sample_1579.xlsx,2.237067981395043e-05
d7ed549edd36c69756d88c6bd2e53b10328bcf4086613384f7525eb81aa771bc.xlsx,0.995933333836773
benign_sample_2549.xlsx,0.00013054753674625045
941cbe18b745cad16f78f5731c767c570ffe6a4130bdb9b64e699081c98bc1a8.xlsx,0.9999830723828117
benign_sample_3320.xlsx,0.00010558063555871577
benign_sample_7208.xlsx,0.00011579906764775664
benign_sample_799.xlsx,9.536646550540971e-05
cc0ff44f620e9260f44ad51902784c44dd33f1b4c64a1bb278618fa1c7e915dc.xlsx,0.9976518347069213
50f3beedad39312761c7078aca103c9126553383925cabcb7ac4b6a2332748fe.xlsx,0.9999741256732823
benign_sample_466.xlsx,1.539907720567376e-05
benign_sample_163.xlsx,8.673494426770015e-05
2e37f24456d28e7aeb3e3821d9ff9ce33825ab4d796b7f182b0de4874683b481.xls,0.6798955237785118
benign_sample_9542.xlsx,3.823071701028808e-05
benign_sample_3569.xlsx,4.431001267163462e-05
benign_sample_4947.xlsx,0.005681697895894399
benign_sample_3293.xlsx,5.738754806949317e-05
e10527708d650b84c9596d75fe512c4cfd683b9471b4f0ceaebfa5d835c76fab.xlsx,1.0
f989eadd719f153ea4d86a5feea12bde982d8ff9a393ce2e610848eb223a6128.xlsx,0.9999954714498681
benign_sample_9533.xlsx,5.624016273927813e-05
benign_sample_138.xlsx,1.732815370301261e-05
benign_sample_4678.xlsx,0.0009579254674754499
benign_sample_9840.xlsx,1.581707124327883e-05
47eb436f86de54c035d444bca13a39941cae21026bc8345225bffe64ba5e8ab2.xlsx,0.999990892258953
1f54039ad4b2a8bc028b5c74b18ee18553cb0e4e955006dc5d6c365eeca9e33c.xlsx,0.9999992109024162
benign_sample_8723.xlsx,1.863144205844805e-05
benign_sample_2762.xlsx,1.6440438621697243e-05
benign_sample_4806.xlsx,0.0002579964519059494
benign_sample_6850.xlsx,1.645365563565465e-05
benign_sample_8200.xlsx,4.471443056848181e-05
9bbc4f464162d8361d1255e0f83b479cd6e1ce8579d526fcdf6f2cac27ddd475.xlsx,0.9999999351979257
6a03533ad201f22261ca17a4dd7be5363b346a3ac822d5d3af4ba29ddbb17516.xls,0.9999867888695356
b6ab0f6d63a17786653368972a7d754f3337d63c32decef976ae94c19f19c6a5.xls,0.9999889572253554
6bcccc3de5b157d19a178269d21bdd75258dc9b986fdae7173d43594ddcb3259.xlsx,1.0
benign_sample_1225.xlsx,1.8034293097668244e-05
0ca538acafaf48d9bb1b90814320fdbd31c339bbdc731dd39d088e66cc6565cc.xlsx,0.9999999957241017
benign_sample_9047.xlsx,0.003066762259445721
ce35f48e3576a11fdb2a8d40d1a8c3858573c8a2d0c4ca445f5b8ccd27399e49.xlsx,0.9996788764058605
0069e0696e7ac7a5301a27c0e5af6e85f0d6914f3e7588814fb7c2791de347f4.xls,0.9999889572253554
6ebf5ae1dad09d6ee96fc8bfc428b851b76f179cff375fb6d982068eb4469dce.xlsx,0.999999206747373
a6558b710e458dd6f38e865601b8f3b5f36c4b70214904515eddcd329e5da6ec.xlsx,0.9999999697120597
6db209290aebff781b00b3b50d55b76761c776443d85b6b19194d4bd39640058.xlsx,0.9999999670849972
eec5e92567c8f88fe806bb53d91768228e8430a6969e5d1367f6ff317b384be3.xlsx,0.9999990089109055
7db451689b677994eb9a1cc3d938d90b5c3a27da983a84bf2f5def1c02ba4fd7.xls,0.9999853259069006
70bb2c7d9dc6208d1e30d22036e3aa4871a4bc10591fcada50f387f1862999fa.xlsx,0.9999999868124531
benign_sample_5751.xlsx,3.888174845183253e-05
698b40f4cf12f014faadbcf5c761d09b1fe70a1125a42b34e0c10aba8b4c0ed8.xlsx,0.9999999739714127
benign_sample_8077.xlsx,3.7767710259933725e-05
2829b838729946d3d22830dfd1b373ca7fb06667eeb7ab9d4eede6d4b13afebb.xls,0.999984679143302
benign_sample_758.xlsx,0.0014178893703455193
a9874f15e58d0fd707f90ba63dbc075705000c1f30565fdbe11b7a0777246e7c.xlsx,0.9941059241995988
31ae12b52112fed0ff6a4e4899c6f9245737284fe7a901d2d2b745e143add906.xlsx,1.0
f5c526fd505d86be5d8665a4852e6e2d2fe24ece2fff8a92e7042682315f303c.xlsx,0.9567387458832958
d405884892b0348082f073e0f75df7772a5da2099722789e2989a6c82bbfc9c2.xlsx,0.9999999999999997
58f4acb089818a665a1299dd0bd9358631ce9d8d7598b5ad61d943ef98ef45e5.xlsx,0.9999998864134202
e7c9aa0826938982921b7dbf6bf060b0181965bc9666979ad7e47dc769eb6b15.xlsx,0.9999999670849972
benign_sample_1327.xlsx,1.9425587617631126e-05
benign_sample_3103.xlsx,2.866511511441615e-05
benign_sample_4444.xlsx,3.876894468516805e-05
56d02e997ca5210e89ef9d770473e95f61701f65554ddb72db39913e8984e0aa.xlsx,0.9925481452698995
benign_sample_4540.xlsx,0.0003243769377794269
d8567a9f7bc749ac4eda0741e4192ddae430457441e3b1b5bd40b5c8324d48a3.xlsx,0.9957657376767713
173d2e4cf733ccd81268fc91abc4444cd8d6910147d8ebf9a7284e6ad84196d2.xlsx,0.9999999997814064
e347bf8cd448dd2bae805b996e2c012daf3545150aa156f7884b9ef023f13957.xlsx,0.9999999605520123
ed02cf2428790fc05964cbe66c268a67503551249437381125a51401de15e753.xlsx,0.9999999777718672
0d487c750ec660e636294f73d2c3b3a25f5136b7af0cbba2018bebd73f2210cb.xlsx,0.9999999557574122
831b22ef5a59a0529b29cdbe899ea67e2a9976bf881454d1a935d07b6bb4f819.xlsx,0.9999999974214155
d7e25d6b79316a1f967c23b9c1962e11712bf7938fbe72b3ded8c8ab8f699e6c.xlsx,0.9996788628200629
02f9914cecbbf3bcfe560752f1edd1fce16d5a29cd39afa26a3865e4a0ff9c47.xlsx,0.9999992140077832
dfdc0f65c950ba3a1133f95b107f6b34ff9ae93b2e6fbe3b6c0fa6aa777e26b3.xlsx,0.9999999999999997
2f0f05b401d0587efb8f524596fd4d43532f3702e4d53604d1399138056374f6.xlsx,0.9999998754089404
benign_sample_1407.xlsx,4.840607723469975e-05
benign_sample_2147.xlsx,2.217363393174852e-05
benign_sample_5035.xlsx,2.559578159552455e-05
736ccd4db67873fe036199ce7eaba8d2634f53a7b78c6ad371dff2f968d7c7d2.xlsx,0.9999999974431336
benign_sample_7404.xlsx,3.329680936955817e-05
230f6a75d0cbe704831a8a45b9b037bb5f5b829ddf92a2a005bddd8eea55013a.xlsx,0.9999954585561482
benign_sample_8858.xlsx,2.327958231097314e-05
043a034fc7bc6d03018a97823745a0898307d951a08e94c171778569db5b2be2.xls,0.9500676149111712
d1ea94c241e00e8e59a7212f30a9117393f9e883d2b509e566505bc337c473e3.xlsx,1.0
0c64f17902c9851c7975b4cf647a7f8826a1ba11b97adcbe7a1b63ee3254b0f1.xlsx,0.9999999949164368
benign_sample_1074.xlsx,1.9425984732267497e-05
21068b858028bc5d7958bf3cbf0c013239b4d93d889fc56fc43eb9d60effa17e.xls,0.9999992083051564
benign_sample_1237.xlsx,0.0010491392069779148
bdd683ec2c9f3251a7b298fdef146b3f6a705efae047eba5df60c8e162d7fd6e.xlsx,0.999999964451359
b9b2b5465fad8b6ca016c4b6217f685a8df94d0bcbfc131aa12e87f4c27d27c5.xlsx,0.9999998867096179
benign_sample_4097.xlsx,0.00012229609524199879
benign_sample_7527.xlsx,2.9620914829977127e-05
benign_sample_1867.xlsx,0.0004781562207815926
0cb480b5547db12f46a2e9ac65a43a0127316e5901869db7d9cf55050e31c58b.xlsx,0.9999999605520123
benign_sample_3555.xlsx,3.2024870757400826e-05
acd6eb3ec81eb9b1fc30e58453696761faab712d8467ec004672b4088c4c507d.xlsx,0.9999952121803726
benign_sample_9734.xlsx,4.3095124853303857e-05
benign_sample_3032.xlsx,1.7525315399122125e-05
benign_sample_4195.xlsx,1.619594484819655e-05
benign_sample_925.xlsx,0.0005131321848076351
benign_sample_8660.xlsx,0.00016417985664501453
benign_sample_4460.xlsx,0.00022260732971713065
benign_sample_4651.xlsx,0.0005567959611401624
762da1e53605886833955a1ae875752d413fac2c48d97781d7787d3bc091bfb3.xlsx,0.9859067214014773
benign_sample_2426.xlsx,0.0017641063115308381
benign_sample_3467.xlsx,1.9769524197320496e-05
398d8a8f0f937d4a2acd69a58eb4111ae21c13e2ee627032553502d29ca9432e.xlsx,0.9996467573923106
82edb778f7053d4394f38684fd76e972dec1f3b34cd01279ca8c94bbceeffee9.xlsx,0.9999820401854179
df5d8a91113be094996b7c7f3e4d6197bbb7a04873c47da450853e2e6cddeee1.xlsx,0.9999999957241017
5a5f086344364f6deba0e3f3376bb48359970b2927cc8f7ed4c246f0b180c691.xls,0.999986721806945
8de0ce1f89655a2a4991a4fa7095a8fb5106e8cba6e8eee6759a2bb2bbb4dc41.xls,0.9986583920608126
benign_sample_5111.xlsx,0.0001285036916513634
9b1a7091a19801db4a69b70b8b0d4c0cac9a0ce7037e863c1f9c19511113b0dc.xls,0.9999889572253554
benign_sample_7104.xlsx,0.0014026632165041115
07a07cfb9214be303196a49bbcb955af1011ac7138b4ab5d8beff5ec9547bd4d.xlsx,0.9999997736467696
benign_sample_3191.xlsx,1.942615592790731e-05
c49da30a5ef994b4388c65f8fd295e33766011b1b5a2221db9753490408f62c7.xlsx,0.995933333836773
75a4f29c267a1ea160015763e622c87171dc20f5fbc40bc0b2d176f371f5c2f9.xlsx,0.9999999997470769
benign_sample_6000.xlsx,0.001257595761669821
b876e30909eb2d33618c57523adc42c532c8e71a0b9bc3c6f773629284fd0b04.xlsx,0.9999999999999997
benign_sample_3705.xlsx,0.0007353588432150311
benign_sample_5696.xlsx,0.0013429666455628227
d517d41779e25d0059bfe32d2ae013a32040020f04166317e0e625b5c0583cf8.xls,0.9999860233211023
benign_sample_5553.xlsx,6.383813950867692e-05
benign_sample_4094.xlsx,0.0003368567516550865
benign_sample_8009.xlsx,1.918230967580268e-05
benign_sample_396.xlsx,9.302993427795575e-05
878399ec65034ae4e7e557488532d3fca4676ac4f74e01774ad1fe9ef07bcf1a.xlsx,0.9999999697120597
benign_sample_539.xlsx,1.564108573217462e-05
534112c4f60aa343562f6dcdc77de05ea66735d4082d6a5f94726d6db2d82f29.xls,0.9999987449630123
c4a93814d2c2107a7d20f4f3a5c687dcd0d28acee63dc1677fe0651256c890e1.xlsx,0.999277744330939
558e8de9585f3d2e8397b29cc9c7bea595612567968e056fe25219c05dcf460a.xlsx,0.9983332456080717
19f9421a3f3b04aae15ad99e1c8e0bddbaf7812feea7f072dc767172954feadc.xls,0.9999846919423708
benign_sample_4594.xlsx,2.6625656475991308e-05
67fb8eda38e0418cb0dd6acc0114afb6c785dfd1a76bfa3552b4932476b7b841.xlsx,0.9999999999999997
9a7c608d14a1d7343ecbb7f3c6883d0113860562d50456f6db72207f9d3c07bc.xls,0.9999852181543748
benign_sample_2227.xlsx,2.317142598435776e-05
44752413e83a4cee1eefcbed1de6b13cf72a029dcfff411df431cfa263e83caa.xlsx,0.9999995499093366
benign_sample_8349.xlsx,0.07065879629736559
benign_sample_9730.xlsx,2.8728509958269247e-05
21f0ece1dbc88d77cf07aaa4093d250148d7f920586db75f5efbdf70a6ab56b9.xlsx,0.9999995521018957
benign_sample_1772.xlsx,1.7630704248325382e-05
8114b50ad817db311eaeddc12d3969e3568c2f79235866db432bc0aef727e87e.xlsx,0.9999999999999997
8402624c881cb1eeb0ea4267c7b07e2c8e5b4f14e90ddff72e315c71e30ce846.xlsx,0.9999999697120597
benign_sample_665.xlsx,1.643782626915854e-05
56d7c4ee43fd592a2dbd224bb4b6e0e185143e9d9a225cdf7221791eebb6d053.xls,0.9999889572253554
07de4f8478c2c976eef251c2bd5f58cc4aca0f68b536a1fdc36f225341e7ca0a.xlsx,0.9999984290817404
d2a16d0ae5647af26b39c8a678950ddd6c1507641f512dd5a43e872dbf638a2e.xlsx,0.9999999739714127
2ed866a315480d7590eb6a32c816aef4e4b016d2991e05b57c905270d2729cbf.xlsx,0.9999999997814064
benign_sample_9749.xlsx,0.017151829438979423
benign_sample_3229.xlsx,0.0004091167445328576
benign_sample_6784.xlsx,3.076141122337997e-05
29bcfe676160be417d74a8813dece47684adfabc3ca5977ba38fb5f27fd36475.xls,0.9986488469198567
benign_sample_1195.xlsx,2.216219412595868e-05
8542bae8ca5e29462fc1c127103b38d084005e18e843a5ef075c7e331a75bae3.xlsx,0.9998634803558845
benign_sample_9072.xlsx,3.3736466232181995e-05
f841b63113c3f31257798e76084abe309c0d42fb3d6ad4046f851b7f81ea3009.xls,0.9999865960174247
2868978ba5cd48c749fe3262742ef635b3103eb980904bb5ed21ed54e9a57cf4.xlsx,0.9999998864134202
7c8ca91622b08f4913113ef47cf39958db88db1ffb4c40c8b955f17df42f1b57.xls,0.9955645294988574
bb6a37fff305f74964586b088a31944293b8198dbec09c061767f99cfdee5b86.xlsx,0.999277744330939
benign_sample_3653.xlsx,1.7238764297010043e-05
benign_sample_6503.xlsx,0.021838826652106277
benign_sample_5026.xlsx,1.955451341448892e-05
benign_sample_5552.xlsx,5.991101542451505e-05
benign_sample_8733.xlsx,0.0019334367835687624
8a4235447879bb4d7f2366158d892f29a5d9a06203ae71b7ae6bd563889f1de2.xlsx,0.999999943967309
benign_sample_8763.xlsx,3.047173767263893e-05
benign_sample_2002.xlsx,1.8920180200191715e-05
7649375914acc773cb1154cc47119e2a96373fc73f7bca1a71e4230a9f43e550.xlsx,0.995933333836773
aae3c0a2a9b035aa31727510d6c73cb54e9d9dabf99c62ce08b6807d95088ff1.xlsx,0.995933333836773
7a3cead57d6d4c2df6e58f9cce847d743191a5bb72df22bd7e6dbfcfd9220a5f.xlsx,0.9999999998795316
benign_sample_7896.xlsx,0.003003794054386714
17852579541ef762309295884eb9ad4fe5234d4f36ec7b39dc99715cad3c02b5.xlsx,0.9999992140077832
benign_sample_5960.xlsx,2.0783498496888575e-05
benign_sample_8155.xlsx,0.0001061656283191264
b3c3c18db8f42277194431bc0096b66edfcf8d2bc30f3a00d16db9454c3b1e39.xlsx,0.9925481452698995
benign_sample_9274.xlsx,0.000734093547184463
7bceee339a057e5a66481fe2272fa06b0fdd9657b5124e22c3100e4730a609c4.xlsx,0.9999992062197318
028f689c1607b541cedcc17009a4d951bae7b7f8dfb6e4c7e808c8bc8054fd77.xlsx,0.9925481452698995
benign_sample_4250.xlsx,2.2284526933853896e-05
benign_sample_3081.xlsx,1.891913386345385e-05
benign_sample_9198.xlsx,1.6357038093408313e-05
benign_sample_7849.xlsx,9.454252746127436e-05
benign_sample_1723.xlsx,1.8313383435029718e-05
530f983b54ae85ce36aaf1b5d096fc2b63b3ad67792ee131e355855e98e205b2.xlsx,0.9833333333333334
c301d50c68f80c89c371cd1a573ad2babb1a797ad75d157454b2a1da9f66693a.xlsx,0.9999999670849972
d56353051b3256c74c2e0df4d907f955ded8482f8cb8610f69916f80bc49eb67.xlsx,0.9999994974631529
3ff533b427c96584e26d5d5634a03d31c5b582d077a2891222b70b0b44cec7eb.xlsx,1.0
049ab888d63d2aa06b36969575698c262adffafd7b8959076cd33e7f662e3b2d.xlsx,0.9999909207957957
3070bcc90d44d02a9d88ff847952df1066dea2be54a1191f890b10f473eb1287.xlsx,0.9999999936475487
4ae32b99b912f0a6979697839ff6b3b9de464339ac0f585101cc23a460e7b2c3.xls,0.9999889572253554
benign_sample_5781.xlsx,0.0002943834544161441
78f4af29d5d201fa97a6780a8b848c36bb6955f03358d79543a97cc06239f6cb.xlsx,0.9999999557574122
c6c76b907a481954c7deae1a9eda0a9a0ed4d9bae89369e1d8187339054eac8a.xlsx,0.9988209868926919
52f0d0b1003162341aacdca0cce90fd4cc24a3f7119aee34cf7d24e442c08fb8.xlsx,0.9999999605520123
97163d87356bf0b69aa602ae0fa39d068b2408f6d7357e8929fef2d0334c5704.xls,0.9999889572253554
benign_sample_9291.xlsx,0.0001088941607054954
0c64126ecd5c0515c12bb90400f34f6134161b6bae7d6c09b4ccc5fd80ff683e.xlsx,0.999996761394427
b609679d4d71549c33e4c3afc0ef6fa4bb24c3bd3de7923697c2a45a008efc7a.xlsx,0.9999992116622032
a7b6c60c9aa6dbe97b4cbdc8f6d6c45771919f7c81e17ada472be1f692a7e046.xls,0.9999889572253554
acca9499ec2c8251dfc53313c069e6286dd103764659dd00cfeb7e2d9e3b9027.xls,0.9999889572253554
eefd5b5336bb5abfcc2cd0593da8d305f244f9024706988996b250bfd51af354.xlsx,0.9999999941338403
benign_sample_2383.xlsx,1.6489895899446637e-05
benign_sample_9341.xlsx,0.0004252216897942499
ce786a2683afec2ac15806af2c88bc930930bd2f84e5ea138e5bbd90405e0bd0.xlsx,0.995933333836773
4e0a38aaa93cbceef10e172853142d87213952ad3b4ff3727cf7d633d5f4bf95.xlsx,0.9566148520086086
79b3390ca3d58a94ae3787cb70a2de2365981380d2f92bd6b554ae578455f157.xlsx,1.0
ee1b7c12976daeb009f9cbcbea37ec52b572fb4b47f4e566c8f368f85cf50e3f.xlsx,0.9999999957241017
benign_sample_1498.xlsx,0.02471294764630801
4bc32daf9d52bda4452f18c4b84cc0d8b6bdd8a49e3639057a1f6b56eed84b50.xlsx,0.9959366958664356
benign_sample_411.xlsx,0.00016010389683028807
benign_sample_2171.xlsx,9.42132645014352e-05
benign_sample_9453.xlsx,2.4665959983823007e-05
benign_sample_5640.xlsx,0.1128983956059675
benign_sample_1562.xlsx,2.7417699032945083e-05
benign_sample_7455.xlsx,2.4214687002505783e-05
2b0caad04296e209001ea506e32071cfe407459f915e4edc69fd6dcf73a28245.xls,0.99999678560347
benign_sample_6025.xlsx,0.07004439097940009
feb048ecea7162dc0edec87d87d732221fac8ef0ad24f6c0ed3f81e31dcde849.xlsx,0.9999999995992317
benign_sample_2019.xlsx,7.10485375004594e-05
a0ee31f222f7b6b4967878a34cd525ff2ad33a817d0d8aeb0064562cdb568fd6.xlsx,0.9992161200339407
11768e9b66199cde34e4489d9dcdde585e3998e47ee7e55361d3d7def2797059.xlsx,0.9436225435500608
0407760e503dda15322963923a97e98719067fae2832f94f495845308bcddf2c.xlsx,0.9941059241995988
d527d3a0f979fe2a2887fa1cc302522c1d3f318562fabe77486382cee354691e.xlsx,0.999999997060776
benign_sample_6279.xlsx,0.12862279323963022
df0834421cb507c99428f350597343e7b266b883324f613a0737249da53637dc.xlsx,0.9983724400422657
e1c354af6395c1b8215aec4f4556caff9ece4516f718603b4a9bd1cfb18bfe10.xls,0.9999889572253554
benign_sample_6324.xlsx,0.00019849615946625242
benign_sample_2510.xlsx,1.8109888025604635e-05
848ff72d73e51260a594a51a0ef143c676fe265b4c16670a3166f1feb2355dc9.xlsx,0.995933333836773
benign_sample_4245.xlsx,2.8800360422497463e-05
benign_sample_7581.xlsx,2.4476088721831572e-05
benign_sample_8355.xlsx,0.00016691062815530407
benign_sample_1115.xlsx,4.295733638094571e-05
benign_sample_4944.xlsx,1.735604888452203e-05
benign_sample_6110.xlsx,0.013532739116748743
a0fcfa8c5f18fb8555a889bde0452593aafda877b58ae6316d949761834aaa4e.xlsx,0.995933333836773
benign_sample_3640.xlsx,3.0852494627460994e-05
71748e16d25665eb6a75002b1a515c49cfe7734fa778fad37d8b54d0946a8073.xlsx,0.9999999612938351
benign_sample_739.xlsx,0.00013329093910904497
7db96148a3ee6b702c7af39604c22c3760b7d44fe61f2e4da5f179ee4936e127.xls,0.9999865800886484
2a12970a58b9fa71c40724651e8a4b9d6ad333f51054d609dcbca14802648803.xls,0.9999987360193429
06c24e37d4107bb65fd54ee36cbb0f22a08ea383176e1f467bfa77a8cc98b4b3.xls,0.9436225435500608
benign_sample_7617.xlsx,0.0004585156237691984
benign_sample_2211.xlsx,3.324848683513225e-05
dc8a36b74cb0adba4c80b3413c5963ad96f380681d3a6c3b74cbd436c67a93b9.xls,0.9999889572253554
benign_sample_9877.xlsx,1.881213776953789e-05
78ecaa763851a86ca782c1b498d403a7091324c065e5d944b5c579913e698c04.xlsx,0.9999985076218841
38d73ff850a428d03fa32a4cd75f96fc5307c56e8f72290c8dfed375e3faf658.xlsx,0.8160185055914072
7e9db04f1171b8c884e1224ac2cc3220de74a37a7d824b3e92cf440351a291cb.xlsx,0.9999987446264775
29487e17876f2a30f447b97e2bda1f691ca6b3a393f0e07df01b6d9814971bd9.xlsx,0.9996787113472624
73ebdf920a14981c528243f20ab5a7b97072bf7ba873146128a7da474e1736d7.xlsx,0.9999999697120597
7fef2b14068c142f6a708feff82ef0a0c2f5967e9ec402ade70b4152e8b628dd.xlsx,0.9999820401854179
benign_sample_839.xlsx,7.066040413486975e-05
51a6aef9e44bb09d7133889728eb6c49450c41ed5df9fb9d6308f7fb441526d7.xlsx,0.9999999612938351
benign_sample_828.xlsx,2.022846721672655e-05
benign_sample_6955.xlsx,2.1299259131882473e-05
49c3ffc733a122346a0116713f521f730108ef4ef40c5ab7afd669fe649a34ef.xlsx,0.995933333836773
a84eb82d1e951b1ad16935488d58db143a41366d67aa880638c48af562b63c84.xlsx,0.9996467573923106
c690280d8a4b153173b4bce1412590631e6714a6a18da281dcd5eea4c78796bc.xlsx,0.9999999697120597
cb37ce5781f125c980f7d46b977781e32c7db0b4e35a36696a8da030b5bf99c0.xlsx,0.9999999684204495
benign_sample_4790.xlsx,1.8637553129370826e-05
benign_sample_1882.xlsx,0.015377427665967008
d3000d5d591d23b5e060011729bab8cdfad9127c19fa8a08f9191a51f04d4a2d.xlsx,0.9999990089109055
c92f46942e22c646aeb9605ec77ed19a67b8eb5a87f08d5538ec5bffc5353a14.xls,0.9999889572253554
benign_sample_8702.xlsx,0.00818582673930335
benign_sample_2000.xlsx,2.5677374750118976e-05
benign_sample_9178.xlsx,0.08470104534699835
benign_sample_9746.xlsx,0.0006683508466732327
72985acdff3362d08664962469298a02d4c601e32d1e6ec063b1a94777a9a28e.xlsx,0.9999999957241017
benign_sample_5428.xlsx,9.833076224962602e-05
8c6d177bf7ee03b7c41c1920b60068b8a33132d18e102fc8b333c385205c73db.xlsx,0.9999908687197833
benign_sample_8223.xlsx,1.811015116500755e-05
acf2ba455b160e390b53824b9e80843e22ff78c2bf19e96388d9e4e62d185e49.xlsx,0.9999816004894159
benign_sample_5272.xlsx,2.0177880975167806e-05
441ceabfc85382ddb6cd89f523673fab12c8924266943b7554e19b888bc6b09d.xlsx,0.999982837842685
fe5f487be050492a23b6054424d4e344e68f7b13d36757659c7582c9d8881bba.xlsx,0.999995223621669
b3ace4f85d219464799bb59f8daacd1de4c64b36813d9d9defefb0850de20be5.xlsx,0.9995052564403698
dc5201f30f5b0e4236d6c0b973bef331075594aefa4b52db646ee9a151d5f067.xlsx,0.995933333836773
benign_sample_360.xlsx,0.003494343182181824
benign_sample_8932.xlsx,0.00023634127418784663
56e5ff88c20be6d4a8ce5f22c4c09dc6b8a9daa321c4466d5d68d8626f8ef6b3.xlsx,0.9891803829254636
benign_sample_5115.xlsx,0.01945164603740865
ff2d2d3b06fa4d675b4321c009c2d5f13257b7eda3931c6c74efe0432de1cb94.xlsx,0.9275845319601773
8293ee68c887150f42de5aff4b62f51614300f6a8fd121ea87bb84a3af250e73.xlsx,0.9999999670849972
benign_sample_9214.xlsx,3.0634185156960116e-05
0b8f0407d4ab7ac51cf6a44a34adf220d57a4ed8059f885bd0ad24c20e47025a.xlsx,0.9965659508120849
590d0740d14609ce00388cd4f5947e8deab9f521709d73ac0b3ff525296c932f.xlsx,0.999982837842685
benign_sample_1890.xlsx,3.287043426982335e-05
benign_sample_6545.xlsx,2.6916037187943898e-05
a2369537aad92d9febb1353752bf07d7f85e5592071a6f417c9ba24a3d36aba8.xlsx,0.9999994038496466
benign_sample_1430.xlsx,2.6434908099092818e-05
678bd3ebd373023271d962c53d7e4bcc0060c33c5429cfcac39d1d67d363abd8.xlsx,1.0
benign_sample_6857.xlsx,3.600189232692637e-05
09829068923a0ae7f9d1ce129806436aa62d70f51896f69b642971e55c857ee3.xlsx,0.9949112498925959
benign_sample_3488.xlsx,0.00043918516163422345
benign_sample_4972.xlsx,5.1643347313527446e-05
benign_sample_8135.xlsx,0.015047102622530195
a8d3ab49a3ce18d9e03f5595dd5938b6bc076af758eddea19f034c822657d325.xlsx,0.999999999734519
benign_sample_8626.xlsx,0.006613906174254742
a225f58b7b70c70f1a779c62ab2134c079749dcdbcb2703327f41bbb1e8625e1.xls,0.9999889572253554
benign_sample_6208.xlsx,0.018594216819254092
benign_sample_8450.xlsx,0.0002684065368019108
benign_sample_3628.xlsx,1.7977661315893933e-05
benign_sample_8459.xlsx,1.9722704256766726e-05
f809a10ad28be855c1ecf1f1dabd5abdecff711984b2a2c7d23582673bddc1e5.xlsx,0.9999999997814064
6ec6ea05faf1be3e891f6929038e4bbd922927cf78ff736adc3d39f94253b747.xlsx,1.0
benign_sample_9973.xlsx,1.714623183651992e-05
6e73eee818a7ce59c0ef6d73a2505e7b6bb699273710a7d83897e500a14fee70.xls,1.0
benign_sample_5767.xlsx,4.9332754576384715e-05
ac45051234ed04d68d9e671b3e15ac442b40c9f556ba50334c669516d1672332.xls,0.9999889572253554
72a91911a3c0c7b751cbe37fa73d18f84cace772d526e089b0530a154aa8b5e1.xlsx,0.9999996517728039
benign_sample_4669.xlsx,0.018935839846582227
29f7d3975eb7f911ac01f5e965e3009e1be7723edb854007e2a94a6171accb0c.xlsx,1.0
benign_sample_563.xlsx,0.052286260198698344
075ed862ad8cd5653b3a185e6753b2bf3958d2bb87c8af33f1d80b343fee3d8c.xlsx,0.9999908826584963
4b24a44535dad1035b2d251c84e2a005fee82acc94351bee21d5af3e29b5d364.xlsx,0.9553101545850508
benign_sample_7911.xlsx,2.063474170227045e-05
benign_sample_3849.xlsx,0.00012881651398047227
benign_sample_4821.xlsx,0.00028080644894746805
474fff848cc025859fc4ff18140cb990b827a9ab4dd98631856f287315bd9cc3.xls,0.9999889572253554
benign_sample_3300.xlsx,0.012985673513140212
benign_sample_9686.xlsx,1.796818279155254e-05
benign_sample_2619.xlsx,0.00038828909228195784
benign_sample_2395.xlsx,5.1196371263648265e-05
benign_sample_2564.xlsx,1.6343834572699376e-05
benign_sample_6997.xlsx,2.205536828201473e-05
18b07a8aeb637d132a1a3c72bdd2c7d25f2aee8c31f9708efb944026a949c6b9.xlsx,0.9999999997470769
benign_sample_1568.xlsx,0.007573891960773711
540c56a594f4d97d8822fb5d3b3587095def8e19d395b32805e1c19cc6c2cb89.xlsx,0.9999909019353564
benign_sample_4633.xlsx,1.586693776133934e-05
benign_sample_8630.xlsx,5.114022834573102e-05
benign_sample_9809.xlsx,0.0001175295062332052
87e3c4e969f620bb0bfda888c6dd9a7cbe4104302c432bb391bd39cf215408d1.xlsx,0.9852844862647824
benign_sample_9304.xlsx,0.0003452963327993349
cda009e3b67c5db65f0d81fff5910bf9f02e4282ed091e57f9e230a9c7837d56.xlsx,0.9999876591893687
benign_sample_2097.xlsx,0.00013624021213714196
61c8fbd3040e8836e89db0de81f5476cd6b58507a1b5d7245d5676b380c76cdd.xlsx,0.995933333836773
dbd8e5d3849584cc9ee9b5c3165c45bc2a547f60b571b4d3103ea375837e54ac.xlsx,0.995933333836773
benign_sample_8151.xlsx,7.27532608503653e-05
035d75c6b527fe7abf2b4081d6df24e2f901ce0b941a92633048cf8f1a14f890.xlsx,0.9999984968792169
benign_sample_7818.xlsx,0.10536454450850953
benign_sample_4236.xlsx,0.0007806449039999464
111b5694c2a49ad62fd043a77c3e42b324ecb86cba350cd9e90060cd22f2024c.xlsx,0.9999909722113309
7928916a278825eb6fd721ef14a1e5399b4297b331ee4cdf0851705c7ac6622d.xls,0.9999865960174247
benign_sample_7442.xlsx,3.217571357778067e-05
cb31ccf4537e7018be30736b7a4563fc0f956957e5028161a6fa95f3aabdb148.xlsx,0.9990236630275998
5df29651a4119f456a983318f6cf5f5d15aa9751ff9f723c6b710ead9d01c7ac.xlsx,0.999999999734519
6430c8ec143c708e33665bea5175c0917c6479ae920014ab99367ad8ff470827.xlsx,0.9999983109400792
7213b2d43c4873a4b5c2a861ae6776358819c555fa698495a2173609d25ac5ab.xlsx,0.9996467573923106
benign_sample_988.xlsx,0.1358668874764059
2a4c8190ec9881dd72db657de33189118c3fe837fed645a5e3ba314fd3a4f0eb.xlsx,0.9999954585561482
benign_sample_8993.xlsx,1.820686969088513e-05
b97d4492f8d94475c82bdebec102895686e0d416cff170b3f78cc3e18a8eac3d.xls,0.9999954714498681
bf3a34857860559f5b6ad2c8b12b3a51140b62f2d36c1ece4dd6d118677cfff7.xlsx,1.0
benign_sample_1112.xlsx,1.6380073350733784e-05
262aece1b490ae88c0c2d60526cade0f7b16fa3d0366c59ecb3d1678defde321.xlsx,0.9999999224102324
adf92430960fcebadc9299d330b3432e63c93b4305a86515832163a6d8791ca9.xlsx,0.9999999957241017
bcb62eab32937c13ba267c24ce8488ef4973989bb41e0d282b2e92ee3b2240a0.xlsx,0.999678744588851
2920dcd35c8293d316049c412f4efdf46d61409e517a1976fe2e9f100316a5f6.xls,0.999986721806945
benign_sample_1232.xlsx,0.00015798483909825562
04c116cc5def24248f0cf6ad998077d355492cfc3fc9f90fd181f3a0683e0564.xlsx,0.9999998263366382
benign_sample_208.xlsx,9.065353460864946e-05
77dd53ea0af64b7b268fe085d00effbfdc4b7b342fd3d8b431e6e7609e3bc04b.xlsx,0.9999999997814064
benign_sample_9745.xlsx,0.00020346728744717049
4b581268f6b91a41293043b04f2ffdbb7498ab2390ccc7a253731f434cd4fffc.xls,0.9999889572253554
7a8a3cbf89203dec2acee7eb2dbd799a6e9c64eab4c84ec51b98b7b7c978c19c.xlsx,1.0
benign_sample_8800.xlsx,0.0001794146730065891
benign_sample_262.xlsx,1.9214483354343193e-05
fa6bf85ada0089a827118f6ab8dd98aa09adfd0e21d9648165c8806513cfa67e.xlsx,0.9999934777953065
benign_sample_6612.xlsx,1.8639478040960223e-05
benign_sample_9696.xlsx,2.8042128734843352e-05
benign_sample_8814.xlsx,2.3937190638231405e-05
benign_sample_2662.xlsx,0.00025167244571604945
fe667d6f3b6a80b5cd08944e39472885a14ba8d69c4e76489fcd793f15412e58.xls,0.9999889572253554
fe7f2bbc774f55f85c473f1590cfb6bd02044b72a7847a9596348351595b2a5e.xlsx,0.999999964451359
2e3bfa733c7de0866fdcdbae88fa09bd5acef4ae8a6343cd873f0811ece8ad96.xlsx,0.9999951657522755
benign_sample_8026.xlsx,0.0035963848263631504
cb48f60ccf3277ba3664fd7b782a0446c17cda9a5e8d2a8e8249d2eedaadfe5f.xlsx,0.9999999999992076
d8975b3d34180a07691e5a123247eac7e5f33d89c49119fa1d629bd27762e25d.xlsx,0.9999998803230902
65cea9811034ab826cd29d81c9e89a7dd054869f45ef617e5e7f76c29ffc498c.xlsx,0.9911806489542058
ee90750babb5f5e777c0c9c1b49b08be8903d48ed52973b30714d0b14270cfa7.xlsx,0.9996923354602864
402fd4ea19845416b458e74d83604708e83fe68dccb9fd1702e71db063006b92.xlsx,0.9654627319949941
c83f4a7f4e69be216d44495161832e99c666920456860ed60d144d9069ddb648.xls,0.9999889572253554
benign_sample_1823.xlsx,0.8862956134346893
a254452582f30fa6aa95ca5debdd41aa9cb7d1a4a774130ea69c0ba792823896.xls,0.9999889572253554
6d686f1f73ea411ed80abf97cabe5e4dfe9c87470b905683549bf35bcdd65971.xls,0.9999889572253554
benign_sample_9379.xlsx,2.2528283470932083e-05
benign_sample_2556.xlsx,0.00010644544855972512
benign_sample_4012.xlsx,4.188055218713288e-05
c006d8947c8d38060d27d0eeb53dd21110f7a154ae1f66955c56d7c48538e32a.xlsx,0.9999825766907203
7483fb5495e3886d9e1504713b64a67e8dc5411fe135dda344fb3f58ae872c2e.xls,0.9999889572253554
benign_sample_4907.xlsx,4.11539786626106e-05
b3c2189858b6c7487f1c27b0922f9a0fb1ca6b52c789cec2bfe745e20d93147e.xls,0.9999889572253554
benign_sample_1906.xlsx,1.675026170174154e-05
3753fcbfe8bb20773856b62f90710ed75c1faad97c0ba74aebdadaf88a31ac32.xlsx,0.9977952871152258
benign_sample_1304.xlsx,3.609674588482495e-05
0dbf9e8b9f52a65bba3adbe91e94d32fc2d6b01ee5a0c3d9e77e52c82a4f9a9a.xls,0.9999855897289726
be051574275f5621bc3c9fb71d0f0a730c60d69232c559d68c4f068355f9eef8.xlsx,0.9999999739714127
4627d88cb27d885555625326c40717630dbfc7708869fdde4d0064f2d59e5bb4.xlsx,0.9971829097248018
0c3ac962f4b0f52d09c150fadfb7a1a33f39b548ea020fd9fa729c9a2329d7d4.xls,0.9999863895520815
benign_sample_7247.xlsx,0.0003633617501912103
benign_sample_5626.xlsx,4.080749525088703e-05
fc85c3913c632d2ec9e844bb7ca4af6d22f84c85f7aa03a5eb99d45bc95497b6.xls,0.9999863895520815
1a69eb127d23fab67dc6b344c6a695e54115370862a9b80498b6eb19033378af.xls,0.9999889572253554
ce5d635837efb4ad2a28965222fcc257df14f916a65de8e267cac5a0ced735be.xlsx,0.9951432582979214
b5f8fa88321feece5c23d6b4d4a152bf95375c88787713bf41a655704cca1feb.xlsx,0.9999999936475487
benign_sample_9814.xlsx,2.9988470051204206e-05
27427a09735b3b23e5d1c2ae13af9fe1eef77bf490d23d4a154a8a5ee575a861.xlsx,0.9999999948510103
benign_sample_6783.xlsx,5.3620535936680524e-05
benign_sample_6033.xlsx,2.1585700296503974e-05
4470dab11a247884b13a382e184f7e9c4163efc3a1e6f3b88e039a756be30018.xlsx,0.9999909019353564
benign_sample_4791.xlsx,1.8754028772510538e-05
3257569f72c94618d4e5daee1ecdfc3cad9c09bd14d60b4af7a68bca199da207.xlsx,0.9996467573923106
3b9766cbc77489463dfe9a4e59dbe6ee91c7e4545da8077835adf3788cbaa875.xlsx,0.9999945109206095
a45c87d9f6e032513c699d77def4ae65baa9683b0558a511cdaadff5ea7dcf21.xlsx,0.9996789412338698
benign_sample_4523.xlsx,0.0005003262109219863
fc9ff44349863be5ae0ee1c2cea5cbee67c9a6bf250677828ee69a07741a5d0e.xlsx,0.9999999941338403
benign_sample_1450.xlsx,3.1440661843442244e-05
898844efce43b68f45d41a5db94e02ccb589fa4a805f532b3b79be2c8bdb61e6.xlsx,0.9999803503151593
benign_sample_9007.xlsx,0.0005643565355276873
benign_sample_1585.xlsx,2.917945474392633e-05
1e4e9ba2e4a50c30fe697e4bd3ea2872f60eb010945815de2b3c7867d53ded9c.xlsx,0.999999964451359
benign_sample_3398.xlsx,0.0003077590831271507
benign_sample_4205.xlsx,1.6958058293029813e-05
benign_sample_4022.xlsx,7.415237066589302e-05
benign_sample_1524.xlsx,1.8070180535694685e-05
benign_sample_8167.xlsx,0.001012777735534439
29026e93dec5fc2f04a9d0b50648a1daf00483bc7b5712edcc7724503acb780d.xlsx,0.9999999684204495
benign_sample_6984.xlsx,1.6975981421397176e-05
benign_sample_6294.xlsx,1.8004199253750525e-05
benign_sample_7255.xlsx,1.581613016534586e-05
30c8cadaa79292c713046bc4ebad5a41d2f2f8fba8ec75da9ef500332164c292.xlsx,0.9396362436129014
e7b337819ffbfd0cc64e0da0de7696a062cb134bb00e24dd761e4ce25acc958f.xlsx,0.9999573685808913
f452efa205e62261617b32b34bdedc8e17c12b1364e6fdd2b49ba4c43a90e4fa.xlsx,0.9999954675238195
cbb105e594ae0bb4ba6250fa8d2053205b8b33c18bbf0bf8c37b0284470639ac.xlsx,0.9999955173796174
65834111f1ad187cc72bfd7f2a506c929d709fa2ae9f239facf7fbb2b67a45c4.xlsx,0.9999999999999996
c665dcc3da4fdaa955841c58ce64f1a1ce6cc0cd413e4bae028cb43213e14f9f.xls,0.957970976727932
d9a0509a3236d95bb43aaaecbe8a06f33057212e63fdb918c7d251db428272da.xlsx,0.9999999936475487
f26212597dcbc66c2d994e4d12442d4a682d277583ebda155a25239646a36b47.xlsx,0.9925481452698995
936b5eb59328fe0815ee00c49052d128637cfb9ddb9787907df1a5dacb46447d.xls,0.9999862809450035
benign_sample_5613.xlsx,1.544271912683876e-05
3b9826cd510dd87596197995ecac4c4f732ac23d05f01089911d8bb8d46a190b.xls,0.9999867888695356
benign_sample_9406.xlsx,8.990517726983042e-05
benign_sample_9092.xlsx,1.702950858218682e-05
benign_sample_2337.xlsx,6.291672154278046e-05
12a446309ee681169a8443496e1948a3f1f2aab2947a20ac16eaf2dda2b6f8aa.xlsx,0.9999999998795316
benign_sample_6316.xlsx,0.004081696768565511
1b6011830557ccb4620be20ccf85fae314813470d398910c282b5ec7d5fd098b.xlsx,0.9999951658060988
6f5626f50401c843cd3d1d427ecde1cdfaef8d01b0a8f8a79c065cb1b4c6c0aa.xlsx,0.999999964451359
benign_sample_4771.xlsx,0.0022068885848126186
benign_sample_4721.xlsx,0.0006841750838187229
9b976adafd11e0fb1f672960043634677f0086bb4040f8cfce49f24de6a0527f.xlsx,0.9999999557574122
58f86a749a334b5b62e74d2845014034e373883bd9b5d3e50ff51b7044bb2d1f.xls,0.99999678560347
benign_sample_1098.xlsx,5.02229605128925e-05
8e24ef84dfbe36fdebfc8abc5a944e358ac9f1d3cf09b0e43ccab7ce007f836f.xlsx,0.9999973006554245
de39dcd434b4caa32e2f07adcf4b0905b5bf34717026b4e6434bc0e79aeec91a.xlsx,0.9999999557574122
736b9996ac70f0981648e15b0d5ba822b97b5409ab0527a51e8e7e5eea627329.xlsx,0.9999999557574122
5b10cc4cefda40754b8b0f382d03fbcd3e265069a595b2b6d2336035b494fe4d.xlsx,0.9999987399192295
422c8033a5235a0be97017c6a389c81ecf226b42903f901fbb085da263a5b575.xls,0.9999889572253554
a6339dac51baf9842dbe41d937657623569340a89aaed84dcc6653b9b906ef34.xls,0.999985459400337
benign_sample_2293.xlsx,1.7715304316857343e-05
benign_sample_202.xlsx,0.00014914257565224617
benign_sample_2734.xlsx,0.00029408377805981866
da3f3359e2448d36bdd8b0ebdf074fb608f8be4fc9d996faead58e6b6d819e67.xlsx,0.9966664415667045
6f57827db6a32245f5dfd96684284fd45fe75935db2f59d8f71a5d70bc3f9620.xls,0.9990524709748504
benign_sample_1482.xlsx,1.6975403903541363e-05
benign_sample_362.xlsx,2.0449830007435876e-05
benign_sample_9781.xlsx,2.7896521671932745e-05
benign_sample_9645.xlsx,5.702053470854282e-05
benign_sample_2990.xlsx,2.7762630958329027e-05
62583d932aab55a27114175f3e8e96944d95360a66fa17fd9cb46529e1077e84.xlsx,0.9990001290848634
benign_sample_368.xlsx,1.628537169484973e-05
b332e03ff95a2912fd2cfa4802c5aa9ae83613e44ebb6613f3aab26f2084cc2a.xlsx,0.9925481452698995
946d1b096f4c5583f56d6e66f07074fa4d2acffc1300ecf5eb6b3b2b6e2f09fc.xls,0.9999889572253554
benign_sample_1385.xlsx,1.7910240556923678e-05
benign_sample_6774.xlsx,4.073478487842043e-05
306d3eef87ccc65a6e9d2053518b21b8a79e5468161782b3336d3169c49b6330.xls,0.9999889572253554
benign_sample_1015.xlsx,0.01072766663396057
benign_sample_9106.xlsx,1.970040898482723e-05
c6a201438827608e2ac3c304b16d7ca32ec90eead04f4b6b59d1b3203b0e0ccd.xlsx,0.9436225435500608
bb7f172d1ddd8d798bbe1f2bfb56e5029f07c34b3f429416461c9bed5b0287be.xls,0.9999889572253554
benign_sample_8688.xlsx,1.8073740038130312e-05
1f7a0472872d38133ce9fef933631d5110cf076ec44f344a95bd683e73fdbdc9.xlsx,0.9999988509175156
benign_sample_250.xlsx,2.456046239276605e-05
64b3761429fd284c651f360fff34b638a9c71bd8ec708ab827349ad025a93e2f.xlsx,0.9999999941338403
43d9e9d9296ce79ca99a5ed599ea3bcec6695e21ea2c96bda7a80eb4d4ea1eba.xlsx,0.995933333836773
benign_sample_9129.xlsx,2.176830753723563e-05
298e00b48193ec036a82bed7917b862da16b24bfa06cc3d3cd666792db84912a.xls,0.7797222014133262
daba93274baa0f61bc91b8ca84f5a35a40310f56f8972822bff59fb4c53e49ba.xlsx,1.0
81e67e0c451315782bd31c63a4f25a521a2e91ede46cd7b70cf6cf5156964b8a.xls,0.9999889572253554
benign_sample_9105.xlsx,0.0031852095487377593
26e45c56c4da83c27ef8a1b89eaaed59213c27469fbf82b0e8bc13fea1e6be77.xlsx,0.9999999941338403
a6aec62b76c7e51f20016f1974b89475b7ce886a1d33a7d029a5b0af6859b786.xlsx,0.9999990082718853
benign_sample_2339.xlsx,2.0567273098597486e-05
b63ca3c43605e3073a63a2aa9f67d318711af34bc15f7680878440a871735bc2.xls,0.9993124357562942
ff5b881a7bb1e1f11ce73c2c1305eadf8a63369531f19f57b961333ab450d2ce.xlsx,0.9999999697120597
88e114af366b8b0454976af9ca788622f28cb8e719767d7bae8128a18463a9bb.xlsx,0.9999999998795316
2a03d263d4130ce4d0086b0a83d71d68682376eed3499a3d5dff5e74592e8dc8.xlsx,0.995933333836773
benign_sample_5493.xlsx,2.1741686510514025e-05
benign_sample_1031.xlsx,2.844320796783018e-05
4051f20e1877f5a72eb80a9969d9231a207fc48c982b24da2d60c5488379f86b.xlsx,0.9999999605520123
13ef663e8cd3ceb7836fa7f0c15f4e19850d0c53365b8425ae1f4262af86d8f7.xls,0.9999889572253554
90546a3e111449c78cf6bf0d4955235a4e6a1dbbd63d398df5037af4c83512ad.xlsx,1.0
benign_sample_8896.xlsx,0.0005359512002409752
3e09d65406ad330a17be1198244b0cd386025c541054c25c7ef7bb75b25f3b0d.xlsx,0.9563945865545106
39f3c234507061d2b99efe08be1b29aeb3d0a0e699c733f5460172e3681b45a8.xlsx,1.0
7b62f7bc2e4bb9ebe761c507f0b23ecd47bd606ff2f3bfdcd02e43f2115601a1.xlsx,0.9821478288024973
eb18ef6ab7614776fb05d922bc4c53681719feef254f83868899ec5a42c87378.xlsx,0.9925481452698995
4ba19a0fd53ec933e0513f6ab15a42c462bdba87e22ef85b409d05fb2fdb42fa.xls,0.9788820120321908
a1258b8b0bfec4c37e1f30b97a273ff1e1fd0db822a601bbc69fce8d51e6763e.xlsx,0.9999999670849972
9bee8d9e27b85da02e1bc27daa1df6ad81796ef84bb11d70795cdb3a648190ae.xls,0.976770039988352
benign_sample_8180.xlsx,0.00027506452286888826
cfa7cfd965ed2fc91308955c3844da35ce2f459548e9a53d697fef134c6cafc7.xlsx,0.9999954418960687
b24e61853d962948d97e9ba192b054e269fcfc10a4f1009b572b09c67f54ecad.xlsx,0.9999999999999997
7604b077744e793190b767799d7836878b7eb9f9b9c0793b98db5f521b41aa35.xlsx,0.9970031148879058
9a0a3c9d6f5b61267bdb3f5f50c20f73f347cd264213fa6442c2e8bd4f07f40c.xlsx,1.0
ab1cfc5403e7fd780f3dade25696cc27faeb1bee71ec075940c364687c539e68.xlsx,0.995933333836773
benign_sample_2060.xlsx,0.0002615199896540701
benign_sample_1621.xlsx,2.495258872858939e-05
benign_sample_3755.xlsx,7.500222947127398e-05
e7227f3b722ac8f844bcbf3efe9cd533237b8b2bcb0880ed37a9356941801ca0.xlsx,0.9941059241995988
7ba3ff06fd883370dc95558f0e88a1a9e20b2627db55d8a40598f1d8426f74db.xls,0.9962134522997926
benign_sample_8901.xlsx,3.664194481957351e-05
benign_sample_2644.xlsx,0.0027546583314756816
a8965f9974d7b1ab630d81516bb055b773b137a9987b2b9d9677eb1fea3a35aa.xls,0.9999867906727102
benign_sample_3196.xlsx,4.8263467863855936e-05
5cca6e36f5cb1cf38098159e6c7c71d4a832cb8d16a5f928bfa3abaa0a6cd96a.xls,0.9999889572253554
benign_sample_8883.xlsx,3.6293754400775105e-05
66bb069247d42bd82f7adac7b09bbb24ce7e8427c3a01e8c7133f272869a9309.xls,0.9999889572253554
benign_sample_3265.xlsx,5.044625005407681e-05
benign_sample_9968.xlsx,1.509077027967589e-05
benign_sample_1652.xlsx,3.051420660865168e-05
070948a2e045927897871ec31f109086f2c05c63c3a3fa8168fdeaef86f0b70a.xls,0.9999855897289726
a43ba8d81919079574bfe6f34f4f2933e34c08a455e579dbd74c71fa8642d4fb.xlsx,0.9999999997814064
1ffacc99fb9be6eab46c1787c78700f4d5104485f593dd0850adbde7371f1ea0.xls,0.9999862809450035
ad4e7c52c03e9f28ec7f215d7f9982df69e070e675d5737cbd8ea412ba3f9eaa.xlsx,0.9999963429048185
benign_sample_1118.xlsx,4.224972366677886e-05
benign_sample_560.xlsx,2.034831236072167e-05
benign_sample_8899.xlsx,0.00021150906743197347
9cd60706e1381a4262579aff60f39f01b85bb56e67530df026682d0857bc02e8.xls,0.9999863895520815
6c82526ec08f3125905310f477511c07f0e9c048ccbe03147384b0c1821b425e.xlsx,0.9999908881099094
8f94c141dc0dc738cc41a72b942d9a26f3a5a790db1806d3ca32555b7a2e7cb6.xls,0.9999865960174247
76754176d1c4b97ca52926a100c5873b4565b3a1768064caa3c60e5140c5b541.xls,0.9999889572253554
benign_sample_1325.xlsx,3.43691500108799e-05
benign_sample_7065.xlsx,0.00017272485270649772
benign_sample_7313.xlsx,6.184437067230111e-05
b0262f17d19b567b3c443ab9c47d0809f5616bdfc3497558cc12ae4c93e45f75.xlsx,0.9999954590796477
caa12722e0580d234e7ae0d8c9e89790425f726d49efefbb2bf3b6d38ad3c845.xls,0.9179413550402072
6095384f9d7a3ca3b485917dfba9a6aa78d0997b8cb0f9235d4063277ec75d0b.xlsx,0.995933333836773
benign_sample_2016.xlsx,0.0015047333156822326
82f33ea50cb9e7a94629ea43a9734349f09c558ec89cb0367d20ab8f2a557e70.xlsx,0.9999999997814064
benign_sample_9156.xlsx,0.00042076495310759985
benign_sample_7326.xlsx,7.915334059515916e-05
bb6c7399be59d4e7bebf4d8a2ce161c090370737b0a9a5a227f41fb5720b1075.xlsx,0.9999908826584963
70975a59f56583a5a079a5aede8b879c6773f9b7b46234b51d803682f6b521b5.xls,0.9999889572253554
15419c03f26487cd75d625431aa191223f3c329d38268bd8faa7dafe1ec0c0e9.xlsx,0.9999966814586724
36fe7f3ea1ccb47164873176f9504f3b818bb3c271dcf1933f6db16e67f584f0.xlsx,0.9999999936475487
benign_sample_285.xlsx,7.990880369744278e-05
benign_sample_7470.xlsx,0.00012266488323848406
89faafa9259c349d32e180e3f55e075cb2cc9db8a77a7870264f226728d8078b.xlsx,0.9999999949164368
benign_sample_9419.xlsx,4.191142367308971e-05
5eecb36625287f42782d5817667119e77d4f30191701232f0cc131e18dc72447.xls,0.9986488469198567
benign_sample_181.xlsx,4.177067303717984e-05
84e45dd4963b4f30230e5a5d6b815e9a5911da7a233cf7d9eaba1dc53239afde.xls,0.9999889572253554
benign_sample_5418.xlsx,3.257577287805711e-05
benign_sample_4625.xlsx,0.02017124352596481
9c5239b953967a2a52a81e8978a6dd98cf5d9b736153cd1195a5761e294990bf.xlsx,0.9999999612938351
benign_sample_1587.xlsx,2.0311296282937413e-05
cd10d5e466a124f99ef5e5e163efca6eecfa162c675bd9baf03290d83c119eaf.xlsx,0.9999999997814064
benign_sample_9153.xlsx,0.00011974367224980222
32d2624cdcc7f65e01fb0e39af7438a61422a80e2045a0329a4c854282e190d1.xls,0.9959933977298957
benign_sample_313.xlsx,0.00014649230334578707
bdfc44661d3f95912ce66a9c1592267e061079e233ef53294c55361374009b78.xlsx,0.9999999957241017
benign_sample_7319.xlsx,6.327340331673365e-05
benign_sample_8985.xlsx,1.7714509999790524e-05
benign_sample_1953.xlsx,1.9294953916896115e-05
benign_sample_1873.xlsx,1.9563148513901903e-05
eea2d94f35c02cc7cc06850ded8941da80d7859810a28c9008945ea0bdf4ea17.xls,0.9999852567673798
benign_sample_1090.xlsx,0.0002538147513347634
benign_sample_7805.xlsx,2.463721109760359e-05
9f7c274599a46def44f08132a0b099e8edf105fb7d4e63e7d363611db04c7fe3.xlsx,0.9942329805407195
89136b644b6aa4c447540dd585039676d3308c0a434bc3f72322a45bc35df7ac.xlsx,0.9999999808001553
benign_sample_8161.xlsx,2.7724459471132197e-05
748198d7d1847c3fb691a03d6d60f179e42767e60f6a14fd0e901b4cd33ddb40.xlsx,0.9999976183054753
191b06be81a8308c2319936c32c856ab2472aad12b04846d956dee84e6062c43.xlsx,0.9798282309921014
benign_sample_9187.xlsx,0.00032069437259156156
benign_sample_2641.xlsx,4.651871486514345e-05
403ea0ffa49801f12ab33712b259a5e83a983ec8a720488d367ad249102fc55a.xlsx,0.9999999941338403
benign_sample_3564.xlsx,3.123271234689732e-05
benign_sample_8673.xlsx,6.50140040664108e-05
benign_sample_9448.xlsx,4.149558898425643e-05
benign_sample_5302.xlsx,0.0013168903837808626
a80b28e9a0baaf81593bec227b11cdabbbbd9027f2284d7f2443865dfe35ccf3.xls,0.9999865800886484
benign_sample_9326.xlsx,1.8608505669493934e-05
benign_sample_5284.xlsx,2.191218125821802e-05
benign_sample_8785.xlsx,0.0030075361992233534
65cb61155f04597306d3d063ed292605790a5dca2c616422756b23ef4d5c18df.xlsx,0.9998058014491357
benign_sample_3550.xlsx,1.6069244124270456e-05
28ff572486d4a7c913af335b8b833ee0568471a60feded00f03e12eeaf572b9a.xlsx,0.9999934815899523
benign_sample_5098.xlsx,2.0681457714445356e-05
2e0e484a6cece64e553b8d33414624fc902821525426ca133afaff4097eb2f01.xlsx,0.9266666666666667
d2313fb5dc59b5b45829d0d03e639019c9ca7a62b5ba1da2b37b3b68fa40b16b.xlsx,0.9999999941338403
f80692383f6fba6f32a8e4dde5ddbce84566d9ff721442f56ea4412418f51143.xlsx,0.9999954410403507
benign_sample_4675.xlsx,0.004208618216325889
benign_sample_9857.xlsx,0.11663431858241895
f3c4f3a457aee9eca182765209dc31ba24f175e98141bafc7af8fa5ffb4b5b0a.xlsx,0.9999992062197318
benign_sample_2916.xlsx,0.0004908548868546647
benign_sample_5320.xlsx,0.0002577717662129569
benign_sample_2652.xlsx,0.0001927171555235811
6a531cc744b720dc6870de00878d844d31a78eebe6397ef2dc5e9c7b4d36343b.xlsx,0.9999759170820802
benign_sample_7982.xlsx,1.6007015009126613e-05
benign_sample_5229.xlsx,1.7640564066815443e-05
benign_sample_4284.xlsx,0.0017986701736139043
4eb5fa0ab402c1b504ba162dc43610ea99e18130dbcd4d4401607eb504cf7d8c.xls,0.9999863895520815
benign_sample_2891.xlsx,0.00017334013698855694
benign_sample_8977.xlsx,1.7324930940481206e-05
c6d6bc5dba95780ed98a73ffcbea2df5c7e3b06f526b60874f23f73d66526529.xls,0.9998395622317262
a0f20851af1e498c93e1c6d7dccd52259299868b99a0da71053728a1c0c5eecf.xlsx,0.9996467573923106
benign_sample_1854.xlsx,0.0020892218820524745
benign_sample_693.xlsx,2.1330413088086867e-05
benign_sample_4343.xlsx,5.8145109701535426e-05
benign_sample_1684.xlsx,0.00017386899481471223
benign_sample_8448.xlsx,1.6589835959979472e-05
bb8cbe77bdbbbb89309dff56683e9b1c3a29029fd9ec5dd8ded0d42b9bd088ca.xlsx,0.9999999948510103
895a4108d97a93c60f7250ad14d7b34aea78f61c9217cebfd038cb2399ff41a5.xlsx,0.9998578354140704
c39f91a8977ba402a6aa138a95855e72180c93b417531f9f2de740f306489c02.xlsx,0.9949999805148999
449f36bd3dc522e4bf4a150b7d5e99d945bfe2e11ddb7607f14d9e749342cd88.xlsx,0.9335193345947913
e4104b41a58f80f29e3831c470cbdf2bd4570c79e75ba7759e9cdc85b2622faf.xls,0.9999889572253554
b82f15b6da7b303484eff04a7483030e22fbe5e047f081378d2ce299c1e95cf5.xls,0.99999951183989
aa61a9a07dc9f68d249523ef850069aa2a6f17cb86ae9fec93787b96e1d49f94.xls,0.9999852567673798
benign_sample_2781.xlsx,2.3681538577098086e-05
benign_sample_7991.xlsx,0.0008380545051158805
b016f4cb3b5400ab7b12a7923fba1ccc4ef5d81b3f53cc927c8aaec0477d4915.xlsx,0.9999952284772737
benign_sample_2273.xlsx,2.137967783576581e-05
benign_sample_4217.xlsx,0.0001596229024828825
bf54f24559da24d967add736bde7d3a79b31ff12a12807cb579b6936ec14a43e.xlsx,0.9999830723828117
benign_sample_171.xlsx,0.000105879620495005
87427caf87ea644d2567c42ca2a3f00a61fd30c7e4d7d1c8a8a47c7ea9d4618f.xlsx,0.9999999684204495
benign_sample_4850.xlsx,0.00032170806614220063
benign_sample_1366.xlsx,3.985817354653964e-05
benign_sample_3880.xlsx,1.661399635469108e-05
benign_sample_5656.xlsx,0.05043791398955486
2ff902a2abc85422a5b3b6a6f23507e6f2b165e194a764b4fd5e803673c553e4.xlsx,0.9999999605520123
f330b6d58c8d31dd3a5aaa76b87867d05cc7588b64d6f0d007b60200336d5e5b.xlsx,0.9999995538048894
benign_sample_699.xlsx,3.221064029785238e-05
benign_sample_3093.xlsx,0.00013662645590483056
7fc92b01e57913a930fe5ab4162f1ec452ac3fc16a5fce475026cae6d2be967c.xlsx,0.9999987360193429
60451d46a70e04009db673b5992989da0e95ef7aec35edca991d4203e6beafbd.xlsx,0.9999999974365212
e41862e6cf7c3206fe699b624046c6d3f7ecd59fce0ddca1aadcc87b30545949.xls,0.9705518198890809
18f77b66a1833a653b61c6223094aa43ddd3abbb87d607f7ac4668769d1ae6d4.xlsx,0.995933333836773
6cf0a44011ec1e1a891d7d06357c4687634e42d65a3eecfe9180e608b5d6e150.xls,0.9999733351235277
1c1ce1ffea00778cc643c4822fa43aca1238aac2a1ac4b8c90c641597f8c9778.xlsx,0.9999999948510103
benign_sample_5178.xlsx,0.15966000746398315
a264759876e38a6afd6a3f05e9615cb4b67b886d82a5214cc39a68fe7ccf2041.xlsx,0.9999999936475487
benign_sample_248.xlsx,1.808825890018416e-05
benign_sample_7691.xlsx,0.00021473705506783747
benign_sample_2518.xlsx,3.426295359584003e-05
benign_sample_9871.xlsx,3.367904664922404e-05
0b801f372647dee83d3d425117fd5c9ee08bc4cfeba9e7d742b89402bc251e0b.xlsx,0.9564940403063921
491daf6f08a73818f42cf275b0d5010133a404a41c41149fe50c7e54e9913d49.xls,0.9999992140077832
edf0a93ca7fb01bbca4e57b512a8d3fe0a2565b540e98f066ff210b4a3617752.xlsx,0.9999999670849972
benign_sample_9121.xlsx,0.011658525277925207
benign_sample_7259.xlsx,1.6751572588667255e-05
2a43fc795ad3dc800f0c17ececceb6bb21e4f13a6252c244d80a51d8c8ee7fed.xlsx,0.9999999612938351
aea5c19d9b457ac0e7719674abb2a60343dc5720353fb8e907dd928f083a2887.xlsx,0.9999999999999997
481b03e6597c6d610d6f59b51efbe23940c223ab7a48846780e71a61c4984e7c.xls,0.999986262081397
benign_sample_5883.xlsx,3.1302269571589836e-05
9dbcb5d25f2bd2c0b59a50fab75f690484e435f7ade6d1a0d006e1b1d2cd76b8.xls,0.999986721806945
benign_sample_3846.xlsx,1.835021534196477e-05
benign_sample_9008.xlsx,0.09968259169793535
benign_sample_5056.xlsx,0.00285293540586431
benign_sample_936.xlsx,0.0013943650712684979
benign_sample_400.xlsx,3.327577853828869e-05
2934819ea02a467143d0283016ab673d8786a891fd2ae9f107d875915d0dd393.xlsx,0.9999999612938351
benign_sample_6221.xlsx,0.00021849978443172656
benign_sample_1234.xlsx,2.7704925712462134e-05
benign_sample_2535.xlsx,1.6826367319541518e-05
benign_sample_2942.xlsx,0.0008112291991999497
benign_sample_5237.xlsx,0.00017762124109540242
f77730edfa944e5bbd92e6ebcc546c52b1ddc9a017bff31b21d9e80867904aae.xlsx,0.9999999957241017
e9c7b0d2f750e508317b3c684c371afab2ee15863fca4cb6b641cce516a21bf6.xls,0.9999889572253554
benign_sample_1578.xlsx,1.6813298655841207e-05
8dd64d94a7a8cf3baeea3771e0d98e0bb5eacba20b3fb0adde388557e98f80df.xlsx,0.995933333836773
benign_sample_7660.xlsx,3.3437623266932184e-05
benign_sample_1166.xlsx,0.0004473921092160562
fa91ce23ced7e651774b98c9806caec1229dc23bec174f1c8510dbc3d01ec68a.xls,0.9999889572253554
01c9617d2133ff705605d8dd0100dcf190eb75827573f5965a72712aa1f684e9.xls,0.9751620466015875
benign_sample_508.xlsx,1.578538660654859e-05
a0a6e55d2714273e7c3866776a187cc320e9bfa5086632fc12ed94db2efbfc3d.xlsx,0.9540010420589221
929f7c7759cc5b6124f593d8dca044abe647117944d0ff24851091974d047148.xlsx,0.9999999684204495
af28e4432f1add5fb061c254d7b83379d26a9f2a5c6019cc4b477a7ac63973f4.xlsx,0.9999999670849972
benign_sample_1689.xlsx,1.6326952662760218e-05
f956eb99a85687d94c87450a30a746ee318e9f616556f0831bf1540811c07015.xls,0.9999863895520815
benign_sample_4052.xlsx,7.607709383465102e-05
66f5a05e98200743eb34cad5877b89dd359fbc2c8f4ced8da536851e0ac44689.xlsx,0.9637318129665132
benign_sample_4224.xlsx,0.00015942353554083657
benign_sample_4998.xlsx,3.4393935290031086e-05
benign_sample_3515.xlsx,0.00022349875442810683
benign_sample_8739.xlsx,0.007757431553359913
benign_sample_1044.xlsx,0.0004136356142469152
cea6beb494a68c8b6e78a5a36fe7838bffb8bcb3f3be9896f6cfd63c49baaffb.xlsx,0.9977952871152258
d29886a0012a831700669d9d3f641e58bbccb0cee28a44617493815b6aa9e10c.xlsx,0.9999998260118211
a0c6f843f2a5ddd80c0c5c086d4fa6f6bc9e47ea14d0a0e3ed62c5aefc3b9611.xlsx,0.9999974935288525
0cbdf14c5c78e6e3fac9a8816f27f65fd01b0cc65c7d8d24b4bd387e84ce1997.xls,0.9999889572253554
benign_sample_3902.xlsx,0.019988241229168837
benign_sample_682.xlsx,0.09720080745564029
97901fc2f64767b5331def1989b93662ebed3cd4b373d7702a88658a11cde10c.xlsx,0.995933333836773
benign_sample_6080.xlsx,0.00010068005639930755
benign_sample_3159.xlsx,0.011737629856898248
benign_sample_7652.xlsx,2.019902685563484e-05
benign_sample_8878.xlsx,0.016710311987153618
benign_sample_6658.xlsx,1.5943207559018475e-05
benign_sample_9784.xlsx,2.18210315364257e-05
5ea36be2a4294eb7e7af50fd0220da1cfc41909922d54501b18df38b2984e07b.xls,0.9999889572253554
58a20563c578bb4e91d4aa20dcd8f7630dd132844069802d534b53c2ecce989b.xls,0.9522277958152859
461556ef2376a6a8ff6ab44a16ae6b1c27721ecefff526a38e9ea451f9551eba.xls,0.9999889572253554
a53ecc03d9c9f395975b0745068a457764f8b0c94898c6666f13c7a60b7e0c35.xlsx,0.999999997060776
benign_sample_8675.xlsx,4.674015192192226e-05
benign_sample_5902.xlsx,2.378040908047336e-05
66f795cdcf35dd19d89806d2c75a93c0c6f9f9658c53d3cb78b55387ae548a98.xls,0.9999889572253554
004f5688495cdcf298db20f6e241d90cc4822c827bbc3a606b4f694c5964d21c.xlsx,0.9999999684204495
benign_sample_1832.xlsx,0.03258483622158177
benign_sample_4903.xlsx,0.0001321081272356356
bcca714cf0fd557df4c0900fb3c4804210ed3b70f8c6ad2407b9d7fd6d7c105a.xls,0.9999863895520815
benign_sample_5870.xlsx,1.9845823108899396e-05
ba5c572ac6de3206812ccaf5fd177c1c4e21e09b15122416987ec5d1202e3d8f.xlsx,0.9999999684204495
benign_sample_2081.xlsx,1.8905877105362196e-05
benign_sample_9831.xlsx,0.00012100615446131303
benign_sample_2422.xlsx,2.4320716558351874e-05
d4053dd5e65d83ffddb054a89aa08ba986623e6337f1b20683e89987959fa53c.xlsx,0.9999999999999997
benign_sample_3094.xlsx,2.846810604334411e-05
2b32f6ada2947da4bf5b17543971fb26fd3e0353734ef9270351dfe142fd1d72.xls,0.9960923921581024
benign_sample_8917.xlsx,0.009699294165028637
852e3f282f98fe623c31d24402bcf31c42b0c1d2e9c35e40057229adc676b0a8.xls,0.9999889572253554
benign_sample_568.xlsx,7.993051306765346e-05
5bff66f0f299be4365dd4afa244ae1a7432c87db04ebcabdd5b8cf166346113d.xlsx,1.0
75967ad4465dae290c85739550b34a26fc2d372b4a863ba7ebc8dfb4553d0e7b.xlsx,0.99999096795389
benign_sample_5836.xlsx,2.936042286586871e-05
benign_sample_7834.xlsx,2.6932404643918384e-05
1fe51e9009f5fdd642fe2977e9a3237b65e2b18795c990dab0ce4cffbd9975a2.xls,0.9999990031766224
4cb6d86ed259fa5657ae201e53d409ae6c86195ea4b5479146ead3319df0d4ab.xlsx,0.9999999739714127
benign_sample_4391.xlsx,2.0877522088083456e-05
benign_sample_9896.xlsx,7.691173269760465e-05
benign_sample_7296.xlsx,0.009889807064476485
8aed942baf1f581a31e9533622b6779a919de5efca0a72e817fefe88f5abc61f.xlsx,0.9999942545988879
e4c881e2b38d82e81bc69172c5f033f093768d16fc75f7b5c2709b3318eee453.xlsx,0.9999999739714127
4128d12b9faaaf459d9801c094215bb6116e4640e2dcebfad5c7a9c1a5f94f27.xlsx,0.9925481452698995
c04d207a2b224add2542bb43ef4eb512b1bb4375032a9ae515504855b763c443.xlsx,0.9999999997814064
benign_sample_6904.xlsx,1.7480525020806658e-05
benign_sample_9822.xlsx,2.7983085624176186e-05
de7f22fee6bd4f3b43bf2da847eaf03f62665fccdf1e526366303b49cccc927a.xls,0.9999967783939532
8c1e1085f19f0d1b82b8e4cac1bf12369e583fd6a5089c94c56cf34c01b32e97.xlsx,0.9999973261691314
benign_sample_6744.xlsx,2.173939199576441e-05
benign_sample_8520.xlsx,4.644475535177015e-05
benign_sample_7101.xlsx,0.0003310745227542259
2c2541a989fdcf88ca794952ef433f7cdf5131b6ed87cb72f52269d0574fa718.xlsx,0.9999999941338403
benign_sample_9184.xlsx,1.6783981676898108e-05
de60408c7eb1c3c75184b25f794c9353b1bad910260f12c3866285956cddb93d.xls,0.9999852567673798
benign_sample_8586.xlsx,5.603784640868529e-05
benign_sample_5332.xlsx,0.0027439100289986303
74f8ba1b776f4947d4dabf6ecc2c3ba511f208edf0bdd6eb7ba1f4a0581a2bae.xlsx,0.9999999997814064
8dce8e9a7d1fa8201234dcb2e2a58952673fd0eb45db2c2c207764ec9d95e638.xlsx,0.9999999697120597
62345de7d2596fce6a6ad64440972924219d8e189d1c9e709359fe8d1f2c1c4d.xlsx,0.995933333836773
fe017705d35cefdee2a98d7c319f62c6f44e47614d4548784832788517e2bc90.xlsx,0.9999741256732823
442dab31200aa94c1e53b396e8c5c356b2fad2385ebee26402507891dc7af5bb.xlsx,1.0
14c8a6301eecdf81c86c943ec60004581163d093e32ff6acefc2d600b5064a81.xlsx,0.9998058014491357
benign_sample_1008.xlsx,6.0089153834544556e-05
benign_sample_9367.xlsx,0.00025616074766782887
benign_sample_4987.xlsx,0.004840109734835377
benign_sample_6728.xlsx,0.012502635010930995
benign_sample_6674.xlsx,2.1556440649419722e-05
benign_sample_4025.xlsx,2.3969882901136384e-05
a61ddf6f8fdef51558aeaca965d0bbec515e02951c27a3ab093e2f81f6e690de.xlsx,0.9999987466327679
benign_sample_6754.xlsx,2.1272153434111783e-05
benign_sample_7448.xlsx,0.00013684830158074322
benign_sample_151.xlsx,1.5920716058954742e-05
benign_sample_1337.xlsx,0.0005983069804542455
04f6d19f6e3d2ceda78a185519b00e3af6cb471134949c69273ab02b31c24d28.xlsx,0.9996787716840974
benign_sample_9441.xlsx,1.5938732547755256e-05
89cf7b4f78b7b9595fa5aad970ee112c05eaa146ad5a97ef3fec346265b5d84a.xlsx,0.9941059241995988
a4280a8378cb539b9011c042b87abd2939a372f3775c60a582d5c12c40746539.xlsx,0.9997673421993732
4e2189f1939dbbaa4f61ef0dd059b2ecaa031635936a2e500b908c3c7d2565b7.xlsx,0.9999816004894159
60c25a5867273c0dd739df5c10f6807d4fbfeb7db9b8ffeb4aac58a2da169010.xlsx,0.9971829097248018
benign_sample_7502.xlsx,3.00041018449725e-05
9f0b13ca40e9225935bebda3e7af648ed54fa22dbb4fbe16445266767a5e1930.xlsx,0.995933333836773
benign_sample_660.xlsx,2.8032961498892645e-05
benign_sample_4934.xlsx,7.42567714282374e-05
benign_sample_9197.xlsx,2.3015839602438646e-05
a188cff178cb2e136820b559d2eb045e346d1b3b2b8e9a8b2e614fae986c0186.xls,0.999986262081397
099f39609d840cb815eb282110dd40dc56aaf49530c0aa7e50b3686b90c492b0.xlsx,1.0
benign_sample_3266.xlsx,1.870735638423561e-05
benign_sample_4266.xlsx,0.0008005069066403351
benign_sample_4733.xlsx,1.572433098920025e-05
benign_sample_9895.xlsx,6.432241731378663e-05
benign_sample_5403.xlsx,8.798130178783941e-05
benign_sample_877.xlsx,0.0013839862172466092
3cf157e6a20d23136058acb3f231e59edb0b5d298357a85672cf5322815fc6d0.xls,0.9999889572253554
37be5f16879c547b43eae72f5919c0c1ddfb41aa67a631d08b3628823ed44616.xlsx,0.999999964451359
benign_sample_3671.xlsx,1.834845123081216e-05
6aeaa1a278f9c34e15cd5122f239fa1d04df4a53212465f71b6809f512563a6e.xlsx,0.9999999941338403
benign_sample_113.xlsx,1.978985512836871e-05
benign_sample_5459.xlsx,1.7573616811843784e-05
45cc5c6bb3ca5cd25fdd735c23a17a98c3f9b4d38ad70cbea3c1c2919ad7243b.xlsx,0.9416364787715431
1138a7fc679ea8484ba6d386c34bdf28cb184228e9b29d3d384daefac1e0e2f4.xlsx,0.9999995506812542
benign_sample_4317.xlsx,0.009383189634637532
benign_sample_9066.xlsx,1.6242175160893553e-05
49e3184aa755f70b8a484163eac18c14ee769e16eb1d7b749bef3b00ced64126.xlsx,0.9975654991334776
b33509ed5c7c97e92392858b83fe208ff79632ae096444e9f81967cfbf2e4973.xlsx,0.9559098869523219
benign_sample_746.xlsx,5.644385723667503e-05
ef31f9dace89943592640f69d7537821f60c83881e0a1a593dcb30bdce396437.xlsx,0.9999999612938351
benign_sample_5450.xlsx,1.6656863708756718e-05
benign_sample_7728.xlsx,1.6498484012324954e-05
8678216ccb71d2a9a7c1aa5199daa35250880bd3418a4705e58c37f036e8008c.xlsx,0.9999999991339733
benign_sample_6167.xlsx,5.571920439477002e-05
320542501b09c08573d17e41592475b752a4add015da2ebb428fd926e94d64a4.xls,0.9999889572253554
benign_sample_7059.xlsx,8.513122364439074e-05
7f706c53e6a11ca4527506d2ddfb7eb9098c6f5b33d6ffe4d26b22b8e37ec35d.xlsx,0.9999999612938351
128f6a72de574b87f0371942fb8483185ac96a6c601d88a99f8fd017bc4b182d.xlsx,0.9990393868048063
benign_sample_5791.xlsx,4.3993451769286033e-05
803ce4f70c44a253b60ef95fca667dfcd02ba3c619689d371126f4a071566cff.xls,0.9999889572253554
benign_sample_2481.xlsx,2.4254412758512684e-05
d6c5b985f9ce201325c0e800d83e0200468c8f1a3607292d3fb4cb474159ca73.xls,0.9999867888695356
benign_sample_1798.xlsx,1.6029637211673253e-05
benign_sample_7022.xlsx,1.9400787202011937e-05
3b42c27be13b8ac6bc5533315c7f2fdcdab0e6a95d4693fa3fe6ba64286ed162.xlsx,0.9999869470362547
benign_sample_7521.xlsx,2.176294908208499e-05
benign_sample_3679.xlsx,4.9864618943873126e-05
72c36881f8f23b0382e57430598f9ad2d4e59f0acf50f9db802d805725c6a620.xlsx,0.9942295649221821
benign_sample_9332.xlsx,0.00010411913437879592
1cea11e60bce272e08ef8906924229cc33ba41dc2903ca2c397eb0ca70d85196.xlsx,0.9999999999999996
d1d4c6bb598dcb01f7c666e9f8ad291ea1ff632f1ac4d51661d1d6b63cb1add8.xlsx,0.9999987449630123
bbe2febe8b6653583c2f5a6d690349616c3046a85277be3597b3c3510592a1ec.xlsx,0.9794908108105962
benign_sample_2749.xlsx,0.00021898762404639827
17313e70d5ecec5827f4d24f992a3f493b01537f1bfb656b343b5643f067692d.xlsx,0.9999999999999996
ce7c83cb5a6a6f2b0e0047bb82fcb84833b4dcdbb8a2fa9a113f66c342a9ac0b.xls,0.9999889572253554
benign_sample_2242.xlsx,0.026439307260211858
911ccfc54c2b64c4c8eb33d761cef2fc4fc6fd36417a390efc7eefd5725a2b47.xlsx,0.9999987447671508
51e45bfca3549bea93201a9a9304b9530d6111b648ec0e747edbe017dc298337.xlsx,0.9999998754089404
benign_sample_4262.xlsx,1.574374693667596e-05
81574070b47944ba4904a6e419a25eb1825a3a6cba5b8be896f0144e11802d31.xls,0.9568764679179501
127c178f1858c77827d49473c0c9f770421d74ffcf8eae31b4ecb28819da241d.xlsx,0.9999999936475487
0227345a5258dafde5b0e7c4d60b5de52d46dfac924d5bace3ff7b50520fea10.xlsx,0.9999973044438991
b496d4beb5df3df3367486df2bda1526bbb0520e43f85b498035b7321e7b023c.xlsx,0.9999996494319164
4b12165202c36daa91fba41332691ff1b3abc12c204d3c1fc93cb60435d0757e.xlsx,0.9999998871547607
66973ca370427cd57af1604e53f58ebfccadcc5d9732ba701bae79f53b1ee0fa.xlsx,0.9999999997814064
benign_sample_825.xlsx,0.0010613868710072792
benign_sample_1755.xlsx,0.004367322594333538
7c043b41b1a5348fc82f5ee68008ebc972d4d0933d68d7dd6f97e525dd97a160.xlsx,0.9999909207957957
6805b0c9e2e584eee9b6fdbf6007a313df10e74b598fdaa78b77c1897173f6a0.xlsx,0.9999909019353564
a982be5d6aa04f90f242755aaba352a61cb273909dc1b9c4298b8200cd4d18f1.xlsx,0.9999999612938351
cfe9d06c8d7c70f5ff5bd5733e08c3004a2fd6fa3ff453957531c64c5a4bb600.xlsx,0.9999999997814064
benign_sample_8569.xlsx,2.972614630199249e-05
benign_sample_5464.xlsx,4.708772301124415e-05
b754ad1ef322216e4d6b2799b9aa0b38450e02ce3cedb67f6448551aa88c31fc.xlsx,0.9992587681174966
benign_sample_3055.xlsx,2.7639715184616235e-05
e17b0a8b5f1541f056e8a8cedc7ec75094331f9ac34d0dc05fe7f98040d5e771.xlsx,0.9990236630275998
benign_sample_1414.xlsx,1.9657044026609854e-05
benign_sample_63.xlsx,1.6047182330887643e-05
benign_sample_8695.xlsx,3.0955160593464814e-05
2e136f6d0bb1579550469d9a69f35ea9823a8679100f921095811bae02e2bda7.xlsx,0.9999909675470646
7e21c81361885e724f562f190874cdb837c42b8eecd9d86a03e890bee07e99fc.xlsx,0.9999999997470769
ce02e41808b365f48b114eaf5535228642153bf451052ff09882218831e176f1.xlsx,0.9998058014491357
benign_sample_1391.xlsx,3.073776217427765e-05
benign_sample_7928.xlsx,1.6627366418782826e-05
880c22b8035e9d350391e7beab74ec1401753f1456919f9110de2c12960616b9.xlsx,0.9999999998795316
benign_sample_2574.xlsx,4.092364602543251e-05
benign_sample_1408.xlsx,0.00014380992495034633
2a4fb0b86a5d54d2793e61ec31487a7a1ca4219deedcf203a7fb1de45debf8d3.xlsx,0.9996190074605744
benign_sample_3469.xlsx,0.00035018643588169326
benign_sample_3826.xlsx,4.304822691009245e-05
benign_sample_9777.xlsx,0.00018551880582820136
26f9aaa2e4d35297f4ac1a63ddbfdaf98f5dd50d976562c1ba7650633cf7d40e.xlsx,0.9999999612938351
26f7319aee009def85a6cdf90b3df5f8de80b4c49e5847e84649de8f6a389e90.xls,0.9999889572253554
benign_sample_7221.xlsx,0.005322427844714893
fa9bdfd412f988bc42edeb0ac7e37e03077efc4877208514e375e391630cefa9.xlsx,0.9999999998795316
cff8e3dd7dd27e58e8b67ffbaed058d6b849d6d8288031e17be09d9ca2555df1.xlsx,0.9999998903928594
benign_sample_73.xlsx,0.008062169966890778
e4802c658aa0c2b373c710de33c0aaa4748e77cc6a981b04defbbd11f0ef7841.xlsx,0.6425133086456957
120a2308578a1643876c5e862b82c44d0a0b643457decef896b385965a2704f2.xlsx,0.9999992140077832
9cf78a8d22aa9d6e1039680ec38959e61f76400d9516edcf16f7d02bbb69b43c.xls,0.9999889572253554
6074db91aa92c0b910a3790aa4cccc59e2e174f7c6b782a7bef9d7bde7b272fc.xlsx,0.9999999224102324
dfc624a9477d16307743417f8004f0c8c50788b365cc92421dba59e7a41cb826.xlsx,0.9999999739714127
benign_sample_384.xlsx,1.934055486566049e-05
benign_sample_2713.xlsx,2.03782791641481e-05
benign_sample_7293.xlsx,1.648131882294217e-05
benign_sample_71.xlsx,2.6724615533738776e-05
b895a0bdf324ebc778976ea8024cb8069043acbc2d0cfd7b994820177f3eb011.xls,0.9999889572253554
benign_sample_3314.xlsx,5.477584079143429e-05
95b7c86e3bd63fdec0e7261c0c215ff6776aebe34e797f08c7715849a6b6cbe0.xlsx,0.9989035755725372
benign_sample_9934.xlsx,1.775309447757601e-05
benign_sample_2190.xlsx,9.200321921991328e-05
benign_sample_5492.xlsx,4.19183774028767e-05
benign_sample_5582.xlsx,0.0361819797283491
benign_sample_1143.xlsx,0.00038369458802200827
benign_sample_3697.xlsx,1.5972210633146984e-05
41d4baaa5dc08a1833322188545f86f4c3924cacce6c4fba9113826075cfb739.xlsx,0.9999999999999997
benign_sample_1979.xlsx,1.585411101560905e-05
f2986d0e81cf57ed16bfe0afc22d0fc9bdce099de39854ffd76e1c0e8a16f106.xlsx,0.9654802540990394
benign_sample_8644.xlsx,3.6839202446656746e-05
benign_sample_2980.xlsx,3.309009008984543e-05
benign_sample_3637.xlsx,0.0009708863433086339
5f1c9ea3af80c563de5f8c633e805f1ee2e9ee34e4df53d068adcb15b9e6c1eb.xlsx,0.9977145028138822
benign_sample_7662.xlsx,0.0007362348671444684
benign_sample_5385.xlsx,0.00010666280555719197
76a9b55ca756ae574a90394bd66f3aa9bda5a18e809b4d640e1d11546f25928d.xlsx,1.0
66c0244268aed3dd88c77036aaf016dbde6c55d221d4038e000e96a3d2f55a24.xlsx,0.9999999941338403
c9e5b1a39498728010a331f84ef9394f4ff0a305170ca2f49654369d1bbe1ba0.xls,0.9999997739762146
benign_sample_1041.xlsx,0.011858036474518267
92bab194eb8d9e8189b184caef04bfc4e8b375ec095cd027d94a5fec73747e53.xlsx,0.999999918485551
48a2ff25f54956ba3950af5bffa9dee531f4d018d566c76b64bdf8e5a4450084.xls,0.9999889572253554
90ef0701b1b0b9095c424824b6e2b5dc99ac784dacdeeeb40c0c6a4583933a0d.xls,0.9999853259069006
benign_sample_3070.xlsx,0.00021220726428361033
a788314bf7b7f1e234b289191e57fbeb65bef0020b031df3fa24683662ea795d.xlsx,0.9998590529185134
4cce78237c2dd903e6f277f50753aeb2f63e1f856722b5a379a81e306af3ae71.xlsx,1.0
056a0674dcd3e484e91d4e3710c873d6f992982516c33c2b05062aa9f3763623.xlsx,0.9999909019353564
11cc2099d5aa0ac5a10f26f50e346a5bac80efc4d54de5f89d5174f70808eb82.xls,0.9999852658070583
4e390b0b63aae266fa62477a27244868c228951a7fe6aaf47e3f0d0413b30817.xlsx,1.0
benign_sample_7157.xlsx,2.7579518819691762e-05
ac452bae3c35387ec4267417ca44bccfe2d05dd5f7003d9866ed4b3221b867eb.xlsx,0.999999964451359
b6aaaa15f119789a172e4ee53ce345b83dddc923d73ee7ab39d85e7808a83c22.xls,0.9999889572253554
8168f6d79d5162697bfc4cd9f2afa8d08119f01af170cb44979d03d858020da1.xlsx,0.9816009533855166
11f3fdb3c65e733d8714a86529808e92d008bac4d11050a9c07ef7b24f0a519a.xlsx,0.9999999684204495
benign_sample_5797.xlsx,0.0002199177092592659
benign_sample_2214.xlsx,1.696714044836207e-05
benign_sample_7373.xlsx,2.048205458516344e-05
b65ce6b208beb6175389222df3b586abd597683d8da19a6b046e35ccaf425c51.xlsx,0.9990236630275998
benign_sample_9545.xlsx,0.12932413298708978
e2ebaad145df4175ea7d8a9f17af28fc46708f8757f934fe8208f386431d1551.xls,0.9999889572253554
benign_sample_7701.xlsx,0.0005707251122376675
benign_sample_6261.xlsx,0.0012904269676841994
benign_sample_3629.xlsx,0.00037922346751171704
benign_sample_7328.xlsx,1.9482810032574302e-05
aec195a34e522016aae1cc18cf6815d26d4282b993257bc3b6227bb47550bc93.xlsx,0.9941059241995988
9242112d338a7b7f28de348c7c33fa101a5c1988baa5a33ff05961a0fcdcca76.xlsx,0.9999820401854179
c59569a4dcfea9baca6013c1abdc304577907e8cc1659fc8df93d6bb48129845.xlsx,0.9999999999999996
benign_sample_8751.xlsx,0.00010482768124747752
b7e2110f58b55841828c604815da9539cd24465b1f66e4bed82b5b33370229e3.xlsx,0.9995068099597176
benign_sample_2744.xlsx,1.8572830075697686e-05
benign_sample_2361.xlsx,2.056705432392332e-05
benign_sample_683.xlsx,1.70565524667559e-05
benign_sample_1479.xlsx,0.0017375761185948527
f4cb11218d0aa361f247dbfaa01d1698d0c26cc41ae2ef247ac3cc86c5cd8bc0.xlsx,0.9951432582979214
benign_sample_4326.xlsx,6.802484503458312e-05
8c9edcf241f42202e0be566ca9631f8836849b57328329e36166f9cfe6be312f.xlsx,0.9999999999999997
fd4b117be86cb9802e186c5b09a8618e3e17bbaa01695afea5f4ffead8999c0a.xlsx,0.9691477010783792
d3f6d514aa61ae2a23585b238fb7e2c77095c8cb61136b9346cb87e9528491df.xlsx,0.9999999957241017
29b5b4bd0ce70b708f073f3726ad2a478088abd7729b9acaa804334a45dc8f52.xlsx,0.9925481452698995
e462d31291e43d962a049e82d15902aa304b7258125894bfb9e20dab76b2862f.xlsx,0.9999999739714127
bbffbdbe05e3ea93fb0b36a853e1649b43bac6e08b75bf1c71121451ea331f1c.xls,0.9999889572253554
4efb7e6e718191ead4e8a102cedefbea8532ea06058a60910fc274fec9ad6578.xlsx,0.9977952871152258
a2b95c7da1297ac388109267c50c747ad7a73eaa8cc66ae680e1a01ed87b5b5d.xlsx,0.9999976541659034
50777a0a651565c02ab2188cd2876d55d36a1d213a92fd0898c26197c415471c.xlsx,0.995933333836773
benign_sample_7532.xlsx,0.0006708962731515269
14074dfc74a20c9e434fa572ef816a49a0abef40baa955c5090065e1f3eeda47.xlsx,0.9925481452698995
6d3ca418bf36e05a091134fa02a9ba1bc1968bb21322818a5032c1e3e3a71a4c.xlsx,0.9999909214370333
benign_sample_4753.xlsx,0.0005593058989561351
benign_sample_901.xlsx,2.9212536012689726e-05
benign_sample_8634.xlsx,0.016726667793834058
benign_sample_7518.xlsx,0.039350952910142574
24eb24bf6fc66b26e3a1c53ace64b90136646bf8bc591aad6d88d126180bd869.xls,0.9999860233211023
74fa5283ee11f2fbe497cc390750481d0d9d07eda269d0b6a3809733f4115911.xlsx,0.9999999697120597
76dcd998b148a5e11a4d0fa5e43c15e7b269e6bf00c36c60ed0c7bd4c169d73c.xls,0.9999889572253554
benign_sample_7400.xlsx,1.6101506794718808e-05
5e33eb947977e7994d7191064d77e19d8b1b93fbdd3ce4b1808a04e42ad12da4.xls,0.9999865960174247
benign_sample_7702.xlsx,0.1382552398820747
938fa6c3e090c95e0d05de5dd7326c2239d78d520f82165f68d897beb124c0a7.xlsx,0.9990236630275998
benign_sample_7840.xlsx,2.6283090131564015e-05
benign_sample_6717.xlsx,3.9814294622820866e-05
benign_sample_25.xlsx,5.0153796767394865e-05
77f0d2df5834c013b6e8968310f2c58a1d8765c24d4857605b5a8259dbb44bba.xlsx,0.9999909163641019
benign_sample_3632.xlsx,5.72252091364414e-05
benign_sample_175.xlsx,1.6460414136112012e-05
91e2439fa1ef2687833c9aa9eeb6dc26adef962eabad9742e69150036a219ac8.xlsx,1.0
benign_sample_7272.xlsx,2.244149993568889e-05
benign_sample_866.xlsx,1.8248103263683976e-05
a5e98ed028222f795d5841899c402a0b3630b9a7626a2f7d3a18fd7728d64bff.xls,0.9999909065696276
benign_sample_556.xlsx,1.8830508959265098e-05
36a0760650a5f1a3731d421b076c6255869e0500bbf600ae998985f349269faf.xlsx,0.9999999998795316
benign_sample_2151.xlsx,1.643634674358618e-05
9a23e402165aacfbcce237884abebd2ac2bd2373d0ff5289df4095feae667b67.xlsx,1.0
9bef4dd9f3160eeaa85d09700b5c0afe99eae6b423ecd26bc8e43cdd97be25ee.xls,0.9999889572253554
147b2ea7db59e3fff3e9bdceaa8f972ca6a8df5bfeb5cad8f285ab50dabac2e9.xlsx,0.9999999998795316
benign_sample_7014.xlsx,0.0013197381640851398
56c3a027f8c47c8bf7a3121d0e8e6eb2736981e513e606612fadd702c08b36b0.xlsx,0.9999988278681062
1732fc85ffa858decd46f4c6a4ff0be4978c20dd6c7a6beb4cd2a7bc746fce9c.xlsx,0.995933333836773
481456c561dc3faba47b833b491bd0378a0b372e8de01ae80a56e4640a15b01d.xlsx,1.0
2d5827838a3e3fbae5273e6f26ec579e26434e19b3bdb15a2cd5e9ea0a6f173a.xls,0.9999846919423708
benign_sample_5194.xlsx,3.8250731679842766e-05
6e1aecf86870722bccab2b4658e9bf904ee01d7687cea0757744ebc54f049059.xlsx,0.995933333836773
benign_sample_5587.xlsx,6.539653124698069e-05
f439af2f1fb15b3a9d2b2924d8c602579823ac5cc1314f2a01c2e0c2717e2285.xlsx,0.9651573264693626
benign_sample_5215.xlsx,2.6898086740602262e-05
2c05644ade42219257242af1c0299cda243750efac7f59310a07983a04576fd1.xlsx,0.7652640459616594
7022fb610e55078372880cf6bb3f25d260cf1068f05b43157ca46eabb8d50f44.xlsx,0.9999999941338403
f6317e6ed0e855867288e906a7cae696ae91d512ff71afbbbb6736123243329c.xls,0.995933333836773
598539184bbd64ae89bb735ee2421fcd980a4fc1b0f9d1ad0782f4ac50e1e440.xls,0.9999889572253554
131401cab5747a2b79dfe9801af21be424f49235fbf65ed7a016946397472071.xlsx,0.9999999994744616
7b2747cf019c6e067b5c8c3b580058f0b417614891cb83fd27e78ce9d557d080.xls,0.9921514498159878
dbf287133809eb7027fbff4ea45e87eff4baa260ee64dc4f77164ffcc4ee7fc4.xlsx,0.999982837842685
benign_sample_4549.xlsx,7.1338742745279e-05
24a6e73e6276599b28499b433f14709a677a82ba24d46e0ec0f53e85ef20b644.xls,0.9999889572253554
benign_sample_2271.xlsx,2.4696750596803162e-05
e96667e11db606c6951f1f15edd5f7748c49f9b22a273bbf70ac5f7574642607.xlsx,0.9999803503151593
benign_sample_6790.xlsx,2.0847091762762806e-05
benign_sample_8533.xlsx,1.9012659017615757e-05
benign_sample_8594.xlsx,2.4276278685521376e-05
benign_sample_2249.xlsx,0.0007613234548950486
benign_sample_7113.xlsx,1.9932760286453214e-05
1d8e5ea6111003c450b589ad45e1d23dafb2b5e32e91f113351c91ac0464cfb0.xlsx,0.9999998870650856
benign_sample_5457.xlsx,6.453514484736702e-05
benign_sample_888.xlsx,2.688319558044571e-05
e47a8527d240cd97437f62c48f00ea5c466b86da1aaae97b6a260639985b09fc.xlsx,0.9999999941338403
benign_sample_6810.xlsx,3.089677614314956e-05
ad2636df830974998052bfb336bd9d105cc5f227762511692f89b090283db7db.xlsx,0.9999985068354533
benign_sample_8093.xlsx,2.1174183812563624e-05
5043671044b08ea559649306d10725a67687869bf2ae4154f183131e2514773b.xls,0.9999862809450035
benign_sample_8940.xlsx,0.00011298267343144248
929df8a15e583ad6b64698fb702cf44183f0d726d86cada07cf072d7f9f74913.xlsx,0.9565981663857634
cfc7fc553ac93963e37eccc09a602137d79df72985565c1a81f14951458da771.xlsx,0.9925481452698995
ea8460534c283f6b56914814bcef4eb2d016d40bf7e2b1c65b48d83bd0f69cc2.xls,0.9999889572253554
benign_sample_924.xlsx,0.15120129900254717
18cdd9ebc1709c6df1a0f3c922e3891dfef57d133084e9ea7853485bb76a2d9b.xls,0.9998058014491357
benign_sample_3740.xlsx,0.0017301913841646685
benign_sample_2742.xlsx,0.012896115878518057
9782e9859470342e9e558edb1f36fbf9291636de2c85d523ae3c692920351cd7.xls,0.9999865960174247
ccbad712d662bed97c92ab54652a00af5788e4aafc95ce210b9620f627944257.xlsx,0.9999998867096179
98d8ede3f7d787c14db561342294e73f6e204dde259ee9a8bdcdb692bf6c7efe.xlsx,0.9999908881099094
benign_sample_3793.xlsx,0.09667733325838312
benign_sample_3450.xlsx,2.6862307425323914e-05
7769a51a7304eeb94ea835755b9c3c5e88c0f25d4a9a0aa88ee4ae0789bfea80.xls,0.9999865960174247
61130c9fd8a6e60f204fb7f3725de32365308f5864432c415d5f85d232081f41.xlsx,0.9552902904048605
0e4e4d6628cbaa7e25f592a35e28a89731b44762678250bc6109c0cb97bf1d1a.xlsx,0.9999999957241017
benign_sample_1308.xlsx,2.7702096525861794e-05
111b14116d670212164aef667e205c6ecb92eba75aa74d5432e8bc58cd13fd16.xlsx,0.9999999957241017
benign_sample_6892.xlsx,0.0023313052307713583
benign_sample_807.xlsx,0.004854016924785992
benign_sample_422.xlsx,7.425253272465385e-05
benign_sample_4588.xlsx,0.0012522922044572232
c10ff5be4aff59b2ca65520cf135aeb89c571fd9dd1d185353346571a743c6ca.xlsx,0.995933333836773
benign_sample_1260.xlsx,1.668995735974186e-05
f96bce11f2901a3e0a2de8b0c1757f7d6be1c444f1e071394ed0cbfd2a0a8fd5.xls,0.9552902904048605
1d209bd5d658860836f3479a7cf2a479bba8c9987f6d292a41b6b316c0cada39.xls,0.9999889572253554
benign_sample_5652.xlsx,0.00029813845977847314
benign_sample_9070.xlsx,0.0006865204974117575
e6d49f987b3d4d6bb2f433aa664c6b81eb0575dee32aa7293143148ea0f37e48.xlsx,0.9999999739714127
6c6c29c1f639428e3023a02ee21b43907099a72b3e96e2ff7f844666b18b90d6.xlsx,0.9999825766907203
a2046509a2a9b58e32c158d6636e52a5d8afc24c9f6b4cf9a50ef34098759796.xlsx,1.0
benign_sample_7692.xlsx,3.96167385281284e-05
208fcc57418f1dc0fcee3e4c333f9e96a869fec3da73a5197187cadb5c0418e5.xlsx,0.9833288479926142
benign_sample_7947.xlsx,6.526289394851076e-05
benign_sample_9943.xlsx,1.8287368845125645e-05
benign_sample_85.xlsx,4.097893292973143e-05
d57eb19a1b2afa338d40cec6ec9c516e78898f598acff985ebba11ab50796867.xlsx,0.6286718964158287
7fbea3b587ba2127d19aae0bc872f05b3bfd6d43809838a69c52c3d5be468bf6.xlsx,0.9999999697120597
benign_sample_4547.xlsx,1.575776830606563e-05
8698fd23a84c915a798868d136872f659ae7e7454c64d5bda4817e7f26c87c1c.xlsx,0.9999985695358586
ebd14cffb933d3174d0bb0d03af96eed716a239291076d6f6db4e5370f27fe13.xls,0.9999889572253554
benign_sample_8479.xlsx,2.674575186446897e-05
benign_sample_1406.xlsx,2.1360887548280627e-05
eb495e2c6ea1684e01574bedea72ce994effad74f2420c704d0ca9b41f700c94.xlsx,0.9999999739714127
443ac29037109e08cb760d259ac39cc3582a872128b50eddf02fe579f4295e64.xls,0.9977127972603573
f569a9972ee881d645cdae693e3432a8a56c5123bafef3a2853915b5cd27027e.xlsx,0.9999980177823856
benign_sample_9165.xlsx,0.0012478130622870088
1edfddac2628eb9a99e76ce610d3e06f2105c8ac0a95a5bef09fd57f63869f48.xlsx,0.9999999998795316
0798743ef7f6855087a7322dd28736a830d45b7fb9fe122f4333048fe4e540b6.xlsx,0.9925481452698995
2f7fe2784d607d57b21ae3d0dcd787a1dfb36714c25c3a6b8c07dd7fe4d3a44e.xlsx,0.999998508368384
e4ee71a7a6ff161df3059be63227171993bedac373681a90e56192ecd981955b.xls,0.999986262081397
benign_sample_3558.xlsx,9.476266948244543e-05
benign_sample_8758.xlsx,1.5737291224928435e-05
251423a60af4ba12f4e78e8c70ac08c2af805fe912b7460436f87a00451b3e0d.xlsx,0.999982837842685
benign_sample_4981.xlsx,1.7758209256730387e-05
3c76e24cc7382a28177d1032c29e6166052c4d7d95169fe8936e34dd3a73ecd0.xlsx,0.9999999605520123
benign_sample_6268.xlsx,0.00566286120359364
43c7a2c537c781e28e2691cd21a9eca213a8c53914d8040e53e5f630a7897f3a.xlsx,0.9628063791109075
9259cf1a725ed680b3729038c54b31e5f50fcb08bd37e98ee962b58d1a0099bb.xlsx,0.9983020735400959
benign_sample_3334.xlsx,0.01841188760427442
benign_sample_4142.xlsx,0.006757363975972778
benign_sample_7785.xlsx,0.000104176148218498
benign_sample_6035.xlsx,3.1779177464897156e-05
ece8b7a734cff2995ac1f6466f873c9e23f16eb7aec10ba06b2ae18247edc9bc.xlsx,0.995933333836773
benign_sample_1313.xlsx,0.0007908018555556404
e9b58220b71d9f7f609bfbaafe01f5c146a647c6dd355d26429f4c535b42dd94.xlsx,0.9999995506244429
96b15f583fb37ed282ab93ef6e1ee80f0e0d309bc93edfd7c85a87f533fc4af3.xlsx,0.9999947752624069
benign_sample_8306.xlsx,1.775699672659866e-05
c87cd0a36e0f14dc2582ba10a31d9db5f4697be36e4bdd80935af4ed4704976c.xlsx,0.999997910868736
benign_sample_2004.xlsx,1.7530676609950972e-05
56d97d7aa18c0273d77b53c1d488763a4a54f72ab10e20ba88bc086449da73cf.xlsx,0.9999992017836031
benign_sample_7159.xlsx,2.450231069626076e-05
benign_sample_7430.xlsx,2.0660703800156374e-05
benign_sample_2941.xlsx,0.004696477782146907
40dd9ae37b95be98534af43904353406debd8f9a95557279b0be3a9cb73dc4ed.xlsx,0.999997570594624
benign_sample_8941.xlsx,1.629726757814729e-05
benign_sample_5738.xlsx,1.761988705812157e-05
b688ed81ba8314ce74b2f797ec13c1bfdbe4af17fd9f2725c0bb4a22411570b8.xlsx,0.9786901093080392
benign_sample_9700.xlsx,8.350849927574146e-05
benign_sample_8541.xlsx,1.7868573629090082e-05
benign_sample_8967.xlsx,8.569402315134199e-05
bcc89b011c1530ad6b2049556974ed596ebd1c04c15527cf2dd36ed133181f69.xlsx,0.995933333836773
b42d4556a6700ccf225eea76293ac3256d60132592fc7bbbc59756a4a8a667d0.xlsx,0.9999999998795316
ab2adaf6d37b583f270e16df799f9d44a0240139ff38cc1b206f382fc5529644.xlsx,0.9999999957241017
956c30c5d4ba12545014a409777e2f694328489ce9c9907c58d93dcd3ea53985.xlsx,0.9962776073757024
d82dc3665ac01fbddfd514856ba1b6bbf759c513653ac51b8fc022febd2eebeb.xlsx,0.995933333836773
86cefb2330bbf8ed518b879345fc8ebc44c390dc52b8b0bf1a26609c2791f1c4.xlsx,0.999999964451359
benign_sample_8035.xlsx,2.0024557542723056e-05
benign_sample_5823.xlsx,8.521997575943056e-05
benign_sample_4607.xlsx,0.0019363418496247033
benign_sample_2475.xlsx,1.8914665157409945e-05
benign_sample_7953.xlsx,0.00013123390646697786
a98eb3f76f029823f5b5b925bf9e6272ace656955aad67fbad74813e135eb211.xlsx,0.9999990487487156
benign_sample_3410.xlsx,0.0005770937270958347
a1838c4e409d374e625d841a3887fe8d64975dd5cde9218d6bf292d81d0275a4.xls,0.9999859793953737
c2b0f53433d37ce252b1dcef0fae4932e1c4cb4e196ee08a5870d2d43070fdc5.xls,0.9999852567673798
4ac83c8dcd82cfcb3278abc31900e24110d7927d298a6268751e6c705eaec8a8.xls,0.9999852658070583
benign_sample_2928.xlsx,2.8517966700248593e-05
benign_sample_4736.xlsx,0.001701708072274568
ba2ed44259182968016648cea1a4655945a5843c34decc50cbfd2e2759a36278.xlsx,0.9999999957241017
benign_sample_7828.xlsx,2.0185289082202072e-05
benign_sample_5169.xlsx,6.020163686443483e-05
benign_sample_3920.xlsx,1.868880298707147e-05
benign_sample_7888.xlsx,0.00014758601341883555
9bd4b917bd8fa07b121f2ac98c58079679034add918c8fa107fdb95c46fb9a08.xls,0.9999852181543748
dc61bd75488032a4e6698d3d73dfe9b0cdb8dc64526a60d2a6cd317096a1e05f.xlsx,1.0
benign_sample_7025.xlsx,2.371620226650517e-05
f8194197ac25e3f303ed675d555406ed2ea23356769a2c904b9caf06cee05bb3.xlsx,1.0
cbba6ee0d1f33aa86639e7dfe21aec753e261e044476fe929b09332305d87dac.xls,0.9999865800886484
benign_sample_1586.xlsx,1.72399140248996e-05
499f869b93aa412fa94d8a58eb5e72f1041bd41166bd33c5890daab3bbe6b4b0.xlsx,0.9848151937860284
benign_sample_6411.xlsx,1.5461634445953778e-05
adefa40fbda112fcfc22f54f9d2b8c33f7e1ee3993e4e2b025aa9ba3a3ec4a3f.xlsx,0.9999999997470769
fc27f743144ea6052d1e6f8803cd46f41fc5ced7afa707f8c07e90754724c417.xlsx,1.0
837fd94e5ca8c85a03f97b51771adbc667c4254c40f7d2c9d4f68e767f9d33d5.xls,0.9999865960174247
benign_sample_9539.xlsx,2.1416228270086464e-05
benign_sample_9468.xlsx,5.436599033456077e-05
e09f2a20e3ca266fccd59b7fab3039ca0cb865fbb683afc48bcd973e55f996db.xls,0.9999889572253554
2f2d254fe3758b4119f09c4be7b8eba4a041cb469d4331d255ce62e074e1e324.xls,0.9666666666666667
41a8e291c4067863877e3f4b033647f4d49c770bc031197af9d8b548f87a2c07.xlsx,0.9999813019228455
benign_sample_9651.xlsx,2.828381342835027e-05
benign_sample_5808.xlsx,0.0025734543962955135
benign_sample_4354.xlsx,1.586254610516638e-05
003edf3ec4f545a258c3a0adf800feb784f48a5c6ce1c35dc2d555d5690f6a14.xlsx,0.9925481452698995
benign_sample_6566.xlsx,0.00010202021491645409
benign_sample_5958.xlsx,5.770053827626811e-05
benign_sample_3133.xlsx,1.970351386322706e-05
benign_sample_8524.xlsx,4.369234736561424e-05
benign_sample_7437.xlsx,3.437642220468842e-05
8a836fb54233c38ea298295dcecb74f42bbb0379998072b2217686bebf957ef8.xlsx,0.9999999612938351
benign_sample_8888.xlsx,3.401154298948613e-05
benign_sample_9284.xlsx,0.00041397903442534455
253209fa5848d89e5c40f4ed5a80332ff7becbc584c41f2253f1f330aaf4a196.xlsx,0.9999868693251734
benign_sample_1466.xlsx,9.649721901255616e-05
0546a0139d807b98f159d8114b73e03af9bc5562c281dd766e921ca0735ade48.xls,0.9999860233211023
904ad8c7965b4ea993011c9346ff4b6e3f45ee09e5f09297c35843aba5b4edec.xlsx,1.0
0b841b6c25e00f18b0bf1b46762be9653bbb7e3477e043c94905acddd56bad58.xlsx,0.9999747731616253
07a99d2bf77c2211b706bbbb9dbb014689e5b7bb10eb9c96a2f36d2a068bfbf7.xlsx,0.9999999739714127
3fbd99f7f9551ac4921f9ff33f50651d51eb0a6c0d9a69ba2d97110e6462e824.xlsx,0.9999955173796174
74556006bcf42a30a34eb0eaeb516dab4eee13fd7fff96bbd38426eac579a432.xls,0.9999863895520815
092445a144289e58dc6ea7fcd95e4b385d0089090b1d2d2a3dd3af5d51a06d90.xlsx,0.9978232115242945
benign_sample_2084.xlsx,3.457184575268898e-05
benign_sample_8926.xlsx,1.7278659613587088e-05
b22acde884c3e56ce6e27f53620ba8060f79939d2545cc03b03296e7391778fd.xlsx,0.9999999999999997
9a53d64a49b17342031a58ba9738d3f4ed3b4873613406bcc407c0c6e64d4e33.xlsx,0.9256462480871132
fe73fd3955380212aaecb045e92353f9684af4e89e4d1c183dd84a0b7271230b.xls,0.989150736441018
benign_sample_4158.xlsx,2.164062956622575e-05
d75f7f36886b1079893faf5978f66473b691ae8dd6fd5ccedf93f87b22aad4d7.xlsx,0.9999999941338403
87149ad8f58e72191cfb287c0a130b1b0d2b0066396e639037798e278b0a9a1b.xlsx,0.9995397968775124
6eb41eee538e7a5c940b9c11ab2dff3a5fef8788133503c85b34866d207db018.xlsx,0.9999909214370333
benign_sample_975.xlsx,3.792782885553085e-05
benign_sample_2778.xlsx,1.7259959036061678e-05
benign_sample_7727.xlsx,1.8282460992144972e-05
benign_sample_1005.xlsx,0.00010345574285990756
bc4fbd02b462d5dfc54110cec5001fabdc58973a0f2f0ae3eba59a01b35a8da9.xls,0.9999889572253554
86a5b087621aa76a78188b85ef8010ec0e8b8d8884815d303740217eb6575dd2.xls,0.9999987437515733
benign_sample_652.xlsx,0.004577867527540908
acca7ae7131ad74df546df3278de13be85eb30c4c6b6a81146ea68ca479e4652.xls,0.9999889572253554
633cf11ccef8e99a905ff2daae03003541433c7db3f4359731c46401092afb41.xlsx,0.995933333836773
17ce613efd83f475e7adf2a109600ce8a828b9f4280f1b2fb61cd5ad12793189.xls,0.9999889572253554
d93f68cce5f56ed4defbe7edca900252574f5bf75ca45e595a2b70e459d87e77.xlsx,0.9999954461216259
benign_sample_5747.xlsx,2.306634476893501e-05
benign_sample_5573.xlsx,3.388836228049744e-05
benign_sample_1632.xlsx,6.737844516481535e-05
b1152b1c5d68fe36961ea040c9066be0899eb63112290c393d493b7cde3dbebb.xlsx,1.0
e54ba3c11f338517de6aad52007326e26a8fbef6908d451321595d761bc4644f.xls,0.9999862809450035
54e5cb0a2ab285af43091d827b8766b78b3947c2434802c0a1821a8810baa7a5.xlsx,0.9999998869999235
benign_sample_2632.xlsx,0.053516939398297374
benign_sample_9995.xlsx,0.0001712854015969693
benign_sample_3582.xlsx,1.662224771069938e-05
98ce586dc91b7a5c44624bf21fe0e6e2e946eac277aeb36080cf0f2343f94e59.xlsx,0.999999964451359
benign_sample_3079.xlsx,0.00027410986439121293
benign_sample_9199.xlsx,3.096238118624924e-05
benign_sample_8012.xlsx,1.729485108063301e-05
7c439f87a1197c8e27653905934d8caf34f2321ca64a878e7a961721ae558214.xlsx,0.9999999557574122
daa6972b4eb84ef7b5937fad7ebab86ecdfcd81eb9d99d6e864765a227f0621d.xlsx,0.9999999997470769
dd2ef0da9e75ea1343927c33b586298bcc3a9498c1106f5cf533119693ac05da.xlsx,0.9941059241995988
benign_sample_260.xlsx,6.185953341359582e-05
bc77ed04e9d2407f99115163e3f46f310910e45fe135ee333c38b5a0d0ca724b.xls,0.999984679143302
benign_sample_193.xlsx,0.007607441209448202
ff88099d49dff8cb15dd08adff7196a2348ec63c861dbe34c5155eb1cbd17e22.xlsx,0.9998489237676605
benign_sample_5376.xlsx,3.538342863648278e-05
cf829587ffb5a1c3781d3cad3a56024af4c9af07812e7e0ffdabdcd44b984c97.xlsx,0.9999999547404995
benign_sample_2469.xlsx,4.0460347219289476e-05
benign_sample_3015.xlsx,0.19890197356771908
9ab9d22c6aa218391415d1df98077212b67c5d82b150a813ba99b489abe3d2c0.xlsx,0.9997518100811048
benign_sample_3145.xlsx,1.862075592085029e-05
d22bd522ecb08f1911dc80096a0b1dd02c57681790cffa47944dc7587f1c47b3.xlsx,0.9999974935288525
ff82c14c2f287cf83668ba8305bd5082f173d28d346d5be7706d076ca4d46f23.xlsx,0.9999983249456194
benign_sample_7408.xlsx,0.00011089083077769695
benign_sample_663.xlsx,1.661150023378784e-05
benign_sample_5661.xlsx,0.000107432269982513
benign_sample_4810.xlsx,2.6570690723302612e-05
benign_sample_3498.xlsx,0.0004439046731360124
154eb1d11658880286f310c0736297ced93d19084940dd1f848cebf1caacb310.xls,0.9999846919423708
04bcc115f60f01d2a5f040bc4c2bf63d9970deb9ff4b9c407c1e8e692555717d.xlsx,0.9999813019228455
benign_sample_1239.xlsx,0.0014874693009952454
benign_sample_4388.xlsx,2.002049747880342e-05
349caf6da4d55c98c2aea8d759804d8af33bb0277249b347f0686a8db199eae4.xlsx,0.999999964451359
07d85958abbcb1f507ff727c8fb5fbc1b319118dc6e62fe95e876f43961bcf39.xlsx,0.9999999998795316
benign_sample_5969.xlsx,0.00014276898025421326
a65ac3514d74b9450c8951bdac22ab8db910a74718a074c4a009c704222d9030.xlsx,1.0
73544c9e2c729b62784299383d4a5d347a266ae79b4cbb7765ec5e71ffe8f793.xls,0.9999846919423708
benign_sample_325.xlsx,2.736539825482417e-05
2891b33ae2cfd18482dac39858fcd82928231b013894877fbc8eef959e65eb6d.xlsx,0.9966666527331666
70d4b32682d8514313788e78457fb59c6773926bc2aa393381b0b4c83693c55b.xlsx,0.995933333836773
benign_sample_6733.xlsx,2.282987061014669e-05
benign_sample_8185.xlsx,2.912181723087235e-05
251c40d0c836545b1d2ad59d07b9467b74d2cb354fee6a6cd58f96589749fd3b.xlsx,0.9999999941338403
9a0e17dd8b3bf8b91f1c862d57db5c45bcf9c48fff7d660b1c500c7c2504c722.xlsx,0.9999994240789593
benign_sample_3573.xlsx,0.001599993797292974
benign_sample_715.xlsx,0.00030201306224877147
benign_sample_9858.xlsx,0.242589181267823
aa1fdbbf8344407f54cd0a6f9ca3cab2112d6fbb9278333373c577308df4333e.xlsx,0.6502634856990325
c934098251c677b9272d9ea74e2c4407473a75efc32dd6c6f2be41f3a55afc1f.xlsx,0.9999988725572649
525ff3d09253c8170aab8e1a4ba083b30a9f736ca0a5a32d00f0f77187a2e8c4.xls,0.9999865800886484
b7d225b0c581559e38bc53f8c035756efa3c8d25be60932b2dc73c96594616b1.xls,0.9999865800886484
9054b5beca276815447586fc810a0568113327d70cbad40505dd83eb86a35253.xlsx,0.9999999999999997
e6a2949cb9056ce1aa62a28d2a120a38a7073e64892c8ffefb8e6373412d7b66.xlsx,0.9999999684204495
a2d260fd0b42b54dabee99e616f7e53a7eea71e977c1501e08ed7c97974a6359.xlsx,0.9992587681174966
benign_sample_2229.xlsx,0.0002140670911208029
3898c539b422379c08dfbc5cec20ada50751c58f15b9dc8eedefbf3682228e5f.xlsx,0.9999997734669911
benign_sample_3877.xlsx,0.0011603288742680867
ce0f5d60331932cb9dbcd5b367033f809c7c9cad6d2e4026d0551bd5416eebb4.xls,0.9998555687363472
benign_sample_8849.xlsx,0.0001351287123058355
benign_sample_7986.xlsx,0.011006704341776736
benign_sample_7329.xlsx,0.0007576080244590367
beda966a428a9612f2d278219f4b64b0691fa32acc363e8495de17b805522c95.xlsx,0.99999748847596
1f943b9381490f9e85fc6af3d033d5a42d66a8df3fceca51d65e33eaa61117b9.xlsx,1.0
90ed5bad958e0efed5fe6c3a539ae5bb85ea1598a16d3aa3a0cee72b86c605c8.xls,0.999999943940174
benign_sample_7039.xlsx,1.8005980270957063e-05
benign_sample_5501.xlsx,0.7023570398575604
a215c1eddfc78def03185be182ffe41710ee7a2713651674b2f1777492a0ee1d.xlsx,0.9999999605520123
benign_sample_4244.xlsx,2.804280632848385e-05
benign_sample_2506.xlsx,2.5399962766250256e-05
fa87e91199dc45c11a6e8e0b5675edcf363a3a36ffb1d35d9987425b06acd1d6.xls,0.9999990050115387
benign_sample_317.xlsx,0.00011055937573105163
2acdd04554feb1ef8b0307d5fb2c1bf7fd6a8e1157f9d3753119e64b30c16c30.xls,0.9999999990880196
cb61d80d685cc5e258d8f658904fe2bdfb5ea0abfc2e987de031695e57c9e0bd.xls,0.9999860233211023
benign_sample_4478.xlsx,1.743269894291511e-05
b6798a24bec2126e4f60d14c0011ab0e4225bdc794eff1da865545dda7e67839.xlsx,0.9999992135516785
4d8ba73ed30f7beddaefb592e4e88cb5ffe2fbf2ae1c204b45ae86a41b3fe5db.xlsx,0.9999989636104774
benign_sample_8300.xlsx,0.00012348571304804032
9ba2e98580b6ebcf9bcff30e121d60a52fbdef5f10046a81abca225dfe3fddc6.xlsx,0.9999998866536357
benign_sample_7190.xlsx,4.942264775548326e-05
benign_sample_2939.xlsx,0.00022133592950411283
3ffa393b5d98418f510ebfb9c67f7b6a911b15d4c35f2574a5f4f59f9feb3fdd.xlsx,0.9999962333078715
benign_sample_1998.xlsx,1.751426067598898e-05
7281a2e132f3b064507621ca929d7a7dfaf347c982c40f72497a2819d003a4bd.xlsx,0.960717382158272
benign_sample_8326.xlsx,0.0008008040500386347
benign_sample_4101.xlsx,1.6646614189406958e-05
d6a4336b3eba8eca715c5c744f08432e835afb8a66d1d9cbddecbed70bde0dc8.xlsx,0.9925481452698995
c9c64476b8e74850763a1bbdd11855d964c53892af7fda9ea95ee7cb24e8903d.xlsx,0.995933333836773
c4965542fd9e7ee2664a2ce32a6778e975773a7fcb3df1e2a0039b1ec1407605.xls,0.9999889572253554
benign_sample_6907.xlsx,0.5939055052073063
benign_sample_6073.xlsx,3.600574959526544e-05
benign_sample_6963.xlsx,2.3491585080569157e-05
9ecd149959f91eaac26115a8db98745e0f286989ff2944e3f471156042d3b11b.xlsx,0.9925481452698995
benign_sample_8276.xlsx,0.00012727846924947878
2c9d9d1bf848ed2b48987c4754ba81876b75007f71a1184927dd04188ffcd0f8.xlsx,0.9999983184710409
benign_sample_2855.xlsx,2.3895750632847005e-05
benign_sample_49.xlsx,2.2028826148568267e-05
fb10b2fc2fa83904047bd82e6e7ec80c4997f96a24cc3cc06f837d96a49149ef.xlsx,0.9999998871349337
7bd3dc3e8beebd99149e95468e3b6f15727e8dc03045db54bdaf4c62258cd883.xlsx,0.9990236630275998
7483b56f2d22d783d7816e05ed9c4f2b36f909b93b1c71667dc5034684ea368d.xlsx,1.0
benign_sample_1722.xlsx,2.035086031187318e-05
benign_sample_3881.xlsx,9.789784412539999e-05
benign_sample_7325.xlsx,2.1165756871142967e-05
6a7e4c4a104b47b8294d56379861b9d2f5ca6bde5d1b3770d984c55b0c7b7722.xlsx,0.9999999998795316
91d91f2b18617d226317ee350418b4c3904ea30983302127658d75b5030b194c.xls,0.9999889572253554
6eeb812cf43ef9df52214422931274f7a381d57ecc1b3fe2c96dd3154f663e73.xlsx,0.9925481452698995
3a9ac2f82026f0fc906f2184d84b5bad3e775d4be47cc5bc0fd422024e5df48a.xls,0.9999865960174247
892a43fd37eac6ba0f3684945657b977b0ad79c99438fb555fb26d0bc1f6d2d8.xlsx,0.9999817279740529
b21b429e1cb30997f4cd01277c8a9f5dd0a9dce52027c1fb31a6384b8cea689d.xlsx,0.9999954578740867
311854dec3e52260c01c747df94939f836cd95e28e7001fb2fb175ac7236bf0b.xlsx,0.9999999612938351
benign_sample_4964.xlsx,3.357232473479211e-05
f7d90f79d64ad7d77cb01047162ea8fa59edc63e0d2a9f0fe77f7da19fb5becc.xlsx,0.9925481452698995
benign_sample_2776.xlsx,0.00047915030935510877
benign_sample_5007.xlsx,1.825200829482945e-05
benign_sample_484.xlsx,0.030625526669666517
803a6aa13358cede579f0f9ec04011fadc119e4f3bcf2fc556961bfdc34e8288.xlsx,0.9999999697120597
07f7f5ac05c7d09206105d3827cdf09e69575f74a0337824ffb0c7fa19dbac0a.xlsx,0.999999008562617
benign_sample_7774.xlsx,6.342473206877043e-05
benign_sample_8040.xlsx,6.413014808660831e-05
benign_sample_4339.xlsx,8.653743390884963e-05
benign_sample_7608.xlsx,2.9528186853299305e-05
3c1ee1577fc1cfc8a027c933f1678af5980f39b5740d7efa298a935044b0fbd4.xlsx,0.9999974962513307
3b35442255107017103c203cbe6e3fe2a1c47ce9486f25c666a8c885c53e2581.xlsx,0.9999999997814064
benign_sample_4.xlsx,0.0004818263558820025
479120592c3ad17034859fcd35e63b6e796c4d22e122ee482447716a49134360.xlsx,0.9999993152891502
af532c4e079e16487a2a2def73c5dd1991f004821a2769c7f8436995d0de2e44.xlsx,0.9654802540990394
d4938e87e24325f05fd34ef10bc43a102fdd603354ea67c0d10da56460501d37.xlsx,0.9999949051471301
benign_sample_5575.xlsx,1.8373871679213902e-05
be46ff8702010c0154f46efdb618ccbe418bf5017121d4ce4a47c05f76a8a8b7.xlsx,0.9999999557574122
benign_sample_3221.xlsx,3.791946095112302e-05
benign_sample_3273.xlsx,1.7456386933188703e-05
benign_sample_6045.xlsx,2.929470122258119e-05
benign_sample_666.xlsx,2.9490090620855374e-05
2519a4d241cc3db8f19f7d75afd7ac1ec6f83fcfb418383b81352db4a5d9759d.xlsx,0.9999997734851656
307cb7b156c76488a0883ba1161fae7c30948c48bf9dcf6b9c05e3d275dc3a48.xlsx,0.9999909214370333
benign_sample_4331.xlsx,1.999649564805691e-05
d0ff739fb563b41c9ff4535cd03ccd5d4031a9724a8131c35e148e11f82a3437.xls,0.9999846919423708
9f391ba3600a0d6da7dff9321a1cfc8f84de6f28477d757d734075fef9677793.xlsx,0.9999878340739778
a2edbb0f81578ba4d733e4682ab1ea879c5b6d7d531fd333223c183496f495dd.xlsx,0.9986488469198567
benign_sample_1270.xlsx,3.1380469317704465e-05
benign_sample_2420.xlsx,1.9230965899918558e-05
424fff8525a1a9f460e50a5041495045011536cac1b8977fc170d1d373a7cfa2.xlsx,1.0
95604009d773dc1738f9e7b3b6ad323f7953cf8474ad5165f1138500b78497cd.xlsx,0.9999999999999997
benign_sample_3417.xlsx,1.9146439932993815e-05
benign_sample_733.xlsx,1.9241321561903475e-05
383beb4614bb8470073819d9eb649011048900ea1101c7a8b00f03ef0f9046c5.xlsx,1.0
3a3da395508e2633fe86470f5518faa9e49106724d78c16c7a4844cea8cc3a2d.xlsx,0.9925481452698995
faaf729d46f80ccecd969e84ee63d8f776dcbe212adf27e981aaedecd685a1df.xlsx,0.9999954263295718
benign_sample_2058.xlsx,0.011047531681313531
6accd09a333f1509ff427c5722d89a8cb1bab5f8445df5677238c5630a650407.xls,0.9999889572253554
benign_sample_3160.xlsx,3.364998837112473e-05
benign_sample_5802.xlsx,1.6664056936714277e-05
benign_sample_6903.xlsx,0.0003007293208301718
343513fbd6880d9eb987e5115dc5b3b44dc455635d22c7c1dba38e7bd6beadf1.xlsx,1.0
benign_sample_8134.xlsx,0.0013789132209213772
benign_sample_7559.xlsx,0.00017795958037451634
benign_sample_8047.xlsx,3.167414023214137e-05
421ddc529797d8b1f5b2d175979656ba4eb4b2a15aea349ce68db025b79dfe6b.xlsx,0.9999943350337563
benign_sample_4041.xlsx,0.0012063588592281522
benign_sample_5658.xlsx,0.00021701283575171774
benign_sample_2298.xlsx,3.412846983328799e-05
53a88b95fd05ff2ee5897fdf46ab44d4815345c0a20e90a182679c2d4eaaa82c.xlsx,0.9999999670849972
2e23d56536654582dc321b13b61e60dea6b46889e115ec5d94417bb90ba1f159.xlsx,0.9999995530335878
benign_sample_1405.xlsx,2.0595336595593942e-05
benign_sample_6928.xlsx,8.716885058045133e-05
benign_sample_4695.xlsx,1.8240441607968887e-05
7d1065eedb81e6ed65f8c7b258a9f2a5812575740a9ad9f05577590a39395276.xlsx,0.9999999739714127
e910e6a15d55f7d7dfb449be9e6508281254d1e9a6e85aa0997e53a075d13ae1.xlsx,1.0
benign_sample_7011.xlsx,0.00010772502398033745
477fd833fec32c5069c86a83b47b5f02b5c00e880cf33b94baa4e41fb2ae57e4.xls,0.9999865960174247
ccde0d90e79541892f5ea07e5113b77eb002e2dadd2c148a51b41634c139ac3d.xlsx,0.9999974924259459
167b4e80ad57488f7467028e2b575c63be0a72a5223b8124e87234e8f20f76cc.xlsx,0.999998313923915
b07d25e9d16d5774ba5351b19287460d697b1eed5a490ee2d595817f53ec965b.xls,0.9999889572253554
benign_sample_2221.xlsx,2.902978663784087e-05
8b0e04de8f4584836a281601ea7e26e4f480be667cfa1f10f68ca847796b240e.xlsx,0.9999952292730502
benign_sample_5500.xlsx,2.0187308869882692e-05
benign_sample_1667.xlsx,1.846445922697057e-05
66d046a08bcb08babf1141c0c3de8f0b3e1a5b491d469d435cffef9766482435.xlsx,0.9966665401005086
benign_sample_9144.xlsx,1.8785740480923533e-05
d148315d66bfa78742741ed8fb34c93b51ee705f4cfdbf05807797c49af276d2.xlsx,0.9949953996044346
5b8b43f261c93fd8c24b78a30f6d51f611a982e9ab0d6e12d65d804c1c0ce7e3.xls,0.9999889572253554
2c7f398eaa2ddcf13272d8880627fd4f799e3136be2075eb228ec06184709994.xlsx,0.979963963070526
45bf1402c481b7aafdf86b79417cb1bf9fe5d6c01bb0d39ced4a535708845227.xlsx,0.999660335582055
fce7e2af47e776397809d9ab37b57c0ef2bbde029f811fd79aaf21bcb4c00cea.xlsx,0.9999998863757465
567cbd83097abf776c444b681a622ab92294ef6dbf0b831e3bd018068c92a9d1.xls,0.9999889572253554
b1d52cde7ae713b010b4fc76a62273052246900bb8fd9391aa0e6ff83aeb5504.xlsx,0.999999964451359
benign_sample_1934.xlsx,1.8483017658870747e-05
benign_sample_3754.xlsx,0.0051137617854524085
benign_sample_9016.xlsx,0.03736524574672722
5abac8d1ba64a06516989ecdb9f1a4c2a1a27dd4fbbba13e7bf09bde39ad24cb.xlsx,0.9999972881311225
dcea4d5ebf71a6b53d5fde9815bc0efe0f673696fb822d44bcde178f47f06567.xls,0.9999889572253554
benign_sample_1020.xlsx,0.0002789681596087384
822dbed53780882ef6c9e8d1b9b17e7c140c162618a66bc698c9d95469fb58c6.xlsx,1.0
fc60205c2dc7229021dbdd8475027d27ce9d3a253dcf550f4397073a8ef275ea.xlsx,0.9992587681174966
benign_sample_4665.xlsx,1.9931572426269267e-05
benign_sample_4140.xlsx,2.2181994415700076e-05
9f8a84283f9d27560198bbc36bbe97525a5d2845d5db651af1a0cd6788568dbb.xlsx,0.9996467573923106
benign_sample_1409.xlsx,1.8320498806390087e-05
c572e3f20dffd9060e61d03f5ec116571fdc29090e1f3bcbac469ef81ed87cc5.xls,0.9999889572253554
95b9f44d2995990a868fb29d2bf9db3563e5d9ffcadc59732d6a9d67a54f1e4b.xlsx,0.9993630742708657
benign_sample_8197.xlsx,1.8768486485181082e-05
ff61fbe56cfb814096c9a22ffadafd4688c4c48410943550001d74b193b25a3e.xlsx,0.9999999684204495
benign_sample_5795.xlsx,2.7718487730360894e-05
benign_sample_5542.xlsx,0.1739408227555889
5b9c0f9117f684a60d40f955a115d1e8a3c9ea697d7b2bec26522039a4b0408d.xlsx,0.9999831246946421
benign_sample_1227.xlsx,1.6096375221897772e-05
benign_sample_3863.xlsx,1.680039289394703e-05
benign_sample_9469.xlsx,3.142451044645261e-05
e68147794e511eca3931b894a4b36c5de0dba56bf810a2a9c0cc2e96c2c59598.xlsx,0.9999999612938351
fc7450a43b3aac566d8cdb105f3d3fb3cbed2f9e34d802372e66df54faa216d9.xls,0.9999867888695356
9c31307d7a3cf7dce4494db9a08fe48f6fda55db12d968af0d708fc818a9d637.xls,0.9999863895520815
b3592d2adfe35860da9ce3722d2bc102fa8f2f1bf45a1bf94e9f36803e26f4e5.xlsx,0.9999999684204495
cef28f1425fcdbccf0cc823f077c284c7c68969d7001b0b759156b6a1afa7729.xls,0.9999867888695356
72649f51b88e7623f8c78f0640787f29d3632001b628c89fdbc7316a3c1b8b63.xlsx,0.9850726732389101
benign_sample_7783.xlsx,1.8163553726686728e-05
benign_sample_2963.xlsx,0.0005565939658444042
benign_sample_3953.xlsx,2.0111990247594977e-05
9aa08f13b82fc623a5df0d8e6af31801012b349eccd638cff9e3125a9ac0aa0b.xlsx,0.9998634803558845
benign_sample_5695.xlsx,0.00033737102901635214
benign_sample_2629.xlsx,2.8055137565464433e-05
benign_sample_2573.xlsx,1.798201813926545e-05
benign_sample_9011.xlsx,4.1595050583652004e-05
3acc83882deb910ee88e57c7f02509c2c1784449d988a8eb0af33d41fc278dbf.xlsx,0.9991018662924028
benign_sample_5744.xlsx,0.08988780995378666
benign_sample_9063.xlsx,0.010679698288538916
20f2a5974b61f0ae9fa3d33316b6921f89e399d0708b894fb27d6f9b4690846f.xls,0.9999889572253554
4775d627be00dbe650a8d7b1bd2f6efaaff9a3435549a76155e77aac36865909.xlsx,0.9999878340739778
benign_sample_470.xlsx,0.00777926986136373
c6d7ef9411539a18c9975d76c100ff2234f1a170086a0b2a5f5fcb5c9265232c.xlsx,0.9996375105751341
54d8230199caabbab5472a7c92343960101223744e0cab53f7029113d144d77f.xlsx,0.9853897717171191
050a1f15f1c2255375bfbcb37daf6e8cdd81fcdbc974b07b85e326a24c5935e8.xls,0.9999867888695356
benign_sample_8885.xlsx,0.00044526515182277877
5d3be237f9765fe7b13dbb722c1427cbc4449bf244f3878b5041ee34abc4265e.xlsx,0.9999999670849972
benign_sample_6406.xlsx,0.025222956598895927
benign_sample_9352.xlsx,8.013561620094817e-05
e559b417578b9e8e665c040cefda6d30d17b56829d98fa4c52fc99dfc045618f.xlsx,0.9999992579449231
4742d662235894ea1a0ee5eae0b8ab667e61ccda131fe816e462b17c5409bb1e.xlsx,0.9999355898074787
bf63aae9581da1a5e192afdac06fe1dad319516b4165ad1acbaa9de502aaabec.xlsx,0.9999909786974331
benign_sample_5824.xlsx,0.0002584317592774438
3c46ca9214c07dec766b829e22f78b2aad7457af98c6f2559ad87f8579075c4e.xlsx,0.9925481452698995
benign_sample_170.xlsx,1.921122458816611e-05
benign_sample_1078.xlsx,2.06802614434667e-05
f7d94f9bc5671ea0a041bb8e273cfcb6c61606ec27f5931dcc5d55151b8342de.xls,0.9999889572253554
benign_sample_8140.xlsx,1.6464855961947745e-05
8fe0f4dbaa8421f60a885e86031a02f2a6184aca4091768aa0ceea50ba920b30.xlsx,1.0
1a8ab522f1ed45fa306a1e4e77502c9daa5e2328ba3bbfac067434ede3828bc0.xls,0.957970976727932
benign_sample_4358.xlsx,3.6753985763715845e-05
benign_sample_5867.xlsx,0.0017389321870466673
2ef5c7f453ee951b1f6548be8ea9ddb3b68559ec2de925b2c685c4a7a36674c6.xlsx,0.9999995506812542
benign_sample_2708.xlsx,1.703527043455289e-05
66b1c81f08c8dc54566b066c990edb24d0bdd946a503255d68ec2f66e85643db.xls,0.9999999769904532
benign_sample_1868.xlsx,0.10501551450140294
242f4433641dca2b2b9d3628544b3182c26d47303eb5622b9a56c1a977e8c66e.xlsx,0.9999336151530324
ddeb90ad7257d64580c41776e294c3e408156cb3545cd99cf02532e9bdb9c311.xlsx,1.0
benign_sample_4780.xlsx,0.00010021050272340478
benign_sample_5730.xlsx,1.654807349066493e-05
6fdfc3e5c1c04faec9f771b1ed595de0487368e394c0b62c6ede03695f73c322.xlsx,0.9996788036876273
benign_sample_3217.xlsx,0.0024064331484212652
benign_sample_3194.xlsx,0.0009157503575695832
da12302a8bc65b0d2ee33063500244ab04f190dc10bf865d2f4f330c8b104a98.xlsx,0.9999999997814064
benign_sample_7032.xlsx,2.2634907724651464e-05
b15dbfe152ecec06558590ff2ad76dd209c12dc52d65ebdfb051d79dec8cc761.xlsx,0.999999212999211
87e151a0866bf274e2bd883a94d842419dfc0333abbf60c4cce66ae3ec71fb71.xlsx,0.9436225435500608
b099720c336345fdeacab3da19844de7f31e7549f23af38a0d572be4f936214b.xlsx,0.999999964451359
benign_sample_6317.xlsx,0.00013247464270042784
4d1fbeca1370d7cdcf552ea717addc311fadb1293d35cd5ee1d04006de30a620.xlsx,0.9999999999999997
2f9abbfa95bfc32192ea165a7e4c0ce3a72cccf0a054c521d618bf6e667f9bb0.xlsx,0.9999987448671998
benign_sample_9531.xlsx,6.037304631185224e-05
benign_sample_7219.xlsx,1.997568460200629e-05
5bc1355c5f8e1066e21fb6c113f8fb5621635a1ef067b84d5261de6c36675c69.xlsx,0.999999997060776
9fedb3484616fc21ae30a3f8945fe547d217173409507c0ad4d60417562d2344.xlsx,0.9999998864134202
329cd81a2ee3d77161ea1c440d8797db306c2161873d5e2840a8ae1b50630f79.xlsx,0.9998483260027967
benign_sample_6562.xlsx,3.463084744966362e-05
benign_sample_9799.xlsx,0.00028471183621221145
benign_sample_8038.xlsx,7.040727021838874e-05
aad7c311ac745cb3eed91e06ef00bd340fc9d98d475e5bb598a0dedbe934ebf6.xls,0.9999889572253554
benign_sample_3431.xlsx,0.00024998170977218474
benign_sample_9138.xlsx,3.4907718820040074e-05
benign_sample_8411.xlsx,0.00010564449138446387
benign_sample_6298.xlsx,0.0001766606456056278
42d50eca7bd9e97f1fcaf6a4016d18addef623847a8692e994a60a94417de58a.xlsx,0.9999973297648531
benign_sample_9348.xlsx,2.739575827251945e-05
0d2be5beccc45e80e4c52ee9da330d6c12c6815e09aa373c3f2b04476003067b.xls,0.9979826425298528
1bea081089eba379073470af2e29cf63f540f7ece2c44abd1f6ffc836629a657.xlsx,0.9933333057107969
benign_sample_4939.xlsx,2.8104897688047856e-05
415d7022841d3e4ee546295bb3bf061bb5dfef99dc55fa99a23ab8f69666facf.xlsx,0.9813092651106831
benign_sample_7958.xlsx,0.000949450405104862
benign_sample_7002.xlsx,3.708567367491021e-05
benign_sample_7205.xlsx,4.399467963256824e-05
605d0e039329389b5e8e1fbed3d5bbeb6d26bca9500764ead20e60feef831add.xlsx,0.9999999999999997
benign_sample_8766.xlsx,1.8466284077550843e-05
c4a8b3165319b54b4b5f538dd43ccbb95e3c6a4b378bc071887bda2a448d9100.xlsx,0.9999831246946421
benign_sample_8747.xlsx,1.673836455586067e-05
benign_sample_454.xlsx,2.2545616006737764e-05
benign_sample_5793.xlsx,0.00022036690165777356
5ac39ec7051e059cbb97ad4acc501f00d378da400be6b02cb2606c08a32298ce.xls,0.9999859793953737
a87042a584e52aa51e7a9e314de4c8f9890ef80b98ff57f4e15c12873937f97f.xls,0.9999909163641019
benign_sample_6011.xlsx,7.376971437842536e-05
0ff9c5c169297f5e057b1989a501f5d81d8e4f2ff0a15df057058269b8172965.xlsx,0.9999999941338403
cb1b90589b18926eccdaa648b35f76824b85a6820439a7d6cffcda28ee1c154b.xlsx,0.999999206747373
1f6168dee8108137d5fa575f2ea934a16eb81b1214ef0ca3bb92c3d7901b086d.xlsx,0.9999974935288525
benign_sample_2792.xlsx,3.669182382781608e-05
9574ca96985df00583bf250837325854526ca428dcd8f452a256363b66e13978.xlsx,0.9999747494134451
9d7ae4105dd71edd7252fcdc6ea76927be10b08ef64ae85ec860663300a834cc.xls,0.9999863895520815
benign_sample_9680.xlsx,0.0001710589159524743
be1d625812d0525a61afdc1bd751b593b0086925b4458d2a3b627d0abcba7682.xlsx,0.9999987663227837
benign_sample_6718.xlsx,0.0031562108068061505
benign_sample_2657.xlsx,0.00036295466358224473
cd24336a2e1e1b5e6bb6eebec4fb01fc53d2f0124cf34dda007056d9d30bb936.xls,0.9999865800886484
benign_sample_935.xlsx,0.002597132820235745
dc4a6fbb5a80f71828d0be06061d7138d4d7454a40cf317339a50f9025a9fe73.xls,0.9838998265728991
1b0e7b3ddd65c0d74f0ebf601be05a3b8caed6d579f52953a9a438f34d3938c3.xlsx,0.995933333836773
benign_sample_4484.xlsx,6.44436672176145e-05
benign_sample_366.xlsx,3.0167266363041508e-05
f62345cf0da475ba5892d8ccb2de4fbbffa6469597be76cda024fa23251bc708.xlsx,0.9999813019228455
benign_sample_9756.xlsx,5.642280873367137e-05
benign_sample_8979.xlsx,0.00010514261731284784
dae399d19c1a8c47483b5e497162b578b48f0dbcbcb13cba9608fc2c57967e26.xlsx,0.9999992095770208
3eb668ea2da7b409d195c9f88f45e2ef6292d757f633a9886f963f7b2c08f5e2.xlsx,0.9999999999999997
benign_sample_1117.xlsx,0.0002664387895336727
17ba5272aaaa9fadb6f5ff7d21dc73ac18ac050da14556ca601a534e4c9c9e1c.xlsx,0.995933333836773
8cdbc01511f7b26c911b4f0e037240566396f37e8a1524aa3ae73d28e06b1f74.xlsx,0.9999999697120597
benign_sample_5519.xlsx,3.040284963962867e-05
2018a78eea0e3d38b14f5c700ec5a51e8d4328dd8c3d53f138daf5ee79b592d2.xlsx,0.9999999999999997
benign_sample_7020.xlsx,0.00043917680481431735
benign_sample_1400.xlsx,0.000304690038551127
benign_sample_7131.xlsx,1.9092386442237456e-05
benign_sample_7114.xlsx,0.6021004127600927
d56df5a9514c5c5bef2c023585991fec3d2b11b1abf1c9e0201108fc96337213.xlsx,0.9999999998795316
benign_sample_2523.xlsx,0.0001294926475949634
9486590f80f020c761e674ea7665653848d39e96bfb2387e65689d7816d7145d.xlsx,0.9275845319601773
benign_sample_9759.xlsx,0.00042236671303278334
8289618e998edf1a2d64249186bf13ae3dfa28ca9ddbd849897f5d0a9e61a089.xlsx,0.9999999997814064
benign_sample_1808.xlsx,1.9472995314310492e-05
benign_sample_594.xlsx,8.071313841341361e-05
4d6380cda62993394e9d4b2685d13111b4e3b13e039388993d164d3b869d5657.xls,0.9999865960174247
e4a3f566876c44effae56073565ef60b62bdee334be914d030e57d1ceedfea33.xls,0.9839176361056866
d98c61ef56224e9d3aa30d2616939b478b4e84bc2ede60884d1cc780cda0349b.xlsx,0.9999999739714127
benign_sample_4095.xlsx,0.0024864314208557395
benign_sample_441.xlsx,0.0038340430646395768
benign_sample_7649.xlsx,1.6434027275734723e-05
benign_sample_713.xlsx,1.7187657608976232e-05
f46572d373703e31f7866423d950b295ad1126968ffd8f72f109ffab39b900dc.xlsx,0.9999999949164368
benign_sample_9945.xlsx,0.00012900243204031964
benign_sample_2721.xlsx,5.946399757897658e-05
benign_sample_3399.xlsx,6.781227347753372e-05
2fedd40e83f6a524ce3537e41f66370fa76d664dacd6fd81e9a0750dfcc012a7.xlsx,0.9999999957241017
0f5a0717cf23beef8e71234d13cc6d9c0f0ca9ccf3ebaab1628eb29286186558.xlsx,0.9999813019228455
d22d33c393f0bc59810f95fbc6422a137a79a1d21cb477e0c51348f997457119.xls,0.9999889572253554
benign_sample_6490.xlsx,9.857866994534066e-05
46edb08cf155e4a16a9de99ab757f13db0f0476e71d5527e8a568a4b04d06f5d.xlsx,0.9999999592763212
ee88089aec2e4691ed02144d4284ca98520d87ddd5b59bc4031a63c036101344.xlsx,0.9989974428358526
benign_sample_4700.xlsx,0.0015280341170672291
c0ef7e50508b9b9d515170db25dc1da684171dd66629af37d81f3397258ab4bd.xlsx,0.966789889751829
benign_sample_1695.xlsx,0.14826170777387787
benign_sample_7736.xlsx,0.030237800974539722
benign_sample_2899.xlsx,1.9348934056252945e-05
benign_sample_4059.xlsx,2.858443857847914e-05
d19353c9a72d8ae4e9c19634d98230239b99cf9e05ba518425dde45cab54100d.xlsx,0.9999999941338403
09c7dad765ad807322f19d2a1882f6cc31ab3ecebaf54c0deb35edf64dbcbf31.xlsx,0.99999427611358
db6451c91152b1d4756f3adbcb9c044d5bc6ce17b09c674ba55062f54b94be89.xls,0.9999998866536357
benign_sample_7359.xlsx,0.0004060988678651534
benign_sample_8698.xlsx,1.7751324856942057e-05
benign_sample_4435.xlsx,1.932158220387655e-05
benign_sample_6309.xlsx,3.5185365643998846e-05
benign_sample_6008.xlsx,1.8772360853886298e-05
cf5c13cf1f418fe08bcaacdd2284764dfdcc11f0c829e8999088be08f7b11c38.xlsx,0.9999999948510103
benign_sample_5978.xlsx,0.00017342340698008125
benign_sample_4213.xlsx,0.0018583382369630468
9220ef73f63575816765ab9c63a2b397352d6d0d873132c752d826544894b1d8.xlsx,0.9996467573923106
987eb254efd0f44e974cf17a3815abff007795bd5b2a34f31450364e3f49d9a0.xlsx,0.9983333025164304
7ec15e4adf6e99a09b16f531dafb260450682e21b599ef550613695ee1bb145a.xlsx,0.9999909065696276
benign_sample_7913.xlsx,0.00021357055741207283
benign_sample_8302.xlsx,0.014285206504608572
benign_sample_1184.xlsx,1.698435778061531e-05
f8e25200d2f2ea922d3b28b415be80f487587f94f4cdde4fcce78fe2fc4be57c.xls,0.9999867888695356
5de078ecc2c47433b42935ef80cffb9bf5fc57c3b82990a5d5901c9a1a9778ad.xlsx,0.9999998754089404
1690d539f5b27c4bf8d0a988aac7c27bd7a0d1c86d01c253ec713962e4baf3cd.xlsx,0.9999858339024442
cb911e54792955b8ed17527c794a1870e05694007ceb80e8e217ca471cddfa05.xlsx,0.9799988600544087
4948bef6546f42802212ef209faf81a4ed855bea2389789cf70dc4449694e53c.xlsx,0.9999950165453719
benign_sample_1416.xlsx,7.723183758689884e-05
benign_sample_7813.xlsx,1.762643697168111e-05
benign_sample_3210.xlsx,3.276209081590424e-05
7d6a9645c7c07b8d69f5e9926d4eac560aac8e818b970b040511a961db82e257.xlsx,0.995933333836773
benign_sample_854.xlsx,0.00010750061489830317
benign_sample_345.xlsx,0.010968862171454355
af11a0f26870e750441bc6fa6dec51d1fc2fcadd9a92cb1152f72c0f64fffc39.xlsx,0.999016636053429
benign_sample_5851.xlsx,0.00013158997505689974
fa8008a2015d2d78b610f11d188c2bf2a1809ff447ec611a8d409319a2523544.xlsx,0.9563824427961934
f5a432df7db24117b43d797eb89f27402721eb441817ad1dfd52c26168344a66.xlsx,0.9999830723828117
benign_sample_120.xlsx,0.00026122712138556284
benign_sample_4986.xlsx,0.00041226457582918687
benign_sample_9529.xlsx,0.0002321261112180528
660df590686a734a2ad01f3d7cb90d7885d1c3dbb2a3995c6459af638c164b3e.xls,0.9999855897289726
ef6a3ffd6919c365990cf5b55d4c2acc33414464b2e4312d4fc80c43afda4b21.xlsx,0.9999999684204495
benign_sample_2844.xlsx,1.5893018944397193e-05
5a33c34cf8e01e90aeb70057a45f68d3191393c5bf6258421c9d4bf4b4efece0.xlsx,0.9983333067004742
f1155b6e6f324fb848f00d743ce0e1fb0899163fc651b79261d65feb79342a4c.xlsx,1.0
ae51f891d29f8245b2aa824740555c96778a88222007463b19026f06bfd726dc.xlsx,0.9999999949164368
benign_sample_1905.xlsx,2.1230018692833422e-05
benign_sample_9981.xlsx,2.0386550352953986e-05
benign_sample_5705.xlsx,1.6678548992132474e-05
benign_sample_8113.xlsx,1.8832165502320577e-05
e6c1ef1cfe390d3ca6ba723243346bb406adaf50c521019f698eb9f1df8975dd.xlsx,0.9995287042223387
benign_sample_4537.xlsx,1.9443691470204632e-05
89f4e676c8fbce6ea735d81e3397af4ac88ac94f7bf9df5bda57ad8e967600c2.xls,0.9999867888695356
0d743ccf88032d7a86ccfbb39c8d263b9007357bfe3304f05e571b1e89765b92.xlsx,0.9999999612938351
9f525d99d27a8f4f8590d248a0cc4a899dd7b8f70a196289c958631fdb24fdc8.xlsx,0.9756113858457361
benign_sample_3022.xlsx,1.8745109123343134e-05
benign_sample_723.xlsx,2.55377337914809e-05
benign_sample_1744.xlsx,0.0005179314045377258
benign_sample_3188.xlsx,1.6322166268469882e-05
6afda2d60e7c37fb470c77f3b26288a71263ea7b425e559bd50391f0a4f376ee.xlsx,0.9976518347069213
35c4c43eda9dd6fede052b8c1bf18a910f3e115d06ab56a08b9c713f644f5775.xls,0.9984160026426933
benign_sample_1449.xlsx,0.0020805921114637844
benign_sample_7172.xlsx,2.9686255060797678e-05
benign_sample_6345.xlsx,1.5632751691364426e-05
4e7cf70236b86a8c77b3ddb0e0196a2fd48a63c569ba76b3c507a1659e469545.xlsx,0.9941059241995988
7ada3f791838033e3140e7909432e19a3d257fa107588e99cf88a00dfeedb4b1.xls,0.9999860233211023
7d2fddc59237b7d398c3918a1894f9cbe94520fd31971fa742e19547257d5efb.xls,0.9999889572253554
benign_sample_273.xlsx,1.8108496765726685e-05
7158f5550f23cfdf560dba5a18cf207adb59d25e7949f74eff48f9d2e5ac983d.xlsx,1.0
9e4bf922ab4a78de5f581af1c78accdd8c3bd740306e4d41e174fb37f50c4e96.xlsx,0.995933333836773
benign_sample_1290.xlsx,0.00044179055603269874
benign_sample_6257.xlsx,0.003398301667837592
8023e603667c11210438ac31e676a9d0cf890ef840c2cd789f9f50893ab1a63b.xlsx,0.9993238012275905
19b7d978a08d120b40d7ae243aa662908652d93b7d5796b465bc95d4dd4e81ed.xlsx,0.9999995506812542
benign_sample_9058.xlsx,4.3845768373965126e-05
benign_sample_544.xlsx,3.534251896316036e-05
benign_sample_9591.xlsx,2.6891215073897982e-05
benign_sample_6120.xlsx,2.0410995405810854e-05
f7cc69af65756651b8538d308f9f23a2e3fab3216fca3c702018a0a1eb45ba1b.xlsx,0.9925481452698995
benign_sample_1053.xlsx,2.8737780169506302e-05
f976ca4c73bee0ef6dfca7c9f9c6b99c118810e2b96350e4e3e0655d07a106f5.xlsx,0.9999999940483234
benign_sample_3806.xlsx,2.028973223498777e-05
benign_sample_5653.xlsx,1.529078957055808e-05
benign_sample_4255.xlsx,0.0030214137284436562
b2b2580033a30c6968323299d17e8d379ff664b1be67dbb687c273510c6687c0.xls,0.9999889572253554
benign_sample_5555.xlsx,4.24613451093771e-05
d560b66fa1176790975b7682e03e63c03b31e0f9b12396cc768684c8a3a1c3d4.xls,0.999986721806945
benign_sample_1757.xlsx,4.7757524241834124e-05
benign_sample_4474.xlsx,1.8706024711321192e-05
186256f38d5f59192f05f230bddc77dacdb308d45711b0442935647ac07ded28.xlsx,0.9946518531634139
46704d6c1defede7337666751756e0e20f4042f577d434f4970d3ec24419493a.xlsx,1.0
benign_sample_1549.xlsx,0.00011975454788992411
benign_sample_502.xlsx,2.50550762458666e-05
3bc142f146c982e6da89acbbafa0c42a8431e42692c3e38e090a54e89b5b1022.xlsx,0.9999999949164368
30048861ef8eedf1273ec5c34528d9dd9155528113535945945029cd22d1c387.xls,0.9999889572253554
1c054ac7db61da52fa4754a8a8bdb85cfbbd3cc77894a6279b4f52bfaf0f7341.xlsx,0.9999985068951275
a0a3568f483239adaaf0e7e745c9791605a794f62d3cd44ebe18171422d00510.xlsx,0.9925481452698995
benign_sample_9439.xlsx,0.07329485862106754
ac25fd2da95c7382c1d2c55bb189023f4cc378b07c04e31b026441df156bb26a.xlsx,0.9999954436121755
855bc16a60182f0d786fa3c4dd1acdb743141b0af323d786ccdd0e43ce397e02.xlsx,0.9999999670849972
2613c1bc550241501fcac23737817f6921d7f249647e829b34a9ce7b71b2107e.xlsx,0.9999894161353433
benign_sample_9909.xlsx,0.0003596511379204785
benign_sample_3782.xlsx,1.6674547382924354e-05
b036ce2ffeddaa05f29adde09fc9b626eead250efb4b123eae7320e385f2bbf0.xlsx,0.9925481452698995
58c2ed34e3236d5b8c33923354e9a6308bb5c58a16937e047363dc37f82cdabf.xls,0.9999889572253554
benign_sample_8126.xlsx,0.0009695972207724394
benign_sample_2588.xlsx,2.7743961972806173e-05
beb169971adc459ecb6d4502feff0946463223668bdb27a1598d95655c2e090b.xlsx,0.9998933826531523
benign_sample_4842.xlsx,0.001984935165319473
benign_sample_899.xlsx,2.588384153344874e-05
2ccf6ffabe7df141d88910bdc77432f128f8c0de815d2ae9744a83c2c713ba9f.xlsx,0.9999999999999997
benign_sample_125.xlsx,2.750503783849718e-05
97900f5ab6be7f8c27f4c7618f73931ca14edabf70fe8557ebfc4b45bc625aa2.xlsx,0.9999998867096179
85c439483030b944fb17084745b19584393e0037b30d3a1d2d57e1b637915fd5.xlsx,0.99999748847596
f198db827c2fbd1b98da2ac24ec2a527f53bb0e941084ae3cc5c1300a036149e.xls,0.995933333836773
2d5c95525813d0f2cab5b7b6f3b6a7fe7f67fcfcd25e0f62846c97b9d515889f.xlsx,0.9999999999999997
2d987e979b47ea6906e3582e131a522dfc0bae2b7e65aa2bd8cef5660f2ad55c.xlsx,1.0
benign_sample_750.xlsx,5.2748413962907204e-05
46c12f5c8756ca8350381684b013fc9c7ba9336a485ecdb4c093541a58c7e431.xlsx,0.995933333836773
benign_sample_9325.xlsx,2.2243735847846805e-05
35392975847b3522e56edec7a3fa73f6059fdc7e42cc3dcb49ab7937d3674f25.xlsx,0.9999990076558011
benign_sample_9465.xlsx,2.6229834585420693e-05
benign_sample_1381.xlsx,0.0016786770078412825
1f076ed2c7772855373d58dbb621152e2b42fa2ce5ab9de049cbf4dd1f61ccf1.xlsx,0.999999206747373
benign_sample_4126.xlsx,3.1915693894075664e-05
benign_sample_859.xlsx,0.0003896089978024665
benign_sample_5343.xlsx,0.0007294862418047789
benign_sample_5505.xlsx,0.2327350717543573
benign_sample_1093.xlsx,0.003384670463832232
benign_sample_2326.xlsx,0.00012744387411574643
benign_sample_4756.xlsx,0.00021654671179965152
benign_sample_5990.xlsx,4.323501488827843e-05
benign_sample_4723.xlsx,0.0012008362291417408
e09181ed8b08988e209d1ed322cc2059a11a71f2effcea59e72b61fa1134cfda.xls,0.9999865800886484
benign_sample_3091.xlsx,0.0008007019358709206
benign_sample_7994.xlsx,0.0008056472922920267
benign_sample_6449.xlsx,1.9366328349404863e-05
benign_sample_720.xlsx,2.000131383908197e-05
benign_sample_5784.xlsx,2.3546858026677592e-05
benign_sample_389.xlsx,1.7941762859909794e-05
benign_sample_7510.xlsx,0.0005572584030605648
benign_sample_1605.xlsx,1.83688839267287e-05
benign_sample_8443.xlsx,1.696631801152038e-05
benign_sample_9033.xlsx,2.497867383751803e-05
d528bad25dcf8d6bcf4b448e711dbe276cec9b45db6540feb120a94517adef83.xlsx,0.9999909095554562
benign_sample_8579.xlsx,3.049637646672883e-05
benign_sample_7801.xlsx,0.00047962109299936055
764a449030e163d6d5d140d021cc71633b4c2a0eea66076a9eb44aa5ec20245e.xlsx,0.999999999999999
1344589e3f12668b5e894cb8764d72dd53e39d9e917e090ff7263da64ecbb6b6.xlsx,1.0
6b192afb61f012218c2a7f1af299565720528d77462cb940658c4cf3d9adbe84.xls,0.999984679143302
57c8d8a165abbf392187483caa19c279ef5e880f9e7715647736d39d2cbb1fcb.xlsx,1.0
c6e1b5a7064867a73604fd6aa7ab477793b3ab1e2066923cf74254ef4bf931a3.xls,0.9999867906727102
1ad6e5e30658b7e24ebd05b426df232fef3f30b894fcbb54fc3e7d4ab48d47e7.xlsx,0.9999992149725662
e5e271d771f5b49f2e013d307b3958ad97e05365e3228592fe5f1bc2c423da91.xlsx,0.9999999684204495
2ead5d2e5bbaea0f1171bdf32e02a5e8d85658534f353a4f7e20b0722c3b7b27.xlsx,0.999997855770283
9e7603363491df455c50b5331d4a8ce7a3fc461950369d6ffe8a5d749c4cea30.xls,0.9999889572253554
benign_sample_5234.xlsx,8.047278050783792e-05
aae2cf00546070edda9898e8439236bb06001d46d2649d8a859a5952bb5229dd.xlsx,1.0
benign_sample_2587.xlsx,1.8597180628976818e-05
benign_sample_8835.xlsx,4.027679455601717e-05
benign_sample_2818.xlsx,0.02244624974381842
fac9e99d763f8b4d25ba39ae746cafa3faa4e990f62c4ae949a1d37ffc9c9b78.xlsx,0.9999999999999997
benign_sample_1439.xlsx,9.319088610116168e-05
benign_sample_2449.xlsx,1.751601584504992e-05
25d50aeef9648cb057642fb6966f9127c9e95b60b590874b59345efec66e4145.xlsx,0.9999999224102324
c798c36945ce5019c2da74fcfdde7c648c90417669d8439db428676a1006fc3f.xls,0.9999889572253554
benign_sample_1730.xlsx,0.0014241166948678822
f37cdb7579a8b57ff8517959cad4641246121401874ff139a45bbeed5beeba74.xls,0.9999852567673798
46bab62e3991c725d457054fe0cc33375ed7367170b1ff0dad4f88bfca97c4d7.xlsx,1.0
benign_sample_4469.xlsx,0.017968401977256226
benign_sample_222.xlsx,0.00017664725216297037
benign_sample_1775.xlsx,0.00038312917527156404
5b9e75507ad88ff38e632f421b8d8d185f84a7e818db268f4f11f65dd6ef8804.xls,0.9999867906727102
benign_sample_9051.xlsx,0.012591926326718912
95320273ee1e3c3c39be781056cc8c866ee139c82922e6c04a103654f69c9d8c.xls,0.9999860233211023
benign_sample_9220.xlsx,5.167038583737274e-05
d9089fe3d7c307d479bb105afc6f26b84d60e4d0999a6c09268f9b4834f498d9.xlsx,0.9999998259327567
benign_sample_68.xlsx,1.875837818585305e-05
c8004a81642c3e18166263664240f532da8735ca28bdd4614e22480100276bbd.xlsx,0.999998501689527
842896955856e1ac0460baa33d1c49662f92e8959ca3855445283657541c02ae.xlsx,0.9999999941338403
benign_sample_8999.xlsx,0.00010456435278289798
benign_sample_6304.xlsx,1.7014451024400824e-05
benign_sample_5632.xlsx,0.006946547651356064
benign_sample_5837.xlsx,4.1695037580317045e-05
ca15531ed3f4a307640b0dfee0cf060a12f70d9206e6f8ecbc1bdd9a546751e5.xlsx,0.9999843161676242
benign_sample_9157.xlsx,0.007755559157158139
benign_sample_4457.xlsx,2.4207625157107685e-05
cd612387cc4572dae8d0ae24dbdc0614b8347233c5b80f5bada6e2d75efff920.xlsx,0.9999999936475487
benign_sample_2679.xlsx,6.754426177948157e-05
fe7b3788189632bd4b0196499a041a2ee14fbc420fab89309bf9084e3634e0b0.xlsx,0.9999999949164368
a53ebd9766fe2fa24f197342a991c3a5dedf9525f3531ac1a287136c6d51a773.xls,0.9436225435500608
benign_sample_2307.xlsx,6.995189100490988e-05
7d6d55d1698244ffb80566752ad25de335f5b77e8d346038c01e60cb8a164555.xlsx,0.9990236630275998
d44d329cb5be598dbd47672173ce5fcc9d6cc286dd564ef81c861e9a45327354.xlsx,0.9999973297648531
benign_sample_2814.xlsx,1.7172557153571716e-05
benign_sample_2959.xlsx,1.969130445636046e-05
benign_sample_5331.xlsx,0.00019799050119181645
benign_sample_9137.xlsx,1.6225758608606886e-05
18fc072eec1b9288d782afd22da11ab875fb3b7e326ac16ec3fbcd7bf691a64c.xlsx,0.9999999957241017
195f8028bfd632ee22ff9c3e25de3b118f0847fb21fbe91ba722ecbbfa5f2869.xlsx,0.9999999999999996
benign_sample_2187.xlsx,0.00016485287653482408
benign_sample_8417.xlsx,1.89550755807578e-05
benign_sample_4497.xlsx,4.3209700762078145e-05
57666340938461d1292bdbe7a7b24153c98d15483e7caf2e46d519be2c7221de.xls,0.9999889572253554
benign_sample_4233.xlsx,0.0011966724957673408
c3d42d6d38b3a9255688f4b4503d3e168df135e0ee7b6320c3fb57798c1bf820.xlsx,0.9999999612938351
benign_sample_5353.xlsx,0.0004400576414023239
0b0b4cc2250472334bf9715053c37395b86bdd06e10c20eb58b10fb16c40e035.xlsx,0.995933333836773
benign_sample_3575.xlsx,1.8503937391341248e-05
benign_sample_2036.xlsx,0.00016383801120950858
7f83c03d012b2f1ee697c9a934052e4d93042bddb4c86ea0b656c62ca7754264.xlsx,0.995933333836773
dbb008087547da45c1c2865a4054ad96dbc938e332b521e47066dc31894fc359.xls,0.9732315055290034
benign_sample_8316.xlsx,3.8955310400098944e-05
33bf259d6024b79a9494fc75538be763a3d517a1f53aea9bb6c4220a69036ce1.xls,0.9999889572253554
a224de0a20a6099cc5b59ced3c0a0fd69e34334b33cfa024e4fe9e968cd2443a.xlsx,1.0
benign_sample_8566.xlsx,2.3605885690790903e-05
benign_sample_9012.xlsx,3.016559741516873e-05
83891f64a3694da5bd21a681413893e58130564583f1969a8e7f2e1460a5e008.xls,0.9999889572253554
benign_sample_3735.xlsx,0.00013345211245105045
benign_sample_6107.xlsx,0.010371769381266365
f91aa9407c191c1adf33a3bdd9549bf45e7dbc246b807cedf54e555f47e3476f.xlsx,0.9781338486609017
benign_sample_6171.xlsx,1.666360231001467e-05
benign_sample_5479.xlsx,0.00016191021458025477
324ac536332c69fa03768e090d4f27512022b508fefea51ee86d7af3dea3f18d.xlsx,0.9999909095554562
benign_sample_9868.xlsx,0.0015430213324977456
benign_sample_712.xlsx,4.3434736800057447e-05
benign_sample_6164.xlsx,1.8529922251989046e-05
3bab2e9fa3e82b30c7531368db896f8f47916bbe52b29e285e83b8779eac34a9.xls,0.9999889572253554
ca072abfe00643482cd9003e246ba07908c5e1c8c5f24cd5eeb2dda84ed3b1b6.xlsx,0.9999992133025573
benign_sample_9931.xlsx,1.7147858570520936e-05
benign_sample_1677.xlsx,2.040852297979085e-05
benign_sample_6145.xlsx,2.4103318807307037e-05
1affda44c331a76ddbdbaf11c67335fc52e5cb8021ccedb839f6c2dd05cbaadd.xlsx,0.9999999739714127
benign_sample_5768.xlsx,0.0027662651915179195
301483674147e4dfb2480f337b66d5a0f4702d8fa31d099ece2eda44d15420b4.xlsx,0.9996788619901956
f790f80920a6bf4c53ffb43269df9c3abf206d44bbce5f6b4e1dd2edbf7d5e95.xlsx,0.9999977111838034
02431f7e928e4d96918d9edcbdf7e6ae5137ed8a634d6af14177d92bc16d941b.xlsx,0.9654627319949941
7c7294e1275326309651b1fe84ece3d74450c724980ea455c116eb8c819f8919.xlsx,0.9925481452698995
benign_sample_5763.xlsx,2.2907255167542375e-05
benign_sample_8575.xlsx,0.00012950595712370383
benign_sample_5216.xlsx,0.003293955492376358
ab087e7468883380684b44942452106b5cdc7f32e29d75cce2567395b7439fc1.xlsx,0.9999999739714127
aaa97571b8c811109ab623de66ca34027193e0e78835abd187f6c5750fc1c6d2.xlsx,0.9999950447112785
73456575a84d9c7e20d29b3634df110e39510cb46309ab9daba7dd5aa1c71b53.xlsx,0.9925481452698995
benign_sample_6977.xlsx,3.492024090730797e-05
e7a67a1eca29ecf82c72368237d59f22dcb5824ea73b0bc903ab0b8782d6045a.xlsx,0.999999007809115
4807cdc27df6ef941f085ddac899144c15fbb87570f753ad9ac662fec622e378.xls,0.9999867888695356
fa167d133cb53da59f334ef6b12b264ef4e716a595084b6f922c4e447ea3def0.xlsx,0.9565981663857634
benign_sample_5595.xlsx,4.181279957284266e-05
2f6c495f823cc44f3fcae026dc1e427221ed71bb75ea9efc04194eace0a2e33d.xlsx,0.9999999941338403
benign_sample_3100.xlsx,4.3146882126237226e-05
808bec7e30b2fd0abdfcdb4623783e0b64a9827d26d397d37bea35aa483c83c5.xlsx,0.9403764573431331
5c23e28bdfae3cda34ef9022594e4700d76df2beb1ecc748b247d3772d7a41ee.xlsx,0.9999999592763212
benign_sample_9883.xlsx,1.6997963713945278e-05
benign_sample_8947.xlsx,3.4214369751820024e-05
benign_sample_5839.xlsx,0.00047523470583035954
807fdd9b7eedcc9c31e4f21340d5806efd0e8648ceccc149701e174404871f5c.xlsx,0.9999999997814064
benign_sample_8657.xlsx,0.00383179272464465
616dd765e94640fcb2ce62f326fe178db17373d5b53b5d4fa26210eb48c9db59.xls,0.999986721806945
ae870548094232fb8abce47d5227ebc734c1c3bdc76e908d33ee29b452c4d09e.xlsx,0.9925481452698995
benign_sample_6361.xlsx,0.01972580004238743
benign_sample_9578.xlsx,1.7357734575414385e-05
benign_sample_4742.xlsx,4.2150190181991034e-05
benign_sample_1712.xlsx,0.0011109740518297218
8c857434bca142d39c6ee27bf4c0b21ddc866b8296d2b837c7e859630574fb20.xlsx,0.9564940403063921
4be0b8a18e39d2fbf71f5e7208d53ddd827230dbfe641d2b4f6516b57c252ea7.xlsx,0.9999951651576989
benign_sample_6935.xlsx,8.761032722347299e-05
benign_sample_7622.xlsx,0.014008976261536474
benign_sample_7979.xlsx,1.712541037079606e-05
benign_sample_5066.xlsx,1.5939661609226776e-05
benign_sample_2360.xlsx,8.934047587026764e-05
70e2ee8b1f6b0e1ce11bcc789bb964c890aa828f43190ebafac0755e1b887578.xlsx,0.9999999997814064
96cbd938729624e7183ff620da14030812bf8b7ee7c3102aaff27ecd8c6dc285.xlsx,0.9999999697120597
benign_sample_1064.xlsx,0.23374596636351272
8c81c7f1352ee950ed291fdebae7d16bf485eca7c21f2a2a83374da950b98896.xls,0.9999889572253554
d551a06a344b2c3f37af29df305f4273a4ed0d9e2ea8fee09b306fef72acce3f.xlsx,0.9999999998795316
benign_sample_9709.xlsx,2.2374145932420725e-05
benign_sample_9077.xlsx,1.6936453504198365e-05
d09eb9b71b6d4b84ff4ce001ad53ce07bc8276fa01ca1bb26c3209dc0587db19.xlsx,0.9999999998795316
benign_sample_4642.xlsx,4.289547240284382e-05
benign_sample_2102.xlsx,0.0016818470779459728
032f84acebfa4a2ce7c57910b7bc7c28d828f14058a40e39eeec487a01e3236d.xlsx,0.995933333836773
75798031500c5903fb5b84db6bcb1347c361b799640be2734189cdc7ffa3dcb2.xlsx,0.9965957288701309
ab4bd35fafa08fd3d32a6fa5df49c0c51104ba7ac64ccee076797e90a5ab524a.xlsx,0.9999952361108712
fb454296cc6afa402e996db02189647636d10ce20930f8f57810d9175ea50710.xlsx,0.9975654991334776
d0c273cdb1f491d4d254c7c8a8bb436ec4c2f57b79ead5da16035b91fc25a201.xls,0.9999889572253554
291dff5db4c5614b9c0e778810c50a12e23259a8c1b0fad6d972cf0dfaa68b2f.xlsx,0.9991079256890328
a4b897caab7668255e8c84808b12e4aad213b800fe87dec34ced3853cf3d2bb2.xlsx,1.0
44e93cb3bd2fc2536ac0a3affd7ba5d2e75dc9b511941dc77ba07813393ec46d.xlsx,0.9999876649559619
78a2997bbe71067fd7a7c55bc9c8ef40e49f1288157367bb43f2cea4c9a99c47.xlsx,0.9999999941338403
d088836f4f0c2f2c4373775efde86cfe53ca20ed3a37423889c78105e1749576.xlsx,0.9999999999999997
benign_sample_5876.xlsx,0.010365240566756929
ba90c3c617315896df9fca8adfe8ecc57cb8a513af2b7e2941a421e136d7520d.xlsx,0.9983333333333334
benign_sample_6858.xlsx,1.8179605297383742e-05
174244c137742c9cd74448f3e2c7922d7b01b55c32c29b41ef1fa637b7b21f05.xlsx,0.9999999941338403
34d876256f2fc82df6de3c7a5c2cff709723fae2e0317d0c2451a95ca38ee9d9.xlsx,0.999999999734519
c25944185c3028763c67bbc31accb511402fe4d63fcabcff5494ef10361d7767.xlsx,0.9999999781986979
benign_sample_1870.xlsx,2.2289340564481214e-05
benign_sample_6078.xlsx,0.11310585321856749
benign_sample_1162.xlsx,6.227173609300135e-05
d969f158cd072378c667fe7ccfe94ac88ca2571c04ea4032062ab601700c6312.xlsx,0.999999964451359
benign_sample_5477.xlsx,8.141620998127997e-05
benign_sample_7401.xlsx,1.757857698513406e-05
benign_sample_2621.xlsx,1.5661791556994194e-05
64825f1053e2b84f1722fa107fb145a1d75eae2332ad47973a102f015a7a9d33.xlsx,0.9999999808001553
7112663044e3710696404800a8fb5d336866e0e3e332ebd1cfe2e787031268f0.xlsx,0.995933333836773
benign_sample_7706.xlsx,3.309809842665901e-05
b0def8f7fce1dc1788b3d82407ffd47cf0b6d84ff47e6f0617626d22db091dc9.xls,0.999986262081397
benign_sample_9812.xlsx,0.00033346783926662695
benign_sample_3831.xlsx,0.0005702637793385754
c19d6e9aa5e868a5a0c657313cd901a65483c6434d86fe62eaef9ee0712b67da.xlsx,0.995933333836773
benign_sample_1262.xlsx,6.407816725464094e-05
68b954c9cc850cefc7e6bd2c1e6279c0e28db9b8fc441cbfa820df88713833de.xlsx,0.9999998864134202
61e7a5bc6dda4cdf7d6c21edbabc61b22a616014d8648a8d43a83d03f5d75d61.xlsx,0.9997373541267893
e147d79507f26f5c5e72eebe0551cfca64e2675e91537385e0ab61bdaa634829.xlsx,0.995933333836773
12de42545f81238728010f5c504351691ce5692575edf2f43e92c315071bb62c.xlsx,0.9999999999999997
benign_sample_6720.xlsx,3.682943053031943e-05
benign_sample_4154.xlsx,2.2044784147069008e-05
93ef5896597de000c118b5c416af93afaac04629375ecc52bfdb6de460526972.xls,0.9999889572253554
37dd9f3bae82ac2c5d9ba22974194058fbe9d9de23941450763c481f2a2a95d2.xlsx,0.9999999450675401
benign_sample_4629.xlsx,3.0485977660241694e-05
benign_sample_2220.xlsx,1.6466592864968105e-05
benign_sample_2950.xlsx,4.887399239251404e-05
5d20db9540bd127ce318387c8bc765ff944ed4cfe8e955c8bef6eda0cf8f0d3b.xlsx,0.9925481452698995
3dcb810f14a87f0a7d2afabc3c58d6f4da3332ba8fbb010028ddc9fd4410b69b.xlsx,0.9999999684204495
benign_sample_3336.xlsx,0.000634495689383684
a9263f30fe818945fcdc5cbef781400058e012b1605efb63d1d4e4a432d41160.xls,0.6486027749461519
883e029af2f82368f65c3140c8f87278b79e49046bab8336a56d2ce0a93a7605.xlsx,0.9925481452698995
d55594b1506cf7f897fee80988335545339f931c9fb2bc3b6026028cc234c729.xlsx,0.9999999997814064
benign_sample_1254.xlsx,0.002055142382169504
b30fc347bab4ebd6430a5b473bbe50fd7da8c3ad36892b7b2900f461b1c3539e.xlsx,0.9999830723828117
69731f00afe7845006edfcc160684a7104b00c461bebaa23b5821504f167ca9c.xlsx,0.9996467573923106
b46f3853bc2f245e45ecb5103a6b586306cc11f8cfe0913ff814c8d87e93e774.xlsx,0.9999999998795316
benign_sample_3043.xlsx,0.0007952578436569367
benign_sample_9806.xlsx,1.7183371132077522e-05
c51858256a9ff93416dac81c402d79795e073e882dc184180327a81969c7b75d.xlsx,0.9990236630275998
be4362d8a28f79705f8c2c33dd6c9b92929a781591fd5c0d5d8dbc0b111b3e21.xlsx,0.9999983109400792
9d7a6fc589813831ba2539376a2acb2a58adc43791f927f25fdd33321a57a6e8.xlsx,0.9999999612938351
b3920ede40455fca2fbb1edfc6299d2491fded7fa6e7fddb4a1fd4f74bfda921.xls,0.9649311449214834
1bf257ed4d82c54cb0e46f16b663149d8e20cebcebb5c708c0ecc716633d92bf.xlsx,0.9999999997470769
e6c8b72493b524a737f5b2c2b24cb55a14ccccfe9ffef6032f0908550f3e42e0.xlsx,0.9999973261691314
benign_sample_3838.xlsx,6.285355004788302e-05
e4d344a84bf735782bca0a1c83ab061987b89f9186fe310d7aeae1aefd65bb9c.xlsx,0.9999999957241017
benign_sample_3288.xlsx,1.7268719325616895e-05
6468960b1c0513dcc7b20e7136fcfb86a0640e7d3d5023e8d471093a758bac6e.xlsx,0.9999999739714127
benign_sample_4000.xlsx,0.003758541475803996
19cbabae648cfba0c00da360fbbd3bd9e5e94833cfe96d9eae8ba8f664097da1.xlsx,0.9983333073792622
benign_sample_9221.xlsx,1.739127544514986e-05
benign_sample_3294.xlsx,3.483397888965432e-05
1cf188ef0a886198142a0f4cfc58b0f8633065da211ec87bd2915e1a2cb6ecc8.xlsx,0.9941059241995988
a42ca13241a880ca5ae10dfd1e035847cdd8c76f58bc47e273898bf021dad0a1.xlsx,0.999999964451359
benign_sample_9371.xlsx,1.6648537227137197e-05
7c22085d853d3216a6d08f10ae779a44daa678e362ac597477f42ef2fadff5d2.xlsx,0.9999999936475487
benign_sample_8518.xlsx,4.876684385626364e-05
benign_sample_6121.xlsx,0.059757679927848965
benign_sample_2180.xlsx,0.023254448081200085
9e16cce4770cb9ea868653a7afd1d11366445edeed220c8cb13e43b6e38f5b70.xls,0.9999889572253554
803dbe4358ea84a8013942e1b5a8b897ac8ce4144740d1a6f7bddb47da4edb7f.xlsx,0.9999968407518076
b37117cc269557c0e2b9390792bbcad2ddc951ed07892f7b424cefd2eae73ba6.xlsx,0.9999998868054254
99afe075be74f065d6679470f7e5c900c59683b7530969fac7ae9aaf02e03b6d.xlsx,0.9999999612938351
benign_sample_7683.xlsx,0.09601129388443459
aa74698bde639e5d77f732d0e0f3b70f365f28b8edc249d05834f119af7126f1.xlsx,0.9999999997814064
benign_sample_1745.xlsx,0.00015610612070157727
856971479f118377817bebf83dd614799d320e1383604c67315508314529512f.xlsx,0.9971829097248018
754118af18e2c4e6e672fd5d067467c59026576573892fd40cf6e1050dd4a057.xlsx,0.9999833273602107
benign_sample_1954.xlsx,0.005065667350779727
benign_sample_5323.xlsx,4.829086954636093e-05
bf41dc46d8bf434f7996b658e0f0de179f42deac13ce1790702d371977d4466b.xlsx,0.9999999997814064
benign_sample_9338.xlsx,2.181503502905067e-05
a0823e0ce21e4fe7f1e0a7c7313d5a76e2a8b205ed83caa60cbbb10be60c5b5f.xlsx,0.995933333836773
benign_sample_2686.xlsx,3.49292145861121e-05
benign_sample_1974.xlsx,0.0003377946798716293
01bc706157d45619dd45f1a988c7e1ddfc47a2335a79b9ac87c64aa3398826ff.xls,0.9999867906727102
benign_sample_647.xlsx,0.00023524325883087858
cfce9ab9263b58cd21cc6febdd0c89920613436cbc2c891ca460e8e7dde5fabe.xlsx,0.9999999670849972
9f82f7f74b4f5846edabed703195f6bc8c573a37507c51cf1e5545ef81e1257e.xlsx,0.622906020250591
benign_sample_4697.xlsx,1.753066467959595e-05
benign_sample_7256.xlsx,1.6164383302309048e-05
6a7dc42d944f5e6ff170a707ada2e74f6a61a24f024e6a27e7a4dcf23e0e48dc.xlsx,0.9999998867096179
benign_sample_5938.xlsx,2.1990844689205098e-05
c2d340c5925751b125733c8bb7f0c66dfb399a8350fd3b9c966c8f136d7325d2.xlsx,0.9993238012275905
c1b70fb4d8100bee0ed1775e84b22375424a5654de1d2d6eee6364b2a9ad8952.xlsx,0.9999823924866676
f10eb04ba7b321fc095ed71adda584c9ae7bdb3594957b97b02318d709186fbf.xlsx,0.9999999957241017
9bd1c77cb5fb52f378a482970f58c99261de2fce60732d4264bbb540c4c05122.xlsx,0.9999999605520123
benign_sample_8596.xlsx,1.5799447922817844e-05
4d6bc8f7df3ef7c6c77fd6ed3aa6049ebf8de53e8cc28bd075c2a64df63687ac.xlsx,0.9999999808001553
dd229ae6a41bdd03ea44991452355c9eabba0c18d5e9f58ef7260f4be76e4b32.xlsx,0.9996788422758778
benign_sample_6571.xlsx,5.1935483671187143e-05
benign_sample_7940.xlsx,1.7664061044094966e-05
2a6885a73de2403b004b372e25667f7c01e7ce0203b4420a9b383df02b9216ce.xls,0.9999992083051564
8f029aa7215c20daed8fbca78b0b22744a43e868d3c9b5c24f8503e3bcf141e4.xls,0.9910969071236013
72a6cd224d41b2d4522d4b1ac396a5993ce7aa9614f58a935a0088c091ebe9a3.xlsx,0.9999908687197833
889d7b0a4b718ae1c1cd1d2c16e42e03ac256216f57386314d27d93c05288869.xlsx,0.9998580764796875
933183fdc32de892d62509eaa681b43f29ede5fc428f8a51995d4057e6f2059d.xls,0.999986721806945
benign_sample_2029.xlsx,2.4869380717382444e-05
f8cdd7261455c2df521aa36428aa224d4d0318e380569430edd8072eb891b957.xlsx,0.9999999999999997
benign_sample_1471.xlsx,1.6119981373643915e-05
benign_sample_5020.xlsx,1.529918976593546e-05
047798d228aa74d6b3066e786f8456d0c252f61017989ea48a49d5b3b8d8d914.xls,0.9999889572253554
benign_sample_4923.xlsx,0.004802301637584421
benign_sample_5324.xlsx,7.753070492875338e-05
benign_sample_9558.xlsx,2.025128981815439e-05
benign_sample_8453.xlsx,0.23767363937495692
6835f285bf5a6d6ae72794eca298eff63f2095a31d7c94b4626634fb2ec49f9d.xlsx,0.9999958267518817
0f92e268cb31da7254179a9f0a5bc51791bd682af5cabae6142c996acc620eb1.xlsx,0.999999997060776
162f6c1960c11bfb4b3de2be4a747e6c370859404aec89d5b9dc2b6d61c7bb42.xls,0.9622033766815367
benign_sample_8158.xlsx,1.636373209715579e-05
3cc246549d3ddc24d9c828bc30b1a0583cb2d332e6017cd9fa9d7fb080411db4.xls,0.9999889572253554
benign_sample_1753.xlsx,0.000734611542741968
64d5d6a68b2a96cf1a93d4c2e3b80dc6093fe07ce804cfafd2f5c01f73cf758e.xlsx,0.9999995519853274
8a5c7e9987c132c6f2d5edfa4f8d230a71b66341c38db65e24b6564237cfeda7.xlsx,0.9999999957241017
benign_sample_6427.xlsx,0.00012503454383517283
072ddb15a816c4b1c576badd3159ab35e1802128a57017bc2147e36a3356c87d.xlsx,1.0
7b4bdc8103c431e1a8d7e3975147fee6b686b58d2fa362d20327be9d7c647e3e.xlsx,0.9999999999999999
benign_sample_8108.xlsx,3.612159856069043e-05
76b28a6fcf7c2431e7817b95d5284e707c783e207179007d204987640f5534dc.xlsx,0.9999849576894336
benign_sample_7723.xlsx,0.03102171529771629
d3fe352f792e58f362fb5b5df97bbd191afa6c4d2c7c2b8b730123b1755858ee.xlsx,0.9999998260118211
2212d9d22038e9dcff3afda1c45e509991c60d43bd385a16c6c0c7a0cd1261b3.xlsx,0.9999999997814064
8580925a774dc9ddbd36e00f7edddc96d5502fb4f99ed6c9ff67618dbebb5a32.xls,0.9999889572253554
24af4c629b7d50f63f3042c346a7ab160e6457b8b43f13e3fbd1707079c3e347.xlsx,0.9925481452698995
ce9192cad07f701f5b3304de9cb0654d1c00c339eb04b1d77f4acd1eb02ad455.xlsx,0.9999909722113309
280e76448bb1b29f21a5c466ae900a424e238f32d2acf0b75434653666eaaff0.xls,0.999986721806945
0b9f47972855a57b0402cb51ee15e3bb198699f169858bce956e84bc7303adb5.xlsx,0.9275845319601773
b292ae0c12c03b89e2a1e16ad7c46949b1a600d059e81dcb7ce841e9072de806.xlsx,0.9999999941338403
e6bd8c3714a3c008ac3dd85c19285e6265281435b8bbc907351d2fa0e3943454.xlsx,0.9996788764058605
benign_sample_7327.xlsx,2.745435414351631e-05
fd508faa2f55934e9478cdf0b7c5a0c2a62287c36391aabb4ccbc59d9184c5bd.xlsx,0.999999212999211
d611632c1bfd2e53f82fe86b231900201f1944d5973bee0153e3e1522178664b.xlsx,0.9761976031418523
benign_sample_6830.xlsx,4.5742379939629336e-05
benign_sample_5490.xlsx,2.7603354506876047e-05
benign_sample_1080.xlsx,0.00015206785185006182
e85ed8154f832611a895d3bc6a8c647777b4ad3ba81c41f526770b68bd4d8eba.xlsx,0.9869185908927198
17dc2ba0a2c97b909fb94ba1616af51ee4e60f8231ed6b2fedec5fb87464848a.xlsx,0.9999831246946421
benign_sample_1390.xlsx,6.542886889993369e-05
benign_sample_6264.xlsx,0.0002004477037966997
benign_sample_1481.xlsx,3.962184331605169e-05
5f5caa58b605a3a0f3b84250fce5ed3a408d3b27f4f5f844c2a5865f018c7029.xlsx,1.0
524e0df4569b85017f8fe9e54cfc5ceee17d21d884597b128ec9b366ad52f484.xlsx,0.9999997734851656
8b568c8d501b0db929c27732696fd2f002791c55a18fdd65426130490fd7128e.xls,0.9999889572253554
ee14f543d3afd367c5e36620d843d266f4042e569ae9628efdf7902d5c9f97bb.xls,0.9999867888695356
benign_sample_6704.xlsx,6.997907121323564e-05
de76e34dffcb4c58cd15f1e74933bad8ba74fdf28b0983d48f19d1bb8348c2d4.xlsx,0.9999999697120597
066030ccd22ee137d4a3ea352e020ddd250e8288db8c215d51b0392e58f8db39.xlsx,0.9999909207957957
095497d85aa060330013e0f99facfb67c35bd44ba03c7d05a86f9f326140b4b6.xlsx,0.9999952284772737
fd6ebb1dbec17f8b7786a88938cae16d52455b483eb6d735635801a0b0399e49.xls,0.9760433957968214
a6c5753c81ce3ebb530a67efd2e2650ba48e4151af6e864c96dbbd20caa5b1c7.xlsx,1.0
427fe28b04334e3b9e1e2627ef07e9e8e463a5dd6741b1f942e4e3adbec7018e.xlsx,0.9999909683513978
17491c7e11fa61c8383bccba3b1d28499e31809548c4136391ba891e3b42d290.xlsx,0.9999985051859687
b1561d6057f805c76e72f05c292c7a96eda7891a29444893c5047210dc86ed36.xlsx,0.9941059241995988
25b0a782d4eb54e681d5fc3d8f5c309465bbe31c2721403ac8a49a1524bc56d4.xlsx,0.9999999670849972
benign_sample_1221.xlsx,0.0007541344808743234
2fcf2db06c1c8149aa89d3dc2c671130a5599e236e2cd4c37125e99a490aeae3.xlsx,0.9715265643816746
benign_sample_2470.xlsx,0.0011743011885155187
9d98067884ca6f00ed5de23645eb0423b79527a58bf26170461ea488c9868a05.xls,0.9999865960174247
5c5fd037c414e33a6538da72a5ea4ae89c8dac15b396b6a10e8504a0b5a7ee75.xlsx,0.9637318129665132
45f6bf56cf57a244bf50afd9a1b14c2e630c4c42dc893f000f424ea8ec341c3e.xlsx,0.9990393868048063
benign_sample_8996.xlsx,1.6484014316119725e-05
555dcec9771daf22a1535a5601c20606a3a81d5b29833dc76eeb7957e4afe65f.xlsx,0.9999999557574122
b3bbe5c6707c4ecdaab7fb309fd2df58247cfcc4208d3dd5c3570171de51a660.xlsx,0.9971829097248018
benign_sample_884.xlsx,1.6472761117985905e-05
benign_sample_1681.xlsx,0.000208144618971307
benign_sample_8748.xlsx,0.0001388373485652766
cb1e7cec2bf139d5f624b60db73b164573f688f4cfd62bfb57c388cd0d126adf.xls,0.9991933766854103
benign_sample_3764.xlsx,1.8634604686325326e-05
benign_sample_471.xlsx,0.016834874231862508
benign_sample_5771.xlsx,0.000836294502704379
af26ea7f8a730bda956dd9afd9af7acda9e34401f24564114f1014d0225302f5.xls,0.9552902904048605
4d47c452e20a92104827fab377d5f5343edf9cbac1bc0c8b131c8eacebd3e026.xlsx,0.9999999949164368
benign_sample_3367.xlsx,4.2885229531142465e-05
e312a1172c99c5a4178ccb9a9ee71ae508faf21b9b95218ce1c750d07710e40d.xlsx,0.9992587681174966
ffd86f0a75f92e3ab54c91097bd8a4ae118312221666d180cf824fad22ae4f24.xls,0.9999867888695356
7c6404171f04b899b020b1e1ea9f84a3770c0a9f4e568d9724f762d445b7c9c2.xlsx,0.9999820401854179
benign_sample_4127.xlsx,0.04675939760909272
494a6ebfd5ee41293789df6eb01345b653e6c9f392ca0fb103c18c15e87d5efc.xlsx,0.9999999941338403
2ec055451d18e51eae657d652c208f6e868ed132ba913dd9deaf43a865f793ff.xlsx,0.9999998864134202
b85bc30a316ee392563b1139f0f6a99430c0f50e83028824fc890215e62a05cf.xlsx,0.9999244061048979
46bfc285eb6adce7c7023cca1164ba03c1cf07148e6375d0240eadcaff402bc8.xls,0.9999889572253554
benign_sample_7969.xlsx,1.719114858483778e-05
467a08065e0f78d04f3d9d57ecadcb5e5f15063811c38a3a4b299a3eb602fe8c.xls,0.9999889572253554
944ae0512687e45655a8b0a7d1acae86630ba4e710953cae1d95185bfefd9802.xlsx,0.9925481452698995
2dad5db626bfa7cd8e3bdb71843bcdde1229fd1ea350b90d4ae4ef729a97b3b4.xlsx,1.0
9de8aeb2366fc3ba470c57349ee52a187f5aac0cb49cf521d23a8bbfa4e0b10e.xlsx,0.9941059241995988
7432e6ef5f512b5a0c0b1622c3d2bcc17d8c0923b382adca5340ae64efef4189.xlsx,0.995933333836773
ab59eecd3f6835d7cfd04352bc5855cdf21f023975dcd23b89e7f07fb1beda9a.xlsx,0.9999999697120597
benign_sample_386.xlsx,1.6983458304043333e-05
a1324f4524269c69f320c1d3b033671ba99cda4b9644c9ef84f4a9ebdbb3a36f.xlsx,0.9975654991334776
e7e38146cbc036238775183289ccef6746f086660b5abcf74421c472dbfbd496.xlsx,0.9999990082718853
48f22c89e0ae6af708acf019bca1f8f7a7b389bc16ad8b19efcdbe3a1deb86d1.xlsx,0.9924947931660594
15b580dc10be803aafa2156ef3b8bc34b20fbbfe9a53e464e39f0fca2e831d2b.xlsx,0.9941059241995988
c03152d9d1d783a90f2af843404d84c7a71c837d957a80d0a2db3fc22a7b38ab.xlsx,0.9993238012275905
531332cf17b821037ca9a70d827c4dd478200f0b67525b744e30b9de6b2f9df8.xlsx,0.999999997060776
e358b5b158e7cb7c4f8f5726de20225b9276a99b5a511471c9277311a6b9920c.xlsx,0.9999999936475487
8ee2c5c6d2fea704224d5fa01c8d9ecfde75434052b4ea2f5340163f500ee5be.xls,0.9999889572253554
6f8a56599b475d70cb25121d1bfb3c42eef1917b24957654f07920356cb99967.xlsx,0.9999999592763212
2b3d5c1d1e91865773821b117c0290567d6775f8fc282a5f4dbb1e1be0fb24e5.xls,0.9999889572253554
10a1c07d93bf4917ca664632701e5154bb212d5a6452fcb62f6583c715f1776b.xlsx,0.9996787196257819
benign_sample_7800.xlsx,0.06643179737687684
benign_sample_9496.xlsx,2.22177651065163e-05
benign_sample_430.xlsx,2.201285218209157e-05
benign_sample_9372.xlsx,1.8248359370616567e-05
659d5313027260846bbc727a3745114d6efa730f2d88573302f46699cbd43c22.xls,0.9999889572253554
benign_sample_2984.xlsx,2.0691740136918773e-05
659c21119c192bd5c4c698d0e9c0ef6c5d0ed38bf40907318ccbc4dece45ec76.xlsx,0.9540010420589221
benign_sample_6537.xlsx,1.8463032174721623e-05
benign_sample_7017.xlsx,2.6401049896482044e-05
benign_sample_7685.xlsx,1.9930947566914318e-05
benign_sample_1613.xlsx,2.1614820139015067e-05
benign_sample_7933.xlsx,0.00014145391224205413
95141c557c2da97c647844e7c27133e0f8ba49907e167088ad774ed57e950294.xlsx,0.995933333836773
benign_sample_6356.xlsx,1.824945925181433e-05
bbee5220ad645446ab5135120c40ea755db1615b9233bcebe5358a07a93d01d5.xls,0.999985459400337
8a7fdf431ee50660c8846ead9cd6ca2e7f9855e2ec150565f0e336f778c8418d.xlsx,0.9999999999999997
02bdc6f9aab0fd9e1d21c3dbd840c792c48dc1d0f22ca3f9c93d67f1ff71245a.xls,0.9984465960627564
003ff20e10db77ae9409db158bd4c9d6fa8ffb0ade6cac07769f848999c0f3d9.xlsx,0.999999964451359
422d5d358720c299aab49c8b48a1bebdbc3a5b4b621c768a0a00627712f552f4.xlsx,0.9999999697120597
benign_sample_1876.xlsx,1.747024457543512e-05
benign_sample_8734.xlsx,2.146805274867029e-05
91c7139db821dd5041d46f4306fb391847c31a94dd13812637cd3a3f8d678930.xls,0.9941059241995988
benign_sample_5238.xlsx,1.779096268795532e-05
benign_sample_2031.xlsx,1.650304923366225e-05
benign_sample_2961.xlsx,0.00036308518258005765
5bf184ec9b207dcbf21c706cc60022a4b0360a27129086273d1a44dd337caf55.xlsx,0.9999999997814064
benign_sample_6487.xlsx,0.00013881100333085143
benign_sample_8874.xlsx,8.180790632413998e-05
benign_sample_496.xlsx,6.575611873968236e-05
benign_sample_3046.xlsx,9.219127714142087e-05
d740c619517f505c2c36708f4da33ee59e7161fc5efe33aaa1d524eeb7972c65.xls,0.9999987369954297
80479390a0a55acce67b44aa0141288f50ced0e07a7ff55dff7ca097beabeb93.xls,0.9999990050115387
3aa5ca5a49e31ce8349d160e4485955a4b0bd6ea14b071e297f58608e2ebd70d.xlsx,0.9999908996719903
abbc14cc05e5ce0abb6e32b3a221c5fa55ac60abb1f2e50a11eaf0cdb79820d5.xlsx,0.999999212999211
benign_sample_7557.xlsx,1.6714404013705262e-05
a8e528ca62a2bbe8f083642c6b59b9f274f59abf3f588fd0ceadb010a1a63b30.xls,0.9999867906727102
benign_sample_1944.xlsx,3.0590723370539504e-05
benign_sample_4820.xlsx,0.02548413853058962
benign_sample_504.xlsx,3.888083908376982e-05
benign_sample_543.xlsx,2.147839547026e-05
cb4cc97bc2d0ee7caaa819c311ee0fe8099580be01347b7da10adace63dfd1b0.xls,0.995933333836773
48a77747b7dcfbbdd20b8598ad5e4b398bb0ba71bcd58024f09af04420a69e84.xlsx,0.9999999997470769
e2e5befdffb1e53faef86bc6e18f21e4a098b40c24efb955f1da7864a978bb13.xlsx,0.9999952211617161
benign_sample_3912.xlsx,0.0012218705040472936
81616f2c96c8dcd83c395381e090bfb94f294f18924c4ed4bb5cd6f7caebf32c.xlsx,0.9925481452698995
03914aff593ea7cd3ef6fb2cec00e961f9e195281a3f9db8c96e6bcf1a7a62a7.xlsx,0.999999999734519
1220a898efe49daa29e2fe95622d8b545fbc0a49299ffe816d20fc4436732333.xls,0.9999999999999991
benign_sample_7060.xlsx,0.00012819107295929347
benign_sample_3110.xlsx,3.73064909877901e-05
benign_sample_4027.xlsx,1.623823164800081e-05
475822d080763f70c7018c25527bce215092e2d9f7ad6038e6f9d0849e03b515.xls,0.9999867906727102
benign_sample_6457.xlsx,2.028465370107564e-05
6139ab099d10e46480a43fa9ba9d0e44d9823bacf3a53c0d4a6d745eb90dc466.xlsx,0.995933333836773
dcc9c68d02b68022af3eab30f6886129e4d9be792aad72da93b2f0adbeac493b.xlsx,0.9999954370369388
benign_sample_6424.xlsx,0.00010197184238910772
benign_sample_7126.xlsx,2.1405754132570196e-05
32844a3121ed8822f927974ab23b26bdb2d5af0d7dee08da31bfecdc7bd90ab4.xlsx,0.6511035107678491
benign_sample_7197.xlsx,2.4187991873226867e-05
benign_sample_7835.xlsx,0.009383969294781688
d2926061ecba8ca8328db14567d70f9f3c07fc87b00ca90869ee57493295a486.xlsx,1.0
3507f6c8d65ef89e9b284219ab670e6ec149298c995c36a0978829cf6d349edb.xlsx,0.9999999670849972
benign_sample_9725.xlsx,1.6301673393348565e-05
benign_sample_5449.xlsx,2.784608272267009e-05
f9cd92a8296240622756c40d3b89c21586b5100b487d878b54a9384336bc2bfe.xls,0.9510210408484742
benign_sample_6067.xlsx,0.00010595767415984897
benign_sample_2563.xlsx,0.0004805722173563584
benign_sample_2731.xlsx,0.0004769436581901221
benign_sample_4534.xlsx,0.000131742090097002
ca4685dc12dd1b55a2127e0d3dd9296a1fea4a6aae73924ef53ec8723c7e4c41.xlsx,0.999999997060776
38291ac6a029e22f67dfb88982c5dd99e372c94f5a519c7022234fa0074b4d4b.xlsx,0.9999987360193429
benign_sample_9512.xlsx,7.259932487555263e-05
47032a4d3a7b83937b79e648ad9b00db6af51aec688b7c1b0411dc7a3d19b14b.xlsx,1.0
benign_sample_2755.xlsx,0.0015987292888121117
benign_sample_6932.xlsx,7.122892234006992e-05
benign_sample_6938.xlsx,0.15824293581245388
benign_sample_9766.xlsx,0.00014680605396158374
a50c7d30cd1bda9d6c14fecd2d17fe7cd39c9a923c02c7ce5de58ffc6a7ffb82.xlsx,0.9999998891822418
benign_sample_2782.xlsx,2.2869209164300084e-05
6606cd092931de1ec593726ccd1f3bc7ece4d87d21b6b8f8cc6b87663df2b6ba.xlsx,0.9999999957241017
benign_sample_6872.xlsx,6.169085271187946e-05
b455ad17ccd21318a0d8bf23afa085a192f56bb265c5241293579f4886ec95b1.xls,0.9999889572253554
a47a2a5653e82120ad17f9b98ddfa314d269aa12ecc3a45d39c998c26e8680f7.xlsx,0.9999999949164368
benign_sample_5800.xlsx,2.640151059244504e-05
benign_sample_2838.xlsx,9.569939184721355e-05
df43427d915757b0932c26b7029a6f1bd5602383b04d075ce0ad95f40b1c2e19.xlsx,0.9999999957316703
abc81c5488b2d2773ff22529d294a16024774644e61b87f8b0dc5f968e2fe45d.xls,0.999986721806945
benign_sample_2688.xlsx,3.065822348718908e-05
benign_sample_233.xlsx,2.0131870338967438e-05
d46703e8fcfaf47f358a657b5c265c34fed9044296435701a2ddfb56d724a12d.xlsx,0.9999909722113309
benign_sample_9911.xlsx,2.735904002923608e-05
848c14e5e518d43c8a3741e2bbd1f841c7697b60b8e5fa1a2343fcadc662e29b.xlsx,0.9999995506244429
benign_sample_4098.xlsx,1.672520795126148e-05
42981776a53c0b27a6fd4b0922c9d458bce23c81b382406dc8bfee53ccd9ed79.xlsx,1.0
benign_sample_3939.xlsx,2.991756471934089e-05
ca44894abdb783eb9a62307b647e638724bc87e40e1b5473038466b606a6dcf4.xlsx,0.9925481452698995
benign_sample_3200.xlsx,0.0001803407630604064
benign_sample_6133.xlsx,8.604781325316696e-05
2a6268b40dfcce76debad517ba11d8e619a948a9e35aa12ccd772f017105e9a6.xlsx,0.9133155880753664
benign_sample_57.xlsx,0.0006965292294626059
benign_sample_5108.xlsx,1.83836133335501e-05
553d5db98c37896ad952bf1b31a8247b3da11c4ec1c14bf4bd7c67efee8a8f07.xlsx,0.9999999999994138
02970942f42c4c63b2e5d2292e9aeebc98ac480289c763a00ffae961c652f9ca.xlsx,0.9999987381995221
83265d23e06358ca7daa741b4941394547406311bd0e4e2f95c244e21c27c6c4.xls,0.9999889572253554
benign_sample_5432.xlsx,2.0609441318992725e-05
benign_sample_3547.xlsx,0.05834868268524814
cb99f08540ba158af3b83cd1da3ac652cd6161041d0e7ad2acf6fcf531f0ed8a.xlsx,1.0
benign_sample_9631.xlsx,0.013833168951377477
benign_sample_2352.xlsx,0.1952290094103539
benign_sample_2857.xlsx,3.105509270247673e-05
6d7b8e50c6136e46f5fb3b29643d44ec205e3aa542de0c255ca3169e2d067d9e.xlsx,0.999999999734519
32d6d82e0c329f100897096be371b4fe4d9bdca05a0f353bb72a8ff3b9c1e005.xlsx,0.9999999957241017
dd8b8fb459a717023927aa8563de1d3299452784e781550803ffa082dd2a4633.xls,0.9579708608018315
cc132ea4bd2036d64ec24f29d5d368fd3f1706584572a08698414f5fd580f4c0.xlsx,0.9986397275986465
benign_sample_8273.xlsx,0.0005541289758856995
dd76eb3a9bdc0c317917b8a19fdd99a3e99765c79011bbb4a8ed756ee4e9e7ca.xlsx,0.9999999957241017
189b5fe4129208b306a337565a45f9d037108a4b91fc75957759fef441edc9d3.xls,0.9693768020955092
03494e2267e3ffe4fa9c286a9a6ad83c8617844ccaa89999c71d7f6ea7b18b0e.xlsx,0.9999999605520123
840d0dc4e755522546547253acd24c10808e5f9857732ce663c858da4b263600.xls,0.9999852658070583
benign_sample_102.xlsx,0.00010945141656022135
bcad9bdbe72a1f7ecc52208e0776cde64e7ec3740d4689c7dea8f40f4014c442.xls,0.9683769481552705
benign_sample_7495.xlsx,0.05435838648224819
c2c98f0869a5d0dd57afb55457e71e77abce61395f3aaa39a78ff91dea185528.xls,0.9999889572253554
64967d0b1f6c0f6c905ff1904de7c2f556b035eacb7f8520ae2ab4b44db63a04.xls,0.9999999769904532
benign_sample_5010.xlsx,1.5594153892395047e-05
5f022a207e0c1dd2686b5d72c46ea068977477361fb54123e038ef9812590ed7.xlsx,0.9733736280762552
dd009b241b88e534644e82ad5f1480402a1fb59b5247c0471451aa8a6935526c.xlsx,0.995933333836773
benign_sample_2555.xlsx,0.00010313604818833892
benign_sample_8987.xlsx,1.8464870964111896e-05
benign_sample_6643.xlsx,1.7240378289195495e-05
benign_sample_3192.xlsx,0.00017514332652207302
benign_sample_9540.xlsx,3.0986586983867055e-05
c6a482a0edfae07bf776dec094c636845a5b8c5d1aa791beb5e6d9dfbdba81a8.xlsx,0.9999999612938351
benign_sample_6747.xlsx,4.489381522306029e-05
3ff13ec44939510c7e62f31fa2b17e03448bdc54b5f522b2f62d559b3095b416.xlsx,0.9999992097214324
6daadb06e4a067331299fbf0733fe87c0d5c6c62a8a777a669ffe9f0798967c1.xls,0.9899994660753034
benign_sample_5250.xlsx,0.00011160290446214864
ce453ffc534f3cef0730071a4dac7391f5b38be72632cdf9160c06035d3a1c6d.xlsx,0.9999954304408295
benign_sample_4121.xlsx,0.0009116560777372144
b07ffc98302388bbc70e4989503d9d9c55f8ff1c7b96d7630cd6f912c18995d7.xls,0.9999909095554562
11375220772bf0635b649a0166cfbf19064a782e10f909fb4b71a761006527f4.xlsx,0.9999992089077363
225f33d7f2f3635f683057d252bd5fa11408b6895c84e1c3056ecf96ab50c264.xlsx,0.9999999670849972
benign_sample_7309.xlsx,2.2735497041735452e-05
be5053ab2bab7a868252b6cc790dde78e19a7d1d468f53e69e337901c2bc7dc8.xls,0.9999889572253554
b197db95a3b5308b00582cc80b25792a06fd103b61aa7928a6e7c3e9c5f91fdc.xlsx,0.9999983109400792
benign_sample_7823.xlsx,0.0010441724128634436
benign_sample_3453.xlsx,0.010104276001987584
3128da420bb3edd1dd5f4959593c27e3edabe4501eff01e8d121498d80f569c0.xlsx,0.9999987466327679
20af4fd7fbeb87c8c40946683190650b7234e19627d4412e19a8090706907e5a.xls,0.9757921112943038
c77c1fb86525bfa9d6b4ce933615bfb179ec14b5e3ac598d73abea3bf1d9c94d.xlsx,0.9999999998795316
87a2cc3fc72861c3c8ff97183c9364e28dcf44a52a801c7571d5b38aa631ae92.xlsx,0.9999813019228455
benign_sample_1590.xlsx,0.07119720596760994
ceb459b365ef194e2ce63c366ae23a6e94ed302e240cf495947a61d0815db4cb.xls,0.9999889572253554
benign_sample_1521.xlsx,7.609908930533323e-05
ac2814ff3c89422bad2705cef5e4071a74a843d0026b17057e23ef87a494f9e5.xls,0.9987398080645078
benign_sample_1612.xlsx,4.818779337881292e-05
48f75fe3ade801f9f0595a0e404a181e7a039a96f312ef285cb9d647efd21d2a.xlsx,0.9999998741492986
6d6ff6f138defb2bb7602c08c1cb22930f5e30ef264eeaf760f99d4ca95beca7.xlsx,0.9883333333333333
130b7abb44330b081d87a33dc5eb2600a1bb220212c54a10cdc4d0523f3360a4.xlsx,0.9812562958119653
e882e69ad3feb7ce43901107100174293a866fb1d3a55ed67f1418b71b8fe17e.xlsx,0.9996787795733845
benign_sample_3148.xlsx,1.9379287423947668e-05
benign_sample_8085.xlsx,4.861660146574031e-05
benign_sample_8392.xlsx,8.480831618691205e-05
84b071661a487fc8f56d3e424740269aad1cddae0a16d84bcdff9aa196f2459a.xlsx,0.9998580221765749
7579a0c7a0ed43a6b266379af5bb4322925b9b68180eaa5d6d9223f11c6cdfca.xlsx,0.9999954204714032
0448325f41fce55dfc8736ab4ffa32ca8161f2089b6978426cce7064a8469ed8.xlsx,0.9999985068050279
benign_sample_7217.xlsx,8.880981674456615e-05
benign_sample_5410.xlsx,3.254753884798405e-05
benign_sample_2034.xlsx,3.707597772918805e-05
benign_sample_790.xlsx,4.4678776010099524e-05
benign_sample_6423.xlsx,0.0002279700188925367
benign_sample_1396.xlsx,1.7014674683398403e-05
fc6714d05fc42d63c016fbc711d2be366a51ec3223a78660a7ddb6700fb23b4a.xlsx,0.9999999998795316
3c81e7f30305b6d1b39bde90a79f10cfe7014cb382c2ee059ef35b3b375e41c8.xls,0.9999889572253554
6c346a8d176cee9211a518c246334cc5a3b7b69c6dce79ffc750137888f7338a.xlsx,0.999997930300084
benign_sample_6205.xlsx,0.06031623047134985
benign_sample_6058.xlsx,2.6081720473743104e-05
benign_sample_1212.xlsx,2.070907887238483e-05
benign_sample_80.xlsx,2.010896009373731e-05
c4033754d79d964802ae1ec989149bb6be38c9a4ecdca4b5f3bc1e87083fda6c.xlsx,0.9993238012275905
benign_sample_6452.xlsx,1.622759132053159e-05
7fbae225eb5d5b6f784309592bb7cc7505bcaf0a8bd71650ee38cf28e0e2adee.xlsx,0.9999999999999997
36de82245c82342158247724320fdd8387ae050b20e71116e6ed80b8d6ffac86.xlsx,0.9925481452698995
ac74c6995affb203c279153a8318a638fca382ba0c3dfa3cd84bdaf1fe57bbf6.xls,0.9999863895520815
4efad4c60b2894540134e8e602206de7805e5285396a9540536eb50c5fcd21c8.xls,0.995933333836773
6947d0db3adfbbdf4718f9fd1526ec82e0a3812b56e412f9143556bb30d9a107.xlsx,0.9999968407518076
6ad42c31b49e95db94c513c977b05bf44683c915bdac88092459e58de6ed2744.xlsx,0.9817254344063082
benign_sample_8391.xlsx,2.098689306328915e-05
1d2bb90d7c0b3d2fe1eaf7f5a9161afa3c66fe38bbca0230fd59be5df2f07cfc.xlsx,0.801126780522546
41218535f912b97de84a85978b502e175891af9aa6ca202f2a2b784b37b42a54.xls,0.9986583920608126
0ab3b2e05fa596243a7d3e461a2c0b3ea072485516f82efbcb3771fc6dc0326a.xlsx,0.999982837842685
c8a0330bcd3b208d6f7e63eacfd7f3052149b5ae523d1c5337e8a901fa71df22.xlsx,0.9990236630275998
benign_sample_7390.xlsx,1.9024390021632872e-05
benign_sample_3514.xlsx,2.7431277187193864e-05
benign_sample_395.xlsx,9.414223169357625e-05
896b498361e9fbdae647e584d549c55e137292cc6acac366227a2a9b5f490dd1.xls,0.9981512413458081
benign_sample_3924.xlsx,1.6490242040210502e-05
504035d8b12f939fa1bd08c71fb10cf9d0145f742f4b67b672912f6816026009.xls,0.9999862809450035
e0a804913850f4b58509ae7285ce4fbe523b3b7dbfeb8a12d2a03a6447198ebb.xlsx,0.9999984946409587
30a94c083297108c23ab7f3d5912e4b7e2ba7602b9d690048ddb5a0bb3644aec.xlsx,0.9999041948811375
benign_sample_6049.xlsx,1.9232801274804657e-05
79661ddcd0b5d6e228ec437cfa3e82ebc1d2361ea0f0efef6bfa94e91f64160c.xlsx,0.9998578354140704
a79306f7d167b5bbe339198be49ce54015d78e903680f8dde5df59207a70f4d8.xlsx,0.9275845319601773
834bed70c38ef9d2a69704b9ca2553336862c611696f1ad41ebf804f503c4cb1.xlsx,0.995933333836773
benign_sample_2847.xlsx,2.1669570991088133e-05
250a7bf3cfaa5f7167b894abf5b26ec52c5ebda30563821998cfe1ead7ccf69d.xlsx,0.9999908881099094
benign_sample_3972.xlsx,6.817573055049193e-05
benign_sample_9838.xlsx,1.8302908014680144e-05
benign_sample_4487.xlsx,0.00028943782100577647
f427fa75b8c7da28cca20f8568a0592ca5ffe6fb6904a3ec64d5e4d9bbee6bcf.xlsx,0.9941059241995988
benign_sample_3572.xlsx,0.043144191768510615
729f46406477fcd818ddc548d487200e52c2ad16ee3c6777da6332e1614c93cd.xlsx,0.9999998864134202
32ae0ce062b1a0511fa44a741428a597a85f7f5802be4c74c90be4fdb8d9938d.xlsx,0.9999998754089404
benign_sample_5318.xlsx,0.00022379279038264987
768ff13cbcb4792d2b1c5b6ebea1a509dfe84074576d7a41bc8f990b28fffa62.xls,0.9999853259069006
benign_sample_2203.xlsx,0.00010479781250119404
benign_sample_1802.xlsx,2.117575436133798e-05
bcf40c65557b866ff8faf0662555c6ec3d8ecc8e8c7082e9cf3ee39458d9b2a4.xls,0.9999889572253554
1697eb3e136125cfb97d7dde430624a3373a1c144a5cb14ce27a5e146fa5d70e.xlsx,0.9999820401854179
benign_sample_1859.xlsx,0.0001254981680053203
benign_sample_2128.xlsx,1.934330058693115e-05
benign_sample_4589.xlsx,0.00017242409768911397
8544b5ecffa12c5f0b35b931ef7dd9b738bac2b2d7ea75419a6216b8d2174670.xlsx,0.9998634803558845
b7ad5f40790bda86613d9c7484bcea9044a085792d271d6864b7a56783f54163.xlsx,0.9999999997814064
c9813d00b016d7ce0ad3b1354853e5b2e702f0eeb3acba0f34fd319acdbb352f.xlsx,0.9987624706218666
benign_sample_7638.xlsx,3.0441355047223554e-05
5d7a1776074984787ca04a1659c7f206ce632b5a5ac7dee81259d220e0c2b490.xls,0.9999863895520815
9a0b0337dd4aefc58cd23d98ae92f623cba87c70ceffdecb2e91244e0fcef506.xlsx,0.9999998865043992
c140da64d24afe10f3e320623c52d858e5a9fd6625988442837551b661432318.xlsx,0.999990892258953
benign_sample_9728.xlsx,3.907317955988514e-05
benign_sample_3553.xlsx,0.0018853252280286576
13dd76b562d70c07b88fdc5f02bd5e566f8447ee715e981c808aa31443af6d20.xlsx,0.9999999612938351
33cd8f05f500b032a06161d55cbfdaa1c5a8f4eeb29f51b9fe4b260dc67fb37e.xlsx,0.9999830723828117
c08255787880bb3bd4792b0f6e508943b01e25a1dd63a7cba87cca4d11ef8643.xlsx,0.9999999949164368
benign_sample_7267.xlsx,3.975836386150932e-05
b9684773a0b03e03a37ad4658ce512e2d3a132b44ca2a0297569db56f6d85c03.xlsx,0.9999835147598631
af8009bd579c743c465469b165f7fe7fd641e9e132e705e17ba42347f89491cf.xls,0.9999867906727102
3b6658d9a774a44809bfecf7edd20a7408958613ce87fb2a8464a2f99b56fe9a.xls,0.9999889572253554
benign_sample_59.xlsx,1.6380653508918813e-05
benign_sample_2007.xlsx,1.7431068846478993e-05
benign_sample_2402.xlsx,1.951942113909625e-05
benign_sample_843.xlsx,5.6482237930165945e-05
benign_sample_7214.xlsx,6.459363729276005e-05
050d1e2d231518eaff1615e7ef68e8f617aaf15965799a26aecf104f8802c14e.xlsx,0.9813092651106831
40dbd039f83e8cadfdd153174effb9d6ee24dec2c09ec23037dd66838a73ea20.xlsx,0.999016636053429
benign_sample_334.xlsx,0.0005431980361102954
616a607dc3933e5efbfd7adb987f1d7b47fe2c2d442555c1d94301afe1c087b5.xlsx,0.967049443251724
benign_sample_6619.xlsx,0.0005992212521541414
benign_sample_3122.xlsx,3.21761087077138e-05
4015e22eb965e9c1ba13a24eeeb905cd65b975072fa0b657df17fd27caed6b1c.xlsx,0.9941059241995988
3fb6b02224378ac725708774fc7352f34584954bf7b4118e3164443afb7f0dc8.xlsx,0.9999999916269303
696528318e38bf594618924e32b9035982ca6870bb503bdc3e8996dd07832d67.xlsx,0.9999990258577552
benign_sample_9618.xlsx,4.634256089185342e-05
benign_sample_8456.xlsx,2.417066390859467e-05
benign_sample_6431.xlsx,4.877834415150094e-05
benign_sample_8561.xlsx,3.468054363828376e-05
benign_sample_6630.xlsx,1.6791249187089236e-05
30a199674fc6a90e21cf3713e3d22ca17549d1232c2294822d10b8b0eb33aa39.xlsx,0.9999998871349337
7513105db410361d6d2e7a7ae293e8adb4ab230bd14889eb57f218efcf77fbc3.xls,0.9552902904048605
6120590cace9ddbdadbedff2372e20c5291957adc0a61e0e9cb34a17057a6060.xlsx,0.6666666666677372
743103852885654bb74cdd25d4a6c1bb58d254711d817d6cc8832f7a4f8d6f65.xls,0.9999889572253554
22d70eeea05d789f1d78c972513e109fec3ff9c176d5939c23ad4a4bc29612a1.xlsx,0.9999954391923835
30dd7640f02734a767711193cff12b0de100a15180661ed64b7f5e6c8a7325a2.xlsx,0.6649218777629845
1fccb6ae7f0521549b1f955b9739bc112a7f4598d471a5c6e41a973289be0b03.xlsx,0.9999999739714127
eadcd3dc65845d65bd6c20928d4ad83239c178bce024d256ef9edf87da7af422.xlsx,0.9997486878753198
benign_sample_9699.xlsx,9.753214751059631e-05
e0cfe6f2010622b4712728ce00b9086ec4a498716a19647bd9de9905a8779a66.xlsx,0.9563228495808476
benign_sample_5209.xlsx,1.7330867505936517e-05
benign_sample_3061.xlsx,0.00010160863707194532
benign_sample_6785.xlsx,1.7837979573868383e-05
benign_sample_4798.xlsx,0.010505545137104924
2cb0b4d4d29f0f06eb2eec6ca02b12a1cdeb1805decdc04a78d571fc6055d897.xlsx,0.9999999957241017
benign_sample_4928.xlsx,1.750139853895214e-05
benign_sample_3590.xlsx,2.0736465680117012e-05
f478d7ba72abfeb16847771d00418e9a58c0e04c892956bb4ff7f14f91bbdb1c.xls,0.9999859793953737
d01af1b53a656cee7706e63250cb004fb6000a72c9d770d5b26fce9d1fa0cb12.xlsx,0.9999999670849972
72d65a46db11b7a68aeb3726da3317233f8e92b7c64271c85c5e717029f0fafb.xlsx,1.0
6954c6ecc81bd24049bbc3279622a9ddd626bd5766fdb30d823d15e5b56d8858.xlsx,1.0
415a8dad864c96b2799a9382a620e85ff274291fdda0277c1838161acbc1b108.xls,0.9999865960174247
benign_sample_223.xlsx,4.821711660780395e-05
b997e331bf8bef53d77df25e0c8205cbe365210776dcb44fa5152c30dfe98917.xlsx,0.9999998871944852
281d5d2e057a2ecca94356372c1aa859fbbcd42db008ba2be42b85586f1b39b6.xlsx,1.0
benign_sample_5599.xlsx,5.4032331948875716e-05
1861b557531924e0fefec777b817f0d7c83d57f851f0ab3dcc2fd3defdea69dc.xlsx,0.9999999739714127
benign_sample_5753.xlsx,2.168587971197429e-05
e7ffee57698aeb8ff7211cbe321e3e5b17c20bc6549916ce651015c2bf6816c3.xlsx,0.9999710648390673
benign_sample_6590.xlsx,2.8090719513534704e-05
benign_sample_2906.xlsx,4.8091086455610375e-05
fa1d554ca6c4d7e96290cc7d976b37ca52a3726bc750f9b1d936edb0156cd8a9.xlsx,0.9999999998795316
da0695114f256e15abbcd5459c25bfe8c87766eddca9fae0c0d808b6ec715883.xls,0.9764967427347603
benign_sample_7447.xlsx,0.010329138902648465
d0ee6ed7b134f5f6b76a46f5e46728c23e89f6f5a7cf1c4fdd182c8a68b0b137.xlsx,0.9999999948510103
benign_sample_8700.xlsx,0.00027961692348870055
benign_sample_2793.xlsx,0.004094082154127037
19f00f858bafc1845d198c9f92d3e97aed5397e27c2d717e0a895a0e080e5253.xlsx,0.9999999997814064
19171d03a309e317aca3c4ba13a799ddfe2a4150bbecd574353c831355d19848.xlsx,0.9999983170052419
76ab282a1359a188cee90bc2c12dc7e320a20f79b8907b62f3fb4e775ae8dfa0.xlsx,0.999999964451359
benign_sample_510.xlsx,0.00013708140712403208
4e6c2dd2bb0183aa17caa2084632719d1b9d42cae3e0c96f6770b216822b8d01.xlsx,0.9999999734047395
03310e5677705d676c834eaef1ffad96fff6cc7f50e618c08c29853db06e94f9.xlsx,0.9999999999999997
b393ac3cbd8336e660d5d7d9672b2fef8189a07f3aece70c94cf1a30a3a4e6c0.xls,0.9999865960174247
ce7ef35724773a7d94a28e6a369dadd01e17aac317bc64d85c0761a46ece7ce7.xlsx,0.9999999941338403
benign_sample_681.xlsx,4.3885660382911574e-05
41cf7b64fd49b944139394f101f30fa45be0061634ed0fb877c6c72280e08828.xlsx,0.995933333836773
4d2fbe12f2d2b1754e807fd89626dda252cac94559c64ca6c9f85de2a61bbc3d.xls,0.9999889572253554
d216ce5045d134cd035f78cf7fe0b3aa61732af446477c3fab5df7ad74325a21.xlsx,0.999999964451359
f81456a50fdd4b1be484ab2c20bd9fb68c5ab303a889ca321756ec718cbad6f3.xls,0.9991933766854103
3cc4948d4d3cac89a74284ae4dc49d177b834f295e9f767a46dcd73726b7239d.xlsx,0.9566666666666667
0354bd9fec1e1a41e3b0166e17a4b30b002c94cfe00239b79c728ddf3a9a8b77.xlsx,1.0
benign_sample_5533.xlsx,0.00478272946697809
fe814cea190528999e7ff7d65d28563605d284e8c0dfe96726c8c355d819af3f.xlsx,0.999990970212854
benign_sample_4579.xlsx,3.934700768247375e-05
benign_sample_7857.xlsx,1.696351756878981e-05
benign_sample_8530.xlsx,1.6717305227954845e-05
ffbd07ba101b57c7665b3e9807f106c0585c65499b58a45608503b6119760d1a.xlsx,0.9999803503151593
benign_sample_2155.xlsx,2.3620064176859486e-05
benign_sample_6363.xlsx,6.241210769801046e-05
c18c949725205d78d5022bc1d00114b058276d2f97e13bc1ea57cb321b703704.xlsx,0.9999999936475487
benign_sample_5307.xlsx,0.008264448418300588
7267fd908bf6fe78b23ab81d81a140a3a4e991215486e7c49a4f4946b9180f58.xlsx,0.9998634803558845
benign_sample_8381.xlsx,7.035113211510957e-05
1217dcbf810cee6fe242d7835078f9e5177ce7d1bb925405d550ea413b08fbb0.xlsx,0.9999998741492986
benign_sample_1174.xlsx,9.040906969074396e-05
benign_sample_3506.xlsx,4.767380658852207e-05
fbb0f932b583346dba7678b185ae5886fa67bc95267a3891adec58c1d94bd64b.xlsx,0.9999991618759791
benign_sample_1319.xlsx,1.8270079194485503e-05
09881387d8b3e44c3243794ccd8ac98028200934189e961fd74619d54199c604.xlsx,0.999999964451359
b574235bfe6663cbd7893963f87bfe21692e26312ebf25d3650abbf8cee571b4.xlsx,1.0
7858b455b9f9306fabd4a6ce4fb7e4235f3e219eb1830204e9ccbc447bcabbe2.xlsx,0.9996787760947109
dd221c0b7c00579705ae33a75edd3e7563f436da1aff4d6f3f019a0dfdccde2b.xls,0.9976518347069213
benign_sample_566.xlsx,4.175105260999463e-05
benign_sample_4834.xlsx,1.51523298757204e-05
benign_sample_4373.xlsx,3.456365892765227e-05
benign_sample_7916.xlsx,3.727712123858263e-05
baab29facbc4a53525b3b674c823217b4c1b82620dc244010f92a8dbd133436c.xlsx,0.978650747218898
benign_sample_1072.xlsx,0.0001980184433809239
631d5ac8358a08b961ddfbaf096ac7798b3c2aaaf40b5b9adc679775ebadfe43.xlsx,0.9983333333333334
benign_sample_657.xlsx,0.00020836578491359792
20039ff121b47e5026b29877b299b76e47f3c7f766b9010a04e148a19823dbb6.xlsx,0.9999999768251856
fe1d20d6a3f6ac4d870b8a38b69a29d2a67464a300d2d527ba9c45a11f9d2b60.xlsx,0.9999803503151593
1f8fff94ff2a921b2a1d56f93ab4803a6bb947bbbf0d846cb118ca6d662af241.xlsx,0.9999954304408295
79d21212ede80612cecd2e319424918b3f95dd07e305e99bb3f4941ab60ff2c4.xlsx,0.9999999957316703
benign_sample_6010.xlsx,0.024743336716919428
benign_sample_3919.xlsx,0.0002315589656858957
benign_sample_7549.xlsx,3.2991103419907515e-05
b3487ce9bd71c349c9d2d5d1d36dd038f03942aa9e5cd69d7e797f78ceab5d8f.xlsx,0.999999964451359
653b2a0a3f0bc105b8ecc101f7fe277fe25a935ef2d1cb3b03c4703c29f337f0.xlsx,0.9999985042002115
309d9d1c0d5bd6964f0e28a4b22e0dbe0aafd97a13700afddb288be2a2a81b4c.xls,0.9552902904048605
3bfb1ddbaf040fe2499dd7145a58a3b8a3bf09dd0adf8dc78c5f8b1f55399df6.xlsx,0.9999999900933076
benign_sample_7977.xlsx,0.0016582741217756169
benign_sample_1784.xlsx,1.8680144505760162e-05
2a6eb39e7cd020c2d5d741a3d19b28d9401657623c255985d0c80f71986538fa.xls,0.9999889572253554
f885843a89d9fcae9182d4b041df46a0980c466a083153808c6133ac1af664f2.xlsx,0.9999999948510103
benign_sample_4371.xlsx,0.00021034767960644637
ab01e00191f3f7f9bf8886afe3db194a3e36e3ad95946b476e14ebe3717acf31.xlsx,0.9925481452698995
benign_sample_7567.xlsx,0.00015286432135756432
5a9dfbbdfa6e043bf0a5597878692a45e83c71b1337963860e3ee6117d33eb75.xls,0.9999889572253554
8d3049b54d3f2f01ec3f14b0955068d151099cecba8b2d0d66d35b04ae35f48b.xlsx,0.9999909019353564
a6d00f12e26274804c03c929cbbf33d45fb265c86863e9960fc161f25cc82745.xlsx,1.0
d6237352c99d9956dd3857cadcad11a382a471c8b73962e2f784728e8aba5cdd.xls,0.9999859793953737
f2fa115f54dee2edbf3fa5e6dfce0dfd9e8daf2bb4dfbd564947aae1cc90eec1.xls,0.9999889572253554
ffe25b896ea1c75e158f790c2f9c86b23b70b3d32b4d11608d5ea5925b742937.xlsx,0.9999999739714127
b6e2d70143ddb958f72287c6f246fce986f882d28748d30a81a6a439cf08206b.xlsx,0.999999999134363
3637fff2bc1f112ddf31750431aae726a19f270258d04923d4f18958ce20bcf7.xls,0.9999889572253554
benign_sample_6902.xlsx,0.005447909597193469
benign_sample_7158.xlsx,0.00018062563553546444
23acdf6a808fcb5a527f05b05994e004dd100cd9b7202f5f293c5ca4ecb0ceec.xlsx,0.9999999949164368
benign_sample_9286.xlsx,4.0198593586596485e-05
benign_sample_3462.xlsx,0.7905479892106819
benign_sample_7716.xlsx,1.9727031569641205e-05
5bb18de990319a6b0997314a761d4de694954c16ac4914d160324624aaec1848.xlsx,0.9925481452698995
e591219a16c33961c068ca9dde4406c1087929e130e27f2bb97dd97be06c7f74.xlsx,0.9999992117011737
894dad8d458beefec849665e63f6747b7e8f9428636fbacb7e33e8bf23da28d6.xlsx,0.9659002630074894
b2e5d6217961aa1954783136223a97e3893fb7c91cc30f815be147ced9f7fd26.xlsx,0.9999831246946421
05508e253e561dc083a7e0fd85f27f52e85550f41677b61ce2076dc133c977d0.xls,0.9999852658070583
benign_sample_8298.xlsx,0.13397506715233812
279bec9f22d9bbfe1d16d96e306adc6aa94b57fa24a65badcf7ccfca65a25dc1.xlsx,0.99999346240046
d357ca1965ba99c712e01088fd636c45a93b628a53c80512718fff767d7fe1b7.xlsx,0.999999964451359
7957180ff4617adea3c5a18a4f83c6e3f115fdfd48c9e40cd9188ef89812b063.xlsx,0.9565981663857634
benign_sample_8782.xlsx,1.7135585852053025e-05
951753f643d7cdd6d60952f7db6d8b6c5a8e0898389f0ee0e52547b1acecd54d.xlsx,0.9999992133025573
benign_sample_2666.xlsx,2.1179480598808924e-05
8eedd5f55d8efe81f8c9d3732cec31ce6ce2975c349b138689309db24d9fc5a9.xlsx,0.9999999998795316
822650904111645fff62438d08c732ad9b91dd5a194c6f2d3e9c785610ce3463.xls,0.9330184766566013
benign_sample_9384.xlsx,1.9330936998381804e-05
0c1b18a8b3f56fc02b245168b55972936a72ffd2dd1746e92b6a35cc25d9a713.xlsx,0.9999999999999997
a04b3827276df4f3b7fdc2df79cb63196f422dc97107956321fa34b3cdf2ace9.xlsx,0.9999992095770208
6eb15c930ada1252d26d531af37b48ec91baf11d618eda3800060f406179dd71.xlsx,0.9999999998795316
benign_sample_4200.xlsx,0.10537133362726846
benign_sample_2854.xlsx,3.574758106745042e-05
benign_sample_9280.xlsx,1.5613463326683458e-05
02574900720e764055f632a95845cfa847a4f8281f110543553da78bac018da0.xlsx,0.9999992095770208
86950b6954e2bb19056b9236dae3029db3a9d0997b04f51efead9129e350b8bc.xls,0.9999863895520815
benign_sample_6742.xlsx,1.969269976359775e-05
8dae2b5c8d848d649d306378e2d6c8b686949c5e084a30b8d853e5c9de38b42d.xlsx,0.9999992093922522
benign_sample_5673.xlsx,1.550995850557346e-05
benign_sample_1235.xlsx,2.3713033504628933e-05
73996980a29ed526ef51177b3085f12bc19e08ff799533b52d164a4d7567d18b.xls,0.9999865960174247
dca9a88a821cab95a6489faa66e3bb00d9b830dc80fb5629f6e24549ceb156de.xlsx,0.9999992133025573
benign_sample_1645.xlsx,2.1359900620207843e-05
eabce391ba36148d9f936794058e9a1a4b4bc283392d26e2652a0249f734462c.xls,0.9999889572253554
4cb80eee212a1ae0127d6d94bdf4f622af4369cb6618a4714496eef86aad7b91.xls,0.9999865960174247
8cbf974d653c5b355004c96105fecf5f09a450a3a01e54b43eec92becf2deaf3.xlsx,0.9996788703923004
e4d7ac9f4b2856e5ffb0381373d14f98b6740697dd633d5d44690426b36fda69.xlsx,0.995933333836773
2107fac26923df70eec2a6ee4a6d567e6523c5fe9775002f31e721656dbf15b7.xlsx,0.9992347029597574
f98ab4b6e09c1aa82a07a9354379706526d9098a122c6ac65554ab8c268157eb.xlsx,0.9999999612938351
benign_sample_3036.xlsx,0.023389212811976826
benign_sample_2610.xlsx,1.929148011408345e-05
5b54b6abb8a041df58ab3744021149d2e4bddfc3891a1e760fdaea19fddc900b.xls,0.999986262081397
98f6fe3039d1ca8a35bb1782481eaca21e414a261b4ca4b61bd61b9a4840f344.xlsx,0.9999999998795316
6c306046874f5f001d2724c08a35e936cb34a0eb041fccbdccc963ec24bb05f9.xlsx,0.999999210746207
benign_sample_2441.xlsx,0.008991148896325962
benign_sample_353.xlsx,1.7049897031191405e-05
benign_sample_4467.xlsx,0.00030716192788667306
benign_sample_7533.xlsx,5.384920182021199e-05
99d4a552aaf9e824b7133931d94bd09f0da993a58f64d8608f44aba2e98e932d.xlsx,0.9999498071101646
3aa9b237b7ef215f4ce4f523e6457728fbfa4d64f09d4a2f2435c877ec0fcbe8.xlsx,0.9999998252030234
db8a5323738d4625c2447c09dd04d27b75bf97c0c3e444244bfba7ca009e88b9.xlsx,0.999999964451359
65cc6979b3048f40eb3e3f1bb6fc7789fa3d4bb392d65b03edbd096d908520e5.xlsx,0.9999979181425299
benign_sample_3622.xlsx,0.0026439817949267352
benign_sample_8037.xlsx,4.485166833648792e-05
benign_sample_2188.xlsx,0.004452656417610809
benign_sample_9067.xlsx,1.903372306305359e-05
7032db44014421e386567cb3df666cd2bfb3e3e10b97db25b420f7062d642ce9.xlsx,0.999995458335786
f1e27c72e2d7af615aa05d9eec844ec067697273ce913312c6acfec30bb958c7.xlsx,0.9999999739714127
d6c466a39cdaaffcc882d814bffab29a4e1e3455341ee28a0542c2fbc91a6b90.xlsx,0.9999999557574122
51790b07b6931f5681edd341f04315b90034198c61ee1c7d1d80f4df6f06d300.xlsx,0.9999999999999997
91b8531a4291f0c49a23b21d3a3a09a0310d5739ab4fcb40da0811078b6fef6b.xlsx,0.9999999739714127
e11f8856efded99b68446fccae7dfd655ecdbdb268ca376ccc7ce8ec3f7a6e5c.xlsx,0.9999999941338403
benign_sample_8637.xlsx,0.0009669595480311525
benign_sample_9474.xlsx,1.5741479730948922e-05
benign_sample_5959.xlsx,0.00015306660444364633
7cf3fa346b2c91fbb3929d55387f1f582c9b7fb7c7805c404eb40a5c71374f31.xls,0.9440368693871865
fda5c1f617abf2e58ca93bb5bb77b777ba1cb2635e742cf79e8f5bf948537dd9.xlsx,0.9999999997470769
benign_sample_8513.xlsx,8.951741236846299e-05
4abc325f640987ce170fd3b3b3d10b56ff3903ab0b5b82287e2a804d2e5a2a2f.xlsx,0.9999999948510103
14b036be104e99e316310d94ce652292c024f016bba1f3bfb069d53bba747f4a.xls,0.9999889572253554
e3cfee20a5840d2ac3dcefd5fc81e3e3ce05617b9546a08a05883fbd163c5f85.xlsx,0.9999999998795316
bb42c503ef90a3b580fe241d3935057273211a16974921ce0999f778cfe35f7e.xlsx,0.9999999389401154
benign_sample_4993.xlsx,1.7689714487021704e-05
benign_sample_9013.xlsx,0.0006992672216764462
685b86c53c8efed66edecbe3fb1cfc05df203ce9eb510772109d50678e266195.xls,0.9999889572253554
benign_sample_2971.xlsx,1.8656608627502992e-05
aff3d647700c127de9e4f701d3e7b0eae36dd7ef77c3c30381730d9e2c41968f.xlsx,0.995933333836773
benign_sample_3942.xlsx,1.8858272761224073e-05
benign_sample_447.xlsx,2.4374527804190684e-05
benign_sample_5358.xlsx,1.566833115090223e-05
benign_sample_5586.xlsx,2.1681218677354515e-05
benign_sample_3508.xlsx,4.6276270550733965e-05
benign_sample_1105.xlsx,0.011959871281694553
6f8999b500502e2c5549313a29abfb46e6a717e8b0d22155399f5dc2d2f53039.xlsx,0.9999999941338403
benign_sample_7263.xlsx,7.251493604163983e-05
8b92dff85e5903f2ccdeaa93e9714b98445fa631d08b7dd8428cdb15d3f8542a.xlsx,1.0
9ae0517960f5815dc7a02408e98f61b3420c1513542b8f7cc7021106f442452c.xlsx,0.9999999936475487
benign_sample_4110.xlsx,0.0009218911130812784
benign_sample_1429.xlsx,9.833302275141213e-05
3fa086f7f42ece39ac85ebbe16c2a0a019fd6d2716c5908bfd7321a13a67e465.xlsx,0.995933333836773
benign_sample_4150.xlsx,3.911821981752637e-05
benign_sample_7338.xlsx,2.1613589829665156e-05
628187c83c385ff6fe1adb13e83758049fd6853423140ede34cc39c0e2f5f232.xlsx,0.9999999697120597
2bcb21b3a77673ba853b040937faeca6e6dbd4b09a32393e9e1132d8b23594e5.xlsx,0.9999954626153542
benign_sample_4794.xlsx,9.647170142559501e-05
benign_sample_9365.xlsx,0.0011332242469895314
17af408bdd62e540e6797639e1d71716bf0642341297b5338fa9193d762fa844.xlsx,0.9990236630275998
benign_sample_2035.xlsx,9.121505666241658e-05
bca0d64b14095f83b0f8e7ba57db85e77c343d2e39cefea62eaf2502de994213.xlsx,0.9999990082718853
a34007ef6bca0232ea09e33687bc32878fba54d00a030ae80c88af8e7687d926.xls,0.9999889572253554
ee6a68938d26599d38f72d82ba30bc9bb246282e2998e36d571687a69f2ac57e.xls,0.9999865800886484
benign_sample_615.xlsx,1.7875447423420237e-05
benign_sample_9992.xlsx,0.0004662432678287834
benign_sample_3925.xlsx,7.7545282017212e-05
ed19994d2593c4d27c2b9258a7fc4c29e92b0a4a57553abfac115764f620745c.xls,0.6469597362121449
benign_sample_9779.xlsx,1.778511143921921e-05
3f3f21189390158abe6d01848ce995c762f3b0e908ea27192778effb160a6014.xls,0.9875119400744516
benign_sample_7454.xlsx,0.016324107345813795
7e241140e537341b97425866d05ca10ae1e97d64558ec6d3c31d46399222b4fe.xlsx,0.9999955058853841
d432cdb10d205787567c38fb8a4ad64f0a416177afdf261ef8d81c50ceef93ef.xlsx,0.9984559825731917
e6dbde13c0104a7fb2fce77f3a26d7be94665ee8a5cf89b29ccf935c9119b7c7.xlsx,0.9999999974365212
benign_sample_1303.xlsx,4.135795033220876e-05
ae275aba1d935bd3045e9cd3f258b72636e6759506e183423341a992faf47f80.xlsx,0.9976518347069213
benign_sample_4061.xlsx,2.6063495911648715e-05
benign_sample_5697.xlsx,5.1176783722017086e-05
benign_sample_2342.xlsx,1.9452437228324326e-05
benign_sample_2278.xlsx,2.5201133059294965e-05
benign_sample_1357.xlsx,0.002818740246020232
benign_sample_8894.xlsx,0.0048220214693124154
6858000bb5893dca8bf92a6dbb6b2d7b7f896bfcf8d61c29af9c0ddddee13feb.xls,0.9999889572253554
06de9823b2dde76cd0bd5d160e09428e5e0dc1bb28d5d3d50e0af1581f3afdd0.xls,0.9999865960174247
5baeffb847a3a2021c85b4712f5c305477ceb0ba529503294c0b217e2f6b0bb7.xls,0.9822877701954272
benign_sample_4827.xlsx,0.0038410964002917637
2ec4f63ab6afe82af1a05c498f18b14d0915cb1539a7a6937cb11a89d2c275c1.xls,0.9999867888695356
0cb1807eda58d5cb7a8dc05a12ea582e3266938caac18bb365cb699140cc91c9.xlsx,0.9999813019228455
f23fc293f7404b1be31d16754dee8cbc126f5df86115d3923f7d4dab7866d968.xlsx,0.9999995538048894
benign_sample_6979.xlsx,3.434757524431958e-05
d6f7117712ec9be334a940e8c2ba544a271a5bd63f182042dcbb159017068f1c.xlsx,1.0
benign_sample_999.xlsx,0.00014760280334279513
benign_sample_8624.xlsx,9.238425511989043e-05
b04631b1a6c5d940a680fcd326873dab1900edcbd2ba94d6986f6cb2336c56e9.xls,0.9424287201238206
benign_sample_8793.xlsx,1.717954200900652e-05
benign_sample_4777.xlsx,2.057873367695677e-05
benign_sample_9133.xlsx,1.628321236978394e-05
cc596e0b29760616aa1e3f90f6a9c6e1b1b022976f727634794d77b336e2322a.xlsx,0.9609863759542394
2d5f11f4d54ad353f1d776d14215f7bb63479669965d9b678f037c7cb966bde5.xlsx,0.9999999941338403
1f037902056b7b6432d7caa334ee5b054b0802bec6f65e596fb09d85e2c9e403.xlsx,0.9999998864134202
4e3ea4b68a3549d5f919245ec5a761de934c4ad671d9f92216a76e30ef2197b1.xls,0.9999863895520815
8c2c4e9debc33556352bc4a5d3dae9bc64f6400c60ffdec542f9464ec7404232.xlsx,0.9999830723828117
5588a27b2226d435b9c92c61324e43be2bd53aef25a76930942db81f2a20d920.xls,0.9999855897289726
bf724ed7e11eec024f29d7f6927e55fd7933912d59d2d3b4142ac8b2e60361c4.xlsx,0.6516870734927473
0536579e868e4eb5e6b8ec591477b87bcaee4c02b4c40a46b5601766641ebe49.xlsx,0.995933333836773
benign_sample_6616.xlsx,8.331836642335863e-05
e83bfc78b4d74e24f298982594b08d7ea5780f506313220c0daee1e0a241d08a.xlsx,0.9999999998795316
52e0b5d39e9a97736b03f2b0ac315bb874da3632574cdd252fd8b9138cc1b299.xls,0.9999613004212226
9d03d091973400ba6aac23f0b0672d4778ef27cbe321266e74992d0f13950690.xls,0.9999889572253554
benign_sample_4031.xlsx,1.933646809468219e-05
benign_sample_9977.xlsx,0.013276581439340912
benign_sample_4734.xlsx,2.0628142722741645e-05
646b555bd3ce6d1573bb3579016d57a8eecc2f8328ef768b13a17ad6c4c91011.xlsx,0.9941059241995988
36c2209f699c44e5a2220eb9539873c89a3cbb0fe67c2c5bdfe419edeb456ce8.xls,0.9999889572253554
benign_sample_1279.xlsx,0.0009544014335720638
benign_sample_6851.xlsx,2.427817294065388e-05
benign_sample_309.xlsx,3.7642579489774745e-05
benign_sample_232.xlsx,4.600534031233818e-05
240840077529af39fe9d9bc54dc9ff42701db446a7a4b49c3326bc8d6123e1ee.xlsx,1.0
benign_sample_6485.xlsx,2.6927112469390976e-05
7535f004a9a33bfb19ebe72f92d51e49b33b4e20f7560a364ae780e5e3cae885.xls,0.9846746111726766
benign_sample_4448.xlsx,2.5898267531827012e-05
9713ca1ba807983760c8a0b52cf80c528504673874b4b7c45f2d97d902c9488b.xlsx,0.9999999612938351
benign_sample_6594.xlsx,1.945747896718745e-05
ed635a02d34eeb039a69fd3edce854607882262c9d6fff46ff5512a961927371.xlsx,0.995933333836773
1993970f074573cd9635464ef84891724cab97c8d9dacc4688b30d0325de748f.xlsx,0.9999954275643188
benign_sample_7901.xlsx,0.0720824587597253
benign_sample_4240.xlsx,0.0016737355072431927
3f128baab09c07358030c098d4fc12f69ad5adc3728cd2e1cd6b1b31bc43cd41.xlsx,0.9996467573923106
42530da2b842fdf277e82a690f8a1d71f171614693c07a7c1230349590da7538.xlsx,0.995933333836773
b4844d9122daef4300f784786d315f1ad5af4e0bf4909809738436e5f99f8725.xlsx,0.995933333836773
fd120fa47f43c155b1185a3495ae54bd80edbf15bbaed465be35e959b31db6de.xls,0.9999987381995221
benign_sample_1913.xlsx,2.7336428422964396e-05
benign_sample_9045.xlsx,0.002208918044689455
36356eaf8cac9043ca8b43dec4a420755ae26b40d8ac84d84197e9973bb8da92.xls,0.9999990092279241
benign_sample_9235.xlsx,5.344942538273054e-05
9dd230caf6fa4cf7943bdeb08fea8e154ebb74605ddaa3d773ff1fbabe8b4cd9.xlsx,0.9999983249456194
c2bca02d95e80f430523aa52dad9806d785432f2bb4ca47af50bf7c230305c49.xlsx,0.9999999670849972
31b69ba394fafa0a21cc797dfb888816e8810f09496651c0ec4224020cccbe9e.xls,0.999986262081397
benign_sample_767.xlsx,0.00023252296115205498
6486f4730c2041aa4e8c96ecc214d10c1b014e958e85d01c2da7934b984fb42e.xls,0.995933333836773
dc1a568534305e8dd82443bd62f3fefe364de2073558c8237bbe099593714259.xlsx,0.9637318129665132
3f858cbab84a1bce04a0369cac336988b967c1f641c2c8d958a5da7e50c9983c.xlsx,0.9999999941338403
9adddf2e687bd50ea587660eb5cdfe23ba6993da5202608d03b78c68d2ca3b30.xlsx,0.9999999999999997
benign_sample_6184.xlsx,3.3727594514556214e-05
d822a88c16e85c84affce256e7f8b76f95c9392031409e3b0b2bfcc85e51773f.xls,0.9999867906727102
ba61734577ec78d7db67cf437e07ff13ef30cb5332f91ab4fbf110587382bfb2.xlsx,0.9925481452698995
7419106ec7430cee9167f7375fefe8db7222770b811dd208a87ebc8ecc6823db.xlsx,0.999999867887992
benign_sample_9528.xlsx,0.0002498113368156087
c3a181186e800ceb0b70b886f728d994aa303cc70dc3e0325bf84c6927126182.xlsx,0.9941059241995988
benign_sample_117.xlsx,3.740691774937425e-05
benign_sample_5918.xlsx,1.6733522763673675e-05
946025442595aea699d4f3d368c5300c5ee1d86b43655dc293628dda22c11e00.xlsx,0.9999999684204495
benign_sample_7641.xlsx,0.00010342558184504
benign_sample_6451.xlsx,3.223718786798898e-05
9ca23455dc4fb2369781419924a07119a1801a0d403d35ceb4c4e61050412cea.xlsx,0.999999991618926
21d843b72783cd43a6a3a8e2d15422bc5bb818e0e2397fd604f73b6fe3b83bcd.xlsx,0.9999820401854179
benign_sample_3507.xlsx,2.2234610851927567e-05
2894ace7f47d322ddda8dab42657dd08f762e24792b8f4a0b06b5714d9a983df.xlsx,0.999999964451359
benign_sample_9231.xlsx,1.609786240358294e-05
0dd2ac7da719be9e593a1119cd0881d480e27c1a5d8ea979f0b9450a4cd0033a.xlsx,0.9999999997470769
benign_sample_1081.xlsx,1.716839337272749e-05
7a67447bf02b1bfd8339c33e6fe3c914c983f6e81cb426980e6aa2ca5dbe31a8.xlsx,0.9999909019353564
1a3daf5c6ce3e087b1d045d3e71c7b5d17925aca619599ebbf05a1eeffeca449.xlsx,0.9275845319601773
benign_sample_1543.xlsx,6.340296533264226e-05
32d9a0b6c7b9bcb07600e9566a80b4e4a434eefe58ee9d5e3157b165c9c1849b.xlsx,0.9999999991358424
benign_sample_2048.xlsx,0.0006967310525450781
932a0b6c3df4d27e13cad914eb5325a0da73bad0ad9941e3c1cf49371c0487fa.xls,0.9999889572253554
730ed1ff68ceaecd5109012c52cc199009033a69f0a070a1d086f920055b6771.xlsx,0.9999999999999997
031cd08ea526b72dd40121a186e7c38b6a0f4a8ec51b2577f2bf9966e4ba5aba.xlsx,0.999999214149963
80f39a11384507aac694ec2fd09ad5eb49d966728bac39613b4daea6a15110ea.xlsx,0.999995223621669
8af6e6ec8b4d613b784142a302ad1e662230be7676ada1f4291b188eec3bb705.xlsx,0.9969295349796736
8d1f2048058fe337dc99727fbb6b5c8e46c93308595d0e6af0181336ae5a4bb1.xls,0.999985459400337
998e294f76e1d860605e7681bb4162f16d80d2739326a59fc3caf8eca6c2f66d.xlsx,0.999995223621669
949cf521850c59e709835b7c5b97f795b0fdd2beffe09f70fa73d4d63aa8c987.xlsx,0.9999954643780108
benign_sample_9859.xlsx,2.866890773038279e-05
benign_sample_9881.xlsx,3.309672956882095e-05
benign_sample_7429.xlsx,3.3647582617196036e-05
benign_sample_4896.xlsx,1.731072332323468e-05
benign_sample_4163.xlsx,1.8310084965255635e-05
94c90d73b7587f0407ded2349757bd8cb8ead340761fa9090692e15aa2f8ce2e.xls,0.9969696889794483
1550b1223d7e879e0c81e899fdd1b13247fc1f5ba8235df993bf343e14cbff42.xlsx,0.9999999957241017
3e9d03c8bf3e7218e2fcad49e3b3ddbbac7dc1db6da7eb94eb8018ae03e3a26f.xls,0.9999867906727102
benign_sample_7788.xlsx,2.629550217089748e-05
benign_sample_1791.xlsx,0.00329235405234674
bb88ff63475d7f263a334faaaf87d3653efb664950af5be19b6ff79b55d1058a.xlsx,0.9941059241995988
c2c1f5ceb5324379dc1c69a99de91df9d5a7484b151ebe0110d33216a5d87bd9.xlsx,0.9999999974348274
benign_sample_5928.xlsx,2.147535457925579e-05
324c4b640ed62586462cf36d297eb1787f871c2689959aeba743bff609d8fa84.xlsx,1.0
benign_sample_7757.xlsx,0.0002901415329855291
benign_sample_6678.xlsx,3.4865410155812985e-05
463e8996eceefe5d2f20f04ac538affe378e91e8528268c318ec1de7a968b0bc.xls,0.999985459400337
benign_sample_327.xlsx,5.213312526251533e-05
benign_sample_1781.xlsx,1.776004869030459e-05
benign_sample_7480.xlsx,1.831087486797325e-05
7686154407d538c41a93341b513ca2c2f94176d8d65f2f29947636669b753020.xlsx,0.9999983184710409
benign_sample_4722.xlsx,2.047077129289985e-05
4c2f22d28a1224d152447f9affeab1d40a7465df2d0307ad9067d43f2938cf5b.xlsx,0.9999999777497637
benign_sample_8818.xlsx,3.864469128490094e-05
benign_sample_7874.xlsx,0.03070718366808177
d8831a88c0830126428156dbb81ecc0e115274b6e05c3916b1d9593db69f7766.xls,0.9999853259069006
c202f61174e571e38bee2aca5c8b39e9ebbba9bfe9d346bf7e0792f45da91472.xlsx,0.9925481452698995
benign_sample_7127.xlsx,0.001792658474453298
benign_sample_912.xlsx,0.08462348742016833
benign_sample_4544.xlsx,5.1365232681927295e-05
benign_sample_8373.xlsx,0.0005114805586269644
benign_sample_7170.xlsx,3.929590695868899e-05
benign_sample_1073.xlsx,6.27003337513837e-05
benign_sample_4892.xlsx,1.6832295181578156e-05
51fe8a6a209f361389f3257fe23f972da45b743fe19f3b5b8f6cfbbbce8dfcc1.xlsx,0.9999999997814064
227b90e18932d3a32d15ec7bd51af13ff0f8b3195faf42da2cdd37695b558d12.xlsx,0.9999983109400792
32b2815cdaadfdd47448673d44b03d480939162234234bf09e74aa8ab936755c.xlsx,0.9572173997501552
c21af06b5a5f866a493669336f0c0d2d4d981faeab18708879be631c5b4f3c55.xlsx,0.9999999957316703
benign_sample_3204.xlsx,2.5021265613701176e-05
8a2f4418f74abaa48dded2c0ec27cb4b1af7f0a42ba3db9ca3194f1c7cb846a1.xls,0.9999889572253554
benign_sample_6820.xlsx,1.9207302514150202e-05
benign_sample_5305.xlsx,3.8235195273456255e-05
benign_sample_9042.xlsx,0.0001236910011583735
dc914561c85365c8cc399ef4d0818988cf72831fe753cc36b8bd684b9a0554c3.xlsx,0.995933333836773
966d6c95e7ec6097c1fe76e272aba376f4e8e063b4eb0eb4e63b06942ea212d4.xlsx,0.9999975001276978
9b66ebb8c10c7e9447c3d6b3f8d5773f0f05ab8a202d2c1b118aade864127789.xlsx,0.9999999684204495
11efc80863a0f61fb65746086d47d8a1d2c39b6ca4a55c8635bf8587c8a56bfb.xls,0.9999889572253554
e9b3ea55eef1d5d5ce5eca7d978e90061635fe2d8498c798c8fcb689cf1a5d6e.xls,0.9999865800886484
benign_sample_4180.xlsx,2.4688600113141002e-05
benign_sample_5629.xlsx,0.000707508164445086
719adb968e43f74d03d50b3cbabf93100d506f1b798198d2c8c212db6554c371.xlsx,0.999277744330939
benign_sample_3500.xlsx,0.00019861996361883344
681a79f74500f26f90a737d9d4a807354761f8c91383727e975ee9b6eb5cc49a.xlsx,0.9996467573923106
benign_sample_4612.xlsx,0.00020361641743651376
9858c9d6bdad6b52d77833c5ecfca18a05d049cf7204050241075291654fa403.xlsx,0.9999999557574122
benign_sample_3245.xlsx,0.007124577070286375
benign_sample_9504.xlsx,1.8699081830600654e-05
benign_sample_8838.xlsx,2.122792739733573e-05
benign_sample_7226.xlsx,4.0860233623426904e-05
97cfe112e62924ed77c06d2b5eb9651f295d1762efecc5b7a1907d43e632f7eb.xlsx,0.995933333836773
benign_sample_9807.xlsx,3.918808940714889e-05
benign_sample_4575.xlsx,0.024234653251512223
benign_sample_9420.xlsx,0.0004018601564527371
benign_sample_8120.xlsx,5.5347833573470995e-05
benign_sample_6090.xlsx,0.014570531041384407
benign_sample_2392.xlsx,0.0004534395507510889
benign_sample_7005.xlsx,0.020313941949762552
benign_sample_8336.xlsx,1.9050817757187634e-05
benign_sample_1464.xlsx,1.870770804561458e-05
b040b830a79ae2c8d51de746bfb090057181ad80210f5367073f5c1d88da31bf.xlsx,0.9999995529185678
benign_sample_4556.xlsx,0.0007136959126193611
benign_sample_7666.xlsx,1.6762614389637357e-05
fd61f4aa26ec4a9ca9b420bbfd87be1aeb628e3f9fd271783b484e08a1528377.xls,0.9999865800886484
benign_sample_6600.xlsx,3.139331991664908e-05
benign_sample_1354.xlsx,0.00011386161772336035
benign_sample_5246.xlsx,2.506383381990582e-05
325bb64357c39f90b88970ad736ecdbb98a3f02dd710aac6405221df9f1323f7.xls,0.9999972881311225
benign_sample_7607.xlsx,0.055768205175897236
benign_sample_9880.xlsx,0.007262655985897999
benign_sample_7324.xlsx,9.264106668880332e-05
c8f36d2b92fbe928796966729d235a655424940d6d3a269bf5dc78a1b87931ee.xls,0.9999852658070583
7d3d2791bdfa45f6ffa4684916c4b2566a15b2226f1be9a61669cf6cfa0e9575.xlsx,0.9996788747879143
0bb447388ca6f9fff725bbf1b81b2421a58dfcb0a3722e030a0772a2f81de7db.xlsx,0.9990236630275998
benign_sample_9126.xlsx,3.251323691156503e-05
62acf1541644c6ef69b94c70c45574bad6418d7bbb72842c919e0d7466268519.xls,0.9999889572253554
408cc75f02a978ef41a22368421201354e756a968fd1549066cbffd312edb15a.xls,0.9999889572253554
benign_sample_8418.xlsx,0.0008296679423164588
benign_sample_4967.xlsx,1.9983690617400834e-05
85278a1649ffd17dae84fce72827f804b0091b907efd841ac95f6b4644fd8d5a.xlsx,0.9991079256890328
a984819c944294dadce06985b8128930989e4cb9a1d69432717ead979abe71ca.xlsx,0.9999999739714127
3e3eb7639df9cd203849e07d0497926cdfa3b6640ada199b8bc0584a309b09c7.xlsx,0.9999999957241017
benign_sample_1467.xlsx,2.0040581441815455e-05
1a930fadd772ff21e83d1306283852e91ce8759f3e88b0a9cc9c9bd6280400c1.xlsx,0.9993238012275905
2308a63cc78542b381547339f3dc4e3d96086bf8e8a4d06d00dbc2385df3087e.xlsx,0.9999999684204495
benign_sample_4779.xlsx,0.00047398445897672234
benign_sample_3620.xlsx,1.632819968350534e-05
e4164b8991b60aac8d1a66b021d40fc5e46aced1d519f25acc5c7fa26f932644.xlsx,0.9999999957241017
fef4fe789127175cfd2f2990a4ca4c6a1ea94fc2c8f6a17272409510356f5d51.xls,0.9985957831032061
benign_sample_4464.xlsx,0.0015498988275957782
c9a01ecdefa571891e8e4632a29bb0478da47148ce246471818ae666093adf73.xlsx,0.9999998863757465
benign_sample_8285.xlsx,8.001753345325279e-05
dd55d75e094794e1654c9c51b8407e6ff5d177e4416b65915ef7adcd8847f70e.xlsx,0.9925481452698995
386c3feebf8404ae538c2f6706ac51b1fc31ac15cef0c319460673657369494b.xls,0.9865903903616248
2913da62af9a42e68de2ec1ae0febfa621ea4fe2f60b5af7fb3e0c67205614ac.xlsx,1.0
4578a5e2c7ac4c33de195f32128731009727d889a9b9763f5c92911e5a16764b.xlsx,0.9999998961045479
benign_sample_1215.xlsx,2.1909115354175878e-05
bb59c8f463d6228cbc4ff1087196dd638ba788f141dc38d23ee59651fa9fa0a4.xls,0.9999867906727102
c8e6b86aae42907d709f0eeb0e5502a775597cc94999cd52536963147f3c7407.xlsx,0.995933333836773
b1f1abf31426438772f0f8afca021d0b3fc4703cb397d262abe9cb22d2dea0fb.xlsx,0.9925481452698995
fa2be47ee774e9b635e1da8e7749cac5b3bc7162125f956e39c25a68c77c5151.xls,0.9999889572253554
295de4cfdf908926a4ca63e58745b1fb55b0a6feef0c464e166152f8f4757b6f.xls,0.9999862809450035
e12c86ae8a42f8d43e60e0630fffd5e01e9bfa35a881e5005b08339199ce0efd.xlsx,0.9925481452698995
benign_sample_6021.xlsx,2.263010734256068e-05
e64a1d5f89f483d3638020031cf0602b1731c3311ee5fb8fba082605a8d19a70.xlsx,0.9999987369954297
15a2e3637fa8f2f43ce02dd591d451529388b680563a5b66e253f9b6b0d3eaab.xlsx,0.9999995488597299
b79ff139812a99c6441a1e97a3e10c56598f1b305de637725e188ff3e5759510.xlsx,0.9999909214370333
benign_sample_6038.xlsx,1.6273672858569922e-05
benign_sample_8427.xlsx,0.01773767792366312
benign_sample_7456.xlsx,1.664797817316965e-05
benign_sample_403.xlsx,0.0002590701450645932
2aeb95c949f4365d6bca1fb68489b44b11647d0eaad6e03355a2d3659ed76c34.xlsx,0.9999999999999997
benign_sample_1567.xlsx,0.000817974760638508
dec15624fdaac9ec4f09842688f372e3eb64ebf2174e9182f0e22bdc00d8a1f7.xlsx,0.9999998754089404
57b99fc8a6b93bda0bb101abef224504b26db8b2e4884aa7a83c94e2e1005755.xls,0.994017025949117
dff2d8523bb912730f48ac60b9874672106c87e0b4ff95069ded5c50ad40516e.xlsx,0.9566148520086086
benign_sample_131.xlsx,2.0325940551745262e-05
benign_sample_9195.xlsx,0.0001903523311603644
34b13339dad446f5def5d75dd4740c8d84ebb6d80d8ab0c9cabd6709fe7655af.xlsx,0.999999991622618
9bb2ebea9b5a85ffd22e2f2f97a07e9367ddc5ddcaa086c8903c57212273548b.xlsx,0.9999999957316703
benign_sample_6202.xlsx,1.5657231705436365e-05
benign_sample_1908.xlsx,1.781142372672089e-05
benign_sample_6137.xlsx,0.013552884635818779
0ada405b738f9d7c4848ea53a4d84bf94fcc836fa7145664872d7b5200d668f3.xlsx,0.9999999998795316
benign_sample_8760.xlsx,1.7243571141833356e-05
benign_sample_9737.xlsx,0.0028046678704445743
benign_sample_4259.xlsx,0.0008123126932842511
b2b24497206ad1267683b6c1b2fe92a55cad6f45d8c47ebb1d397476c811fcfa.xlsx,0.995933333836773
benign_sample_3220.xlsx,5.47905530288166e-05
bafd9e28db43f5599dea10a396c450906c23f42abbd4765a2ba001521a0fdd2a.xlsx,0.9999973038999457
c358681ef254f1379b3d62756d612042bb11d36cd6416e2c011824ad3bccb51b.xlsx,0.9999999948510103
14400a65d8cc66198400d99f57e6e854389bc6a48f7e57dd2e26083ea2093ac3.xls,0.9999867906727102
benign_sample_771.xlsx,0.00015791990259524986
ec62d1af4ec98ad5f988fa7a5a52935e3cb487bb7d9bdfe93dee291e0c82c64a.xlsx,0.9999999998795316
67a27ff7770150e954d5b1794e6917214bf540963060a82066a652608518d2d2.xlsx,0.9999999739714127
289277c09bcd32545f5aaf6971900a41b64a6684c5a7bc091ea797918c5cfdbd.xlsx,0.9999974935288525
9cf11c05409ac93742efe3813f0da480b32c812cf80918281974ed4e384441ba.xls,0.9999889572253554
d87320d3365b9da3f38bed92b4f1fd345954d3576ca36709972fe2d5e08c7bd9.xls,0.9999889572253554
benign_sample_1333.xlsx,4.45841620533849e-05
benign_sample_4536.xlsx,1.7939465861695126e-05
benign_sample_6456.xlsx,1.658361245667086e-05
benign_sample_4819.xlsx,1.9522462878406e-05
bf9fb2bb41306b5183c1b3a37409b42c70f284cc0ecbac448d4c773063c8bf9a.xlsx,0.9999816004894159
0967ae832c06d273188411169976c460cfe19696b182cbc5cf5ac33e0ddded12.xlsx,0.9563824427961934
5b45d5f627e2b91e149c70d19f393682932f207adad22973e6a6f590dcf05ad5.xlsx,1.0
benign_sample_8868.xlsx,0.09622623566996713
5a4fecdb87f9e9a30d685757c4cd5018e64799be0a1005690cc508af67fefe7d.xlsx,0.9999999974184032
benign_sample_664.xlsx,2.513927190485328e-05
benign_sample_794.xlsx,1.7655309021730246e-05
benign_sample_6951.xlsx,1.6406271166607498e-05
benign_sample_5539.xlsx,2.640499216593697e-05
benign_sample_342.xlsx,8.611192457103096e-05
benign_sample_1878.xlsx,1.9884083451383565e-05
c1d125239b37b1c7739b907cd0347d97fc8d896f8bb07bee17fb4eac03458618.xlsx,0.9999999999999996
1c2ebd063d8ce2f4f77a5d8292d7b8488d7a8445129ddb705c9bd01ef7bfa5f6.xlsx,0.9999999670849972
01e25605a5f7db8ed2bf21143a573762a592563daf36e596d7619b66c1c95d20.xls,0.9999859793953737
benign_sample_5224.xlsx,1.7021974144097814e-05
benign_sample_7080.xlsx,1.8295263962368585e-05
793ae2456ad8cadbc933f9a2f2d1e40751a4769adfd83a9900ae57c03cccacee.xls,0.9999889572253554
benign_sample_2088.xlsx,2.332006351825875e-05
3e0e1eab1df209e517c5b747312f7a4ec2d3a107bc140b500cf361429c1729b1.xlsx,0.9564627211466336
6ddb6746cee09a46fa029ff420a94524169b8eb6f3915166cd58885dc78a25e4.xlsx,0.9999999999999996
benign_sample_1486.xlsx,0.0010500195531724613
59d3025b87cd0bf6ce21543f6bdf1748f230bfce7bbdde4c0e6e1401554a6e5b.xls,0.9999889572253554
854305907432f8c3bb695a27b60c65d8dc34929e6d7adfc666191e6113b6b00c.xls,0.9999889572253554
555c381bc559402d544b1694842fdce9eff018d09e013a72ac7c4fe7e0e67a7b.xlsx,0.9999995538721049
benign_sample_2318.xlsx,4.592621948585951e-05
benign_sample_8011.xlsx,0.0002097599894815258
benign_sample_6908.xlsx,0.00015333259467528688
benign_sample_4275.xlsx,0.016002270026479828
benign_sample_9547.xlsx,1.9365618161827416e-05
6d5bbbd751fc360939821e49ac356a47a34b766e4170c7219ad072a36d9a72db.xlsx,0.9999999998795316
1cc849f91a248a93d8380cfbdfb30fe3c8bb9f43fdd6aae38da8ebcbfd0cda23.xls,0.9626719665195491
benign_sample_2061.xlsx,2.379260125591062e-05
ba78d2ef431035ceee82eec4916bfcac2f3c7bed9521a01fd1d9584710d80c11.xlsx,0.9999995628585161
benign_sample_705.xlsx,5.292458025238975e-05
benign_sample_3873.xlsx,0.00034429301124357906
benign_sample_8512.xlsx,0.00024648889613076194
10d164258a05b43017ea2344e234477490adaef157633778e0a2f2f558ef9385.xls,0.9981136168268104
20cbe8325f3568dc47e4267377901d322dcc8c3f0106ce0a1fef725a16ad8529.xls,0.9999889572253554
benign_sample_9588.xlsx,0.003107689018683874
4dfc8985c16767f083e5b7894e98edfbcbeb1175e11cf7e005424437accaf74e.xlsx,0.9925481452698995
748ff169e432813950d614abf1edb131bc1736d7cc66b09a922be9a0bd60a57a.xls,0.9875502715345972
2f2d2b58dbf33f7b4d305ec25f24ed3846c61c0324b5e6a09a193cec429aeed7.xlsx,0.9941059241995988
benign_sample_7746.xlsx,1.7088721663877602e-05
benign_sample_499.xlsx,0.0004039940024903222
benign_sample_2550.xlsx,7.818766613090277e-05
benign_sample_4104.xlsx,0.00014061178760914483
f36e021a3c3fc3441db2e9cdde95706ec10f9134929b49bde0b693f30c2ecc14.xlsx,0.9814359358366134
dbf91504a2cb3f5178ecbc5e2e5133e00c8db3865fdb767f1858d243ac3c6030.xlsx,0.9999999612938351
a1bf78c55f183b96183cf04a05d5f8895c06bc363b95343d8a4bec7cf1c9034e.xlsx,0.9999999612938351
97d5d2d19ceb5965591c2fd6c9d95658f24adf49691c268606c91e200b82f527.xlsx,0.9999999684204495
benign_sample_165.xlsx,0.000540379484117386
benign_sample_7689.xlsx,2.1704142154700877e-05
5e019efe4f395e59309e1639d81db03d57919316eeae7f2ab26c29685886c163.xlsx,1.0
f3e7f68430934e19e618b8d6772b90ac3a7d42369058af3cdd35593266f28604.xlsx,1.0
73952f15b752208fc79faf15880ba1e11b0487847dbc4985c67f0dec3aef647a.xls,0.9842115403636233
68afb8d14357c8931881d635874f36ac1e56e28213f29ee1ea06a42a59f39991.xls,0.987341148241576
f0966d6b4ea87bd34fe0765d0b0f053908fdcdc840cc271f670a521256694da8.xlsx,1.0
930a51f05702dcb78a5f3c64dce9d9cc49d9c2e6e8a6b21e130867150a129ed1.xlsx,0.9999816004894159
benign_sample_8121.xlsx,0.006213941360007892
benign_sample_5700.xlsx,1.66717344034874e-05
benign_sample_4203.xlsx,0.01333302586386696
benign_sample_6260.xlsx,0.0005993855272475526
6247b03e40e6bf3bd2e6f20a59c0336c9168e76d02701ec6af308fd59e40dfe5.xlsx,0.9999999957241017
benign_sample_4630.xlsx,4.075500787782682e-05
189160bac0dc8008d3b49b5f11a263e61d2f2aeb3484d82aa18a1d01cf48627b.xls,0.9999852567673798
benign_sample_5903.xlsx,8.682183549534317e-05
a8b4bb0bbd2c5471e7d42f9b23b7b00d57ea8d57f163f8e3a71b87f56965b570.xls,0.9443856210225471
benign_sample_8069.xlsx,2.737153612039998e-05
benign_sample_2929.xlsx,1.7321150129204833e-05
d4e52758f4e2fee637ab46d335ef2f5846e4f1a972b4970fa43d9a8e06c98a5f.xls,0.9575783972668521
686217864e06b3caed4e4f97cc35d1987541f34e3764d6b2b9defa61501caee1.xlsx,0.9714542415005009
benign_sample_3999.xlsx,0.00398694822634734
benign_sample_6174.xlsx,0.0012658986992077155
1d6199dd3aeed64717064ddcd40b794907ba90aa52ed7ea5ba5f4514a7e9a51f.xlsx,0.9999972867089778
benign_sample_9283.xlsx,1.897543781853502e-05
b875d5f90ea82c87b60c76fa7fbb4b392a5c84ac3a31d56ed5512f87a5eeb728.xls,0.9999889572253554
benign_sample_8653.xlsx,0.00015715147590007728
b95870ca4d00f82239045b3d770322e17071fbed24644d5702be98f75b6bd4b5.xlsx,0.9899997624977299
55d78966e7780f5ba9abb185c0a720b5562c11f66a60c9778d6cbcac41be4e35.xlsx,1.0
4ba77f760df242a062383f0e5d753b264d361ca437b207daf6171004f66f7485.xlsx,1.0
0bda19993f59837640be7949ecacc06065b97e550496e8fa8d3e402e51995203.xlsx,0.995933333836773
benign_sample_3459.xlsx,0.0004220970316481324
ecaaebd9fac049d8298dcfb3db7f6b5e7f795d17eb100f2005d4f77f3d961b71.xlsx,0.995933333836773
a57f8bb5097ba0cb2dd4a1f1e9b7c112bb0c8ecf232dfd404233cef140e48435.xlsx,0.995933333836773
benign_sample_6837.xlsx,2.0851023705906667e-05
benign_sample_3370.xlsx,1.6778030159600245e-05
223dead7eeaec4d5b26cc1e350045307e4182e1a08b13d3ba73d58c624c63744.xlsx,0.9999999936475487
78fc6e02ed8b715bf93cbcbfcc6c663341e772e15bea06ec44a6e79404d0cb6b.xls,0.9986583920608126
0cca8f3890ac2860c0e4206d159b84e628b28ab40787e6911baedd0395099a69.xlsx,0.9999999974297946
benign_sample_7990.xlsx,2.3096798653957062e-05
benign_sample_2312.xlsx,1.644426503933097e-05
1a2d6a29900fd6e9214f9b9b11a64d3ab50cef3a4991b42d0fb07d7a12846941.xlsx,0.9999995532859088
benign_sample_6960.xlsx,0.0001397031087894902
benign_sample_6608.xlsx,0.00012688255143163412
d6d8cdb4ef4968e6d87d58445c64ae2a63fa7226acd42070644242a1ceea4b64.xlsx,0.9999999605520123
benign_sample_6374.xlsx,2.3971467906331337e-05
d0c87e3ca7bc1c855d54af2d207a85f512b1187635a382d5c2cd7b4cb47feb4e.xlsx,0.999998503346864
7ea07a02f138a4eed3569273412432dbb40f8da4f7c9384de14e878772302047.xls,0.9999852658070583
benign_sample_2723.xlsx,8.57845764352448e-05
benign_sample_8372.xlsx,8.376047400886095e-05
benign_sample_8475.xlsx,2.5200034424643765e-05
ec9e656a7ef5791cc4f86d17140dd012a5154cd83419669e43785b6370a00b70.xlsx,1.0
f7f82a0e66831438f30b0a942efaab9f21dc1ecb2eb5a967369ed8440eaf866f.xls,0.957970976727932
6c73580415937ccb12f90eba16e675e43eef3c6ecd933d4ac9eef4be432ea337.xlsx,0.9999999739714127
92174e27cd789845bcd54f9efd543e404b85ce2b25b122cf5a9d34e6238d968c.xls,0.9821526776182109
7a14386b2ce2a3a2f38c85d9ba24adfb6ddc2f8c633be98b3426be3fec1fde2f.xlsx,0.994999933285628
5e7c248341efa1f6b02b9de798ab18399dd799a30a08b4804235e1e90a8fcc7d.xls,0.9999889572253554
e6299087763def33f617c417fe86b7acd0314993fa9dd66d8931b26c54b4c3c9.xlsx,0.999998327714934
benign_sample_8003.xlsx,3.329657810720537e-05
aaa15e90e9bb12fae4b2e72b32897244c2ef286adc0e58d7570de362b8c342b1.xlsx,0.9609863759542394
e123fa2abf1a2f12af9f1828b317d486d1df63aff801d591c5e939eb06eb4cfc.xls,0.2987352135550962
benign_sample_1448.xlsx,2.42002011722539e-05
6cbedee2a1f9ace2e2e683fe6868f5643354b5d06651f1edbd1ede134c19874d.xlsx,0.999999887303101
benign_sample_2240.xlsx,0.00023220606313523043
308bcfce40ddb9ea57a8cc60db0f99bda776d4379fde371a54fbdbfdef114708.xlsx,0.9999954417645545
benign_sample_3357.xlsx,1.870717436363281e-05
benign_sample_8079.xlsx,1.657472145650781e-05
benign_sample_9265.xlsx,2.207411531626776e-05
benign_sample_9276.xlsx,0.00018045661165906233
885ae047b80a3f916080bd8fa422c677e773a9be8747c20d5ed68f991e239d92.xlsx,0.9999999739714127
benign_sample_9319.xlsx,1.8996558412603744e-05
5b8d0b12d4a393432ef70e1832915b20c0a39b948c524ac301e3ae5f9794b84d.xlsx,0.9733736280762552
ef2af7f9f4140bb939b5fb3a33a7c2b2b8fec4d203a195578502b6f35c94b13b.xlsx,0.9925481452698995
0b20638506b6b6ffe28564f757d17d41311a1b1887bfbd3a7e0f0e6df21370b8.xlsx,0.9999999999999997
benign_sample_9001.xlsx,0.00015611346541717785
84b5d15b26145b69b9ac194629510d7ccf95275bb50004046c0ff3ff018ad6fd.xlsx,1.0
benign_sample_5313.xlsx,0.007131545485412764
benign_sample_3212.xlsx,1.8390872938163478e-05
614103e6bf36b917f69baa0bfc299b114b6f8339fbabdc67d18006b30e60d8e9.xlsx,0.995933333836773
4bfdb22134bc73b6b428c51e899f36da6ad72c54340cc4809c0f952cfd84cd22.xlsx,0.9983332993149134
fdc44d3969cdb48cf5d751dd28b3927941eb62b48b0a7975eb55c682c30014c9.xlsx,0.9999999997814064
benign_sample_4146.xlsx,1.7328694580553877e-05
benign_sample_9155.xlsx,1.7985639956644224e-05
b228f590fcc866d82d95fbd0e4fb8aafae1123bb60e194d628b4ee2a58ca0c1b.xlsx,0.995933333836773
e918197fae3f8dfa76d937e4bd9eff85be2171f6d5459467a1818a2438baf677.xlsx,0.9564627211466336
benign_sample_1170.xlsx,0.211630989822958
15b9ed4f53891434aa211b87f99f17c5882c7ed51e80946ca29f61b61c65c03b.xlsx,0.999996761394427
benign_sample_9608.xlsx,3.0523655127875464e-05
db8b7b8daa472768a0d0ea0efdd2ad9061067c9b9fbf1c7707e55ff3ebd4f989.xlsx,0.9999908881099094
9585b1c8b8b45e407d6e9c71a177ab04ce211fc3b8dff4b935ff4f4d5a408f2d.xlsx,0.9999999739714127
133ca1c1e13ffba958e4c2d069eae3d9bd40afdda6fa0442ea3f22be834b9387.xlsx,0.9999999612938351
benign_sample_299.xlsx,2.4346172286148916e-05
e74592cd038ce40a3ea4e7fc68085ffd03bc70b0cb0773b17e32a2e66cebeb36.xls,0.9999889572253554
ac8219f7bf6ba3f72506c84bee52caf739e9bfce0d43c4ccf69a0ad7480fcfc1.xlsx,0.9999999777718672
benign_sample_4443.xlsx,2.5218357859251677e-05
401118999eddfee8e242908690a48ad14f333ab18fd9c104833d29fdb8ca4b28.xls,0.9999889572253554
benign_sample_2660.xlsx,2.8719733826857065e-05
e288c853afd9e6369767d14553ebd6a471d2adb2a2e5b6b80f487d8e3d84d7d2.xlsx,0.9999999999999997
09ab6cbe2e3f6ba90584b1d8ffb69d84135cf84c3a13400c8923d1ad36218c87.xlsx,1.0
35d1e96caba80a40c8151a907280bea809904900ced9c704b56e45509ab0d3c4.xls,0.9999889572253554
69015429f5569d1b3c07ae9efaec17c3b9df46ba95b2e0ddb44063af452b77c4.xls,0.9999852567673798
4098eed9c3a2b676312fcf3dcdbcf4f18affb50ab9b31d02868aeee1b6e7d932.xlsx,0.9999998741492986
05a704415a5f839c35e13c89980e0ad3c28e30e69f755b4067c0158778287ca8.xlsx,0.9999998865043992
benign_sample_519.xlsx,4.098806331773712e-05
b06a7b0c6053ad075b7b4f4e7040eda6db5a756498d5707ef0f75c993f19a6aa.xlsx,0.9999999957241017
benign_sample_2817.xlsx,0.018950080132011795
benign_sample_2503.xlsx,2.742962979382301e-05
benign_sample_312.xlsx,2.084108694273614e-05
200bf5f295d80802b731e71b7f4f7ec9a5a24d32489c1c139d52fd755eca637f.xlsx,0.9999952211617161
e49d74279c3595ead3f7858068a7be1cc307557684c9fdb0e9badacecf39415d.xlsx,0.9999831246946421
2a18ab2227f1d114c0b35a9bea26bb9dd881bb592fdcfb528bc0fe535aec20e4.xlsx,0.9999999739714127
benign_sample_836.xlsx,6.901041583998577e-05
cf377fb3a5ebebbe9996eb63b7fc8b0779c974d7f1edfa1a448c491b54a46aed.xls,0.9893143822567243
2fb4062b4aee3c081f6fe98db436125af8e4aacec92b5b93de1a073905c76544.xls,0.9999867906727102
benign_sample_2156.xlsx,7.038693089415724e-05
796451a21af5c27035a2666699a22c17da144695ed6fba4d251d42a9e49c29a0.xlsx,0.9999999224102324
benign_sample_5643.xlsx,3.9360687690994884e-05
benign_sample_2919.xlsx,2.933561717071598e-05
benign_sample_9811.xlsx,2.5900309699836674e-05
benign_sample_2347.xlsx,1.9578200944847233e-05
benign_sample_3471.xlsx,0.00040567021191934596
benign_sample_7349.xlsx,2.1516061029699773e-05
benign_sample_26.xlsx,0.0005332842778395305
benign_sample_8228.xlsx,3.6418849997478594e-05
benign_sample_8481.xlsx,6.486123224542577e-05
benign_sample_7592.xlsx,0.11770479073745045
benign_sample_2476.xlsx,2.5380921995967208e-05
benign_sample_4172.xlsx,1.8701458691488315e-05
benign_sample_819.xlsx,0.00018204410252624804
a245dbaaea1d3dbbdfa1402ae64e894b1494911608b80affeba18cda0ef11d64.xls,0.9999852181543748
benign_sample_8792.xlsx,0.0385708870053449
benign_sample_9660.xlsx,7.920509621199812e-05
benign_sample_7240.xlsx,6.210142583011366e-05
benign_sample_6849.xlsx,0.005077082444488706
8946c54814cf8928fce1229830b682fab9620d7f7972900d5f50d7bd84e532f4.xlsx,0.9999999957241017
484410a0e8e142f7c0f28263e9a43d5a4a968e6a44283ac25c3a2a999429ca2e.xlsx,0.995933333836773
benign_sample_9425.xlsx,3.507963185688919e-05
benign_sample_4062.xlsx,0.0034562947167665514
benign_sample_3623.xlsx,3.069175378689988e-05
benign_sample_5941.xlsx,3.6618309530785295e-05
9a63de6e9a50583d5381aeb2313329500f5582fc216ed789312a10f7c44344a1.xls,0.999984679143302
benign_sample_701.xlsx,2.9608856885873094e-05
benign_sample_7108.xlsx,1.4897224630414282e-05
b0655ae39105d4ff06f8d8c5ed1c81a3e9475e287e36ea155045a367d3c9e002.xls,0.9999852658070583
e2be2d569f24db646f5d168ba6ffbf1236c0b71bd3c0e0b2b249fe5e88c7509d.xls,0.9999859793953737
benign_sample_4498.xlsx,0.0017476805938059356
benign_sample_9594.xlsx,2.7952974178783248e-05
b362699e99639b0391dc8e97225cd43474ca29779d207a4423edc0883d875272.xlsx,0.9999999957241017
benign_sample_1952.xlsx,1.6272997927603487e-05
benign_sample_5864.xlsx,0.12732279553292128
benign_sample_641.xlsx,2.1005153666905108e-05
benign_sample_8879.xlsx,0.0021096053235328542
fe3de00b1653c887a4d0a16b313596e38073cd07a17e5b3c37f75056f2032939.xlsx,0.995933333836773
benign_sample_9162.xlsx,0.011216636960453004
8c0b596a9098a3359719fca826348c2ddfcdcbabed23dd6fc0e36ab88b599ed2.xlsx,0.9999995499093366
2cd7269cc3a8e86be7c6ad06c71f44359183d096ee269e9bf6297ba14ad37387.xlsx,0.9654627319949941
benign_sample_3072.xlsx,2.002190481193312e-05
benign_sample_5280.xlsx,0.00030266272148244007
df35aa94111baee3fa0761fa3d2186f6b50589049a932576a37771dc69e35eaf.xlsx,0.9925481452698995
eb76e3a33df3f8d077cebdb3409d81b53bfb34a4519dbb6010eaca5ff9f029cf.xls,0.9999867888695356
1668a792f51bf5937422781eda0e683d9a15e1fe6ff395f605b518b0c1de09e7.xlsx,0.9999954585561482
benign_sample_942.xlsx,0.0014935292530538324
benign_sample_1025.xlsx,0.0013819707082219914
benign_sample_5462.xlsx,7.294448713095871e-05
c02fdfc971daebfb89f3ced5499b94c98d4cfd395716afa67af935bb1cfae7da.xlsx,1.0
benign_sample_5917.xlsx,0.0066187919778850956
6e82bd1f95394864e349032d6cd74c67704ff7586924d5c31c9a5b318499cdcd.xlsx,0.995933333836773
benign_sample_2841.xlsx,0.0001130314866676841
benign_sample_8500.xlsx,0.0005094766943606084
318673eed455f1c30c9c7bffe33169da4279d626842aba891c6e1665b385d264.xls,0.9999889572253554
benign_sample_2864.xlsx,2.5628809701029657e-05
b1184235fe9eea2c9193a9ea21ae41fae2c260e84aaafe7d9208054bb4b906ef.xlsx,0.9851879435564396
e45f01006f5b0948606fcc41c769a03d7461e2a5460cda12a282c25a7e6f988e.xlsx,0.995933333836773
f37afddfca6c1e11957597a77d11c431a958f2d17e666e1b951de90016720502.xlsx,0.9999983170052419
7bb6dc926a5f2e222ba863d37494caef4f2c0de375ab84673ce21d51f5ffa13f.xlsx,0.9999999991293609
ae0b73ae045359ed934cb55bc49b8fb5494780a71ddd3f50f06ef21644feffb5.xlsx,0.9999999670849972
5ff4d9b7751220b56548411ecba8e29e4da8ac2c92cba1d5aee403fda2f1170e.xlsx,0.999999964451359
benign_sample_7369.xlsx,0.05164290089451693
adf8701ff333b61f21d23c502373e3d4fdccb3da054b3fe6d0760de47bb300d8.xls,0.9998058014491357
c766c4e5bf9694aca28705d0563c4333de8137cac564dcb21aef57ab72b0c96d.xlsx,0.9817717369171787
3d877e78dce4cdb9ef64708c14fe6627505e1ff25946d5ae2c5625e967a5bf88.xlsx,0.995933333836773
benign_sample_763.xlsx,0.06799555567740133
75d4d1bbdb3d2c45392aa6f10af1093af7f137b8cb7702f42bd08109f72ab345.xls,0.999986262081397
benign_sample_8409.xlsx,3.8728525815585415e-05
ab1d6eacd13c7ce70852c85f8da60605b30722d728928ee6d65647750061c6f2.xlsx,0.9999970330629666
68888c18b685d365f711cbd9ff0b4285239876b5dd8e2c8736134f8685a2f882.xlsx,0.9983300378457809
benign_sample_8226.xlsx,0.020244767794124378
1f152aca7ccc6b207e111bd8dcae7986b0678bf2a18aa827b521ca9d68dea931.xlsx,0.9999999999999997
fd6e8aa73c1daf8f56d703550f873bcbcb3b85c3c51d480265187190e499be58.xlsx,0.9718865896769874
eca1784247861d517c8d7626ef78669dcd1dc20e46fde840a45c7d26dae46886.xlsx,1.0
34b4cc54cd8d3294a210381b7f27a9d0284214ecb26c9ad4c685a3d568d295f6.xlsx,1.0
04dbaec4fedbe0c142e0828aa4522048a914af66c2add559df963f5a472b0c65.xlsx,0.995933333836773
benign_sample_6753.xlsx,0.00030858299320085306
89d560fee3792cb382b3cc5bf1c5ee92df1bc83eea66aa320a3f5516bc97052a.xls,0.9999889572253554
9a07882f9733681a9ab15b65123c621f3d0c6f5c2ab06829e595b77dff1dad93.xlsx,0.9998785084161824
7d72b56d5655b1d1062664af0c19b7214087526f7904b8e0916a2d957b715f45.xlsx,0.9999994291490851
benign_sample_7469.xlsx,0.0004707464242752874
43b1fd1045c3f14e9e12685a2fd7074bd2a0d7cf9e47d23af2e2ff8dca2a2f5c.xlsx,0.9999999568223931
benign_sample_7779.xlsx,9.795257777096811e-05
9bf7308720265cb1efc2b250252be7121b37b8bfe985f88ec7ad5b0e4f7e419b.xlsx,0.995933333836773
benign_sample_5637.xlsx,0.00012105147172796073
benign_sample_4620.xlsx,1.6838352756817924e-05
cfb2367a1a828b06b2cbe34ff70246284373d7d03e2f458d74db0868ea449a11.xlsx,0.9925481452698995
6511bf0cd0a150e9e4530b6b27ec3c9227b0e6ff38eafd6f6045f71ded06bc03.xlsx,0.9999999450675401
benign_sample_9021.xlsx,2.3102420886030465e-05
ebd73484200defe7911d04afe0a69c1ea67e329ced5293e70a1eb468e3cf85cd.xls,0.9999867888695356
97b2cbaaaffec6f8363089059083b5d97456f0e597552db07f37865bb494079c.xlsx,0.999999214149963
ee6eaa829ef89396356f2d6652c0bba611d42f04e1e5a3b8edadc35c5449d217.xlsx,0.9999999337041215
benign_sample_8551.xlsx,1.789828266923807e-05
benign_sample_784.xlsx,3.045076359394981e-05
benign_sample_5556.xlsx,0.00017147671300632328
bbc1337630f46853905e7fa804eb8bf2b3644f3a16a1911ea1fbd7fe1811c1ec.xlsx,0.9990393868048063
8d99d44ad0dd16dbbd27d90ef968ca16f941a990c4441abd1f4de6bc2e35f7f7.xlsx,0.999999210746207
benign_sample_8219.xlsx,0.00039169538946614673
benign_sample_6835.xlsx,0.0010114263140746807
benign_sample_7232.xlsx,0.007703411972480888
fed9ab0d5148f234ed4a0956232c6b31dc563aad3d79713c9793a25ff05b13c7.xlsx,0.9999985010146197
010ec7f85c692da2ae132eea2678184de75b86010aca5f89affe2245da8a877b.xls,0.995933333836773
4fca03b254e81987b490904aec9e540c836f8dad2f6fc44efc35657655e10b27.xlsx,0.9999999670849972
benign_sample_1968.xlsx,1.6908885210981395e-05
574765d9b8ed749336b6a5914d7495c993c8d1bb18c5a3bcb5c35bb831601b9a.xlsx,0.9999999224102324
benign_sample_960.xlsx,0.00010919007511875421
benign_sample_9424.xlsx,4.825043815575352e-05
0cc39329e169ee4c07c551b0db5c6c22e860af9ca2f9a08db07425021cdbd2da.xlsx,0.9999997732880477
71909d149f2ba350d442f80a02177169320e1d898a14a83b3570d62587815441.xlsx,0.999999206747373
f8843bf48b88be8becbf6d69f8af219044c917f6c028c800a3efcf0aa79a8979.xlsx,0.9999999997814064
e0d3082b25ae334134a11dbf38730be0b7412a90b0332176866d732cba78fa96.xls,0.999985459400337
benign_sample_6240.xlsx,2.6727302430400025e-05
benign_sample_6196.xlsx,0.002898673926520111
benign_sample_4830.xlsx,2.9752402708527003e-05
benign_sample_5349.xlsx,1.537367560066506e-05
c68c19cd297d6430ce90dc73ed139d59a51828c775f39b0ae8d8600461b1d116.xlsx,1.0
benign_sample_6348.xlsx,0.0021044649080240586
benign_sample_1427.xlsx,4.329289651295591e-05
benign_sample_1240.xlsx,3.353280839502796e-05
b3bc47d3f42969b036304359710fc9feb8c30b586815498354ebaaf64c3f3b91.xlsx,0.9999999684204495
8e2fac8ee6436a38b4e91e54964ca9def5c5e68b88e33d28b58b4b2614d191a6.xls,0.9718626726218013
benign_sample_3333.xlsx,2.565979951895832e-05
8d7c474b1fd9ab2e8239a0b7ab4a5023e7043e4eba6935f771921341a580fce3.xls,0.9999889572253554
benign_sample_6014.xlsx,0.04722396438954443
fff31d677f86404d114c07a3a4223f5ffc5966277d6303418088b547d75863a5.xlsx,0.9999908881099094
benign_sample_2354.xlsx,2.9080095563409914e-05
0a192f7365cbe905554c04c199ecd43d31ea21e5aa2939eace22b59e29715319.xlsx,0.9999999999999996
f73f85fb5f319146695902bd9371ab183cf10ebad455c27f73386c84223253b0.xlsx,0.9999999949164368
benign_sample_1042.xlsx,0.00036986533371824475
benign_sample_4344.xlsx,1.6945110569466412e-05
benign_sample_5770.xlsx,3.273335850273297e-05
ee1111e4953d81a2c43ed548bf4fbc201a3e5593ec04fc04d8a1beb9106ab3f9.xlsx,0.9999999670849972
cda83d4338fc9a7af288973ad96ff82774ecb2db47ee88dad0bb91a79f4e485c.xlsx,0.9999999612938351
benign_sample_8025.xlsx,0.00022628335627382918
benign_sample_2960.xlsx,3.1529733669511316e-05
fdf1dc460ebd21ffdbb1960e4a7e35bee3ef0ca5414adba0aff766a5563723b8.xls,0.9999889572253554
d471822e24be0a91ea578611441c681ebca879e24534c90edd589087989e994c.xlsx,0.9999813019228455
benign_sample_5529.xlsx,6.107591692864078e-05
d58984a975031f80a6a050b95f84bc137f0e59bf22183bcef372c5745ed1d8cb.xlsx,0.9999999999999997
benign_sample_8903.xlsx,5.357784624936206e-05
ffe9d5bb2d87af35d203b915dfef914949f913f75793c23a067298ddc4347b7b.xlsx,0.9999997734851656
1e9e9f2e31c4b71ccaeb943fdb21922c8f658a2c9218eb7062ea2224cff1a6b1.xlsx,0.9999999916303081
benign_sample_9592.xlsx,0.0014516122795416135
benign_sample_5831.xlsx,1.8567827774559046e-05
6bec3a3c70ffef634a033687159c7b8046760a5b61cd744941a0de6f4f98ba52.xlsx,0.9999999612938351
benign_sample_6300.xlsx,0.00011505360929224269
36cfcbf99c6446f57039b09849fc64103fc4225aea6796823200e717f20435a1.xlsx,0.9999998754089404
03eccb4286e763775624927993448a980cf9a8f9a94ee84ee8e989726493760c.xls,0.9966154607068151
benign_sample_8749.xlsx,0.0007541601938211629
benign_sample_3709.xlsx,2.9064805736824298e-05
c7665be16e6633d97b36311d0d67c697c4d26ed628441039c9bf37d6bab74b4a.xlsx,0.9834969012509419
benign_sample_9158.xlsx,0.00021553385468848523
7e760b5e1193aca77fcd5e18a8fe5bcc24d91ca92e2d6023eeb37c8fb04643cf.xls,0.9999889572253554
benign_sample_3263.xlsx,3.1403988000934555e-05
benign_sample_5364.xlsx,4.167103840301053e-05
fdb30e5e9c59c0d43a361e675e53d038afd9dbb75f787307ee5440c2a9e52fb5.xlsx,0.9999999941338403
benign_sample_8949.xlsx,1.9286088401850833e-05
benign_sample_7811.xlsx,3.0479767858199856e-05
benign_sample_3855.xlsx,1.5480230418878633e-05
e111c0a498db47ab1d0eb55dac2be6c6715c4b4f78977e22e17e1442b0cb97d9.xlsx,0.995933333836773
7096fd356bd40d89e46b28d298b61b909337fa5715d5d8469bf12eabcd5e9bb3.xlsx,0.9999995488597299
benign_sample_2996.xlsx,4.498944187625124e-05
benign_sample_4747.xlsx,1.7191845464090497e-05
81ebf0c5297d3b53994e3e73989a917f67131003063fe39fb3eaa077b596671a.xls,0.9999889572253554
346104b8d9ac70aa12068893b0796054392bc17724398dddda30f7bb763affd1.xls,0.9999889572253554
16ba133a070d1726e4bc1b074a3fb0f2861e7c7e53ce3788bfe91db57ee39273.xlsx,0.9999999997470769
benign_sample_4938.xlsx,0.00022775503013225892
benign_sample_132.xlsx,2.2100493032041014e-05
benign_sample_2570.xlsx,0.00014181244395273824
benign_sample_2244.xlsx,1.725168682239999e-05
benign_sample_1729.xlsx,0.021012676707038536
f9071720b4f380a80a471ef7b3999a96b6e9e8207006a2117b59c4f8c27d61d9.xls,0.9979494664819271
benign_sample_4174.xlsx,1.8418848997356205e-05
5d6d74dc75bf62d7b907e0a21458245ae58e2692e86226f97bda4127d9472819.xlsx,0.9999999557574122
6eb0c244dd286ae14af2f201e66ff971d8ad21135e2d619751e3755d606eb748.xlsx,0.9999999484198708
benign_sample_8432.xlsx,7.620482345347253e-05
benign_sample_4921.xlsx,2.1976586619869188e-05
6a801aa9e7e1604fcc68fc0153d4974c184a75eccbe0e2ab2390959bc188f249.xlsx,0.9730987347034462
57ed5ce0aff25339076ab6f0194dfb10802810490613daeca27a43f7862ecd84.xls,0.9999865800886484
benign_sample_7965.xlsx,1.984920135732761e-05
benign_sample_6156.xlsx,1.649190047699426e-05
benign_sample_2417.xlsx,2.8461679579274304e-05
benign_sample_7712.xlsx,0.00026314281911974725
6bae8695b63a74ba02a311ecf189391ceba19c260b259b2c49e2740ca541e3be.xlsx,0.9999998754089404
1e65a78f62743f093062fddc5ade4190ed322db30e1270e7f78b5375d83ead20.xlsx,0.9999998871547607
b1c932b82e70544a381a0a0ffe1116a71a0dbc1c2b3e5afd63d7ddd0507489ca.xlsx,0.9999991500028736
benign_sample_9190.xlsx,4.415114530221206e-05
e2c5aa9317d53502bcc95547c7449c6a05e230fc74a6ff8b62db039c8b25de51.xls,0.999986721806945
81e9775d7caff4e54b6ddc20c5183351707a8c10623c6014c34960315f039d5e.xlsx,0.6679279169208893
df02b9b640ba1807d41f3e508183376fdf76e24114dba049f58c92d293f9c2f5.xlsx,0.9999999670849972
ab8f3cbb50195abf243b1b299a5ee97ede0fe289239e1056799058e74ff6b1d4.xls,0.9999889572253554
e4aaa9ab7bb52c43bbc335f97f316b7bf53e2f0004f976f54bda44c2f5d7ab37.xlsx,0.999999964451359
77ff803106457247e8b2a8c12a48922d5d205f11ca1c457e20d5d1b673b96e45.xlsx,0.9999909575235852
benign_sample_6761.xlsx,0.00015164110565372166
benign_sample_8171.xlsx,0.022877891774301554
a6b9cdcabf1758c7863caecad051b7f672d9b11cfae3e42461e952e0af9a1c79.xls,0.9999852181543748
94d388ab5646b3400aa45894ef0ff7e084894e25e3b3286f92ca630c613ea10c.xlsx,0.9994118072956749
6d08385484d086b6be0fe75c47d28300dc783f5fea6802a7aae58c7abf559595.xlsx,0.9999999670849972
b43da814f3ef03abc6f62a8a765e8fc4035f0060ef62348738542ee489babd76.xlsx,0.9999973297648531
benign_sample_7140.xlsx,2.6719719094275055e-05
9d41bc2f5adca72ba0f261bfd3c9fd77d40a94e2f1ef7b083137435986da0d93.xlsx,0.9699972169548053
benign_sample_9575.xlsx,1.6363682390468333e-05
9ade9daf48cb63c929cd8e7ec03ac77ed41d362efaa79453d0eda4553747c404.xlsx,0.9609863759542394
3a9f27c7ea68e0827a4ab1e49585926f3ff5e3c3486b1e578a4b0513dd05e2ba.xlsx,0.9943919486009457
08a1259090d5bf015cfd80caa7ac3ff5060ad503825ea5a5f010cec03178c157.xlsx,0.9742362277517739
benign_sample_694.xlsx,1.7040305023861925e-05
151bf2dfd3fc4d8ae0d84420cce91e2dfd6be3b0cb8ae83dc0fd9764acadca36.xlsx,0.9941059241995988
6d5a6f627ed27921596c22ca0344dd70495549c8b3df17e2067f865980f78238.xlsx,0.9672144619749018
benign_sample_5279.xlsx,1.7262458425190324e-05
benign_sample_3088.xlsx,0.00035386752064526904
benign_sample_398.xlsx,0.010291145695778632
82c9d9a92780976a7343e323876c458aecf4aad3d020729c126ce6d5b31c8e34.xls,0.9999865960174247
f474dc1e3cf5b704303466a814cd56eb18eab6620af1fffed2433cbe9c107202.xlsx,0.999999964451359
d0bd5b046c3204b1ba38657cd310f3f402b033fff9c4da8b42a56d8da890b65f.xlsx,0.963827623710367
27935f169f2b4c3c036ef1c1ad86835d4cb784519a33f65a6b9dbd7ed8a0d91a.xlsx,1.0
f3fdc77275aafc550d2ebc4eecf0a8c877eca9644d1ad5d1392d42e3e7d9d846.xlsx,0.9925481452698995
benign_sample_8773.xlsx,1.6914962325562974e-05
767de19edc2e837e5472727ccb506020e3c5950087ddadee8b147e4e11f9faf5.xls,0.9999889572253554
benign_sample_7543.xlsx,0.013748778371684776
0a36dce4a7e295667e954f515380d86ca94fc66564360040609df130fa416b1b.xlsx,0.9521842649155081
6cecd0da0f4d9f4bf8477a39755134d9bd4ec60eec7d759ee59a8365a3d8360e.xls,0.9561447720446598
benign_sample_6396.xlsx,2.5318387569022588e-05
benign_sample_7842.xlsx,2.4613231433613393e-05
benign_sample_9577.xlsx,2.4637822358082094e-05
28446725fdf4092a61b7b1d1260136634d109240466610b68f1055ea03e95fe8.xls,0.9999889572253554
benign_sample_4048.xlsx,0.0003490050340386864
82cfefb7929ac0d7045b0939dd4fc17d0d994223db14f12cbf30c667a67cf31c.xlsx,1.0
benign_sample_3434.xlsx,3.379819901548057e-05
benign_sample_4446.xlsx,9.360824398305815e-05
benign_sample_2597.xlsx,4.495960365594673e-05
benign_sample_3047.xlsx,3.684183069156659e-05
24b73c5abfebe79dbf3f068df957bcfb27e77e0ebb9a0ebb1698fc5d17ac8292.xlsx,0.9986397275986465
benign_sample_2196.xlsx,1.674534630602483e-05
benign_sample_5571.xlsx,1.8103176892400876e-05
benign_sample_6024.xlsx,2.223988075375246e-05
0af3d4cdf842ee68c64136a90764758b1258b8162767f70b2a4fe31f1176edb6.xlsx,0.9999954204714032
0d374ad4089377a99fdf0e43cc5aac00f9b7e7cd12c531c556ae5e9a63debc19.xls,0.9552902904048605
be2d16b7e0cbf3c33d88009ac4d8fb108b9d6eb8c603fce01a2cab97f6323ea0.xlsx,0.9999999941338403
19765c8fe2b057ace7197e0dbab79073aeb96a9e6d6660fa84685e2b617a1a55.xls,0.9999889572253554
7c75aec49ffb4287b8b4196ad7696d5aaf3182d8b5d3aa2c777cf68d62d5feb4.xlsx,0.9999999941338403
e50661ba08aa07cfba84e441bd7fc43ecb4f94e1a3469605981285745c07b857.xlsx,0.9999999549437812
benign_sample_1297.xlsx,5.918483115966856e-05
233b37fb29531e2ccec9604368b361644674e0d61f323e0deacadab436b56257.xlsx,0.9999954675238195
b6390220644ea8d784cc7341dd2c24955eaae2b6b50cd3035c734cd13da1a929.xlsx,0.9925481452698995
daba89bd210cad159f41b9458e7827d15bb1dc46c86c984840c9814fd4dfdbef.xlsx,0.9999998754089404
benign_sample_4508.xlsx,2.9482787890201395e-05
3613ebe4fd6373f1b3436d8a6ea7b22e7b7058b2d56cb05b7b550293b5221771.xlsx,0.995933333836773
benign_sample_9999.xlsx,2.733871434531376e-05
3aaf6bead6dd93784618497665724c21869be54131009f852afa4a2f672183c5.xlsx,0.9999999999994137
2efeb91f11fbc4738f88e86b6c53c209bec8caef91c150751301a408afbff930.xlsx,0.9999999998795316
bf8b8a290face464b32ec9374a1bf8a95a50831b6ef16bb594d02d16d20b8c49.xls,0.9999853259069006
4991b42e965212907f026d9b76fd46f31a57714ab52b38d93e5d3240683aff5e.xlsx,0.9733333278840569
benign_sample_8348.xlsx,1.6122378239879033e-05
benign_sample_8621.xlsx,0.00028339518191223666
0366a225a1514dde362ed1c5c58ae87188544d29b4ebee03417cc5dab6c67ade.xlsx,0.9999999557574122
benign_sample_4289.xlsx,0.000221210995434451
ec571e2cf3da114c8672f9766271f19af7c8b1c184411463aacbad0893dd389e.xlsx,0.9999908881099094
benign_sample_7568.xlsx,0.022765821054330088
c8aa97c470303f25e2d5e1a52812d69f8d096a7059d2d45b3eb8900ba7ebe38b.xls,0.9999865800886484
921ba277141d9e94ec4b4c7e1fadcba788a8791ccedeb5feb2702c23b4348a60.xlsx,0.9999999999999997
benign_sample_7378.xlsx,1.70458777958565e-05
3daea53eafb7ceffed1356a4155b7c1075a0cb97df7afafd60068718c24b11da.xlsx,0.9999999998795316
c582be754c22d640568de7588bdcf4a39dd8fe49265d340e2455e6583b854338.xls,0.9999865960174247
benign_sample_6894.xlsx,1.6197767403566865e-05
benign_sample_1004.xlsx,0.0001831077735038726
5128904fd2cabb0dfcabee438dad999bd64822662d166fed551f3993810d4892.xls,0.9999889572253554
dee6faac4fddbc9ec729df02277fda50ad2d349ec4a3582e406d565b5f3701e9.xlsx,0.9991094369426872
c485011c656c494e9008d7dfdeba65da60e33d8603c26614bb79b66dee29c92a.xlsx,0.9999999948510103
benign_sample_8142.xlsx,2.3464911996182367e-05
benign_sample_352.xlsx,0.0013913661306436769
benign_sample_6597.xlsx,1.7581759084782712e-05
d988a82f0c70af93eec65964be25fe728f1f57991fa5f7045b5a42e752033dae.xls,0.9999987409708431
c83c7bfb2c3cf2230c37ae548311fbacbca3daf340c8ade0dc6ade11c93fdad5.xls,0.9999889572253554
c66a8861409ff8241c51b77a175d4f843073dfe2866d97f658822e4a1e67a3c3.xlsx,0.9999990092279241
benign_sample_4090.xlsx,0.0011908921961035442
benign_sample_1606.xlsx,2.416157143784946e-05
791e066a7a66b4e41e868228b2a94249e1296ae78825d259a1ff3db7e3efa092.xlsx,0.9999998754089404
benign_sample_2012.xlsx,1.749152954745919e-05
53f40620a66b197848fa88b17e4a9a655ed4fffa87e3b06a326149b91a0c4a14.xlsx,0.9999999612938351
dfc40c460a1f149a22427975713c0b1392e66156b69d6c14adfb0e08272122f4.xlsx,0.9941059241995988
33c12f45714597f74849e4ea5932eaf8b4c1bc90cebc945ca73e384d379371ab.xlsx,1.0
aefbd29fa01b6796341be145648ff5d0c776752cdf526865a88e70e20ae32bc2.xlsx,1.0
f859ddd9b0a93ab88c58c9b767a5533a9b5477dde42456f2c946ea5d06072fb0.xlsx,0.9996786647909625
16bf391e9ac9eb84cffa973540766efbfb8ba80333a00c2234c94a080037c28c.xlsx,0.9999980221756376
763fe6fa030ccec78003be613de8e78afee82b9f52bc4c081f1f2603312c4292.xls,0.9999889572253554
8025ecf274d102eb932a660312edf0f189031623a5144bbfdab877cf415a9f42.xls,0.9999860233211023
benign_sample_9964.xlsx,2.3952241949163884e-05
de30e034279437f7a379fb28438c53bc2d6975351f1b685755969b76c98e4efa.xlsx,0.9999999684204495
ca302ff60c4dff1307479f8a44c93086be90ab1bce345a40438f363ab879fbea.xlsx,0.9999999957241017
a4d7c6ac9d6b2b8af9f0511fa9a3ee073090b39060ff2a7bb658f3a614b1296d.xlsx,0.995933333836773
benign_sample_3511.xlsx,3.810575591142266e-05
49bb00876444277ed532a0c543305d21667d5a9128bf17b6a99543c04b127a83.xlsx,0.9999999605520123
8e4da25716da9c49553ee5401442e2d8beaf310181d829d3842da87aebd78f23.xlsx,0.9999998867096179
d4fce3c7787fcc3d398ea03f4d81d2dfcd83bfc13f57bfeaa4e9f156938ecec4.xlsx,0.9899999343813849
benign_sample_3745.xlsx,8.657023509914999e-05
benign_sample_5001.xlsx,2.3199539262520363e-05
42de7cad464a4a9e6cc6a53a647afcaaf9e25ec70923a24b52cba195e0f62555.xls,0.9999889572253554
benign_sample_3837.xlsx,1.830220935825544e-05
afec94464467d2ed6ff081ee561976fbe88d74dbc20a87ab4ca4f7ba4bb4012f.xlsx,0.9941059241995988
7da77c673f1b13fdd3449b4df25537e99cb7ae49f906550683b95517d5681b11.xlsx,0.9993173828249985
benign_sample_1655.xlsx,1.7661144925798402e-05
benign_sample_8288.xlsx,0.006116701232617791
benign_sample_3753.xlsx,0.0022351126303422216
benign_sample_868.xlsx,0.00016002470677255277
benign_sample_9904.xlsx,2.2246185423849025e-05
benign_sample_765.xlsx,1.853873916796997e-05
fa4593b9b833602d9e309c40ec8becb6159a94d2acff372bc75a4b0a91fe2fb3.xlsx,0.6509494157094906
15d80fe588a7506b6b8dc9deb1e7babac98ac20fc7062f59137d447cc9f3bd9f.xls,0.9836467953339642
benign_sample_4212.xlsx,2.402935641024464e-05
benign_sample_7182.xlsx,4.2957423303104126e-05
5bdb02b27b0da48dfc1c99006b63172f25e34ed2e307875961636c72d8e48a85.xls,0.9999889572253554
benign_sample_3139.xlsx,0.0002043485934944022
d1250a95013fc53b20c175e78cec056c9c64f1b0e2503f913cb9f6d9d2740a3e.xlsx,0.9999999998795316
c939e84ba2220da869470cf618b2a9f05ac697faae070938431df8efd425f974.xls,0.9999889572253554
benign_sample_43.xlsx,5.574857778943164e-05
1c7829f0316c7aeb94e0887bedf93e3667ab1283659bb1e3d5bcb2860d609ec1.xlsx,0.9952881906452463
benign_sample_157.xlsx,0.00011923227562265087
benign_sample_741.xlsx,6.106124673885071e-05
benign_sample_1069.xlsx,1.5530260879484036e-05
87833781d3d3193363c081062fdbe969ee9997d3a961d08b580895e212d62fb4.xlsx,0.9999999997814064
4276e3ccb3779e0a592be37c170d06610ee51d51172075ff7fce457e3fcc5606.xls,0.9999889572253554
benign_sample_9702.xlsx,1.8621542913587605e-05
6518da3328eea9d6acf729d3bd5fced1c11153f099616fe2048277690032e096.xlsx,0.9941059241995988
7031a499f61cbbf61745dcf55940a0b3e49cc136b232b3195699435e66428a60.xlsx,1.0
61086c3b7fb4953359f59489c0fb762decd08bea37e16a8401c3bb1a1d8ebf4d.xls,0.9999995123086425
benign_sample_7669.xlsx,1.6962899994257696e-05
45cd1ac0eeab077f4a9cdd3a57333dad3b59cfede1fc5b03a60af451449e6b30.xlsx,0.999660335582055
benign_sample_4898.xlsx,1.65848934575785e-05
benign_sample_5740.xlsx,2.3712201783057825e-05
781e70a36eb36d7586f69899acfcf45d321753b3bcb1ad7ce0ee9e91b540da33.xlsx,0.999999964451359
benign_sample_4069.xlsx,0.0014579444235700255
ad50273a7b0703e96a6a7133c0cf8611bad0132de077ca14bd07d79d519661e9.xls,0.999986721806945
benign_sample_5518.xlsx,2.2340592249077223e-05
benign_sample_8918.xlsx,0.00025754336016406643
ec25f163832fa584971598eafbe7ee967ac9b6c1459155aef1ec709c886898d6.xlsx,0.9999820401854179
7e866034c442e8a8d80ea287e1672a1fe31125edb29ba3698eb9ffd0d2e609e0.xlsx,0.979963963070526
a07111b0e2baa3dce0e4b5ec4030c3c36ff02c01d7bca655d683d6e55c02e725.xlsx,0.9999999998795316
benign_sample_3790.xlsx,0.019416178295144138
benign_sample_7007.xlsx,0.004339996579249762
benign_sample_6341.xlsx,4.070504541787899e-05
benign_sample_2306.xlsx,1.758316477098021e-05
benign_sample_1611.xlsx,4.249527202134292e-05
benign_sample_4788.xlsx,6.92208375929214e-05
d39298198657a47df86b8ab7cf34c52957d17aea44b151d515d89975d46c351e.xls,0.9999889572253554
f17578e5adcf858d353965722f89338a0d36b6a7e5ed77a0ff11c8ab2802a482.xlsx,0.995933333836773
benign_sample_6186.xlsx,3.2894441017939074e-05
benign_sample_1698.xlsx,0.08091755315905368
504976a341549585f2127ca456c93b3aea4d037430e8b623c8d851a0d3156e84.xls,0.9999865800886484
4d95f4d932c02440de1257bbca4148aed26456ce2760d5d92aaea687006f9e81.xls,0.9999889572253554
benign_sample_4067.xlsx,6.37655314441081e-05
benign_sample_1634.xlsx,1.8360819668508777e-05
8facbb3d7b63c272935eac44b8931dfa65d7a304d80e2df45f0b84c0982ddaa3.xlsx,0.9999909207957957
972164d9198a4d2fcd58f72efe52872d14471985b025fa81da24a4be4f95507b.xls,0.9999859793953737
benign_sample_51.xlsx,0.014850326847134785
benign_sample_6740.xlsx,0.00014666168262035965
169ecfb1c81d004f315f6647257e3b938f15f2736a30c390c62a6a94fae14908.xlsx,0.9826026644651885
9acc54c9317e6ed683395da9cd81bf40574afcfbc580b2bd966710fd8a92a5fb.xls,0.9999889572253554
benign_sample_1.xlsx,7.978143991945625e-05
benign_sample_4263.xlsx,1.703424522352027e-05
5e50b21f2c7e6c292e6505b071e43220ecccbd0185a69fb74c438689ea7ce03a.xlsx,0.9999967989996952
benign_sample_8694.xlsx,1.6910382423089665e-05
5a4df4f41acb8fc5f92d7ea950d5595f05dc1ea07298123076daf905f273a94d.xls,0.991055769782316
benign_sample_4687.xlsx,0.00033235379117830464
benign_sample_4731.xlsx,1.7524895009819702e-05
2bb41a3947831f69fb6c3cd95e2b30eda3525450d777d574bef1db0ae5b9bfe4.xls,0.9999995089048176
benign_sample_5227.xlsx,2.1999197268612216e-05
benign_sample_8297.xlsx,0.8736520155142631
a35b8333f36b0564af9f91a294073998b76916830177e121702975542d56b696.xlsx,0.9996467573923106
2de0c18d85fca20d6eda95cdd001d39c9d4cab93b2e30a8f9d6ede13fb725737.xlsx,1.0
3bda40c7d8725f0d5ad7b75da873d7508ab35c81f681e777ac7f336ca84bc88c.xlsx,0.9925481452698995
a4cd8c804368eebf6c93bd4b306877fe6a562d2bee14dee5520c7488978defbf.xlsx,0.9994860439949197
benign_sample_6563.xlsx,3.8676109814499244e-05
benign_sample_6109.xlsx,0.0012390830515257147
benign_sample_1591.xlsx,6.335628137142965e-05
66bdbfb46f37f97aef67e0c21ff2292a8a1e3f73b1ddf071045165923b3b9fff.xlsx,0.9941059241995988
8059617f975fc5b874900bcd794795c1442ad4dd9b00bc21d9c54607fc3291ce.xlsx,0.9763719037588409
benign_sample_7003.xlsx,2.122244031247463e-05
benign_sample_7773.xlsx,3.1064781095137307e-05
benign_sample_2167.xlsx,0.006289679874466999
benign_sample_1593.xlsx,0.006621899212674531
b1ee32997354acd231685757a15f948d82ba2a1e624320c6fb303aa411e33414.xls,0.9999889572253554
513d296ef97b994ef5dac3dbb835213f5386d465d558f5beb9e20c789b7d137e.xlsx,0.995933333836773
01618133ae167a75a0621f0902eeb7fc8f9aef060ecc7b0ff1f53f22b14282e1.xlsx,0.9999999997814064
benign_sample_8382.xlsx,0.09955775265945344
benign_sample_9010.xlsx,0.00022058074553590285
50d8369be388343a0456cab34390d9d745f36faf2d39cfb1ed805805397d8a93.xlsx,0.9999951644219673
benign_sample_2813.xlsx,0.0906334765962886
05dcbb79515777570d846ef7fcb48dda435a243b3d18f133a061d9c816fd1487.xlsx,0.9999975138833411
benign_sample_9998.xlsx,0.023421243742544076
benign_sample_2051.xlsx,1.876883082020852e-05
de61fa24535c677a8946f41e636df832ee0b97327d1c3d7ece42192c05360eff.xlsx,0.9564940403063921
benign_sample_3610.xlsx,0.0007835052898705063
874c4d443e6e9e4486d2da25a828ee6ef3b33ed50bee92f2b300d4f0544bd566.xlsx,0.9999951642582015
benign_sample_2204.xlsx,2.5101644663262963e-05
benign_sample_2892.xlsx,0.044556171602257416
benign_sample_9389.xlsx,0.00023194297447529807
benign_sample_2788.xlsx,2.8353213904731873e-05
d699984df8c810675022a3ab0f958abdc3051ac0964ff935a20c0e14c2b48546.xlsx,0.995933333836773
benign_sample_1679.xlsx,0.0010449614638514072
6d3ce74c72f7ed39803b430a09a3767f5c67359cb26d43fcf0823d6ac1332078.xlsx,0.9999999949164368
22acd61517af1606e1db800ea4cf5b2f301bdfb9d23e4ea36d9d5ff9ab5d90cf.xlsx,0.9999999605520123
benign_sample_6274.xlsx,1.632550214097661e-05
benign_sample_8042.xlsx,1.8359135364076496e-05
benign_sample_9269.xlsx,1.7598877472820522e-05
benign_sample_9721.xlsx,1.8779123184443648e-05
benign_sample_3317.xlsx,1.66480877320671e-05
benign_sample_4555.xlsx,7.364910059111242e-05
ba8dfe989517e3d0eb7c903974996a5ddb67895e7024dd9c2c90751565c958ac.xlsx,0.9999999670849972
f76da8d75ba2f445c07683c128364ec762ef39d5daabb4536740fcbb9c0f2dce.xls,0.9999995123086425
662980a1e60b066c942b884b8f3de36a5c1ad65cf42f1a1358711f5e976d4f38.xlsx,0.9566148520086086
benign_sample_1995.xlsx,0.0006953670259442658
benign_sample_8810.xlsx,2.4034015565883608e-05
benign_sample_4655.xlsx,2.185940445377109e-05
benign_sample_3149.xlsx,0.008322951144977688
0fbb989a9655d26a65e7ba0d0365ec737dbd5a2321402d16f6f96fcabe1e856f.xlsx,0.9999999974431336
benign_sample_3563.xlsx,2.4167912003340927e-05
benign_sample_6329.xlsx,2.8114852644993725e-05
a2e7885dc9baa023c4d773207fff4bdee672e407c4f9f5c313e714d86eaef90d.xls,0.9999889572253554
14bc64ad223cb338f04b46de7468180e22e2ce2ee9af6d101b32f67870deb62c.xlsx,0.9999909207957957
fef91dde0c53004b7eb9ebc102e3888bba1b66d0b6f4a9bbaa31cb6e48d876d0.xlsx,0.9999999557574122
benign_sample_6538.xlsx,7.587389764997006e-05
benign_sample_5384.xlsx,0.00020969738490047153
benign_sample_7699.xlsx,0.00015790588031711956
11735f2abfdf9148ca884101856ae9559db644a18ed3a25541ce9e1a9f71b30d.xlsx,0.9999825766907203
benign_sample_3402.xlsx,0.00015850191550305622
benign_sample_3309.xlsx,3.1394840224590057e-05
benign_sample_2020.xlsx,0.001400104640658817
74c3c4ad212e3caf61da9b432808b48375001ebf7d9cdf3278295ccba9df4305.xlsx,0.9999999670849972
107665edcd9700b431867906b74021f481d9522afa8777e42163488e43b2061d.xlsx,0.999979297674663
b234169c31608a2fb3085e061093b3983a5293a34da8060c43df5fa38a7c94fd.xlsx,0.999987406816706
benign_sample_7004.xlsx,2.1566336109432065e-05
benign_sample_7673.xlsx,2.3269925195433863e-05
benign_sample_943.xlsx,1.7170322786243762e-05
ef71a5689ad93b127a86b0b25fcab46f75a4ff11655655135403d25f3eecfef5.xlsx,0.9999998864827947
679ad6ec54199c08b94f2e3068a1b4080f50824c0e5c7094aba9a8d8708abcac.xlsx,0.999998316360529
82dbae97cb1afd29978df4ece8555703fb8fdf42052317ded7f62065d782a92c.xlsx,0.9999999997814064
45b88a718ddb3b2fc26604437e848ffde80be232ffc50b8426d93097cb122d88.xlsx,0.9999968407518076
83cc87dbbf1cd9153be048d996b90dcc5e7bef88d1a448193cd8e4b8c4d3aa82.xlsx,0.9999999998795316
benign_sample_6957.xlsx,2.3420808003521532e-05
benign_sample_1316.xlsx,1.7242896766804158e-05
benign_sample_1976.xlsx,2.2285185257043383e-05
ea3ad3058ea3658cae46a7b80207d6335f1fc830b7baea802b856080468265b7.xlsx,0.9999954627998896
benign_sample_7038.xlsx,3.1198890297485774e-05
benign_sample_1688.xlsx,0.0005028011322954058
benign_sample_831.xlsx,0.00033939927274891026
benign_sample_5727.xlsx,2.3876817053967482e-05
benign_sample_2590.xlsx,0.0027321716133439458
ff46b7675e4e6650461260039775593214e69be1141588a79bb8674558d99473.xlsx,0.9999610666743391
f0f6e0f8f7e2d076f38f5e1b70d355128f46aefb385b07741ca6949caa1ab8b9.xlsx,0.9999987399192295
4c41928ca1cf5872040630a3fa66a68d101785ea66ba2677e2aa98677707dd9a.xlsx,0.9999999605520123
ee01cb985603efa92b867140614feec56e1ceca100df915d7cfa34093d5541ca.xlsx,0.9999803503151593
face6e40ec8af5f02c04c11a81e32e124c8e58ba9d3b04e58e45402d69fd49e7.xls,0.9999846919423708
benign_sample_8864.xlsx,4.223806457144002e-05
benign_sample_2431.xlsx,0.0005493462110852549
0e14962ba9029368307af1d906a0e2dbf2b5a2e287e99d3df50c478e4fe2c313.xlsx,0.9999999655752095
254f2be1dd88f82e1aac94a252ef899086e3f62d7f8cd9b1b714d6d86dbdd6d1.xlsx,0.9999999670849972
benign_sample_562.xlsx,0.005068671422773059
benign_sample_2517.xlsx,1.7358956457563025e-05
benign_sample_9595.xlsx,2.4274194976247565e-05
benign_sample_8620.xlsx,1.6111114936925532e-05
8d9e1daa7d35a59cd42d339ac5083118c2d8a762a71a656e606ddf63c154ddfa.xls,0.9999865960174247
cd18e4093822ad4587e1ed90de956cbe8bb0122d1e151e11113f14a7730ca76d.xlsx,0.9999999684204495
benign_sample_7087.xlsx,2.8459236685325964e-05
benign_sample_1346.xlsx,5.444520408407793e-05
benign_sample_385.xlsx,1.705486585183866e-05
benign_sample_6967.xlsx,4.128917403044627e-05
98c261fc7e96320d629b105dbcc869fc87a5018a5537c9ba7687469b798c26ae.xlsx,0.999999210746207
0bcfb5ec55307b202d34f0fcdd61f1308ca007dad6288902b63fda00ba363d8c.xlsx,0.9971829097248018
a841ed5ba798a78577b05bf1834471d657776500aa33d40bea512b159316161c.xlsx,0.9999999697120597
benign_sample_9183.xlsx,0.00012355298425822023
benign_sample_8606.xlsx,0.00011432018586566234
benign_sample_2974.xlsx,1.690545452935104e-05
81bdf1ecf3b3db164fc52bbc64118e57f7cb02db7ada35c94fa5a85602d08c08.xls,0.9999908687197833
ec39b07c64ed33b7f52fbacd857e4186ce91413aea2d01fced4aeb221a8a3380.xlsx,0.999995454440724
f99c91d40458ac6fa9dbcf1cb123b0dd38e138d4d5cd7f358e3f9eb013847637.xls,0.9999846919423708
benign_sample_1875.xlsx,0.10835474954550574
07f73ff04ab80e4556fa01e1e93c345d768988b0d4cd344dafb605273bc651fc.xlsx,0.9999999999999996
benign_sample_6322.xlsx,0.0004325559308587923
benign_sample_933.xlsx,0.008192703884844268
6a2106420fea98b42643b935808c92d8791aef9171eff14e5575f2712b251edd.xlsx,0.9999999697120597
benign_sample_2717.xlsx,0.055394196735737006
4e2b21fa3536ca18f18606c11e5e37303815bff2208a960fd0af33ce095fba5f.xls,0.9552902904048605
b201a3917075a45a497d8d8cf0182d6c554501d53454a90861ad2056de466fab.xlsx,0.9999999997470769
0d62c46827e9545a8d89a76bbc6036e27355f81d5c1b29343730c42d4f093464.xlsx,0.9999817279740529
benign_sample_3911.xlsx,7.114499705226086e-05
a5d2dbf78f839a0691161abac4f8f59fb77236bbb5ca815781e398111eb3a150.xls,0.9999889572253554
44152f19bd27bc8f7d732fe2e7f68e7980ed40cc288c980dd66dca8605fa2e1f.xlsx,0.9999999941338403
809c4e76bdc6751247fc1f961240c1696ed7456aa9a6902e6b0fd76345ee5a9a.xlsx,1.0
benign_sample_8891.xlsx,1.5923689314902236e-05
14f5efc5a8375aa7367cff64c6f407be21efbf6bad213eadd9951eb5df0c6bcf.xls,0.9999889572253554
85ea8dc852f1311593b92d9f1988d5af18a97db1281870e3a581c10d3e08bc0b.xlsx,0.9991100791046518
b689c7cc60f826b8a0684067b755ab24337640125d266385661af6c85ae53694.xlsx,0.9999999941338403
45396624a6baf645800513cdbc6111703399e137c63c4498c0e9cfbc99b141f9.xlsx,0.9999437507252221
8e992d27b44985cf7a44591a464ef25f5b319f42ab9a0ecc9b744bbb2db044aa.xlsx,0.99999545550267
benign_sample_4706.xlsx,0.0011012017628737097
benign_sample_5721.xlsx,0.0028523310193279846
benign_sample_815.xlsx,2.0774318382461194e-05
6b759087a354bdfb16839cd0a7934b35707e44764d0a1107771264f0e00c855f.xlsx,0.9999999999999997
b93059818ca07d78a50718bb3467beac3ae3af4741e5406b5f88542fee070bce.xlsx,0.995933333836773
af062ed51025ea5f4dababdd56c8a33041a37a9094ee53d47bdcef08d3311d28.xlsx,0.9999999941338403
benign_sample_205.xlsx,1.5390081052241745e-05
benign_sample_6295.xlsx,0.00044525391514555276
39558770f51594155b91472a53ccf22217e12a5413c376d4ac06fd7964af50c5.xlsx,0.999999997060776
benign_sample_5086.xlsx,2.327964257086993e-05
benign_sample_8021.xlsx,0.006851971286567071
benign_sample_9643.xlsx,1.6545705109124952e-05
benign_sample_4408.xlsx,0.00013544134899800934
9a7f825a5344258b215f0b56457d4014d7840a386acafe7aefa634574ccc2c2a.xlsx,0.9999999957241017
benign_sample_465.xlsx,3.8975552076967074e-05
benign_sample_2071.xlsx,0.000198299992604294
3809cb404f536733812960e2c738de5fded540678064ff026583e48e4f7b3025.xls,0.947501594017592
benign_sample_3272.xlsx,4.913275057584045e-05
2b74c0929571e7b9661c5b0cf19559b2927a2e48ecbcda6d743144d34b7151cc.xlsx,0.9999999389401154
650e420a910723f07c301ddada039c21e90d20afc95474b47623438298a4f276.xlsx,0.9998634803558845
benign_sample_9089.xlsx,2.1296205618413237e-05
benign_sample_6873.xlsx,2.257262807487012e-05
benign_sample_6515.xlsx,0.0019178809316745113
benign_sample_5256.xlsx,0.04240824906786722
3ff447f351de7c11bb38df2320357913c5e3dc438fca4d33dd8792fe860ad3d3.xlsx,0.9999974960387586
benign_sample_4956.xlsx,0.014110570778657627
benign_sample_8255.xlsx,0.00012487421468884355
2efb5ead574a05afddfd8148a425aea1b11509701ce05fa1c500eb3b67f82d80.xlsx,1.0
benign_sample_1715.xlsx,1.8780896037589304e-05
c4d8315eb75e78f966ef6d6e82a2a00d369410d3b77aae8323f5762b6c227a5d.xlsx,0.9999999957241017
benign_sample_3259.xlsx,0.002060918835105397
f19aa9cb3b4626d064e0a8caeab56759b73b3b4582ebfeabbbbf9325cc9fbc3b.xlsx,0.9999999998795316
benign_sample_805.xlsx,0.00011349767308861638
benign_sample_2233.xlsx,1.700696236782286e-05
benign_sample_3076.xlsx,2.0698319659101978e-05
benign_sample_3261.xlsx,0.0017122489791751754
4032de709e60e376d8d8df0d956859934835627431d48490838af99a2c81488a.xlsx,0.9999999997470769
fec796654be091fb4bca5040fb0bc05f4a7c386fbc2d2db77ade039a64e7c314.xlsx,0.999999991618926
benign_sample_3143.xlsx,2.602621474660689e-05
benign_sample_7764.xlsx,1.7157177462987246e-05
70f8efac94b6892c778f625f12a3c2ad88f2b42c1d7656f9d36f766f0261d25a.xlsx,0.9999816004894159
benign_sample_8578.xlsx,1.569029150781893e-05
c8381037a439cb72f8927b7f13c5007d8ac1e7964d9f7c98540227e5aae68805.xlsx,0.9999999999999996
benign_sample_8933.xlsx,6.106514765013113e-05
benign_sample_6780.xlsx,7.704268555451379e-05
51ebce3b3df2658770d0de7df0c97c9d83fa2a92f11711255bd379af052f54b3.xls,0.999986262081397
benign_sample_2100.xlsx,0.002710816120246092
benign_sample_5908.xlsx,1.9618371454313896e-05
464db543e1234ec91bcc2bc4f8d7518be6aea7974395d0ea0907282d2ed3ad1f.xls,0.9999865960174247
f4059763f3d89a960f0f308f33d00468d4221fde5e044a95f5b3e8491715aefd.xlsx,0.9999999974214155
benign_sample_3343.xlsx,0.12447822603627172
5eccb5675636c0b37e270d6f5f8bc07557af0c339a54cdda37c387a7f5a48da8.xlsx,0.9999998754089404
benign_sample_8628.xlsx,1.599493498718176e-05
benign_sample_3950.xlsx,2.449120547864122e-05
bd96b4b5983953068c1ccc84907cc9f666e1ba959ac053d64cba7609c1fce492.xlsx,0.9999993611559121
benign_sample_7396.xlsx,1.846519251824978e-05
benign_sample_7906.xlsx,0.004968223918301051
benign_sample_9073.xlsx,4.0842875513864253e-05
benign_sample_4399.xlsx,0.00017158981568200457
benign_sample_506.xlsx,0.06937728902018186
benign_sample_9601.xlsx,2.2531353239565618e-05
dc92da90b642e4f9f8574cd27ee31086291da034a50c5267c447a158fccc0dbd.xlsx,0.9683333333333334
13a067e93915d47af65ec9287cda25f054f64f56d7e635f80a9d310b14b8155e.xlsx,0.9999999991333591
benign_sample_3562.xlsx,2.0494460666110493e-05
614549f620b2f4473e79eb3b53b86f91d4dc66543c51648fd9fe0a543db0dd10.xls,0.999985459400337
benign_sample_9947.xlsx,0.0004334721718937519
benign_sample_5531.xlsx,0.020252677871394318
874791b8d674976a87e59f843245a5e113f294cc2137369088d85921df26e2c3.xlsx,1.0
ce0eca95f733d3622d46667c1ae04501b83199b7597d2029debf8a7b8b0310eb.xlsx,0.995933333836773
benign_sample_4619.xlsx,0.0032503664413049992
83649a3aeb618bb29025b6bd1107c628366537b220716f4ac380950785b71379.xlsx,0.9999999697120597
benign_sample_7166.xlsx,1.933104800205948e-05
benign_sample_5530.xlsx,1.7029961490851976e-05
benign_sample_5548.xlsx,0.0006250789241170745
8d27f8b88358ce92f68081e984437e3878effa789fc5054a8adac35521def4de.xlsx,0.9990236630275998
bb3c05c4eb16856c69a9f9eaaffc16b1fee6bcad34e106aacb634c35464ff9fb.xls,0.999986721806945
4ece01e83916922f8445b73c3c13fa885c9c5f78a5a12e01333e20bcdb3e3971.xlsx,0.9999999941338403
benign_sample_527.xlsx,0.0007265618132193566
bde22e8f266802df45ff311a1dab45e5b09b02fc8d69b5ed11d7fb7f2030bce8.xlsx,0.9999564074399417
9e92a1a7b3e291f9cc39a4e074f4ba802fc0fb65da57e5425c9e02c9429ee7cf.xls,0.999986721806945
9c5045879d6a618352bec9437c486a3558c13f7c7cc436a214b26fe10debebff.xlsx,0.9999975118435827
41ca2185664422241527a61ab42a999b1c30057d066fca00aaf79d380386409c.xlsx,0.9999999697120597
2c8cdf3445b8318ae6ae69d0b035d7dfc80e77869b2ee5a7bc03edd1a9a1a786.xlsx,0.999016636053429
b1d693ced0c6182ab151e715e9577cc734eea47b5b1d77082a81a50b69abc91a.xlsx,0.9941059241995988
benign_sample_7957.xlsx,1.931212841535836e-05
399bad2ed9f4dca738ea48057ca8ddf0892e7e4a7beff0775485c25cf4b6086f.xls,0.9999863895520815
benign_sample_1119.xlsx,1.867188402727286e-05
benign_sample_4953.xlsx,0.0002670334698316971
benign_sample_6925.xlsx,0.00026991230978043077
benign_sample_4992.xlsx,1.6409900359339373e-05
benign_sample_2316.xlsx,2.0376649621233172e-05
fdadd57c66536096e3eaa17db23601922f6f3fcd508be6b1ad6527f4ff4067fb.xlsx,0.9999999684204495
benign_sample_8798.xlsx,2.035778391994405e-05
87ff57aa60845ee3d5763c66a524227f9bc456869e3d0593c91ab5aa4082b4bb.xlsx,0.9925481452698995
087696353c611ec1e5d854d91c523411278ab8cf68943c2157bbdae495e1c547.xlsx,0.9999999941338403
benign_sample_1685.xlsx,0.00016919605804035574
fd90505ef34196b278a8fa638c32ae96a294f900efe83adb9514b2b2f02d10d3.xlsx,0.9999999739714127
benign_sample_4874.xlsx,0.00029761395416852616
benign_sample_3041.xlsx,0.0019062389589769204
benign_sample_3324.xlsx,1.580730373205336e-05
benign_sample_5141.xlsx,0.002671798918075764
31566ad4a086ac1d4963b7e9b650242aadb9210cfcd3e74413b6870219328bcd.xlsx,0.9999974971412775
benign_sample_2252.xlsx,1.9148614058632146e-05
benign_sample_8056.xlsx,4.332607894267582e-05
benign_sample_490.xlsx,1.684319898739592e-05
fd2429ee7c24a01f7bf3faf0c1c70266391d4335dfb94cd59b6a6253c6519aeb.xlsx,0.9999987393629145
benign_sample_821.xlsx,4.151036223699285e-05
08b92fe0244ad92c50f1395a4d64b8428637f86b2e3d54938415f39531db2eca.xlsx,0.9999979181425299
536dc6091ce69f4d3b49d1e7bfb2fbfbdc4decc33587adaba104062389d80957.xlsx,0.9999983170052419
7760c915290bd5d04dbb1cf660a11e2ee52b15575ce08482d1bc2061810344cb.xlsx,0.9999999999999997
38d08b6cb8474df48eebcb1e0b4e2ad222f0d06782f8de8377f7b9eccdfaa697.xlsx,0.9999908826584963
f38dee8f9b208761e6b42fe5554fc08055dab7644067e2c4b8a8b747dc7b6013.xlsx,0.9999970247758926
11524de2671271798703e08a4f07adfbc9fe8aeaaac78c07ea83bdc82712729f.xlsx,0.9999945109206095
a04c6e082072492c4bf8532cd1c237855d1b8ba6a2ed1f0b8423197d2d9d514c.xlsx,0.9999980763080502
benign_sample_2225.xlsx,6.392071672448405e-05
48a46bdd9eaf2262172fec805bb668f8592f076f79aeaf2dd00ea1edb7b177ba.xls,0.9999867906727102
benign_sample_4817.xlsx,2.708631502259765e-05
benign_sample_2488.xlsx,0.0001323239842975542
benign_sample_83.xlsx,3.543291241264312e-05
benign_sample_8207.xlsx,0.002125463184591356
30a58a6e7f2ac99e455552b109b75896c5397133b3653a21268f0d9df4444c85.xlsx,0.9996788953300219
706a4a8afdeb2ad98f3c059024396d3533fbf863e76f949b90404d01d45c452a.xlsx,0.9999999557574122
8c8949ea4366b524e7e6928c5a2a05a4738ecd0dde63af663fe95a4d18538b0f.xlsx,0.9999999526160911
benign_sample_2497.xlsx,4.4177480880352344e-05
db943c4a250100c35c96f591c2d5b15dec88eaf73897e2e5c74d8c235f4427de.xls,0.9999999435604113
67558142353e714da16acae3d90c4b11f86d3f33449f744fc20e680d241424de.xlsx,0.9999999941338403
benign_sample_1609.xlsx,2.5884021356890643e-05
d2856517463bede5ade1ee95ab85d8543f71f17c18619b7e6140011f6f630d31.xlsx,0.9999999605520123
ae0460b3c3ee1a3d58f9eb03f3ecbcc8d067c2b2a6fece1f3803264a3484ecba.xlsx,0.988333321791842
cc5066745836fa0b52010f3fc961cb084b997d1ab9729acfaab8cbd064fab9ef.xls,0.999986721806945
benign_sample_5761.xlsx,0.004990103525706728
benign_sample_3853.xlsx,0.022665199738689665
benign_sample_87.xlsx,0.0005557288610835491
6c6ce0c74b699b065a3ddc5a88cd15e9bc8c782013ca7ca9533cbcbb581a91d9.xlsx,0.9993238012275905
benign_sample_753.xlsx,1.926283296236981e-05
benign_sample_8942.xlsx,9.174642580282151e-05
benign_sample_3004.xlsx,2.022555856955043e-05
benign_sample_3352.xlsx,0.0006471766391631931
benign_sample_785.xlsx,6.826770543548549e-05
benign_sample_4114.xlsx,2.0081024717822258e-05
f9aba1eb9bc9630ef3fc9323ec61d8da9b426f3241d1e69ba6f9249a6a78f183.xlsx,0.9999954461216259
benign_sample_1380.xlsx,1.7883314300907557e-05
26952a5f94905f2ddd711ea1b3103bfe03bc0198d4aea7ec2ca4b478344ab467.xls,0.9182047717190812
5ceecb59adc2aa25379885aab769273c1807f8c92fad27631af5145237e2dfe9.xlsx,0.9999999999999997
2f1847af906cc4a6aeaccde939a7159fba4c09613b03395ace1cb6999e2648e5.xlsx,0.9999999999999997
benign_sample_6280.xlsx,2.1906680186354303e-05
benign_sample_4420.xlsx,2.8564187516342592e-05
d9cfa25d1e46bba2e37e31e5dc21bb5ba79009247218a1a803df3c101d50e788.xls,0.9397407789213653
454b6bf56fbaadd65ffb4107c0d35b2a3ada8cb8f726044113316b87f06af9f9.xlsx,0.9999999957241017
benign_sample_9044.xlsx,0.183356605424277
13539480905e4d35d2437d149610838248f8fe14741a5f913b1171bb4d2da5b3.xlsx,1.0
3dcf5af0ede10d39c63302b0967d7347c1766644a7dc4d3b207a58c0dbb0a45e.xlsx,0.9999999999999997
benign_sample_8535.xlsx,2.771568255077624e-05
benign_sample_5322.xlsx,1.605531979382553e-05
d851a17b402a5d25650cd9426002bd247c63fee5d7fde4ba08c64ccdb4818767.xlsx,0.9984830638256815
benign_sample_6082.xlsx,6.895848262499482e-05
47d51ec0eb230d461f6661111a9471b028c373ea96e80efbbf61851537569edb.xls,0.999984679143302
1d86948ef01c03d51fdcece6712ee3598cd8ecc19adb0db7411e43b0511524bb.xlsx,0.999999964451359
benign_sample_2561.xlsx,1.6028675470809297e-05
benign_sample_6478.xlsx,1.7576726926853034e-05
8a73d50780f514fcb909317afb79165fceff1e6fd5a17affa1ce2830772690ef.xlsx,0.9999999941338403
benign_sample_4304.xlsx,6.621062351988689e-05
f78024164324e13e2bac35c065d7d4a56640cd4fe7e7d6f5c02965094f68c4a5.xlsx,1.0
d2412b9e9c2c22a64e68979af14a2c6cff8baefc6002c2868b68a6e8024a9406.xls,0.9999889572253554
benign_sample_9004.xlsx,1.5331248475321823e-05
87568ea97f7f8bc56f073b0c2eaa408a17873cf56b15a795895b74c0cdc8f81b.xlsx,0.9999999739714127
5bafddb1650adbace938684dc2bff4cccda391e6e8ba5081b7e83ad3e1508ad6.xlsx,0.9925481452698995
8ce1016103fdeb8e61dbfb519c4197aba694a0ab60dbbd7f03e9a5ff874eb987.xlsx,0.9999999605520123
09099cf810f2bd32023aa04e11b93963067a24f019f26c4bacce91f6db6a0c3f.xlsx,0.9999512887686667
7d6fc1b61d7ac3c1a6229baac60160809399cf67980a862f733f1ad47c42a1cc.xlsx,0.9925481452698995
858d2228753506ee1a04c27a0136d8981939826057c291f44fd9085728efd75e.xlsx,1.0
benign_sample_2837.xlsx,1.839767061722137e-05
e5494dcac2769cf311c2ab66af0f3e80ba659a26ba594e40bfffca136c552787.xlsx,0.9999999941338403
3c9ba53f9c25d63713042abd659b01fc7370d40e9c7a285c91c0f821a556d2b3.xlsx,0.999999997060776
a9929a993a58fc8cabe21465c82f8ef97a33435fa489792eee1161c7c2307ba3.xls,0.9999889572253554
a657c9a7732cb02c74c4032559c7f037d6d3200e4cacd9710ffb9f1a87c95101.xls,0.9999889572253554
benign_sample_6043.xlsx,1.7714440892526454e-05
03532ddbcff8173ea361d37a717aafa723f53addd83cb224f9ed0c0a2bbc0d33.xlsx,0.9999999957241017
benign_sample_4704.xlsx,7.82922686684869e-05
b62c0824bc30d66870e7179c4be7caa7353d3e4b1c9bbfe8714331efafc6e934.xlsx,0.995933333836773
benign_sample_76.xlsx,0.11016844375858692
benign_sample_5445.xlsx,2.2173674926088172e-05
benign_sample_2207.xlsx,6.21608447959575e-05
dc988a43515e2c58122dc878b377d7d39596323078e023bd15e1c007d5951973.xlsx,0.999999210746207
benign_sample_6675.xlsx,4.6704166813666815e-05
benign_sample_3900.xlsx,0.001091750832198928
2b757f90bdb7d3d629b1d452a4a2cded5f975066a03f04013b60dad54a6351f9.xlsx,0.9999998863757465
124745723b74fc19237fb080c475b4dfb39cd722d2fa75da7da0b4f5c8f0e487.xls,0.9235938957298693
34064bec45ced8738e99e76edd60bc20ac061e9b1f4e65bf50441cf871cebd33.xlsx,0.9999831246946421
benign_sample_6259.xlsx,0.02039142034287253
57cd2813ec18ee80c1b034ed2b8f3fd3193e57935bbc8f66413903116bbd2845.xlsx,0.9999985010146197
c32bea531e54bb3383d74f2c28911b7ddd7cf97f397af8d76141a61d6a75502b.xls,0.9999889572253554
ed137c4b53a2001d1ab430e6b178f210c27eac15b11350bb9d8848dcf860a65d.xlsx,0.999864794643028
f8c0b2be49adcc44322d5d2c5db13063b9ff30ba751f8a5c5557e5803c3e11fe.xlsx,0.9999999999999996
23d6452ad97352dfdce69efd2eb4488f47499c635c68127104ea8b16237e054c.xlsx,0.99999096795389
55ef44c265ffb1fced5a733d71737d936284276c3fbe9151bda77d9a8e21ab40.xlsx,0.9999999670849972
benign_sample_4905.xlsx,1.9987633218521363e-05
benign_sample_4442.xlsx,1.778858955131653e-05
2e7c6b9eef00daba7e9bdb8355cdb71278645579f64a892c79e0d57892766681.xlsx,0.9799826043603362
benign_sample_6944.xlsx,2.200387438481261e-05
11934381addbedcfca8307c93725a533b7b0c40ab01e0360d405ef89df751c5f.xlsx,0.9999999612938351
benign_sample_6578.xlsx,3.8086231741966404e-05
benign_sample_4395.xlsx,1.657778783487064e-05
15b3c9a091a2837be467c5de498cc6cee1606b37c9fd60eef5b173e79b608493.xls,0.999986721806945
3f557c8fbc2238882c4e88b9b7a9fbf6e277a103a9cebcc30f61ed34a09eb6ee.xlsx,0.9999999557574122
8838d5542614d45e9a82163699f249374c4680295ebc71a79fe65b602dfbc559.xlsx,1.0
29b66f1f5bf6003c912be1cd1cf82521afdd8cedcb3d154b0c7a082a213f8d85.xlsx,0.9999985089033568
benign_sample_6929.xlsx,1.6319183846297412e-05
benign_sample_4802.xlsx,0.00016884152090197605
6c4597a7b422d94996e0c405673c97c7b446839ead1453250df7cce656f663e6.xls,0.9999852658070583
ea77ca158e41a7a2f614da8c76b443abbe53fc93c935ef0bdb53ab51a31893b4.xlsx,0.999999964451359
benign_sample_7494.xlsx,0.0015610882796797054
d91fe1c66846ab3e7576577980bf27f5a1922f8aace197a31c6cd9ad2ea845b9.xlsx,0.9999999739714127
benign_sample_1512.xlsx,0.0006427870968739169
aaf43cd64cdb95153fc6cac8470b4f35a1cf6e7b6279c556a083cb31115038f7.xls,0.999986721806945
b0c2268704b685246720b0f9bca04d8a201aa96a34d6bca82d3cd3b818b1cff4.xlsx,0.995933333836773
benign_sample_4908.xlsx,1.7534526602809673e-05
benign_sample_2696.xlsx,1.838858921834388e-05
benign_sample_8638.xlsx,2.3027735091367545e-05
f08e3d16e21e8599d3a7f0e0f58973154101989505eec4cab7b3e8e819ae6988.xlsx,0.995933333836773
benign_sample_6861.xlsx,5.14245577890475e-05
82d590992a821dadee4added2391eb74db73d4f481c015984a15be08ebdbee03.xlsx,0.9982370891399895
benign_sample_4329.xlsx,6.395158650373182e-05
271f35ddfe098bf1d77c518134e883354b6a12bede2ef4f5c2ce2a533663bcf4.xls,0.9999855897289726
benign_sample_602.xlsx,6.733501388282317e-05
benign_sample_267.xlsx,2.7978313877128846e-05
benign_sample_8188.xlsx,5.678422275519867e-05
15178c46638c5c40d176bbe171579725bd042e65d0e56f3e71a134d0a9529790.xlsx,0.9999999557574122
7f29cffd5bc250da1fb9ce1006d9eb736f11479acebf60c3462659179f85d7c1.xls,0.9999863895520815
e0cdf131053f7056530423724d736abc07ed695f7f38d57fa8c07bca3fba2a97.xlsx,0.999999964451359
benign_sample_3463.xlsx,7.49754685434045e-05
benign_sample_6847.xlsx,3.480755061787061e-05
50e167886db7ab75b9c4cef2174319abe4130dbf6f5833e4fef5517fecd51872.xlsx,0.9999999605520123
benign_sample_6199.xlsx,0.0006155436421289741
64e8201b780cd8c03d7b2ff3b12917f160ca81e9ab49ed8b7dfc475b5ec327fe.xls,0.9999889572253554
473ab401945df6a3334f1813f6f98b5f0210760ca20587725a8c11180437e2ee.xls,0.9999889572253554
555405bfb3722768f22ae1bdd853bc64688807ae3720ca2b277cf099cb758952.xls,0.9999852658070583
ddabcc392087818b1d46aee9292c954f3f997be659db01aa3f40e2f92f15f598.xls,0.9999889572253554
8518695008ce458c1315c722966e4045224b2b5a579fb5c73cb8d73c78cafa83.xlsx,0.9999947753060177
a00a914ba2393ab37f8692ec6d277b448a8378319c3679d34f34d990771ebbad.xlsx,0.9999968407518076
benign_sample_8005.xlsx,2.5186993742455494e-05
benign_sample_5434.xlsx,2.4774046345399215e-05
97f3c861d2f765af84362857e62596a521f74064e2e0bda1a3c613edc16abe31.xls,0.9999862809450035
ba17c5ab1aef53a749934df647ae6bd8b787da41e1e4184275af67f5f3ecab75.xls,0.9999865800886484
1f4a4dd4fa015a120838b31f2deab19cdb9c29484c0dcfaa705279c64ea22709.xlsx,0.9999999739714127
benign_sample_5796.xlsx,3.540284519762987e-05
9d0b2b454611646545e85516abca78b724d4112f8673d6738cf882d92bb6dfed.xlsx,0.9999998864581943
cf5f5a6795b6bddd1bbc23b71e48945ea8ab1aca2e01df04ad00410b32f94b3a.xlsx,0.9999999974348274
6f26cbcfae3e2bd9695b3e392ab147f69b56b0897902fdbebff6d2e3f40afbf7.xlsx,0.995933333836773
benign_sample_2663.xlsx,3.0122806177969614e-05
97e47d2b35b2a5bd6981ea85c0800b17d7a4382820fa6ec85b2be67a85f3a920.xlsx,0.9999999999999997
benign_sample_1720.xlsx,2.7951395256232923e-05
benign_sample_5534.xlsx,4.815404202167338e-05
benign_sample_4086.xlsx,0.00032340701395899916
benign_sample_2831.xlsx,3.422564721176244e-05
e4be4ce928395ea670d27d2103761ed240cc5a2fb46e8e7ee34c88aef6fa156e.xlsx,1.0
d546a3a7f171eb4715212359fb71bb01f3c4cdf367894ae88c67a4b0d39643f8.xlsx,1.0
4c948441a8c0a05ad24a0298931d045bf30313d46326f00d1e46a13fad4f662a.xls,0.9999889572253554
benign_sample_9039.xlsx,3.122290473790656e-05
b04415e5e272de7e3ed49858011f9cd780edd4f25bd428d2634f4a18637a4859.xlsx,0.9999968407518076
b2d31006b703a906b325c04c1a0363cfce4008e94b79e183e04b14906fee2584.xls,0.9999889572253554
benign_sample_3995.xlsx,0.0012006870273414134
313836adf240f45448511610fee83cdd8e66d313b07139434c4bffb17d65366d.xlsx,0.9999999936475487
2eba64ed338ddda6fd02349614d6f431bb43be2aef2f7e7c850aa12e3a53bdc1.xlsx,0.995933333836773
benign_sample_41.xlsx,0.0034400933017157045
benign_sample_2393.xlsx,2.1575895578888307e-05
fd57f3994e5fd9e50f5dd8f2778a1d0daa035050e8dc5e299be2b224c2629531.xls,0.9999889572253554
benign_sample_5769.xlsx,0.03853359676202421
9713bd6e70b57a5f98a05f4c674192803b49850ec2f298546fc6fa8e5b473d5e.xlsx,0.9971829097248018
benign_sample_423.xlsx,2.8934347681039793e-05
50e7afe9466c623dfd9ef371ec2dca0632bb82b01182ba727bca766aaa5d95ef.xlsx,0.9996787939927455
055c3b690cfa67978db3760cc7d7ffef3bacb90bda7bf31b8c5e318b575829a0.xlsx,0.9999999999999997
39d33b3fb921e4888802e1f34dc898a75de373d562bbb11d02a5483dd2ec69a9.xlsx,0.9996789954939733
af64620e813552e27aa254edc4de770bb9f613afe25ed012265488d07c8a2402.xlsx,0.9999999612938351
42fec03acfada29afcb81b7e989f1eee78831fd9ac06b95b4d8aadb819f7c91c.xlsx,0.9999968407518076
5d0137bf19bfd0b083b39902d961837860f7df67d8a4403657ac9b4e43562be8.xlsx,0.9999999229419818
ecc4c256ae6e9da3d2312f4c307bb214e0e2779a82bc6aa24e399fe5a3f2f153.xlsx,0.9999995538048894
benign_sample_370.xlsx,0.00010868815916179633
460099102d1724718ea1145088f235ef46977576f9dffc0c40b96d236f13d176.xlsx,0.9999825766907203
benign_sample_638.xlsx,0.00015026663013030883
benign_sample_3358.xlsx,1.8690025184833046e-05
benign_sample_1223.xlsx,2.0272189894098244e-05
7889782efc0df607bc29f1c23ebae7ae12b6b8c0423792c391febe3c84efa8c0.xls,0.9999889572253554
benign_sample_219.xlsx,0.00010320727763463981
benign_sample_7203.xlsx,1.823475590732574e-05
856088b86ea97ccc0201d3f56f078470de99235e387ed8264e8d76cf4a5fef17.xlsx,0.9925481452698995
d97ffbe3974a75c10878fec8c747ecd23404334c7a4a6e7364a3cab6e17a24b2.xlsx,0.9925481452698995
benign_sample_6131.xlsx,2.6453305126493976e-05
be5173e7775fecb35ac359cd91299b0ceee9d7a1620d29b1153b25e3a64a7ed8.xlsx,0.999999999734519
benign_sample_9710.xlsx,3.3665528834494245e-05
benign_sample_8587.xlsx,2.5446200533252652e-05
benign_sample_1803.xlsx,0.044820356254559914
benign_sample_2780.xlsx,5.399255343832769e-05
2bcccde5c0efe0492169361700b82ddb7d05a28128a88cac18559dade82291f0.xlsx,1.0
benign_sample_9914.xlsx,2.8358481815651438e-05
benign_sample_6869.xlsx,7.692292062543988e-05
benign_sample_7385.xlsx,1.6783010884242846e-05
benign_sample_3669.xlsx,0.02729010555953618
benign_sample_3394.xlsx,0.060809812251851524
3c3e872e0df7b7806ae47b846cb2d8d65ac3c0b2b9e38c1d3cbd95f7e6bcbbc7.xlsx,0.9564627211466336
benign_sample_810.xlsx,1.8178289713558764e-05
256cb778c3f5ea68c12a8a99fd39a36097113639de22b4c2bab5ea80d8a106a0.xlsx,0.9999998871944852
benign_sample_7262.xlsx,0.00022584047860944962
benign_sample_736.xlsx,3.006939172813585e-05
benign_sample_98.xlsx,1.5839061282583e-05
benign_sample_5805.xlsx,0.00030628577176378797
benign_sample_5387.xlsx,0.00016885866287059354
benign_sample_5233.xlsx,1.761285495983454e-05
benign_sample_3673.xlsx,0.00010863989281617037
benign_sample_40.xlsx,1.6680638210197848e-05
c8a66473e3c3c8b72ade3573f79e0c1849196f47c5899ee2cfe0bea564c4b76d.xlsx,0.9999999997814064
d50df9d8a17b65e352572951fddf9748cecb3d0716d95ec3f316d8be0a65fd67.xls,0.9999889572253554
benign_sample_1460.xlsx,2.938267289865437e-05
benign_sample_1949.xlsx,4.07500782956217e-05
c8e92167752e3f5e692f0045ff5fd24060434eeb597e5a898a2b8a0962db4ea4.xlsx,0.9962019199014723
4cd60b3fb88418e8b4b0f03da4bb48214df708c890e2d14f028dfb8ff74f2011.xlsx,0.995933333836773
benign_sample_5686.xlsx,0.00019710842354528143
benign_sample_4449.xlsx,0.09059621227149671
8f510c58e2887f623885ca96ac581df5cc708998ddcf43c9c02d100fb4c36937.xls,0.9999863895520815
ec42950e1baff61cf694dabc9c6f22cc1f0edbe9372718a68a2a2388f6bb66a1.xlsx,0.9999999612938351
benign_sample_6255.xlsx,1.7268975487162765e-05
d6bd17e2f114fc3288500dfa1a3bb77acd0c50f4f3241924e9a3064ea101de2b.xlsx,0.9999999957241017
benign_sample_1447.xlsx,5.638164494885442e-05
benign_sample_1434.xlsx,9.669521629308065e-05
benign_sample_585.xlsx,1.8114834475124342e-05
benign_sample_8004.xlsx,0.005687563709503342
2b2c53b9f5d0199f32990f47685470bfbc6b113d4c259b2b7c57a8396d15d200.xlsx,0.9999999547404995
benign_sample_3443.xlsx,0.0003147449040001023
e3285b2fc1e528b63cd2072ddcc8a298a1476ee4db799a6ac4e8494a4a4a3791.xlsx,0.999982837842685
6af7950d0247095f5f400a715280d5dc79b308b434a105ccbd3c757b90c7e253.xlsx,0.9999999941338403
b5bf71a830dde94aecec6eecb0b8389f47d7f6138bac9fbc6764a105d0b4780f.xlsx,0.9999985076218841
benign_sample_3815.xlsx,0.0004018411448525639
benign_sample_2896.xlsx,0.00027256470657813513
benign_sample_6682.xlsx,1.725169292812697e-05
benign_sample_4349.xlsx,2.806974586308297e-05
benign_sample_274.xlsx,0.0001982935294541813
benign_sample_8557.xlsx,0.00015711959809731416
benign_sample_4107.xlsx,0.05421434102694878
19664fdea764b1e40a150d7101e819b73d8ce748cb9c6ece6319c3feb231ef38.xls,0.9998359870308212
benign_sample_3816.xlsx,0.036271167981803416
benign_sample_3476.xlsx,0.00036268549613365045
3c195e0c3aea343b9e3b2da11b88408504e5f4e21e7b521e2acc76241af84869.xlsx,0.9999973261691314
4efe1147a6f5ea5c1ca7e332089fb35297a05ee538434ca985a6f0cb955116ae.xls,0.9999859793953737
benign_sample_4966.xlsx,2.182990003533443e-05
benign_sample_2014.xlsx,0.00026943421633801124
4c7d0cb1aca07e84e42fe85151eb294b50f81122e490cce6d37de53560c0599a.xlsx,0.9999954675238195
benign_sample_3125.xlsx,4.4432274335521216e-05
benign_sample_2634.xlsx,0.00011094555647723563
f19569329d5c4da3d39c0b7d6a3c537f11a69cdf9176c468e4d68c3f42a7ad74.xls,0.9999889572253554
378269898ca91efdcd36fe7475e88b51a14358ea97b410b572061a51a60a48b7.xlsx,0.9999999941338403
benign_sample_9327.xlsx,1.707422284230473e-05
e5844caca8dc7554777439d57e3fc23f522216bf3280259f9c8274e1e6399a29.xlsx,0.9999999999999997
298c679602d7c13e4aec9c9245590cf02b81b0e6f95835536daf692f2a0aa872.xlsx,0.9999998863757465
802bed18401c2778368ee8936dbe3d505c80dbaf4e2633298b42c9216e05e873.xlsx,0.9999999003244172
benign_sample_1001.xlsx,1.9616327420534665e-05
benign_sample_6757.xlsx,1.9860411885054366e-05
9e9819292c8e02ef1100dd25b3f701a67136952674b023dc07aa0152138cb152.xls,0.995933333836773
d9f7f488c6d1af54ce5248ced41ea4ce8e7fc28c6159700627c4be855fb84f46.xlsx,0.9999999948510103
benign_sample_6839.xlsx,3.428572259983881e-05
benign_sample_5817.xlsx,0.0003439737040987848
benign_sample_5807.xlsx,2.3246695706653688e-05
benign_sample_4970.xlsx,2.217335080159686e-05
c908addbd9486fcf3ac77a06e4d0b48422a7778f7f855795d2b9608908f57426.xlsx,0.9999999739714127
benign_sample_7992.xlsx,4.864668895188191e-05
benign_sample_1826.xlsx,6.90354466402251e-05
06f9d8113b9f530661404d6051db72463edcba2fff0b446537813b4c51356b11.xlsx,0.9999999997470769
benign_sample_4670.xlsx,1.6376040524646166e-05
7e64a736fae57526ba00c958827baf86017cb2d57393074e433287ce7d9b72e4.xlsx,0.9971829097248018
a646738aacec840fd0a31b8f6fddc1f6e1cc0bffe2648c1b5e13389a428e22b7.xls,0.9999889572253554
benign_sample_6577.xlsx,0.00023953823210560098
8832dfc99f9441a9395bff2be126699d0211f2ad1e3de433588711a8b241cfe5.xls,0.9999889572253554
037b6ead02822517a347554d0877e4d80f44ffb51bf5faf85cbc122bb9070d85.xlsx,0.9996129598464442
7ec04bb562c0e965ef0ba7a57dcde13833b05209801bc642fe52a8f9415a21e3.xlsx,0.999999997060776
b8390b6d3e974a5549e900c837da4f262e81b375f14d658314339c4a74b655c9.xls,0.999984679143302
benign_sample_2631.xlsx,1.985171574631227e-05
benign_sample_9282.xlsx,0.0001861445093536096
benign_sample_7149.xlsx,1.541941432096616e-05
ae40ac07303dbe311007fea0b2ed264a6604cc22f02cda8e74323c4da5f74440.xls,0.9999863895520815
benign_sample_2074.xlsx,0.00014565957853663466
254f4def44d75387a10ce1b925894d94f7ed2c0d519770549409375cfbb1cb36.xlsx,0.9999831246946421
benign_sample_4677.xlsx,1.7350859147712688e-05
benign_sample_4072.xlsx,0.0039802125519492184
benign_sample_3532.xlsx,5.692214786599259e-05
benign_sample_2538.xlsx,0.006368663263899614
benign_sample_9614.xlsx,8.705484765720725e-05
benign_sample_640.xlsx,0.00269725848720228
benign_sample_3449.xlsx,1.754355650715499e-05
benign_sample_6690.xlsx,1.6937352159114987e-05
593bc76cf2d935fde3cd2f5c2791725518c7c1f2b84dd157a6008ade325258e5.xlsx,0.9966664816027654
f2c3bb261628e7cdf01ca0700f790c0bc5123cfa0158dc5ab3e938e81d24db38.xls,0.9999889572253554
benign_sample_1910.xlsx,0.011769558120870147
15388b1d382c256f99b3a5861b4081300b071eee23cef0ec9df761043754bb13.xlsx,0.9999999997470769
benign_sample_9257.xlsx,9.956750457708434e-05
benign_sample_7175.xlsx,5.7164702616807356e-05
e8f04ec518d13ac492771bd9ee700548c9f1be128610057c0647d47f0f1ce2b4.xls,0.9999862809450035
bab987378fee1fc1ed14c160024c9fcecedab5f663195a12c59d16c1303ed82a.xlsx,0.9999909207957957
7f1b526cd40972bccbe689b6bbbbf3588bb9b7e61d6fd3dd214c00e14348736b.xlsx,0.9999998865043992
benign_sample_9208.xlsx,1.55052350140857e-05
benign_sample_8148.xlsx,0.00013258550120972054
benign_sample_1285.xlsx,0.0010807912269579806
benign_sample_5813.xlsx,6.059486287862177e-05
fad93827600646e38ae35beb340b5e17bb847760aa703684406433e62da85fd2.xls,0.8419652202848172
benign_sample_2846.xlsx,0.0003547625916031829
benign_sample_6292.xlsx,0.00018787859678954467
benign_sample_7867.xlsx,1.9785120792475683e-05
5ac6b844284e1d36f959192b88d4a74d9cc104b2961fd52f8a1c642bf38f6b1d.xlsx,0.9999999997814064
benign_sample_3812.xlsx,5.011529064576407e-05
83eac8e09ccd62da4e08c53b0660d78af51638549df3d23684142eea7c8a37a1.xlsx,0.999999964451359
benign_sample_4015.xlsx,1.5341758997832003e-05
af931881445f375b740f42f182c797e8267c576e36f3093b10a935744154df60.xlsx,0.999999794077247
benign_sample_9677.xlsx,1.7527310126496647e-05
2389adee67db474316b139506a8341593e26434595e9dfac923065881f37cff5.xlsx,0.9999816004894159
benign_sample_983.xlsx,6.232065928161304e-05
f4ac9d3d03ba1b812ab00a141b054d8e5e719fcbd55f2955353ec402c08534aa.xlsx,0.9999941460398428
706803fd3e697b1bb12b0bf70b09e3fd124e6657d46df49bb14d67bb2016de52.xls,0.9999889572253554
benign_sample_3428.xlsx,2.0899376305732195e-05
benign_sample_450.xlsx,0.0015208043888392767
benign_sample_2575.xlsx,1.7716151824587168e-05
benign_sample_7417.xlsx,5.5236500429902274e-05
7bacd72b76d6dad89adf2f09a702cc0db5a991161ba7a79b0126611c56d2251b.xlsx,0.9999995514968583
benign_sample_8823.xlsx,5.890107119169342e-05
benign_sample_6749.xlsx,6.0592520662675136e-05
afbb8d64c9e7fca8da26e3c6910d4c4a894acf651b426e4cc75f68aaeeb1ecd2.xlsx,0.9999999991326094
722db8bd18f0f130eb147ec91f7480d80ae9990cddb7e73b23eaf1d6e0dc39a1.xlsx,0.9999999670849972
8838d51cf351ed8c0223543ba81057fc0f16ad6ba6630f77310ff8336e98d24e.xlsx,0.9999999999999996
benign_sample_7486.xlsx,0.00011617719784881992
benign_sample_4999.xlsx,1.6844484090273083e-05
f76a37d24ccdea9bf4355fc6cf7e3595434050ab1f99261eddcd976faf8995a9.xlsx,0.9408898718569713
5a03d922533b932c9f35bdce6d0938af8121d39137d178002b310b4f19badaed.xlsx,1.0
7f540cecb4e67e8b9fe0374fd17211d3283bd2bf002fcf23a56655981b1b0339.xlsx,1.0
benign_sample_6748.xlsx,0.005114122258720379
bbc13aa931b4fde3657ab506697be54ac61f1cba32936541100125365e2a6bd6.xlsx,0.999999997060776
benign_sample_4064.xlsx,2.1325269726288196e-05
8ae43e539ff9713326277c5a0ddb7b1221a8a54db7cd87571373c3533a322c44.xls,0.9988661201656929
benign_sample_2678.xlsx,0.0001832699528111087
ae3f2c31813f176863a08b012e70ee30ad811744dfa1ef0100a6533a2cae70de.xlsx,0.9999987777787522
benign_sample_2938.xlsx,2.5142056636103885e-05
56c16c8ce0c7ce7c5433195437c51d522ca56c451373237dbdc2e665197d5db3.xlsx,0.9999999605520123
29dc6e2d2fea32f45c2b5946bcbc4a82932a504e6345569780c330fcc43a4a5a.xls,0.999986262081397
d78b7e38db56a689791bbaf376db9a595bd7442b04a8f668de2437aeb2b0e307.xls,0.9999862809450035
benign_sample_2335.xlsx,2.636302253504056e-05
387e8707c52720cecdb14002fe5601a8d9bd94e7f4a638b19d38832da90d167e.xls,0.9999889572253554
f5aeb8482705b93b5829f7e00fc7b0a8a487f1a2113de96ab06124db53bb61b2.xlsx,0.9999999998795316
1a1fb96b2e6b285201fd93ffedad1f0e26303231d7b5ed071596f8b852a8d97a.xls,0.9999860233211023
53c0f1c39bfd14e272987800ef423c7a5c1a007956a2b74312e28edecc6b86b8.xlsx,1.0
c02698adfd7bcb03959a9bb8347457ed62014a15da2c960a28c500ae983802bf.xlsx,0.9999998863757465
benign_sample_2024.xlsx,0.0013111713308323546
2a7ed7a33e6cec37a91d0ab96ac8dccceedda87cd0c887b0d213d5cfec8f8074.xlsx,0.999999964451359
benign_sample_1156.xlsx,1.8512683956714193e-05
91da94d83dbb7e3158a5236126199b8ac91d79dab724b96cbcd8765aea1382db.xlsx,0.9999909466860881
benign_sample_2845.xlsx,0.020112001955907528
benign_sample_3269.xlsx,3.001984822990363e-05
benign_sample_7367.xlsx,3.138847728361006e-05
benign_sample_7623.xlsx,0.019400844607636067
benign_sample_3626.xlsx,2.627189023029805e-05
benign_sample_6974.xlsx,5.876705991504048e-05
benign_sample_4499.xlsx,2.0631305751163767e-05
ca992700e42ae90e4a8404a10746a1226273029489238768889586d64621796e.xls,0.9999852567673798
benign_sample_883.xlsx,2.203888788319737e-05
benign_sample_2186.xlsx,3.8019844424060274e-05
f023df04c17c7849eec5f1b8c5f29e5cc65144d52411b82db381b28ea454c85d.xls,0.9999889572253554
6d825670bb7d699325c2760eb427b2477fc620f73276ca6b92fd72e0126678c6.xlsx,0.9999999958863709
8d0ceecee2f0a373187ecd0e8e2caf5505fd7b5c664ed473aea92856f05d0991.xlsx,0.9999999941338403
benign_sample_613.xlsx,0.0002608327553712374
7f761d76ab6ca496830a48fc630d6cd16fedac7625d89051fc31064a5ced3f68.xls,0.9994702700515403
997fa67e8fff3f42a57401b5c2e951a479f4ebd9bd6eae97266dba7b0431fa71.xlsx,0.9999908881099094
089e633143bd918e34ab3b7e917737b7202d0dd6fc7327545102e760e483c6fd.xlsx,0.9999998864134202
20186c5c73a6b5800a5b9edaeb4ca017cd910d96adae3d2c6df643f6bc5ea42b.xlsx,0.9999573685808913
benign_sample_3770.xlsx,3.854244168386203e-05
benign_sample_3131.xlsx,2.1511532404354098e-05
benign_sample_9523.xlsx,2.164738304125379e-05
benign_sample_8727.xlsx,4.50430444662428e-05
benign_sample_8784.xlsx,1.8757924230509596e-05
benign_sample_7768.xlsx,0.00010325862057360614
243e8365d8d7992ee6011f32eff3d76c9a70afae4d7b5575deb949891962153c.xlsx,0.9999975001276978
00959ae8ac58bf094e291cf2be957c0a2adc192160399fd70db9bb100595b52a.xls,0.9999852567673798
benign_sample_7789.xlsx,1.5681863467828716e-05
benign_sample_3390.xlsx,0.0001669528170861977
602e80e7da9939d6981f748c8e21fbcb3acd95d3dcf54a737c79f46364de2b3c.xlsx,0.9983330041714971
benign_sample_2926.xlsx,3.915857307342575e-05
benign_sample_4912.xlsx,0.00883618145460622
benign_sample_8232.xlsx,4.101976331778959e-05
8c428410483a74f09e4d2d8f2b55f9d28665d0753a286b467ac7459f4ac06372.xls,0.9999987470040311
fcebb86b238a21e6a07e4da7b228ea6d2394bb3603af7decdff40faa63cbae29.xlsx,0.9999999997814064
benign_sample_2256.xlsx,0.00012066845606528205
0c792afd1ade4da6349e263d4cf5f6504cd57f39393220227323def2caddb130.xls,0.9934452088295339
2eaede8f82db259338421308c12924f2907fdf20eefd5ecf0ec4dbfcf1f934e3.xls,0.9999889572253554
493aace414685fd3efd852ba5dacabc2ed9ff8484a8cc7382fee7e4bb2416910.xlsx,0.9999999999999997
a38e8c12c0650ca7f178f5fdde3a92c25396917544684ae673fdc18049306991.xlsx,0.999999999734519
benign_sample_3397.xlsx,1.7487962511121427e-05
9ede6d6328deeac84418c8f8377db8a9220e5ea9896dc50f0c807ac32751b714.xls,0.9999867906727102
benign_sample_3452.xlsx,3.3394744081152656e-05
benign_sample_5835.xlsx,1.5578650084088932e-05
bd9e6b61b7487f1145b3a5e07aa7c47315d27f0a94e869ecff9577c804cd9449.xls,0.9999867888695356
benign_sample_7846.xlsx,1.9492047542080166e-05
benign_sample_5742.xlsx,0.04947906362500459
a20377d65b46458fbbcb914bc4f432ee821ba36e97d8a9b3487e425e51e20ab7.xlsx,0.9999820401854179
a80bbf5a977312a6f57a6b9a2d04ccd0474a7feebf8184ce5a138b37853dc4f7.xls,0.9999889572253554
benign_sample_5263.xlsx,2.006440971059609e-05
benign_sample_8617.xlsx,0.004522726274721628
benign_sample_5827.xlsx,1.5401423031558568e-05
benign_sample_7724.xlsx,1.7915699231015835e-05
300ea38fc05b83e27196d93e2f9825d5c20305e81d9f05981a1fb78521effbed.xls,0.9999867888695356
benign_sample_5121.xlsx,6.149860478821461e-05
2e8ccac78817ba5d1a4da0843fa5f4ba9e6d6785c93ac4a8a40907bc2deae643.xls,0.9999889572253554
f6e85d3259c6358bd9de964524ad097022e12e676ec9bf17d3d367535d48ceca.xlsx,0.995933333836773
db259d21c4bc0c2e680a3243f591eced319458f0cef80962807a31745ac3f37a.xls,0.9999889572253554
92849cd624f9b6bf24922c4e334a89759df56bf8ee4e076213f36af7c5f326ac.xlsx,0.9999995499093366
84d922762882efeb1b414eb759d043264a2689c2347ee82a86298f87abcfae9f.xlsx,1.0
6988c31a1211046a00837371dd0c28d3ac17d28370b2c3e88524ba0ee1d448a1.xlsx,0.9834969012509419
13d8b1fcefe8c19134e5f3c55fe2ba5721262bc1e3018eef0966c8f13d85392d.xlsx,0.9999991897687077
3de85e491fb06b4c66781b39dea7349b590012c8e08ce5c3badecbaac6bd71df.xlsx,0.9999999974322694
9d556b03aef01b2024c06183e0e240661ed9e0c8ab89b1937889283f0bf276db.xlsx,0.9999954626153542
benign_sample_7250.xlsx,0.025490743276313763
benign_sample_2698.xlsx,2.3307952198035083e-05
benign_sample_9472.xlsx,5.943652302454436e-05
00824a23925732021eb3a0a4048b1c35f08b3437a42b987c15c3524973d464de.xlsx,0.9999999557574122
9e6bd2a27190cbb00a5b51dee167d4da30f5dbe3c135979d2ab285986012b223.xlsx,0.9996467573923106
benign_sample_5371.xlsx,0.02831350783396339
benign_sample_9461.xlsx,6.2408003107487e-05
4dee85cded42b32cda9093f5545de2449039baf70f044d370f01c3699ec0309b.xlsx,0.9999995528000394
ce9e8c29596fb727e1a414b1c38cd00d53f5253cdf706c1a26ed0a9c0244a970.xls,0.9657334671143993
3c8b54def22442aaa334cbae48263d897ca2d62d76dc4df4e6efb03849d8c2a7.xlsx,0.9999999808001553
benign_sample_6976.xlsx,6.78942721770861e-05
benign_sample_1258.xlsx,4.747114065479073e-05
72460deb4766685835a865a32c9174db96b3773c5560317a0096ede3408100ef.xlsx,0.995933333836773
738ad2eb0c2cf62772bb81b1db15d2732ebebeb97d53774d6a4fbff9b82e609f.xlsx,0.9999999612938351
benign_sample_4153.xlsx,6.180402149021576e-05
2d46eee159ec36ab5e9f8bc29a7e0464c9b1be8c3454cdb8c9880640dcfda02f.xlsx,1.0
benign_sample_952.xlsx,1.6378659971163367e-05
6f269b68f1e2ab7a0e99068eaaddf5e64482e34ef44ea0e07b686665fe54b302.xlsx,0.9925481452698995
1afee64787f72a5625842ed3abfd39e914b34bdc0c08998204dab89f2c404df4.xlsx,0.9999999999999996
benign_sample_8887.xlsx,1.815233314059029e-05
benign_sample_5214.xlsx,0.0012951883870321757
benign_sample_6115.xlsx,1.7263433908669422e-05
67a1b7e65da334658c916e79bf615d07af7bcc22273b041b2ca92e0f4b52436d.xlsx,0.9999985076854937
benign_sample_9333.xlsx,0.0001891945259293381
ed7738cbdec9de32e44e058c593b1dd4eed4438c4599194862cecb3696a413da.xlsx,0.9999951676528435
benign_sample_1324.xlsx,1.8113250795662274e-05
f1f8e05ce47bf514719af9c07a98a5a9e5b1184fb3275f13271e5c2124f6336b.xls,0.999986262081397
benign_sample_4424.xlsx,0.002290191967690616
64c5ebf41ed59a2b174998d1bcb01c9dd17507de9cc767f4d1eb414bf40b4c36.xlsx,0.9999999949164368
benign_sample_4638.xlsx,0.004675428025777838
benign_sample_5327.xlsx,2.137492335486967e-05
5e2f12ec578ace38e74d270e094a2855c77d98ce422be035cd8455cc7c021dbb.xlsx,0.9999976581190304
benign_sample_1599.xlsx,1.711881883370708e-05
60e24149ee34b40b4b641c0647bd9acd8ae26dcc9783d6783101dc2bb7e361fb.xlsx,0.9999999896876589
a7130503fc396c08c3209f45b8bf6b89a8c505f5bf6fe804471a212e203a35c1.xlsx,0.999999999134363
benign_sample_3331.xlsx,0.005901445345629675
95761ae4efbb60ee498b7d56d6c84e48753a21ab59a655f5439b47167baf6ea2.xlsx,0.9999999547404995
benign_sample_4943.xlsx,1.7715304421334805e-05
benign_sample_6410.xlsx,2.335417925795599e-05
benign_sample_4596.xlsx,0.0003455280268068212
benign_sample_680.xlsx,8.303070545157775e-05
3789ce54273b497862f3be0705e8961d15bfe9e36d0eb4e717165ecb8bbadf73.xls,0.9999855897289726
benign_sample_7850.xlsx,5.968342831275154e-05
ca08436d77bbae958cfc2ab967ad33c8f5e437e1f40a4c86d399f4048c997e13.xlsx,0.9999995527505651
benign_sample_6009.xlsx,8.38109896742953e-05
db6f0cda9f3b9b36c69676acb45e0447032f0821ec644e1b218d02ff702105db.xlsx,0.9999813019228455
benign_sample_2237.xlsx,0.0033208307118385606
e36dfb86dabba9893082af291578905285607284cb0499eee692ab3230225145.xlsx,0.9999998866536357
ac3a15aed84b81d019766900350d1c0e73fb768efa10e7aa3119354acde22216.xlsx,0.9999999670849972
benign_sample_4185.xlsx,1.6989743834288824e-05
5c86e80807cfeda9bb2658e707c29a1997ed9fbd17eda2c61c7026ab039f41e4.xls,0.9999860233211023
benign_sample_8757.xlsx,1.5441880498927153e-05
404fd781bc104d1cc971c78226ec9f40d6f0d2b3dfeccba26efcff01381c13f5.xlsx,0.9990236630275998
db606ab69b263ca51c4b5148f7bd8388278a4954234bd1dbe70bfb358e77420a.xls,0.9982056849985302
benign_sample_5109.xlsx,6.0905829890159164e-05
benign_sample_5619.xlsx,0.0015301730462174855
62cc2dd469713bf00f702c6c3b2e0bff92c21cbeadedcd09e9dde735c83d2712.xls,0.9988427422385809
d02ed5653559dd5c2f638e916d193652f69b7fc0801cedd6fa2025d8d1677c0b.xlsx,0.9999999670849972
benign_sample_9572.xlsx,2.679054801890634e-05
e9c342550d334bffc58a310997673e24eed03f4d2b9c441dec943b24e7d29d08.xlsx,0.9998634803558845
benign_sample_7744.xlsx,4.121376315798245e-05
6af7fa6ca7b67173104136ffcd1fdd0f41c3336c7b958c51235be6c7406e3651.xlsx,1.0
16e7ef62931117de72576eac6158e140115a8870a3e0aa6c1af77f7f764224db.xlsx,0.9925481452698995
benign_sample_6942.xlsx,2.7231336663620858e-05
benign_sample_9517.xlsx,2.7079726753655648e-05
7450b7b4ca84a3bf4844cd65ea20e29821cccc6f4229f33094ef89d476c9c567.xlsx,0.9941059241995988
benign_sample_9783.xlsx,2.067046793099281e-05
6054c79d50cfcc57b7c39c9ce0dba0a9588080dfae2bc95ec6ab487482e1b38b.xlsx,0.9999825766907203
benign_sample_7107.xlsx,3.537117894035359e-05
83c1b988d6ded9e1bd043627a957b52d06ccb96770ada5d831d23ada1656d32a.xlsx,0.9999999739714127
benign_sample_340.xlsx,2.074337366123291e-05
ce235af98cab85a28634dd028827673bb8c3d6272361203d43dbf6141ae1bd22.xlsx,0.9999998860629885
92fe35c72305892e5c8498dc466fb320348dcab7af3ce8e96fd1febb09052493.xlsx,0.9990236630275998
b27b3048288c5f28f60f84fcf62f953fc4129593a575bc49131c8a501d83d2b4.xlsx,0.999945641887709
benign_sample_6128.xlsx,0.00015380984370735065
ef806fad09b38077823c9e52d918424f076614c61f622314029875bc5ab4d0d9.xlsx,0.9999999557574122
benign_sample_7914.xlsx,4.589550159368031e-05
benign_sample_3533.xlsx,2.8432969148482696e-05
e4d2ed61560cca433b06f9fa0455fc96b5948a6b0f161ac3493fd3abddcb4068.xls,0.999999943940174
benign_sample_3893.xlsx,0.013195523875114133
benign_sample_6055.xlsx,0.00011234722712260039
c3ee22d25fb93af3245a4ca5c635dc21e8da7b79593299790852988ade7b6dd0.xlsx,0.9992587681174966
779be83b78f4c26250d434ab7ed4a9d2a0a8042cbc3d79fc5b8b4b2086238df1.xlsx,0.9999999999999996
benign_sample_4851.xlsx,1.8226959308414157e-05
fb19459fc58de1285b1bdcd9df79704e907f922d37ba2756e66cbbf70ec7c126.xlsx,0.9999999941338403
benign_sample_6735.xlsx,2.897957481908898e-05
benign_sample_2309.xlsx,0.0011821255669124053
f86e4b9ca55fc2c5e4a116314a56c30ecafed583ffcc7dfadf6358aa3d310cf5.xlsx,0.9999999697120597
2044524fe88a8ed1ea1d5428cba427f87763e35ed487d91fe5c1bef12a6d26df.xlsx,1.0
benign_sample_6161.xlsx,2.9494408080961695e-05
68af1c81dfae663cc6dd5f524f3652b594f235156afcd1bc67d45c114bb4861c.xls,0.9999860233211023
benign_sample_8474.xlsx,6.339071537395754e-05
28d73c905b701c19d8735083190a7ddecc834c384697d3fbfe21528850321c87.xlsx,0.9999999941338403
d74117026ea5e1cd6613ece8bf1e5e26d7a6c4e5887a7d72620a1dd2d3b360fd.xlsx,0.9925481452698995
benign_sample_2515.xlsx,1.6616494914188727e-05
benign_sample_2694.xlsx,0.000158763145541455
8c16564104bf40491a8276842256c4fa81fdb1b221659ba74c026749e95688b7.xlsx,0.9999835435035008
cf7c160e2a54eb1b8b7be65d36482a2e83f9c30426e0074e1054567e979408f3.xlsx,0.9776815703469078
benign_sample_6694.xlsx,2.063778569964543e-05
b42cf4603fe7593e03a02991b0473f50dd078416b2db56a6de841c2c1477ea65.xlsx,0.999277744330939
f5536b4a14e70167248cbf72ddf7ce116cf7c0aa20363fdcdac97a7081cc55d7.xlsx,0.9583333333333334
29dc9f591689eec2f0de274a1fee457ad549bfacedfb11122d98ed194379cd4d.xlsx,0.995933333836773
e85d4839723451c0b19734b7fa37eed7f1ba39a21f9d98f3c7c10a65aeb465ce.xlsx,0.998699147494805
benign_sample_6029.xlsx,0.00020336751685596293
62e71dacf3ef33f1d8b356e51b7e856a764756a39fff1f47bbd231a20004de6f.xlsx,0.9999999991324658
09a0d6a0c441837ea7422cd4ed81d634b7a765be9549802263b35148fe02f3e9.xlsx,0.9933333209931624
c078ee3bcc4501e56b72fdbc157758adde6e11c1e7a4b65f0045121668807748.xlsx,0.9925481452698995
07e52c80192cec0ef41ce46b3b13c3bba758a0d7c5431d6f72b1983a5b92c2fc.xlsx,1.0
486ea54d610f4316beb62a874cc5dee7ac5fca5d98e5bc1b9a95e5b253fe2902.xlsx,0.9999995533984266
benign_sample_9603.xlsx,1.7211743726510483e-05
benign_sample_4708.xlsx,1.6265937638285754e-05
benign_sample_2365.xlsx,5.232813015943415e-05
benign_sample_6743.xlsx,1.643986594917261e-05
d2b990e6c28cab31a5782f4b1192ddb63718aac52c58131a3f89f01c15d0121e.xlsx,0.9756955357495513
benign_sample_3729.xlsx,4.5685822787364215e-05
benign_sample_9050.xlsx,7.543726324838673e-05
b849f06e2ec66fbbe6821e2f7e9f88811bf18356ce41df4c60dbfaf6594ef7c4.xls,0.9999863895520815
6be7b157d45655a6c8a7b114bd76bc093cf9183ec09aeb7d93783049203001f7.xls,0.9999889572253554
ca51eb14dd510c1dcb6ff14cb10a48c010ae060d080628ceffcfb175c0d6dbb1.xlsx,0.9999999957241017
benign_sample_3129.xlsx,1.997505026275392e-05
benign_sample_5228.xlsx,7.02638708884309e-05
c377d713b446fce70d9e959a18fe3f0822aed261e6a221761f83c9ac9459924f.xlsx,0.995933333836773
d6c59dc011c3ddf058a5f34f872138c6f168beb1ad833e5105e9a7f6b57689cd.xlsx,0.9999999739714127
7958d2872859f5bb9f2f0430da2181a31e316d8cd6fd71a5010ef7ee35e8e7be.xlsx,0.9999999936475487
ae2e7cc6644fbc8e27d85b4e48b92333644c73acd07bc171e68b336004da1d7a.xlsx,1.0
6168c8b23c17bcf410ef7c33ade852c2736373f92ff6f36f338793ccc89405d0.xls,0.9999889572253554
782f4d8f8dbcb923ee592f599b0fa11ed446ad3d5e0bb17bcafc8821a39ca709.xls,0.9999889572253554
benign_sample_1243.xlsx,2.607452681084922e-05
benign_sample_4855.xlsx,0.008113606646940493
benign_sample_4738.xlsx,5.205219860968455e-05
4cb805c54b98c27f39c20549c867dd4d3b6b3b07389d591a3f4ea823e4e7b0c3.xlsx,0.999999212999211
benign_sample_2665.xlsx,0.010363202496395633
a02e1e15e832630cabfc2342d3126f20aa82165fe5140bd83f67fd6a97781628.xlsx,0.9999998754089404
e26e88b1a9550ec6c7684fcb02a99df4ca4914c4e96ce226e47eab501c11b2a2.xlsx,0.9999999739714127
1d1a2dd729ee67eac42ed3cc7aee6403d83641c57aa377e0a1285506d106677e.xls,0.9999889572253554
2ba37ebd0a0cc432f8784e8bcec19496906c312ca41d32f71e929e1f9051210f.xlsx,0.9999985076854937
879aa38a4334e11ab9faa686fd8a7fdc687b1c0eb6d1d9ee512b51f92157e607.xlsx,0.9999825766907203
653e1d9d2480e09b710faad26f81a30d1e7bc21dae7ba9faccced7c515f1ead7.xlsx,1.0
61039161704167e5ed869b70f9e390e007dad93e65cf97ab29815161dea3ef64.xlsx,0.9941059241995988
benign_sample_1665.xlsx,1.7397535063792284e-05
2f9aff6878224347bc4b6533809d3b7c3e940e99dbb4067f7f08a42524bf6a7e.xlsx,0.9925481452698995
1e494dab0d671280c4322fa47130e4805d0b456759f83dd83ac62d82ae8a2766.xlsx,0.999007273230049
benign_sample_7174.xlsx,9.282112469877265e-05
benign_sample_1999.xlsx,1.9494863607475737e-05
4449b639e407a70fd4c934107284480a11fdb250ab6f5a614f4fa11387ba5ebc.xlsx,0.9999999997470769
benign_sample_9489.xlsx,2.4299333741391083e-05
benign_sample_9936.xlsx,2.2437763602601237e-05
10a92107eb104b74448bbac4cf8b0b0b7ca531a10b5c1ca37b93ef995f686319.xlsx,0.9843309113659661
benign_sample_4092.xlsx,5.014860825207728e-05
benign_sample_3135.xlsx,0.0008236786425680802
benign_sample_9598.xlsx,0.0006006370610334139
d31133530551f2568bb6a394cb580272e3718475a63db49481a963fc057d82c8.xlsx,0.9999998871349337
a6ba8a487c1028f36f9bf7f4f85eb72041bfbac31eb6be2a35e58d588736020a.xlsx,0.9799565681297455
dad71d0e79c243230c87e642d7829b19b2d2898ac590973dab37a1933e312b02.xlsx,0.9999954626153542
benign_sample_2453.xlsx,3.2800446530933835e-05
1c7769f7756b40f89666e846a479b0a2270023e52b1504d9b7a6d1c7c707c9b4.xlsx,0.995933333836773
7f4e3e1ae59ea33ffee083388824eaac64b410888ae82a9fdfc70356130875a9.xlsx,0.9990236630275998
benign_sample_7062.xlsx,0.00019472706699394686
5b35ee161073781a71c51ddf6416fdfca862887d5dfd4e22d2914c816dc32093.xls,0.9998471101744828
benign_sample_1436.xlsx,0.00018390204845401413
7a28319e85687096877903530061e4652a4435bfd14caeb546419af79b2aac4a.xlsx,0.9999999974311448
benign_sample_7964.xlsx,3.796733705069559e-05
benign_sample_1778.xlsx,2.989214961013895e-05
benign_sample_7121.xlsx,0.0010153173452731705
benign_sample_5426.xlsx,0.18027788890860066
benign_sample_7516.xlsx,2.053077776556211e-05
benign_sample_8600.xlsx,4.3788568944368724e-05
benign_sample_3183.xlsx,0.05223144941365315
benign_sample_2861.xlsx,1.6093547884394076e-05
95df65a692d7c5e5ca2a4b340143d48152b84e6c9a3e7d860ccdfce4efa74c6d.xlsx,0.9999999957241017
1a4d7c81d1a7bea6a424a3ce4c41d4681421f3e3f95e0645e150258e0626c9e7.xlsx,0.9999992124385256
benign_sample_5810.xlsx,7.394793472875771e-05
benign_sample_5423.xlsx,1.9333281413300875e-05
benign_sample_4968.xlsx,6.802837694314981e-05
benign_sample_6708.xlsx,0.0004069442349735617
benign_sample_4683.xlsx,0.00019175748486978966
benign_sample_3235.xlsx,1.6091856344679496e-05
benign_sample_7241.xlsx,3.406624687718619e-05
benign_sample_1555.xlsx,2.4753091101887683e-05
benign_sample_4551.xlsx,2.5926557595516697e-05
benign_sample_2516.xlsx,0.00010570771401438665
benign_sample_9159.xlsx,8.012404650812944e-05
5c9381ac666a1efaf571d68b94e1e354d25e2cac64d03c4ee44f6b9396b0e55b.xlsx,0.9999999916368375
benign_sample_3478.xlsx,2.153003631413577e-05
benign_sample_6531.xlsx,1.892177896629492e-05
f3874b9f0bf8459a80490727eb6e070f3879c25baab9b7a06055e2902482553c.xls,0.9979826425298528
benign_sample_2732.xlsx,2.1177662376842937e-05
benign_sample_9664.xlsx,1.9995774936440786e-05
1e3a3a4bf1083910fdca5163c41f94e2fe74ef1c7ba016a45c7f0452f6017352.xlsx,0.9962019199014723
benign_sample_4639.xlsx,0.0003479114278160762
56e7d1b3dccc03d9f849dae44fa2ac32091265eeb72980a3b8321d04fa2b21fb.xls,0.9709142586775803
9f566502a02533c79cd1ddd564238fcfcb80541285fd5a0674bcaf9bf67f666b.xlsx,0.995933333836773
benign_sample_3441.xlsx,1.7071960576503908e-05
7a9d0f53ac0506555bece4a094f70445c391522c934001c782ca651f06675cea.xlsx,0.9999999957241017
852422328ad175b65b3fb72a2f99db551a70626add7e94c3b263e8daed352ae4.xlsx,0.999994774576641
benign_sample_2279.xlsx,0.0012884289490672914
benign_sample_4859.xlsx,0.018852171763030487
650eb12a21a9ab6b9a3063f366e59066f12040cad0ff5967b028d9c199abc955.xls,0.7752931809865315
benign_sample_8794.xlsx,0.0006492311347740765
benign_sample_920.xlsx,0.0009170182579523802
b8c89c62991c0cf85f07ee9ca534ca8575c78fbaa651485a19c826db78ef7d2c.xlsx,0.9966666574682077
benign_sample_3641.xlsx,0.00012580451935838334
benign_sample_617.xlsx,1.7369780987597824e-05
benign_sample_949.xlsx,0.001356203005459988
benign_sample_1423.xlsx,8.873024865250436e-05
benign_sample_216.xlsx,2.0276735082137995e-05
benign_sample_710.xlsx,5.408791654203615e-05
benign_sample_3748.xlsx,2.7577394370962075e-05
benign_sample_3605.xlsx,0.013240843100930752
8786a101dac6edd86d70ebb8064930ade4e54b8d5d8817180709614e3f01d4ca.xlsx,0.9999909786974331
benign_sample_6961.xlsx,1.704977637401699e-05
3609fa988c61501f05d4fe9f6e7b1fe0941421e63b011e956d0e70e1c5b72f0a.xlsx,0.995933333836773
benign_sample_2626.xlsx,0.0020116328912794562
355bd4ab760e12a64d8350953492fbd23175d3deba2a3539bacf77df442dab60.xlsx,0.999999730945594
benign_sample_7459.xlsx,0.0010910208435997253
benign_sample_256.xlsx,0.0009319228298228458
36964fc85c69b73f06ef338df1f79efead9009e63d1fcad5f32233cc668e0595.xlsx,0.9999987381995221
benign_sample_7355.xlsx,1.688509920422212e-05
5cd269ba1251d714627ab6e4f595ff316006abccffbede4ef3645b3e43b71975.xlsx,0.9925481452698995
c5f69aeb150ff68894dc668c36c00fed7f7b6b326239cfd009ccbee757cb7236.xlsx,0.9999999612938351
a989259869d3c05557a9f1c614b8b35f10dbc0278af6dc671585024852dadf5c.xls,0.9999889572253554
benign_sample_3098.xlsx,0.0012074621987421149
7f03af8f9cc110a2ff8fbe81cbb4c234a66d9525ac932cdb9748a8a72adf86eb.xlsx,1.0
benign_sample_5927.xlsx,4.012167798909186e-05
benign_sample_9682.xlsx,4.8670490182635015e-05
293d8c0ec851f319bf26bf0158f251215150ba7886b1d66f715cfd2363914272.xlsx,0.999999964451359
b878b083b3745fcd4f0ad61f948a9be7c17ff2f0cd5504c15ab12d965390d0c1.xlsx,0.9999999670849972
908d4c62c0bb4151d64c75039617bf5813bbbb349d3ae132f757d357dd5be9db.xls,0.999986721806945
220e00047d4158bbf80753605cd2a11b324cdf7b8cd3cd9f673709c9972b0ed5.xls,0.9999889572253554
19c6f4584256f2ae29c74346181877c6796572955f9c9a699ea0c61cbcd12bad.xlsx,0.9999954627998896
benign_sample_2770.xlsx,1.6744622384707476e-05
8fd048abbf5a1d4c04e5b1a8b8ad9374112b9f0202749bd9eca0cbe1cf18d924.xlsx,0.995933333836773
e4c8a64ceec3c8ddbaadb4c47a609244b29cc66c072d7ffdbe1e5243211f67b4.xls,0.9987729286031372
e0eabe75d851174d1142bc19910f528fc4ec544b80550b509619e05d546f7729.xls,0.9999889572253554
ff34d085938bccfe960e1a6231d67b91ece6d48e01cda1c18f91e82fced03d20.xlsx,0.9999999941338403
6b5c5d404649bac0a67beb95327dda8d762bf4e1f4d666cde814f4aff9ad8cae.xls,0.999986262081397
benign_sample_3162.xlsx,1.8816520406917928e-05
94b518e0dab3f357945a49fd8b801965e1e731ce719e68c42677dfbc8a508e12.xlsx,0.9925481452698995
benign_sample_426.xlsx,0.0007799921307839369
benign_sample_5451.xlsx,4.102786779809121e-05
benign_sample_9980.xlsx,1.6768967705346698e-05
5f4e4fbde7ed003dc34954ee301977f697de1cd2d52beafd898023797ab47255.xlsx,0.9999968407518076
benign_sample_7676.xlsx,5.6692461251914076e-05
benign_sample_1127.xlsx,0.00021535118983529496
benign_sample_9979.xlsx,1.6286005677514743e-05
benign_sample_1669.xlsx,0.0005494342888214973
fceee81f03f6fb74c370e23970b074b36250bbb83d1dd16b4aa532eb2b7bd7ff.xls,0.9999889572253554
9472b3a4b2394975087d9ce9ce5b855de21f9fb7f98f17f3a973b1fd11959705.xlsx,0.9999908881099094
benign_sample_5933.xlsx,1.5436910064024637e-05
benign_sample_7358.xlsx,1.6763099784265403e-05
benign_sample_3086.xlsx,1.703373396467441e-05
benign_sample_6265.xlsx,0.00010515804281071195
fe899495f30b71f2b13825a259ca3039d59b5e9c3145611474ad32dee5622a7b.xlsx,0.9833333059631375
6df92e2c3b1e8f038b649bdb65b340d15a1195d1dab363edf3224bf4a7ebc3ce.xls,0.9999889572253554
benign_sample_970.xlsx,2.7057372213938838e-05
benign_sample_1766.xlsx,2.4671209359562613e-05
b452f57c50edd5efb9efc60c08e65643d34baa804f37c296abdc807f47471e0f.xlsx,0.9983788193373305
benign_sample_226.xlsx,5.73993922835977e-05
benign_sample_4164.xlsx,3.0360480795904863e-05
benign_sample_240.xlsx,8.204137841016802e-05
benign_sample_3654.xlsx,2.5037868575284e-05
5b6787d5068199e43006b0918523a3685d9962f5c0a75113656051b3aa74b360.xlsx,1.0
3daff44f890f938d9ecc97ac4b5ec5a464552c6a90176384493e2a17c68f8751.xlsx,0.999016636053429
dcde900349ef5d7d8ff1ca50ee9af9f20e460cc2adb3b28f182d83412477383c.xls,0.9923953562726684
d09017c405415e56e1ca154088e1556281248ddbdb503fe8b14c5dd4d76ef899.xlsx,0.9999999612938351
benign_sample_9897.xlsx,3.708844388747729e-05
benign_sample_3624.xlsx,0.0008983737998096973
benign_sample_779.xlsx,1.6665320974061173e-05
50b27bcda07d5145b9a37d9fe06e4450b2d45255bd81f38e173400208e5a420f.xlsx,0.9999999670849972
f55acd55de9763399f4a0abfdf49cb609ca7259a41f7d4656eae85564ba275d5.xlsx,0.9999999612938351
663d185dcdb65dd8204ca9fa4dfe218a1027fe4026b357d3ab42a0e6d5fea9a6.xls,0.6667105348030528
benign_sample_5085.xlsx,2.6673817213260865e-05
benign_sample_1958.xlsx,1.642327929641982e-05
benign_sample_7116.xlsx,1.621543780996149e-05
benign_sample_8484.xlsx,4.422483212877837e-05
benign_sample_6622.xlsx,4.616964333357482e-05
1be514692fb9c0e8177c1bb599789600f2b60ec5f0ce7a120d8d7d97002a89ca.xls,0.9999889572253554
e4f19bd780e1acdb26e8ba7ed1cbfe73abe6f789430e733a477ee194f644afad.xls,0.999986721806945
benign_sample_9988.xlsx,2.3874610399379105e-05
benign_sample_2236.xlsx,0.7886495025991996
benign_sample_8992.xlsx,0.00010056936443996808
benign_sample_8719.xlsx,1.7007675430907268e-05
7b56738ef9360e8e911ecc282b4c5bed71ed8233eb0d818def283fc7e3683ccf.xlsx,0.9999954626153542
benign_sample_3663.xlsx,2.87295314561004e-05
benign_sample_8961.xlsx,2.2364251717490454e-05
benign_sample_9278.xlsx,4.3098622756353016e-05
benign_sample_1322.xlsx,0.04271999973743754
benign_sample_1265.xlsx,0.0005233253055048638
90036585b55855db2cc0782f81d2b5ac98cc32203b17211aed626643d857e8fe.xls,0.999986262081397
fc6c551f1b7625766e4d959878bcc85bd600ba87dab2c512e3dd50bffb37f722.xlsx,0.9999999941338403
benign_sample_3570.xlsx,3.313896485009178e-05
benign_sample_2133.xlsx,0.00016343235181931273
287e58447d9ce7ee50187c29dc59551266c0819e222ac71ecf415c8063978e94.xlsx,0.9659002630074894
benign_sample_5360.xlsx,2.0114086687107417e-05
benign_sample_3636.xlsx,2.0265188511422706e-05
benign_sample_9562.xlsx,1.659725905070146e-05
907ae93a74699665683a4d70f5d3ed543a4f980445d05ccd8a1a74825d02a0a3.xlsx,0.9925481452698995
8f4583243d18f3003ba31cc657ac20d53a641fd642c721a5ff969a1cf2bc5b21.xls,0.995933333836773
benign_sample_1384.xlsx,2.5700122591782982e-05
benign_sample_6054.xlsx,0.003385750888457983
bb9e5286b5c1a0ff8b85aae22032236111b4d90a55e8b1f9ab4a79de14ef1b5b.xlsx,0.9975119198963135
benign_sample_8855.xlsx,0.059004312826602956
benign_sample_1580.xlsx,0.0001485317183990945
951170d76bbe2f286e8dcb90aba12c39d6f41264aea87ab5ae62f1e56c77c506.xlsx,0.9990236630275998
benign_sample_6737.xlsx,1.8127969427601997e-05
33ca4684df5de27e8e822b6f8ee7f90aa93603c8ecbc9ffac605d1292601c6cb.xls,0.9999867906727102
benign_sample_6697.xlsx,3.135080278425469e-05
benign_sample_1750.xlsx,5.406867044923556e-05
benign_sample_6513.xlsx,4.434634101841513e-05
benign_sample_642.xlsx,0.00019384834433560012
benign_sample_1060.xlsx,2.826785556959108e-05
481ba4576aab966a7e8b0259439fa8eb05258f5782cf1cbeaba06d4262c2d958.xls,0.9990524709748504
benign_sample_3156.xlsx,0.0036452057450956483
benign_sample_8948.xlsx,2.7960139701699343e-05
f159c4db948caa97997da71e8d7f2f9e721e9f9b7a4c744d78159f0662961823.xlsx,0.9999999605520123
benign_sample_6772.xlsx,1.6120211876137516e-05
9d4a3d5cff1c2ca6ae2d07209a2c494a4c3da7240089895e8f12395475c1ea89.xls,0.995933333836773
490f0fa417b2fff4e5834aa49741bc79191652daa5b88ad0327ddb37216beb5c.xlsx,0.9999968407518076
0cc1ec3fe9cf8abb68e12e4d829393327df9b81d9efa4c5b6e1178dadfdef056.xlsx,0.9999992095770208
benign_sample_7097.xlsx,0.00011293173872780254
363b26e2d658799411dce7450b43193b491eaddda8a40ebd614a7665ce504d3e.xlsx,0.9999990073790904
benign_sample_1274.xlsx,3.190062939259823e-05
benign_sample_7085.xlsx,0.0009073792950127909
benign_sample_3921.xlsx,2.3586211631976867e-05
aa8eb27526890c8719debfad46145dd7ed9e220fac49c517bd042b667fdd1cc8.xlsx,0.9999999997737747
benign_sample_4963.xlsx,1.9110174194495188e-05
benign_sample_621.xlsx,3.231620271226631e-05
benign_sample_1342.xlsx,1.6929199361884145e-05
benign_sample_9825.xlsx,0.00024100830775829416
benign_sample_2508.xlsx,0.007575642740913141
benign_sample_4679.xlsx,3.079298675907707e-05
9e3f79ca6c5776b6022f5379e6cf10700c64d8b45a8bfeedb3ce36aab90cdb25.xlsx,0.995933333836773
benign_sample_6731.xlsx,1.8206269415409444e-05
benign_sample_8305.xlsx,2.0552055969882387e-05
1dca24f4be85a31b80959eaeacca7cfe27f252a66a775c434cad468a5220b1e9.xlsx,0.9990236630275998
benign_sample_8105.xlsx,1.6132084441321052e-05
benign_sample_1774.xlsx,0.000525755842157748
d1ceb41c265c6910965e852be55bdff850192dbea671876f8ed4e3a5b8b420d9.xls,0.9832799504985322
benign_sample_1726.xlsx,2.189494474972081e-05
bdb20099fec87251858f342c31e3e367d24aa03e5ae3ef840a2380af69f71157.xlsx,0.9570244288316515
a0d590523e53e5cf23e1e244638bc39ea49b830770a38993cc4ca82f19de42c0.xlsx,0.9999999941338403
benign_sample_7868.xlsx,0.004439845593816364
e06e1cc33f42f59f86b44d17359234628540e287dc10a39ac66ae21449abd380.xlsx,0.9999999568223931
b266ab86f5c033f981943185d6373b78aa0a732b9a1da5f73c2e84a3b92dcf08.xlsx,1.0
benign_sample_6352.xlsx,8.68647642038098e-05
benign_sample_4418.xlsx,1.733876307581986e-05
benign_sample_3759.xlsx,1.5912532617965583e-05
benign_sample_3936.xlsx,1.8430855718244742e-05
5943200f5d058b569f49d28cf53edba72f14ea043c1f80097fc95987b37c916c.xls,0.999986262081397
benign_sample_3448.xlsx,1.652897929005126e-05
benign_sample_9671.xlsx,1.6480213687532284e-05
benign_sample_3069.xlsx,4.209180959611377e-05
