file_name,TARGET
sample_04241.html,0.8854050196432877
sample_07098.html,0.11314352064266193
sample_08679.html,0.037414327877239424
sample_01430.html,0.9532036032127379
sample_02159.html,0.9693820039150376
sample_08716.html,0.0745723136953349
sample_00276.html,0.5531672769710273
sample_07169.html,0.8836388397024741
sample_07877.html,0.4256535001406155
sample_01363.html,0.9145963916322887
sample_02163.html,0.9867040690830529
sample_01109.html,0.48523249129391616
sample_00166.html,0.10246538915428009
sample_01260.html,0.1096189510281531
sample_00661.html,0.0842385480874444
sample_06745.html,0.061038821845753925
sample_07017.html,0.9573379439476966
sample_04962.html,0.030186199901705266
sample_08767.html,0.0381662379664563
sample_03918.html,0.2876710729264872
sample_02389.html,0.049537298470239424
sample_00503.html,0.05668969727880851
sample_01419.html,0.18558438963024887
sample_01856.html,0.4658628665235136
sample_02602.html,0.5694610554825885
sample_09236.html,0.9562611213977954
sample_09029.html,0.8790157313146533
sample_06488.html,0.040312831712492864
sample_05648.html,0.08222513297233446
sample_00109.html,0.9006219264576062
sample_00326.html,0.049109960272105305
sample_09827.html,0.9223146575786177
sample_09259.html,0.018755170533847575
sample_01160.html,0.059437587899848376
sample_00554.html,0.8205802429337635
sample_07669.html,0.945162357027556
sample_04045.html,0.8706257156918888
sample_08337.html,0.36494257325439106
sample_06724.html,0.2719411581319403
sample_07859.html,0.04246933976411644
sample_04314.html,0.962705753758242
sample_09084.html,0.10630011550978131
sample_02615.html,0.0711052693928404
sample_02813.html,0.0636595574976135
sample_02511.html,0.9401999184797932
sample_01318.html,0.04872285317878075
sample_08764.html,0.9356374669437811
sample_07370.html,0.08421951583469403
sample_03918.html,0.8199642665851415
sample_02096.html,0.03757853413352726
sample_00822.html,0.9153449837364452
sample_02948.html,0.9843253392339684
sample_08637.html,0.03513020157567687
sample_03991.html,0.05354201134741956
sample_00571.html,0.01900694117778032
sample_00659.html,0.8917621470439707
sample_09359.html,0.024069264426071105
sample_05086.html,0.9644433540940622
sample_01785.html,0.811864775618728
sample_03587.html,0.058635188117918915
sample_07502.html,0.1045987434358632
sample_09155.html,0.9771273146217115
sample_09396.html,0.017538641204821945
sample_01915.html,0.951963016607652
sample_09977.html,0.4965165847458426
sample_04005.html,0.062178536414769364
sample_02225.html,0.9860467714331941
sample_01666.html,0.2013692471468085
sample_05676.html,0.7863026787506741
sample_03616.html,0.02105223876999318
sample_03301.html,0.5144949883458366
sample_04169.html,0.9755585623209622
sample_06817.html,0.07805238648093053
sample_04017.html,0.044504175979582596
sample_04044.html,0.9523585784228931
sample_02724.html,0.1536501288635189
sample_06819.html,0.1317753797299021
sample_03638.html,0.7838989356318805
sample_02979.html,0.049424715407324925
sample_02017.html,0.779729900738814
sample_01863.html,0.46751901812407437
sample_03719.html,0.7222798242355539
sample_08952.html,0.9893836849667789
sample_04116.html,0.8903848207063089
sample_04848.html,0.6456080375440819
sample_04553.html,0.02729764132337206
sample_01018.html,0.9672848616826523
sample_00446.html,0.9480843468646319
sample_04882.html,0.8342905244191818
sample_07082.html,0.9570787256040874
sample_09515.html,0.055513701168683635
sample_06587.html,0.03575224921635847
sample_08556.html,0.31282117323831043
sample_09124.html,0.9869655840786847
sample_08604.html,0.9050208058166872
sample_01312.html,0.11129676730027625
sample_02061.html,0.023881098296146017
sample_02128.html,0.028626575008907338
sample_02203.html,0.8660116641115578
sample_01290.html,0.06920369050179491
sample_09139.html,0.038274184360620474
sample_07540.html,0.05966577065528378
sample_02246.html,0.8192292264327927
sample_02029.html,0.2596576419156217
sample_06562.html,0.06257294274356984
sample_07041.html,0.9255728746328951
sample_02719.html,0.21411588518810484
sample_08305.html,0.0335673029762119
sample_08992.html,0.6348695690702265
sample_02908.html,0.9869655840786847
sample_02176.html,0.01740383877299071
sample_05119.html,0.03510649019913861
sample_07357.html,0.07084687004348605
sample_08686.html,0.9803534444324801
sample_00308.html,0.036575872001833515
sample_05031.html,0.13367682082519214
sample_04396.html,0.4156077312168763
sample_09457.html,0.01484279131184103
sample_05366.html,0.0644365738452042
sample_05763.html,0.9790365505726911
sample_06675.html,0.03475587439606137
sample_02753.html,0.536786122893546
sample_00648.html,0.9843253392339684
sample_04033.html,0.02341365683538329
sample_03221.html,0.15088237576435562
sample_07181.html,0.03805472470977922
sample_06032.html,0.37309786875425754
sample_04010.html,0.04122683096052191
sample_05019.html,0.3271022499279783
sample_05248.html,0.9869655840786847
sample_05499.html,0.5316833699853194
sample_08008.html,0.0803690660083729
sample_09964.html,0.05454243177901154
sample_00820.html,0.15056239303498312
sample_09026.html,0.8171809364915574
sample_00328.html,0.25028889297477563
sample_02716.html,0.9869655840786847
sample_04516.html,0.12258055226658629
sample_08017.html,0.9024731409793586
sample_09345.html,0.7366836867832901
sample_07610.html,0.02074017140565302
sample_06509.html,0.05613620132984518
sample_04625.html,0.10949781676665889
sample_05631.html,0.9561666548599068
sample_06238.html,0.4848460615083794
sample_07613.html,0.990535635210493
sample_03454.html,0.966033822973057
sample_05220.html,0.9779662644222119
sample_06476.html,0.9694470522393351
sample_00053.html,0.06005539666901915
sample_08978.html,0.3291970254732066
sample_09867.html,0.78289242754787
sample_06859.html,0.7194740771691034
sample_01583.html,0.027969537360207315
sample_01354.html,0.9573379439476966
sample_01263.html,0.0475075355408957
sample_01309.html,0.9867040690830529
sample_07213.html,0.7154416507408634
sample_08160.html,0.38411118767144525
sample_00073.html,0.9814182152024623
sample_07477.html,0.04994347617670042
sample_04674.html,0.045014090325325155
sample_02057.html,0.15539625182998784
sample_06799.html,0.2264725083217204
sample_07174.html,0.1460852051346729
sample_02803.html,0.0702248538158363
sample_05128.html,0.9359386825009447
sample_03724.html,0.5023361359154357
sample_07103.html,0.06761994434025796
sample_02269.html,0.06941162649048029
sample_02631.html,0.8462873404864018
sample_06923.html,0.9693820039150376
sample_08954.html,0.5936413398610534
sample_01676.html,0.9893836849667789
sample_04436.html,0.9573379439476966
sample_08422.html,0.2450390418942711
sample_08297.html,0.17590793747421535
sample_08927.html,0.9869655840786847
sample_03210.html,0.03919837867082399
sample_05285.html,0.8637555006837041
sample_02534.html,0.9846345121085107
sample_08349.html,0.9868593283998034
sample_08605.html,0.03481346649182604
sample_07978.html,0.48231522653261133
sample_02996.html,0.2427596337819555
sample_03144.html,0.2827568710194753
sample_06635.html,0.1297147452495989
sample_00535.html,0.06521487682975763
sample_06985.html,0.9155156601937601
sample_04515.html,0.03273828809884216
sample_02091.html,0.9666286666455653
sample_04479.html,0.9586976667275553
sample_07676.html,0.1866908959913577
sample_04161.html,0.775144276708565
sample_00079.html,0.02142008017592804
sample_06371.html,0.9149442843540972
sample_05318.html,0.8657620537305557
sample_07727.html,0.050570422268804024
sample_04072.html,0.43039975328600555
sample_08185.html,0.24735813269405688
sample_07091.html,0.033954595144876955
sample_02334.html,0.8956178828217172
sample_04177.html,0.16469639164737968
sample_00840.html,0.22369840304982352
sample_08399.html,0.823662928341316
sample_04764.html,0.959515692830477
sample_08429.html,0.08408921586470305
sample_02965.html,0.9605935109852951
sample_04887.html,0.935581106479097
sample_03748.html,0.04448716803422234
sample_03691.html,0.19108479203122594
sample_00652.html,0.7172808705961434
sample_05008.html,0.09389653647588837
sample_00171.html,0.6433294977787877
sample_09594.html,0.06549548645779496
sample_01241.html,0.9893836849667789
sample_02375.html,0.020318158382032294
sample_07474.html,0.061753632746321806
sample_09075.html,0.8451039639379876
sample_07543.html,0.5256928025343289
sample_04798.html,0.1961500080130262
sample_06667.html,0.23652031094333167
sample_01614.html,0.9534478066557208
sample_01052.html,0.08182290214967522
sample_07067.html,0.33801470310217085
sample_00211.html,0.8098266004866553
sample_07006.html,0.1391916206047393
sample_07077.html,0.9810077073402252
sample_09203.html,0.12585993569976336
sample_04393.html,0.03444661382853024
sample_08182.html,0.9173805074839718
sample_01289.html,0.9846345121085107
sample_09963.html,0.07327752496281434
sample_09018.html,0.9570787256040874
sample_06119.html,0.5953302946418706
sample_06324.html,0.04072164398643562
sample_07047.html,0.10042305959178531
sample_01040.html,0.03291275110546411
sample_08238.html,0.06883737424842253
sample_07256.html,0.6772843239688482
sample_06846.html,0.03590746750794658
sample_05015.html,0.10052721571964397
sample_03530.html,0.02265284371677782
sample_02784.html,0.6402459154548672
sample_09201.html,0.9766410144658768
sample_05748.html,0.45185746007896377
sample_07371.html,0.6004232594273027
sample_07379.html,0.6707962683024472
sample_01181.html,0.9694886989355683
sample_04682.html,0.8497763710720447
sample_07452.html,0.06725954242026566
sample_06465.html,0.9356374669437811
sample_07569.html,0.06091563109689035
sample_08699.html,0.19835289294038277
sample_09281.html,0.02968422722577615
sample_04143.html,0.019237137834119004
sample_06170.html,0.5144064485001184
sample_00721.html,0.9804109074196063
sample_04969.html,0.9058831191446274
sample_02408.html,0.023858490406868417
sample_02860.html,0.12320293538087486
sample_00291.html,0.8815402101096371
sample_03012.html,0.8351565988786029
sample_07481.html,0.07400002468852168
sample_02970.html,0.09872512534567564
sample_09964.html,0.959139383773474
sample_03373.html,0.21751001326101327
sample_05666.html,0.8936698696569139
sample_00794.html,0.03929980030327904
sample_02826.html,0.9819735093166739
sample_00458.html,0.2807937272891807
sample_05822.html,0.8738498959722538
sample_06081.html,0.9471581475191342
sample_07704.html,0.03775365324022399
sample_07045.html,0.7330159069270155
sample_02251.html,0.058507299739968655
sample_01767.html,0.0209122529400908
sample_01109.html,0.9374907853069168
sample_04945.html,0.036657965437047
sample_00800.html,0.5853213927966973
sample_07204.html,0.6988667495725619
sample_01935.html,0.9139940828364295
sample_07126.html,0.9869655840786847
sample_02414.html,0.6350970744281452
sample_03936.html,0.11331983438900838
sample_03471.html,0.16050033700982638
sample_02799.html,0.07221402291426811
sample_08285.html,0.027004503550282947
sample_08378.html,0.16888857045916664
sample_03604.html,0.14078471374582582
sample_07454.html,0.898393643024758
sample_07462.html,0.05901593306234653
sample_05930.html,0.08965915718869122
sample_00165.html,0.9340338343462453
sample_02588.html,0.02866656029018534
sample_00299.html,0.27013109627112575
sample_00306.html,0.9542214519293485
sample_07488.html,0.9690345596801355
sample_08023.html,0.962705753758242
sample_01388.html,0.9250785725802515
sample_02541.html,0.10630011550978131
sample_05988.html,0.030485268646378103
sample_01863.html,0.9438510550495333
sample_06722.html,0.9867040690830529
sample_04349.html,0.9779662644222119
sample_07013.html,0.9740952934405857
sample_08391.html,0.26811287101129555
sample_09719.html,0.9725001420081703
sample_05876.html,0.2336267788736642
sample_00404.html,0.9838591673253473
sample_08348.html,0.2834784133867552
sample_03037.html,0.24146709111934708
sample_04871.html,0.9461024973489153
sample_05120.html,0.0667867324248237
sample_07333.html,0.6410228770934858
sample_01445.html,0.028170476270543046
sample_07053.html,0.03737121994844827
sample_01575.html,0.7678251935989546
sample_07858.html,0.022478860365703103
sample_04608.html,0.3393946487912205
sample_09000.html,0.47310651079596294
sample_02439.html,0.06243640558495978
sample_04143.html,0.9424415862973808
sample_06327.html,0.2593498078237247
sample_09664.html,0.44814619971924147
sample_01985.html,0.8299728953351508
sample_05890.html,0.10004905114396775
sample_03511.html,0.282707833328694
sample_00544.html,0.8999329367898584
sample_03448.html,0.17050035919637752
sample_08456.html,0.17729550256781781
sample_03567.html,0.9869655840786847
sample_07635.html,0.07333739249541063
sample_09190.html,0.7539494538472507
sample_07774.html,0.8890458106605744
sample_06181.html,0.1670552261075439
sample_07121.html,0.03504456329932067
sample_01853.html,0.03718564069173947
sample_03859.html,0.01810400389381504
sample_02754.html,0.9677826301076332
sample_07338.html,0.10015761539791153
sample_07369.html,0.43078201990875964
sample_07111.html,0.9778068631365479
sample_08192.html,0.9627509554805276
sample_06320.html,0.044874841008730515
sample_00850.html,0.7960949721067568
sample_04949.html,0.048179658275386054
sample_00577.html,0.024169120355809495
sample_05871.html,0.04056847909445704
sample_02711.html,0.9475118244864227
sample_06852.html,0.01752625882226513
sample_08989.html,0.9573379439476966
sample_02192.html,0.969293342991723
sample_00581.html,0.046587701232991434
sample_02330.html,0.5933417870608154
sample_05070.html,0.969472954018716
sample_06505.html,0.7738194304738039
sample_03906.html,0.11334854595754353
sample_02495.html,0.8348077145394281
sample_05956.html,0.9519288415954584
sample_00333.html,0.9542214519293485
sample_09019.html,0.9641024473565002
sample_09956.html,0.041341773168152456
sample_07819.html,0.5089443856522147
sample_07234.html,0.03403252975070385
sample_09007.html,0.036830731648706594
sample_02450.html,0.11420089545281988
sample_09277.html,0.9535588908711575
sample_06275.html,0.8604327409028787
sample_06304.html,0.9554286320655814
sample_00912.html,0.07519840919662683
sample_04606.html,0.5026947982197069
sample_04381.html,0.04641387321886382
sample_01566.html,0.043174733879868143
sample_05936.html,0.7192359525332241
sample_00975.html,0.25299097524895503
sample_00118.html,0.1030379765687171
sample_00170.html,0.8612427902041014
sample_08924.html,0.9838591673253473
sample_03710.html,0.2401800444501064
sample_05726.html,0.11557447506331545
sample_05627.html,0.9659748985173421
sample_05675.html,0.8323026000416379
sample_03140.html,0.08242691989504548
sample_01946.html,0.02342381889384369
sample_00016.html,0.9318869427140297
sample_00532.html,0.8668518421487327
sample_09407.html,0.0420311947120862
sample_05640.html,0.9250785725802515
sample_01826.html,0.9617212369032779
sample_09971.html,0.9764794955999916
sample_09524.html,0.9803534444324801
sample_01561.html,0.05316458043172592
sample_01531.html,0.03506124966393717
sample_05186.html,0.9587305878775527
sample_09176.html,0.9868593283998034
sample_02272.html,0.3793511502302301
sample_06180.html,0.03399111103308602
sample_09768.html,0.5922982694757302
sample_00766.html,0.06994529455335269
sample_09362.html,0.5674304291499618
sample_06985.html,0.15842748114554936
sample_02386.html,0.5621074097860849
sample_09823.html,0.017020872795021673
sample_09128.html,0.878298194669373
sample_00620.html,0.040607484948605055
sample_06870.html,0.9838591673253473
sample_09113.html,0.5456429232156222
sample_09708.html,0.04707203701460849
sample_05808.html,0.03785786103697118
sample_02254.html,0.4811032683072033
sample_01721.html,0.9273830554294022
sample_08060.html,0.14611553961112075
sample_06558.html,0.11373932718404371
sample_03801.html,0.04366807833714699
sample_08390.html,0.08928403081163538
sample_07853.html,0.9178003344079353
sample_04808.html,0.04084056074172925
sample_01537.html,0.939176190040796
sample_03593.html,0.9150819266290815
sample_02762.html,0.025571788524107842
sample_00259.html,0.9230194427127623
sample_04087.html,0.24887799757740078
sample_02729.html,0.9755585623209622
sample_05781.html,0.7306456496363357
sample_06047.html,0.9790304606724379
sample_08896.html,0.26935202797245505
sample_07503.html,0.9869655840786847
sample_01571.html,0.11041526237882181
sample_04088.html,0.0467032375880407
sample_01997.html,0.8961180465629747
sample_02743.html,0.1455145261116731
sample_03577.html,0.3625837976645141
sample_09286.html,0.9983341605648108
sample_05364.html,0.026129671502562412
sample_03652.html,0.9806264475418569
sample_00750.html,0.9153449837364452
sample_02033.html,0.045322673356650856
sample_08302.html,0.9693820039150376
sample_06386.html,0.1444541053050618
sample_07065.html,0.8069598702273163
sample_06372.html,0.6936161131231262
sample_07746.html,0.18722061898031953
sample_07714.html,0.9562281435310691
sample_05354.html,0.04976985383585722
sample_05202.html,0.8738498959722538
sample_05678.html,0.5419143280217511
sample_07471.html,0.7192658446960097
sample_03475.html,0.25299097524895503
sample_03490.html,0.9846345121085107
sample_00438.html,0.9694210824003191
sample_05945.html,0.12258055226658629
sample_09276.html,0.9573379439476966
sample_08911.html,0.06778384308854916
sample_07963.html,0.22287262039325298
sample_04048.html,0.9868593283998034
sample_05528.html,0.23571502047256587
sample_07457.html,0.9341604458401029
sample_06670.html,0.21066994823085486
sample_01194.html,0.12301210200175178
sample_08698.html,0.1798441365146002
sample_08017.html,0.07919232038760272
sample_07439.html,0.0368722587415045
sample_03722.html,0.12517043973837255
sample_06856.html,0.903742694810409
sample_05571.html,0.9851111559006923
sample_02650.html,0.9845726442028787
sample_09178.html,0.9601830502073697
sample_04525.html,0.11868234723138679
sample_02283.html,0.02584906617855704
sample_00821.html,0.32668282645714947
sample_07733.html,0.39223830366574
sample_01709.html,0.9815880582221648
sample_00561.html,0.9424948852184374
sample_06932.html,0.9555657030224017
sample_06729.html,0.03614015866029247
sample_06075.html,0.768989792182547
sample_09972.html,0.9183529821782824
sample_03909.html,0.08879170852207291
sample_00560.html,0.24486559062446725
sample_06873.html,0.8445480159295177
sample_06099.html,0.8391331221903452
sample_09910.html,0.1431815649331665
sample_00761.html,0.16438858084124744
sample_06472.html,0.9803640741771179
sample_01990.html,0.01925053577114527
sample_07824.html,0.8926940436164684
sample_05878.html,0.050456999774998464
sample_08855.html,0.41158314985282496
sample_01711.html,0.8124640901564222
sample_01350.html,0.5665984670728976
sample_07354.html,0.9497586013126195
sample_09973.html,0.19008004147173801
sample_07079.html,0.9843253392339684
sample_09393.html,0.03307496119424163
sample_03069.html,0.13038360775570065
sample_07756.html,0.9810077073402252
sample_09582.html,0.041258612294443546
sample_07470.html,0.44521739532396964
sample_09650.html,0.9641024473565002
sample_08711.html,0.9623685842549503
sample_03578.html,0.9778995347540185
sample_07589.html,0.05677041592710732
sample_02218.html,0.9802650239344926
sample_04203.html,0.45580532631987647
sample_07456.html,0.05384344135111694
sample_03749.html,0.8089035063216182
sample_09854.html,0.12290979101039852
sample_00525.html,0.9868593283998034
sample_04688.html,0.02197144048747595
sample_04660.html,0.030238824577054676
sample_00415.html,0.8664945626274712
sample_02464.html,0.7834686061752872
sample_01278.html,0.9635810605548257
sample_07146.html,0.9291037983343864
sample_06255.html,0.058280731974129175
sample_05797.html,0.037193545525589636
sample_03180.html,0.03119606082041115
sample_08010.html,0.9833022646422086
sample_09603.html,0.7423346904167493
sample_01993.html,0.9373751476250324
sample_07331.html,0.7423346904167493
sample_01049.html,0.13025337326235523
sample_09657.html,0.9026108697149091
sample_03788.html,0.284410058103132
sample_06494.html,0.37470546639496133
sample_04951.html,0.8738498959722538
sample_02004.html,0.03450031282144749
sample_08680.html,0.3215421590744846
sample_03635.html,0.949688633002848
sample_08024.html,0.7249621767267019
sample_04111.html,0.20389204838172498
sample_09773.html,0.018377525264473654
sample_02037.html,0.06973222976453795
sample_02659.html,0.052897633198956955
sample_04995.html,0.9694470522393351
sample_00319.html,0.9865028066619714
sample_01576.html,0.9800049233938897
sample_06973.html,0.8195724764369655
sample_00638.html,0.6380860198393229
sample_06276.html,0.548441564652817
sample_01495.html,0.01958650617866135
sample_09107.html,0.2914317017990987
sample_02780.html,0.5785274412841035
sample_04332.html,0.019167534046838304
sample_07742.html,0.9867040690830529
sample_05619.html,0.9599330098308005
sample_07107.html,0.9015265756968299
sample_02050.html,0.9408278073892525
sample_02143.html,0.04569323429771458
sample_00639.html,0.01355907825936523
sample_08937.html,0.9573379439476966
sample_03443.html,0.2270282278548377
sample_01781.html,0.9178003344079353
sample_07073.html,0.4302704968407255
sample_03349.html,0.17921118088461807
sample_02827.html,0.06778384308854916
sample_04676.html,0.07789288858376986
sample_01093.html,0.04291865592364749
sample_02732.html,0.46760779686078724
sample_03124.html,0.9815880582221648
sample_09781.html,0.03802474033094285
sample_05721.html,0.7595712381069837
sample_05736.html,0.9053586531607004
sample_08313.html,0.01484279131184103
sample_05023.html,0.024489301472716076
sample_09342.html,0.07069808300229015
sample_06830.html,0.09558857109658936
sample_07787.html,0.9864723127281282
sample_05650.html,0.09349021501624824
sample_01418.html,0.7018636365636782
sample_07525.html,0.9893836849667789
sample_07702.html,0.9804109074196063
sample_00616.html,0.7473788665331019
sample_03889.html,0.5144064485001184
sample_08244.html,0.02999722496777013
sample_07097.html,0.09053916541733888
sample_02624.html,0.9845500583350919
sample_00074.html,0.05702848416765023
sample_07428.html,0.040491192609662364
sample_04892.html,0.9810647931318748
sample_09585.html,0.9605809732134236
sample_07331.html,0.1864807053567399
sample_05183.html,0.765901951548305
sample_07492.html,0.2720236424055184
sample_02921.html,0.11118906098013956
sample_07444.html,0.5687114996925794
sample_07161.html,0.9325505969779991
sample_06471.html,0.9893836849667789
sample_05756.html,0.6870031454529804
sample_06892.html,0.04003870454223977
sample_07767.html,0.10454342727273713
sample_09105.html,0.9542863308243883
sample_00533.html,0.8374609155812381
sample_06461.html,0.9562611213977954
sample_00760.html,0.6610117320978427
sample_04297.html,0.03358799701057281
sample_02350.html,0.5519070136355325
sample_07461.html,0.8738498959722538
sample_01900.html,0.09580433996073387
sample_05969.html,0.05306942424991122
sample_00711.html,0.044517089701810196
sample_05199.html,0.16283849982198176
sample_06172.html,0.9545062118163375
sample_09115.html,0.9983341605648108
sample_00758.html,0.8738498959722538
sample_05860.html,0.8459189056992368
sample_04929.html,0.592389415104184
sample_00075.html,0.8738498959722538
sample_01788.html,0.046507924999256565
sample_00563.html,0.17231308688998187
sample_00720.html,0.3336461364613608
sample_02122.html,0.04632009814400209
sample_05380.html,0.8733382744494796
sample_02514.html,0.18025853951106727
sample_06602.html,0.052693956471444287
sample_02345.html,0.20436488895483995
sample_08779.html,0.04905391859425949
sample_07151.html,0.7822447725719168
sample_06726.html,0.05059919313416504
sample_01892.html,0.07751070342188823
sample_03861.html,0.9338809771692806
sample_07042.html,0.3009306246778935
sample_08324.html,0.966143407200353
sample_03617.html,0.9844712749483112
sample_07015.html,0.2989186782233907
sample_04190.html,0.09885767436218612
sample_02671.html,0.9487293786558969
sample_09660.html,0.41663830615445485
sample_03777.html,0.939176190040796
sample_01075.html,0.9383552673152112
sample_09588.html,0.07427676417743774
sample_08864.html,0.047762304940246664
sample_07459.html,0.9893836849667789
sample_08410.html,0.05529570926535296
sample_04250.html,0.09210835584443254
sample_04744.html,0.06778384308854916
sample_04171.html,0.9846581142883489
sample_00448.html,0.15869416716021487
sample_02293.html,0.6198805403895811
sample_01980.html,0.33380295765653084
sample_05116.html,0.062412885438067854
sample_04873.html,0.017102076539814003
sample_09635.html,0.6514538403444703
sample_01836.html,0.9349566556816084
sample_00119.html,0.29338776747206424
sample_02722.html,0.060180158601877476
sample_00874.html,0.8751611181618036
sample_04191.html,0.052702746083705475
sample_07659.html,0.07503722666215319
sample_02116.html,0.9719360159823064
sample_03223.html,0.8251789371683454
sample_06694.html,0.8887835177558291
sample_04789.html,0.8738498959722538
sample_01471.html,0.8777460163438604
sample_06213.html,0.927182688278455
sample_09306.html,0.9641024473565002
sample_08082.html,0.48598191557202586
sample_05340.html,0.19691139924575002
sample_04675.html,0.4039744512447005
sample_00091.html,0.9867040690830529
sample_03582.html,0.8717892225078685
sample_06530.html,0.9815880582221648
sample_00486.html,0.1534532916282915
sample_07723.html,0.8240133083791398
sample_02840.html,0.9756864530834275
sample_09025.html,0.12162556914841081
sample_04128.html,0.8459189056992368
sample_02238.html,0.4119877416508873
sample_00063.html,0.9573379439476966
sample_07001.html,0.9309757285178195
sample_05320.html,0.019728949836736388
sample_02838.html,0.05861332993832613
sample_08926.html,0.9673463644101091
sample_04108.html,0.7342107385213201
sample_09693.html,0.06107024473733122
sample_04798.html,0.990535635210493
sample_00226.html,0.05729843327685329
sample_06260.html,0.6624072614856595
sample_06075.html,0.19132927402029234
sample_00598.html,0.9815880582221648
sample_09596.html,0.974650553132312
sample_08683.html,0.07469347370643918
sample_05598.html,0.1613107498878243
sample_01829.html,0.16085132026236768
sample_03101.html,0.8614163767103452
sample_07418.html,0.9775276679309838
sample_06910.html,0.8405587175339404
sample_02126.html,0.04410405823987486
sample_02082.html,0.9387918213052234
sample_05211.html,0.06919727476357326
sample_03929.html,0.23281552353118343
sample_05350.html,0.9811109560889939
sample_00626.html,0.31111428898111176
sample_08180.html,0.06778384308854916
sample_04202.html,0.9815880582221648
sample_06351.html,0.9810077073402252
sample_05454.html,0.09586844005084949
sample_08547.html,0.021024415653141493
sample_06484.html,0.02545925529860037
sample_02675.html,0.9756864530834275
sample_00793.html,0.06438932184344479
sample_03507.html,0.06734251071667902
sample_01905.html,0.3713886739551601
sample_08401.html,0.8161193708619067
sample_08142.html,0.01809478703540562
sample_09451.html,0.9869655840786847
sample_03751.html,0.0526462594994007
sample_02760.html,0.878298194669373
sample_00706.html,0.10939339686311769
sample_05688.html,0.9172647991707186
sample_06681.html,0.9815880582221648
sample_08396.html,0.055351046671359504
sample_01594.html,0.07437228823173218
sample_00248.html,0.8539727817427799
sample_05732.html,0.955412385871474
sample_04962.html,0.8920372999982898
sample_01001.html,0.972615970057153
sample_08525.html,0.03464293272022633
sample_08615.html,0.9573379439476966
sample_00777.html,0.9593518728532812
sample_06646.html,0.788947614392156
sample_03900.html,0.059432936945160615
sample_00729.html,0.03737121994844827
sample_03238.html,0.14608572316865406
sample_01335.html,0.01981763328760795
sample_04671.html,0.15348516741642046
sample_07803.html,0.051688396633613964
sample_02370.html,0.13084003992902188
sample_04543.html,0.021932308151339105
sample_01616.html,0.6860756544306993
sample_01018.html,0.01959995702764955
sample_05706.html,0.04507020263790092
sample_04879.html,0.13190798938270598
sample_09959.html,0.9556873994193639
sample_01214.html,0.05894392706765567
sample_01645.html,0.06769857535317292
sample_07180.html,0.8935693125296799
sample_06009.html,0.9869655840786847
sample_00813.html,0.020408279945853727
sample_01004.html,0.4169184750740716
sample_07536.html,0.9851511397341945
sample_06890.html,0.8089035063216182
sample_08479.html,0.06310094019512084
sample_09271.html,0.2885656535325276
sample_01889.html,0.04674583354297311
sample_02557.html,0.035322427388221056
sample_02095.html,0.9076707270015675
sample_06937.html,0.8790157313146533
sample_03952.html,0.02373454660870116
sample_02608.html,0.9712744908475505
sample_04181.html,0.3873541858831099
sample_06257.html,0.9810077073402252
sample_09550.html,0.7407074468811592
sample_03092.html,0.44929038310926844
sample_00580.html,0.8281163360650592
sample_01153.html,0.17612052217665106
sample_07911.html,0.13797897134270679
sample_02324.html,0.949007183775049
sample_09943.html,0.23639430779232198
sample_04356.html,0.8778761253204802
sample_01389.html,0.990535635210493
sample_06220.html,0.9642162945862801
sample_01901.html,0.03380455652371508
sample_00683.html,0.06364809870204455
sample_08879.html,0.058293291094874106
sample_03939.html,0.949688633002848
sample_02667.html,0.7620043341108036
sample_05507.html,0.9637315910358347
sample_01036.html,0.0570417521174396
sample_03452.html,0.9868593283998034
sample_04813.html,0.017711824576477173
sample_04770.html,0.5311948176376386
sample_05607.html,0.059956970600974734
sample_07402.html,0.04837010421815173
sample_08087.html,0.8513862270017162
sample_01379.html,0.03380062463889097
sample_06892.html,0.9725768852671962
sample_03394.html,0.9402522696469661
sample_05222.html,0.04129486126380769
sample_00929.html,0.9605809732134236
sample_07527.html,0.8022713917844865
sample_05171.html,0.5248189653926587
sample_00094.html,0.18955676144474742
sample_00154.html,0.034918872776704205
sample_04513.html,0.9318869427140297
sample_06109.html,0.7826139409702298
sample_06491.html,0.05691181892841339
sample_01702.html,0.9810994886478284
sample_09246.html,0.6771712946205296
sample_09695.html,0.8098820761269869
sample_06703.html,0.05353570708517548
sample_03047.html,0.17474568700705356
sample_01052.html,0.7979415865346625
sample_06736.html,0.8777460163438604
sample_03113.html,0.3687972220528348
sample_05004.html,0.8009261952791168
sample_02294.html,0.08561540543110552
sample_05859.html,0.1571073328785538
sample_00289.html,0.03343888387311373
sample_01479.html,0.990535635210493
sample_04638.html,0.9808593122723562
sample_08827.html,0.04557693884613279
sample_09776.html,0.03495256409829927
sample_05415.html,0.04031073697784877
sample_03821.html,0.01897828538322692
sample_01368.html,0.3915736013985405
sample_00040.html,0.8299728953351508
sample_07123.html,0.3115112533950891
sample_06844.html,0.0251150318284961
sample_03980.html,0.9504953744976052
sample_09940.html,0.2536843782092781
sample_00944.html,0.4483481410169122
sample_06955.html,0.045909372514753535
sample_05361.html,0.8199542167129911
sample_06747.html,0.03486215555423046
sample_00971.html,0.03802787398680884
sample_07216.html,0.02244722953369519
sample_07148.html,0.8953107347479138
sample_06333.html,0.9090792984721581
sample_06518.html,0.061799354347532094
sample_02151.html,0.0749044135250079
sample_09230.html,0.8576906230207335
sample_01179.html,0.9868593283998034
sample_02466.html,0.5772193137581403
sample_09202.html,0.018253444817836695
sample_02030.html,0.3176522186068384
sample_04829.html,0.9333657704347111
sample_07472.html,0.9026108697149091
sample_03289.html,0.8664945626274712
sample_09943.html,0.9381738162213048
sample_00981.html,0.11047900035219808
sample_05553.html,0.08021414510465094
sample_07871.html,0.05503962098298023
sample_02023.html,0.9309601786744424
sample_03200.html,0.03737121994844827
sample_01577.html,0.6056294671263268
sample_03023.html,0.11094617766575804
sample_04937.html,0.04921134812982191
sample_07278.html,0.8555516703924998
sample_06847.html,0.9694470522393351
sample_05314.html,0.9679451339440512
sample_03512.html,0.9843253392339684
sample_06849.html,0.9497586013126195
sample_09148.html,0.07032801892890675
sample_05703.html,0.04016130295963593
sample_01624.html,0.9868593283998034
sample_09496.html,0.32310962466603377
sample_04390.html,0.12429547644381221
sample_00970.html,0.056994855515013834
sample_00339.html,0.03948580980243688
sample_01876.html,0.976539100653154
sample_00622.html,0.8712171731287509
sample_03049.html,0.03866603082886275
sample_05415.html,0.9178003344079353
sample_06396.html,0.04407968040265397
sample_06437.html,0.9836429214261306
sample_06919.html,0.024829717278846617
sample_05087.html,0.9868593283998034
sample_02356.html,0.5398935683353193
sample_05623.html,0.05715378516580524
sample_06054.html,0.03640304274780286
sample_09895.html,0.08677361327933723
sample_06308.html,0.9355079507870742
sample_09311.html,0.6957064875465381
sample_02600.html,0.0678220882461786
sample_00077.html,0.38944535195824787
sample_09330.html,0.4145988106562707
sample_09626.html,0.9838591673253473
sample_04371.html,0.2498897077148538
sample_06808.html,0.9838591673253473
sample_05237.html,0.6027301541947313
sample_09465.html,0.6903483901245457
sample_00594.html,0.03676041684380209
sample_09138.html,0.9838591673253473
sample_03050.html,0.6298379699043654
sample_05608.html,0.9868593283998034
sample_04471.html,0.1364769035918441
sample_03178.html,0.9274060794689386
sample_08441.html,0.3948728196469359
sample_02045.html,0.5949242583605951
sample_02424.html,0.16223262345167952
sample_08307.html,0.10890470076620096
sample_06450.html,0.04858450256982911
sample_00555.html,0.03196422506850106
sample_07444.html,0.9266749699580408
sample_03511.html,0.7198754497240478
sample_06699.html,0.9833022646422086
sample_00167.html,0.13599530647897487
sample_00585.html,0.9573379439476966
sample_00778.html,0.05552851116135835
sample_08734.html,0.038299969619741026
sample_06723.html,0.6369292282514892
sample_02323.html,0.12653918547522938
sample_03345.html,0.1768424886669258
sample_03909.html,0.9082563675652459
sample_02677.html,0.9502274604969804
sample_07643.html,0.6628621685772523
sample_03752.html,0.59055521761773
sample_03998.html,0.12429486383033907
sample_08786.html,0.8230715201983521
sample_07662.html,0.4668575742346811
sample_01175.html,0.12248310771712091
sample_03142.html,0.016418273542412223
sample_09019.html,0.033597094386351126
sample_00186.html,0.044286376290931524
sample_06255.html,0.9172647991707186
sample_03574.html,0.09302789174298934
sample_08109.html,0.9617212369032779
sample_09996.html,0.014705817912003658
sample_02572.html,0.10697791771571827
sample_01233.html,0.1795861702941693
sample_02621.html,0.20158786560092362
sample_06692.html,0.07501458062549794
sample_08250.html,0.2646615257011925
sample_01951.html,0.9600243383602957
sample_09202.html,0.982290155072576
sample_04390.html,0.9740952934405857
sample_02531.html,0.019953396832224416
sample_05226.html,0.9727737108483772
sample_08800.html,0.22713823326779797
sample_01804.html,0.0764656454657107
sample_03059.html,0.06778384308854916
sample_04624.html,0.02818979665562221
sample_07783.html,0.8981555792564029
sample_03628.html,0.27118189392376435
sample_03187.html,0.12352440687310105
sample_06798.html,0.029240765400806883
sample_08888.html,0.6411263772301782
sample_04368.html,0.9694886989355683
sample_07421.html,0.39235762469441315
sample_04586.html,0.9453797379163357
sample_01460.html,0.07635579057312789
sample_05470.html,0.9615462437306044
sample_01352.html,0.980501053126487
sample_03701.html,0.845382416941504
sample_00163.html,0.22023911453196438
sample_00479.html,0.062159202345629216
sample_01970.html,0.12361050446595356
sample_06680.html,0.01801649874061038
sample_01818.html,0.9756864530834275
sample_00070.html,0.4923371805032488
sample_06092.html,0.9806264475418569
sample_09700.html,0.19239771736293418
sample_07645.html,0.05893690495269703
sample_03166.html,0.39235762469441315
sample_09285.html,0.9779662644222119
sample_04709.html,0.4665853998239452
sample_04646.html,0.9641024473565002
sample_09820.html,0.057586350822493686
sample_01226.html,0.059461194979889706
sample_01926.html,0.9650436916609908
sample_00252.html,0.018143726718009005
sample_03115.html,0.9219333579432764
sample_09627.html,0.9555657030224017
sample_00980.html,0.11541098449854002
sample_09406.html,0.23627330843196093
sample_08571.html,0.9223321788716091
sample_02062.html,0.6854762166153814
sample_04730.html,0.9605809732134236
sample_04107.html,0.7641048300730302
sample_05497.html,0.07635043855955988
sample_07122.html,0.8087916689496234
sample_01472.html,0.7905787111872701
sample_09934.html,0.9563413267540892
sample_06127.html,0.7150801670020044
sample_06896.html,0.9087560631647167
sample_08589.html,0.3440103432177895
sample_09006.html,0.06781379222403619
sample_04852.html,0.7222174425296737
sample_01950.html,0.9577474273109582
sample_02200.html,0.4760552511567536
sample_03098.html,0.9793208772451474
sample_08588.html,0.46452758746000833
sample_01741.html,0.7460244952440017
sample_07196.html,0.6021136127006934
sample_01786.html,0.878298194669373
sample_06926.html,0.8086922390591674
sample_07048.html,0.03131103271862259
sample_00279.html,0.8357720710482848
sample_05159.html,0.023044399706526667
sample_08312.html,0.07952117119472717
sample_03926.html,0.9869655840786847
sample_08557.html,0.8363175176956794
sample_01086.html,0.1431098628928963
sample_06014.html,0.04557493331982647
sample_05756.html,0.04920055665431579
sample_04774.html,0.035307194190154746
sample_03230.html,0.7878656669473862
sample_04880.html,0.044986721643563383
sample_04724.html,0.03442584628884711
sample_09733.html,0.31756086234585856
sample_04032.html,0.9572045117676095
sample_08695.html,0.9519288415954584
sample_03235.html,0.022721460753086373
sample_01029.html,0.06435395071780343
sample_08746.html,0.7403998971961915
sample_04791.html,0.42278242984777414
sample_04097.html,0.9242372837286623
sample_02470.html,0.04203078881001064
sample_08878.html,0.8339359439531628
sample_00751.html,0.03543244158074969
sample_05268.html,0.05201224892555074
sample_04188.html,0.27653667381954516
sample_01652.html,0.9827262761945534
sample_04202.html,0.4716565718465993
sample_04154.html,0.7261861658706598
sample_09703.html,0.015239012815128747
sample_04142.html,0.4565098558783716
sample_05967.html,0.8089035063216182
sample_06278.html,0.7098485240290761
sample_08389.html,0.1787381409583495
sample_05323.html,0.9869655840786847
sample_09526.html,0.018907019155358244
sample_02448.html,0.0862488180500388
sample_01942.html,0.05552236689873856
sample_04793.html,0.8318595959498656
sample_05400.html,0.9048434700548043
sample_01925.html,0.9736076827024293
sample_03611.html,0.9665085307309528
sample_02170.html,0.3435633702866527
sample_03169.html,0.9893836849667789
sample_04546.html,0.06002441393284949
sample_02349.html,0.982290155072576
sample_08242.html,0.03162191506341777
sample_05239.html,0.5395875071077246
sample_05519.html,0.08427829196688469
sample_02580.html,0.3109032635769051
sample_07740.html,0.018832366638408187
sample_01392.html,0.1117198172166274
sample_00745.html,0.08753617676964659
sample_07252.html,0.9869655840786847
sample_07250.html,0.9542214519293485
sample_04238.html,0.05704548728642994
sample_09210.html,0.9657737846372463
sample_05614.html,0.21192106456649273
sample_07985.html,0.4706479556969601
sample_05261.html,0.8836388397024741
sample_02977.html,0.9250785725802515
sample_03459.html,0.05857544144004351
sample_09947.html,0.4799904654390799
sample_01907.html,0.06141678177561363
sample_08417.html,0.9869655840786847
sample_08325.html,0.016819468744578233
sample_01437.html,0.9672240697579764
sample_05841.html,0.013950836620073464
sample_04881.html,0.9250785725802515
sample_06860.html,0.2633741585470164
sample_07282.html,0.4640921432250801
sample_00617.html,0.9692814732603824
sample_08337.html,0.8459189056992368
sample_02571.html,0.4575183661673519
sample_06940.html,0.016723624767262642
sample_02992.html,0.06807708111049879
sample_03950.html,0.0702610691385246
sample_04205.html,0.9296271398331117
sample_03797.html,0.9868593283998034
sample_02669.html,0.09107085856489729
sample_01565.html,0.9016550222674404
sample_09523.html,0.4780162031356313
sample_04489.html,0.9843253392339684
sample_02777.html,0.4648627327765003
sample_05539.html,0.1617359799057379
sample_03840.html,0.6675062926752066
sample_09652.html,0.9601268249019556
sample_02543.html,0.020737127097974303
sample_02273.html,0.9278892344221972
sample_02847.html,0.8192243370569775
sample_04615.html,0.1501512806473955
sample_09619.html,0.7214600938735807
sample_04592.html,0.7648703936365987
sample_05023.html,0.9642290303472005
sample_07224.html,0.4952522070210213
sample_02350.html,0.15115852409766375
sample_01438.html,0.7725616116782296
sample_05393.html,0.0515351488192785
sample_09802.html,0.9802650239344926
sample_05139.html,0.97565640898276
sample_03649.html,0.5701079134937731
sample_00205.html,0.055645456039099886
sample_07405.html,0.42568069890170585
sample_08936.html,0.9582798218395383
sample_02327.html,0.03491325228830918
sample_06337.html,0.7165249670440759
sample_08135.html,0.2096570029982504
sample_08948.html,0.846320050222389
sample_00476.html,0.019327778195338274
sample_06202.html,0.04958065278568641
sample_04635.html,0.8980068059047949
sample_04890.html,0.06586522065215322
sample_08603.html,0.6113717291861203
sample_04078.html,0.5614213148975054
sample_03492.html,0.02571276830335746
sample_01895.html,0.05696389369043078
sample_05714.html,0.040540524900664086
sample_06114.html,0.9869655840786847
sample_04436.html,0.6493716020243013
sample_09982.html,0.9868593283998034
sample_06653.html,0.6737671339882031
sample_09365.html,0.49828057316106716
sample_02464.html,0.6534346416684121
sample_04222.html,0.0589129774825174
sample_00985.html,0.026621549739065487
sample_01478.html,0.7153904297847158
sample_07930.html,0.12517043973837255
sample_06211.html,0.8792308721251724
sample_08591.html,0.9374108711562582
sample_03253.html,0.29639430651134596
sample_05777.html,0.09515197335042913
sample_01887.html,0.7222364534492998
sample_06495.html,0.2129447592075633
sample_09168.html,0.3981767269941759
sample_05570.html,0.034669496869230675
sample_01670.html,0.9694210824003191
sample_04269.html,0.962705753758242
sample_01115.html,0.0479842180712723
sample_04592.html,0.3006472460540493
sample_06149.html,0.958334823820019
sample_01139.html,0.036605945731202634
sample_06174.html,0.9219454726869001
sample_08999.html,0.046038771912314536
sample_09041.html,0.025598959080535177
sample_09174.html,0.10805051018397281
sample_03770.html,0.9806264475418569
sample_07450.html,0.24525420907880696
sample_03626.html,0.5499455209361769
sample_02648.html,0.04027591961200836
sample_07006.html,0.8548822083658976
sample_01436.html,0.9528925592833999
sample_04508.html,0.6601002834341073
sample_09471.html,0.07354857482533819
sample_07140.html,0.9359767910306729
sample_04401.html,0.9836261057268674
sample_09605.html,0.9810077073402252
sample_09531.html,0.03916109718016842
sample_09414.html,0.056442552110638276
sample_03894.html,0.10090933905214375
sample_05713.html,0.119571431411914
sample_05915.html,0.0813495330786847
sample_04495.html,0.5774465317178764
sample_06356.html,0.3507819709011447
sample_02936.html,0.8370852028362378
sample_01867.html,0.9868593283998034
sample_07849.html,0.9532959458220798
sample_09771.html,0.5044142948914776
sample_05412.html,0.9196128915117064
sample_01279.html,0.9868593283998034
sample_09522.html,0.2750315180904574
sample_08690.html,0.7915815533368877
sample_00014.html,0.08296650590294302
sample_06633.html,0.12551775405788373
sample_07979.html,0.949688633002848
sample_07355.html,0.016494537437117998
sample_04803.html,0.32838886444946813
sample_06670.html,0.5510449755727725
sample_07172.html,0.30605146222130397
sample_01774.html,0.01941766113774953
sample_00364.html,0.9815880582221648
sample_04633.html,0.028596470146377288
sample_09573.html,0.8738498959722538
sample_01751.html,0.038444814285207386
sample_06862.html,0.03540449392800567
sample_03011.html,0.18559491330061373
sample_05005.html,0.9740952934405857
sample_04170.html,0.7107612365903133
sample_01157.html,0.03842499048026986
sample_08375.html,0.9108385832890992
sample_03256.html,0.8738498959722538
sample_08582.html,0.03858921460433945
sample_01453.html,0.9756864530834275
sample_08971.html,0.08879539351530309
sample_05185.html,0.032984885296903924
sample_07369.html,0.990535635210493
sample_01208.html,0.35206931014748466
sample_05257.html,0.9810077073402252
sample_02015.html,0.8751611181618036
sample_03457.html,0.09713859214165715
sample_08066.html,0.21512625367652927
sample_07118.html,0.9756864530834275
sample_07843.html,0.6840371917866807
sample_09712.html,0.9570787256040874
sample_04934.html,0.8836388397024741
sample_08394.html,0.32619400291332024
sample_01708.html,0.5548225849487322
sample_07268.html,0.06896179690302762
sample_05930.html,0.9720142171774911
sample_06144.html,0.955498198916883
sample_09661.html,0.08399664351779251
sample_02822.html,0.7766500895987848
sample_07344.html,0.045876164018853
sample_08918.html,0.24955832490724855
sample_08939.html,0.6177969560876649
sample_07735.html,0.05466026059483745
sample_04764.html,0.2741221905223274
sample_03707.html,0.9903434683498114
sample_00574.html,0.355142446427686
sample_04781.html,0.9893836849667789
sample_02684.html,0.9176661294903556
sample_02064.html,0.040181868149459524
sample_05316.html,0.4580998241714165
sample_07823.html,0.8478251688654386
sample_07268.html,0.8542994795944222
sample_04894.html,0.799099392276745
sample_08049.html,0.05929780277487388
sample_00453.html,0.4265568460721721
sample_07392.html,0.08213345937209753
sample_00258.html,0.2639069796752469
sample_05595.html,0.9694886989355683
sample_02557.html,0.878298194669373
sample_01570.html,0.08130437104691468
sample_00718.html,0.1982081717107167
sample_06622.html,0.9401999184797932
sample_04944.html,0.8524840315451718
sample_06889.html,0.9810994886478284
sample_00605.html,0.13917314964011268
sample_05242.html,0.97830900595342
sample_05545.html,0.8391331221903452
sample_06565.html,0.9543828193744933
sample_09362.html,0.6564472881783529
sample_03137.html,0.7464628331227469
sample_01192.html,0.07738579256897833
sample_04759.html,0.9833022646422086
sample_04539.html,0.8191064565026306
sample_08856.html,0.04007559624216573
sample_01103.html,0.05385897607165724
sample_02916.html,0.9345144329451216
sample_02988.html,0.7249595819892505
sample_03890.html,0.045435465133772904
sample_01553.html,0.7822447725719168
sample_09824.html,0.37470546639496133
sample_01406.html,0.12288663497729646
sample_09388.html,0.9810077073402252
sample_09807.html,0.03534308925350858
sample_07149.html,0.7590175072049142
sample_08227.html,0.9838591673253473
sample_09818.html,0.18393848868671323
sample_04897.html,0.019277373929177236
sample_07548.html,0.9782959614331922
sample_00244.html,0.3099744025416931
sample_00192.html,0.8868248217777146
sample_08342.html,0.01890059042412703
sample_07840.html,0.3138391872194527
sample_05591.html,0.990535635210493
sample_08334.html,0.024157782866196555
sample_09086.html,0.0448123385564654
sample_01441.html,0.825192929283199
sample_04244.html,0.05270857458051322
sample_08630.html,0.9826882170831314
sample_08308.html,0.27440981617567317
sample_07303.html,0.9532424294649569
sample_02169.html,0.8309567563895268
sample_08400.html,0.06130073284777931
sample_00538.html,0.6572793736293225
sample_07033.html,0.3347098192350781
sample_07657.html,0.9798677955703391
sample_01514.html,0.905757921968697
sample_00613.html,0.23497047290907105
sample_02174.html,0.9317096311427611
sample_08481.html,0.9641024473565002
sample_00271.html,0.9276191360486213
sample_09570.html,0.9632893622085178
sample_01413.html,0.9617212369032779
sample_05431.html,0.9027831234159258
sample_07560.html,0.17252107775524103
sample_05996.html,0.9077396532792903
sample_03758.html,0.9869655840786847
sample_07243.html,0.4472309040224806
sample_09500.html,0.09907502875505203
sample_01991.html,0.9779662644222119
sample_08042.html,0.8980068059047949
sample_09936.html,0.029737986619945478
sample_06965.html,0.581527152265735
sample_06436.html,0.027652798320751508
sample_08013.html,0.4917109277033971
sample_07516.html,0.9487293786558969
sample_09116.html,0.5390939646113111
sample_07981.html,0.09900062977838807
sample_03931.html,0.02244222215783331
sample_09277.html,0.03334459455670977
sample_05916.html,0.031131450210082463
sample_03844.html,0.27850834676857394
sample_07265.html,0.08578602424725024
sample_04376.html,0.04141326242520603
sample_02942.html,0.22516287217259076
sample_01131.html,0.023978834314325966
sample_09123.html,0.9804109074196063
sample_08756.html,0.2935158283727598
sample_01475.html,0.022071661494747923
sample_03239.html,0.03737121994844827
sample_00171.html,0.07638759947434705
sample_08735.html,0.27732822554961906
sample_05537.html,0.49977431040756387
sample_09160.html,0.03879901693521393
sample_04394.html,0.19750486162692246
sample_08089.html,0.028221955033111285
sample_05646.html,0.04817814792489936
sample_02090.html,0.9844712749483112
sample_01481.html,0.06980628056126943
sample_08847.html,0.07608020836292
sample_04006.html,0.07240940540195771
sample_08490.html,0.9983341605648108
sample_07113.html,0.9694886989355683
sample_07565.html,0.03536262167349584
sample_09872.html,0.8141392971953626
sample_03184.html,0.9815880582221648
sample_01124.html,0.06778384308854916
sample_07810.html,0.3721328496093937
sample_09905.html,0.9522597070631239
sample_02233.html,0.21148976895108504
sample_01833.html,0.6895793243349108
sample_06874.html,0.5999250570759886
sample_07093.html,0.583161496307893
sample_09689.html,0.0576345072103172
sample_09678.html,0.9351466957959409
sample_05149.html,0.06769764645501253
sample_03903.html,0.01989924511526915
sample_09907.html,0.960438342436503
sample_04675.html,0.9689691332706232
sample_07236.html,0.9532959458220798
sample_04350.html,0.7600870147348152
sample_05361.html,0.02693159169665467
sample_04967.html,0.9831797215402118
sample_05156.html,0.7201883048767095
sample_07976.html,0.17400228365433765
sample_09837.html,0.12496430598676193
sample_02392.html,0.9846345121085107
sample_09661.html,0.8391331221903452
sample_01140.html,0.9554286320655814
sample_05806.html,0.8718287139282669
sample_01597.html,0.11030683068246058
sample_05526.html,0.15507082139101805
sample_03369.html,0.37140638282013233
sample_09253.html,0.9810077073402252
sample_05425.html,0.494116643488095
sample_04784.html,0.0847362481185619
sample_07789.html,0.42186395727219983
sample_04304.html,0.02511115239772398
sample_07564.html,0.038296126615964564
sample_03626.html,0.9502274604969804
sample_00610.html,0.06367650683976282
sample_01337.html,0.06778384308854916
sample_01207.html,0.9261756182055795
sample_01933.html,0.9631078105198615
sample_00937.html,0.5939231464589988
sample_04129.html,0.5144064485001184
sample_04292.html,0.9868593283998034
sample_02409.html,0.036659232354180026
sample_06720.html,0.946826875460014
sample_03195.html,0.8755606690572989
sample_06458.html,0.08753645870574514
sample_06504.html,0.1498573823533957
sample_08605.html,0.9833022646422086
sample_09491.html,0.02108979676774822
sample_09788.html,0.9868593283998034
sample_05638.html,0.2587195637626403
sample_03793.html,0.18056908421890588
sample_00983.html,0.34309333693141325
sample_04065.html,0.17366140588037415
sample_00360.html,0.9740746826681999
sample_03347.html,0.11419224787489285
sample_04348.html,0.023124158561627608
sample_01556.html,0.035025588758439724
sample_05029.html,0.48010439210504735
sample_07541.html,0.4607950091697331
sample_08707.html,0.9802650239344926
sample_06565.html,0.06676066904766026
sample_04650.html,0.36456661972422605
sample_02017.html,0.43826249101048964
sample_01784.html,0.9250785725802515
sample_09546.html,0.39317299508537057
sample_01262.html,0.9755248864137398
sample_04000.html,0.9573379439476966
sample_06608.html,0.2620123524025201
sample_04517.html,0.9869655840786847
sample_05143.html,0.22588947072881216
sample_05545.html,0.452748700209023
sample_04731.html,0.7815606609241474
sample_01570.html,0.9250785725802515
sample_04578.html,0.11468998547302334
sample_08738.html,0.600491459834972
sample_07997.html,0.8771137252680622
sample_07405.html,0.4137300269071033
sample_02663.html,0.9502274604969804
sample_01280.html,0.9870523362971486
sample_07538.html,0.9157814653370684
sample_08809.html,0.962705753758242
sample_00031.html,0.03318472149387141
sample_09432.html,0.9603660973071699
sample_00072.html,0.9250785725802515
sample_08638.html,0.38747399892193213
sample_05141.html,0.8999986456086716
sample_02175.html,0.9387918213052234
sample_05559.html,0.03331100425050069
sample_09690.html,0.03737121994844827
sample_04661.html,0.020450181792288125
sample_04491.html,0.9869655840786847
sample_05842.html,0.8318595959498656
sample_01373.html,0.7691347077288153
sample_03894.html,0.9661365128053819
sample_04257.html,0.693264061954756
sample_02322.html,0.9846345121085107
sample_00091.html,0.7741553221938117
sample_00457.html,0.08181746553904203
sample_07949.html,0.03737121994844827
sample_06423.html,0.027465305591360904
sample_03233.html,0.03737121994844827
sample_05155.html,0.04124033841441657
sample_01346.html,0.9356521509525354
sample_01129.html,0.03736263479249653
sample_03135.html,0.03170965252587873
sample_00812.html,0.024061908160986703
sample_05142.html,0.9223321788716091
sample_05501.html,0.8261409119356763
sample_09056.html,0.05271166109612144
sample_06632.html,0.33286347044482106
sample_04083.html,0.06645634036438973
sample_09061.html,0.9324378025046197
sample_09699.html,0.8461229534071057
sample_01849.html,0.9811278635490828
sample_03341.html,0.18562436808660168
sample_04854.html,0.03233410175601378
sample_09135.html,0.9575656206263684
sample_09822.html,0.9246592384517078
sample_03167.html,0.13812468825776222
sample_01291.html,0.2942650740646492
sample_09934.html,0.03691975149136996
sample_05150.html,0.9720142171774911
sample_05008.html,0.9288958053401454
sample_07769.html,0.042986180010885486
sample_07126.html,0.027253232077451492
sample_09489.html,0.03751001392937202
sample_08034.html,0.966143407200353
sample_03957.html,0.32732811661504463
sample_04906.html,0.7366836867832901
sample_00536.html,0.9672848616826523
sample_05999.html,0.9845726442028787
sample_04395.html,0.04393702463807537
sample_06634.html,0.0304923761079011
sample_09876.html,0.8267484063706838
sample_00133.html,0.06115896147289658
sample_08990.html,0.38171463678612266
sample_07839.html,0.046294227169549555
sample_04487.html,0.674388770768712
sample_05958.html,0.07214499042886602
sample_07384.html,0.8631851379979247
sample_01742.html,0.35674323622794046
sample_02493.html,0.0711294845314507
sample_08772.html,0.027644503937319497
sample_02465.html,0.24130190815866945
sample_09214.html,0.028192029082192326
sample_05583.html,0.9694210824003191
sample_08078.html,0.33649342171673724
sample_01224.html,0.7396368286729081
sample_06312.html,0.06961240117598676
sample_07708.html,0.9868593283998034
sample_09789.html,0.41731996693447754
sample_07948.html,0.36058281652567115
sample_07463.html,0.06778384308854916
sample_03351.html,0.8165713802468513
sample_07502.html,0.8381240227893195
sample_04972.html,0.8430007126871957
sample_02066.html,0.04872757813507527
sample_06458.html,0.9475118244864227
sample_06568.html,0.04479738891727972
sample_01929.html,0.8036928193500747
sample_09770.html,0.03428735839926564
sample_01714.html,0.09299316465790017
sample_06539.html,0.9682109285884047
sample_04955.html,0.9223321788716091
sample_09444.html,0.8659471020805857
sample_09804.html,0.7696452628211763
sample_08900.html,0.07896516982604641
sample_09911.html,0.8414221601706914
sample_02734.html,0.9810077073402252
sample_02154.html,0.9178003344079353
sample_03873.html,0.0666950922844807
sample_07651.html,0.4312640105054214
sample_09923.html,0.5401217382157761
sample_02524.html,0.04609335601528392
sample_02399.html,0.06605424832909093
sample_01170.html,0.0670839685099257
sample_07615.html,0.03820805911978233
sample_08780.html,0.8903848207063089
sample_00177.html,0.12883703900834026
sample_00489.html,0.5594969962429656
sample_00528.html,0.9692477350801465
sample_00824.html,0.16041580447202153
sample_08940.html,0.021105056443218088
sample_03657.html,0.13046420646228282
sample_09870.html,0.04703119690310767
sample_06533.html,0.2804598500904862
sample_00955.html,0.7637540703998013
sample_02313.html,0.024482855784693287
sample_01465.html,0.03296902052122844
sample_09630.html,0.05672602228088212
sample_04528.html,0.04141149644229761
sample_05972.html,0.9838591673253473
sample_01218.html,0.7043367787689545
sample_01658.html,0.7818962228660552
sample_03162.html,0.7923914598314596
sample_07191.html,0.4878065277720233
sample_09740.html,0.8337091920259873
sample_02117.html,0.3400346365013808
sample_03581.html,0.037096307097242265
sample_00860.html,0.9694886989355683
sample_02824.html,0.7275345601566411
sample_05358.html,0.0848044068151354
sample_00940.html,0.6964766503446204
sample_01446.html,0.823148426193978
sample_07408.html,0.9893836849667789
sample_04179.html,0.22874834592426546
sample_07410.html,0.9453797379163357
sample_01029.html,0.9673150399192412
sample_07105.html,0.030533283251458668
sample_00607.html,0.19602321526769573
sample_06106.html,0.07711624370457369
sample_03065.html,0.25889829062251163
sample_04540.html,0.1631476452932194
sample_00457.html,0.038146668935465644
sample_01176.html,0.03310617538487437
sample_06478.html,0.9463630945482319
sample_02299.html,0.03318353856553889
sample_04830.html,0.9210361866534608
sample_06822.html,0.6601002834341073
sample_02629.html,0.07147518687723702
sample_02213.html,0.9842614904094915
sample_00084.html,0.14751072302883766
sample_02229.html,0.1366001830010467
sample_08932.html,0.9106424051075983
sample_00902.html,0.14152794996303042
sample_09342.html,0.8080537456941119
sample_04832.html,0.8478251688654386
sample_01904.html,0.5060653321180788
sample_08366.html,0.03492990772392491
sample_01451.html,0.29838351439798244
sample_09127.html,0.05297839029789273
sample_09066.html,0.9401999184797932
sample_02623.html,0.792560630795094
sample_09501.html,0.6933562951386503
sample_04330.html,0.9708804544781108
sample_09149.html,0.04569091409436269
sample_02715.html,0.7473080518517334
sample_01906.html,0.9756864530834275
sample_04878.html,0.9869655840786847
sample_08343.html,0.059205089372205845
sample_02482.html,0.044335922640399844
sample_07893.html,0.04986560251000999
sample_03712.html,0.4619883000662179
sample_07461.html,0.05854251222970684
sample_05493.html,0.49995739360895886
sample_01996.html,0.13496535516634284
sample_02175.html,0.055645456039099886
sample_03714.html,0.5789103589441666
sample_09204.html,0.9732573883522967
sample_04486.html,0.9694886989355683
sample_05148.html,0.9178003344079353
sample_05401.html,0.5374557307927181
sample_01979.html,0.9522597070631239
sample_04687.html,0.13221305209172166
sample_08675.html,0.02876007536747584
sample_05729.html,0.8086100727114027
sample_04824.html,0.9196897594216497
sample_07297.html,0.9751086843235683
sample_03676.html,0.8662863854342429
sample_02043.html,0.03899488578462631
sample_07399.html,0.9553287384362865
sample_03085.html,0.09399271273251203
sample_04797.html,0.03367204355946591
sample_09669.html,0.990535635210493
sample_06672.html,0.7647079003844675
sample_06498.html,0.9649319708735673
sample_05170.html,0.5723631615064789
sample_03241.html,0.02353553794225301
sample_07366.html,0.9755873533593817
sample_03319.html,0.10090155113326946
sample_08105.html,0.958334823820019
sample_00916.html,0.0645706276696616
sample_05214.html,0.2337914681108619
sample_07601.html,0.018563137261493824
sample_05024.html,0.8010369890455349
sample_01638.html,0.22956969896792026
sample_06076.html,0.6634594904919023
sample_03307.html,0.24497204048183852
sample_00003.html,0.9273217317665324
sample_08382.html,0.0832731165131285
sample_03168.html,0.0350319579900163
sample_03757.html,0.9868593283998034
sample_01541.html,0.9284419134606189
sample_00720.html,0.9800049233938897
sample_08138.html,0.17521093421547163
sample_04825.html,0.882479419412619
sample_06295.html,0.7786660504166579
sample_06441.html,0.5401808445180772
sample_07622.html,0.9420928181767594
sample_06750.html,0.0580269193987321
sample_06332.html,0.2179738155693923
sample_06416.html,0.027568717803437573
sample_00904.html,0.9475118244864227
sample_03635.html,0.03540877660090938
sample_01432.html,0.08074223799657694
sample_05504.html,0.03106429073071073
sample_01909.html,0.9601709594564395
sample_09344.html,0.03029408961716007
sample_03920.html,0.7822447725719168
sample_04060.html,0.9001082129690906
sample_05560.html,0.1099292525385938
sample_05708.html,0.9659748985173421
sample_07506.html,0.025332284409702387
sample_02536.html,0.033283724173779825
sample_04580.html,0.1737588138106215
sample_06577.html,0.1088458722921721
sample_07019.html,0.7516008273578291
sample_09720.html,0.6044250567481437
sample_07383.html,0.07586087818908364
sample_01655.html,0.0366163530658641
sample_00921.html,0.9572045117676095
sample_05468.html,0.9893836849667789
sample_08425.html,0.9306619347133602
sample_03911.html,0.9542214519293485
sample_02581.html,0.06754752303874874
sample_04160.html,0.030447035521741116
sample_01505.html,0.015399496132653361
sample_06246.html,0.04769500628397461
sample_06677.html,0.0767771108985985
sample_08826.html,0.9107983214403843
sample_01232.html,0.21562064047839602
sample_09437.html,0.6788436643401261
sample_03177.html,0.7366465145038632
sample_00413.html,0.15036843774516756
sample_02189.html,0.6586362913638358
sample_04677.html,0.04596486123601568
sample_04931.html,0.8664945626274712
sample_00987.html,0.959515692830477
sample_07398.html,0.43576566700755764
sample_03705.html,0.7765090430723521
sample_09166.html,0.2899683759271789
sample_07850.html,0.9810994886478284
sample_04795.html,0.9659879688075379
sample_07517.html,0.932665250607097
sample_00067.html,0.14492948434418543
sample_03648.html,0.028825271467783485
sample_09243.html,0.8850662138161772
sample_04879.html,0.9125479161835875
sample_06371.html,0.04055864045025151
sample_04069.html,0.11671246085113826
sample_03937.html,0.8640963265450811
sample_07324.html,0.11559942462235571
sample_03967.html,0.042534167714773856
sample_06006.html,0.06006021421478502
sample_00436.html,0.1051975390942311
sample_09779.html,0.7553684103124636
sample_04872.html,0.6411263772301782
sample_06837.html,0.20853879700541347
sample_03730.html,0.4316628008990396
sample_05439.html,0.932665250607097
sample_06548.html,0.096076007167324
sample_03039.html,0.03337055483511977
sample_08549.html,0.5244605200624141
sample_06071.html,0.12365997485640427
sample_02702.html,0.9124820478439056
sample_06714.html,0.2928762381151996
sample_04349.html,0.018802710486895916
sample_04992.html,0.17251992588452136
sample_06709.html,0.9725386142524477
sample_00689.html,0.03610029738865008
sample_06404.html,0.07722156099127907
sample_02231.html,0.026682289522786114
sample_01486.html,0.2986391423079416
sample_05027.html,0.05536037700069411
sample_05602.html,0.02612422066619084
sample_07793.html,0.9815880582221648
sample_06239.html,0.47572224658905876
sample_04316.html,0.054544205841138345
sample_07382.html,0.05092266480839134
sample_00449.html,0.07137575460635999
sample_01940.html,0.5746806809974226
sample_09668.html,0.020219989785512354
sample_08644.html,0.9770786650949327
sample_03383.html,0.02453827430543866
sample_08629.html,0.49463347395419144
sample_06987.html,0.9807562038098877
sample_00036.html,0.17518220500718604
sample_01238.html,0.03674615989940467
sample_00552.html,0.055645456039099886
sample_09110.html,0.962705753758242
sample_03021.html,0.2922640790241232
sample_09499.html,0.9261198756799541
sample_08832.html,0.9810077073402252
sample_00434.html,0.018940264852572716
sample_06182.html,0.6272736106899168
sample_03012.html,0.07245029618387835
sample_06428.html,0.9250785725802515
sample_07558.html,0.03501341723853039
sample_02326.html,0.9740952934405857
sample_09272.html,0.017964407176499143
sample_06130.html,0.9838591673253473
sample_06463.html,0.9401999184797932
sample_07194.html,0.9869655840786847
sample_06214.html,0.0842144335768632
sample_02755.html,0.04794502492711689
sample_03460.html,0.960085296322903
sample_07066.html,0.03667915125795627
sample_07194.html,0.0457334990616497
sample_08293.html,0.9210361866534608
sample_02772.html,0.2980350970223314
sample_00263.html,0.9860467714331941
sample_02865.html,0.3921020280975784
sample_00037.html,0.02790051563079221
sample_06655.html,0.018679069670527546
sample_04036.html,0.9438064503225325
sample_09950.html,0.9250785725802515
sample_06556.html,0.4576987178651037
sample_05637.html,0.9679451339440512
sample_00200.html,0.06381126629281705
sample_01339.html,0.6106019141995401
sample_02109.html,0.9573379439476966
sample_04288.html,0.7042747173193433
sample_03589.html,0.03964530760396589
sample_01629.html,0.9573379439476966
sample_08564.html,0.5430336168473526
sample_01955.html,0.5343055583239226
sample_04956.html,0.024322528378999033
sample_04322.html,0.11017208362726215
sample_02965.html,0.5953445244355674
sample_04666.html,0.9733382451166731
sample_03053.html,0.7333413151182917
sample_08609.html,0.9444553679391477
sample_03602.html,0.960085296322903
sample_00787.html,0.878298194669373
sample_05467.html,0.061222714318022765
sample_08229.html,0.9223321788716091
sample_07330.html,0.9573379439476966
sample_08641.html,0.04524448985327035
sample_07000.html,0.35403665699151826
sample_07097.html,0.9712744908475505
sample_03813.html,0.9867040690830529
sample_01549.html,0.3276020880566807
sample_04727.html,0.9173599557701808
sample_09002.html,0.38846196712888886
sample_06586.html,0.10440349492447613
sample_01603.html,0.04399960683003153
sample_03357.html,0.027507393777635485
sample_02241.html,0.8664945626274712
sample_08137.html,0.03704586261601656
sample_06227.html,0.0727071883719921
sample_07865.html,0.04659963061821879
sample_09853.html,0.9844712749483112
sample_01400.html,0.24025264434987306
sample_00209.html,0.9868593283998034
sample_06341.html,0.9475118244864227
sample_05107.html,0.04879813007289678
sample_09159.html,0.03727081031389619
sample_01948.html,0.97830900595342
sample_02126.html,0.7841512297282853
sample_01360.html,0.9507907720751084
sample_05836.html,0.4151131381634802
sample_01323.html,0.7792787017240603
sample_09868.html,0.9868593283998034
sample_09459.html,0.05420002619435844
sample_06365.html,0.035704874256626544
sample_02285.html,0.2189258737291028
sample_05188.html,0.9833022646422086
sample_08958.html,0.9694886989355683
sample_05973.html,0.9677826301076332
sample_05534.html,0.039068847255748614
sample_02328.html,0.9983341605648108
sample_09245.html,0.2336750595897981
sample_04335.html,0.06429652103042362
sample_06289.html,0.07607410472739734
sample_04117.html,0.017484310618001965
sample_02807.html,0.9368784214694913
sample_08297.html,0.8836388397024741
sample_05716.html,0.2202966191456661
sample_00380.html,0.5026961002609505
sample_03634.html,0.019529775059553056
sample_00025.html,0.055790806193806476
sample_07789.html,0.8430695896071644
sample_05944.html,0.6211102940315156
sample_07760.html,0.8986900880850318
sample_01817.html,0.8935920997130576
sample_08081.html,0.05475230776030564
sample_08797.html,0.03737121994844827
sample_02690.html,0.035543456151390276
sample_05204.html,0.8532243209121259
sample_03704.html,0.7303887773968325
sample_07738.html,0.12129091136257433
sample_03895.html,0.03737121994844827
sample_00665.html,0.05702704366736078
sample_01731.html,0.19083987754780976
sample_03977.html,0.01484279131184103
sample_01123.html,0.9868593283998034
sample_02824.html,0.3371443586093832
sample_02519.html,0.07744562874120867
sample_01625.html,0.11124365925248715
sample_05823.html,0.06783087761663323
sample_06203.html,0.04954515142909516
sample_06984.html,0.9475118244864227
sample_05731.html,0.28003235283768146
sample_05260.html,0.03737121994844827
sample_09675.html,0.07846043255829759
sample_08526.html,0.9838591673253473
sample_00377.html,0.8314312441595861
sample_03734.html,0.06709665819007851
sample_07505.html,0.0410656742224
sample_08262.html,0.9617212369032779
sample_09357.html,0.9115577291942142
sample_07718.html,0.041880957342504285
sample_01871.html,0.9631748300344014
sample_00090.html,0.5703826229412476
sample_05426.html,0.08948990803509965
sample_01856.html,0.9073238001590018
sample_07836.html,0.4933813348826567
sample_09441.html,0.6587664664209864
sample_00487.html,0.017536804056322176
sample_05443.html,0.9456013614381525
sample_01770.html,0.950035753582631
sample_06242.html,0.02845262779632991
sample_05655.html,0.8318595959498656
sample_06046.html,0.6180000640435913
sample_00478.html,0.7774036055817413
sample_07018.html,0.018193783525880303
sample_09633.html,0.017607847145299352
sample_03523.html,0.21496148438503193
sample_07626.html,0.3400341099874839
sample_08528.html,0.9751086843235683
sample_09630.html,0.5360338962806612
sample_09055.html,0.8185194988025034
sample_09599.html,0.8912235650577266
sample_06572.html,0.16437508294440498
sample_05804.html,0.9802650239344926
sample_04691.html,0.018625301801911846
sample_09476.html,0.06597070088807794
sample_03058.html,0.8751611181618036
sample_08614.html,0.8382374307845507
sample_04255.html,0.9842614904094915
sample_08678.html,0.9252143221534628
sample_07774.html,0.023751245682076132
sample_03084.html,0.9845726442028787
sample_09191.html,0.04341113127986696
sample_04617.html,0.9808593122723562
sample_05947.html,0.02401309665570212
sample_08092.html,0.04159004329969483
sample_06122.html,0.8885144989912169
sample_06078.html,0.9172647991707186
sample_06592.html,0.9664763737372063
sample_02401.html,0.9673530883982141
sample_05359.html,0.4924099114874656
sample_07586.html,0.6217256168156764
sample_06594.html,0.31393372331402153
sample_09886.html,0.3230165956901676
sample_03924.html,0.9810077073402252
sample_04672.html,0.09998825169465861
sample_03776.html,0.9210361866534608
sample_04406.html,0.8664945626274712
sample_06653.html,0.06299472964494866
sample_02907.html,0.32345917000797525
sample_07574.html,0.931590585856561
sample_04504.html,0.9893836849667789
sample_08837.html,0.060474184635214326
sample_06160.html,0.31230398344042265
sample_01122.html,0.9130875908695802
sample_06325.html,0.21247988337818893
sample_07868.html,0.945654329781623
sample_03516.html,0.28010495840940547
sample_05997.html,0.9001415625880526
sample_00970.html,0.9509401142142383
sample_02866.html,0.9039662223862198
sample_08362.html,0.958734143039599
sample_06945.html,0.26751629527214327
sample_04373.html,0.03408480013049857
sample_06980.html,0.7235147620425915
sample_03794.html,0.650000812764873
sample_06140.html,0.0867256530080725
sample_04510.html,0.08149087969162858
sample_05165.html,0.9868593283998034
sample_04385.html,0.8035329304851745
sample_00654.html,0.6067327152818565
sample_08429.html,0.9661365128053819
sample_09527.html,0.046984853246528575
sample_00628.html,0.9503791479124692
sample_04106.html,0.9433340347727515
sample_00401.html,0.8996492033678407
sample_00707.html,0.0688427400591252
sample_08502.html,0.9806264475418569
sample_00303.html,0.07397973965589748
sample_00034.html,0.04348962797597656
sample_08623.html,0.04357734863956183
sample_00547.html,0.9554286320655814
sample_00968.html,0.8273728464148195
sample_09319.html,0.9010736131485612
sample_00071.html,0.8777460163438604
sample_04685.html,0.680771227267537
sample_03405.html,0.9306052651956407
sample_03345.html,0.26279344936616716
sample_04141.html,0.9593518728532812
sample_00387.html,0.9893836849667789
sample_09844.html,0.3537888542774831
sample_08752.html,0.8023969713977815
sample_01149.html,0.030416325186560525
sample_07705.html,0.01938793108792185
sample_08848.html,0.2873973788299843
sample_00837.html,0.10324251955439927
sample_05399.html,0.8391331221903452
sample_05038.html,0.9438844132299817
sample_00798.html,0.0986054835070196
sample_08212.html,0.9636410100727054
sample_07291.html,0.4831952135278374
sample_06580.html,0.7325304354304275
sample_04974.html,0.9369160252808264
sample_06442.html,0.10733430202888002
sample_08688.html,0.9072868547668
sample_04283.html,0.9665996764974673
sample_06244.html,0.6664008385064851
sample_04561.html,0.9631078105198615
sample_05590.html,0.7951798946272878
sample_04774.html,0.868896383372623
sample_03731.html,0.06868782737565832
sample_04445.html,0.3761381764796175
sample_00180.html,0.6977216282226879
sample_06579.html,0.9411067423744439
sample_09309.html,0.9815880582221648
sample_05121.html,0.9868593283998034
sample_05390.html,0.8371210213328394
sample_05227.html,0.0862374610700438
sample_06474.html,0.05829268982805034
sample_08280.html,0.0482077223230038
sample_00549.html,0.055448447232397946
sample_00330.html,0.0715550792134895
sample_00511.html,0.9401999184797932
sample_05446.html,0.9532424294649569
sample_09006.html,0.9868593283998034
sample_05075.html,0.09489246536081768
sample_01099.html,0.9728752693335709
sample_07235.html,0.03714791556042483
sample_01306.html,0.7953307694146405
sample_09091.html,0.9153449837364452
sample_04640.html,0.9296639619184174
sample_00432.html,0.9091241733262851
sample_01106.html,0.2840308447805405
sample_06179.html,0.9693820039150376
sample_02463.html,0.9844712749483112
sample_00388.html,0.6669491038752482
sample_03637.html,0.9760861673317814
sample_01591.html,0.03842163496813908
sample_02786.html,0.9010736131485612
sample_01148.html,0.7366836867832901
sample_06309.html,0.8664945626274712
sample_00306.html,0.3183784072532159
sample_08014.html,0.01759859754878033
sample_09805.html,0.07058636628607452
sample_09930.html,0.050498650777086415
sample_03068.html,0.9534478066557208
sample_08515.html,0.9078043123031732
sample_09929.html,0.14045993685923533
sample_03590.html,0.22546272186623725
sample_02305.html,0.966143407200353
sample_03091.html,0.9178003344079353
sample_06658.html,0.07278350421483742
sample_01215.html,0.040191791759878914
sample_01809.html,0.9868593283998034
sample_00757.html,0.7753788340964407
sample_06274.html,0.9868593283998034
sample_02947.html,0.13180138810166017
sample_00817.html,0.062488927619471335
sample_09875.html,0.32672557515536804
sample_09405.html,0.10821785263843232
sample_01221.html,0.04632784867795151
sample_08319.html,0.9312403255644949
sample_01317.html,0.08555016748932817
sample_05340.html,0.11652693185634787
sample_06189.html,0.16072734840759145
sample_09030.html,0.8459091613644417
sample_02001.html,0.9563413267540892
sample_03136.html,0.8000447554942858
sample_00644.html,0.10995890736851631
sample_02304.html,0.9893836849667789
sample_06128.html,0.9250785725802515
sample_02736.html,0.8939571715980814
sample_06949.html,0.6717384006569589
sample_00885.html,0.3624971768746617
sample_05976.html,0.020317012724465025
sample_09960.html,0.056376732231995005
sample_08198.html,0.9846345121085107
sample_04053.html,0.034642188447727006
sample_03671.html,0.03686484696016807
sample_05895.html,0.9420229067482666
sample_00545.html,0.028671875371075194
sample_01241.html,0.05943324113076628
sample_06644.html,0.7948697417940901
sample_07403.html,0.021906375166918037
sample_02536.html,0.6406596650235323
sample_04886.html,0.06202701972076494
sample_08740.html,0.545253144555837
sample_03603.html,0.10016995591119063
sample_01200.html,0.9846345121085107
sample_06970.html,0.03637056362357991
sample_02095.html,0.043394639120076704
sample_00127.html,0.8718287139282669
sample_06429.html,0.03581670990491147
sample_01237.html,0.06778384308854916
sample_05152.html,0.35815568022435895
sample_01293.html,0.022635866525211695
sample_06405.html,0.679914841681787
sample_04372.html,0.9164603588770194
sample_00464.html,0.20749543646629168
sample_02311.html,0.074926747919714
sample_05900.html,0.4756224233554971
sample_04191.html,0.9640861732043434
sample_06732.html,0.9519549845255365
sample_03062.html,0.6016392064123322
sample_03416.html,0.10924860240311718
sample_09474.html,0.9688708699833132
sample_08457.html,0.8281428121168103
sample_07207.html,0.0335231326760971
sample_04979.html,0.9454406455842232
sample_00087.html,0.10344880316834788
sample_08763.html,0.018303148763898696
sample_00351.html,0.9597600447090019
sample_03854.html,0.6296131672820486
sample_04042.html,0.9543828193744933
sample_03016.html,0.06598106656769719
sample_01041.html,0.07577037015395086
sample_02007.html,0.027354749097976062
sample_01654.html,0.2783641988181715
sample_09648.html,0.9594775322287942
sample_00232.html,0.06852796992111576
sample_05556.html,0.8193915323776355
sample_07418.html,0.4773740474113138
sample_03022.html,0.0698867426639723
sample_08660.html,0.9694886989355683
sample_00017.html,0.015969365675571147
sample_03473.html,0.032559924222492626
sample_07794.html,0.898347046106817
sample_08907.html,0.4923522822305504
sample_09775.html,0.8381240227893195
sample_09245.html,0.7824067967407561
sample_03139.html,0.7521877150053558
sample_07676.html,0.9487815955646062
sample_01693.html,0.03551483562219481
sample_05973.html,0.08140078027124611
sample_03509.html,0.23555045727237195
sample_02668.html,0.9755873533593817
sample_02773.html,0.9802650239344926
sample_00999.html,0.9808593122723562
sample_06489.html,0.9638649129830833
sample_08213.html,0.4933701335214844
sample_01664.html,0.03940007523306223
sample_03531.html,0.02663907117174818
sample_00432.html,0.23856545745787025
sample_04881.html,0.027044724320319513
sample_09957.html,0.3005879835821572
sample_00979.html,0.03737121994844827
sample_06065.html,0.4257891782090001
sample_07805.html,0.04139236098589379
sample_05610.html,0.870622475179815
sample_02361.html,0.990535635210493
sample_05535.html,0.9509996726760694
sample_08016.html,0.5152978873748054
sample_01371.html,0.789353004350932
sample_01803.html,0.24008834448193941
sample_05906.html,0.8613649604643164
sample_09931.html,0.9130195145894276
sample_03453.html,0.8562646968613941
sample_02868.html,0.8351565988786029
sample_04622.html,0.6410228770934858
sample_05980.html,0.17407788205427344
sample_01660.html,0.09861439958418358
sample_01773.html,0.7664875937995284
sample_01506.html,0.3326307102891646
sample_07693.html,0.9158216872756775
sample_00312.html,0.9105321734908565
sample_08228.html,0.04487488544461482
sample_04031.html,0.9609561407178967
sample_06570.html,0.09433688143155843
sample_07557.html,0.05965016177408663
sample_03622.html,0.3125081911439349
sample_00731.html,0.09176270074445933
sample_09483.html,0.7338453033848656
sample_03307.html,0.5246820257006956
sample_03286.html,0.03309040660896183
sample_02891.html,0.050659896653747975
sample_02262.html,0.9693820039150376
sample_02375.html,0.9869655840786847
sample_02338.html,0.04681988946287958
sample_03265.html,0.975325498609429
sample_01771.html,0.022579042384599943
sample_08405.html,0.1398908849604996
sample_03529.html,0.12517043973837255
sample_04602.html,0.7287735279879247
sample_05525.html,0.9153449837364452
sample_08754.html,0.9599231975207023
sample_08630.html,0.03457092570985715
sample_06787.html,0.9020903949248272
sample_06895.html,0.7775903605254928
sample_09353.html,0.054241474094468306
sample_04959.html,0.4234901023146494
sample_04004.html,0.8592450375918963
sample_01034.html,0.02795440705722008
sample_05633.html,0.8790157313146533
sample_01390.html,0.04614986020176202
sample_06673.html,0.2224225171984721
sample_02694.html,0.9806264475418569
sample_02919.html,0.7156837269391534
sample_00325.html,0.7040932671849407
sample_07731.html,0.6486851567614509
sample_08355.html,0.9610452033672952
sample_10000.html,0.9636262568803098
sample_00696.html,0.41267786176087334
sample_08652.html,0.23652031094333167
sample_08354.html,0.03641274608840861
sample_03804.html,0.8919637549409198
sample_08648.html,0.18732687149930421
sample_09567.html,0.9458891614133976
sample_09328.html,0.9846345121085107
sample_03001.html,0.9652463190233328
sample_00827.html,0.1149626866350203
sample_08228.html,0.974650173211711
sample_02084.html,0.05022820862300165
sample_07824.html,0.05828357002825162
sample_00129.html,0.45285695187783553
sample_06779.html,0.4453733147937292
sample_01442.html,0.9778046082816445
sample_08155.html,0.217606388375275
sample_00924.html,0.05304800727625456
sample_07473.html,0.7157785844085851
sample_09194.html,0.1197333011849231
sample_00075.html,0.18265813733732317
sample_09797.html,0.1992256935567947
sample_05312.html,0.44524591087902404
sample_04112.html,0.4237579132285271
sample_07435.html,0.03737121994844827
sample_00842.html,0.369518301999718
sample_09200.html,0.914067424187525
sample_01978.html,0.6424778537726633
sample_00261.html,0.028952372240359032
sample_05739.html,0.45003440372259235
sample_06116.html,0.041256661417960847
sample_07346.html,0.9356374669437811
sample_04875.html,0.9610457500057893
sample_05940.html,0.9844601090253062
sample_02510.html,0.9342301929344429
sample_07315.html,0.7149667040036133
sample_00194.html,0.03744978343951927
sample_01233.html,0.9015265756968299
sample_01671.html,0.7172808705961434
sample_03682.html,0.06277584762357145
sample_03040.html,0.26398752157094685
sample_05946.html,0.1268694558908139
sample_09042.html,0.5960764908146746
sample_01868.html,0.9845726442028787
sample_02871.html,0.4047850926291931
sample_01681.html,0.039790040325115475
sample_00207.html,0.1195502581993565
sample_01088.html,0.8307414463050182
sample_03560.html,0.06130073284777931
sample_02465.html,0.9624682670369659
sample_00668.html,0.7595712381069837
sample_00968.html,0.8181404851734642
sample_09247.html,0.9250785725802515
sample_01627.html,0.13865200854224574
sample_00426.html,0.9673150399192412
sample_05629.html,0.3542912289555325
sample_08241.html,0.032275291548157434
sample_00856.html,0.1184991080147403
sample_04988.html,0.5716053153851367
sample_03299.html,0.945654329781623
sample_03398.html,0.080122873000124
sample_03885.html,0.021475159855912865
sample_08309.html,0.39241365651450905
sample_07589.html,0.9869655840786847
sample_08368.html,0.02656030310508084
sample_08694.html,0.7275345601566411
sample_01084.html,0.9213799118800542
sample_03232.html,0.02906310621139856
sample_06701.html,0.9815880582221648
sample_02602.html,0.06130073284777931
sample_00409.html,0.051205692155451454
sample_00935.html,0.06508650775350118
sample_03449.html,0.03659719522361852
sample_06835.html,0.1583630038697521
sample_04025.html,0.7412374600433226
sample_05949.html,0.7932482200035543
sample_03944.html,0.305315552957173
sample_01549.html,0.969293342991723
sample_07017.html,0.15613912850539435
sample_01220.html,0.646974828300626
sample_08686.html,0.022867817563096603
sample_07075.html,0.20935901947212515
sample_06139.html,0.04477973140571226
sample_05561.html,0.24443321401050275
sample_04346.html,0.1765788021814058
sample_01800.html,0.9893836849667789
sample_00470.html,0.04228523345949672
sample_01757.html,0.826366894958647
sample_05106.html,0.6732980346961115
sample_05094.html,0.8704641071554433
sample_01936.html,0.0780293501031731
sample_05596.html,0.5277174958289742
sample_05410.html,0.9286325415924607
sample_02079.html,0.8722538765937841
sample_00631.html,0.9844712749483112
sample_07128.html,0.07175481784476138
sample_09851.html,0.951963016607652
sample_00952.html,0.29513483232175414
sample_08612.html,0.8179603535448203
sample_04976.html,0.1513576195018124
sample_06899.html,0.4302704968407255
sample_07022.html,0.9868593283998034
sample_03227.html,0.8089035063216182
sample_08999.html,0.05761481963096701
sample_02995.html,0.06471754845199561
sample_08300.html,0.043230844320900616
sample_08460.html,0.7381606239942821
sample_07136.html,0.694605845004603
sample_02443.html,0.6766402456497977
sample_09592.html,0.9903434683498114
sample_08839.html,0.0806828261914727
sample_02935.html,0.01853585227494001
sample_06788.html,0.8664945626274712
sample_09676.html,0.9846345121085107
sample_08099.html,0.04984518365313752
sample_01734.html,0.9869655840786847
sample_05488.html,0.01924050285074195
sample_06146.html,0.025745062116490275
sample_00114.html,0.24694256623251382
sample_03988.html,0.9554286320655814
sample_03375.html,0.9156675649596023
sample_01970.html,0.11136666202232232
sample_09460.html,0.32668126801958774
sample_00509.html,0.05361872433985012
sample_04515.html,0.962914589898145
sample_05580.html,0.41565160728092637
sample_05790.html,0.10185705236371582
sample_00139.html,0.1326390320606389
sample_09766.html,0.6551472152549839
sample_07531.html,0.07276641535167713
sample_03560.html,0.9800049233938897
sample_06117.html,0.43295986825309557
sample_04786.html,0.04124059735519592
sample_00483.html,0.7128509188310499
sample_07851.html,0.29399172381964733
sample_08866.html,0.9657739683272368
sample_05261.html,0.15679532115641973
sample_08509.html,0.022531694950055896
sample_06195.html,0.8299728953351508
sample_00659.html,0.06302078882419178
sample_01435.html,0.01873889960585582
sample_09559.html,0.9553287384362865
sample_09763.html,0.8987722358885183
sample_06484.html,0.9753071396453898
sample_07038.html,0.9378101633906921
sample_02586.html,0.418376121292646
sample_06656.html,0.21681348195955896
sample_08138.html,0.9845726442028787
sample_09392.html,0.03737121994844827
sample_01606.html,0.8438256633750405
sample_04782.html,0.02963735523864433
sample_08419.html,0.9806264475418569
sample_04441.html,0.9491863279872147
sample_04341.html,0.13576630956410307
sample_02540.html,0.6614184481873221
sample_05308.html,0.2992057485043958
sample_07854.html,0.14838979905750926
sample_05216.html,0.12747939818145085
sample_06819.html,0.8513862270017162
sample_05104.html,0.3662950976102586
sample_06386.html,0.2914317017990987
sample_05734.html,0.9650819139768142
sample_09547.html,0.049938671648430626
sample_08436.html,0.05145510038911519
sample_09888.html,0.9869655840786847
sample_00165.html,0.05556882927225366
sample_00936.html,0.9803640741771179
sample_04536.html,0.05351119295081084
sample_06192.html,0.42779979467280793
sample_07778.html,0.5446110142980407
sample_04730.html,0.17220460444007984
sample_01183.html,0.3376653482439678
sample_03192.html,0.040846421536459586
sample_09489.html,0.9868593283998034
sample_00001.html,0.9005225447079872
sample_07376.html,0.974650553132312
sample_05775.html,0.8413016533127141
sample_09012.html,0.8322866907139491
sample_03668.html,0.1166735176723027
sample_05702.html,0.9746029701767356
sample_09855.html,0.1331164204976217
sample_01712.html,0.9536885323256049
sample_06802.html,0.9153449837364452
sample_04933.html,0.041991666364589036
sample_06532.html,0.6292187213271888
sample_02106.html,0.8599503265282726
sample_05877.html,0.3209581238870234
sample_09787.html,0.9342332935240688
sample_09560.html,0.9851511397341945
sample_00090.html,0.030738524090665253
sample_00310.html,0.19742856748821044
sample_08830.html,0.06988535422800647
sample_09141.html,0.11171654864673833
sample_02071.html,0.14262391904142194
sample_09214.html,0.9402547021398072
sample_03077.html,0.8462280386044525
sample_01324.html,0.0570563874461774
sample_03761.html,0.9677826301076332
sample_07489.html,0.8076445095479201
sample_08594.html,0.8738498959722538
sample_00576.html,0.032920415406542475
sample_02591.html,0.05802562503408262
sample_01641.html,0.08349649130951575
sample_08287.html,0.8484381026119691
sample_00044.html,0.9120021736386585
sample_01657.html,0.40442411045095594
sample_02747.html,0.6737045460596821
sample_03947.html,0.6860346933729033
sample_03378.html,0.23652031094333167
sample_03481.html,0.9767811328674848
sample_03880.html,0.20068756437707155
sample_04124.html,0.04677374130244958
sample_01801.html,0.5209415928790279
sample_09418.html,0.5950046866366411
sample_09561.html,0.03586324672468324
sample_08968.html,0.048440466983438846
sample_08773.html,0.0734942018787268
sample_06676.html,0.02169632099252693
sample_04048.html,0.12258055226658629
sample_01650.html,0.038433984996507915
sample_09117.html,0.03874186690381469
sample_01291.html,0.8513862270017162
sample_02468.html,0.8158020674453429
sample_01904.html,0.7410480966956653
sample_08387.html,0.6946794497084743
sample_08883.html,0.9610452033672952
sample_04199.html,0.6216339362024891
sample_01857.html,0.8676334184754033
sample_06304.html,0.12258055226658629
sample_02583.html,0.04257926598888226
sample_02034.html,0.21433796498319244
sample_06652.html,0.9869655840786847
sample_04485.html,0.9670754092564351
sample_01880.html,0.9659748985173421
sample_07577.html,0.23415512155853635
sample_00034.html,0.9345583680726878
sample_03982.html,0.24580052015507461
sample_02757.html,0.25030269336788813
sample_04366.html,0.9346001887435462
sample_00741.html,0.11131161070826581
sample_06791.html,0.05723863597685129
sample_06392.html,0.4707927882961346
sample_04734.html,0.0671161077697929
sample_09453.html,0.9806264475418569
sample_05657.html,0.08735150430676418
sample_00078.html,0.019539484259337773
sample_00938.html,0.5446110142980407
sample_08942.html,0.9868593283998034
sample_05296.html,0.8363175176956794
sample_09715.html,0.2334023079891972
sample_02351.html,0.7960054778873724
sample_09925.html,0.041056346283503284
sample_01410.html,0.34057056148733716
sample_08806.html,0.9287686878629121
sample_02265.html,0.7384422549573808
sample_08550.html,0.36148940506475113
sample_05224.html,0.2026665181593399
sample_09216.html,0.20032769877290818
sample_00177.html,0.9625184829306771
sample_07897.html,0.036672039953703654
sample_07980.html,0.9868593283998034
sample_02221.html,0.32012631860676327
sample_03841.html,0.3422335722118721
sample_04563.html,0.8929972519205959
sample_05405.html,0.7234812290703025
sample_07137.html,0.0650790285785393
sample_03468.html,0.5478252480173182
sample_08487.html,0.04515063380025598
sample_01529.html,0.43724519730950856
sample_00870.html,0.25921996401633624
sample_04323.html,0.8513862270017162
sample_09713.html,0.4863580129281679
sample_00788.html,0.08587001248287468
sample_03322.html,0.10521208949531737
sample_06217.html,0.05611628918871259
sample_05251.html,0.8381240227893195
sample_01696.html,0.4272558010778773
sample_04626.html,0.6731497486654912
sample_01245.html,0.9815880582221648
sample_00516.html,0.9463630945482319
sample_00453.html,0.9893836849667789
sample_07513.html,0.02309646842616222
sample_06424.html,0.7090229523392476
sample_02000.html,0.06175774706980142
sample_02959.html,0.028863133652470133
sample_03052.html,0.9755873533593817
sample_03137.html,0.6643254534542034
sample_08093.html,0.5845250179316183
sample_00482.html,0.2462534875780855
sample_09087.html,0.8425702284598839
sample_09865.html,0.928300950122733
sample_08647.html,0.029127170672570563
sample_01277.html,0.9642403486448313
sample_04439.html,0.9555657030224017
sample_03562.html,0.9843253392339684
sample_09942.html,0.8060647636873989
sample_00356.html,0.4343928137182358
sample_04140.html,0.0186432450478742
sample_02080.html,0.07271111092284036
sample_08524.html,0.636981228254962
sample_09205.html,0.1109207252735344
sample_09990.html,0.10404041022400991
sample_01047.html,0.9223321788716091
sample_05853.html,0.8009143823828228
sample_08561.html,0.03912428422361071
sample_05630.html,0.8029458670687817
sample_07712.html,0.08457728257671794
sample_01611.html,0.9542214519293485
sample_01376.html,0.04597111710901585
sample_07280.html,0.02713526676784649
sample_00028.html,0.29415600621014826
sample_09967.html,0.8251995082326984
sample_00856.html,0.8772049249190523
sample_06482.html,0.7070617229137636
sample_04460.html,0.9846345121085107
sample_00148.html,0.12258055226658629
sample_00808.html,0.5876638350653349
sample_05788.html,0.9756864530834275
sample_07336.html,0.9869655840786847
sample_06027.html,0.9271793436289218
sample_01669.html,0.01960711211725534
sample_01316.html,0.9751917217574697
sample_03276.html,0.4150341460370424
sample_01446.html,0.07728612952266156
sample_02558.html,0.9389918650653543
sample_07327.html,0.05075760863616858
sample_05006.html,0.8660116641115578
sample_02217.html,0.2468982842688816
sample_03663.html,0.26208595245152133
sample_01483.html,0.02043001204705748
sample_01167.html,0.9752159103468777
sample_05284.html,0.065265996817729
sample_00762.html,0.9578509964299073
sample_07634.html,0.9206493085390829
sample_02665.html,0.05821946316495594
sample_02587.html,0.021229799439111154
sample_05875.html,0.12121146979815127
sample_03946.html,0.9278892344221972
sample_01992.html,0.09095880712624432
sample_06929.html,0.02776084728570305
sample_01799.html,0.07483207634200172
sample_00430.html,0.9554286320655814
sample_07925.html,0.5506222422687994
sample_09437.html,0.04297523439283922
sample_03863.html,0.9868593283998034
sample_07680.html,0.5397906185260672
sample_04185.html,0.7682339128083173
sample_04776.html,0.2301986760570496
sample_08568.html,0.12688462170752654
sample_03288.html,0.04277685699585753
sample_04355.html,0.06645044695622405
sample_08692.html,0.9869655840786847
sample_06839.html,0.8738498959722538
sample_03906.html,0.8179668443813484
sample_01425.html,0.07826000537564462
sample_08546.html,0.7971429663831334
sample_07701.html,0.22378606252012778
sample_04232.html,0.05838962098468135
sample_07300.html,0.2935158283727598
sample_09685.html,0.9251499771799384
sample_05582.html,0.02589077886072544
sample_01983.html,0.03514310736932786
sample_02457.html,0.9528925592833999
sample_06148.html,0.6306721584088716
sample_06664.html,0.8522724007670853
sample_02583.html,0.9167485384734275
sample_00330.html,0.8913799939908328
sample_02958.html,0.05019057338444845
sample_04734.html,0.9424948852184374
sample_02489.html,0.044376477037974614
sample_03159.html,0.7175847320636263
sample_03825.html,0.7826094831189047
sample_04063.html,0.29345003959335914
sample_02086.html,0.6601618070995677
sample_02411.html,0.3296249329372837
sample_04283.html,0.1129591493848236
sample_01921.html,0.9382062017161646
sample_00974.html,0.8980068059047949
sample_01366.html,0.30167466424090233
sample_01753.html,0.02935100671103557
sample_01169.html,0.03588478046467779
sample_08439.html,0.8459189056992368
sample_08404.html,0.06266205315731604
sample_08995.html,0.07106318727751294
sample_01211.html,0.12119395038103303
sample_05230.html,0.49977792315544245
sample_00579.html,0.8391331221903452
sample_05467.html,0.9250785725802515
sample_04979.html,0.03951615668691013
sample_00357.html,0.9486911044063824
sample_07592.html,0.5232045363129089
sample_08869.html,0.31046245488185514
sample_09337.html,0.7041695679686729
sample_04973.html,0.9815880582221648
sample_01962.html,0.6618110307051508
sample_02737.html,0.974650553132312
sample_02577.html,0.9844712749483112
sample_09356.html,0.04485505629417118
sample_07784.html,0.01790175644305409
sample_01349.html,0.7920545680663529
sample_06205.html,0.7208049014574223
sample_02378.html,0.9635572067937286
sample_04384.html,0.9194042518845286
sample_04876.html,0.9712303724525263
sample_00558.html,0.18137285761604158
sample_06704.html,0.9755168475888745
sample_07598.html,0.9712744908475505
sample_02830.html,0.04405273017523577
sample_04985.html,0.9846345121085107
sample_03474.html,0.8836388397024741
sample_01641.html,0.9178003344079353
sample_02167.html,0.1435925985684771
sample_07660.html,0.9659748985173421
sample_06085.html,0.9563413267540892
sample_03338.html,0.27917838448973853
sample_00819.html,0.10015301525249433
sample_06106.html,0.9397476276156264
sample_06417.html,0.056020232664743666
sample_09449.html,0.05039271240892004
sample_02966.html,0.9562611213977954
sample_02117.html,0.9867040690830529
sample_04749.html,0.5950046866366411
sample_05778.html,0.9610452033672952
sample_00867.html,0.21353232370333639
sample_04164.html,0.846711902263591
sample_06695.html,0.9475118244864227
sample_03237.html,0.047717403304199366
sample_08843.html,0.41944499682865205
sample_07234.html,0.10114233554078227
sample_07710.html,0.33916446248386045
sample_03594.html,0.1615439189519388
sample_06583.html,0.9389918650653543
sample_00899.html,0.9631748300344014
sample_06528.html,0.026200515858757344
sample_05534.html,0.5783078826602274
sample_05139.html,0.35032083690566224
sample_05554.html,0.06576401039604934
sample_01893.html,0.9703974918388263
sample_01792.html,0.032529733050131175
sample_05952.html,0.9810077073402252
sample_01926.html,0.0984202629617196
sample_07584.html,0.9461024973489153
sample_09852.html,0.025742187663245288
sample_03846.html,0.11353061951641287
sample_00806.html,0.02003261580327361
sample_00849.html,0.02961664153018307
sample_05052.html,0.9339024560184238
sample_04581.html,0.9893836849667789
sample_06990.html,0.8183388806422183
sample_08876.html,0.019266686390383064
sample_06880.html,0.02037546439499008
sample_03209.html,0.14890652199126023
sample_09687.html,0.44396904730443065
sample_06739.html,0.2444419233777489
sample_02129.html,0.7406940146633363
sample_02398.html,0.1371431379662293
sample_04523.html,0.4248930466438659
sample_02291.html,0.9793208772451474
sample_09366.html,0.42910141732839313
sample_03219.html,0.9768171889777946
sample_03512.html,0.03310426367057819
sample_06967.html,0.8478251688654386
sample_02011.html,0.018008041726962045
sample_01939.html,0.18706716423560776
sample_06315.html,0.9196880946647151
sample_03275.html,0.05261909593577934
sample_00185.html,0.5754154405910807
sample_09391.html,0.45822461916140744
sample_00419.html,0.4410613046468664
sample_04296.html,0.37470546639496133
sample_00488.html,0.8655675286550558
sample_02059.html,0.972615970057153
sample_07018.html,0.6524787918183229
sample_06422.html,0.9461024973489153
sample_03866.html,0.3413500418749971
sample_01704.html,0.9577474273109582
sample_05923.html,0.9851511397341945
sample_00001.html,0.4256179090469963
sample_07130.html,0.8659471020805857
sample_01443.html,0.8254470265827943
sample_02890.html,0.8459189056992368
sample_06760.html,0.03737121994844827
sample_09372.html,0.9835512494668269
sample_08986.html,0.06321657483994186
sample_00694.html,0.9562281435310691
sample_00424.html,0.4259539130893309
sample_06749.html,0.9868593283998034
sample_08980.html,0.9983341605648108
sample_07873.html,0.27138016033900075
sample_07788.html,0.06162108898274949
sample_01756.html,0.3773823728970625
sample_02392.html,0.02424523630192047
sample_04773.html,0.049360429772386395
sample_03623.html,0.0981050777820155
sample_07679.html,0.9751086843235683
sample_04095.html,0.8419095518044947
sample_02500.html,0.990535635210493
sample_00871.html,0.9739344412318521
sample_03525.html,0.09175264172080576
sample_00884.html,0.07388597751276837
sample_06084.html,0.922357764534706
sample_01320.html,0.9554286320655814
sample_05903.html,0.8562646968613941
sample_03770.html,0.03029408961716007
sample_09182.html,0.7650809519465146
sample_03612.html,0.9845726442028787
sample_01816.html,0.04205348223808838
sample_04511.html,0.07798807617193909
sample_06293.html,0.0654135041890607
sample_00879.html,0.33941673044427473
sample_06960.html,0.9831797215402118
sample_01269.html,0.5705391056414636
sample_02615.html,0.8791667544286793
sample_05716.html,0.8209462135295071
sample_07233.html,0.9751086843235683
sample_07966.html,0.03901737206547057
sample_09696.html,0.8660595844136089
sample_03013.html,0.41512534509360194
sample_09047.html,0.7929643765321162
sample_01566.html,0.958334823820019
sample_02577.html,0.07006227769426872
sample_07044.html,0.03556681677893199
sample_09834.html,0.9400700695398964
sample_02091.html,0.0679534405726064
sample_02216.html,0.025189132940539035
sample_05786.html,0.779074108329342
sample_01611.html,0.032460188537882094
sample_02297.html,0.0208995872241586
sample_03568.html,0.034346785265632306
sample_09530.html,0.16139248429459427
sample_02776.html,0.8414221601706914
sample_06977.html,0.037497648906302194
sample_00552.html,0.5516932918685885
sample_02999.html,0.9727732996685703
sample_07431.html,0.20054868319961233
sample_04495.html,0.06669102491651159
sample_08645.html,0.3994008928808505
sample_04560.html,0.4261444573505207
sample_03538.html,0.9869655840786847
sample_00362.html,0.12226769458775683
sample_03417.html,0.024005140857932986
sample_01037.html,0.4735829501311424
sample_02893.html,0.013278181408472638
sample_09504.html,0.9802650239344926
sample_00329.html,0.17238104497253554
sample_09275.html,0.9868593283998034
sample_08656.html,0.7764741831194855
sample_08620.html,0.060025139125164294
sample_08717.html,0.19178168909355015
sample_02950.html,0.8060000670794706
sample_02549.html,0.03846372527154523
sample_08664.html,0.7476885753472121
sample_00477.html,0.03665909237119368
sample_01309.html,0.09481692449906456
sample_01071.html,0.09912607223665519
sample_08706.html,0.990535635210493
sample_04429.html,0.15247178710292733
sample_08640.html,0.026246471261666487
sample_01256.html,0.7156836052748463
sample_03495.html,0.06552066811190282
sample_07004.html,0.559142611745203
sample_08376.html,0.9356374669437811
sample_09163.html,0.024466808520821347
sample_01066.html,0.032293021877253025
sample_03402.html,0.16847538257157607
sample_08963.html,0.9284578801128037
sample_08289.html,0.9845726442028787
sample_00120.html,0.051331258317300836
sample_04424.html,0.8053713100695565
sample_02883.html,0.596364264172146
sample_03679.html,0.2179411803459665
sample_03621.html,0.22509065023894734
sample_07925.html,0.03621192297024896
sample_02548.html,0.03741925928423221
sample_03621.html,0.9768819740976895
sample_02359.html,0.808596079689612
sample_00773.html,0.9268270671482065
sample_07548.html,0.1391024740222475
sample_03810.html,0.13134348525757905
sample_09653.html,0.8133119295605641
sample_06277.html,0.5072991604700897
sample_01672.html,0.6027301541947313
sample_03753.html,0.5016506563209283
sample_00654.html,0.4473801388777321
sample_03468.html,0.8000775306950362
sample_08784.html,0.6675062926752066
sample_07958.html,0.9497440062340125
sample_09420.html,0.052010842051025664
sample_02986.html,0.9542214519293485
sample_07960.html,0.8089035063216182
sample_02784.html,0.6564472881783529
sample_01361.html,0.8606298555508414
sample_02282.html,0.9860467714331941
sample_01855.html,0.7043367787689545
sample_03672.html,0.300748311772772
sample_00664.html,0.17587048156378451
sample_03108.html,0.02346434084079808
sample_06176.html,0.0412561136408993
sample_00064.html,0.6282832113437768
sample_09164.html,0.04497275660515629
sample_08561.html,0.9278892344221972
sample_04805.html,0.9860467714331941
sample_03257.html,0.0177471627548433
sample_06155.html,0.92602427481
sample_02559.html,0.6433232238577916
sample_04615.html,0.622362136125407
sample_07828.html,0.8467985550996922
sample_00529.html,0.3698627719205559
sample_00733.html,0.9755168475888745
sample_00945.html,0.9868593283998034
sample_01199.html,0.02106048404001332
sample_03239.html,0.2914317017990987
sample_08874.html,0.7049433176210435
sample_00251.html,0.5097588307091483
sample_05418.html,0.9719826190107725
sample_09815.html,0.06778384308854916
sample_04657.html,0.06611543293524492
sample_01594.html,0.9570787256040874
sample_08134.html,0.08909077721363763
sample_00566.html,0.04313679185375846
sample_01111.html,0.037342245910709844
sample_09657.html,0.20413402644246637
sample_01937.html,0.4359138603648855
sample_02059.html,0.39680561821368276
sample_06852.html,0.7702606717370478
sample_08067.html,0.7366836867832901
sample_08402.html,0.8589198919568539
sample_08885.html,0.9522599370819768
sample_08520.html,0.6327097288373733
sample_09807.html,0.9815880582221648
sample_06764.html,0.6645785538974917
sample_01141.html,0.03305989045173682
sample_02678.html,0.7983426574338601
sample_04392.html,0.07285764989902042
sample_07603.html,0.38793079746490733
sample_03142.html,0.9641024473565002
sample_06894.html,0.8331855335172523
sample_07698.html,0.47349386911219504
sample_01552.html,0.06093626294681506
sample_07832.html,0.1745336788497152
sample_06817.html,0.800849601010222
sample_05348.html,0.9497440062340125
sample_06840.html,0.8188715103216563
sample_02635.html,0.03339541158895155
sample_09455.html,0.12952103965130995
sample_05283.html,0.9808593122723562
sample_07315.html,0.08176662721704059
sample_00537.html,0.7406987599127609
sample_02002.html,0.6842626327354969
sample_03683.html,0.8299728953351508
sample_04270.html,0.9673150399192412
sample_07223.html,0.1677818125295096
sample_02789.html,0.03463871837296063
sample_06348.html,0.17394278869838722
sample_09951.html,0.7248628617797856
sample_09283.html,0.11672733117531786
sample_05735.html,0.9844712749483112
sample_05342.html,0.9453797379163357
sample_09868.html,0.4917659950799988
sample_08063.html,0.1033640850004467
sample_00321.html,0.10834153522376748
sample_03847.html,0.04107209609488001
sample_06927.html,0.44374086799663737
sample_02451.html,0.9625656051093617
sample_02397.html,0.12202581491721008
sample_07336.html,0.060281462242470135
sample_07305.html,0.9767811328674848
sample_00367.html,0.23740304479952135
sample_06172.html,0.19833398164642996
sample_02850.html,0.2233057109017342
sample_02192.html,0.2513752696967245
sample_06828.html,0.5944761560608879
sample_05645.html,0.08249196575709301
sample_05486.html,0.03650221865603371
sample_03646.html,0.9838591673253473
sample_00128.html,0.990535635210493
sample_03533.html,0.9034565291213977
sample_08415.html,0.7328001080176324
sample_04046.html,0.9660930758630423
sample_01950.html,0.05617780962599736
sample_02612.html,0.9503791479124692
sample_00726.html,0.048728883603687226
sample_02939.html,0.30041974392086584
sample_03150.html,0.9692676401804782
sample_04986.html,0.9550929777161644
sample_08383.html,0.07008531425398619
sample_06197.html,0.9903434683498114
sample_07134.html,0.9444553679391477
sample_08526.html,0.7547591615355874
sample_03228.html,0.037914547360798474
sample_06221.html,0.05648318432728266
sample_01458.html,0.03788277807326118
sample_04239.html,0.18374602914361723
sample_05664.html,0.04856527728326345
sample_05918.html,0.04693728470095041
sample_07179.html,0.16438858084124744
sample_06638.html,0.4935950427891554
sample_01364.html,0.2961911760344924
sample_05022.html,0.06614032857382579
sample_01599.html,0.9691219489166245
sample_09131.html,0.017275495153983206
sample_09071.html,0.8990385633131939
sample_09373.html,0.9252331744187273
sample_03541.html,0.06778384308854916
sample_04487.html,0.01978337782039545
sample_09980.html,0.13334831529741878
sample_05292.html,0.18513088533186045
sample_04754.html,0.2099116948262382
sample_06488.html,0.8869871430683974
sample_01633.html,0.9827676270090063
sample_02693.html,0.14983881006797015
sample_05420.html,0.19616401664632
sample_07498.html,0.037187155734312964
sample_04934.html,0.21064049081621283
sample_01345.html,0.04379607358117845
sample_00397.html,0.01484279131184103
sample_03271.html,0.09129219768671464
sample_08610.html,0.13303595486260722
sample_09656.html,0.08684569397185844
sample_06811.html,0.20150503705350836
sample_03276.html,0.0453007940117307
sample_08708.html,0.279866564579652
sample_01186.html,0.9133748445789863
sample_03720.html,0.9903434683498114
sample_02998.html,0.21275614356881928
sample_04367.html,0.9846345121085107
sample_04137.html,0.03517814374931525
sample_03823.html,0.9158195923204966
sample_01184.html,0.0439844354394907
sample_01555.html,0.4431615722289996
sample_04055.html,0.9388820037624517
sample_06826.html,0.9836429214261306
sample_07921.html,0.9596934541208564
sample_05994.html,0.9345144329451216
sample_03984.html,0.027406984213854256
sample_05698.html,0.9810077073402252
sample_06842.html,0.0633847442781845
sample_04645.html,0.02980446897253883
sample_04737.html,0.02399490980369832
sample_03942.html,0.03578141627431852
sample_06010.html,0.039328205481482276
sample_00491.html,0.990535635210493
sample_01012.html,0.10091478672166207
sample_01319.html,0.9223321788716091
sample_05789.html,0.9384966507238924
sample_01489.html,0.9792766329561101
sample_05820.html,0.8191064565026306
sample_05125.html,0.8659471020805857
sample_04396.html,0.12743437158784995
sample_06195.html,0.030428066170819244
sample_07446.html,0.9542936920477394
sample_08462.html,0.44400138433690906
sample_08750.html,0.04390777138688535
sample_04929.html,0.9815880582221648
sample_05266.html,0.2026295823266406
sample_06907.html,0.03714812080572732
sample_04860.html,0.9250785725802515
sample_02611.html,0.9624682670369659
sample_03402.html,0.7822447725719168
sample_07639.html,0.9869655840786847
sample_05857.html,0.8738498959722538
sample_07665.html,0.9383552673152112
sample_04571.html,0.025470956539898656
sample_02560.html,0.6437412062857654
sample_06397.html,0.9806264475418569
sample_03935.html,0.9869655840786847
sample_04024.html,0.6402567149599966
sample_09213.html,0.2022166482252674
sample_07225.html,0.2106447993597288
sample_06744.html,0.22819357176025334
sample_03070.html,0.9815880582221648
sample_09007.html,0.645162853549966
sample_07964.html,0.047776034496116164
sample_00489.html,0.9846345121085107
sample_07480.html,0.9903434683498114
sample_08123.html,0.024780148763158722
sample_04099.html,0.32776969215910967
sample_00596.html,0.9282418072243243
sample_07424.html,0.6801475736805582
sample_03277.html,0.32036175081720714
sample_08754.html,0.1419679679618219
sample_01634.html,0.3176280530509675
sample_08098.html,0.9752159103468777
sample_00080.html,0.021630037864224936
sample_01017.html,0.9152146041701712
sample_00290.html,0.8970406091416815
sample_06308.html,0.13962619155581693
sample_02421.html,0.19102696927545712
sample_01293.html,0.8465790027031265
sample_08503.html,0.9213615732598012
sample_01485.html,0.39678226578774517
sample_00832.html,0.17749835720291315
sample_09377.html,0.8727901981420684
sample_02214.html,0.9791080597008613
sample_04164.html,0.9753071396453898
sample_00168.html,0.9815880582221648
sample_00973.html,0.19763494027531542
sample_00050.html,0.7970396583929038
sample_01973.html,0.05519067045601776
sample_09111.html,0.8299728953351508
sample_06414.html,0.962383878851312
sample_01488.html,0.6978402257459626
sample_04693.html,0.04631212389678205
sample_00569.html,0.9669479794356716
sample_03126.html,0.8259526594823635
sample_09988.html,0.1472884871893399
sample_00224.html,0.24339706324849486
sample_07974.html,0.9028638533349115
sample_09225.html,0.5876638350653349
sample_09758.html,0.6317215816230974
sample_00594.html,0.6411263772301782
sample_02627.html,0.04585638531063474
sample_09119.html,0.5892217008316805
sample_04701.html,0.028300972936668594
sample_08032.html,0.9610452033672952
sample_05700.html,0.9410051922167422
sample_00710.html,0.9766815050236375
sample_01403.html,0.9475118244864227
sample_03528.html,0.7208049014574223
sample_04471.html,0.7406987599127609
sample_02552.html,0.04307752912850698
sample_06049.html,0.04413523591173018
sample_09073.html,0.04935081743724786
sample_02919.html,0.9117274768319515
sample_04110.html,0.11387799152660176
sample_00978.html,0.642135627373045
sample_00383.html,0.18647770186091825
sample_06574.html,0.04645478537043801
sample_02139.html,0.85596967431045
sample_07051.html,0.7460244952440017
sample_00185.html,0.8538154526222517
sample_02851.html,0.13438086637193014
sample_02255.html,0.03714783767500231
sample_03272.html,0.9983341605648108
sample_07790.html,0.8953314073858512
sample_03824.html,0.026416536892653882
sample_03965.html,0.9843253392339684
sample_05065.html,0.12083673227766534
sample_03716.html,0.6174015835954529
sample_05369.html,0.2764988168668476
sample_06038.html,0.3055037672036787
sample_00410.html,0.019014339536556697
sample_05835.html,0.8959732426631232
sample_04904.html,0.07407196012429275
sample_05705.html,0.9231867187635097
sample_05690.html,0.55791440985906
sample_05763.html,0.7893278830126562
sample_04293.html,0.12260760155951066
sample_04570.html,0.9867040690830529
sample_03186.html,0.09941343759253277
sample_08890.html,0.03380584446592088
sample_06236.html,0.03898690398037335
sample_00592.html,0.9868593283998034
sample_08529.html,0.9345144329451216
sample_06517.html,0.9183667789592059
sample_03645.html,0.048396318129844504
sample_07898.html,0.06336950747420814
sample_02722.html,0.9348691353073819
sample_00368.html,0.14774902646083432
sample_08822.html,0.04527908169298163
sample_01768.html,0.9356374669437811
sample_00868.html,0.7699216143944199
sample_01325.html,0.05950658752350388
sample_04914.html,0.9371241992016182
sample_03438.html,0.8300364560007147
sample_04418.html,0.10315629663121298
sample_07569.html,0.9405944184164322
sample_05327.html,0.08558521693875419
sample_09987.html,0.9806264475418569
sample_06831.html,0.37014652370846735
sample_08930.html,0.8771530287997886
sample_01366.html,0.7410815546598418
sample_05796.html,0.853439395350973
sample_08956.html,0.17921118088461807
sample_06684.html,0.5300735881776044
sample_02746.html,0.01531416234350955
sample_02346.html,0.1516966211849202
sample_06158.html,0.29268395678425563
sample_00977.html,0.9833022646422086
sample_05677.html,0.3535686891909156
sample_08133.html,0.1233192715839266
sample_00335.html,0.9793208772451474
sample_05428.html,0.4063743848142392
sample_00298.html,0.7476885753472121
sample_04768.html,0.9090792984721581
sample_08658.html,0.9625994490388178
sample_04951.html,0.025656525786412053
sample_02895.html,0.9868593283998034
sample_09063.html,0.9656647011653674
sample_09914.html,0.015170596194999213
sample_04400.html,0.7957835835144126
sample_06942.html,0.9693820039150376
sample_00584.html,0.026570022703023107
sample_03086.html,0.03806522184353592
sample_01548.html,0.48688296977110496
sample_01774.html,0.6578029580305025
sample_06330.html,0.9433262506767128
sample_05651.html,0.9513878500573107
sample_02228.html,0.9325505969779991
sample_07020.html,0.779632239234757
sample_03735.html,0.06730221306605433
sample_04369.html,0.8525863934219609
sample_06957.html,0.23732366794877965
sample_01431.html,0.04403051727140321
sample_02551.html,0.6266205847651437
sample_00032.html,0.7479296691033814
sample_03763.html,0.0376082745710048
sample_04559.html,0.9860467714331941
sample_07736.html,0.12790735478377707
sample_00017.html,0.9624682670369659
sample_06313.html,0.11277785303811458
sample_01579.html,0.8414112364295532
sample_05096.html,0.9851511397341945
sample_04102.html,0.06834035628174776
sample_01259.html,0.7913388395770035
sample_02426.html,0.9815880582221648
sample_07759.html,0.8645669171576664
sample_02797.html,0.8354222576476622
sample_07568.html,0.969994816560759
sample_03541.html,0.9077813299659797
sample_08246.html,0.9867040690830529
sample_04304.html,0.4234901023146494
sample_06525.html,0.9755585623209622
sample_06358.html,0.04697860181881452
sample_01604.html,0.25015659591547246
sample_06689.html,0.8713328222517254
sample_00311.html,0.11840015033931292
sample_08290.html,0.9197197710361018
sample_01421.html,0.6800538392467893
sample_05843.html,0.05489421209820647
sample_09296.html,0.9835504797268139
sample_01008.html,0.08971034342270975
sample_02145.html,0.9235498794465186
sample_08482.html,0.07813581308520792
sample_04234.html,0.6778169299807998
sample_08788.html,0.9173805074839718
sample_09815.html,0.9771475558723146
sample_05883.html,0.8770032313135149
sample_07683.html,0.6601002834341073
sample_07862.html,0.9868593283998034
sample_04788.html,0.9780437153077403
sample_09889.html,0.041960068875961556
sample_06924.html,0.16718542795360644
sample_08310.html,0.08968341295265521
sample_08724.html,0.44389633903444414
sample_03344.html,0.3537888542774831
sample_01396.html,0.9250785725802515
sample_00505.html,0.8591573353427941
sample_09856.html,0.022995471603228446
sample_02833.html,0.054532293635119904
sample_04426.html,0.9588313322328552
sample_07652.html,0.8935920997130576
sample_08565.html,0.7416388130958246
sample_01810.html,0.9501998086623189
sample_08902.html,0.9266233680595439
sample_07326.html,0.17180952571118682
sample_00673.html,0.9219040285737393
sample_06119.html,0.047073707609257893
sample_03368.html,0.9868593283998034
sample_00450.html,0.05165469953247926
sample_08773.html,0.9814260280899539
sample_05438.html,0.9691511942511692
sample_00851.html,0.07366965791008444
sample_02173.html,0.10112259214627572
sample_07951.html,0.9868593283998034
sample_06431.html,0.23013022541755618
sample_09901.html,0.04270002025562438
sample_05371.html,0.9806264475418569
sample_00169.html,0.9755168475888745
sample_04689.html,0.960736962362685
sample_07238.html,0.9657943106309536
sample_02179.html,0.05738914424705945
sample_00927.html,0.13238007110680788
sample_08572.html,0.06638423275802449
sample_07503.html,0.23061965942274323
sample_05362.html,0.738908386405193
sample_04027.html,0.023721602051994042
sample_09986.html,0.20506410339781464
sample_07138.html,0.9555657030224017
sample_06421.html,0.10898746648774477
sample_01161.html,0.4793265316322394
sample_05180.html,0.053999578765171044
sample_08770.html,0.958048329698489
sample_05187.html,0.9838591673253473
sample_02999.html,0.04358839651661357
sample_06969.html,0.9803033329105145
sample_05226.html,0.04654218295581015
sample_08382.html,0.8799149420892989
sample_05077.html,0.8264078676920215
sample_06421.html,0.7157785844085851
sample_07725.html,0.02155540476495176
sample_08858.html,0.9291210975224184
sample_03360.html,0.8724953156695512
sample_01051.html,0.87642468824485
sample_04941.html,0.023768495868176535
sample_00897.html,0.04075992399183478
sample_03664.html,0.05775881070345071
sample_05168.html,0.02683238461869053
sample_08854.html,0.8565084379645085
sample_02989.html,0.0780291851151019
sample_01496.html,0.9324378025046197
sample_00895.html,0.9833022646422086
sample_08493.html,0.09849332083731553
sample_07866.html,0.9868593283998034
sample_00556.html,0.7600398443057333
sample_08377.html,0.5034345348338132
sample_01430.html,0.2725197132132172
sample_09479.html,0.8235235418682307
sample_04883.html,0.07009670801471346
sample_03302.html,0.62500558588476
sample_06448.html,0.9127481789718747
sample_08304.html,0.06239722161285079
sample_00997.html,0.9983341605648108
sample_07288.html,0.04534258246442489
sample_02712.html,0.03973704936122079
sample_04465.html,0.04969426951988197
sample_03145.html,0.9521707767699318
sample_03657.html,0.9893836849667789
sample_09906.html,0.03744403884267278
sample_01609.html,0.07407221835874254
sample_06328.html,0.05507650885071758
sample_05694.html,0.7335200443663694
sample_08629.html,0.18656721416748975
sample_08197.html,0.049294549919925074
sample_06636.html,0.6668878161149883
sample_01117.html,0.8664945626274712
sample_04978.html,0.042170269817437545
sample_00442.html,0.9868593283998034
sample_09494.html,0.9638649129830833
sample_06102.html,0.9808593122723562
sample_06384.html,0.033845560650311295
sample_05840.html,0.9868593283998034
sample_05481.html,0.03837657043327602
sample_02765.html,0.8790157313146533
sample_01399.html,0.9867040690830529
sample_01990.html,0.8787787055494181
sample_08389.html,0.7650809519465146
sample_02993.html,0.08238105755028977
sample_00191.html,0.9893836849667789
sample_06385.html,0.5633756641814416
sample_03306.html,0.1352343403347254
sample_08344.html,0.07896691373881158
sample_05839.html,0.9142196668794614
sample_06009.html,0.4232612084314479
sample_09208.html,0.636981228254962
sample_08986.html,0.9178003344079353
sample_03127.html,0.5644080990083353
sample_05429.html,0.9554286320655814
sample_09503.html,0.1375081146647291
sample_06825.html,0.06553977493394145
sample_04724.html,0.8273728464148195
sample_02763.html,0.11007354792511052
sample_02190.html,0.4467578514264198
sample_09721.html,0.5532475580381404
sample_02153.html,0.41677017406260064
sample_02979.html,0.305315552957173
sample_03054.html,0.8986900880850318
sample_08426.html,0.8914695953424993
sample_08665.html,0.058896832958301754
sample_02079.html,0.04492860806080272
sample_07959.html,0.27141631369250396
sample_01468.html,0.21822121591281407
sample_04328.html,0.9868593283998034
sample_02696.html,0.9576448033418142
sample_03212.html,0.37470546639496133
sample_03479.html,0.06130073284777931
sample_00836.html,0.13484426400336372
sample_05039.html,0.9893836849667789
sample_06521.html,0.9617212369032779
sample_00718.html,0.6524693308411904
sample_08998.html,0.053759671323300076
sample_02511.html,0.029825415427431317
sample_01388.html,0.5032522549675746
sample_01697.html,0.16945616166450436
sample_02958.html,0.4322999862572269
sample_08137.html,0.8174123617192011
sample_05969.html,0.9791080597008613
sample_05751.html,0.5148500533516132
sample_02781.html,0.39235762469441315
sample_04983.html,0.9838591673253473
sample_00484.html,0.5613320397144317
sample_08993.html,0.9798677955703391
sample_01455.html,0.949007183775049
sample_02496.html,0.11790922979394729
sample_08960.html,0.16438858084124744
sample_07240.html,0.7351848470743295
sample_02894.html,0.08503606869438429
sample_01172.html,0.5568208028153907
sample_00971.html,0.9814301050251643
sample_01091.html,0.5876638350653349
sample_02654.html,0.4610097444159915
sample_07083.html,0.9497440062340125
sample_03815.html,0.9706845393298795
sample_08914.html,0.6618117449762495
sample_09413.html,0.3091738772884647
sample_07465.html,0.9554286320655814
sample_07781.html,0.07130511702307608
sample_02865.html,0.057073006906668576
sample_05718.html,0.05580592686098091
sample_01805.html,0.033593574181435215
sample_00992.html,0.33243138931733596
sample_02794.html,0.8179603535448203
sample_02937.html,0.36195131682502857
sample_09162.html,0.04365962044452159
sample_00792.html,0.05969687969748705
sample_09716.html,0.9444553679391477
sample_00862.html,0.9893836849667789
sample_07281.html,0.03737121994844827
sample_08420.html,0.6789891379135728
sample_03503.html,0.12100280575910038
sample_02922.html,0.9867040690830529
sample_00421.html,0.7596712518025793
sample_03875.html,0.9573379439476966
sample_02135.html,0.020535491346111823
sample_09207.html,0.14615104644052665
sample_00896.html,0.07040142257222366
sample_00717.html,0.909091401779147
sample_09261.html,0.02453648267308853
sample_03715.html,0.9502274604969804
sample_02704.html,0.5764075352874213
sample_02508.html,0.39013022856189894
sample_03912.html,0.9740952934405857
sample_09646.html,0.017469662244807307
sample_00016.html,0.022899253926092232
sample_00906.html,0.9767811328674848
sample_07164.html,0.9815880582221648
sample_03769.html,0.04636034141275782
sample_01152.html,0.12517043973837255
sample_01128.html,0.049152904278941256
sample_00175.html,0.9463630945482319
sample_07114.html,0.8403530155492559
sample_02960.html,0.9555657030224017
sample_07632.html,0.07175557386311805
sample_04837.html,0.05929502119387251
sample_06137.html,0.07447300820896463
sample_01908.html,0.04913818805317976
sample_00182.html,0.8033510759968233
sample_03976.html,0.8717892225078685
sample_06258.html,0.4997627132206531
sample_05001.html,0.9767811328674848
sample_07985.html,0.9182788331948515
sample_08931.html,0.05809138088118216
sample_01540.html,0.9390678050530629
sample_02806.html,0.9572045117676095
sample_05811.html,0.16711421104001895
sample_09576.html,0.5427279249709537
sample_07524.html,0.9751086843235683
sample_00060.html,0.565425020675895
sample_07373.html,0.11626767609400787
sample_07237.html,0.9815880582221648
sample_09790.html,0.6758399283844976
sample_02914.html,0.9757215679662012
sample_04291.html,0.7764636962176804
sample_02665.html,0.9838591673253473
sample_06060.html,0.04653946460445905
sample_08029.html,0.020275971278886605
sample_04224.html,0.2924540440370373
sample_05635.html,0.8459189056992368
sample_01979.html,0.03737121994844827
sample_09540.html,0.27414038041792416
sample_06780.html,0.7348433916137453
sample_02249.html,0.04597417435172557
sample_05942.html,0.8364259154144142
sample_03170.html,0.1936892336147531
sample_05266.html,0.9870523362971486
sample_07669.html,0.03436305268680859
sample_01265.html,0.6176960250726348
sample_08573.html,0.5107453344338659
sample_01221.html,0.9578105723736701
sample_05307.html,0.8244335998212934
sample_03694.html,0.9314883888810584
sample_06464.html,0.04438495508389049
sample_07453.html,0.43026566380961756
sample_05360.html,0.05354390292467975
sample_04074.html,0.5042826208800152
sample_09786.html,0.04719004020213435
sample_08529.html,0.024342823895721726
sample_08199.html,0.12517043973837255
sample_06963.html,0.0383932995511808
sample_01150.html,0.9893836849667789
sample_05264.html,0.038431285258233
sample_03544.html,0.6593224991357798
sample_04990.html,0.09390429981911812
sample_05471.html,0.9643542780710987
sample_06851.html,0.9838591673253473
sample_09423.html,0.567601282827863
sample_06695.html,0.32917418331868475
sample_00363.html,0.9223321788716091
sample_01825.html,0.9573379439476966
sample_08975.html,0.3114705207264252
sample_02093.html,0.48596118474791467
sample_02987.html,0.3661455579384276
sample_06017.html,0.9411694659788037
sample_08346.html,0.9983341605648108
sample_03338.html,0.04845772904828453
sample_05678.html,0.3371750434235088
sample_09654.html,0.8937695105638978
sample_07074.html,0.030766209391119514
sample_01349.html,0.2803945759056172
sample_04224.html,0.5374126496082133
sample_06928.html,0.9649273185550339
sample_09601.html,0.5144064485001184
sample_04978.html,0.9389683461163664
sample_05088.html,0.8836604971860724
sample_05773.html,0.9188601328160801
sample_06949.html,0.10783007551091323
sample_03589.html,0.9158195923204966
sample_03523.html,0.9868593283998034
sample_01272.html,0.49979406663984455
sample_02177.html,0.18807887426699615
sample_04950.html,0.021387277823717764
sample_05787.html,0.4311410725364151
sample_00395.html,0.39499033810305756
sample_05300.html,0.5052450071055126
sample_00272.html,0.0938587254686271
sample_08633.html,0.9755585623209622
sample_00541.html,0.9843253392339684
sample_09056.html,0.8780425713676112
sample_05137.html,0.02551407638206318
sample_07597.html,0.9815988146541721
sample_05322.html,0.05314581244034967
sample_03043.html,0.9740952934405857
sample_06399.html,0.9695144017468131
sample_02384.html,0.9833022646422086
sample_05359.html,0.06575719795075083
sample_05847.html,0.3725285208809867
sample_04818.html,0.9867040690830529
sample_05267.html,0.9563413267540892
sample_07350.html,0.7054361754036328
sample_06566.html,0.22951440887920435
sample_06365.html,0.9659748985173421
sample_01580.html,0.06255797818558947
sample_05947.html,0.8948604448329522
sample_04697.html,0.9511986512981788
sample_01133.html,0.05664323767980746
sample_07195.html,0.4993018427145736
sample_07445.html,0.03522110312924185
sample_02393.html,0.5173531043592365
sample_05564.html,0.9693820039150376
sample_06409.html,0.6192848794882114
sample_00961.html,0.8307623560562046
sample_06358.html,0.7430468254805699
sample_02282.html,0.144346601033923
sample_08400.html,0.9264307806838603
sample_06814.html,0.0451412223944331
sample_03689.html,0.14985955418902208
sample_07117.html,0.2397254298657234
sample_01429.html,0.7243646101012216
sample_04806.html,0.8827462896004236
sample_00783.html,0.02450536784150192
sample_02525.html,0.9622056147295375
sample_02697.html,0.9755910783364008
sample_06044.html,0.8414227617711911
sample_08828.html,0.9983341605648108
sample_07453.html,0.963422696467198
sample_09643.html,0.7174154236899247
sample_06344.html,0.9037380473841139
sample_07802.html,0.08158668806222286
sample_03790.html,0.9458005576383668
sample_09051.html,0.905757921968697
sample_03339.html,0.055722502087356934
sample_04538.html,0.990535635210493
sample_05748.html,0.5923859054727375
sample_01919.html,0.05960639694596529
sample_07102.html,0.9742494964447433
sample_01796.html,0.9810077073402252
sample_09694.html,0.850187396198975
sample_03778.html,0.9868593283998034
sample_06761.html,0.9810077073402252
sample_05089.html,0.055335259844996154
sample_08004.html,0.8050186554236962
sample_09363.html,0.024555250329011853
sample_08614.html,0.04147253129702327
sample_03907.html,0.06134059635996484
sample_00307.html,0.5009484399640386
sample_03041.html,0.9793208772451474
sample_01188.html,0.9804000495026689
sample_04899.html,0.024966032147779062
sample_04756.html,0.9223321788716091
sample_07468.html,0.020165147711154022
sample_01632.html,0.033291084014879256
sample_00868.html,0.054649420345772186
sample_02489.html,0.9812828486503075
sample_09609.html,0.041728547894518096
sample_07915.html,0.8133119295605641
sample_03003.html,0.9867040690830529
sample_02172.html,0.9532424294649569
sample_09541.html,0.8056935159854589
sample_01104.html,0.8391331221903452
sample_05809.html,0.7052339066495977
sample_07217.html,0.06710907725668794
sample_02905.html,0.06378567020964376
sample_00866.html,0.2897381123518433
sample_06551.html,0.9685244187171238
sample_09247.html,0.18713380042446998
sample_01204.html,0.9810077073402252
sample_09572.html,0.05884910223887251
sample_06312.html,0.8935920997130576
sample_08020.html,0.8606593803409422
sample_07421.html,0.738519492119587
sample_04119.html,0.9815880582221648
sample_07220.html,0.08491050965110816
sample_01403.html,0.04263377655691019
sample_09735.html,0.9824873499582183
sample_05585.html,0.8194148218056986
sample_07363.html,0.41233975863661304
sample_04907.html,0.5035170001414322
sample_00318.html,0.9827262761945534
sample_01196.html,0.9654050491820629
sample_06142.html,0.4233524058754709
sample_00305.html,0.4449545171416736
sample_01255.html,0.0516158194901945
sample_00526.html,0.10365536590009267
sample_05876.html,0.8459189056992368
sample_06143.html,0.04962232233801804
sample_09688.html,0.04982184584746153
sample_09944.html,0.18236265810995447
sample_06725.html,0.9641024473565002
sample_04354.html,0.057757087623455494
sample_06101.html,0.03054718045806517
sample_07397.html,0.06326778820247866
sample_04186.html,0.032712808381702735
sample_09095.html,0.5923282843319428
sample_05577.html,0.30970425299651877
sample_08961.html,0.21012106077099862
sample_00845.html,0.9178003344079353
sample_06016.html,0.9836429214261306
sample_09226.html,0.2965678891000933
sample_05445.html,0.21505597880739927
sample_04086.html,0.8831132258129848
sample_02240.html,0.5529534792299391
sample_00125.html,0.13401477319186156
sample_03036.html,0.034574503759034
sample_04197.html,0.9777653951737119
sample_07816.html,0.044878300376176704
sample_03059.html,0.9844712749483112
sample_02617.html,0.5999177125528908
sample_04601.html,0.43626637349926295
sample_05757.html,0.05251627654153535
sample_02708.html,0.8123858379765511
sample_00738.html,0.272472114612777
sample_07986.html,0.22568247966666652
sample_04411.html,0.4458352195999036
sample_09960.html,0.9592699032865866
sample_08774.html,0.6433530095812001
sample_08720.html,0.583646583275587
sample_05303.html,0.8564773173685235
sample_01673.html,0.8459189056992368
sample_04019.html,0.7888921107496452
sample_08123.html,0.17921118088461807
sample_08781.html,0.9806264475418569
sample_08543.html,0.23597265784289229
sample_05813.html,0.958334823820019
sample_08553.html,0.024078417025355656
sample_04476.html,0.05043721405526112
sample_08631.html,0.9868593283998034
sample_05256.html,0.8686907609899152
sample_01175.html,0.8998979027689116
sample_07839.html,0.9553064644639829
sample_05213.html,0.7142094942135943
sample_06897.html,0.08278261557876224
sample_00699.html,0.37097297773659604
sample_03336.html,0.8937695105638978
sample_03446.html,0.023820227536648152
sample_01269.html,0.7082566334810991
sample_08018.html,0.9279484634685343
sample_08790.html,0.9706811815318976
sample_00417.html,0.6677836530540617
sample_00271.html,0.01484279131184103
sample_00907.html,0.03734341408364618
sample_00063.html,0.06706902235691123
sample_08395.html,0.6023650653574749
sample_02328.html,0.05552236689873856
sample_05897.html,0.034900457790176045
sample_08146.html,0.9078839584413629
sample_03614.html,0.981772900728032
sample_02160.html,0.19732874628457817
sample_00402.html,0.9759738425820064
sample_09355.html,0.8254976516746814
sample_04168.html,0.13040776873595922
sample_05453.html,0.33139678181048393
sample_09635.html,0.9247759593073056
sample_00337.html,0.9836429214261306
sample_03655.html,0.8478160647990861
sample_07745.html,0.12542643433914774
sample_00006.html,0.15538400035002553
sample_01728.html,0.0484779493737708
sample_07688.html,0.0442384174180318
sample_06651.html,0.7684186377935291
sample_02420.html,0.10408264689369054
sample_09282.html,0.46314879553230526
sample_00447.html,0.044304554858756146
sample_03318.html,0.03860741457521733
sample_04790.html,0.24530184817425052
sample_08634.html,0.03834730105543396
sample_07971.html,0.04704571789701322
sample_07976.html,0.9814998047255188
sample_02509.html,0.07509774344230863
sample_09632.html,0.10770468299262748
sample_08220.html,0.8812271472685328
sample_03816.html,0.055191233799495754
sample_00385.html,0.9838591673253473
sample_00752.html,0.5541399016467774
sample_04649.html,0.029406086267111473
sample_00991.html,0.19141589419497546
sample_00520.html,0.8941598805144401
sample_05572.html,0.3794554171432234
sample_07245.html,0.9868593283998034
sample_00258.html,0.018786421781654964
sample_09179.html,0.7999157981172657
sample_01935.html,0.052127554449876906
sample_08522.html,0.3149869024744239
sample_09952.html,0.12648390412901092
sample_07263.html,0.8902800801151701
sample_09075.html,0.04323190464310643
sample_03777.html,0.15608864318777413
sample_07791.html,0.8738498959722538
sample_00311.html,0.8664945626274712
sample_07101.html,0.25265516631917373
sample_09564.html,0.9695556388376766
sample_02910.html,0.19548307344026414
sample_09553.html,0.022284884988176542
sample_07860.html,0.9276320330656666
sample_05500.html,0.10550828459906508
sample_05691.html,0.8459189056992368
sample_07546.html,0.04051100361027522
sample_04588.html,0.0638870362978197
sample_06473.html,0.16964165055825586
sample_08278.html,0.9851511397341945
sample_07620.html,0.808050792785691
sample_02056.html,0.020255390020125233
sample_09348.html,0.7902629245062628
sample_09896.html,0.9562611213977954
sample_03807.html,0.26375150588407625
sample_00423.html,0.5505582261598124
sample_07233.html,0.035493973730244134
sample_01013.html,0.02405465836076407
sample_05639.html,0.43925540484377906
sample_04637.html,0.9016619209484895
sample_01794.html,0.44596252870228253
sample_07557.html,0.9812828486503075
sample_03923.html,0.062280887848595784
sample_04968.html,0.9720142171774911
sample_09840.html,0.03564167805053168
sample_01520.html,0.9867040690830529
sample_07671.html,0.6873080013656471
sample_03396.html,0.9893836849667789
sample_07559.html,0.07225966364259304
sample_08247.html,0.01567578106302673
sample_04340.html,0.9844712749483112
sample_01529.html,0.53633364607245
sample_05110.html,0.048012512362461755
sample_07969.html,0.5144064485001184
sample_02364.html,0.4951214741333387
sample_08801.html,0.03381590772068558
sample_02185.html,0.8349166322438066
sample_05950.html,0.5128906484708717
sample_02468.html,0.07910176697549823
sample_09099.html,0.04361794288142221
sample_05503.html,0.9090792984721581
sample_08872.html,0.9692814732603824
sample_05108.html,0.01929718318198208
sample_03782.html,0.07200068853682651
sample_01404.html,0.5594060902133378
sample_02028.html,0.14428174426168605
sample_02437.html,0.9860467714331941
sample_03855.html,0.9353149402444253
sample_05066.html,0.9723514567179918
sample_05895.html,0.02898621503597108
sample_05257.html,0.07228467022233681
sample_05477.html,0.049216102155821284
sample_04888.html,0.3556669028400009
sample_08987.html,0.07284707051468263
sample_05274.html,0.4807758326625547
sample_01666.html,0.4119877416508873
sample_01046.html,0.9408684243005566
sample_09773.html,0.9562611213977954
sample_01004.html,0.7508163964324046
sample_06375.html,0.08675833572908145
sample_07022.html,0.1454206370855797
sample_05237.html,0.049983066257582864
sample_09238.html,0.43826430538152855
sample_09968.html,0.9755248864137398
sample_07446.html,0.06702201219516235
sample_08694.html,0.04632821536343657
sample_03844.html,0.96059254254941
sample_07317.html,0.9893836849667789
sample_05890.html,0.04596363407652587
sample_01586.html,0.9868593283998034
sample_03259.html,0.31629610429890836
sample_07311.html,0.455449056002718
sample_05985.html,0.7342649891646296
sample_01610.html,0.18541838823471782
sample_04277.html,0.6435953857744738
sample_06832.html,0.06492127263417471
sample_05987.html,0.5585862672597655
sample_04789.html,0.08475398671430487
sample_04705.html,0.12911430809279603
sample_07834.html,0.038177134438728236
sample_03864.html,0.6737045460596821
sample_00990.html,0.9810077073402252
sample_08827.html,0.951963016607652
sample_02162.html,0.9811713672585798
sample_00440.html,0.9737109901835146
sample_07482.html,0.1874044184785085
sample_08368.html,0.9729810779311368
sample_02480.html,0.17163280001220296
sample_08450.html,0.1663612306019712
sample_00147.html,0.07835925835506247
sample_00099.html,0.05921860296079573
sample_05392.html,0.8938309820512823
sample_09055.html,0.23892933110032014
sample_08192.html,0.13378188953617984
sample_01231.html,0.7256983055816688
sample_06459.html,0.9806264475418569
sample_03153.html,0.0836153854848033
sample_04302.html,0.017952683283824846
sample_04044.html,0.06817048808106414
sample_06501.html,0.6069138844228591
sample_06871.html,0.9764794955999916
sample_03056.html,0.501062439527564
sample_04858.html,0.8738498959722538
sample_03927.html,0.5701986148180211
sample_04377.html,0.18605477695396508
sample_02285.html,0.9694522699942794
sample_09582.html,0.9252422236822319
sample_00353.html,0.9239235449371124
sample_05812.html,0.8964698863261482
sample_06600.html,0.03737121994844827
sample_09000.html,0.6972741181038947
sample_00863.html,0.15026739202540984
sample_08886.html,0.6540963644533992
sample_03321.html,0.7437499658590395
sample_00370.html,0.9694886989355683
sample_03015.html,0.9860467714331941
sample_08152.html,0.9893836849667789
sample_08553.html,0.9690596660281121
sample_04542.html,0.18336060280789024
sample_02098.html,0.3725285208809867
sample_00358.html,0.9625075120340512
sample_00765.html,0.0424209711090179
sample_01121.html,0.9164654248239401
sample_00559.html,0.063324463931927
sample_08164.html,0.9120640604395279
sample_03566.html,0.07465423982137574
sample_07286.html,0.9353514336313082
sample_02027.html,0.9851111559006923
sample_07890.html,0.6027301541947313
sample_08765.html,0.36557869698423995
sample_01783.html,0.6474989362217952
sample_03341.html,0.5202279784052984
sample_01513.html,0.03764730167471563
sample_02718.html,0.97830900595342
sample_09318.html,0.05509047572033747
sample_03421.html,0.08875043562021545
sample_01295.html,0.9321058990461779
sample_04196.html,0.5030648407820063
sample_02042.html,0.04928196727213391
sample_07005.html,0.9555657030224017
sample_05995.html,0.8157303311889651
sample_06455.html,0.9562611213977954
sample_08803.html,0.03334459455670977
sample_05196.html,0.959515692830477
sample_04477.html,0.7539665550136152
sample_00984.html,0.678993674101695
sample_00250.html,0.9145963916322887
sample_08970.html,0.848380442412901
sample_01041.html,0.8664945626274712
sample_01528.html,0.045951156550379346
sample_06869.html,0.7863953890248344
sample_03352.html,0.8952322980513873
sample_04341.html,0.9593518728532812
sample_03956.html,0.12258055226658629
sample_06524.html,0.05870261707106253
sample_08532.html,0.8837165943806502
sample_00124.html,0.04935703627169417
sample_09290.html,0.9869655840786847
sample_07266.html,0.05488996687327166
sample_07755.html,0.7140546851006437
sample_08897.html,0.8431628042788589
sample_09753.html,0.9428089951622619
sample_00367.html,0.6297319039264139
sample_04173.html,0.8414221601706914
sample_05436.html,0.8459189056992368
sample_09142.html,0.8373940047437568
sample_04942.html,0.03690976989393211
sample_02695.html,0.36578728876864036
sample_07603.html,0.26082744575665084
sample_02817.html,0.5366420540272023
sample_02949.html,0.9557642116576573
sample_03908.html,0.9838591673253473
sample_06622.html,0.27055298722920784
sample_03363.html,0.680861546882556
sample_09307.html,0.05476275808560916
sample_02448.html,0.9827262761945534
sample_02245.html,0.7930620556915011
sample_06252.html,0.03998171020267403
sample_01620.html,0.1953228617065557
sample_04826.html,0.05053708353565937
sample_09521.html,0.9755585623209622
sample_02196.html,0.018738891427002715
sample_04948.html,0.2834625529385538
sample_00014.html,0.9756864530834275
sample_04947.html,0.8318329592856055
sample_00026.html,0.4648627327765003
sample_02342.html,0.49492697394565793
sample_09455.html,0.9846345121085107
sample_08125.html,0.12314614117693881
sample_05122.html,0.9815880582221648
sample_07345.html,0.3683519750877678
sample_03703.html,0.027600567510895745
sample_01969.html,0.5546577662984334
sample_05685.html,0.5751568553867402
sample_07905.html,0.7580889385855727
sample_08944.html,0.05857732961917721
sample_02771.html,0.07771580779088426
sample_01707.html,0.09517283105078542
sample_03690.html,0.9393754658543082
sample_06193.html,0.9157414573673788
sample_07841.html,0.11195775732252057
sample_06433.html,0.15322345481533747
sample_07368.html,0.8910816144263748
sample_06397.html,0.8627796914958291
sample_06598.html,0.054715452264946667
sample_07317.html,0.33120554323137896
sample_02982.html,0.14544820645168882
sample_01328.html,0.6316239504416058
sample_02004.html,0.9814260280899539
sample_04351.html,0.7225617940178066
sample_09575.html,0.019517965567598418
sample_00009.html,0.25049921671539366
sample_05283.html,0.03741738258483069
sample_04104.html,0.7607490281143787
sample_08905.html,0.9928557581750139
sample_06668.html,0.4625285649771149
sample_04277.html,0.06908007733993465
sample_09257.html,0.8790157313146533
sample_02672.html,0.5437145814917561
sample_03678.html,0.13578921458237522
sample_06844.html,0.9868593283998034
sample_01527.html,0.9868593283998034
sample_03585.html,0.9262696621772145
sample_08574.html,0.8000447554942858
sample_02345.html,0.5144064485001184
sample_03925.html,0.5678336853671372
sample_01917.html,0.15009372949931832
sample_06510.html,0.04591084006272977
sample_01322.html,0.9307970616408602
sample_01142.html,0.9810077073402252
sample_07891.html,0.8397961483077154
sample_08295.html,0.7050762374481235
sample_03404.html,0.8207999414913345
sample_01557.html,0.9563413267540892
sample_04820.html,0.5722586825093857
sample_02906.html,0.03007999570126824
sample_07241.html,0.856347951966386
sample_04068.html,0.029291602597878493
sample_09090.html,0.9005875731357762
sample_08674.html,0.2506039129059059
sample_05809.html,0.6737671339882031
sample_05224.html,0.9513564656443839
sample_09376.html,0.9779662644222119
sample_02542.html,0.8215011256645145
sample_04736.html,0.9756643191379013
sample_01124.html,0.9756643191379013
sample_02726.html,0.22819357176025334
sample_04721.html,0.04184461605870968
sample_02861.html,0.06353208219023289
sample_00816.html,0.8227842680239731
sample_01511.html,0.19509283907364638
sample_04311.html,0.9868593283998034
sample_05984.html,0.8842067947457806
sample_09886.html,0.962705753758242
sample_08683.html,0.9860467714331941
sample_01946.html,0.8792308721251724
sample_01662.html,0.9153449837364452
sample_09250.html,0.9342605537317278
sample_05102.html,0.9786361559673039
sample_04142.html,0.6737045460596821
sample_02467.html,0.9786361559673039
sample_04629.html,0.055287795585342865
sample_08905.html,0.06371283706097719
sample_02314.html,0.021658592818169137
sample_05946.html,0.8534708239815597
sample_03408.html,0.5969549289329487
sample_04903.html,0.9424415862973808
sample_09831.html,0.0345096631367376
sample_05769.html,0.9751086843235683
sample_01507.html,0.8089035063216182
sample_02048.html,0.7648703936365987
sample_03328.html,0.07633955868625997
sample_04514.html,0.8299728953351508
sample_09543.html,0.03264676762285369
sample_08603.html,0.8459189056992368
sample_01966.html,0.9587305878775527
sample_00516.html,0.05538089075447167
sample_07593.html,0.04165490827574184
sample_08668.html,0.7114925556428032
sample_08720.html,0.9457424275869467
sample_03760.html,0.6505520368908713
sample_07506.html,0.9851111559006923
sample_02702.html,0.04110918347725109
sample_09387.html,0.5979665342790862
sample_06505.html,0.046119485762648606
sample_00933.html,0.03558425791347534
sample_06722.html,0.0586268055847237
sample_03281.html,0.02493988442204701
sample_05038.html,0.5725319253627943
sample_02370.html,0.9361530367299349
sample_04077.html,0.04969475996053454
sample_01391.html,0.4396558983461974
sample_01789.html,0.9893836849667789
sample_05945.html,0.9057958777078136
sample_04278.html,0.9659748985173421
sample_00373.html,0.8777657777419091
sample_00748.html,0.9604027026546873
sample_07209.html,0.153675218857598
sample_08568.html,0.9356374669437811
sample_07060.html,0.03419665394955907
sample_05017.html,0.9868593283998034
sample_03940.html,0.08917995392239043
sample_04409.html,0.8283720396972094
sample_08316.html,0.4610097444159915
sample_07358.html,0.12016545667287958
sample_02363.html,0.8451039639379876
sample_08805.html,0.026592269369548293
sample_02643.html,0.6374033080573954
sample_09400.html,0.9846581142883489
sample_05301.html,0.14073623843529415
sample_05798.html,0.05861846752537587
sample_08947.html,0.2964610007856475
sample_06578.html,0.08529686279919775
sample_05598.html,0.9154129923365855
sample_03230.html,0.09027986571865132
sample_03995.html,0.9795998079160567
sample_06011.html,0.9815880582221648
sample_01964.html,0.9215279674057668
sample_09219.html,0.9406127387710128
sample_04820.html,0.17095593473242215
sample_02316.html,0.9893836849667789
sample_07058.html,0.43643941188434326
sample_09772.html,0.3342640838229444
sample_01230.html,0.027094546463474766
sample_05894.html,0.8576506338190194
sample_02551.html,0.2884731966575432
sample_08306.html,0.9458891614133976
sample_00236.html,0.0467920486760457
sample_06126.html,0.8680724184960252
sample_03384.html,0.9659748985173421
sample_01299.html,0.11488415043550287
sample_02532.html,0.9410096066216209
sample_09428.html,0.16605633601631897
sample_02803.html,0.9573379439476966
sample_07803.html,0.6527774891804545
sample_09640.html,0.09015824070694321
sample_05753.html,0.08630801942379054
sample_00483.html,0.03737121994844827
sample_07352.html,0.9424948852184374
sample_00506.html,0.03737121994844827
sample_05669.html,0.9475118244864227
sample_08949.html,0.0765547012769091
sample_09754.html,0.97830900595342
sample_00477.html,0.7238607935009609
sample_04506.html,0.9812828486503075
sample_04408.html,0.9465525655562355
sample_05401.html,0.08517813640512374
sample_04162.html,0.02033365471735363
sample_04441.html,0.057689408529634306
sample_05681.html,0.04598434690550416
sample_00822.html,0.05021258139716696
sample_07381.html,0.8998979027689116
sample_01795.html,0.51611858378531
sample_02144.html,0.1640653976560433
sample_03073.html,0.8836114818083338
sample_09556.html,0.9388820487130896
sample_05477.html,0.9250785725802515
sample_04663.html,0.04001543443841042
sample_05009.html,0.9893836849667789
sample_02596.html,0.12890401435723617
sample_04082.html,0.21954943102931088
sample_03288.html,0.7359798802834375
sample_06876.html,0.030922073096909006
sample_01315.html,0.8819770623652844
sample_01965.html,0.2635130677038499
sample_02429.html,0.09093321110379303
sample_06154.html,0.020408279945853727
sample_07285.html,0.05536037700069411
sample_04210.html,0.48286874278482683
sample_04403.html,0.10311731728322879
sample_05302.html,0.8459189056992368
sample_00199.html,0.9846345121085107
sample_03977.html,0.7366836867832901
sample_04866.html,0.9573379439476966
sample_03588.html,0.8414112364295532
sample_01060.html,0.8879767946628597
sample_03518.html,0.8753119148835935
sample_07049.html,0.03066803010642061
sample_00282.html,0.6063084081692646
sample_08792.html,0.9554286320655814
sample_08636.html,0.6587543620357156
sample_06290.html,0.4951214741333387
sample_06234.html,0.04073680065145413
sample_05409.html,0.8242193718828041
sample_08396.html,0.9694886989355683
sample_00089.html,0.9600191001099986
sample_03456.html,0.9047998111656701
sample_03048.html,0.9666234880059787
sample_03660.html,0.03737121994844827
sample_00719.html,0.04971625209832755
sample_06282.html,0.9578509964299073
sample_06265.html,0.9314543873758115
sample_02255.html,0.9737058320441595
sample_05807.html,0.9798677955703391
sample_03759.html,0.10940044466529325
sample_05523.html,0.969293342991723
sample_02991.html,0.09018058305150657
sample_06302.html,0.07681389814400685
sample_07696.html,0.216284172905692
sample_00021.html,0.018638216322669963
sample_04240.html,0.051839777313286955
sample_03364.html,0.053246694558724154
sample_00838.html,0.9554286320655814
sample_06344.html,0.02047700183455066
sample_03204.html,0.9568746688856292
sample_01342.html,0.021088168396766034
sample_07815.html,0.9350503266425703
sample_04083.html,0.9867040690830529
sample_05153.html,0.9694470522393351
sample_08047.html,0.9475118244864227
sample_02211.html,0.7353024014131428
sample_04261.html,0.9767811328674848
sample_09080.html,0.9846345121085107
sample_00164.html,0.11062326691159612
sample_08969.html,0.14589602945119517
sample_04363.html,0.6092606546010557
sample_04411.html,0.1796272425024836
sample_03496.html,0.7516377936541826
sample_05745.html,0.11916389828814952
sample_07162.html,0.05526986544655983
sample_06448.html,0.8560756061043971
sample_06581.html,0.1265379938323792
sample_00087.html,0.990535635210493
sample_00854.html,0.4457619168040237
sample_07608.html,0.9562611213977954
sample_07351.html,0.055853033674479434
sample_04566.html,0.37320344296104596
sample_06996.html,0.48616128444909273
sample_03072.html,0.6134318703477181
sample_06538.html,0.9014047707144524
sample_01831.html,0.5876638350653349
sample_04079.html,0.9869655840786847
sample_08762.html,0.07118497496991326
sample_08143.html,0.878298194669373
sample_01607.html,0.8010369890455349
sample_06292.html,0.9756295716460539
sample_08180.html,0.967447362568981
sample_07306.html,0.9800903522874824
sample_01240.html,0.9804000495026689
sample_09138.html,0.03477140297575225
sample_00144.html,0.9808593122723562
sample_05532.html,0.07433854492022585
sample_09442.html,0.15920422101058265
sample_07214.html,0.9844712749483112
sample_02327.html,0.9475118244864227
sample_00967.html,0.60318483685804
sample_04057.html,0.9867040690830529
sample_07361.html,0.08732973936572402
sample_03270.html,0.05180989537838105
sample_09271.html,0.9869655840786847
sample_05368.html,0.9274280009803293
sample_07025.html,0.08993940323814127
sample_05817.html,0.13301334141465565
sample_08207.html,0.48002335697320064
sample_09262.html,0.044701505226560724
sample_00737.html,0.8089035063216182
sample_06646.html,0.4226771826607704
sample_02796.html,0.983956357725955
sample_02512.html,0.12258055226658629
sample_00465.html,0.9868593283998034
sample_08725.html,0.04911335052024663
sample_01236.html,0.9893836849667789
sample_07323.html,0.7423346904167493
sample_09052.html,0.9870523362971486
sample_03437.html,0.9497440062340125
sample_07080.html,0.08022256600959633
sample_04520.html,0.2289686231123944
sample_08530.html,0.9846345121085107
sample_06237.html,0.31505299831353734
sample_05935.html,0.9869655840786847
sample_01049.html,0.9815880582221648
sample_02917.html,0.04519156683377729
sample_08875.html,0.5022579431353646
sample_05488.html,0.9670754092564351
sample_09728.html,0.2578252091399618
sample_04502.html,0.0802673386934369
sample_08214.html,0.9810077073402252
sample_05499.html,0.03504166852898023
sample_05672.html,0.9554286320655814
sample_06968.html,0.12851788260364078
sample_02530.html,0.9573379439476966
sample_07396.html,0.047298793103897466
sample_01146.html,0.040996217503935506
sample_08930.html,0.5227110823111015
sample_05932.html,0.6911250509437251
sample_01885.html,0.03737121994844827
sample_08761.html,0.9573379439476966
sample_01477.html,0.16619292210318837
sample_01562.html,0.0704878798059037
sample_01759.html,0.07378447546605296
sample_08001.html,0.3533115884756485
sample_06376.html,0.9522597070631239
sample_05858.html,0.8777460163438604
sample_09425.html,0.13220467279736958
sample_09300.html,0.8586311268323665
sample_05096.html,0.06660327318926658
sample_04851.html,0.8423672119067928
sample_07400.html,0.9753071396453898
sample_02239.html,0.045560289422042
sample_03795.html,0.898393643024758
sample_03283.html,0.2581479904455275
sample_02901.html,0.9865028066619714
sample_02594.html,0.5377248005072367
sample_01947.html,0.03854580998812717
sample_04004.html,0.06781626767916801
sample_00838.html,0.03737121994844827
sample_01195.html,0.990535635210493
sample_01687.html,0.5687800826053081
sample_05840.html,0.04141586515002865
sample_03768.html,0.0179773927560698
sample_03865.html,0.10182056657107619
sample_08511.html,0.04210573642096673
sample_02926.html,0.3022672740414288
sample_06355.html,0.9815988146541721
sample_08166.html,0.054498497772848445
sample_03303.html,0.940848136815962
sample_02234.html,0.3325859875804814
sample_08886.html,0.49613735978656875
sample_09375.html,0.6537640670219591
sample_01054.html,0.946991724631793
sample_07432.html,0.2397254298657234
sample_02828.html,0.08841788885647744
sample_06866.html,0.0271167047556055
sample_08522.html,0.9475118244864227
sample_00681.html,0.7325304354304275
sample_05147.html,0.024569364239727342
sample_00756.html,0.9782174408616517
sample_09341.html,0.08742284215163879
sample_07833.html,0.2688238728237391
sample_05081.html,0.9345583680726878
sample_01569.html,0.057520106728010986
sample_03448.html,0.8321920616498564
sample_05397.html,0.7175847320636263
sample_00251.html,0.9688840477727776
sample_05826.html,0.751015907088463
sample_02673.html,0.05594291892418854
sample_06654.html,0.9690040528135195
sample_08901.html,0.1053833873234574
sample_06800.html,0.962705753758242
sample_09887.html,0.5913247100512087
sample_00934.html,0.48393551221119074
sample_02217.html,0.9182788331948515
sample_01169.html,0.9860467714331941
sample_08398.html,0.9694210824003191
sample_09579.html,0.5000572112872078
sample_09360.html,0.19848469439648206
sample_03857.html,0.8120515314483487
sample_06427.html,0.024299301762150585
sample_09608.html,0.9342425851594246
sample_02556.html,0.04363407935465915
sample_01091.html,0.990535635210493
sample_09612.html,0.9495072792402067
sample_00758.html,0.04960758507349852
sample_01089.html,0.6578565511768856
sample_02856.html,0.22125510177036886
sample_07002.html,0.1250562078561754
sample_04802.html,0.05248527828525792
sample_05592.html,0.03617861722023379
sample_01466.html,0.10539310235584685
sample_05552.html,0.8699265030140303
sample_07539.html,0.8428126839353042
sample_03891.html,0.9840974886776476
sample_04780.html,0.21671646820209758
sample_03510.html,0.8664945626274712
sample_08853.html,0.7761976437519117
sample_06339.html,0.969994816560759
sample_08148.html,0.9708454531361358
sample_02713.html,0.8452844428091137
sample_00332.html,0.18791973494702197
sample_09662.html,0.3950442588946009
sample_03285.html,0.379109304281244
sample_07500.html,0.2132224089491384
sample_08777.html,0.06926469424868095
sample_09289.html,0.9729078872715589
sample_08868.html,0.19921940797229365
sample_08574.html,0.10129657893232977
sample_06495.html,0.1296688143080991
sample_01219.html,0.10155681122435625
sample_04639.html,0.9657739683272368
sample_03895.html,0.9916674938981441
sample_06220.html,0.25575318672456393
sample_03144.html,0.9475118244864227
sample_02340.html,0.6003835845051784
sample_02134.html,0.9447908658682849
sample_06454.html,0.04108735045860903
sample_01956.html,0.4735183024007971
sample_07014.html,0.8548822083658976
sample_09404.html,0.9206357952093372
sample_09849.html,0.9643591393434408
sample_05836.html,0.02946865674826135
sample_01308.html,0.07856469950543495
sample_05028.html,0.7423346904167493
sample_06912.html,0.9481962225889052
sample_00573.html,0.9928557581750139
sample_09892.html,0.9657739683272368
sample_02031.html,0.2575420847649855
sample_04041.html,0.9695144017468131
sample_02001.html,0.025228765426835723
sample_06453.html,0.48272676007594184
sample_01905.html,0.41478971905324985
sample_02378.html,0.03928678119378022
sample_02093.html,0.9178003344079353
sample_00591.html,0.8655955302298173
sample_08170.html,0.9842614904094915
sample_07170.html,0.04726072574951716
sample_09589.html,0.9703974918388263
sample_00877.html,0.49068383125454423
sample_03899.html,0.9532959458220798
sample_00754.html,0.6871329755098631
sample_06700.html,0.15719401585199053
sample_04945.html,0.9810077073402252
sample_09629.html,0.034038989376972556
sample_08853.html,0.3523690600323075
sample_04871.html,0.02889038812826456
sample_02099.html,0.8749869834085562
sample_09010.html,0.03420739131273964
sample_08643.html,0.9727606546674901
sample_07636.html,0.036629829418480725
sample_02120.html,0.25431414025585836
sample_06841.html,0.04761261485478578
sample_00077.html,0.9649265844815805
sample_07344.html,0.9870523362971486
sample_07085.html,0.6299098123925317
sample_04093.html,0.729559944465173
sample_04490.html,0.8987676601535531
sample_03027.html,0.884772477858879
sample_07224.html,0.9685250550908031
sample_08440.html,0.9694886989355683
sample_01862.html,0.8976112738713651
sample_02521.html,0.31398320892758896
sample_06804.html,0.19446440407667132
sample_00541.html,0.0432134000605701
sample_09520.html,0.03935305111175318
sample_07386.html,0.08085246345565186
sample_05543.html,0.990535635210493
sample_03521.html,0.702678477853663
sample_07528.html,0.9846345121085107
sample_03483.html,0.8489285993842908
sample_03596.html,0.22815808447732797
sample_06809.html,0.020008556965447878
sample_02719.html,0.3950252705726639
sample_03555.html,0.739836275071028
sample_02880.html,0.024834843834915243
sample_08466.html,0.7005235543095512
sample_08155.html,0.9869655840786847
sample_08665.html,0.8953314073858512
sample_08778.html,0.9566648118412405
sample_09174.html,0.9345144329451216
sample_02720.html,0.8550847445069633
sample_04030.html,0.05611692541454537
sample_08642.html,0.02106048404001332
sample_02065.html,0.6994573460776807
sample_03985.html,0.5322188825763429
sample_00164.html,0.9573379439476966
sample_05792.html,0.1990027133111532
sample_06244.html,0.028577324864744576
sample_09985.html,0.14766275719656372
sample_05381.html,0.17436835011847146
sample_06294.html,0.04974367331837972
sample_02867.html,0.9893836849667789
sample_07722.html,0.32998753563351013
sample_06481.html,0.5465210060286194
sample_00692.html,0.9458891614133976
sample_02555.html,0.12491787512376923
sample_05434.html,0.03228850945824515
sample_08616.html,0.6737495683607256
sample_07153.html,0.29187378026030725
sample_01969.html,0.03556681677893199
sample_02352.html,0.8373940047437568
sample_00301.html,0.8842067947457806
sample_05690.html,0.03078644615393344
sample_06642.html,0.9147847736145366
sample_09183.html,0.3850317728936917
sample_01466.html,0.9868593283998034
sample_04068.html,0.8713328222517254
sample_03802.html,0.020979361178156186
sample_05512.html,0.9843253392339684
sample_05885.html,0.8980068059047949
sample_00235.html,0.9810077073402252
sample_09864.html,0.06329033398684379
sample_03564.html,0.9291210975224184
sample_04472.html,0.9181304625438858
sample_09892.html,0.037697418337216966
sample_03867.html,0.8541488616838088
sample_01410.html,0.974650553132312
sample_08626.html,0.1980983641805228
sample_09313.html,0.9322600616238962
sample_04670.html,0.03737121994844827
sample_09893.html,0.12517043973837255
sample_05177.html,0.990535635210493
sample_06028.html,0.8546181914377468
sample_06786.html,0.8309206736472823
sample_09106.html,0.01806467177880958
sample_00285.html,0.9672240697579764
sample_02104.html,0.8791667544286793
sample_09506.html,0.6237828605533714
sample_08657.html,0.6172235454172132
sample_07360.html,0.9756643191379013
sample_08296.html,0.9810994886478284
sample_02519.html,0.08536986663382401
sample_09065.html,0.366695450040786
sample_07157.html,0.8591703487508486
sample_09622.html,0.02373454660870116
sample_04910.html,0.9125535561633626
sample_09515.html,0.3127218407027671
sample_06534.html,0.42229819193563295
sample_09201.html,0.03888380501742347
sample_04306.html,0.11880682064986106
sample_04165.html,0.7869687315048629
sample_05061.html,0.3575422839274372
sample_01890.html,0.9821301174812453
sample_04746.html,0.17191129624617227
sample_06029.html,0.02261125328757261
sample_09216.html,0.7063333362305148
sample_00155.html,0.3423929413299535
sample_07874.html,0.6876183696078577
sample_08111.html,0.05884046978612925
sample_07309.html,0.9803640741771179
sample_09861.html,0.0754241945905252
sample_02996.html,0.0901396575633288
sample_05128.html,0.7201347412118212
sample_09028.html,0.893629415503668
sample_06218.html,0.9740952934405857
sample_01474.html,0.9570787256040874
sample_07168.html,0.9567646766958692
sample_05912.html,0.09245275797367464
sample_07767.html,0.06066137248784614
sample_04775.html,0.05318432661794246
sample_07590.html,0.9806264475418569
sample_07881.html,0.6753040694742993
sample_06242.html,0.8128076043858893
sample_04073.html,0.9893836849667789
sample_04891.html,0.20620291866509105
sample_07663.html,0.06413791213291543
sample_08073.html,0.3572290958166481
sample_00041.html,0.9324378025046197
sample_05408.html,0.47774225316143515
sample_03522.html,0.04380649045266375
sample_02457.html,0.35867857721431007
sample_09435.html,0.8133119295605641
sample_06916.html,0.4899506094874445
sample_00585.html,0.03710140744465557
sample_01176.html,0.9800049233938897
sample_02287.html,0.9868593283998034
sample_09996.html,0.2682716308533942
sample_04458.html,0.8521514704923189
sample_03304.html,0.3530578759038519
sample_03138.html,0.04516391857061829
sample_03949.html,0.030232293602214064
sample_07200.html,0.0418355603397474
sample_01424.html,0.9596934541208564
sample_08249.html,0.06017457786260991
sample_05112.html,0.9241138269385387
sample_07328.html,0.05092918936329871
sample_02481.html,0.20928136013775456
sample_09518.html,0.9356374669437811
sample_05122.html,0.5640709004216563
sample_01963.html,0.9690345596801355
sample_04151.html,0.06778384308854916
sample_07889.html,0.6080501048776848
sample_06267.html,0.16844694406966162
sample_00859.html,0.9846345121085107
sample_08267.html,0.017736300065090152
sample_08070.html,0.025992754500558695
sample_03535.html,0.09389868101351963
sample_05906.html,0.03281245879482086
sample_01758.html,0.22356189351985165
sample_04434.html,0.06933314338761211
sample_03875.html,0.06778384308854916
sample_04956.html,0.9076707270015675
sample_08659.html,0.9275185174915608
sample_05452.html,0.21187274934114833
sample_01066.html,0.9868593283998034
sample_02940.html,0.9278892344221972
sample_04313.html,0.08455725250078182
sample_03646.html,0.1378689964465889
sample_01002.html,0.8909905686271045
sample_02503.html,0.2997132408152544
sample_05579.html,0.04574736453937744
sample_02425.html,0.030523381005985516
sample_02869.html,0.028672230953467746
sample_03623.html,0.8123863072567432
sample_01961.html,0.516115610898078
sample_01038.html,0.23100155430843927
sample_06629.html,0.49173434715983766
sample_04922.html,0.9631748300344014
sample_07637.html,0.03724561389977213
sample_09847.html,0.9812828486503075
sample_08106.html,0.03913021767804588
sample_03382.html,0.8295911877208547
sample_07989.html,0.5826748381974304
sample_06773.html,0.9653311085872738
sample_02006.html,0.1734372055170409
sample_07272.html,0.12574839138511176
sample_05373.html,0.9687334376596167
sample_04134.html,0.0339258629932189
sample_04425.html,0.08634115191331736
sample_03820.html,0.01733006890426577
sample_05609.html,0.9573379439476966
sample_00724.html,0.041816449005628795
sample_01640.html,0.05552236689873856
sample_06768.html,0.02069819288295021
sample_02621.html,0.5814677576962439
sample_05565.html,0.21837398800853525
sample_01819.html,0.09919176570778264
sample_04842.html,0.747814029362618
sample_07690.html,0.4665853998239452
sample_05528.html,0.11724863997571347
sample_06428.html,0.15368746856870102
sample_02475.html,0.040069356235211614
sample_06701.html,0.11418052273926359
sample_04716.html,0.6285073808840882
sample_03636.html,0.9810077073402252
sample_04532.html,0.886800541241433
sample_05607.html,0.8712867483618724
sample_03235.html,0.9153449837364452
sample_02043.html,0.9868593283998034
sample_02022.html,0.9578509964299073
sample_02371.html,0.9093758260898532
sample_02423.html,0.24482081907911835
sample_00281.html,0.10642994407406728
sample_04613.html,0.9860467714331941
sample_07667.html,0.06263692794131295
sample_07027.html,0.5471317345494494
sample_01094.html,0.9815880582221648
sample_06698.html,0.7647113983398285
sample_05566.html,0.962705753758242
sample_02975.html,0.14702349936788725
sample_01532.html,0.09805685554604311
sample_05548.html,0.028153040285599965
sample_02668.html,0.015072563347496383
sample_09785.html,0.687227446001746
sample_03414.html,0.7389063908092399
sample_07381.html,0.16283849982198176
sample_08219.html,0.6244026070684102
sample_04895.html,0.9566648118412405
sample_04126.html,0.9380213027106931
sample_00365.html,0.6331530804386433
sample_08709.html,0.964363581679098
sample_04811.html,0.9554286320655814
sample_03685.html,0.76953928596888
sample_06805.html,0.10861271184727966
sample_05281.html,0.966033822973057
sample_04952.html,0.04945857455346929
sample_01535.html,0.020682109931853015
sample_06987.html,0.2774134323718869
sample_03785.html,0.36117351710691115
sample_03488.html,0.8599022409996777
sample_01231.html,0.9631748300344014
sample_00630.html,0.9024002833559879
sample_08172.html,0.0521671313524607
sample_06766.html,0.07299494260851971
sample_01843.html,0.87642468824485
sample_08311.html,0.9573379439476966
sample_04365.html,0.650038945847497
sample_00222.html,0.06239871553193935
sample_01718.html,0.7666101436418788
sample_09198.html,0.042232145882677756
sample_01480.html,0.053415031051395306
sample_08816.html,0.03542640196975412
sample_05164.html,0.08706907259886729
sample_03665.html,0.07884867722777297
sample_06619.html,0.9694886989355683
sample_01976.html,0.08753380117737504
sample_01097.html,0.037721160225960726
sample_01234.html,0.03334459455670977
sample_08523.html,0.029300834407152358
sample_02100.html,0.30540485800951994
sample_03505.html,0.7719870696983752
sample_09191.html,0.8459189056992368
sample_08144.html,0.2801718055515631
sample_00429.html,0.9806264475418569
sample_09142.html,0.9315503118031232
sample_03617.html,0.769923673587322
sample_03792.html,0.3349607914954285
sample_02905.html,0.5404637445105155
sample_03985.html,0.46540446323569945
sample_09098.html,0.9438317718914573
sample_09736.html,0.7415809186792197
sample_09057.html,0.9793208772451474
sample_09290.html,0.09491797112792384
sample_09944.html,0.9928557581750139
sample_06716.html,0.04475984826957213
sample_06807.html,0.9249996587664132
sample_04722.html,0.05449017475477574
sample_06391.html,0.14733226387018553
sample_03158.html,0.910590786712382
sample_03571.html,0.11725320735531494
sample_09699.html,0.06245793979594765
sample_02462.html,0.8842067947457806
sample_04598.html,0.9322600616238962
sample_00666.html,0.9835651528802015
sample_02886.html,0.9815988146541721
sample_08448.html,0.04478577668487657
sample_09563.html,0.1289175364449887
sample_03730.html,0.984250053459502
sample_04747.html,0.07419472181611879
sample_03299.html,0.11189608982327873
sample_06334.html,0.10127245851374725
sample_03528.html,0.055011161364265926
sample_02105.html,0.6771045950852712
sample_09014.html,0.03507781668207137
sample_07094.html,0.5000572112872078
sample_09540.html,0.9752159103468777
sample_09919.html,0.9041565311936275
sample_00024.html,0.8628193439484229
sample_03762.html,0.032017670058050056
sample_04679.html,0.22055175958920065
sample_02403.html,0.8459189056992368
sample_09817.html,0.8759063122458582
sample_05992.html,0.19142956257366145
sample_05573.html,0.2755515588165648
sample_06264.html,0.7963969101316875
sample_07304.html,0.03717114717305738
sample_05717.html,0.9327931414063998
sample_04931.html,0.3156864376457672
sample_08170.html,0.03976296394530148
sample_03654.html,0.914946012091651
sample_06490.html,0.12394032069177248
sample_04590.html,0.0475096208963182
sample_08115.html,0.7637396091855504
sample_00485.html,0.4928407784971461
sample_08456.html,0.9756864530834275
sample_00869.html,0.11620668100941392
sample_09143.html,0.8315484848387545
sample_00642.html,0.8193915323776355
sample_09432.html,0.2477324607619453
sample_02130.html,0.022150863197546482
sample_08955.html,0.9507907720751084
sample_04279.html,0.9619620405709456
sample_09792.html,0.18522922112655904
sample_08461.html,0.42370763188420824
sample_05474.html,0.04955640572792636
sample_09572.html,0.8031542926539412
sample_06899.html,0.98037732140348
sample_05819.html,0.9448629782122765
sample_02785.html,0.7829683070848665
sample_05734.html,0.9096957270168614
sample_09524.html,0.13155680773686038
sample_04484.html,0.8671334143838154
sample_07910.html,0.8325952508538449
sample_07673.html,0.03334459455670977
sample_02529.html,0.0556124766653395
sample_05864.html,0.20739663150919851
sample_00182.html,0.9542214519293485
sample_05405.html,0.6244026070684102
sample_05289.html,0.7132465033448276
sample_05591.html,0.2375396397488654
sample_04128.html,0.56060945245968
sample_04001.html,0.6662171098092422
sample_09340.html,0.9641024473565002
sample_02778.html,0.9732192344513451
sample_04379.html,0.8150676048446868
sample_05475.html,0.4977540823559275
sample_09385.html,0.9868593283998034
sample_05234.html,0.3250399247841574
sample_00004.html,0.24368855534243736
sample_02089.html,0.37452895149126214
sample_05433.html,0.3233292021868102
sample_00072.html,0.446771938023113
sample_07942.html,0.03755994618921215
sample_04419.html,0.33203328409612404
sample_06696.html,0.022234187373265803
sample_07007.html,0.07524835716773028
sample_05440.html,0.04732462030726887
sample_00839.html,0.12648826239480665
sample_01469.html,0.6741054533011787
sample_06915.html,0.03447073807182946
sample_04524.html,0.9147847736145366
sample_06556.html,0.7964864241046583
sample_06227.html,0.9798677955703391
sample_06548.html,0.5613320397144317
sample_00959.html,0.03334459455670977
sample_04625.html,0.9273217317665324
sample_05189.html,0.04695684249910755
sample_01273.html,0.029301228016945458
sample_04452.html,0.48735318587569937
sample_04402.html,0.978141622893984
sample_07965.html,0.9554286320655814
sample_05070.html,0.06535475660910338
sample_04261.html,0.026092397622701314
sample_08793.html,0.2879918231162695
sample_02925.html,0.08777172770385372
sample_06720.html,0.09450524961018236
sample_01077.html,0.2602605923274173
sample_06656.html,0.9364587599176913
sample_06918.html,0.23805280772718224
sample_04412.html,0.04668081046818027
sample_08217.html,0.9161896976851096
sample_02115.html,0.021637341504049053
sample_08815.html,0.04048595653755811
sample_00393.html,0.844300356406944
sample_08787.html,0.9844712749483112
sample_09090.html,0.2793302547514062
sample_08775.html,0.5625334629787135
sample_05600.html,0.9756864530834275
sample_05755.html,0.9868593283998034
sample_00645.html,0.5892046185142935
sample_01829.html,0.018358230068806436
sample_03295.html,0.06859111413066968
sample_03567.html,0.42629207138747105
sample_07968.html,0.8181286047654706
sample_04204.html,0.06275315300004243
sample_01663.html,0.97830900595342
sample_08387.html,0.025102662908365794
sample_09232.html,0.24593250282057852
sample_08384.html,0.4772270960342675
sample_05525.html,0.06812187696618563
sample_03748.html,0.8472626283785627
sample_02441.html,0.33304899154586937
sample_09534.html,0.2390629698143391
sample_02857.html,0.026243072846710045
sample_07495.html,0.12483963788843615
sample_00955.html,0.9740520116046455
sample_06346.html,0.2593165241363711
sample_04325.html,0.04143440436591405
sample_08541.html,0.9641024473565002
sample_00695.html,0.02324004660876473
sample_00327.html,0.7450730369944227
sample_00156.html,0.26261185680586296
sample_08733.html,0.9893836849667789
sample_03681.html,0.046492185750135626
sample_07952.html,0.9610452033672952
sample_05487.html,0.8738498959722538
sample_02063.html,0.04021914261619206
sample_02862.html,0.9628081973396362
sample_09487.html,0.9806264475418569
sample_03669.html,0.49518344819125104
sample_01005.html,0.36818649321552643
sample_05714.html,0.8393094286579511
sample_05393.html,0.9846345121085107
sample_04681.html,0.9844601090253062
sample_08021.html,0.24115113795084972
sample_08907.html,0.9145082448136433
sample_09729.html,0.05347564542282494
sample_06990.html,0.2161273377846093
sample_07700.html,0.969293342991723
sample_02994.html,0.8836388397024741
sample_08922.html,0.9103175271111625
sample_09523.html,0.951963016607652
sample_02578.html,0.06778384308854916
sample_07661.html,0.4272186661838392
sample_08560.html,0.9323456309204616
sample_02687.html,0.33436754474432245
sample_07046.html,0.9425999910468272
sample_03267.html,0.44546804213767494
sample_02706.html,0.5175452472024067
sample_07938.html,0.04549644423137404
sample_03359.html,0.9644433540940622
sample_02751.html,0.8531498041688466
sample_08449.html,0.9532424294649569
sample_06582.html,0.1355026375637223
sample_01635.html,0.2936291774151504
sample_07358.html,0.8028780400029607
sample_03363.html,0.06558876095745729
sample_01754.html,0.03405012645398438
sample_06157.html,0.9463630945482319
sample_08126.html,0.07902211141917746
sample_05616.html,0.18041700784488443
sample_02776.html,0.5729354554868613
sample_05998.html,0.9868593283998034
sample_05703.html,0.9659879688075379
sample_04488.html,0.058530975143907114
sample_04160.html,0.5541399016467774
sample_06051.html,0.3582958378417231
sample_05205.html,0.03186663075739958
sample_06499.html,0.8465338458437017
sample_09133.html,0.8191064565026306
sample_01947.html,0.9869655840786847
sample_08065.html,0.9755585623209622
sample_00184.html,0.9250785725802515
sample_08758.html,0.30423151666762344
sample_06233.html,0.5764185640629574
sample_02428.html,0.3345162312565297
sample_06649.html,0.04861394664287424
sample_00872.html,0.9500667032431649
sample_03937.html,0.026482758579596154
sample_05622.html,0.8836388397024741
sample_02974.html,0.526484712034489
sample_03809.html,0.4809976590317803
sample_05567.html,0.049863950289464734
sample_07186.html,0.047150829391557424
sample_04269.html,0.07280156369802596
sample_09378.html,0.08407398055395925
sample_07933.html,0.9868593283998034
sample_07754.html,0.6380609104512583
sample_05613.html,0.9868593283998034
sample_02291.html,0.038157007153061404
sample_08736.html,0.26802347163066886
sample_05208.html,0.04190788540345874
sample_05462.html,0.43174415262774235
sample_04002.html,0.05910126001011694
sample_06959.html,0.02770222210919097
sample_01808.html,0.8391331221903452
sample_05758.html,0.9573529392576838
sample_00774.html,0.6737671339882031
sample_01550.html,0.0381730366237332
sample_04265.html,0.8414227617711911
sample_00753.html,0.9778068631365479
sample_07655.html,0.9868593283998034
sample_00759.html,0.12258055226658629
sample_02889.html,0.8357972815409415
sample_06057.html,0.4331336689810837
sample_05490.html,0.9755168475888745
sample_02942.html,0.6952654362096831
sample_03650.html,0.9869655840786847
sample_01883.html,0.05867474833093338
sample_06621.html,0.928335771225289
sample_02074.html,0.5123624899173141
sample_02550.html,0.9373379203260243
sample_00046.html,0.8664945626274712
sample_05093.html,0.5558654015345164
sample_02653.html,0.3728907619372688
sample_03119.html,0.031009964708039284
sample_02503.html,0.9107983214403843
sample_06826.html,0.11785492430384316
sample_02076.html,0.9611138366572192
sample_01007.html,0.1594638698358003
sample_05782.html,0.2882168965132815
sample_05012.html,0.06338596540660058
sample_08061.html,0.04429987103278257
sample_03818.html,0.9250785725802515
sample_09951.html,0.9679539823724285
sample_00329.html,0.7849859371510903
sample_03291.html,0.28325069313844203
sample_08947.html,0.26279344936616716
sample_04549.html,0.09149552473365455
sample_01055.html,0.09247531964138571
sample_00003.html,0.061603622135507526
sample_04374.html,0.08817485594110606
sample_02088.html,0.20202728460179137
sample_04898.html,0.10493325651396931
sample_07734.html,0.8029174325648193
sample_07325.html,0.9756078200842444
sample_03598.html,0.6103944407534218
sample_01501.html,0.981772900728032
sample_08116.html,0.9560512748991745
sample_03449.html,0.7856787287532344
sample_07667.html,0.7704461426612508
sample_05643.html,0.990535635210493
sample_09575.html,0.33880877522212405
sample_08381.html,0.09236405846413152
sample_08199.html,0.8459189056992368
sample_00134.html,0.8119005754266138
sample_08038.html,0.060311646999762006
sample_09538.html,0.06829579707425842
sample_05627.html,0.5048159233846575
sample_03673.html,0.528064831436177
sample_08681.html,0.8096418736100587
sample_08700.html,0.9893836849667789
sample_05871.html,0.8064048901744539
sample_07549.html,0.02882686236156445
sample_07736.html,0.26279344936616716
sample_09505.html,0.3684536820888888
sample_00755.html,0.7134829498253626
sample_00780.html,0.13434722437236865
sample_01794.html,0.0675434331499358
sample_00886.html,0.140584250697975
sample_05033.html,0.990535635210493
sample_00603.html,0.09522488162274177
sample_02140.html,0.23652031094333167
sample_00754.html,0.8973433086123932
sample_02980.html,0.021396392347222674
sample_09826.html,0.046467023092167
sample_06700.html,0.38294199073376733
sample_06630.html,0.08063044767133273
sample_09975.html,0.7431742274127303
sample_06269.html,0.31119626299854575
sample_06966.html,0.6443060903376052
sample_07112.html,0.9587305878775527
sample_00832.html,0.8471602586640189
sample_04999.html,0.3039917548924699
sample_02340.html,0.6837463989305722
sample_09358.html,0.9356374669437811
sample_01495.html,0.9076707720019976
sample_06740.html,0.9169063978149136
sample_00565.html,0.04499452547711948
sample_05459.html,0.7987284138341868
sample_01775.html,0.31089814428334317
sample_07851.html,0.930365098942853
sample_06924.html,0.3555434526378645
sample_06096.html,0.7475171996706884
sample_00331.html,0.9726527772630595
sample_04226.html,0.9740952934405857
sample_04865.html,0.9755873533593817
sample_02057.html,0.8738498959722538
sample_05330.html,0.395431404366375
sample_00772.html,0.9153449837364452
sample_04059.html,0.041755501592857944
sample_07239.html,0.9815373612081991
sample_01886.html,0.029240752134347334
sample_01434.html,0.23973869210600862
sample_07813.html,0.1632482609425546
sample_05259.html,0.09064576912454234
sample_04086.html,0.2652525720530566
sample_00381.html,0.3836020511011446
sample_00951.html,0.18003064511801598
sample_02449.html,0.8285964444976158
sample_05960.html,0.45141019678133204
sample_06471.html,0.33074713324405197
sample_07329.html,0.9231178828217171
sample_09033.html,0.030496857250084226
sample_07173.html,0.9846345121085107
sample_02005.html,0.2776170391723221
sample_02744.html,0.9665271059947582
sample_06869.html,0.04689127550015225
sample_06554.html,0.8664945626274712
sample_00697.html,0.4396814491748595
sample_05055.html,0.8590311581207505
sample_03438.html,0.07245692555574275
sample_08642.html,0.05406593486008691
sample_06756.html,0.06805217425373893
sample_05584.html,0.023242816459678517
sample_05456.html,0.5229663497708942
sample_06317.html,0.9119675255052596
sample_01589.html,0.9815880582221648
sample_06697.html,0.05802606769621273
sample_07238.html,0.03545986973644909
sample_06364.html,0.8321830700258627
sample_06083.html,0.9573379439476966
sample_00408.html,0.8437412244715947
sample_04497.html,0.031793614851409975
sample_06014.html,0.9249719389378892
sample_07714.html,0.01484279131184103
sample_07387.html,0.08158029160047846
sample_05730.html,0.2915004473511145
sample_03358.html,0.45356950986010103
sample_03105.html,0.8478655339297293
sample_01043.html,0.04217680117046165
sample_04744.html,0.9725386142524477
sample_07496.html,0.9810077073402252
sample_03542.html,0.05315993437749136
sample_02119.html,0.06957695227710597
sample_06101.html,0.9637024429603122
sample_02085.html,0.6606043847419624
sample_01657.html,0.9815880582221648
sample_02230.html,0.06013161526146863
sample_03580.html,0.9526321042925415
sample_09346.html,0.12517043973837255
sample_08811.html,0.025476023295828362
sample_08846.html,0.032961333670789975
sample_00102.html,0.8285964444976158
sample_06537.html,0.8841731153215199
sample_01127.html,0.029528165478609005
sample_03827.html,0.8986900880850318
sample_08009.html,0.9253191530334165
sample_09581.html,0.030735917716268622
sample_09717.html,0.03715641915948695
sample_09543.html,0.9815880582221648
sample_07865.html,0.9381192141633191
sample_02186.html,0.17921118088461807
sample_09727.html,0.6194600101756762
sample_07087.html,0.056804881145768496
sample_01705.html,0.5879266784146706
sample_06935.html,0.9784167779861631
sample_03397.html,0.838315686948668
sample_00209.html,0.03598863282928111
sample_01776.html,0.22184126776276286
sample_02566.html,0.22378606252012778
sample_08268.html,0.030916751213744233
sample_05656.html,0.07582472283826731
sample_08690.html,0.3069986992762162
sample_00675.html,0.8405587175339404
sample_04118.html,0.873701839126457
sample_08141.html,0.032908765532298004
sample_01413.html,0.03595491221650602
sample_01544.html,0.04346553420056427
sample_02395.html,0.2610268906644835
sample_02146.html,0.49019654075244556
sample_04763.html,0.036036742992533025
sample_04554.html,0.9256886017674969
sample_07961.html,0.7950392777891441
sample_06540.html,0.025588226771100883
sample_00992.html,0.5443816452469096
sample_07948.html,0.5227008521382871
sample_02549.html,0.9759738425820064
sample_03843.html,0.2874887753564553
sample_01019.html,0.24309519697333878
sample_06628.html,0.06778384308854916
sample_08819.html,0.9610452033672952
sample_00297.html,0.028623436605398164
sample_03490.html,0.039168387379656666
sample_07147.html,0.963459919267915
sample_03000.html,0.04710760307111346
sample_05727.html,0.03373655582794672
sample_08064.html,0.04871423391042601
sample_01646.html,0.9868593283998034
sample_09395.html,0.5878879762471297
sample_08689.html,0.9843253392339684
sample_09689.html,0.9893836849667789
sample_02788.html,0.8660116641115578
sample_05496.html,0.7890961170834561
sample_08891.html,0.34539786848307896
sample_02243.html,0.03640693460904002
sample_02278.html,0.12323171441889286
sample_04221.html,0.10687971287211456
sample_08036.html,0.01821742602505132
sample_00284.html,0.8548822083658976
sample_05072.html,0.857302055491272
sample_01230.html,0.12471816527041257
sample_08975.html,0.9383552673152112
sample_04216.html,0.7490952962580567
sample_07815.html,0.4282095181731531
sample_06083.html,0.5046677858724121
sample_02579.html,0.9827262761945534
sample_07236.html,0.03614560490022626
sample_08055.html,0.05770295217121462
sample_04896.html,0.22748328367365236
sample_06022.html,0.056690839249219055
sample_03704.html,0.9806264475418569
sample_07833.html,0.6541840172495771
sample_09560.html,0.07994525268210427
sample_06789.html,0.6021136127006934
sample_01146.html,0.8974154065516605
sample_08327.html,0.04762110983130592
sample_00512.html,0.7779816050247929
sample_07010.html,0.14942495019510982
sample_00232.html,0.7842408217543632
sample_08742.html,0.07582472283826731
sample_07629.html,0.9025248519278238
sample_02787.html,0.044113441951391025
sample_00795.html,0.6807164597199489
sample_03962.html,0.9768171889777946
sample_03878.html,0.9806264475418569
sample_07319.html,0.9249607960498124
sample_01941.html,0.2861333272537462
sample_07606.html,0.3018302338524759
sample_04333.html,0.022349889705333723
sample_01006.html,0.8820063507652743
sample_07329.html,0.07880737249638468
sample_06715.html,0.07487504686495094
sample_01814.html,0.04673303382596162
sample_06091.html,0.06802672008445138
sample_09118.html,0.037188115118746
sample_04732.html,0.9659879688075379
sample_02058.html,0.026004288635967994
sample_09357.html,0.026066793766066607
sample_04430.html,0.8650283279676951
sample_03784.html,0.03196149785014947
sample_05557.html,0.9767811328674848
sample_07692.html,0.9099989610263439
sample_03807.html,0.9756787467631728
sample_04536.html,0.7366836867832901
sample_08377.html,0.6703813891948471
sample_04092.html,0.9648429245624599
sample_06931.html,0.939176190040796
sample_00811.html,0.12775977972902786
sample_08743.html,0.04509376059972985
sample_06431.html,0.9249607960498124
sample_04746.html,0.9562611213977954
sample_05372.html,0.9851511397341945
sample_00733.html,0.330859179545858
sample_03324.html,0.9815880582221648
sample_02428.html,0.9823952323822027
sample_04608.html,0.9756787467631728
sample_04253.html,0.07858038807759948
sample_05577.html,0.07744115906505619
sample_02133.html,0.5182244533644218
sample_07973.html,0.34120554323137897
sample_05562.html,0.9460090484668308
sample_09033.html,0.9851111559006923
sample_04090.html,0.061174529617966204
sample_06610.html,0.9756864530834275
sample_06029.html,0.9507907720751084
sample_09852.html,0.9807781239103202
sample_07727.html,0.7154559443673756
sample_07159.html,0.08702335288323287
sample_08810.html,0.023352108494691846
sample_06660.html,0.03457755669978797
sample_00689.html,0.9532424294649569
sample_09747.html,0.9334754230710758
sample_00730.html,0.9252143221534628
sample_04045.html,0.08218172382586687
sample_03199.html,0.1654135841821797
sample_08086.html,0.06591283670458409
sample_05975.html,0.9659748985173421
sample_08628.html,0.06080480139411355
sample_01651.html,0.06386936274431032
sample_03030.html,0.1310072018818663
sample_08836.html,0.7192176325729261
sample_00819.html,0.9475118244864227
sample_07061.html,0.6286254160478543
sample_07493.html,0.15282680277869445
sample_06641.html,0.9790304606724379
sample_05063.html,0.5234205296337872
sample_09726.html,0.8193915323776355
sample_08959.html,0.28291329617287775
sample_04213.html,0.9833306210981497
sample_06074.html,0.0662418250826287
sample_05889.html,0.5177205506122482
sample_02216.html,0.8459189056992368
sample_02640.html,0.037682164901164966
sample_05599.html,0.8325456667355042
sample_07909.html,0.9868593283998034
sample_02849.html,0.03982059161034786
sample_02603.html,0.1673353608892625
sample_04869.html,0.06560424931834657
sample_00614.html,0.47802909291830237
sample_03293.html,0.030408855513969837
sample_07470.html,0.898393643024758
sample_00120.html,0.9867040690830529
sample_09068.html,0.13374138455577417
sample_03612.html,0.06986017838128
sample_08288.html,0.7237026103638382
sample_01064.html,0.9430297612148985
sample_04357.html,0.03814600354302332
sample_01190.html,0.8464007059488406
sample_09637.html,0.990535635210493
sample_08997.html,0.23976040653092923
sample_00413.html,0.976776635424806
sample_03521.html,0.7145801144742366
sample_04493.html,0.1610700461322024
sample_03104.html,0.029810280618028043
sample_04966.html,0.7642434685029188
sample_04664.html,0.9835512494668269
sample_02946.html,0.03737121994844827
sample_07262.html,0.7841418255121594
sample_04225.html,0.03778677453689677
sample_03839.html,0.9283011209337483
sample_09095.html,0.7320707510141199
sample_07034.html,0.5047150280398411
sample_02424.html,0.9034565291213977
sample_06901.html,0.9745409870836778
sample_09623.html,0.8089035063216182
sample_07466.html,0.0584768502529877
sample_05408.html,0.059140139429116126
sample_05414.html,0.9521590541276483
sample_02185.html,0.0441866731078221
sample_04342.html,0.9806264475418569
sample_03600.html,0.4449255404326567
sample_02390.html,0.03737121994844827
sample_09611.html,0.2505340730016888
sample_07415.html,0.1378823978084864
sample_03461.html,0.9363861522296467
sample_07542.html,0.9868593283998034
sample_05800.html,0.03737121994844827
sample_00928.html,0.39902463021627077
sample_06690.html,0.8875214048604295
sample_08103.html,0.045424230558903475
sample_06829.html,0.2984710644480009
sample_06919.html,0.9793208772451474
sample_02898.html,0.7735716626012349
sample_03551.html,0.9502274604969804
sample_03767.html,0.8685725828190575
sample_02419.html,0.10683373541741585
sample_02212.html,0.9870523362971486
sample_04217.html,0.8836388397024741
sample_07614.html,0.04093837542729208
sample_08118.html,0.972003781915718
sample_02554.html,0.6476994875033003
sample_09639.html,0.034355840311469335
sample_04850.html,0.5419143280217511
sample_05442.html,0.22231428305294323
sample_07028.html,0.6612651878798539
sample_03027.html,0.11551184215836297
sample_07812.html,0.22179333724846226
sample_00476.html,0.48601497967256657
sample_04182.html,0.9759738425820064
sample_01713.html,0.9219333579432764
sample_04094.html,0.18731049431622684
sample_07874.html,0.02045292037600265
sample_04003.html,0.05278095373204851
sample_01372.html,0.9617212369032779
sample_08538.html,0.6345803795113654
sample_05865.html,0.9810077073402252
sample_00892.html,0.037968088885801846
sample_02092.html,0.06573894911346526
sample_07351.html,0.7775903605254928
sample_01820.html,0.9806264475418569
sample_04621.html,0.8713328222517254
sample_09785.html,0.0338972820849382
sample_08950.html,0.019335336353009356
sample_08820.html,0.21271402409825632
sample_05206.html,0.9869655840786847
sample_06383.html,0.8675871826865387
sample_03747.html,0.0774900299746821
sample_01370.html,0.44267377040146594
sample_07380.html,0.8668940753096284
sample_07117.html,0.5939231464589988
sample_03848.html,0.9779662644222119
sample_09819.html,0.14434056926034275
sample_00208.html,0.9573379439476966
sample_07278.html,0.04660712115272503
sample_08301.html,0.32457124459016223
sample_05760.html,0.41370943525461307
sample_06898.html,0.8486184840448155
sample_09941.html,0.7979415865346625
sample_09841.html,0.07955648264252563
sample_06890.html,0.05101474867189671
sample_09558.html,0.4240619791883536
sample_03764.html,0.09491590780708827
sample_05970.html,0.9598300400445517
sample_06363.html,0.9867040690830529
sample_07291.html,0.7570716730436265
sample_09299.html,0.6629911462291279
sample_05605.html,0.9554286320655814
sample_08472.html,0.972003781915718
sample_01003.html,0.21897308723441222
sample_09104.html,0.9645148554643264
sample_09008.html,0.8461248610133894
sample_06728.html,0.3422468508169598
sample_09718.html,0.16517543288297593
sample_06270.html,0.3051317734605102
sample_08582.html,0.5239328617961007
sample_01213.html,0.8722448741948146
sample_04526.html,0.01484279131184103
sample_01003.html,0.7497627089745376
sample_06423.html,0.8321790060256948
sample_06792.html,0.8382374307845507
sample_09017.html,0.03408138259614982
sample_03987.html,0.05482313104363944
sample_08887.html,0.9729810779311368
sample_08092.html,0.8590501707079354
sample_01882.html,0.047652668279932225
sample_08844.html,0.02901845486827446
sample_00105.html,0.8499279190584811
sample_05136.html,0.40392627891272387
sample_01369.html,0.8673962550700952
sample_05680.html,0.016954706290017423
sample_01778.html,0.17005650763557548
sample_07251.html,0.18742767999590423
sample_04544.html,0.15884077483568448
sample_03072.html,0.03737121994844827
sample_03296.html,0.9020595861681567
sample_08041.html,0.05376830740154734
sample_06121.html,0.02071999456687757
sample_03017.html,0.045516942900962275
sample_09439.html,0.7931412858337222
sample_04981.html,0.09382331724071595
sample_08475.html,0.3947798053698326
sample_02977.html,0.03344310544340955
sample_02148.html,0.990535635210493
sample_07128.html,0.9223321788716091
sample_07079.html,0.6725183058573722
sample_02943.html,0.12208903301891699
sample_02404.html,0.5794940864234814
sample_02485.html,0.5853703064356346
sample_00635.html,0.8793265882707387
sample_08828.html,0.5859020787906367
sample_00564.html,0.24970453698896614
sample_01735.html,0.932614053609635
sample_04780.html,0.9570575442622599
sample_04783.html,0.8014686055314189
sample_00649.html,0.024233887963062212
sample_04033.html,0.9823549605164936
sample_05651.html,0.11340305754825022
sample_01074.html,0.051050244996085355
sample_09818.html,0.9250785725802515
sample_03356.html,0.040939493498435994
sample_01942.html,0.9185405757350539
sample_09099.html,0.8927609402213543
sample_02834.html,0.7826139409702298
sample_05375.html,0.8713328222517254
sample_05684.html,0.8769446456037638
sample_06632.html,0.9756864530834275
sample_02568.html,0.6737671339882031
sample_06770.html,0.08070315357809951
sample_02802.html,0.2517512101414533
sample_05649.html,0.2592458359168257
sample_03659.html,0.6840554635312887
sample_00048.html,0.9869655840786847
sample_06174.html,0.11255315303123375
sample_09366.html,0.8655675286550558
sample_04533.html,0.9555657030224017
sample_06273.html,0.049321144082558714
sample_02349.html,0.24811523259046447
sample_08313.html,0.95696145525811
sample_06044.html,0.5734473240328415
sample_09757.html,0.9868593283998034
sample_02151.html,0.8495378710013225
sample_08677.html,0.6116611142027216
sample_08981.html,0.8671334143838154
sample_04431.html,0.026391348297642184
sample_07846.html,0.2721726942752656
sample_07390.html,0.8998138199365872
sample_00314.html,0.1783887521030606
sample_08496.html,0.35974211854681987
sample_08646.html,0.027371736547676384
sample_00150.html,0.9223321788716091
sample_02634.html,0.9808593122723562
sample_08188.html,0.6910083824455147
sample_02724.html,0.9756864530834275
sample_00810.html,0.5750124792852619
sample_02013.html,0.9250785725802515
sample_05496.html,0.6435324569416236
sample_07298.html,0.43397637987501203
sample_05913.html,0.04956636118770785
sample_03333.html,0.9893836849667789
sample_02317.html,0.17472770765218784
sample_02651.html,0.03518050846484317
sample_02957.html,0.032568200864615905
sample_09156.html,0.05627376852233629
sample_01723.html,0.9800049233938897
sample_05860.html,0.7245615752971848
sample_04980.html,0.1636083348711727
sample_01229.html,0.9743837862074199
sample_00588.html,0.9779662644222119
sample_07343.html,0.7940499475917349
sample_01524.html,0.8790157313146533
sample_02396.html,0.6027301541947313
sample_00751.html,0.5729597228139768
sample_08265.html,0.26136189739630195
sample_01131.html,0.8484583854414067
sample_04844.html,0.05074709776402224
sample_07695.html,0.23061965942274323
sample_07612.html,0.7720614241487695
sample_09629.html,0.6737671339882031
sample_00029.html,0.898393643024758
sample_06823.html,0.6182770307640941
sample_08465.html,0.08977901438438947
sample_06731.html,0.03586120970340046
sample_05746.html,0.028014302271577616
sample_08492.html,0.9868593283998034
sample_03833.html,0.06637782246139891
sample_09955.html,0.9178003344079353
sample_08269.html,0.9740952934405857
sample_02717.html,0.058907758476535836
sample_08012.html,0.16438858084124744
sample_07384.html,0.8423615193445406
sample_02754.html,0.19229216263236426
sample_02561.html,0.6414713661721587
sample_02814.html,0.036401676071157574
sample_03135.html,0.990535635210493
sample_04975.html,0.91093971917176
sample_03348.html,0.2397254298657234
sample_04867.html,0.07732088885932258
sample_07656.html,0.9800049233938897
sample_02792.html,0.328090729832293
sample_04118.html,0.03548113279748704
sample_08556.html,0.9806264475418569
sample_09989.html,0.2108078285577836
sample_04741.html,0.9736103048596298
sample_07914.html,0.9638649129830833
sample_01851.html,0.9378101633906921
sample_02579.html,0.22873128019056801
sample_01115.html,0.05019195932299659
sample_00053.html,0.8738498959722538
sample_07608.html,0.06294263644078622
sample_00570.html,0.10300903496902952
sample_08675.html,0.87642468824485
sample_05750.html,0.9374502564798434
sample_04844.html,0.9803640741771179
sample_08467.html,0.31387910167405314
sample_00625.html,0.21262338479284787
sample_09408.html,0.11726508207213646
sample_06558.html,0.9755873533593817
sample_03611.html,0.042353977492865374
sample_04695.html,0.06433482330960658
sample_06157.html,0.058321899720800714
sample_06740.html,0.17106854031093066
sample_00789.html,0.7770874137459834
sample_02832.html,0.05835164667242379
sample_00898.html,0.9250785725802515
sample_03155.html,0.9398924157896209
sample_07790.html,0.03252695758781882
sample_00354.html,0.8285964444976158
sample_00680.html,0.04388162508581541
sample_01355.html,0.31086985996952177
sample_00490.html,0.0573885210346745
sample_00174.html,0.9893836849667789
sample_03050.html,0.02754745572660821
sample_02882.html,0.9604027026546873
sample_07139.html,0.20235504935484908
sample_03662.html,0.19361300092305028
sample_07660.html,0.03319916613121712
sample_01419.html,0.9806264475418569
sample_02283.html,0.9401753526088907
sample_06191.html,0.03820923418506656
sample_03194.html,0.9573379439476966
sample_02038.html,0.9791080597008613
sample_06729.html,0.9810077073402252
sample_07599.html,0.1119725225726584
sample_03411.html,0.8664945626274712
sample_09835.html,0.9291210975224184
sample_07903.html,0.026228433096134693
sample_08940.html,0.9247759593073056
sample_07230.html,0.21529576698354325
sample_08178.html,0.06666456324767762
sample_05664.html,0.7828480432307232
sample_04719.html,0.04051821686088126
sample_01542.html,0.9811938314240081
sample_06245.html,0.9916674938981441
sample_01520.html,0.10095636184500924
sample_05619.html,0.03031003250942991
sample_09254.html,0.9870523362971486
sample_07424.html,0.20267164382953173
sample_00278.html,0.23421470715746873
sample_09284.html,0.8401397895341314
sample_06225.html,0.9869655840786847
sample_08440.html,0.19152471730192888
sample_02373.html,0.37470546639496133
sample_00236.html,0.4326303546248021
sample_05660.html,0.020708964305385668
sample_03548.html,0.9833022646422086
sample_08179.html,0.2060538623796131
sample_00425.html,0.03225994309576917
sample_00241.html,0.026207299498802804
sample_05543.html,0.04164151866576981
sample_05517.html,0.6478346629375578
sample_06699.html,0.10726081846110115
sample_03831.html,0.8391331221903452
sample_09236.html,0.029891540571252206
sample_06036.html,0.9694886989355683
sample_07770.html,0.07625129031698356
sample_06435.html,0.09038404224453837
sample_09312.html,0.4089403475464005
sample_01482.html,0.8926900847567151
sample_00657.html,0.9145082448136433
sample_02246.html,0.6448919793428822
sample_01676.html,0.07749894389587847
sample_08369.html,0.03015753783273325
sample_06678.html,0.32815490902715544
sample_04397.html,0.5933621516009208
sample_08951.html,0.29727251075300903
sample_00624.html,0.03737121994844827
sample_08899.html,0.830065093770564
sample_04153.html,0.6933512797288746
sample_02367.html,0.9868593283998034
sample_06705.html,0.964999373910217
sample_05262.html,0.03922977944265108
sample_05898.html,0.9869655840786847
sample_09248.html,0.9643542780710987
sample_08317.html,0.09509772321495882
sample_02808.html,0.8713328222517254
sample_03583.html,0.026092397622701314
sample_02209.html,0.09116200245528244
sample_02343.html,0.36470995075944096
sample_03962.html,0.37470546639496133
sample_07293.html,0.9701163184959364
sample_03403.html,0.8462873404864018
sample_05620.html,0.9810994886478284
sample_08239.html,0.0761226423341676
sample_05937.html,0.7065332310945235
sample_07713.html,0.5904820905806435
sample_05047.html,0.06408827536038837
sample_04584.html,0.026047167092320835
sample_04179.html,0.9660930758630423
sample_01174.html,0.046101921608180704
sample_03787.html,0.09214021306143794
sample_06744.html,0.7892332642397913
sample_02483.html,0.603192583271744
sample_07896.html,0.8565084379645085
sample_03973.html,0.03716318554377465
sample_06810.html,0.18916426934265126
sample_03305.html,0.06238557271801741
sample_01092.html,0.6112877004995445
sample_01922.html,0.8506262568149519
sample_08651.html,0.9815880582221648
sample_03371.html,0.9106010029819186
sample_00381.html,0.9555657030224017
sample_08654.html,0.03567443442083106
sample_06177.html,0.09649157477854803
sample_06934.html,0.017810839312193637
sample_04673.html,0.6601002834341073
sample_01016.html,0.03356256917794909
sample_05644.html,0.03737121994844827
sample_07535.html,0.659698048265104
sample_05447.html,0.1378876222404832
sample_07242.html,0.9756864530834275
sample_04710.html,0.8191064565026306
sample_02704.html,0.08939876399465041
sample_08101.html,0.048895855116763295
sample_07575.html,0.06901573655600744
sample_09833.html,0.9752159103468777
sample_07276.html,0.9755585623209622
sample_00228.html,0.02012233082398279
sample_04942.html,0.990535635210493
sample_05887.html,0.990535635210493
sample_01286.html,0.9327931414063998
sample_08937.html,0.017211765139828375
sample_00553.html,0.05276113362719994
sample_04149.html,0.0442245787829662
sample_02713.html,0.38689017470467735
sample_08012.html,0.8012857129490785
sample_00972.html,0.05227839649606016
sample_05013.html,0.9795998079160567
sample_09088.html,0.9152176259570448
sample_04459.html,0.9868593283998034
sample_05738.html,0.18486078631648672
sample_09636.html,0.0443323174603402
sample_01065.html,0.03737121994844827
sample_04925.html,0.03338952615931721
sample_04075.html,0.8627880956076351
sample_07460.html,0.9810077073402252
sample_02902.html,0.061902209967252694
sample_02608.html,0.06374906878011749
sample_08292.html,0.29700366531626526
sample_09569.html,0.9869655840786847
sample_02065.html,0.9727436475626939
sample_01336.html,0.9672422092159552
sample_08208.html,0.04952207225139283
sample_03103.html,0.6150960185541783
sample_08818.html,0.9366111652238006
sample_05495.html,0.38863192786611106
sample_06551.html,0.016731040997079137
sample_09769.html,0.9597752288533666
sample_00725.html,0.9399479298374098
sample_05729.html,0.1292169233461444
sample_00407.html,0.09966737502670413
sample_07808.html,0.09769915989396426
sample_02247.html,0.08711516101065893
sample_05558.html,0.8657049976058017
sample_03491.html,0.6498994798455368
sample_07623.html,0.9488641693973011
sample_04295.html,0.019478513086790113
sample_07677.html,0.1504186707108244
sample_09647.html,0.23587464212734854
sample_05725.html,0.9806264475418569
sample_06387.html,0.050068895378870125
sample_04603.html,0.8240133083791398
sample_03888.html,0.4948928092074126
sample_09769.html,0.1520104918169162
sample_06023.html,0.9836429214261306
sample_07956.html,0.983956357725955
sample_06762.html,0.030982465740558983
sample_02474.html,0.04892926569695439
sample_03930.html,0.9650426451401889
sample_06775.html,0.9617212369032779
sample_07867.html,0.9172647991707186
sample_09913.html,0.8373940047437568
sample_06345.html,0.05489639150546343
sample_03251.html,0.9694886989355683
sample_00321.html,0.8894996027214229
sample_01645.html,0.9579042544139463
sample_06445.html,0.05629284588584319
sample_05856.html,0.04245255249790613
sample_09370.html,0.9738442956376434
sample_09658.html,0.8713328222517254
sample_09924.html,0.024729292991450914
sample_01874.html,0.28961089215860947
sample_01823.html,0.9777970597305466
sample_05316.html,0.36074885647526683
sample_08302.html,0.46113405225215215
sample_02692.html,0.9028265541830826
sample_06778.html,0.1696199195264924
sample_04013.html,0.9645225804670525
sample_05138.html,0.823148426193978
sample_05578.html,0.8548822083658976
sample_09227.html,0.7291592749726414
sample_05873.html,0.7930620556915011
sample_09918.html,0.24691687887016286
sample_06669.html,0.9868593283998034
sample_09584.html,0.09888741957569482
sample_05176.html,0.09940353593528693
sample_03096.html,0.03071871074077737
sample_00364.html,0.09066291298224763
sample_01409.html,0.9599330098308005
sample_06596.html,0.0899986309156473
sample_06752.html,0.06130073284777931
sample_06590.html,0.030011481493312377
sample_02208.html,0.39428645632779546
sample_05188.html,0.042915766689395084
sample_09686.html,0.06801187932273754
sample_01593.html,0.12111901038628486
sample_07568.html,0.02262075206918639
sample_01201.html,0.11836345755302782
sample_09013.html,0.9869655840786847
sample_00679.html,0.031191112082014236
sample_01224.html,0.07498246611709998
sample_04450.html,0.04125943982188008
sample_08824.html,0.06778384308854916
sample_01559.html,0.04400903719103439
sample_03912.html,0.05591018819169266
sample_09012.html,0.4498075729160897
sample_09730.html,0.025807381927168926
sample_00628.html,0.10209792013156643
sample_05210.html,0.017607534347195985
sample_05419.html,0.4147382048001804
sample_07011.html,0.3432803132287798
sample_01720.html,0.11780269299170826
sample_03201.html,0.9790304606724379
sample_07251.html,0.9573379439476966
sample_03718.html,0.9793208772451474
sample_01548.html,0.7557056677726397
sample_08097.html,0.9279484634685343
sample_09532.html,0.9563413267540892
sample_03472.html,0.8467985550996922
sample_07588.html,0.9090648066959385
sample_01852.html,0.8675227489633439
sample_09782.html,0.14962605872187446
sample_01615.html,0.38032450840335524
sample_03400.html,0.2452430677106835
sample_03126.html,0.036293104636468565
sample_05851.html,0.020047878698050803
sample_03080.html,0.9256772090163442
sample_06266.html,0.017056682270086134
sample_08866.html,0.36470573845281623
sample_00820.html,0.9247759593073056
sample_07982.html,0.8283720396972094
sample_02595.html,0.2976851749237068
sample_01059.html,0.9155462455530619
sample_04156.html,0.9869655840786847
sample_03642.html,0.024871581112772045
sample_01356.html,0.08251926442086145
sample_06564.html,0.05975775739796832
sample_00925.html,0.2925836887587883
sample_07821.html,0.053201963270052915
sample_09036.html,0.9756864530834275
sample_00947.html,0.0421458730398275
sample_00155.html,0.9396073733688913
sample_02161.html,0.058420536423967634
sample_08810.html,0.7496345031484444
sample_04235.html,0.9021737312921827
sample_08857.html,0.05622206497395698
sample_08032.html,0.15402348879783911
sample_02699.html,0.03661565334447797
sample_07189.html,0.06521555503965414
sample_03191.html,0.9793208772451474
sample_01367.html,0.01770624665694843
sample_05557.html,0.8380522256637676
sample_01266.html,0.7649120185252195
sample_07279.html,0.19609929929475883
sample_08132.html,0.9628109554047556
sample_06247.html,0.9802650239344926
sample_05084.html,0.3345424477152877
sample_09278.html,0.9573379439476966
sample_02830.html,0.7345263685755069
sample_08697.html,0.09334977691847232
sample_05252.html,0.030950940149595412
sample_00169.html,0.08607182241137651
sample_06560.html,0.0243906994986276
sample_05338.html,0.9444553679391477
sample_09813.html,0.771894320706792
sample_02312.html,0.017554145219880926
sample_03346.html,0.07011286863233437
sample_04096.html,0.04122470041002939
sample_09053.html,0.9458891614133976
sample_04085.html,0.23652031094333167
sample_02588.html,0.9846345121085107
sample_09557.html,0.026754501693829903
sample_06770.html,0.9538548628584089
sample_08046.html,0.5632014032154667
sample_06362.html,0.02107693601313435
sample_03725.html,0.3320927487309786
sample_09054.html,0.9693820039150376
sample_07064.html,0.01988801709835022
sample_09492.html,0.8207890448166577
sample_06884.html,0.7771930298608362
sample_09724.html,0.028413847464918138
sample_09418.html,0.023365665305010944
sample_00253.html,0.9756864530834275
sample_03287.html,0.0663275544009813
sample_05245.html,0.20858549070738383
sample_01137.html,0.9562611213977954
sample_09607.html,0.036506250320719406
sample_02808.html,0.27717204228078285
sample_05309.html,0.9755873533593817
sample_09078.html,0.47188246942343476
sample_09154.html,0.22881680900869497
sample_05135.html,0.16200857775356586
sample_04582.html,0.7366836867832901
sample_08215.html,0.9810077073402252
sample_01235.html,0.020019382223087294
sample_09825.html,0.18215571264261696
sample_00920.html,0.25678093289526593
sample_08971.html,0.9121976233654723
sample_03742.html,0.07497073280343391
sample_05236.html,0.9869655840786847
sample_06006.html,0.7899187664453078
sample_06566.html,0.7040932671849407
sample_06930.html,0.7165047899177595
sample_00349.html,0.019430856250422176
sample_03450.html,0.060166794729607564
sample_08464.html,0.12552827067230646
sample_07203.html,0.9694470522393351
sample_00424.html,0.26279344936616716
sample_06426.html,0.9388890361116611
sample_05331.html,0.3635719170792744
sample_00843.html,0.9433419575801074
sample_06766.html,0.9838591673253473
sample_08865.html,0.951963016607652
sample_00688.html,0.043069757904812524
sample_01544.html,0.960736962362685
sample_00455.html,0.06813337171852257
sample_08286.html,0.9868593283998034
sample_01340.html,0.7258361390937205
sample_04702.html,0.053946687291028125
sample_00276.html,0.4794509945718288
sample_09330.html,0.03587596645566893
sample_03634.html,0.9633735136191475
sample_07283.html,0.7479460584967549
sample_02649.html,0.6027301541947313
sample_07872.html,0.9868593283998034
sample_08636.html,0.24904975934618184
sample_05387.html,0.5958074175144902
sample_01261.html,0.02996659690150887
sample_03965.html,0.04051960074348553
sample_08106.html,0.9868593283998034
sample_05386.html,0.9843253392339684
sample_08578.html,0.10927321583174018
sample_07741.html,0.036032860616964646
sample_01348.html,0.60858893452829
sample_08602.html,0.1284560787079924
sample_00059.html,0.05660595807060992
sample_09117.html,0.8089035063216182
sample_07808.html,0.9674512618433861
sample_07647.html,0.02169632099252693
sample_07049.html,0.962705753758242
sample_09183.html,0.9868593283998034
sample_01381.html,0.04004864937681451
sample_03116.html,0.5231069504286325
sample_09415.html,0.9671308393285113
sample_05880.html,0.036756691070055476
sample_04971.html,0.40154465781728893
sample_00891.html,0.6411263772301782
sample_08775.html,0.8040508939441064
sample_01451.html,0.8799149420892989
sample_05793.html,0.792862228703023
sample_01168.html,0.30284415556573974
sample_01312.html,0.8990385633131939
sample_08257.html,0.973640527277892
sample_06684.html,0.9869655840786847
sample_03615.html,0.6241440174919604
sample_07558.html,0.9802650239344926
sample_03718.html,0.09234281719617493
sample_02913.html,0.8077926688683373
sample_09874.html,0.029240752134347334
sample_06820.html,0.9009425513724504
sample_06305.html,0.8459189056992368
sample_08928.html,0.9383552673152112
sample_02165.html,0.08130377108075468
sample_08168.html,0.014728610708689069
sample_00950.html,0.03369563868583059
sample_02259.html,0.8861021239982187
sample_03705.html,0.05429332140803422
sample_07595.html,0.04850431352781783
sample_01491.html,0.2793271852125096
sample_01664.html,0.25814063128751236
sample_04745.html,0.9555657030224017
sample_01964.html,0.653919795605622
sample_00989.html,0.9641024473565002
sample_07681.html,0.059356735731954505
sample_03467.html,0.47478156411352956
sample_03376.html,0.9851511397341945
sample_05176.html,0.07306776328684599
sample_06401.html,0.9868593283998034
sample_04373.html,0.8671334143838154
sample_02417.html,0.9450175725562844
sample_00658.html,0.5013019895667367
sample_06230.html,0.6370390292453408
sample_00211.html,0.08854990302020979
sample_00383.html,0.9813771937531582
sample_04332.html,0.9553287384362865
sample_00709.html,0.03567690406587636
sample_03174.html,0.12464041626157941
sample_05546.html,0.06185779225864349
sample_06552.html,0.7497627089745376
sample_07827.html,0.6707408727430927
sample_07960.html,0.448215014920625
sample_03960.html,0.9810077073402252
sample_03232.html,0.9406127387710128
sample_02642.html,0.657058245185223
sample_02248.html,0.030368611637835212
sample_06549.html,0.9605935109852951
sample_09199.html,0.22378606252012778
sample_00188.html,0.7959482628227116
sample_01781.html,0.06778384308854916
sample_02406.html,0.0647337683687313
sample_02779.html,0.9659748985173421
sample_02507.html,0.8145247270063749
sample_05615.html,0.9428089951622619
sample_05449.html,0.9868593283998034
sample_08364.html,0.9573379439476966
sample_06125.html,0.9469658105713842
sample_05246.html,0.09735241080784657
sample_01227.html,0.9851111559006923
sample_09263.html,0.3541676220020876
sample_04569.html,0.9444020437989483
sample_00774.html,0.0450616519821897
sample_00481.html,0.6586362913638358
sample_05160.html,0.030264185268278752
sample_04541.html,0.03807156669673055
sample_09403.html,0.9378255074286714
sample_09215.html,0.7306456496363357
sample_03486.html,0.02982497033662749
sample_09839.html,0.974684279027872
sample_03925.html,0.018992758290892926
sample_07562.html,0.11840447682998013
sample_03077.html,0.07198881484136867
sample_01733.html,0.9983341605648108
sample_02459.html,0.8832672432235088
sample_00348.html,0.9281367836194954
sample_05701.html,0.9731243506582835
sample_09631.html,0.04510872846262324
sample_06845.html,0.8520396017585156
sample_00648.html,0.050160745211727246
sample_07550.html,0.9223321788716091
sample_01256.html,0.6346790191742527
sample_02155.html,0.04394634200007431
sample_03481.html,0.04953217940723271
sample_05520.html,0.37438674448026543
sample_08928.html,0.08165940693431378
sample_02543.html,0.7437470312625976
sample_04116.html,0.2035714240189198
sample_01694.html,0.24224766078370233
sample_07383.html,0.9869655840786847
sample_08885.html,0.018027765991668238
sample_07912.html,0.9605809732134236
sample_03221.html,0.9805161563574046
sample_00022.html,0.01843657833819173
sample_03637.html,0.07175557386311805
sample_08533.html,0.1930408004354237
sample_00752.html,0.3979956712110208
sample_07571.html,0.15767774320463424
sample_06127.html,0.9983341605648108
sample_06512.html,0.7407944277554566
sample_05007.html,0.3567001763766522
sample_06641.html,0.2238688664005269
sample_00926.html,0.9401999184797932
sample_05588.html,0.9694762448371446
sample_02845.html,0.4257955429348195
sample_09443.html,0.08924030244972184
sample_07947.html,0.959515692830477
sample_09895.html,0.7875210927339947
sample_05084.html,0.4289226755129789
sample_09688.html,0.6978763369496143
sample_04630.html,0.43564261187747844
sample_03696.html,0.04760225226357445
sample_00379.html,0.7691128093279175
sample_04026.html,0.16040986248739944
sample_05459.html,0.043246337079010815
sample_07397.html,0.8459189056992368
sample_07794.html,0.029508651003151497
sample_05310.html,0.19509586193186573
sample_09242.html,0.05917922797447125
sample_09794.html,0.0879459005778483
sample_06059.html,0.0984821440709085
sample_02815.html,0.9597600447090019
sample_03275.html,0.9710131537734622
sample_00466.html,0.4222028431593816
sample_07222.html,0.878298194669373
sample_06790.html,0.6763596015290548
sample_09175.html,0.9205852229161561
sample_01580.html,0.7826139409702298
sample_03292.html,0.022360491765344864
sample_01833.html,0.9250785725802515
sample_08028.html,0.9868593283998034
sample_03532.html,0.5565858986278338
sample_00739.html,0.9815880582221648
sample_08768.html,0.10002490893563104
sample_03310.html,0.4593259316902288
sample_05016.html,0.7208049014574223
sample_09602.html,0.49492697394565793
sample_02925.html,0.6271821276911684
sample_02955.html,0.9831797215402118
sample_07941.html,0.8006131225590777
sample_09411.html,0.658988054089347
sample_00294.html,0.9058424237433506
sample_00550.html,0.9682440747622778
sample_05489.html,0.045527433515397765
sample_05069.html,0.9775276679309838
sample_04122.html,0.9732573883522967
sample_00033.html,0.02199922944658599
sample_02309.html,0.3859018465865534
sample_00781.html,0.05123855718620642
sample_01110.html,0.9475118244864227
sample_09251.html,0.969293342991723
sample_06287.html,0.07144306471538815
sample_03163.html,0.042509549237076345
sample_02342.html,0.01484279131184103
sample_01193.html,0.9846345121085107
sample_05801.html,0.8452844428091137
sample_04555.html,0.949688633002848
sample_06389.html,0.34008803078327465
sample_04514.html,0.103183808668318
sample_00212.html,0.9225768771821405
sample_07560.html,0.797650496051239
sample_08841.html,0.8694107425273929
sample_03298.html,0.968070072777295
sample_08569.html,0.8285964444976158
sample_03552.html,0.7235147620425915
sample_09545.html,0.7924923991135602
sample_01572.html,0.9211317797022776
sample_03854.html,0.7999391228700984
sample_02136.html,0.1841197427413971
sample_00640.html,0.9010855827493295
sample_06853.html,0.12498760126421847
sample_03198.html,0.8022915200223492
sample_00660.html,0.9555657030224017
sample_03557.html,0.8265895876198655
sample_01865.html,0.06346276197780722
sample_00587.html,0.9010855827493295
sample_03153.html,0.9554286320655814
sample_00161.html,0.0604660119908671
sample_06996.html,0.1175071519922804
sample_04767.html,0.03729877136665544
sample_05704.html,0.9389683461163664
sample_02546.html,0.10631848294457463
sample_02558.html,0.023466342680173963
sample_00641.html,0.13692625656586999
sample_07093.html,0.9660930758630423
sample_05699.html,0.5640922243675516
sample_08606.html,0.05455811146898573
sample_00097.html,0.49019654075244556
sample_01828.html,0.9401424290082542
sample_01187.html,0.6151708517040189
sample_07430.html,0.04174445486991564
sample_02400.html,0.9868593283998034
sample_08049.html,0.8432212694015327
sample_07217.html,0.9631748300344014
sample_08996.html,0.9593518728532812
sample_00800.html,0.03832784518716047
sample_01274.html,0.9755873533593817
sample_04758.html,0.8555516703924998
sample_08031.html,0.9172647991707186
sample_03163.html,0.8834230905420949
sample_02402.html,0.9867040690830529
sample_08242.html,0.8459189056992368
sample_07454.html,0.02081257688519293
sample_09151.html,0.8299728953351508
sample_02877.html,0.9356374669437811
sample_04178.html,0.9356374669437811
sample_04889.html,0.7720614241487695
sample_03174.html,0.9760861673317814
sample_06728.html,0.8041694662629165
sample_04835.html,0.5800483000790643
sample_09978.html,0.980931971457325
sample_02124.html,0.7464790096123869
sample_05243.html,0.9767811328674848
sample_02211.html,0.17921118088461807
sample_03797.html,0.3244809006490223
sample_07385.html,0.07314650700126367
sample_08117.html,0.04596555078701294
sample_01971.html,0.20297586486615182
sample_06332.html,0.9740952934405857
sample_02735.html,0.15243470587240462
sample_07227.html,0.9048766580105323
sample_03004.html,0.08576900311582912
sample_00197.html,0.761699007463225
sample_03699.html,0.039958450541009355
sample_00940.html,0.5072927269238163
sample_02986.html,0.02330413703018247
sample_07296.html,0.9378622962979554
sample_08970.html,0.41922273405399135
sample_02341.html,0.3537888542774831
sample_05504.html,0.9345144329451216
sample_02486.html,0.8857855800139656
sample_09806.html,0.6735788926935311
sample_03395.html,0.8395948986395302
sample_08131.html,0.14548582401600285
sample_09399.html,0.1813118571427492
sample_04481.html,0.9665271059947582
sample_08862.html,0.05559899723341027
sample_06363.html,0.3276538563583217
sample_05041.html,0.01899333573573016
sample_01318.html,0.5999177125528908
sample_04647.html,0.21003928053376697
sample_02638.html,0.2245937760776241
sample_06249.html,0.0775978236672867
sample_05802.html,0.2695257125483646
sample_00927.html,0.631696095134115
sample_04250.html,0.8738498959722538
sample_08869.html,0.8053093865233878
sample_01865.html,0.6544861324965312
sample_01721.html,0.07558717991462306
sample_03197.html,0.9740952934405857
sample_08649.html,0.11142300115734045
sample_02944.html,0.6244026070684102
sample_09098.html,0.0416998459772171
sample_08829.html,0.05526326474206635
sample_00467.html,0.8206166389708758
sample_08611.html,0.66615759194557
sample_08066.html,0.8649514550192671
sample_02841.html,0.2829224833781985
sample_02835.html,0.9756864530834275
sample_05870.html,0.9860467714331941
sample_08504.html,0.925750196310819
sample_04783.html,0.12258055226658629
sample_04909.html,0.034514923719806065
sample_07410.html,0.0805047229952013
sample_00669.html,0.8959490967519285
sample_07156.html,0.04206158422808406
sample_09770.html,0.7950392777891441
sample_05191.html,0.4922506548872374
sample_07527.html,0.12258055226658629
sample_04680.html,0.040286195275029746
sample_00802.html,0.22555007857293286
sample_02700.html,0.04014935806907489
sample_02009.html,0.5521441599935413
sample_03361.html,0.12761913367472816
sample_05225.html,0.955412385871474
sample_00670.html,0.03683297868727451
sample_08257.html,0.06778384308854916
sample_02527.html,0.9091983000779936
sample_01087.html,0.5902014731515473
sample_03172.html,0.048521865479408566
sample_03469.html,0.03537687709716607
sample_01153.html,0.6164961014496233
sample_05843.html,0.4951214741333387
sample_03464.html,0.6198805403895811
sample_00946.html,0.13384715308129272
sample_04761.html,0.9153449837364452
sample_05881.html,0.7321944307823555
sample_06519.html,0.06778384308854916
sample_01389.html,0.037363275702028236
sample_01842.html,0.05102973436437298
sample_01246.html,0.7340430974023069
sample_09937.html,0.022729982758144862
sample_04166.html,0.9641024473565002
sample_07922.html,0.8420564986182186
sample_01699.html,0.9664661482323601
sample_06536.html,0.9494780474045734
sample_05814.html,0.19891501021048494
sample_02104.html,0.05565865918864181
sample_09101.html,0.8582992005254069
sample_02476.html,0.9869655840786847
sample_09879.html,0.12012224567359814
sample_03564.html,0.06027801690439911
sample_00194.html,0.3675217292269508
sample_04620.html,0.33677051736441527
sample_09181.html,0.9424948852184374
sample_04759.html,0.7044478686870189
sample_08823.html,0.9236547694145165
sample_03315.html,0.06415473720908203
sample_02204.html,0.9698520809348394
sample_08071.html,0.5182624422885044
sample_06419.html,0.037404346643898856
sample_04149.html,0.9844712749483112
sample_00882.html,0.08572618913605279
sample_02983.html,0.06971884140184689
sample_01755.html,0.9610452033672952
sample_03319.html,0.9795995085373592
sample_02844.html,0.9756643191379013
sample_06588.html,0.3883845590239516
sample_04917.html,0.02690761142322673
sample_00881.html,0.9015265756968299
sample_02145.html,0.15168766621668867
sample_00390.html,0.7384073912726936
sample_09235.html,0.02453668970964991
sample_04494.html,0.9731243506582835
sample_05450.html,0.8261199795182909
sample_01392.html,0.8836388397024741
sample_03520.html,0.6092606546010557
sample_03552.html,0.0511741223483856
sample_08918.html,0.5948576732168268
sample_08395.html,0.5760042420245457
sample_06616.html,0.8867825983709181
sample_02513.html,0.8123616189416141
sample_02636.html,0.0711220952898806
sample_07939.html,0.6470298738740133
sample_06338.html,0.03423339950545723
sample_01127.html,0.9869655840786847
sample_07429.html,0.8664945626274712
sample_06584.html,0.670481457180137
sample_07675.html,0.7116351512205814
sample_06734.html,0.9573350397987593
sample_08518.html,0.05299870282446369
sample_06943.html,0.03281293327641392
sample_03719.html,0.07076334398703599
sample_07570.html,0.08418131281651359
sample_06223.html,0.8960432795749026
sample_07800.html,0.831269624224105
sample_01626.html,0.14463181577010514
sample_06190.html,0.9815880582221648
sample_00162.html,0.8147371633275038
sample_05367.html,0.05150348738209052
sample_00976.html,0.808050792785691
sample_06907.html,0.2276808232794532
sample_05685.html,0.9815880582221648
sample_05878.html,0.2914317017990987
sample_07284.html,0.9344990197993736
sample_04299.html,0.041763220696244316
sample_00824.html,0.6574958369606914
sample_02688.html,0.8655675286550558
sample_09955.html,0.3872949703000765
sample_08586.html,0.7567124939503719
sample_00704.html,0.9867040690830529
sample_09449.html,0.6311614840045735
sample_03311.html,0.9393033743142485
sample_05530.html,0.7131720062493411
sample_00322.html,0.10846076980382037
sample_02980.html,0.9178003344079353
sample_06374.html,0.12258055226658629
sample_07830.html,0.9869655840786847
sample_06162.html,0.13192770074903162
sample_01674.html,0.990535635210493
sample_00288.html,0.6812426140678937
sample_02932.html,0.9693820039150376
sample_08471.html,0.49602475912121424
sample_02372.html,0.556064265162617
sample_08443.html,0.03661984593326759
sample_02952.html,0.031929202398982226
sample_06025.html,0.7275651568712678
sample_07042.html,0.9661370954862618
sample_05278.html,0.9206357952093372
sample_09513.html,0.0496401864309612
sample_02354.html,0.033217941289260706
sample_02696.html,0.022960265699817663
sample_04532.html,0.16143496456374598
sample_05436.html,0.03958303708835963
sample_03231.html,0.6069138844228591
sample_00245.html,0.523152719952129
sample_04281.html,0.9619183515122567
sample_05074.html,0.9868593283998034
sample_02727.html,0.06932621149547771
sample_05017.html,0.38762843300437755
sample_08713.html,0.04858789349436401
sample_05295.html,0.04662087559863923
sample_04908.html,0.9573379439476966
sample_04586.html,0.19102838516402879
sample_03842.html,0.6581312333087707
sample_06751.html,0.3512141504795303
sample_03037.html,0.8562646968613941
sample_04186.html,0.7751738095307125
sample_05480.html,0.9356374669437811
sample_06663.html,0.9010855827493295
sample_03121.html,0.2417369687069456
sample_07062.html,0.9868593283998034
sample_09725.html,0.9810994886478284
sample_08652.html,0.9693820039150376
sample_05639.html,0.9398268804932991
sample_01790.html,0.44417406175365387
sample_08611.html,0.06504432269516329
sample_05784.html,0.14032951227814275
sample_09914.html,0.9257689454287314
sample_08981.html,0.7710641713401069
sample_00510.html,0.9706845393298795
sample_07011.html,0.9811109560889939
sample_02564.html,0.6160317442036419
sample_01838.html,0.47310651079596294
sample_06120.html,0.9664242969210574
sample_03746.html,0.9767811328674848
sample_06224.html,0.9306196056931871
sample_04658.html,0.027389302987599666
sample_05495.html,0.9580441130869053
sample_01692.html,0.03872663029783217
sample_02307.html,0.018505567099319387
sample_05948.html,0.028174186581327743
sample_02639.html,0.9153449837364452
sample_00873.html,0.021837725765936965
sample_00560.html,0.9868593283998034
sample_04607.html,0.9555657030224017
sample_02707.html,0.46766203106170356
sample_01677.html,0.9463630945482319
sample_03545.html,0.06379321904655456
sample_02759.html,0.02683224992913064
sample_09125.html,0.5165896542233561
sample_01465.html,0.9574820880918407
sample_09343.html,0.1832123066217681
sample_04627.html,0.07635648749351603
sample_07715.html,0.047212550101736486
sample_08140.html,0.7153398685025145
sample_09918.html,0.9659748985173421
sample_09861.html,0.9706845393298795
sample_04417.html,0.04734706276399544
sample_06741.html,0.9196880946647151
sample_04747.html,0.9838591673253473
sample_01590.html,0.5836785280377924
sample_07160.html,0.03671358715956084
sample_04235.html,0.09800355704556435
sample_01741.html,0.8522837706246189
sample_09359.html,0.7552224319873005
sample_06038.html,0.8351630731151465
sample_06481.html,0.034091239859318986
sample_05093.html,0.9866402316687696
sample_05273.html,0.9843253392339684
sample_03370.html,0.8718452810812751
sample_00301.html,0.06074944130610465
sample_04301.html,0.09338846580835916
sample_03746.html,0.031491263095006
sample_09828.html,0.21317792808619637
sample_06041.html,0.1090898731223901
sample_08794.html,0.9819955658105655
sample_02859.html,0.7771609639540976
sample_01918.html,0.08546068175178659
sample_05737.html,0.9423091382948373
sample_04915.html,0.05021000669822536
sample_02074.html,0.036679631260451206
sample_04707.html,0.9562611213977954
sample_08447.html,0.8274998864860306
sample_02199.html,0.9867040690830529
sample_00388.html,0.07661328046370047
sample_05144.html,0.46618966090604214
sample_02530.html,0.01888863690349399
sample_06713.html,0.21088765903287096
sample_07177.html,0.8411728129313775
sample_01958.html,0.9113917134553081
sample_08618.html,0.6784553491388414
sample_06693.html,0.9608821629139601
sample_04285.html,0.9758855450809502
sample_04157.html,0.4272856776742183
sample_07404.html,0.9868593283998034
sample_05911.html,0.9614655459049146
sample_07943.html,0.08855756046578805
sample_05494.html,0.44768950949793673
sample_06555.html,0.9860467714331941
sample_07843.html,0.3878694494072519
sample_03220.html,0.04046244119660302
sample_02223.html,0.3157040462653395
sample_08764.html,0.07428199616058223
sample_09189.html,0.09172773150454906
sample_04444.html,0.06760497521242251
sample_07799.html,0.43216560089994555
sample_05190.html,0.4648627327765003
sample_05866.html,0.9598969392148929
sample_06233.html,0.9250785725802515
sample_02197.html,0.9357860391502337
sample_00889.html,0.8980068059047949
sample_05074.html,0.07597935311292671
sample_05981.html,0.9804000495026689
sample_06277.html,0.9860467714331941
sample_02644.html,0.5956250232796836
sample_06487.html,0.6737671339882031
sample_06085.html,0.3796062137238502
sample_09414.html,0.9356819947649613
sample_01085.html,0.2935056551108708
sample_08065.html,0.2686209805714305
sample_05299.html,0.2597015601807576
sample_09840.html,0.5885035860145138
sample_01633.html,0.7307283854330319
sample_02258.html,0.8121849468753856
sample_02731.html,0.08970535841717948
sample_00426.html,0.13237628722756561
sample_02158.html,0.9744974981130528
sample_09829.html,0.4171859547457723
sample_09480.html,0.9893836849667789
sample_00497.html,0.6932540541772357
sample_04133.html,0.48360765928880656
sample_02274.html,0.9756864530834275
sample_00572.html,0.8756802580594503
sample_08365.html,0.9444553679391477
sample_05461.html,0.1631392766781138
sample_03919.html,0.9868593283998034
sample_07373.html,0.8664945626274712
sample_01556.html,0.9331849515995507
sample_01772.html,0.9089417104815273
sample_01249.html,0.9759738425820064
sample_04215.html,0.5073772198038906
sample_01844.html,0.07092217551547249
sample_08891.html,0.9756864530834275
sample_06239.html,0.7717083979820852
sample_01706.html,0.1898577666937705
sample_03406.html,0.225937275733877
sample_00578.html,0.9844712749483112
sample_04835.html,0.04932793301922869
sample_04080.html,0.2118268986261933
sample_09490.html,0.9500597362758151
sample_09911.html,0.01484279131184103
sample_06763.html,0.9983341605648108
sample_01574.html,0.027854243398922958
sample_00055.html,0.9811278635490828
sample_07107.html,0.15239858955648303
sample_08991.html,0.033808624793576186
sample_01197.html,0.9868593283998034
sample_01110.html,0.3376653482439678
sample_00595.html,0.8252593661225842
sample_08498.html,0.9194795180226525
sample_04874.html,0.9767811328674848
sample_07722.html,0.9178003344079353
sample_09039.html,0.02161899370920821
sample_09303.html,0.04969496277566013
sample_03243.html,0.05887324386977121
sample_09270.html,0.028557389651395527
sample_09184.html,0.8445402117828263
sample_00385.html,0.07173551552583952
sample_02918.html,0.9383552673152112
sample_06225.html,0.020570783266032424
sample_03463.html,0.9091560254206934
sample_03853.html,0.9304696800838582
sample_00839.html,0.9679539823724285
sample_09303.html,0.8813833497892739
sample_07378.html,0.046509762301714344
sample_04369.html,0.029139149413576496
sample_03048.html,0.0351572137168501
sample_00230.html,0.9206357952093372
sample_00468.html,0.942936791790247
sample_06097.html,0.8188715103216563
sample_03805.html,0.8465963050408362
sample_03631.html,0.28153665388544535
sample_06746.html,0.03737121994844827
sample_08496.html,0.9752159103468777
sample_09617.html,0.9383552673152112
sample_08240.html,0.01948347360158648
sample_08421.html,0.517442170613474
sample_01884.html,0.5144064485001184
sample_03379.html,0.9487293786558969
sample_05147.html,0.9625994490388178
sample_01082.html,0.9827262761945534
sample_00538.html,0.9893836849667789
sample_02480.html,0.7235147620425915
sample_04943.html,0.37097297773659604
sample_05345.html,0.2109710896380613
sample_05541.html,0.8076307443003576
sample_06094.html,0.08632965358399033
sample_02875.html,0.19342576552749874
sample_02461.html,0.92491739801669
sample_07514.html,0.21199880131507298
sample_08687.html,0.058839506130116244
sample_04054.html,0.12800037382191315
sample_01771.html,0.7471437796291606
sample_06210.html,0.6700680428517589
sample_06682.html,0.8738498959722538
sample_03661.html,0.9814260280899539
sample_07487.html,0.9810077073402252
sample_08215.html,0.2984710644480009
sample_06827.html,0.9868593283998034
sample_08864.html,0.33880877522212405
sample_01367.html,0.7407944277554566
sample_05983.html,0.05641905404918453
sample_05671.html,0.8828964237513319
sample_03638.html,0.06778384308854916
sample_03267.html,0.9383552673152112
sample_09749.html,0.8680825271620511
sample_09652.html,0.027612901443923442
sample_05011.html,0.8405587175339404
sample_09843.html,0.9223321788716091
sample_06483.html,0.990535635210493
sample_05412.html,0.07924305540066838
sample_05034.html,0.5978239923296623
sample_09987.html,0.19726143627049647
sample_03673.html,0.969293342991723
sample_01044.html,0.966033822973057
sample_04464.html,0.11543211315884441
sample_01045.html,0.9458891614133976
sample_02839.html,0.04317528750906797
sample_03582.html,0.03737121994844827
sample_00141.html,0.9806264475418569
sample_01065.html,0.6127176139690235
sample_04197.html,0.04086352477566347
sample_05532.html,0.9628639959958853
sample_03729.html,0.13439933804263104
sample_01400.html,0.6941691136909497
sample_07328.html,0.7911718710338332
sample_08342.html,0.06499778814244013
sample_04187.html,0.9291210975224184
sample_03472.html,0.37488957480419793
sample_09461.html,0.10841679640666456
sample_09445.html,0.9616854563844578
sample_01460.html,0.9838591673253473
sample_02150.html,0.9459089259597007
sample_05383.html,0.06863172426005175
sample_04447.html,0.2645830004801427
sample_07913.html,0.03246522669045727
sample_01116.html,0.062287246900611395
sample_03261.html,0.9694886989355683
sample_02938.html,0.990535635210493
sample_01834.html,0.8664945626274712
sample_00058.html,0.9869655840786847
sample_00861.html,0.035936167475689076
sample_03026.html,0.09769293361715412
sample_04039.html,0.036131729143258975
sample_01336.html,0.20665602384560683
sample_05851.html,0.9554013862257801
sample_07834.html,0.9763286572985524
sample_00844.html,0.9657416599429907
sample_07108.html,0.9821301174812453
sample_08507.html,0.9694210824003191
sample_04899.html,0.9673530883982141
sample_06618.html,0.4127657128874691
sample_00290.html,0.047821355983027614
sample_08541.html,0.018113804796589323
sample_00339.html,0.9085995218158512
sample_02296.html,0.5343117404542365
sample_09300.html,0.03622516005726864
sample_08871.html,0.29198270197830295
sample_07340.html,0.9401999184797932
sample_01198.html,0.8299728953351508
sample_06832.html,0.3837221151508406
sample_06605.html,0.04388174431879039
sample_03225.html,0.09114597051554872
sample_02589.html,0.6016392064123322
sample_06056.html,0.40195001388711066
sample_09838.html,0.9502274604969804
sample_03415.html,0.03413451845392482
sample_03945.html,0.18602470957712058
sample_04180.html,0.04551152828917362
sample_09244.html,0.049191716835832636
sample_01894.html,0.5252875255474224
sample_01249.html,0.05971716355903161
sample_04254.html,0.9563413267540892
sample_05288.html,0.05785735828228656
sample_02909.html,0.9740952934405857
sample_02819.html,0.9868593283998034
sample_00952.html,0.07950018313907761
sample_05962.html,0.13488528151230667
sample_01098.html,0.5698633415300624
sample_07992.html,0.028949684258098695
sample_02181.html,0.6115583815908906
sample_09231.html,0.8133119295605641
sample_08477.html,0.5192662205327924
sample_00313.html,0.025287715317692826
sample_07723.html,0.0786931635313248
sample_05941.html,0.5467727791541421
sample_02899.html,0.14681944149325424
sample_00316.html,0.9462106549351531
sample_07353.html,0.9560512748991745
sample_09267.html,0.9692477350801465
sample_08287.html,0.0507374091340931
sample_02186.html,0.01285523692839367
sample_04208.html,0.019414702205750024
sample_04841.html,0.9764819660728867
sample_04157.html,0.05132816377474605
sample_04717.html,0.9812828486503075
sample_01553.html,0.18626094861936718
sample_08760.html,0.9868593283998034
sample_01767.html,0.9860467714331941
sample_04655.html,0.9869655840786847
sample_01870.html,0.1177906935884686
sample_05320.html,0.8391331221903452
sample_03414.html,0.12365718676230379
sample_04019.html,0.6686365275866383
sample_09613.html,0.02167011792358812
sample_05042.html,0.20249417815887624
sample_00602.html,0.19330364586291432
sample_00600.html,0.08373680587734793
sample_06395.html,0.8414227617711911
sample_00568.html,0.2700143312967645
sample_06026.html,0.9194795180226525
sample_00187.html,0.028221804359053707
sample_02899.html,0.9810077073402252
sample_01972.html,0.7276768994744881
sample_06416.html,0.9756864530834275
sample_06975.html,0.49893481320735494
sample_06299.html,0.958334823820019
sample_05240.html,0.059880292320865086
sample_07995.html,0.05238380099490725
sample_03916.html,0.9867040690830529
sample_04483.html,0.08532057795326432
sample_04187.html,0.023621744123138562
sample_08206.html,0.06778384308854916
sample_02804.html,0.8156885415447925
sample_05891.html,0.9589199137054026
sample_00273.html,0.48037854966403243
sample_07908.html,0.9746029701767356
sample_02752.html,0.9636262568803098
sample_01841.html,0.8718287139282669
sample_09842.html,0.9322052961919766
sample_03514.html,0.9815880582221648
sample_00987.html,0.6406671186266275
sample_03475.html,0.9868593283998034
sample_05223.html,0.9893836849667789
sample_05519.html,0.9893836849667789
sample_05551.html,0.25694325030814424
sample_02308.html,0.6372360167461205
sample_01453.html,0.06205701994034207
sample_00765.html,0.9604300681288691
sample_01381.html,0.9802650239344926
sample_07312.html,0.3422577270190923
sample_03524.html,0.03334459455670977
sample_04573.html,0.36179637202748827
sample_09903.html,0.014564671750093941
sample_00487.html,0.9349566556816084
sample_09570.html,0.28267289164526527
sample_00346.html,0.9803534444324801
sample_06031.html,0.20536826540658368
sample_00238.html,0.9868593283998034
sample_07176.html,0.03407671518834405
sample_02121.html,0.8717892225078685
sample_02210.html,0.4445282138748029
sample_07037.html,0.043861331573196764
sample_09124.html,0.059371600543130065
sample_08328.html,0.9806264475418569
sample_07711.html,0.8768474863889231
sample_07674.html,0.49693754394845097
sample_06167.html,0.838408348087876
sample_07138.html,0.06098364383072384
sample_04567.html,0.050293469171871996
sample_01806.html,0.9542214519293485
sample_09883.html,0.43275113891256184
sample_03674.html,0.966033822973057
sample_03416.html,0.969994816560759
sample_05884.html,0.9866402316687696
sample_02964.html,0.03930322737174296
sample_06573.html,0.966033822973057
sample_08037.html,0.8009261952791168
sample_03754.html,0.9660565949753618
sample_09384.html,0.8836388397024741
sample_02455.html,0.04805997667753945
sample_04609.html,0.9869655840786847
sample_00563.html,0.8996800250964773
sample_08769.html,0.9119675255052596
sample_07759.html,0.06138967067982861
sample_06671.html,0.9779662644222119
sample_05926.html,0.014753402910141124
sample_01988.html,0.09661805387025375
sample_07510.html,0.9703039771873411
sample_02333.html,0.7465704595461187
sample_09833.html,0.7073873735170892
sample_09335.html,0.9893836849667789
sample_00629.html,0.9800187325622113
sample_07721.html,0.04274568758527912
sample_08120.html,0.6096562823418797
sample_07257.html,0.038305568140272334
sample_04537.html,0.8165713802468513
sample_04987.html,0.038570191558997866
sample_04415.html,0.7534768446802536
sample_09433.html,0.9868593283998034
sample_00064.html,0.01855285982794217
sample_05482.html,0.9806264475418569
sample_03817.html,0.1108540844624258
sample_01326.html,0.9573379439476966
sample_08406.html,0.9860467714331941
sample_04987.html,0.9592117183858649
sample_04252.html,0.6775155529787803
sample_01062.html,0.9810077073402252
sample_07345.html,0.9795998079160567
sample_06061.html,0.9653211511299024
sample_04344.html,0.9250785725802515
sample_09061.html,0.045296374041019674
sample_06451.html,0.03967273582591389
sample_01478.html,0.04903763116696628
sample_09339.html,0.05868698066948207
sample_00705.html,0.20604880300949224
sample_03180.html,0.8697910304782852
sample_01585.html,0.35443032143438385
sample_08172.html,0.9983341605648108
sample_04910.html,0.10946435419929519
sample_03245.html,0.11994394426757085
sample_01415.html,0.9559655111145176
sample_09594.html,0.792560630795094
sample_08000.html,0.2160131899970381
sample_08485.html,0.8012769903900198
sample_09670.html,0.4382904027856403
sample_05007.html,0.03060851726144939
sample_08747.html,0.8405587175339404
sample_08326.html,0.055636065364308394
sample_06118.html,0.15696805841947434
sample_02027.html,0.12258055226658629
sample_02613.html,0.9562611213977954
sample_03752.html,0.4086836090916533
sample_06880.html,0.7552311237893196
sample_00480.html,0.03861304976114656
sample_01766.html,0.039281034413256144
sample_00653.html,0.7389575995110411
sample_03270.html,0.9693820039150376
sample_00073.html,0.0617986001314946
sample_01737.html,0.01875644707519049
sample_00095.html,0.031849205662279126
sample_00899.html,0.09018985813108879
sample_05848.html,0.04369815237182812
sample_01931.html,0.2008271728711086
sample_04604.html,0.041795031881863044
sample_09633.html,0.4376324857215342
sample_08797.html,0.9827262761945534
sample_04054.html,0.949688633002848
sample_03633.html,0.8555516703924998
sample_04254.html,0.06726429198421932
sample_06691.html,0.9727737108483772
sample_04372.html,0.08929755917677235
sample_04211.html,0.03737121994844827
sample_02172.html,0.6078127689218321
sample_06952.html,0.8562646968613941
sample_09011.html,0.8459974854139379
sample_06614.html,0.9672240697579764
sample_09064.html,0.8012857129490785
sample_01807.html,0.9454278097597946
sample_08909.html,0.02137669639000329
sample_01427.html,0.041399428171282275
sample_01165.html,0.9074093193683196
sample_09967.html,0.07487453772710362
sample_05334.html,0.5796395132264713
sample_08253.html,0.02863700131391869
sample_09928.html,0.9572045117676095
sample_00253.html,0.2666227881918994
sample_02188.html,0.23781596853800593
sample_08799.html,0.32696688582329486
sample_05081.html,0.33783980647644457
sample_05193.html,0.5944761560608879
sample_08842.html,0.029929036741434073
sample_02576.html,0.032915594413129114
sample_00617.html,0.038197149122114096
sample_09467.html,0.1857318191859255
sample_01724.html,0.038489492480189264
sample_08705.html,0.020226613283447367
sample_00128.html,0.02165493225111991
sample_02132.html,0.05567865949366111
sample_08590.html,0.6244026070684102
sample_06429.html,0.9247759593073056
sample_08639.html,0.03132361467849045
sample_00379.html,0.7450332822588276
sample_00555.html,0.8192831830616657
sample_06393.html,0.04556336050390532
sample_01479.html,0.03510270535773827
sample_06559.html,0.629626702522875
sample_04547.html,0.9756864530834275
sample_08593.html,0.15589773732783307
sample_00755.html,0.717309745999027
sample_07158.html,0.11404160513933427
sample_03134.html,0.9659748985173421
sample_08597.html,0.9503791479124692
sample_06523.html,0.8792412420327658
sample_08932.html,0.04707047196267314
sample_00584.html,0.9867040690830529
sample_08086.html,0.8240133083791398
sample_08728.html,0.9015387087504724
sample_07749.html,0.06805444796454009
sample_09401.html,0.9767811328674848
sample_04496.html,0.39094208658828644
sample_02812.html,0.9806264475418569
sample_02281.html,0.8696148261880619
sample_02358.html,0.9648606897572425
sample_00494.html,0.945654329781623
sample_01360.html,0.8275460526004786
sample_01648.html,0.4992794120082934
sample_01873.html,0.9500667032431649
sample_06382.html,0.7609106683410582
sample_00986.html,0.5925654277776105
sample_01916.html,0.9740952934405857
sample_00005.html,0.04422284963947623
sample_09860.html,0.9693828874576647
sample_06909.html,0.9628654295669195
sample_08917.html,0.9503791479124692
sample_00602.html,0.3520344350298319
sample_09164.html,0.08422114750617617
sample_09106.html,0.9791080597008613
sample_08824.html,0.06972881722481444
sample_00007.html,0.8811553610975966
sample_01102.html,0.9555657030224017
sample_07210.html,0.9693820039150376
sample_06124.html,0.9385754658543082
sample_04409.html,0.039072361006651575
sample_04653.html,0.8134165696374761
sample_04593.html,0.14560968112284547
sample_00361.html,0.6013181276732459
sample_06925.html,0.03478898855562062
sample_09596.html,0.2286453336926283
sample_03097.html,0.14835599934408622
sample_06314.html,0.04018971508657262
sample_06887.html,0.9749689731490656
sample_06988.html,0.018336861391311528
sample_09722.html,0.34280120136992553
sample_02286.html,0.9836261057268674
sample_04913.html,0.9687582616092556
sample_05258.html,0.03737121994844827
sample_03091.html,0.03737121994844827
sample_08512.html,0.9686064271038726
sample_04218.html,0.9836429214261306
sample_03052.html,0.7267394334123917
sample_01841.html,0.05662353566393946
sample_09576.html,0.06625534847354196
sample_06150.html,0.9470057295569698
sample_03382.html,0.366975859809809
sample_06672.html,0.46036341934093644
sample_04453.html,0.049916127159809254
sample_05727.html,0.9475118244864227
sample_09424.html,0.04981243358248146
sample_06606.html,0.9249719389378892
sample_05099.html,0.9015897008985791
sample_08549.html,0.9152146041701712
sample_03811.html,0.027320971503115014
sample_01982.html,0.9536479679695562
sample_01779.html,0.9077525603161692
sample_06072.html,0.9307232871274783
sample_01609.html,0.9868593283998034
sample_08139.html,0.8975290527857538
sample_02134.html,0.039161593013685166
sample_03726.html,0.07286944983869388
sample_06845.html,0.0334407399259593
sample_08149.html,0.5254882428777624
sample_02432.html,0.9868593283998034
sample_03369.html,0.9827262761945534
sample_07030.html,0.9119675255052596
sample_03329.html,0.09228497103975254
sample_02635.html,0.9779662644222119
sample_06490.html,0.05549917059584982
sample_02903.html,0.07522340554206237
sample_02271.html,0.05691684399799951
sample_07052.html,0.04357386817065155
sample_01578.html,0.03374192277559101
sample_09233.html,0.07420208465784688
sample_05832.html,0.8358621459217238
sample_08418.html,0.882479419412619
sample_06392.html,0.7864054332160731
sample_02972.html,0.04154297850217657
sample_04058.html,0.4661139918773274
sample_00400.html,0.9286167604606842
sample_05804.html,0.2723606909185269
sample_02170.html,0.7198754497240478
sample_08150.html,0.9806264475418569
sample_00149.html,0.049611217564844254
sample_09963.html,0.1458567372679796
sample_02450.html,0.9233251558637852
sample_06902.html,0.8405587175339404
sample_05623.html,0.0725548853248596
sample_00938.html,0.10108525270638352
sample_07955.html,0.7748249692931493
sample_02453.html,0.12258055226658629
sample_03814.html,0.3125309720758059
sample_08857.html,0.29538423857146257
sample_02640.html,0.7423346904167493
sample_01058.html,0.0989477356005142
sample_07930.html,0.7727294401823991
sample_04752.html,0.10193528400663049
sample_02416.html,0.26777577995214297
sample_01860.html,0.039580364729927396
sample_00241.html,0.6440774219607878
sample_00799.html,0.7897180073862385
sample_01245.html,0.21298844372736747
sample_03093.html,0.9348097047728804
sample_08299.html,0.9688840477727776
sample_04545.html,0.972615970057153
sample_07164.html,0.14639067330045605
sample_04101.html,0.039807588135149216
sample_06903.html,0.04005967683715475
sample_02194.html,0.534073567737317
sample_06944.html,0.9843253392339684
sample_07142.html,0.7166542675503164
sample_04353.html,0.898393643024758
sample_06948.html,0.8547892802229943
sample_05312.html,0.7122207159126894
sample_05919.html,0.4226867646525143
sample_08976.html,0.9404594828464349
sample_04249.html,0.46760779686078724
sample_07818.html,0.5678336853671372
sample_09171.html,0.9664242969210574
sample_00985.html,0.5239328617961007
sample_09732.html,0.9756864530834275
sample_00452.html,0.4135039942352549
sample_04321.html,0.05524062288538148
sample_06654.html,0.03449295940133331
sample_02697.html,0.24391550084745187
sample_08071.html,0.965459440232083
sample_08680.html,0.050842118809426455
sample_03678.html,0.623201542103807
sample_05427.html,0.027906814097122586
sample_08309.html,0.6448440630717664
sample_08669.html,0.017120745156617368
sample_06737.html,0.019838397833501144
sample_04864.html,0.9358948371363025
sample_05238.html,0.15739428788378337
sample_01181.html,0.05536723585754776
sample_00953.html,0.02163825475642328
sample_03160.html,0.9178003344079353
sample_07509.html,0.042142626107790584
sample_04721.html,0.8733382744494796
sample_03697.html,0.017617156945553443
sample_02113.html,0.9701163184959364
sample_04641.html,0.8971662694327317
sample_00202.html,0.922357764534706
sample_07642.html,0.958873628677256
sample_09256.html,0.2592105182402129
sample_02081.html,0.8738498959722538
sample_00606.html,0.9058424237433506
sample_08332.html,0.39235762469441315
sample_00501.html,0.10754160113392273
sample_06492.html,0.9268124372377397
sample_06090.html,0.9337113930358896
sample_08361.html,0.9415976554274624
sample_03948.html,0.5144064485001184
sample_07084.html,0.10487074164311742
sample_05624.html,0.9372986103816671
sample_00463.html,0.041088040108377445
sample_04091.html,0.44573437969246194
sample_03293.html,0.9778995347540185
sample_09949.html,0.031368329519137574
sample_06542.html,0.9502209408336855
sample_01026.html,0.9657739683272368
sample_06973.html,0.03737121994844827
sample_07496.html,0.058726446297985374
sample_07144.html,0.8023691031769628
sample_00522.html,0.49492697394565793
sample_01610.html,0.945654329781623
sample_05111.html,0.77569131854742
sample_03208.html,0.983956357725955
sample_07468.html,0.835201105894925
sample_09778.html,0.95696145525811
sample_06988.html,0.9205736303354809
sample_06088.html,0.04258807194589203
sample_09156.html,0.9475118244864227
sample_02314.html,0.9694210824003191
sample_09482.html,0.0869045682478835
sample_04334.html,0.9771680683903999
sample_09485.html,0.07723325569493877
sample_08846.html,0.9808593122723562
sample_07793.html,0.10755923908334607
sample_03659.html,0.0671325242452939
sample_02862.html,0.02185835477134334
sample_06803.html,0.0329110298088341
sample_02632.html,0.9563413267540892
sample_01061.html,0.07426003632075805
sample_06340.html,0.9740952934405857
sample_01100.html,0.9813847136300996
sample_02556.html,0.8879246153702436
sample_05356.html,0.052973115646590456
sample_09108.html,0.9631748300344014
sample_07277.html,0.04564883398595282
sample_05601.html,0.06280785041728185
sample_01418.html,0.9573379439476966
sample_07689.html,0.9113062738921737
sample_01463.html,0.9756864530834275
sample_03939.html,0.06778384308854916
sample_02101.html,0.03737121994844827
sample_07289.html,0.9806264475418569
sample_04378.html,0.9756078200842444
sample_03924.html,0.037409311152405575
sample_07684.html,0.9794949324159677
sample_06974.html,0.43640671080604004
sample_03326.html,0.8029396948139713
sample_03308.html,0.9408684243005566
sample_04007.html,0.9838591673253473
sample_00058.html,0.02403790886438364
sample_08052.html,0.9119675255052596
sample_03364.html,0.795497738947259
sample_03289.html,0.08604454776571459
sample_09270.html,0.9570787256040874
sample_09026.html,0.2381394297413974
sample_08045.html,0.9612682670369659
sample_05108.html,0.8725276163726733
sample_03871.html,0.9671308393285113
sample_03872.html,0.9806264475418569
sample_05162.html,0.6871484571806138
sample_07820.html,0.4965011376320395
sample_07553.html,0.055070278427278796
sample_01161.html,0.8541486951578162
sample_06193.html,0.21172384822465157
sample_03010.html,0.15909387491809
sample_01473.html,0.03996138734540671
sample_04392.html,0.8827883919583938
sample_08117.html,0.5413375529503361
sample_00033.html,0.8180453952665446
sample_08688.html,0.08503135214467913
sample_07725.html,0.812203327835887
sample_07327.html,0.9868593283998034
sample_00582.html,0.07533649450213688
sample_03132.html,0.7763770554159566
sample_02796.html,0.17386735353538968
sample_00132.html,0.1314109532173287
sample_00956.html,0.03986539976345211
sample_05587.html,0.048361557372175484
sample_07792.html,0.041211525508744073
sample_07150.html,0.14800528263463156
sample_07880.html,0.023791804703127556
sample_03639.html,0.5515122102242271
sample_07529.html,0.08378213434935973
sample_08068.html,0.10640808999810696
sample_01423.html,0.9813618202241389
sample_07670.html,0.03874683343165152
sample_04927.html,0.057660817676843085
sample_07928.html,0.915326262218511
sample_07499.html,0.07131983527598915
sample_08284.html,0.14082207111838513
sample_04921.html,0.1258912457077635
sample_06761.html,0.20496293313561825
sample_02873.html,0.9928557581750139
sample_05797.html,0.6138904354932853
sample_00441.html,0.042676664909076505
sample_04594.html,0.048800237916700066
sample_09919.html,0.029742582683253194
sample_08788.html,0.18225992374782826
sample_08909.html,0.33001976258532956
sample_02266.html,0.1240965597878779
sample_07657.html,0.038975474490570816
sample_00805.html,0.828685277624072
sample_08703.html,0.8718287139282669
sample_08782.html,0.04223720769063432
sample_06835.html,0.03816256172267256
sample_01126.html,0.9562611213977954
sample_04903.html,0.0645668071003262
sample_03340.html,0.04165757511249124
sample_08751.html,0.43605358635718233
sample_06086.html,0.0482163481503996
sample_07543.html,0.9638649129830833
sample_07585.html,0.10851154207428475
sample_00866.html,0.8428126839353042
sample_00261.html,0.9868593283998034
sample_04220.html,0.04244237281260457
sample_06306.html,0.09040303824829903
sample_01573.html,0.7552194610291689
sample_03543.html,0.9800049233938897
sample_09953.html,0.5908465197471826
sample_08933.html,0.14374276163840013
sample_08977.html,0.37470546639496133
sample_00655.html,0.04892967680460879
sample_05957.html,0.19558604888155245
sample_00231.html,0.0201101525230796
sample_09082.html,0.9893836849667789
sample_05236.html,0.2852862792065929
sample_07111.html,0.7773053966729219
sample_05540.html,0.9659748985173421
sample_01009.html,0.03566539777375779
sample_06547.html,0.9838591673253473
sample_08048.html,0.9869655840786847
sample_06443.html,0.6674627083561641
sample_00960.html,0.9076707270015675
sample_02985.html,0.8476582512741856
sample_03700.html,0.7672895814629945
sample_09364.html,0.07480341639548581
sample_09703.html,0.9775276679309838
sample_09957.html,0.503151993754224
sample_00688.html,0.8777460163438604
sample_07429.html,0.039762845163687735
sample_04209.html,0.8478836499686231
sample_06422.html,0.8564773173685235
sample_02034.html,0.9868593283998034
sample_07654.html,0.9573379439476966
sample_06007.html,0.05253941498719211
sample_04082.html,0.9740952934405857
sample_03007.html,0.9536106024905011
sample_02128.html,0.91093971917176
sample_09819.html,0.8306901311629475
sample_02656.html,0.9566648118412405
sample_00183.html,0.08584631245858988
sample_09920.html,0.6637463791397917
sample_03897.html,0.9597752288533666
sample_06137.html,0.9893836849667789
sample_01028.html,0.49522628435999677
sample_04297.html,0.9846581142883489
sample_09931.html,0.868031650889728
sample_05761.html,0.9593518728532812
sample_00273.html,0.024329008999324064
sample_00630.html,0.05303995954172442
sample_01164.html,0.9757215679662012
sample_09196.html,0.9728068821988044
sample_09537.html,0.16950852110173872
sample_07176.html,0.966033822973057
sample_00394.html,0.7003187612096852
sample_09298.html,0.9223391208959365
sample_00692.html,0.04089475398964004
sample_09779.html,0.02418350240657076
sample_05737.html,0.06692225056082135
sample_04362.html,0.9572045117676095
sample_08890.html,0.2096181195565067
sample_02492.html,0.09040727206566243
sample_01474.html,0.6365590903991748
sample_04484.html,0.049105634658361506
sample_03697.html,0.8664945626274712
sample_07673.html,0.9846581142883489
sample_02686.html,0.9833022646422086
sample_03896.html,0.21031123179686984
sample_04572.html,0.9983341605648108
sample_09267.html,0.19999273556593797
sample_00797.html,0.29163506615645896
sample_01342.html,0.9411694659788037
sample_05246.html,0.8315484848387545
sample_00722.html,0.9383552673152112
sample_00115.html,0.9519336069239671
sample_05098.html,0.046909393765159485
sample_00657.html,0.04206901314161378
sample_04473.html,0.03737121994844827
sample_08090.html,0.03737121994844827
sample_09639.html,0.9356374669437811
sample_07208.html,0.035440476280836714
sample_08379.html,0.5208770317382462
sample_02785.html,0.44519126900876255
sample_00500.html,0.7087958028873862
sample_04080.html,0.914067424187525
sample_07782.html,0.04788461864160742
sample_03205.html,0.9487293786558969
sample_04435.html,0.18401257614828845
sample_05200.html,0.9397071662359616
sample_03035.html,0.03597984484771656
sample_09954.html,0.5505582261598124
sample_08284.html,0.7154559443673756
sample_08266.html,0.05505545921928886
sample_00230.html,0.053891551203128996
sample_03779.html,0.5231635881653112
sample_01035.html,0.972615970057153
sample_09687.html,0.9846345121085107
sample_01933.html,0.1396700339649605
sample_04642.html,0.07994402740573661
sample_03759.html,0.6299098123925317
sample_00880.html,0.6828005771357372
sample_04577.html,0.049812512208480285
sample_02103.html,0.9401999184797932
sample_08230.html,0.04702327461400795
sample_09606.html,0.9753071396453898
sample_07659.html,0.2936624489072435
sample_00557.html,0.04027508398807371
sample_03377.html,0.1697247479101459
sample_04413.html,0.9865028066619714
sample_06241.html,0.08882341478165356
sample_05864.html,0.2702072896550354
sample_07626.html,0.8738498959722538
sample_04537.html,0.05591799889211842
sample_05437.html,0.022342218972378224
sample_01393.html,0.2305327892436873
sample_04451.html,0.5043878984145925
sample_02514.html,0.44218782504574733
sample_03282.html,0.07541212275692911
sample_05095.html,0.25779066712541787
sample_01108.html,0.9502274604969804
sample_09896.html,0.39062222559050874
sample_09921.html,0.41022851347107964
sample_04562.html,0.22652535477354926
sample_05854.html,0.9659748985173421
sample_00542.html,0.15627750470002377
sample_06231.html,0.01780342218744483
sample_04287.html,0.03393195740355324
sample_00679.html,0.9815988146541721
sample_02180.html,0.9273217317665324
sample_07069.html,0.9843253392339684
sample_03404.html,0.47118017545868573
sample_01621.html,0.4051527136913138
sample_02220.html,0.085547086363866
sample_08926.html,0.05793670951117394
sample_07322.html,0.04460214250948318
sample_08813.html,0.6224331836657601
sample_00872.html,0.47253493423644916
sample_08704.html,0.9471315187108081
sample_08078.html,0.4598141693438824
sample_07747.html,0.3834244265325601
sample_05671.html,0.04574350932577433
sample_00788.html,0.9755585623209622
sample_08083.html,0.9178003344079353
sample_07484.html,0.2607212759731772
sample_07232.html,0.03369711026556308
sample_09400.html,0.025926211280282385
sample_02652.html,0.027076046609912013
sample_09157.html,0.9469658105713842
sample_07288.html,0.26720389253808574
sample_06118.html,0.8916716321973667
sample_01225.html,0.6731665506023738
sample_01752.html,0.5031406822314489
sample_00716.html,0.6027301541947313
sample_08950.html,0.8790157313146533
sample_05053.html,0.9210361866534608
sample_08714.html,0.8724014313889646
sample_03033.html,0.4049245923860113
sample_01699.html,0.031795240484696084
sample_05221.html,0.04232104641391285
sample_03711.html,0.9719826190107725
sample_05252.html,0.9194795180226525
sample_09256.html,0.9301679867111073
sample_02067.html,0.9323456309204616
sample_03300.html,0.06166779216671165
sample_05880.html,0.9223321788716091
sample_01136.html,0.019281984442025498
sample_09675.html,0.8108601212983128
sample_07264.html,0.3103143873654889
sample_07050.html,0.802605459474415
sample_00440.html,0.26555881864386854
sample_05955.html,0.5711331236938849
sample_08189.html,0.22456546608254138
sample_04889.html,0.23242133368110313
sample_01408.html,0.02803359866087167
sample_00002.html,0.031202374698943835
sample_06989.html,0.9868593283998034
sample_01533.html,0.9690266763250563
sample_04457.html,0.11372144595528326
sample_08925.html,0.9804000495026689
sample_06594.html,0.9767811328674848
sample_00693.html,0.11170890738981525
sample_05674.html,0.9164654248239401
sample_05676.html,0.310772946542972
sample_01015.html,0.9624349850881422
sample_06226.html,0.9325391628424783
sample_00993.html,0.03556681677893199
sample_06316.html,0.03606286718423936
sample_07982.html,0.0504046829850548
sample_06381.html,0.7550767821562868
sample_06895.html,0.7141499942558707
sample_05235.html,0.864742279950363
sample_09295.html,0.04943709308865146
sample_01239.html,0.09954645109003152
sample_05533.html,0.6720370770625248
sample_06704.html,0.05485467488223319
sample_07595.html,0.8445480159295177
sample_00384.html,0.06649639831801259
sample_00722.html,0.08411472002882882
sample_09302.html,0.09347858441185374
sample_01055.html,0.9450336625223857
sample_00079.html,0.9573379439476966
sample_09454.html,0.9357343571808207
sample_05140.html,0.9429531393064061
sample_07829.html,0.990535635210493
sample_01854.html,0.8513280685633084
sample_04107.html,0.04883833621492076
sample_02774.html,0.6226636981709504
sample_05465.html,0.9893836849667789
sample_09378.html,0.6456080375440819
sample_01397.html,0.03425501543441782
sample_09737.html,0.9219454726869001
sample_04884.html,0.0519786076968251
sample_02439.html,0.9693828874576647
sample_01228.html,0.9090792984721581
sample_04109.html,0.9869655840786847
sample_08325.html,0.7243646101012216
sample_09286.html,0.045180106098219236
sample_06719.html,0.12797378415265884
sample_05751.html,0.5229926197896148
sample_01927.html,0.07223317202780707
sample_00951.html,0.8459189056992368
sample_09761.html,0.31842829287381436
sample_02606.html,0.9601268249019556
sample_03837.html,0.0582888330021845
sample_07530.html,0.06778384308854916
sample_00829.html,0.972615970057153
sample_02816.html,0.9063931251599966
sample_05741.html,0.6890199825026303
sample_01492.html,0.036043782107132154
sample_06801.html,0.7208049014574223
sample_00828.html,0.6165629360922381
sample_04440.html,0.9738842331925374
sample_04810.html,0.343662539395259
sample_04500.html,0.24031326392586724
sample_05655.html,0.05771342415390124
sample_00047.html,0.7779816050247929
sample_07887.html,0.10048538608752837
sample_05483.html,0.8755606690572989
sample_02641.html,0.04726072574951716
sample_06806.html,0.03334459455670977
sample_08849.html,0.9343864737951642
sample_09358.html,0.019086375986752484
sample_07045.html,0.5482009318923775
sample_03315.html,0.9101158758461985
sample_04565.html,0.9614655459049146
sample_07260.html,0.9624240099343062
sample_06893.html,0.9709620144193326
sample_02344.html,0.9867040690830529
sample_02484.html,0.9793208772451474
sample_00902.html,0.9867040690830529
sample_02138.html,0.13315777069007798
sample_07644.html,0.9869655840786847
sample_05765.html,0.8892045409554095
sample_08805.html,0.9717504151625875
sample_03585.html,0.19437707260731527
sample_02758.html,0.6854762166153814
sample_08899.html,0.9869655840786847
sample_00714.html,0.928046156317269
sample_09227.html,0.04391366209524761
sample_02044.html,0.03859979522210277
sample_09990.html,0.9351466957959409
sample_01758.html,0.02172001855639336
sample_03431.html,0.9843253392339684
sample_08880.html,0.8667593534691609
sample_07057.html,0.038560024031293605
sample_03706.html,0.05001175407071875
sample_06854.html,0.043444806692800826
sample_05186.html,0.36524257785447856
sample_01763.html,0.26606172149684865
sample_04623.html,0.03944172531556429
sample_09601.html,0.9755873533593817
sample_00103.html,0.6411263772301782
sample_08855.html,0.0989865708686219
sample_07674.html,0.055810930006569455
sample_05129.html,0.9810647931318748
sample_09644.html,0.05721754817338785
sample_03879.html,0.9477058131457435
sample_02020.html,0.9501439555732416
sample_00976.html,0.056577705756018
sample_07417.html,0.8219734188886404
sample_09126.html,0.02099047508493914
sample_08275.html,0.03749940594928116
sample_02082.html,0.03737121994844827
sample_00539.html,0.9694886989355683
sample_09314.html,0.9644433540940622
sample_08051.html,0.03374070994050544
sample_08431.html,0.6998875155459268
sample_07339.html,0.8431152552476915
sample_08166.html,0.9868593283998034
sample_05981.html,0.038991398673909584
sample_06335.html,0.9670754092564351
sample_09370.html,0.030288166503371763
sample_02873.html,0.08206686767277806
sample_04965.html,0.976539100653154
sample_04892.html,0.02237881532527967
sample_01427.html,0.9497440062340125
sample_06492.html,0.03186776055124621
sample_02024.html,0.1836169075341505
sample_09808.html,0.9365711944580708
sample_07875.html,0.9601268249019556
sample_02011.html,0.92602427481
sample_05954.html,0.051299161968855686
sample_07290.html,0.05365462924090393
sample_05177.html,0.33445401474273156
sample_02517.html,0.07933069414624351
sample_00229.html,0.04419546181147858
sample_09573.html,0.01768841674176961
sample_00761.html,0.736748895564033
sample_02385.html,0.9274816182311677
sample_06640.html,0.053591673482069335
sample_03376.html,0.8938631879038141
sample_09332.html,0.9145963916322887
sample_08475.html,0.9643542780710987
sample_01100.html,0.16394404468347962
sample_04605.html,0.04305249736210748
sample_02683.html,0.7608460884628534
sample_08019.html,0.8564773173685235
sample_01438.html,0.37323208994230744
sample_00909.html,0.022204663496074317
sample_00727.html,0.5794562232494588
sample_03642.html,0.6712202524499886
sample_04279.html,0.23886258493754364
sample_01810.html,0.036607071427139974
sample_01034.html,0.963459919267915
sample_08664.html,0.06321137912308622
sample_01945.html,0.9865028066619714
sample_00562.html,0.5500491879926398
sample_04998.html,0.03121054089716929
sample_03950.html,0.8261409119356763
sample_02694.html,0.7181554449143466
sample_07491.html,0.04321522663793029
sample_03407.html,0.7079039896581262
sample_07497.html,0.8436983818758811
sample_08247.html,0.9078985767194094
sample_06491.html,0.9161909471471816
sample_05968.html,0.17242968074994652
sample_01158.html,0.024575986608609015
sample_00742.html,0.5580521062823891
sample_09969.html,0.6805301655315371
sample_04870.html,0.9693820039150376
sample_03360.html,0.04809172090746746
sample_00524.html,0.03830449346009178
sample_03263.html,0.16664360484319607
sample_04918.html,0.04485322183715766
sample_01139.html,0.980385669630482
sample_01814.html,0.9843253392339684
sample_03519.html,0.9812828486503075
sample_06341.html,0.6308589643674603
sample_00097.html,0.09902510426641127
sample_03469.html,0.9850997587748056
sample_02734.html,0.19105933487847226
sample_07105.html,0.8054995354134896
sample_00108.html,0.029336960225856624
sample_01334.html,0.0805094822431342
sample_03539.html,0.8787265466863178
sample_00296.html,0.0718092035276114
sample_06940.html,0.963422696467198
sample_04038.html,0.05248400938322988
sample_05329.html,0.055645456039099886
sample_03081.html,0.08346583039700477
sample_09053.html,0.13690829081798594
sample_08654.html,0.8301822973536789
sample_06734.html,0.3286279732580837
sample_08613.html,0.9867040690830529
sample_08988.html,0.9278892344221972
sample_02265.html,0.021770911002976717
sample_07411.html,0.24898052071088575
sample_05271.html,0.6735305998724579
sample_08217.html,0.5960350952924544
sample_09847.html,0.12258055226658629
sample_06643.html,0.4854283273319472
sample_02127.html,0.9810994886478284
sample_03955.html,0.9810237888597574
sample_01665.html,0.9247131312525615
sample_09704.html,0.03737121994844827
sample_05138.html,0.12892077598742
sample_05287.html,0.1595781207072709
sample_00284.html,0.5364411056041699
sample_00328.html,0.8459189056992368
sample_09974.html,0.3886098469233291
sample_09579.html,0.06465191944236229
sample_03066.html,0.3073038135893104
sample_08812.html,0.8035898805097411
sample_06609.html,0.9751086843235683
sample_08067.html,0.09388736276049596
sample_09397.html,0.02513228405903684
sample_03422.html,0.4989750093644963
sample_08255.html,0.12284069650362944
sample_01298.html,0.45387211447472176
sample_06613.html,0.033931107009643774
sample_09740.html,0.054533992160305
sample_04239.html,0.8099150201125687
sample_02833.html,0.1930408004354237
sample_05044.html,0.9444553679391477
sample_01436.html,0.05548499146818043
sample_01197.html,0.07528543826215021
sample_01223.html,0.05515151676052665
sample_04785.html,0.9851511397341945
sample_03561.html,0.8751611181618036
sample_07534.html,0.9740746826681999
sample_04912.html,0.9760861673317814
sample_01275.html,0.8454831990809606
sample_03960.html,0.10268914464737228
sample_07050.html,0.5231635881653112
sample_02831.html,0.03139271600762895
sample_06241.html,0.3442740529477098
sample_05391.html,0.025078291363831367
sample_09954.html,0.05161475774218047
sample_00123.html,0.04064915306344012
sample_04105.html,0.12070902924180878
sample_01137.html,0.08724017781587254
sample_05090.html,0.9706697826489483
sample_08041.html,0.9802650239344926
sample_04070.html,0.9542214519293485
sample_09205.html,0.9815880582221648
sample_02605.html,0.9661365128053819
sample_08550.html,0.025362405152861076
sample_05181.html,0.12073569748175536
sample_08372.html,0.9683595032345348
sample_04715.html,0.9097877768710951
sample_04178.html,0.3252271932117933
sample_02452.html,0.11075639847298284
sample_06786.html,0.21975314106260513
sample_02619.html,0.04271557278645936
sample_03216.html,0.9690387166195281
sample_06418.html,0.9383552673152112
sample_04243.html,0.03774916061723277
sample_07719.html,0.14217775454097867
sample_06878.html,0.4242942934707269
sample_09383.html,0.03862364345259153
sample_01308.html,0.9183667789592059
sample_00407.html,0.980501053126487
sample_06374.html,0.9573379439476966
sample_03598.html,0.3000489539795257
sample_09877.html,0.056823013262819466
sample_02766.html,0.1353195600604394
sample_09356.html,0.7656575471313074
sample_06008.html,0.965459440232083
sample_07995.html,0.9706845393298795
sample_09371.html,0.061230229760449846
sample_05559.html,0.4648627327765003
sample_07612.html,0.06778384308854916
sample_06099.html,0.020283198052376116
sample_02674.html,0.9291868657699686
sample_01684.html,0.17981076954304623
sample_09239.html,0.32776969215910967
sample_05663.html,0.5590343129317539
sample_04620.html,0.9803534444324801
sample_01006.html,0.01876103701436216
sample_05103.html,0.4868855531980231
sample_01859.html,0.6103944407534218
sample_00240.html,0.9694210824003191
sample_04779.html,0.06725230736064029
sample_00010.html,0.44557987703567326
sample_04665.html,0.983956357725955
sample_09211.html,0.962705753758242
sample_01626.html,0.5416894332557046
sample_07814.html,0.8916716321973667
sample_06978.html,0.41633899631405147
sample_06868.html,0.05670703362819187
sample_02488.html,0.25793668159759037
sample_06368.html,0.966143407200353
sample_09472.html,0.9573379439476966
sample_09811.html,0.9458891614133976
sample_01670.html,0.02770222210919097
sample_03708.html,0.13106311342149246
sample_00474.html,0.9439660007362776
sample_05174.html,0.738730331845105
sample_03781.html,0.06009145517355506
sample_04753.html,0.19611067774529406
sample_01649.html,0.03737121994844827
sample_01742.html,0.388043814432706
sample_09667.html,0.02468022426874386
sample_08059.html,0.38158338312256995
sample_02801.html,0.9666286666455653
sample_09155.html,0.10412403344298922
sample_08378.html,0.5723631615064789
sample_05274.html,0.8388886786458335
sample_09969.html,0.06719761660450814
sample_04246.html,0.19602946733214505
sample_04527.html,0.05657212623883059
sample_02678.html,0.4525605327363733
sample_08850.html,0.4256342217745345
sample_00550.html,0.04463630624360878
sample_04387.html,0.08631430943215716
sample_03181.html,0.9017584689129227
sample_06498.html,0.04288597225410604
sample_00313.html,0.958334823820019
sample_08388.html,0.1787056244732603
sample_00933.html,0.9354311424913343
sample_04977.html,0.25184173143853383
sample_01590.html,0.0424060011452007
sample_04414.html,0.5731358767524385
sample_01668.html,0.15550534379355369
sample_01878.html,0.9467139817303413
sample_05902.html,0.9068236963082605
sample_03550.html,0.03737121994844827
sample_00698.html,0.041204033803961385
sample_06823.html,0.9641024473565002
sample_02623.html,0.03978473538976258
sample_04065.html,0.6857613402159001
sample_01229.html,0.15546863861179497
sample_05002.html,0.13377808656866563
sample_06086.html,0.9844712749483112
sample_01963.html,0.1877551018611142
sample_07787.html,0.06762922369196071
sample_07394.html,0.7433119318701276
sample_06531.html,0.9860467714331941
sample_00473.html,0.34318711252004785
sample_03992.html,0.8198399785040347
sample_05868.html,0.2055416319176871
sample_03884.html,0.04180662383852071
sample_01679.html,0.9779662644222119
sample_07583.html,0.8756538139035852
sample_08392.html,0.062345289328795864
sample_06218.html,0.06178326365632709
sample_08214.html,0.6675945474858793
sample_02764.html,0.07547784811925956
sample_06743.html,0.060605955304368006
sample_03653.html,0.9277241268321031
sample_04059.html,0.8285775351494916
sample_02835.html,0.2982618986273341
sample_02793.html,0.8080986070033677
sample_02756.html,0.03922581292651171
sample_03001.html,0.04417122397980527
sample_02372.html,0.9600672062350049
sample_06510.html,0.8414112364295532
sample_00264.html,0.03968591903048932
sample_05867.html,0.9573379439476966
sample_06043.html,0.8514984588745113
sample_02360.html,0.06994224075724062
sample_00789.html,0.5183755320039273
sample_00920.html,0.4081847971972006
sample_06772.html,0.9388820487130896
sample_00078.html,0.9868593283998034
sample_03593.html,0.07470695446268917
sample_03800.html,0.9628081973396362
sample_01499.html,0.785626535838544
sample_05928.html,0.2474774893682481
sample_07099.html,0.9645148554643264
sample_00703.html,0.7969443109151518
sample_02739.html,0.9868593283998034
sample_06795.html,0.28544029766026585
sample_06520.html,0.393566382180036
sample_00343.html,0.8036792603533808
sample_06149.html,0.04403306367829333
sample_04964.html,0.50248150135106
sample_05931.html,0.037469262653390095
sample_08432.html,0.03907159047303067
sample_06269.html,0.9457498772370102
sample_01395.html,0.5116126985992682
sample_09103.html,0.622362136125407
sample_06661.html,0.962705753758242
sample_02566.html,0.05864898976493232
sample_03017.html,0.7469708464529728
sample_06936.html,0.04772807332979703
sample_06111.html,0.30949690114699785
sample_08458.html,0.02076271858707017
sample_01057.html,0.047096490297545895
sample_01681.html,0.8841462233822074
sample_00157.html,0.03529823431896122
sample_05215.html,0.11460262501526865
sample_01257.html,0.024272765227353475
sample_01952.html,0.9893836849667789
sample_03395.html,0.04977728456253883
sample_07259.html,0.8419943050841355
sample_07900.html,0.5928843245025545
sample_05426.html,0.6948821351857941
sample_06129.html,0.6352276405768371
sample_03956.html,0.9867040690830529
sample_04960.html,0.9587305878775527
sample_00833.html,0.8937695105638978
sample_03041.html,0.28898487040382614
sample_00262.html,0.9649319708735673
sample_09134.html,0.1679262918599517
sample_05761.html,0.06953741487855865
sample_03966.html,0.035690905413684165
sample_03778.html,0.46613286075260474
sample_09909.html,0.8678002934803879
sample_09208.html,0.9625656051093617
sample_06018.html,0.9383552673152112
sample_03269.html,0.032569026422709486
sample_04500.html,0.9389918650653543
sample_02659.html,0.921864180069962
sample_07142.html,0.03628400380137829
sample_03009.html,0.21765716913020283
sample_01649.html,0.9870511023035584
sample_09049.html,0.5796395132264713
sample_01832.html,0.04280006794472285
sample_04548.html,0.04171311229708592
sample_03549.html,0.04944274687563596
sample_04005.html,0.4776485519729649
sample_02922.html,0.4506143892516112
sample_02432.html,0.03127822027850802
sample_08237.html,0.45373284115073
sample_06434.html,0.3950442588946009
sample_04126.html,0.0509284754275228
sample_00998.html,0.026768887217251774
sample_07225.html,0.9810077073402252
sample_04727.html,0.04637694960177053
sample_04723.html,0.9893836849667789
sample_02149.html,0.9573379439476966
sample_06501.html,0.9401999184797932
sample_03256.html,0.07240786840949197
sample_03961.html,0.4351515759907747
sample_02064.html,0.9731243506582835
sample_08147.html,0.8909022229022969
sample_06199.html,0.057280405588940486
sample_04690.html,0.5946032336569341
sample_00685.html,0.9231738566461287
sample_09146.html,0.22461406557050642
sample_07926.html,0.03374450126379457
sample_08725.html,0.9250785725802515
sample_07522.html,0.471992392492796
sample_07883.html,0.9668480491573397
sample_04113.html,0.9868593283998034
sample_08151.html,0.6875840717494881
sample_03614.html,0.18141220760032947
sample_05986.html,0.6478346629375578
sample_09314.html,0.047535418988037405
sample_03125.html,0.9893836849667789
sample_09102.html,0.6056222654053123
sample_03125.html,0.0477643530341583
sample_03542.html,0.9868593283998034
sample_04751.html,0.6462560307967155
sample_00324.html,0.9690387166195281
sample_01093.html,0.7366836867832901
sample_02201.html,0.9694886989355683
sample_07707.html,0.9767811328674848
sample_05857.html,0.6735147529009072
sample_04807.html,0.9596934541208564
sample_04040.html,0.7362895076484918
sample_05852.html,0.9463630945482319
sample_01010.html,0.9574820880918407
sample_09465.html,0.3615739973680489
sample_02869.html,0.7826229824998203
sample_06644.html,0.03737121994844827
sample_02289.html,0.8459189056992368
sample_03188.html,0.4062711355491873
sample_07977.html,0.29415600621014826
sample_06812.html,0.12046309547072226
sample_05818.html,0.14067492864482237
sample_01739.html,0.6166605214641404
sample_03354.html,0.8696148261880619
sample_06230.html,0.8509433647929356
sample_02775.html,0.7172808705961434
sample_05377.html,0.9868593283998034
sample_05550.html,0.06296219491616988
sample_03340.html,0.9321585210585601
sample_07813.html,0.9486793904389902
sample_09927.html,0.990535635210493
sample_08054.html,0.962705753758242
sample_00384.html,0.8660116641115578
sample_08698.html,0.827073117148292
sample_00930.html,0.27822326804628894
sample_03518.html,0.10812997237952561
sample_07009.html,0.6315175145273159
sample_01411.html,0.03692241050152294
sample_07906.html,0.7830139927354631
sample_01088.html,0.04921493856989465
sample_03044.html,0.02600629143861882
sample_03330.html,0.9269016441338702
sample_08441.html,0.9219454726869001
sample_06094.html,0.5865074582510347
sample_06053.html,0.7172808705961434
sample_05778.html,0.03116546114955032
sample_06765.html,0.27594445590527034
sample_03035.html,0.9869655840786847
sample_05025.html,0.6873080013656471
sample_03441.html,0.01843152927295797
sample_04247.html,0.9231178828217171
sample_00389.html,0.03752201258965909
sample_09485.html,0.9258359610160098
sample_03604.html,0.7460229424561488
sample_02834.html,0.22717822636641297
sample_08557.html,0.051376777603811034
sample_08229.html,0.25670391445962876
sample_03618.html,0.855986070888066
sample_07143.html,0.14312106882674117
sample_08726.html,0.9219536129185903
sample_03194.html,0.04894458250884617
sample_05958.html,0.8819162561576355
sample_05482.html,0.8326210918373789
sample_09598.html,0.3812867992852008
sample_02124.html,0.01796965509450327
sample_01739.html,0.9803534444324801
sample_02236.html,0.9868593283998034
sample_06243.html,0.7024345684914398
sample_04106.html,0.10637901524730509
sample_01469.html,0.028825271467783485
sample_01627.html,0.19613160242513017
sample_09278.html,0.09927117788575167
sample_07788.html,0.7443814636853275
sample_04477.html,0.9235087658611815
sample_00490.html,0.26879850714139825
sample_05391.html,0.5867963959365597
sample_04794.html,0.9640688722940333
sample_04298.html,0.990535635210493
sample_06329.html,0.8219563700654683
sample_04043.html,0.061207103569246295
sample_06528.html,0.8414227617711911
sample_04527.html,0.933268832166833
sample_05785.html,0.8133119295605641
sample_05594.html,0.046493349738663065
sample_07705.html,0.963459919267915
sample_02383.html,0.9570787256040874
sample_08722.html,0.9010736131485612
sample_08498.html,0.043650948962100734
sample_01689.html,0.9292099032873055
sample_07826.html,0.05844352605647782
sample_00398.html,0.02852484714302074
sample_03149.html,0.2203534414665355
sample_06712.html,0.04462238795053859
sample_05327.html,0.20529996497080308
sample_04163.html,0.9751917217574697
sample_03794.html,0.8971519462434262
sample_04343.html,0.03008559496144099
sample_03570.html,0.6583092317706334
sample_06782.html,0.6429240194318265
sample_03432.html,0.01818576158708405
sample_06680.html,0.8980068059047949
sample_09185.html,0.9815880582221648
sample_00636.html,0.055061042786899154
sample_04857.html,0.04777418056749582
sample_03982.html,0.6574629349691139
sample_04241.html,0.20055268231270668
sample_01884.html,0.7595712381069837
sample_09493.html,0.20028863712558545
sample_07445.html,0.7659829094554552
sample_03571.html,0.9694886989355683
sample_06605.html,0.9868593283998034
sample_03294.html,0.9360354097753075
sample_05794.html,0.8092886641139406
sample_08411.html,0.7752087530151335
sample_03632.html,0.980501053126487
sample_02288.html,0.026665654748933322
sample_02049.html,0.03091692884563742
sample_01189.html,0.07904395808452797
sample_00172.html,0.6017740240914914
sample_01311.html,0.20283476164574268
sample_09406.html,0.9121493330518436
sample_06674.html,0.3277012964134793
sample_07253.html,0.08717434108938325
sample_02339.html,0.40161555859268544
sample_02374.html,0.9777653951737119
sample_02590.html,0.02874056736910311
sample_01596.html,0.878298194669373
sample_05498.html,0.20981406260732324
sample_03609.html,0.12659618020495558
sample_07259.html,0.06778384308854916
sample_06136.html,0.17119073421399045
sample_07032.html,0.9123855150393129
sample_09672.html,0.43877726563422526
sample_04056.html,0.027648586487944916
sample_03175.html,0.03955581714370998
sample_06754.html,0.03849327488638286
sample_06173.html,0.051507246288368363
sample_03430.html,0.6983139630546409
sample_06900.html,0.03334459455670977
sample_04444.html,0.9673530883982141
sample_03765.html,0.2579396256855821
sample_00337.html,0.1643258287828936
sample_00847.html,0.09131098970826455
sample_01053.html,0.206853465995821
sample_02553.html,0.05980549939491293
sample_02460.html,0.03737121994844827
sample_01236.html,0.043265826126108436
sample_06725.html,0.09319294589670277
sample_03228.html,0.9800187325622113
sample_07904.html,0.9427932676187688
sample_02564.html,0.33329214182530054
sample_05634.html,0.35839817795116036
sample_03698.html,0.9766815050236375
sample_06841.html,0.9278892344221972
sample_07367.html,0.025397638719718858
sample_04470.html,0.04079939803384084
sample_02992.html,0.9867040690830529
sample_01651.html,0.9264307806838603
sample_08139.html,0.3754793889905665
sample_02524.html,0.9793208772451474
sample_09923.html,0.09395672587642985
sample_06298.html,0.032682686081922416
sample_08485.html,0.0596636161750988
sample_02273.html,0.022364057260501415
sample_09234.html,0.8089035063216182
sample_08595.html,0.10098606190328907
sample_06323.html,0.7910133005516073
sample_03600.html,0.9542214519293485
sample_07414.html,0.8125955804547546
sample_03880.html,0.0180185926110161
sample_02901.html,0.39545246143352
sample_05963.html,0.7153244241017708
sample_07683.html,0.8853788577537521
sample_09999.html,0.10100030994842174
sample_07830.html,0.6210005932541408
sample_05348.html,0.020301242247863352
sample_09331.html,0.9767811328674848
sample_04726.html,0.31325705320901276
sample_07953.html,0.06393526044875782
sample_02526.html,0.9383552673152112
sample_00229.html,0.968144311340387
sample_00047.html,0.7082180106462967
sample_04422.html,0.3348231371892277
sample_09500.html,0.9298030690250068
sample_00697.html,0.040306897098429356
sample_07980.html,0.07267946794613646
sample_06039.html,0.9868593283998034
sample_04976.html,0.8070739191329106
sample_06911.html,0.02734343179760951
sample_03654.html,0.9345144329451216
sample_00558.html,0.9844712749483112
sample_02087.html,0.9843167201261687
sample_01770.html,0.49927694637880704
sample_05045.html,0.8203969764522661
sample_06943.html,0.835201105894925
sample_07594.html,0.9806264475418569
sample_05701.html,0.041623731024557936
sample_07354.html,0.03298202877476319
sample_02233.html,0.20771760824218752
sample_04799.html,0.07824429712148137
sample_02906.html,0.9868593283998034
sample_04234.html,0.029966218084623204
sample_04778.html,0.01484279131184103
sample_04600.html,0.6999541258678067
sample_05086.html,0.023642705570206535
sample_07249.html,0.962705753758242
sample_00673.html,0.47572224658905876
sample_03361.html,0.1393428664385404
sample_00924.html,0.9846345121085107
sample_09832.html,0.9759738425820064
sample_02645.html,0.9206357952093372
sample_00745.html,0.659899481004222
sample_09947.html,0.36679401971307146
sample_02113.html,0.6179175362113879
sample_07952.html,0.6437296941537923
sample_03291.html,0.9631748300344014
sample_04184.html,0.04274794591938513
sample_01895.html,0.8089035063216182
sample_04997.html,0.030744357519297303
sample_00995.html,0.02860668244584811
sample_01999.html,0.07548442953136596
sample_03371.html,0.07689219096886295
sample_03744.html,0.022406581402503376
sample_04249.html,0.06293524990761892
sample_06337.html,0.11907424952520723
sample_09981.html,0.044670949414831566
sample_04873.html,0.8921704147916814
sample_07730.html,0.8478251688654386
sample_01222.html,0.4354767481701872
sample_02276.html,0.9276320330656666
sample_00351.html,0.47586507711310294
sample_08954.html,0.06344512795205529
sample_07070.html,0.8738498959722538
sample_02799.html,0.893629415503668
sample_09391.html,0.6023928525210572
sample_01426.html,0.3518457923394563
sample_06549.html,0.06965046747452071
sample_08867.html,0.028201902986834185
sample_09385.html,0.3899205172544287
sample_03537.html,0.9562611213977954
sample_00823.html,0.4102775804489797
sample_03515.html,0.036065039934503114
sample_08813.html,0.02201799868152229
sample_03451.html,0.9869655840786847
sample_07035.html,0.13624133689792828
sample_06679.html,0.958334823820019
sample_01164.html,0.04894674264440471
sample_03252.html,0.27400894348121513
sample_00198.html,0.8853788577537521
sample_05284.html,0.9555657030224017
sample_07697.html,0.03329879828683181
sample_05910.html,0.9223321788716091
sample_03277.html,0.9795998079160567
sample_01010.html,0.8420277010215778
sample_03214.html,0.11363466620461125
sample_08726.html,0.07326163558750427
sample_02842.html,0.21435124322676075
sample_00513.html,0.9686080755669954
sample_06070.html,0.06378727485270053
sample_00203.html,0.4247207812556861
sample_01215.html,0.9028778332849906
sample_03047.html,0.9806264475418569
sample_02648.html,0.7937630201299816
sample_04352.html,0.08705302945352185
sample_02189.html,0.03980132037753234
sample_09316.html,0.7306456496363357
sample_06467.html,0.8333606179220527
sample_04589.html,0.9592455436909136
sample_09257.html,0.10692505502196388
sample_07677.html,0.34465631991952805
sample_03145.html,0.03334459455670977
sample_09307.html,0.9868593283998034
sample_05933.html,0.04560967960671421
sample_01237.html,0.9843253392339684
sample_09237.html,0.03463766514790194
sample_05120.html,0.7497174168253329
sample_00295.html,0.9815880582221648
sample_06462.html,0.9371165225376495
sample_08357.html,0.12517043973837255
sample_06604.html,0.9444553679391477
sample_05218.html,0.62500558588476
sample_02993.html,0.9231178828217171
sample_01978.html,0.8261409119356763
sample_05134.html,0.7137450107823445
sample_00749.html,0.32994041062163554
sample_03355.html,0.9795998079160567
sample_06229.html,0.05956297573739974
sample_09242.html,0.9516921875865785
sample_07395.html,0.0446338472829411
sample_08501.html,0.18110311585755973
sample_07698.html,0.03540488855908698
sample_02778.html,0.28911609988006254
sample_05667.html,0.070927873503967
sample_03543.html,0.021265717759835944
sample_02819.html,0.44529770655376844
sample_09040.html,0.9572045117676095
sample_03971.html,0.02980528995715756
sample_07742.html,0.4017432599971865
sample_08442.html,0.9868593283998034
sample_04435.html,0.5000572112872078
sample_01076.html,0.8738498959722538
sample_02748.html,0.031028213064984746
sample_00036.html,0.8325952508538449
sample_04932.html,0.9562611213977954
sample_03146.html,0.680623799752126
sample_03540.html,0.8667593534691609
sample_04176.html,0.05983342745770873
sample_08760.html,0.2645753453042419
sample_06609.html,0.14378062728640267
sample_01678.html,0.05915375660119821
sample_08291.html,0.02939029117744626
sample_08854.html,0.07157026061275976
sample_07895.html,0.9812828486503075
sample_02300.html,0.9240533168083008
sample_05630.html,0.028975040009465523
sample_02688.html,0.09737935892996187
sample_04127.html,0.97117666972076
sample_07716.html,0.053974512099243616
sample_06757.html,0.10157432908940543
sample_05672.html,0.27489796081299145
sample_08185.html,0.9798861937847327
sample_07619.html,0.9339024560184238
sample_01191.html,0.036545235450858485
sample_04081.html,0.9269016441338702
sample_02545.html,0.9868593283998034
sample_00908.html,0.1977478967393781
sample_02567.html,0.9803534444324801
sample_09793.html,0.23803911205759515
sample_04984.html,0.9427155782870988
sample_01217.html,0.8052068769136183
sample_07961.html,0.41567882480252905
sample_00672.html,0.09667227289785961
sample_01785.html,0.15407570082589309
sample_06228.html,0.13063931638365095
sample_00894.html,0.9756078200842444
sample_02509.html,0.949688633002848
sample_03093.html,0.15412184918710084
sample_05311.html,0.2653519709184575
sample_03280.html,0.35227242412834414
sample_07086.html,0.06316940129102619
sample_06513.html,0.4031563408260075
sample_09516.html,0.2573911168849045
sample_08977.html,0.980931971457325
sample_04393.html,0.9542863308243883
sample_00667.html,0.14742182701946413
sample_03434.html,0.600928587535829
sample_07838.html,0.7648755696200354
sample_01602.html,0.7585648419424105
sample_08211.html,0.9651528379776545
sample_08194.html,0.9659748985173421
sample_05950.html,0.9274280009803293
sample_09900.html,0.034928960666397856
sample_06707.html,0.0837096605599217
sample_03988.html,0.7353801419441138
sample_03101.html,0.9561227793074671
sample_07337.html,0.990535635210493
sample_06378.html,0.26622682638962375
sample_04513.html,0.7400218496828805
sample_07389.html,0.7497174168253329
sample_02369.html,0.8123616189416141
sample_04757.html,0.8460603197371012
sample_01798.html,0.02966297671373694
sample_02708.html,0.09385545595495529
sample_02028.html,0.6841189334591742
sample_05258.html,0.9868593283998034
sample_05781.html,0.5046677858724121
sample_06486.html,0.6271821276911684
sample_09079.html,0.03540411510145561
sample_08207.html,0.9844712749483112
sample_01239.html,0.4660287266921907
sample_01206.html,0.3732640045726355
sample_05203.html,0.05349314797248991
sample_00983.html,0.08506524079172197
sample_08081.html,0.9779662644222119
sample_08896.html,0.1317405082500074
sample_06687.html,0.8929583937540697
sample_04593.html,0.021249217196396466
sample_03544.html,0.9806264475418569
sample_08349.html,0.925337971190397
sample_09680.html,0.990535635210493
sample_08592.html,0.03200859902229338
sample_01346.html,0.7025006665840975
sample_06625.html,0.7725616116782296
sample_05612.html,0.038377225212659904
sample_09734.html,0.9250785725802515
sample_02843.html,0.9806264475418569
sample_03355.html,0.6244026070684102
sample_07973.html,0.878298194669373
sample_04973.html,0.06141424175106084
sample_07026.html,0.048114677604262704
sample_07526.html,0.020572743825628417
sample_00286.html,0.07110880283005543
sample_02887.html,0.8790157313146533
sample_00295.html,0.024046107921075248
sample_08074.html,0.9851511397341945
sample_04811.html,0.49419634289928305
sample_03140.html,0.6306781143367342
sample_00415.html,0.0389728547956204
sample_09985.html,0.808607438160757
sample_00020.html,0.8984032618376538
sample_06636.html,0.5876638350653349
sample_07880.html,0.5659382943832449
sample_07916.html,0.047607218797157604
sample_07840.html,0.9838591673253473
sample_04016.html,0.8738498959722538
sample_08608.html,0.025787727651190275
sample_05145.html,0.07979505298975667
sample_01618.html,0.9440460466230222
sample_09252.html,0.10748956189731226
sample_02300.html,0.032579132165328616
sample_00806.html,0.974650553132312
sample_08276.html,0.09750095272072071
sample_00776.html,0.3825416780736905
sample_08265.html,0.2469807978731276
sample_01108.html,0.05605364986276918
sample_08277.html,0.036597450758737216
sample_07842.html,0.9127340280123949
sample_06931.html,0.17334642159104865
sample_04790.html,0.5085370348082249
sample_02528.html,0.023937636633889925
sample_09891.html,0.9460090484668308
sample_01869.html,0.038197149122114096
sample_09690.html,0.767679973371518
sample_03887.html,0.8089035063216182
sample_02310.html,0.9535060342909805
sample_04174.html,0.5144064485001184
sample_09965.html,0.6836342086390266
sample_03686.html,0.0428989518447132
sample_08186.html,0.05195414097879851
sample_06515.html,0.7847332684974174
sample_01537.html,0.03717392430778661
sample_02318.html,0.05096469939557017
sample_07514.html,0.980501053126487
sample_05951.html,0.9327285179130104
sample_04569.html,0.21935537030674856
sample_06945.html,0.9383552673152112
sample_00667.html,0.3067991785919177
sample_03667.html,0.04971468771725915
sample_08209.html,0.8191064565026306
sample_01648.html,0.9846345121085107
sample_02779.html,0.04247485140066959
sample_08077.html,0.3480571831706803
sample_04598.html,0.0695187308580153
sample_03643.html,0.9868593283998034
sample_05022.html,0.9210361866534608
sample_04694.html,0.656793010783749
sample_02973.html,0.03670656407660875
sample_00082.html,0.8676475480551334
sample_05960.html,0.9868593283998034
sample_08258.html,0.14371957435226274
sample_02123.html,0.9554286320655814
sample_01988.html,0.7688230745993413
sample_05343.html,0.9767811328674848
sample_01994.html,0.9821301174812453
sample_09250.html,0.03737121994844827
sample_04453.html,0.9737109901835146
sample_00443.html,0.9810077073402252
sample_06581.html,0.844965057628505
sample_03723.html,0.9808593122723562
sample_03572.html,0.6692405291196829
sample_02156.html,0.1309369756154051
sample_00438.html,0.06924933076948796
sample_08044.html,0.03903411135544676
sample_02142.html,0.026515049412683542
sample_09109.html,0.8704426262982884
sample_09022.html,0.03737121994844827
sample_01733.html,0.021265224548029184
sample_05035.html,0.9036308856251484
sample_02092.html,0.9076895156482412
sample_01628.html,0.9458891614133976
sample_06513.html,0.08224213224883335
sample_05276.html,0.10623325353727665
sample_09478.html,0.8123616189416141
sample_00447.html,0.8968704306488068
sample_09413.html,0.7157672563151002
sample_00934.html,0.9653311085872738
sample_08759.html,0.9725386142524477
sample_05481.html,0.9594127512131864
sample_05653.html,0.36987410231259865
sample_08530.html,0.05254866233922831
sample_08934.html,0.7177283868192111
sample_02515.html,0.8044406280694951
sample_06053.html,0.044446834442895135
sample_01332.html,0.9378101633906921
sample_02506.html,0.7933910200233456
sample_02008.html,0.9562611213977954
sample_09845.html,0.9893836849667789
sample_07754.html,0.9308625793279646
sample_03734.html,0.6063084081692646
sample_08196.html,0.9446071921556765
sample_02562.html,0.031384183541817996
sample_04970.html,0.7184251115051432
sample_01513.html,0.8029458670687817
sample_09332.html,0.5911381991721637
sample_00587.html,0.04250989834189966
sample_03399.html,0.9573379439476966
sample_06997.html,0.026386150615464333
sample_07933.html,0.10892125797512026
sample_02872.html,0.863959840292596
sample_06901.html,0.01484279131184103
sample_07196.html,0.8817560845303631
sample_06179.html,0.03329261878084032
sample_03983.html,0.835201105894925
sample_00724.html,0.9815880582221648
sample_00037.html,0.8984032618376538
sample_01802.html,0.4340947003301386
sample_01234.html,0.44779976742097727
sample_06310.html,0.682088952638365
sample_09846.html,0.43929283582284967
sample_06793.html,0.9339024560184238
sample_01709.html,0.08092524761568642
sample_01350.html,0.1404651289870206
sample_09023.html,0.4185085610955554
sample_00419.html,0.5344874463889023
sample_01444.html,0.6023650653574749
sample_04336.html,0.08757764668040498
sample_04557.html,0.5125048289015929
sample_00234.html,0.24134138205154557
sample_06376.html,0.016027667307844815
sample_02381.html,0.03787414535421895
sample_04437.html,0.9616854563844578
sample_02712.html,0.705252746288769
sample_05470.html,0.11713720691555674
sample_07654.html,0.3732041592356199
sample_03156.html,0.05721709182123739
sample_05971.html,0.3004831076256563
sample_09005.html,0.06682317064985965
sample_02127.html,0.11010601420268218
sample_08817.html,0.05439027815977959
sample_02607.html,0.04810440501548004
sample_00609.html,0.7686597921118775
sample_07071.html,0.0668658352030079
sample_05169.html,0.02845901867521602
sample_01502.html,0.9618851569094481
sample_05200.html,0.29514637727755144
sample_05446.html,0.047879334165825765
sample_03503.html,0.7750051747280734
sample_01725.html,0.022489333622447188
sample_05502.html,0.048866464678281055
sample_00571.html,0.9827262761945534
sample_00621.html,0.022371531021114263
sample_06971.html,0.8151484632738617
sample_07682.html,0.9723514567179918
sample_02507.html,0.7248628617797856
sample_04434.html,0.9007324550547873
sample_00608.html,0.9394308008055625
sample_08710.html,0.2394821901978501
sample_08107.html,0.057837604605439845
sample_01428.html,0.9573379439476966
sample_02048.html,0.04589854576147576
sample_06514.html,0.07340145733351826
sample_01303.html,0.2822121396159595
sample_02412.html,0.05161298354973851
sample_08709.html,0.050249617795901855
sample_08752.html,0.15953560507082581
sample_09620.html,0.054933968940927544
sample_09975.html,0.21921492263138026
sample_08121.html,0.02095763807255708
sample_02563.html,0.1648034535026018
sample_00815.html,0.24118995832783705
sample_05679.html,0.06498490209870361
sample_00208.html,0.040995725692610646
sample_00485.html,0.958334823820019
sample_07532.html,0.08149328874981407
sample_01300.html,0.8405587175339404
sample_01314.html,0.07378327734130609
sample_01178.html,0.042862630742989814
sample_02047.html,0.11277785303811458
sample_04014.html,0.024622819708210834
sample_05067.html,0.990535635210493
sample_04002.html,0.9679539823724285
sample_09223.html,0.9694886989355683
sample_08423.html,0.04459915661754135
sample_05646.html,0.9827262761945534
sample_05217.html,0.25994703485088216
sample_09195.html,0.05883047532084376
sample_04791.html,0.6295039910571861
sample_00334.html,0.9767811328674848
sample_06540.html,0.8738498959722538
sample_01819.html,0.9843253392339684
sample_07504.html,0.9654050491820629
sample_03057.html,0.07264435408197417
sample_01797.html,0.9631078105198615
sample_00246.html,0.9838591673253473
sample_03131.html,0.8340538091421799
sample_05925.html,0.9868593283998034
sample_05710.html,0.7433119318701276
sample_07504.html,0.15504586496959297
sample_05020.html,0.8013846949535157
sample_05910.html,0.06588874053853572
sample_02330.html,0.031122191463073337
sample_03578.html,0.03880356933037779
sample_08655.html,0.7720614241487695
sample_01179.html,0.035022854578492496
sample_07012.html,0.10918740860209794
sample_07039.html,0.05151310047773914
sample_06468.html,0.041147324162689805
sample_04784.html,0.3687972220528348
sample_06532.html,0.9793208772451474
sample_02293.html,0.2054232816223817
sample_09188.html,0.24133790644555725
sample_06606.html,0.5580521062823891
sample_00443.html,0.054499369803135855
sample_00624.html,0.9810077073402252
sample_09857.html,0.9643029107903671
sample_02274.html,0.4286227650311063
sample_08910.html,0.1817510936857193
sample_01793.html,0.6722968258814221
sample_06688.html,0.5685198533616885
sample_08674.html,0.05610023680660676
sample_07785.html,0.17491257493976875
sample_08022.html,0.07341409715121681
sample_01371.html,0.9869655840786847
sample_01317.html,0.9723514567179918
sample_04680.html,0.8123616189416141
sample_06111.html,0.9649771259215979
sample_04845.html,0.05233321300497705
sample_03677.html,0.05578998734983235
sample_09542.html,0.06058564479611268
sample_00701.html,0.060242175661349824
sample_07066.html,0.7845445785538995
sample_02005.html,0.9693820039150376
sample_03898.html,0.034744064289430186
sample_06870.html,0.29756050430537584
sample_09698.html,0.046616493940433074
sample_00532.html,0.07256571954859381
sample_04760.html,0.19041123585153993
sample_09683.html,0.9155126674732214
sample_03021.html,0.962705753758242
sample_01047.html,0.05011293413571102
sample_03858.html,0.6922668983373338
sample_00350.html,0.08523887658939154
sample_00334.html,0.04664073985497953
sample_05352.html,0.9893836849667789
sample_08626.html,0.03702392101281717
sample_04141.html,0.26586885685931044
sample_06872.html,0.035912687369861876
sample_06738.html,0.04261419729570479
sample_04639.html,0.02579538311249308
sample_05341.html,0.2132224089491384
sample_00315.html,0.8299728953351508
sample_01643.html,0.35533948578461266
sample_08888.html,0.6047164611709339
sample_01853.html,0.8459189056992368
sample_01396.html,0.040931374558962084
sample_03334.html,0.2519348538264594
sample_06908.html,0.0268171699427332
sample_09571.html,0.9345144329451216
sample_08124.html,0.9657416599429907
sample_03736.html,0.39974379069764937
sample_04089.html,0.03873273100968237
sample_04451.html,0.8089035063216182
sample_07308.html,0.3468018913712783
sample_07423.html,0.207343852170101
sample_06069.html,0.9893836849667789
sample_06648.html,0.09078520617449505
sample_02436.html,0.8022101579779054
sample_04740.html,0.07732789986881093
sample_09265.html,0.8282164002052643
sample_07991.html,0.07144508018905205
sample_03938.html,0.0579871791021937
sample_03504.html,0.10895098478366835
sample_00792.html,0.8211639877101088
sample_01985.html,0.20691232249665603
sample_01440.html,0.1141666954862211
sample_00764.html,0.9893836849667789
sample_04195.html,0.04455183538384209
sample_08620.html,0.9692676401804782
sample_09360.html,0.9541840065410571
sample_07004.html,0.7751738095307125
sample_02582.html,0.18112381878593786
sample_08987.html,0.8414221601706914
sample_00456.html,0.15378382448963093
sample_09190.html,0.12258055226658629
sample_04793.html,0.07495558347716039
sample_04575.html,0.9983341605648108
sample_08203.html,0.06715406426604745
sample_00554.html,0.4145608089428037
sample_05190.html,0.3415871576106734
sample_05179.html,0.48763866531085454
sample_06000.html,0.35277877275177727
sample_07900.html,0.3978168988512569
sample_05347.html,0.9356374669437811
sample_01417.html,0.7325541289400945
sample_02538.html,0.028020537221318503
sample_00735.html,0.8586311268323665
sample_05970.html,0.05942116924860843
sample_02879.html,0.09972949795098178
sample_07335.html,0.9123810655250109
sample_07192.html,0.06126282146251217
sample_09708.html,0.8543364931635526
sample_05051.html,0.05646078784010354
sample_00266.html,0.2424282176131208
sample_06737.html,0.9032115054050879
sample_06506.html,0.36813643825576275
sample_06455.html,0.03739032297378276
sample_07868.html,0.47243159985624855
sample_04846.html,0.06683056513373821
sample_01948.html,0.044414094512969994
sample_04884.html,0.8382374307845507
sample_05966.html,0.024714306045957802
sample_09615.html,0.5550045607949708
sample_01359.html,0.04193779749889721
