file_name,TARGET
sample_08441.html,0.33116226703074214
sample_00072.html,0.27554387511131023
sample_01308.html,0.9294645886147392
sample_08952.html,0.9995694325345323
sample_03355.html,0.9963030501281088
sample_04235.html,0.05706152874610899
sample_05120.html,0.05996241823012496
sample_08891.html,0.994742759599516
sample_06845.html,0.0033085899351037672
sample_01446.html,0.9621275997493012
sample_07150.html,0.049119204731698785
sample_08886.html,0.5815470960454744
sample_01739.html,0.9996506170236973
sample_00985.html,0.016636496648890456
sample_08482.html,0.059020442638665925
sample_07284.html,0.8754755249135734
sample_08037.html,0.9402144679587567
sample_02980.html,0.0062279802777271765
sample_06822.html,0.9827702702702703
sample_01140.html,0.9884040919326719
sample_02124.html,0.7999217902645614
sample_09226.html,0.17916478687777646
sample_06228.html,0.14779462015888264
sample_09263.html,0.3393236295491763
sample_00455.html,0.04343941836702627
sample_09063.html,0.9518250690292909
sample_09630.html,0.04080439069867261
sample_03270.html,0.9964924981506458
sample_09607.html,0.029140311852192232
sample_01557.html,0.99518400940535
sample_09375.html,0.4568282350904623
sample_02172.html,0.9860148110633005
sample_05431.html,0.8699967048438993
sample_07367.html,0.008935674623747513
sample_09982.html,0.9997586632995776
sample_06658.html,0.03404783045263648
sample_02595.html,0.28411029500650004
sample_05234.html,0.336329993092818
sample_02082.html,0.9859827147352186
sample_06099.html,0.0037258819626843002
sample_00766.html,0.02664908923794932
sample_02028.html,0.24274447482561293
sample_04104.html,0.8540258060688558
sample_05467.html,0.99701841740804
sample_09950.html,0.99701841740804
sample_07395.html,0.02977825776666822
sample_09648.html,0.9875363232472851
sample_07463.html,0.0007441031746881321
sample_09134.html,0.10368876307303512
sample_00362.html,0.05756327183505821
sample_04879.html,0.1454639266180709
sample_09754.html,0.9971817547393336
sample_00125.html,0.11325238765030647
sample_07128.html,0.07164950570014553
sample_04832.html,0.9850065830464316
sample_03170.html,0.025104333992316333
sample_03735.html,0.10339263600937698
sample_03481.html,0.998355856841888
sample_05969.html,0.03877153369892889
sample_09708.html,0.015094267249684148
sample_00306.html,0.9922375188549906
sample_07887.html,0.2040191870402059
sample_02116.html,0.9987677855995524
sample_04851.html,0.9640611175807782
sample_00999.html,0.9986024586440739
sample_09267.html,0.9986286283364256
sample_07534.html,0.9929767010167939
sample_01556.html,0.01770129346839082
sample_01262.html,0.9975944606320519
sample_05017.html,0.31212797171973466
sample_05644.html,0.0
sample_06218.html,0.9989182962892411
sample_03694.html,0.9884219645975304
sample_07330.html,0.9958017293187144
sample_07833.html,0.02100100854939816
sample_05836.html,0.012466675716761723
sample_08368.html,0.025027541711846048
sample_04947.html,0.9838966625207297
sample_04485.html,0.9938705567060009
sample_03285.html,0.2059541131070543
sample_02860.html,0.15314714509400282
sample_04970.html,0.7444861111111111
sample_06421.html,0.7090481914485494
sample_08637.html,0.020479714225829105
sample_04545.html,0.9978487858633838
sample_09567.html,0.9903679328432327
sample_09295.html,0.05346245923260348
sample_03544.html,0.6245494471246529
sample_07025.html,0.0
sample_07705.html,0.0028469101026222686
sample_00798.html,0.058477037673364665
sample_06537.html,0.9018987585130005
sample_02862.html,0.007751692191943132
sample_00335.html,0.999619640219519
sample_03496.html,0.6623987759105776
sample_09155.html,0.22077720250178012
sample_03654.html,0.9681222341787223
sample_08901.html,0.1105069597491542
sample_04952.html,0.03507147489156813
sample_07114.html,0.9144013987894337
sample_03153.html,0.10700256162606134
sample_08907.html,0.23309074520576017
sample_09787.html,0.9330273151596812
sample_03976.html,0.9922839982661954
sample_02085.html,0.846172832046192
sample_01008.html,0.02186251351533878
sample_08614.html,0.9994840052585452
sample_07895.html,0.9982505192239235
sample_09271.html,0.9997504476125747
sample_02449.html,0.9897169331286786
sample_07111.html,0.9517495152425323
sample_02312.html,0.0028293691024808315
sample_01657.html,0.9985419596617696
sample_08926.html,0.024898795867146176
sample_02342.html,0.9744832693373567
sample_05734.html,0.9980639893056327
sample_08960.html,0.005472929978913215
sample_00638.html,0.6099345238095238
sample_02572.html,0.13010529701945353
sample_05383.html,0.04936916052273607
sample_04301.html,0.1125914034281503
sample_08307.html,0.12161636650057896
sample_05348.html,0.003863665574289315
sample_02079.html,0.9374982551767311
sample_03235.html,1.0
sample_06157.html,0.998200986497452
sample_04625.html,0.05009572592453984
sample_01904.html,0.5573859201875748
sample_01610.html,0.9853941783806058
sample_02775.html,0.977565987817026
sample_03582.html,0.9922839982661954
sample_03866.html,0.23939217620572298
sample_07264.html,0.48511363636363636
sample_02694.html,0.8182604033897136
sample_05519.html,0.02186355472536878
sample_03854.html,0.943392857142857
sample_04875.html,0.9955234802735059
sample_04283.html,0.04977899051211361
sample_03918.html,0.1683715837795775
sample_04533.html,0.9980492575496999
sample_00007.html,0.8869654539994802
sample_03686.html,0.013171440050696554
sample_07680.html,0.47448983532807065
sample_01436.html,0.9970076021271423
sample_09690.html,0.8796856670604832
sample_08557.html,0.7788905036892296
sample_05731.html,0.07040746406906405
sample_09545.html,0.9258827648685088
sample_01505.html,0.008988236761268437
sample_04107.html,0.05215502855428487
sample_03192.html,0.026714882072024927
sample_04915.html,0.014193378254465278
sample_02779.html,0.9955472740796307
sample_01645.html,0.9699084429824562
sample_00938.html,0.11178547267061367
sample_04181.html,0.4683215370686055
sample_08472.html,0.9899592491008994
sample_08215.html,0.0065323233453921095
sample_08780.html,0.9544831409981306
sample_07027.html,0.5981481481481482
sample_00652.html,0.977565987817026
sample_07493.html,0.11898349351666727
sample_08586.html,0.6404615532579334
sample_02061.html,0.004155139649431636
sample_02194.html,0.07920179411072295
sample_07041.html,0.9268434362454084
sample_06700.html,0.08903613299193833
sample_05042.html,0.2945
sample_08021.html,0.20431491632263207
sample_07874.html,0.38246655136623003
sample_08123.html,0.009493488027976178
sample_08869.html,0.35879685870568223
sample_01049.html,0.9985419596617696
sample_02503.html,0.9361931346253294
sample_01651.html,0.9700292741026273
sample_03716.html,0.9585481981981983
sample_00244.html,0.23139031148423136
sample_04497.html,0.009707111827596647
sample_01074.html,0.031904446580268656
sample_07711.html,0.9566624098576816
sample_06488.html,0.020740781871545426
sample_04734.html,0.010730320965203155
sample_02588.html,0.9997586632995776
sample_04065.html,0.06042616953848592
sample_00232.html,0.15042251054636824
sample_08137.html,0.016645084028100686
sample_07009.html,0.893309747993583
sample_03589.html,0.9620645692775756
sample_03604.html,0.0764654576490245
sample_01190.html,0.8607950628743184
sample_07376.html,0.9987549404458297
sample_09718.html,0.10479508022364219
sample_02557.html,0.9875900110525896
sample_04402.html,0.9908184014711425
sample_01652.html,0.9990202273951004
sample_02840.html,0.994742759599516
sample_01093.html,0.9861110656427186
sample_02317.html,0.20055555555555557
sample_05732.html,0.9843548070876471
sample_09406.html,0.930252776569763
sample_01164.html,0.9951419305214648
sample_08311.html,0.9958017293187144
sample_02185.html,0.01346580950669856
sample_02942.html,0.19949603945782463
sample_06454.html,0.009681859494008549
sample_08932.html,0.8306861498393465
sample_05928.html,0.18679387121204094
sample_00319.html,0.9960130556414575
sample_08522.html,0.34796582296582296
sample_05734.html,0.8242998278931267
sample_07697.html,0.021933114590641258
sample_08549.html,0.9844809088180884
sample_05106.html,0.6428166056441513
sample_09028.html,0.9919233257332958
sample_09985.html,0.08603062100795893
sample_06965.html,0.6678084415584417
sample_09370.html,0.9874506846489887
sample_09896.html,0.9980572541630347
sample_00413.html,0.065125
sample_04141.html,0.9949987615539118
sample_07489.html,0.8234429183139828
sample_01863.html,0.17568340091715864
sample_02773.html,0.9985527819752824
sample_02724.html,0.994742759599516
sample_02064.html,0.014033461836509727
sample_08975.html,0.9962809011218942
sample_07070.html,0.9841902871444116
sample_04786.html,0.013090250653610852
sample_04068.html,0.007965286908150545
sample_02868.html,0.9648
sample_07429.html,0.018882053319347582
sample_04500.html,0.9813260773876512
sample_09332.html,0.9896918452376297
sample_05739.html,0.36403156720315244
sample_03209.html,0.14628848494311303
sample_03305.html,0.02889453936402278
sample_08811.html,0.0121929248448799
sample_09106.html,0.0029246777562034194
sample_00443.html,0.9984150377113182
sample_03276.html,0.0084984441368926
sample_01047.html,0.011784804633226217
sample_01803.html,0.2562838478629513
sample_05701.html,0.029845723499850783
sample_09238.html,0.29010738612714215
sample_00838.html,0.9884040919326719
sample_04472.html,0.9120516184320637
sample_07462.html,0.0556737207286407
sample_01941.html,0.2324265675807704
sample_07278.html,0.9561704642213625
sample_00598.html,0.9985419596617696
sample_09103.html,0.9872752715121136
sample_07142.html,0.022941339046857922
sample_04369.html,0.7689789835244915
sample_00071.html,0.992428031188006
sample_06492.html,0.9881033064727603
sample_06636.html,0.048478220446832816
sample_03903.html,0.018787701428109423
sample_02986.html,0.9922375188549906
sample_08664.html,0.01687983995160863
sample_00248.html,0.8114462772974538
sample_01286.html,0.9782775308033296
sample_08925.html,0.9999743589743589
sample_04697.html,0.9675787218431233
sample_03459.html,0.018261931946969037
sample_07842.html,0.970486832011406
sample_09066.html,0.9997856470696499
sample_03035.html,0.9997504476125747
sample_09075.html,0.9967130918152195
sample_04349.html,0.9972517334718206
sample_08203.html,0.03830652988004837
sample_05075.html,0.0526033749122691
sample_07049.html,0.014755350052779132
sample_06376.html,0.003098161134607429
sample_08504.html,0.9469410841005025
sample_09171.html,0.9887001943946342
sample_01041.html,0.989986470103344
sample_07013.html,0.9989182962892411
sample_00208.html,0.014691022414996488
sample_00704.html,0.9997097972060704
sample_05329.html,0.01962072511855496
sample_01129.html,0.04191519799904254
sample_09967.html,0.945
sample_09303.html,0.034535734992734234
sample_09808.html,0.9802522524678191
sample_09631.html,0.015021725310829494
sample_00296.html,0.05179393203677558
sample_07506.html,0.009553498277547973
sample_06329.html,0.7567673093917332
sample_02826.html,0.9980056473337374
sample_00902.html,0.9997097972060704
sample_01266.html,0.9050367287515009
sample_03594.html,0.3252005216518853
sample_07181.html,0.010055923839496857
sample_03731.html,0.059138822192423036
sample_02356.html,0.5395438391158206
sample_03333.html,0.9995694325345323
sample_00034.html,0.9448592893003468
sample_09300.html,0.9762978701144156
sample_01767.html,0.9993902918968641
sample_06653.html,0.9997981981981983
sample_01548.html,0.9368058878997284
sample_02259.html,0.9160318403149366
sample_04174.html,0.0047926882282731415
sample_04218.html,0.9992107508613443
sample_00688.html,0.992428031188006
sample_07384.html,0.8830282988400371
sample_04288.html,0.422348797371793
sample_05139.html,0.9772787999819795
sample_08634.html,0.015142664586690327
sample_00050.html,0.8051623078078626
sample_00377.html,0.9695068022980432
sample_01026.html,0.9962079831653736
sample_01077.html,0.20425061992480592
sample_08799.html,0.2073853435907166
sample_07834.html,0.9865310736293764
sample_07233.html,0.02177881377750574
sample_09181.html,0.9925768803123282
sample_02476.html,0.9997504476125747
sample_09358.html,0.9964806459037383
sample_04844.html,0.03152280362327227
sample_02489.html,0.01763262446218596
sample_07698.html,0.35338978359636536
sample_09987.html,0.9998113887278773
sample_02105.html,0.3654177288514792
sample_04340.html,0.9987781576451518
sample_03512.html,0.9996506170236973
sample_09029.html,0.9926689989992975
sample_08532.html,0.8721197305158098
sample_06725.html,0.06815980710469897
sample_04590.html,0.013916351141756513
sample_07622.html,0.9723649912513883
sample_09626.html,0.9992867121023769
sample_05880.html,0.022187023922953745
sample_02562.html,0.00895530281930978
sample_06298.html,0.008724943392006556
sample_01239.html,0.788125
sample_05159.html,0.0040164145439343804
sample_03124.html,0.9985419596617696
sample_02690.html,0.013532517820429945
sample_02007.html,0.02044806825033477
sample_07854.html,0.2792444323130202
sample_02834.html,0.9473721592687955
sample_02140.html,0.016821941260083177
sample_07575.html,0.023547113509608184
sample_04943.html,0.4712773249253644
sample_01999.html,0.0132
sample_05429.html,0.9884040919326719
sample_05025.html,0.789
sample_01895.html,0.9907268340775568
sample_04409.html,0.9358574481518659
sample_04949.html,0.014823156075421036
sample_00541.html,0.9996506170236973
sample_02835.html,0.3518361912634742
sample_01029.html,0.07821669377976573
sample_02653.html,0.38963610759982115
sample_01460.html,0.08179981809120566
sample_00733.html,0.222647456956099
sample_06074.html,0.0020019483544775306
sample_02350.html,0.12139828430886233
sample_08399.html,0.966189699161331
sample_09619.html,0.7190677648328987
sample_03263.html,0.10804795586907216
sample_02992.html,0.9997097972060704
sample_02632.html,0.99518400940535
sample_09719.html,0.9877396759705284
sample_09449.html,0.028470041305868398
sample_00823.html,0.354896256376451
sample_05599.html,0.8381897452221654
sample_02606.html,0.9992906705946523
sample_04540.html,0.027858166917149728
sample_01964.html,0.5178617064383153
sample_07564.html,0.01757836403559466
sample_01491.html,0.2901061407606969
sample_02396.html,1.0
sample_02459.html,0.9239632254382228
sample_04065.html,0.6352194124215151
sample_07345.html,0.11053959272317274
sample_05088.html,0.9945098061521661
sample_04496.html,0.4310620418833537
sample_01222.html,0.3149693251533742
sample_02779.html,0.011679385844937922
sample_03811.html,0.023790204473364666
sample_02059.html,0.14927229555136534
sample_01926.html,0.12496415051020898
sample_01900.html,0.04154188908178182
sample_00197.html,0.7422727272727272
sample_01406.html,0.06488066367809175
sample_00625.html,0.2454530962505014
sample_07565.html,0.0202407479157045
sample_06167.html,0.9287303381435639
sample_06732.html,0.9169842415730153
sample_05474.html,0.03296289698998759
sample_02120.html,0.20514705882352943
sample_03016.html,0.04697718381045053
sample_05019.html,0.3258333333333333
sample_03726.html,0.040444166140326664
sample_00577.html,0.04852097312558278
sample_09689.html,0.05334273924761318
sample_01814.html,0.9996506170236973
sample_05809.html,0.9997981981981983
sample_01495.html,0.005089404786349945
sample_07980.html,0.0603219155282986
sample_03035.html,0.013136413549847993
sample_04168.html,0.15013257575757577
sample_02789.html,0.022906310397541936
sample_08045.html,0.9970108309514681
sample_05627.html,0.9955472740796307
sample_07881.html,0.4198044902249895
sample_00974.html,0.9919233257332958
sample_01797.html,0.9915232907577542
sample_09928.html,0.9888498593111587
sample_03617.html,0.9987781576451518
sample_04234.html,0.00866942762319493
sample_03138.html,0.023287340584439802
sample_04665.html,0.9947145464801274
sample_08042.html,0.9919233257332958
sample_00980.html,0.11306860575495162
sample_05477.html,0.025792350235273948
sample_09459.html,0.031035987640881238
sample_09768.html,0.25640586332009374
sample_04261.html,0.998355856841888
sample_02364.html,0.9835957043279677
sample_02428.html,0.9893748479712695
sample_05136.html,0.2510327739796901
sample_02243.html,0.02360291712858379
sample_03962.html,0.4164417862381587
sample_04107.html,0.8700612076601035
sample_07788.html,0.0638611742654874
sample_09278.html,0.9958017293187144
sample_01677.html,0.998200986497452
sample_08140.html,0.7026441837732159
sample_09521.html,0.9951419305214648
sample_06540.html,0.010831251515827969
sample_06536.html,0.9854663117130094
sample_07933.html,0.07860775102927836
sample_00299.html,0.4949683276237608
sample_02808.html,0.18745899697138085
sample_05391.html,0.010719882549694583
sample_04734.html,0.9925768803123282
sample_05957.html,0.33840974189621703
sample_07612.html,0.9999333333333333
sample_00642.html,0.9716014236953788
sample_02713.html,0.9765916445964316
sample_04253.html,0.11995991276752964
sample_01649.html,0.9768902455303993
sample_02989.html,0.05482095710777765
sample_09064.html,0.7899941548024567
sample_03551.html,0.9866313027171048
sample_00645.html,0.31145647635532364
sample_00407.html,0.9989679141305249
sample_00665.html,0.0
sample_09789.html,0.05703069052326579
sample_07044.html,0.008821242765641238
sample_00154.html,0.012185368851102687
sample_01346.html,0.9990362850619701
sample_07960.html,0.3991726929404107
sample_08652.html,0.9964924981506458
sample_00956.html,0.043164522847350104
sample_03522.html,0.051565048367942144
sample_03091.html,0.9843366388366397
sample_01880.html,0.9955472740796307
sample_09225.html,0.048478220446832816
sample_08155.html,0.21291622548527644
sample_02233.html,0.17028990004258726
sample_07466.html,0.03612948016837165
sample_06304.html,0.00016129032258064516
sample_04419.html,0.2755852034871622
sample_00295.html,0.04204372609857108
sample_03983.html,0.964419969481447
sample_09987.html,0.25831387717541066
sample_03562.html,0.9996506170236973
sample_08546.html,0.6219646828438781
sample_07700.html,0.9986286283364256
sample_04355.html,0.04725502555700342
sample_08010.html,0.9985324811303649
sample_01918.html,0.030233555192071663
sample_04439.html,0.9980492575496999
sample_00940.html,0.9077461684103791
sample_06473.html,0.06625890304761267
sample_02556.html,0.9552605210420841
sample_06876.html,0.02066452805910225
sample_09793.html,0.08654794195043673
sample_03929.html,0.035
sample_02160.html,0.20973313337564187
sample_02310.html,0.9960580786335962
sample_09833.html,0.5903858596587428
sample_07353.html,0.9969993037828654
sample_05096.html,0.1406551496251752
sample_06085.html,0.3271781847739314
sample_08842.html,0.010190244105064498
sample_07474.html,0.03894479041691823
sample_02004.html,0.03802649261485311
sample_02774.html,0.5713209072517895
sample_02894.html,0.0361938068175746
sample_03146.html,0.7703780812288835
sample_07675.html,0.7848214285714286
sample_07749.html,0.06321872223281418
sample_05499.html,0.6249769446240034
sample_08886.html,0.5514817295582515
sample_05401.html,0.6168905004804663
sample_06598.html,0.09905075042832853
sample_01625.html,0.028610367966010252
sample_06854.html,0.02540003318184298
sample_08657.html,0.5885806668821375
sample_05081.html,0.3459286659249202
sample_04283.html,0.9950135192942965
sample_05425.html,0.46498070533524294
sample_09662.html,0.18466800562186006
sample_02675.html,0.994742759599516
sample_09131.html,0.002812511446094696
sample_05797.html,0.7840582167793712
sample_04795.html,0.9979764824939508
sample_00635.html,0.9487251867085935
sample_02189.html,0.020788537104857844
sample_07958.html,0.9879593496644087
sample_04584.html,0.02017423832258063
sample_08365.html,0.9952777259382986
sample_02106.html,0.9480896919027356
sample_06602.html,0.014245155077620829
sample_07351.html,0.047239675637591926
sample_04070.html,0.9922375188549906
sample_04007.html,0.9992867121023769
sample_00063.html,0.05404368808995887
sample_07368.html,0.7377394061506322
sample_08839.html,0.03165859042920676
sample_06688.html,0.4749924345215554
sample_00426.html,0.07140644095058557
sample_02548.html,0.008066529661561144
sample_06513.html,0.16263422222119203
sample_07282.html,0.7222437578472644
sample_00331.html,0.9885816945019096
sample_00165.html,0.989679690815992
sample_08752.html,0.9116867198247944
sample_03194.html,0.9958017293187144
sample_06323.html,0.8279614110573782
sample_06641.html,0.9989139290530608
sample_05710.html,0.9085332250581469
sample_01224.html,0.032578266400831495
sample_01480.html,0.029863063180214974
sample_07995.html,0.9967576067628277
sample_07276.html,0.9951419305214648
sample_09168.html,0.52
sample_07721.html,0.033986946842388635
sample_09557.html,0.0070914982759064694
sample_07176.html,0.9965865519154039
sample_08064.html,0.0243409208322284
sample_09183.html,0.9997586632995776
sample_09391.html,0.3738043826546063
sample_06282.html,0.9889642189573834
sample_07539.html,0.995
sample_05760.html,0.2872455262746282
sample_03289.html,0.989986470103344
sample_04321.html,0.08081133307650207
sample_03180.html,0.008482956919138744
sample_00486.html,0.05230661501143976
sample_09237.html,0.011914795639974638
sample_03237.html,0.021301523841390956
sample_03085.html,0.041767864198692564
sample_05890.html,0.17438634062757205
sample_09831.html,0.010222543601780138
sample_07093.html,0.9926846970874093
sample_01220.html,0.40686072270342327
sample_04744.html,0.9986843613105869
sample_03104.html,0.03280542415409151
sample_01650.html,0.02327668539651755
sample_08498.html,0.9500130681626372
sample_01721.html,0.9027222554173572
sample_08255.html,0.15102587078425653
sample_01486.html,0.16970951026098086
sample_07905.html,0.8206534630778454
sample_05996.html,0.9585580717282634
sample_01318.html,0.9324370083579154
sample_02149.html,0.9958017293187144
sample_09826.html,0.040157892545904156
sample_03168.html,0.01348242678586612
sample_07930.html,0.882752022854469
sample_08207.html,0.1041899506277759
sample_06750.html,0.09031610224659666
sample_03572.html,0.7574989542958498
sample_09406.html,0.09946863828001085
sample_02197.html,0.9637557435105947
sample_09236.html,0.9980572541630347
sample_03298.html,0.9940781944472957
sample_00912.html,0.06177953317034285
sample_05614.html,0.2758119461369185
sample_04541.html,0.009666183100121987
sample_00984.html,0.49637691851861754
sample_01988.html,0.7585048206741609
sample_00410.html,0.00783236264330537
sample_08450.html,0.37729947262763547
sample_05183.html,0.7031357228753085
sample_09524.html,0.06968084506045875
sample_03797.html,0.9997586632995776
sample_05804.html,0.13404186539480656
sample_07222.html,0.9875900110525896
sample_01611.html,0.008210363994494168
sample_01423.html,0.9905647279034323
sample_05560.html,0.05183033454869703
sample_01520.html,0.16951129330924142
sample_01927.html,0.035404303259709426
sample_00424.html,0.8415116117449404
sample_05301.html,0.22115121171970148
sample_04854.html,0.05065611440825664
sample_01996.html,0.28900079200731377
sample_08883.html,0.9992401038320062
sample_03443.html,0.29307878031949736
sample_07011.html,0.9982525164325281
sample_01997.html,0.9643047534950452
sample_09853.html,0.9987781576451518
sample_00087.html,0.9994278857524634
sample_09482.html,0.0436289304455931
sample_03187.html,0.14082336344635335
sample_09657.html,0.9507346737785825
sample_01410.html,0.16146972577549717
sample_01367.html,0.006098071641509685
sample_07509.html,0.03601400353663946
sample_08066.html,0.906430398530338
sample_08133.html,0.08651354174400916
sample_04088.html,0.012377545532193421
sample_00951.html,0.18835346148978502
sample_01988.html,0.042615685989837615
sample_09828.html,0.18989579082080957
sample_00562.html,0.705
sample_08354.html,0.021692586892979565
sample_01261.html,0.00975079927420947
sample_04555.html,0.994849487312026
sample_01969.html,0.008821242765641238
sample_09579.html,0.9640950910144622
sample_02408.html,0.008968000141899914
sample_08541.html,0.004924178303170772
sample_03938.html,0.04087800248909597
sample_09108.html,0.9981216354100596
sample_00452.html,0.1939594175081972
sample_05910.html,0.0759412492299575
sample_07098.html,0.030877295153882336
sample_04942.html,0.9994278857524634
sample_09918.html,0.06169903956335494
sample_09827.html,0.9494292707957704
sample_05093.html,0.37194600686308704
sample_00288.html,0.7130107526881722
sample_01795.html,0.2755432380838097
sample_03027.html,0.8760308590025733
sample_03295.html,0.10307616920491157
sample_09476.html,0.05147676659094419
sample_06678.html,0.1503466923316077
sample_08257.html,0.0007441031746881321
sample_02247.html,0.12132899167966732
sample_07943.html,0.0676952006418475
sample_02719.html,0.29989224311020063
sample_05446.html,0.0300136128737616
sample_09960.html,0.9809854922770124
sample_05596.html,0.509172932330827
sample_06267.html,0.1570208190425931
sample_01844.html,0.0450421074719239
sample_07747.html,0.24330489058992444
sample_05456.html,0.4229579220407338
sample_05972.html,0.9992867121023769
sample_04544.html,0.109220929854096
sample_08631.html,0.9997586632995776
sample_02255.html,0.998203882643593
sample_01226.html,0.03259342560880861
sample_06556.html,0.6930004714144706
sample_07172.html,0.2173884026952834
sample_09515.html,0.01821578166327946
sample_06667.html,0.016821941260083177
sample_04789.html,0.9841902871444116
sample_02577.html,0.06106303958489652
sample_09364.html,0.054555194847221274
sample_01237.html,0.9996506170236973
sample_05238.html,0.14240855541125022
sample_08192.html,0.10178706494523869
sample_07358.html,0.15504716981132075
sample_09119.html,0.6190717703349282
sample_08918.html,0.491942761418355
sample_04571.html,0.00893547880628864
sample_09601.html,0.0047926882282731415
sample_08778.html,0.9970619877305252
sample_00474.html,0.9893189616309357
sample_06568.html,0.011797546624830563
sample_04561.html,0.9915232907577542
sample_01576.html,0.9989139290530608
sample_07813.html,0.014718875502008033
sample_04701.html,0.041848768339876594
sample_04967.html,0.9980128666886314
sample_00070.html,0.49441284391746554
sample_07158.html,0.06505718838638265
sample_03596.html,0.2456111507712781
sample_02608.html,0.9935897263872975
sample_01350.html,0.48395299675814385
sample_08763.html,0.011424582467967322
sample_02398.html,0.022297979797979796
sample_06084.html,0.9336987005148113
sample_04770.html,0.5972634806713755
sample_01532.html,0.03842761402566299
sample_06060.html,0.018358728394811147
sample_06799.html,0.09834565109160459
sample_03208.html,0.9947145464801274
sample_07034.html,0.5830645742015325
sample_01102.html,0.9980492575496999
sample_02921.html,0.16700099564424606
sample_08086.html,0.9596925104254146
sample_00483.html,0.7500629556426907
sample_04477.html,0.9077291215934283
sample_06558.html,0.09747878945117193
sample_08512.html,0.9075098746569233
sample_00337.html,0.9992107508613443
sample_08138.html,0.9996506170236973
sample_04987.html,0.017924389564882324
sample_08457.html,0.712870139943404
sample_02726.html,0.02580177637775992
sample_09523.html,0.1379308268212988
sample_07450.html,0.01922992039810504
sample_06247.html,0.9985527819752824
sample_01678.html,0.023370516856768206
sample_05520.html,0.2625
sample_02557.html,0.0032131018762599785
sample_08001.html,0.24645576410613487
sample_00872.html,0.9986098697116215
sample_07087.html,0.03857695277402663
sample_06233.html,0.3932079682987758
sample_06937.html,0.9926689989992975
sample_04302.html,0.0028469101026222686
sample_08858.html,0.9884540281179425
sample_05359.html,0.053741061765684314
sample_00087.html,0.06365227851419938
sample_06392.html,0.30482127635843104
sample_07017.html,0.9958017293187144
sample_02908.html,0.9997504476125747
sample_08017.html,0.8206234942807366
sample_06346.html,0.14100049951251659
sample_01901.html,0.014583407026508234
sample_01355.html,0.1955831195903127
sample_02058.html,0.014731654124736126
sample_09779.html,0.9237772893772894
sample_06239.html,0.468801926424288
sample_06218.html,0.0033451157356317253
sample_04440.html,0.9916893701650816
sample_08515.html,0.9835533413744345
sample_04676.html,0.032827405761503295
sample_09479.html,0.7127399670137775
sample_08970.html,0.38215398566235004
sample_05338.html,0.9952777259382986
sample_02684.html,0.9873133143777596
sample_09735.html,0.9985130959686686
sample_05781.html,0.9431794871794872
sample_07373.html,0.0897836264302245
sample_06101.html,0.990637409769447
sample_09051.html,0.9750772508896466
sample_02349.html,0.9973772749384548
sample_02383.html,0.9888498593111587
sample_01615.html,0.3597881806855451
sample_00192.html,0.962504628614563
sample_06532.html,0.2318011037868644
sample_04436.html,0.9958017293187144
sample_08846.html,0.9986024586440739
sample_07446.html,0.9966487587260947
sample_01662.html,1.0
sample_03923.html,0.06964060559263252
sample_09699.html,0.038651357166874484
sample_01007.html,0.125400560382928
sample_02906.html,0.03258109575405093
sample_06847.html,0.9940888119563391
sample_05235.html,0.986
sample_04116.html,0.09819254315934865
sample_08381.html,0.03717886502659916
sample_08767.html,0.0146880268366134
sample_03759.html,0.11926058347903766
sample_07361.html,0.1169879259594307
sample_01751.html,0.011025749349011953
sample_03926.html,0.9997504476125747
sample_00751.html,0.0133970955575341
sample_02049.html,0.017291098003623127
sample_04942.html,0.016999076374021396
sample_02627.html,0.022982714800159686
sample_09975.html,0.0913492368126715
sample_09770.html,0.9602718859410213
sample_04689.html,0.9531585035991433
sample_05926.html,0.004156892585932117
sample_00580.html,0.9049477955406506
sample_00644.html,0.08028595378377651
sample_08389.html,0.10972622244192723
sample_00778.html,0.05410346573608833
sample_02145.html,0.9157175035862997
sample_03585.html,0.8509759856692299
sample_00118.html,0.03514745284629534
sample_02062.html,0.8400543478260869
sample_07446.html,0.048056367223355684
sample_03777.html,0.9885242438909845
sample_08377.html,0.43843944438236837
sample_09775.html,0.995
sample_06989.html,0.9997586632995776
sample_03092.html,0.2805945768413165
sample_01529.html,0.39698068419764854
sample_06852.html,0.760093786077932
sample_07432.html,0.012281551276141795
sample_07559.html,0.05930127416156827
sample_04536.html,0.027632480901946605
sample_07558.html,0.9985527819752824
sample_06892.html,0.9936012750438684
sample_03414.html,0.7866104112402688
sample_04394.html,0.08851199937494454
sample_06395.html,0.95239127335064
sample_05020.html,0.8258906170104691
sample_02005.html,0.12557763390835874
sample_07418.html,0.9972212916544951
sample_04304.html,0.44003568950525657
sample_09385.html,0.9997586632995776
sample_05031.html,0.24093652426620593
sample_01336.html,0.9988138017646168
sample_09314.html,0.9986014672797213
sample_04444.html,0.9827289920526175
sample_00866.html,0.25
sample_06009.html,0.3681804285755143
sample_02269.html,0.030389253445627293
sample_05318.html,0.9465609092308296
sample_02495.html,0.9562079114571189
sample_06244.html,0.62
sample_00675.html,0.9852553163731692
sample_02401.html,0.9827289920526175
sample_02576.html,0.014926797286347776
sample_09820.html,0.019960068393254947
sample_06830.html,0.15809739649271193
sample_03906.html,0.7854590439211804
sample_03665.html,0.08657967094089165
sample_07465.html,0.9884040919326719
sample_06720.html,0.9892455796069197
sample_05038.html,0.2771869831100109
sample_04580.html,0.12201976564695953
sample_01544.html,0.990904898032577
sample_00167.html,0.1401327391443961
sample_01670.html,0.9981651082238708
sample_06940.html,0.9750600241908388
sample_01440.html,0.03960448132473256
sample_05310.html,0.045
sample_03865.html,0.06977617675383804
sample_02777.html,0.9969547698678133
sample_04053.html,0.10256825884958559
sample_09353.html,0.030020864320884483
sample_06075.html,0.5909112084079982
sample_00358.html,0.9971471759793883
sample_01298.html,0.48714285714285716
sample_03705.html,0.04057637665207375
sample_09005.html,0.042362838683087094
sample_00305.html,0.8703375616631429
sample_05361.html,0.006900137172558647
sample_05145.html,0.032631690362785105
sample_03012.html,0.9648
sample_00252.html,0.009257676509194828
sample_03265.html,0.9976896401907357
sample_03609.html,0.0700337763369116
sample_02558.html,0.9813260773876512
sample_05894.html,0.7220968803008794
sample_06634.html,0.0
sample_03682.html,0.03326277044309351
sample_07225.html,0.9984150377113182
sample_08817.html,0.031129040523303297
sample_07266.html,0.026992784550991505
sample_08765.html,0.43145140467030013
sample_05716.html,0.8179457088051126
sample_00186.html,0.023952198051893952
sample_03542.html,0.03273503854306905
sample_09685.html,0.954357251646288
sample_04867.html,0.02564042242115781
sample_08481.html,0.9943143415044068
sample_06574.html,0.04937213601546483
sample_08572.html,0.02956234005346489
sample_02011.html,0.9649666761603709
sample_00559.html,0.028216289025843132
sample_06525.html,0.9951419305214648
sample_04102.html,0.027089409665185634
sample_05717.html,0.9782775308033296
sample_03736.html,0.410142616191904
sample_06806.html,0.0038212427656412386
sample_02233.html,0.364721621913238
sample_09843.html,0.9622122546722788
sample_01854.html,0.9298340400143112
sample_07840.html,0.28423989632933233
sample_00648.html,0.9996506170236973
sample_07323.html,0.8782597323481428
sample_03531.html,0.010983358443673088
sample_05694.html,0.6631818181818181
sample_08048.html,0.9997504476125747
sample_01124.html,0.9983488125977482
sample_03689.html,0.08960626371749976
sample_05226.html,0.0403766550921633
sample_08166.html,0.017959426291858697
sample_05797.html,0.014913103296286282
sample_09660.html,0.28827024903935017
sample_05499.html,0.012625450934501735
sample_02686.html,0.9985324811303649
sample_05373.html,0.9972106665086592
sample_08797.html,0.0
sample_09198.html,0.014738067306587402
sample_06990.html,0.9838851047349284
sample_06766.html,0.9992867121023769
sample_03549.html,0.02835204650952463
sample_07541.html,0.3272791238612134
sample_09840.html,0.4900777650164879
sample_00266.html,0.15737084687477734
sample_01865.html,0.10157084940351703
sample_08280.html,0.019970832010163954
sample_04257.html,0.6001966052435301
sample_05725.html,0.9998113887278773
sample_03228.html,0.01570986875945278
sample_00129.html,0.31235078066528127
sample_05866.html,0.99448418280548
sample_04292.html,0.9997586632995776
sample_02406.html,0.032896101093208216
sample_07498.html,0.013594606218658442
sample_09478.html,0.969559610791986
sample_06779.html,0.5556521739130436
sample_07834.html,0.022424798278933
sample_05364.html,0.004031608844150118
sample_02231.html,0.008743181230739335
sample_03017.html,0.027078605643680996
sample_01842.html,0.04140813282296871
sample_06433.html,0.14958458903696184
sample_07714.html,0.0
sample_04747.html,0.9992867121023769
sample_07966.html,0.011391300386254449
sample_02273.html,0.9999333333333333
sample_08471.html,0.4158727339001194
sample_02918.html,0.9962809011218942
sample_02566.html,0.0575858996946462
sample_02384.html,0.9985324811303649
sample_06530.html,0.9985419596617696
sample_08692.html,0.9997504476125747
sample_04973.html,0.01573560483313121
sample_07468.html,0.964419969481447
sample_00967.html,0.8142390269151139
sample_06495.html,0.332925879393456
sample_06129.html,0.823547713142209
sample_01088.html,0.8864183963757083
sample_02043.html,0.9997586632995776
sample_00811.html,0.09233242220216932
sample_02735.html,0.05755743741276867
sample_08447.html,0.9794840052585453
sample_03949.html,0.04557305737274489
sample_02718.html,0.9971817547393336
sample_06490.html,0.08602825340648163
sample_08293.html,0.9951206920807404
sample_03598.html,0.7511363962784111
sample_02056.html,0.007238488048822132
sample_04057.html,0.9997097972060704
sample_09282.html,0.3517307745711419
sample_01325.html,0.011700704789873844
sample_03654.html,0.9980357206384635
sample_07722.html,0.9843366388366397
sample_03538.html,0.9997504476125747
sample_02216.html,0.01103498552647888
sample_01734.html,0.9997504476125747
sample_02702.html,0.935714977797649
sample_08568.html,0.09088767546217821
sample_07514.html,0.9989679141305249
sample_01705.html,0.94
sample_09523.html,0.9910122631375264
sample_09778.html,0.9605611366624539
sample_08896.html,0.08632584880486437
sample_06738.html,0.06455869523035829
sample_06952.html,0.9915193977868972
sample_00995.html,0.018607868239844557
sample_00059.html,0.06992727813978232
sample_02119.html,0.0988045406097004
sample_01611.html,0.9922375188549906
sample_01295.html,0.9750328779430788
sample_06351.html,0.9984150377113182
sample_09036.html,0.994742759599516
sample_04413.html,0.9960130556414575
sample_04019.html,0.6644246566145989
sample_08443.html,0.012246094727380454
sample_03438.html,0.03873438701416677
sample_09127.html,0.024870201910219332
sample_02665.html,0.9992867121023769
sample_01713.html,0.9704706997815478
sample_01342.html,0.9339423419807034
sample_02650.html,0.9996506170236973
sample_02564.html,0.3382838426057815
sample_05199.html,0.0065790077687640554
sample_02339.html,0.6117521583808349
sample_03794.html,0.4035702971694349
sample_03181.html,0.7487133089639255
sample_05011.html,0.9852553163731692
sample_07623.html,0.982210714936466
sample_00276.html,0.7880948113424495
sample_08550.html,0.0029235228207925555
sample_03186.html,0.005438095238095238
sample_08020.html,0.9276049392438779
sample_08139.html,0.9001971224600147
sample_00041.html,0.9902632266960012
sample_02448.html,0.058611731057240005
sample_01354.html,0.9958017293187144
sample_03437.html,0.9879593496644087
sample_01908.html,0.027788107182240146
sample_00468.html,0.9671664850355544
sample_00449.html,0.1476550648169252
sample_04730.html,0.9901858097589682
sample_00119.html,0.20331229018034602
sample_06814.html,0.025932231824770984
sample_09377.html,0.9490313226442169
sample_01633.html,0.6090079886981128
sample_04016.html,0.9841902871444116
sample_07405.html,0.3870172530530098
sample_00188.html,0.8075243529563196
sample_01099.html,0.994619640219519
sample_06022.html,0.020921806203825027
sample_09550.html,0.8845975471295617
sample_07636.html,0.016927858009947158
sample_09622.html,0.36224112077287995
sample_01153.html,0.4840919299300147
sample_03216.html,0.9942957805092977
sample_03135.html,0.02163491094059907
sample_05704.html,0.9859827147352186
sample_00806.html,0.004611518781864495
sample_03814.html,0.17527777777777778
sample_02090.html,0.9987781576451518
sample_04910.html,0.07100528420019465
sample_09620.html,0.022125891370513354
sample_06192.html,0.09669802419802419
sample_03467.html,0.41600000000000004
sample_08098.html,0.9952904636683315
sample_09342.html,0.03198153670296551
sample_09737.html,0.9961808374231707
sample_03338.html,0.022876377487589625
sample_00351.html,0.6019287912843976
sample_01201.html,0.05083385563481345
sample_03286.html,0.012173135096028454
sample_00169.html,0.999279656168874
sample_07925.html,0.020065256407161197
sample_03697.html,0.989986470103344
sample_00438.html,0.9981651082238708
sample_01408.html,0.011506706931984599
sample_04620.html,0.9996506170236973
sample_09518.html,0.9964806459037383
sample_05607.html,0.06706270747145272
sample_09006.html,0.08525751168199552
sample_04627.html,0.08396499177006753
sample_00924.html,0.9997586632995776
sample_06852.html,0.004075236097470276
sample_08940.html,0.019012711891355706
sample_09296.html,0.9990739490933848
sample_00251.html,0.9986286283364256
sample_00172.html,0.5626268741931749
sample_04645.html,0.006153984341505797
sample_03233.html,0.0
sample_09504.html,0.9985527819752824
sample_01906.html,0.994742759599516
sample_05841.html,0.004790295630299488
sample_09769.html,0.13683340756616807
sample_03890.html,0.02476859172646032
sample_04376.html,0.022681777901106977
sample_08902.html,0.9203325983535225
sample_07712.html,0.05208918098062301
sample_08618.html,0.5580871190322128
sample_07160.html,0.022445144557666715
sample_06176.html,0.02602979739424899
sample_03461.html,0.9849192415794424
sample_05162.html,0.8664877939523357
sample_01852.html,0.9631113316737528
sample_07288.html,0.4614983622807945
sample_04874.html,0.998355856841888
sample_07956.html,0.9947145464801274
sample_01245.html,0.9985419596617696
sample_03235.html,0.007989998969578922
sample_00350.html,0.07405890359028808
sample_06031.html,0.10717051718395186
sample_06856.html,0.9946860494316667
sample_05181.html,0.13831635547238522
sample_01825.html,0.9958017293187144
sample_08054.html,0.9954682743376586
sample_05857.html,0.46363592513490565
sample_04999.html,0.2852464012757498
sample_08285.html,0.012188648771971379
sample_05446.html,0.9860148110633005
sample_04397.html,0.5051729576584387
sample_04892.html,0.9834755492756231
sample_09138.html,0.011679633434836896
sample_01148.html,0.9861110656427186
sample_07004.html,0.4870899470899471
sample_00976.html,0.99
sample_09725.html,0.9982696182553209
sample_05216.html,0.09267240095140908
sample_02174.html,0.9912414274376836
sample_01834.html,0.989986470103344
sample_04479.html,0.9731536931227273
sample_08688.html,0.04223827604082086
sample_06220.html,0.9784548832288416
sample_03415.html,0.026453793582817017
sample_08182.html,0.9968022675632523
sample_04624.html,0.0026809983704312195
sample_04508.html,0.9827702702702703
sample_09886.html,0.9954682743376586
sample_00552.html,0.6304689625176847
sample_00720.html,0.9989139290530608
sample_03977.html,0.9861110656427186
sample_02163.html,0.9997097972060704
sample_03495.html,0.027610394599529266
sample_02089.html,0.3390166737332464
sample_07742.html,0.9997097972060704
sample_07603.html,0.706035508012008
sample_06696.html,0.008581654361142504
sample_05598.html,0.8981626698797354
sample_00001.html,0.44279504571281847
sample_00986.html,0.5375703348421168
sample_03909.html,0.052260410877238976
sample_07900.html,0.4337506227993245
sample_07513.html,0.0029951167144118412
sample_08855.html,0.4158477078477079
sample_06126.html,0.8044490579982988
sample_00185.html,0.5121125031164299
sample_01324.html,0.0292008872259833
sample_02412.html,0.026471667609212456
sample_08292.html,0.3476939673196935
sample_07022.html,0.9997586632995776
sample_02558.html,0.03630184707086141
sample_05135.html,0.13116553418412313
sample_01950.html,0.04314159751230117
sample_01269.html,0.3247245310373094
sample_05777.html,0.07568656460148025
sample_00290.html,0.05063754114122958
sample_03940.html,0.07413977291483739
sample_07011.html,0.34034053364935724
sample_03408.html,0.5704053139190934
sample_04074.html,0.2673226660722568
sample_04630.html,0.6037957646592795
sample_03543.html,0.007579642994666025
sample_08987.html,0.05479091249208597
sample_09395.html,0.8843447414714117
sample_08017.html,0.08336711783380231
sample_06041.html,0.06847114083862793
sample_04515.html,0.019263058776019554
sample_06925.html,0.014890877028383695
sample_02239.html,0.01981141474661593
sample_03571.html,0.07053926010942078
sample_00868.html,0.022754610815568746
sample_06566.html,0.9097981981981982
sample_08302.html,0.5159515639561814
sample_04635.html,0.9919233257332958
sample_02613.html,0.9980572541630347
sample_03021.html,0.9954682743376586
sample_02142.html,0.013350152002868201
sample_05860.html,0.7061065971662057
sample_08266.html,0.07187356984433238
sample_07629.html,0.9798308650482456
sample_02381.html,0.013249571392345505
sample_00805.html,0.6808955043940066
sample_01178.html,0.02539421761713634
sample_03101.html,0.9876248703223977
sample_04459.html,0.9997586632995776
sample_08067.html,0.026893891371450995
sample_06703.html,0.031596384919918695
sample_06011.html,0.9985419596617696
sample_04235.html,0.9468210843669815
sample_07026.html,0.020931765003120047
sample_07144.html,0.5579797097670671
sample_02687.html,0.2865673501165511
sample_06740.html,0.0833591261286224
sample_03550.html,0.0
sample_02282.html,0.027451463708429654
sample_03676.html,0.8326123269858762
sample_05543.html,0.9994278857524634
sample_04000.html,0.9958017293187144
sample_08337.html,0.9837294598340763
sample_07789.html,0.868873189737558
sample_06570.html,0.09268277615008942
sample_04617.html,0.9986024586440739
sample_04594.html,0.01888085475459937
sample_05700.html,0.9838767370684642
sample_02899.html,0.9984150377113182
sample_00005.html,0.017717953289446288
sample_01514.html,0.9750772508896466
sample_02986.html,0.045643225731623716
sample_06455.html,0.03637062214707673
sample_06873.html,0.9885407206162107
sample_03243.html,0.0359674672012596
sample_09763.html,0.8887050798749919
sample_00987.html,0.9666419399697294
sample_02917.html,0.013940911678961493
sample_00667.html,0.09443753132946908
sample_00367.html,0.6045286555913154
sample_01724.html,0.01806784010649301
sample_02608.html,0.005
sample_05494.html,0.07103406835912637
sample_00998.html,0.030767668692887447
sample_00155.html,0.8574519274242008
sample_05397.html,0.935
sample_00082.html,0.865
sample_01511.html,0.14867421889511478
sample_07673.html,0.9996506170236973
sample_05177.html,0.22969954345516638
sample_00673.html,0.468801926424288
sample_01410.html,0.9987940029458297
sample_09575.html,0.003419069403292139
sample_08660.html,0.9986286283364256
sample_02465.html,0.9969703451215086
sample_01654.html,0.03912569757835245
sample_05252.html,0.013125619449306535
sample_02342.html,0.0
sample_07681.html,0.02733748410857563
sample_09556.html,0.95456570916979
sample_00384.html,0.02902645929596221
sample_07714.html,0.9747274554523861
sample_06308.html,0.956981549991193
sample_05489.html,0.0427403502198706
sample_08262.html,0.9994418468731735
sample_01035.html,0.9978487858633838
sample_08611.html,0.6648376453030379
sample_01553.html,0.990090105586996
sample_04768.html,0.9884937321817188
sample_00356.html,0.27417262719832514
sample_09794.html,0.057378498760397155
sample_07812.html,0.1153015879566142
sample_02126.html,0.8539417785604226
sample_09690.html,0.0
sample_07075.html,0.38255158715587817
sample_09538.html,0.03188392875702715
sample_07121.html,0.015268111939076612
sample_05639.html,0.39110778755012005
sample_05292.html,0.33713479509899763
sample_07138.html,0.9980492575496999
sample_06363.html,0.9997097972060704
sample_08049.html,0.013526706586240778
sample_00832.html,0.11318111611901313
sample_04752.html,0.04813635987575093
sample_00926.html,0.9997856470696499
sample_08649.html,0.07152759452651496
sample_08850.html,0.6756148648648649
sample_00483.html,0.0
sample_07357.html,0.06092685901991788
sample_05983.html,0.028824356215806077
sample_06463.html,0.9997856470696499
sample_05257.html,0.9984150377113182
sample_00928.html,0.38767554479418886
sample_00748.html,0.9945991305751898
sample_02844.html,0.9983488125977482
sample_06234.html,0.02817429830299477
sample_08151.html,0.544033224526328
sample_06482.html,0.7922262866274482
sample_07840.html,0.9992867121023769
sample_00124.html,0.015959116406613936
sample_05813.html,0.9994015838038787
sample_00466.html,0.4086991869918699
sample_05347.html,0.9964806459037383
sample_05399.html,0.9699785998880637
sample_06399.html,0.9986286283364256
sample_03707.html,0.9995694325345323
sample_00979.html,0.0
sample_01725.html,0.026959605549414612
sample_09283.html,0.20347126137000976
sample_01542.html,0.9934037840898848
sample_02246.html,0.8477184006950392
sample_06762.html,0.019858967642670332
sample_09328.html,0.9997586632995776
sample_08348.html,0.6062572946154617
sample_02901.html,0.9960130556414575
sample_09055.html,0.155
sample_06025.html,0.890847581293173
sample_00149.html,0.04705244474345231
sample_08574.html,0.9323968263419661
sample_00538.html,0.9995694325345323
sample_05467.html,0.039668178280217035
sample_03449.html,0.013427659441640148
sample_06744.html,0.02580177637775992
sample_03174.html,0.16158026356925478
sample_06028.html,0.8873887252668305
sample_03520.html,0.7449333333333334
sample_05196.html,0.9666419399697294
sample_09107.html,0.7830879217681541
sample_05143.html,0.23428025945704928
sample_02265.html,0.3085873795289282
sample_05022.html,0.9951206920807404
sample_02561.html,0.43484906842379567
sample_08931.html,0.019913668220955586
sample_07952.html,0.9992401038320062
sample_07194.html,0.9997504476125747
sample_09138.html,0.9992867121023769
sample_02672.html,0.26662081087547795
sample_00920.html,0.13254859272640832
sample_09955.html,0.9843366388366397
sample_07964.html,0.04678410140750684
sample_07656.html,0.9989139290530608
sample_06086.html,0.00893912841985944
sample_09403.html,0.9729000368679395
sample_05013.html,0.9963030501281088
sample_09022.html,0.0
sample_02489.html,0.9982505192239235
sample_09411.html,0.8381526926786073
sample_01668.html,0.13620491520819208
sample_02448.html,0.9990202273951004
sample_03710.html,0.17193487931368837
sample_05311.html,0.12132939095332874
sample_00564.html,0.20784565797024032
sample_01752.html,0.5004166666666667
sample_01828.html,0.9863574582463613
sample_08063.html,0.06881281374160095
sample_02830.html,0.908232121028747
sample_06289.html,0.04190236473664605
sample_07335.html,0.9852109862643387
sample_05672.html,0.9884040919326719
sample_04178.html,0.3007545382095753
sample_04191.html,0.015886536996912785
sample_01231.html,0.9981216354100596
sample_04724.html,0.9277558683064538
sample_00951.html,0.9837294598340763
sample_04520.html,0.31914704863296817
sample_05812.html,0.9477423557317605
sample_08199.html,0.9837294598340763
sample_06426.html,0.9861785979284592
sample_09653.html,0.9789597538971638
sample_00163.html,0.17380924105611423
sample_08507.html,0.9981651082238708
sample_06712.html,0.0
sample_07223.html,0.1756665887291845
sample_01579.html,0.9802305697265308
sample_02871.html,0.2545469426417502
sample_05299.html,0.3086240169144581
sample_08349.html,0.9997586632995776
sample_05208.html,0.011735879845988229
sample_05660.html,0.0040888140946612715
sample_09494.html,0.996688419144111
sample_08655.html,0.9999333333333333
sample_01737.html,0.002614939142832196
sample_07594.html,0.9998113887278773
sample_03403.html,0.9990996503496503
sample_09207.html,0.09636696597167685
sample_05283.html,0.018114171581351327
sample_00314.html,0.10450727831818206
sample_03396.html,0.9995694325345323
sample_00228.html,0.005974929090556529
sample_01419.html,0.9998113887278773
sample_01649.html,0.0
sample_03583.html,0.024514865639144633
sample_08046.html,0.3464156334625437
sample_04844.html,0.9971209771625924
sample_03431.html,0.9996506170236973
sample_02926.html,0.29787348785932294
sample_02519.html,0.07110247066920944
sample_00080.html,0.011774703386061092
sample_00516.html,0.12086969982495316
sample_07327.html,0.9997586632995776
sample_09233.html,0.041745242837336265
sample_03939.html,0.0007441031746881321
sample_02793.html,0.7438796143711441
sample_09095.html,0.20683514375935322
sample_06453.html,0.13941806763497938
sample_03590.html,0.282777116162026
sample_06704.html,0.999279656168874
sample_03880.html,0.18521101649653193
sample_06646.html,0.3698127566877568
sample_08550.html,0.32963498282311865
sample_01735.html,0.9843627504110447
sample_08242.html,0.029116102446339047
sample_06851.html,0.9992867121023769
sample_05703.html,0.9978176386859424
sample_05356.html,0.047265773576159374
sample_04014.html,0.016023805902635094
sample_07066.html,0.01992213140575256
sample_09052.html,0.9997319327731092
sample_03867.html,0.85422603693427
sample_08764.html,0.9964806459037383
sample_05055.html,0.9440903447137059
sample_04791.html,0.5391900528322205
sample_03891.html,1.0
sample_04112.html,0.3417263019736749
sample_00238.html,0.9997586632995776
sample_00742.html,0.013967391304347827
sample_02801.html,0.9987551163186074
sample_04589.html,0.9937551163186074
sample_06699.html,0.9985324811303649
sample_03169.html,0.9995694325345323
sample_02802.html,0.27297485413495687
sample_09216.html,0.7065687859042262
sample_02451.html,0.9627146723045619
sample_05843.html,0.02123499056743476
sample_03407.html,0.9607287965586285
sample_06384.html,0.010505347545138767
sample_09314.html,0.03162650648631851
sample_03017.html,0.7806399007623819
sample_07589.html,0.9997504476125747
sample_04441.html,0.02797981892694528
sample_01174.html,0.03657776795248077
sample_05261.html,0.9787848168469543
sample_06911.html,0.010476972091976813
sample_04435.html,0.16718435192909062
sample_09384.html,0.9787848168469543
sample_07560.html,0.9282933604079939
sample_07727.html,0.02444179184353258
sample_01399.html,0.9997097972060704
sample_08257.html,0.9927476922580918
sample_01431.html,0.029668568651692602
sample_03052.html,0.664103691335323
sample_01019.html,0.2357443795775827
sample_08888.html,0.5671129758244985
sample_09428.html,0.0965997232634058
sample_02932.html,0.9964924981506458
sample_05664.html,0.793979321877018
sample_01235.html,0.0051688756245947595
sample_00184.html,0.99701841740804
sample_08328.html,0.9998113887278773
sample_06510.html,0.04000500517574974
sample_08855.html,0.088014251275451
sample_08591.html,0.9962414274376836
sample_08751.html,0.25108960283491844
sample_03293.html,0.9987720396891163
sample_07823.html,0.9850065830464316
sample_03742.html,0.043769000609747505
sample_08787.html,0.9987781576451518
sample_04788.html,0.9985343416483081
sample_01892.html,0.03350403613060928
sample_07050.html,0.09397439146016304
sample_02612.html,0.9926827944029329
sample_06820.html,0.9772171949091334
sample_02211.html,0.6679392718059093
sample_04390.html,0.09606472172732074
sample_09892.html,0.020252768388215433
sample_08410.html,0.07429922339864407
sample_06817.html,0.006186813559100004
sample_07968.html,0.8161683722129883
sample_07260.html,0.9959294057925787
sample_06680.html,0.002558245081793705
sample_07584.html,0.9948113887278773
sample_03916.html,0.9997097972060704
sample_06890.html,0.03570678880301485
sample_00175.html,0.998200986497452
sample_00550.html,0.9620793387724264
sample_09176.html,0.9997586632995776
sample_00407.html,0.06611562292716712
sample_02939.html,0.9550801438688229
sample_01763.html,0.02404722790912693
sample_04417.html,0.016322205081325362
sample_00636.html,0.04765201427108968
sample_09339.html,0.02945814694690457
sample_03639.html,0.5648571428571428
sample_06751.html,0.31
sample_06371.html,0.02958862753136674
sample_09441.html,0.8039580633331076
sample_05302.html,0.9837294598340763
sample_02960.html,0.9980492575496999
sample_06682.html,0.9841902871444116
sample_07949.html,0.0
sample_03778.html,0.07767299889758887
sample_01478.html,0.022762931603174125
sample_09703.html,0.005881603890269563
sample_00594.html,0.945567694617649
sample_09825.html,0.28877831142833
sample_08241.html,0.007640309288535783
sample_02589.html,0.7495929683922452
sample_00332.html,0.18773066498129962
sample_03283.html,0.11811172495928805
sample_06330.html,0.9742552520287401
sample_06564.html,0.03865323714509866
sample_03040.html,0.27571535900033156
sample_02466.html,0.5803221046629529
sample_09420.html,0.016489094008047524
sample_00555.html,0.8286174257528465
sample_06224.html,0.9887644470415357
sample_07094.html,0.9640950910144622
sample_07671.html,0.794
sample_09002.html,0.25182835125122066
sample_00442.html,0.9997586632995776
sample_09164.html,0.056168987145287154
sample_05787.html,0.31238767837952097
sample_04884.html,0.01743482309919999
sample_08071.html,0.9987551163186074
sample_09969.html,0.059067084532002434
sample_02465.html,0.15352462169629602
sample_06029.html,0.9892317766907692
sample_07738.html,0.2232010074871138
sample_01427.html,0.02615619465038976
sample_04372.html,0.9703579794788201
sample_06339.html,0.9987054329000088
sample_01133.html,0.022334881098785116
sample_02370.html,0.009718875502008032
sample_04658.html,0.007686976894016287
sample_02096.html,0.004664429654906127
sample_04710.html,0.984694528502512
sample_01972.html,0.6544808703508105
sample_08411.html,0.8439707545114866
sample_08265.html,0.21605616410268286
sample_06684.html,0.35717369794298454
sample_03842.html,0.5444483090640309
sample_08556.html,0.2917672481166915
sample_05438.html,0.9890464976644371
sample_08648.html,0.1744272635031798
sample_00533.html,0.9118903767041034
sample_01804.html,0.014091768709541708
sample_02223.html,0.340571471669923
sample_03528.html,0.9615246520455863
sample_07305.html,0.998355856841888
sample_00653.html,0.927507649913843
sample_01442.html,0.9987781576451518
sample_09455.html,0.19621493372966634
sample_06871.html,0.9922166650945503
sample_01175.html,0.08015373675206566
sample_08044.html,0.009608943759248683
sample_04783.html,0.00016129032258064516
sample_06613.html,0.011906848108206995
sample_03276.html,0.23574175824175825
sample_00971.html,0.9934863816791342
sample_08885.html,0.0025711457809912148
sample_02760.html,0.9875900110525896
sample_06892.html,0.013133338078988938
sample_02659.html,0.014946730200977996
sample_08014.html,0.0037689039781846523
sample_06915.html,0.008507117960555791
sample_05671.html,0.9185735960100151
sample_08355.html,0.9992401038320062
sample_02527.html,0.9407331881655177
sample_00861.html,0.01978143174710817
sample_08038.html,0.023107626985324568
sample_04199.html,0.5196296296296297
sample_02450.html,0.9717666991800092
sample_02549.html,0.9973043974065273
sample_04128.html,0.6177006060756061
sample_07383.html,0.9997504476125747
sample_03532.html,0.36398865775079114
sample_01890.html,0.9982328856183612
sample_01393.html,0.2526904642118154
sample_06144.html,0.9963645416914733
sample_08620.html,0.9986286283364256
sample_06744.html,0.9433061310378429
sample_08922.html,0.9114333400721969
sample_01976.html,0.016430202961402667
sample_07851.html,0.929770193413953
sample_07707.html,0.998355856841888
sample_04240.html,0.01468158666617997
sample_09736.html,0.7863279479783594
sample_01772.html,0.9853665272238572
sample_00631.html,0.9987781576451518
sample_03570.html,0.9601165113182424
sample_05535.html,0.9981986549845796
sample_02278.html,0.041618200211557585
sample_05188.html,0.02416984871613527
sample_01055.html,0.9586718144656969
sample_04202.html,0.3710909121713201
sample_05312.html,0.7303969340372503
sample_00571.html,0.007643573643035546
sample_05437.html,0.0
sample_06812.html,0.11433604671416632
sample_06418.html,0.9962414274376836
sample_03267.html,0.20615922733359565
sample_05052.html,0.987459822882645
sample_04087.html,0.10902908804427955
sample_07651.html,0.3603781929311242
sample_09647.html,0.17030552535678883
sample_07000.html,0.1657780529336108
sample_08047.html,0.9917034705561365
sample_09522.html,0.18059629610117844
sample_00924.html,0.017723745355290893
sample_03817.html,0.03502681837498225
sample_04481.html,0.9981348910759804
sample_05552.html,0.9854822063103328
sample_07522.html,0.23362407215218592
sample_00602.html,0.8064855008616533
sample_09090.html,0.9796134913415334
sample_02467.html,0.997783238531499
sample_01922.html,0.8978626364081197
sample_06515.html,0.972459636106695
sample_07495.html,0.05226416475134677
sample_04494.html,0.9988678500748334
sample_03156.html,0.019767839997921796
sample_01097.html,0.016000976694105985
sample_03909.html,0.9424037066413656
sample_04899.html,0.9827289920526175
sample_00194.html,0.3434059377376272
sample_03212.html,0.4164417862381587
sample_05002.html,0.08051563703260033
sample_00991.html,0.0838529701963332
sample_01426.html,0.38345238095238093
sample_07196.html,0.8090685817151716
sample_04865.html,0.9956346870223182
sample_02392.html,0.004404799478149447
sample_06870.html,0.20848990062918207
sample_04254.html,0.99518400940535
sample_05727.html,0.9917034705561365
sample_09729.html,0.02344583421241976
sample_04086.html,0.32883658058719545
sample_08125.html,0.19680272858626513
sample_07674.html,0.03355637694865888
sample_04381.html,0.028840546460564512
sample_00670.html,0.009212181283218504
sample_07126.html,0.01817929299670337
sample_06345.html,0.03235873860056617
sample_09560.html,0.11390481074153878
sample_01723.html,0.9989139290530608
sample_04791.html,0.5809469696969697
sample_02636.html,0.033555196210179834
sample_02943.html,0.12251281868570167
sample_00114.html,0.16767871693336564
sample_05436.html,0.016781225356991433
sample_08813.html,0.6835605970028636
sample_09091.html,1.0
sample_02513.html,0.969559610791986
sample_05393.html,0.9997586632995776
sample_02702.html,0.023222069637620062
sample_05287.html,0.12076617267807198
sample_02027.html,0.9987781576451518
sample_04143.html,0.9868796806702745
sample_00128.html,0.9994278857524634
sample_08148.html,0.9827078818406578
sample_01533.html,0.9986286283364256
sample_03281.html,0.005511588974163171
sample_01684.html,0.05208010099095863
sample_04562.html,0.09560576890695786
sample_06581.html,0.19987722962737703
sample_08346.html,1.0
sample_07637.html,0.015141353384897907
sample_00591.html,0.9845098061521661
sample_02778.html,0.9835370303978239
sample_03334.html,0.09337589032234801
sample_04279.html,0.02908231691226626
sample_07064.html,0.00301451760695718
sample_00689.html,0.9860148110633005
sample_09667.html,0.038862730231859224
sample_01136.html,0.003496206427900618
sample_06841.html,0.9999333333333333
sample_06335.html,0.9938705567060009
sample_05144.html,0.33215088955256805
sample_02507.html,0.6017410133801337
sample_01841.html,0.9874402797220968
sample_08714.html,0.9611681131201157
sample_05946.html,0.8618272027453738
sample_07329.html,0.045923940603882836
sample_04653.html,0.975959753897164
sample_08856.html,0.020902064272821423
sample_08837.html,0.04990146493495948
sample_07606.html,0.2778629808472387
sample_00934.html,0.530031779661017
sample_03888.html,0.59
sample_04213.html,0.9980728527107798
sample_04515.html,0.9889787903249448
sample_09633.html,0.004180379390394159
sample_04187.html,0.9884540281179425
sample_08876.html,0.002614547676380623
sample_03077.html,0.02823103790868588
sample_09944.html,0.22981086628436243
sample_00554.html,0.8442400233038471
sample_05108.html,0.011309506605803503
sample_08284.html,0.012435631705882124
sample_06625.html,0.9703793617853431
sample_01658.html,0.803487539018446
sample_08779.html,0.01973374394652588
sample_05440.html,0.015736482583218237
sample_04106.html,0.08
sample_05930.html,0.05789812113524965
sample_05761.html,0.9949987615539118
sample_01756.html,0.16488616887955168
sample_01535.html,0.008484445095010935
sample_06195.html,0.01085548014720934
sample_01260.html,0.07361941118462706
sample_05190.html,0.4681206968439959
sample_05180.html,0.021544104436896423
sample_01955.html,0.4287633422016042
sample_07683.html,0.9827702702702703
sample_08736.html,0.26283258218433636
sample_00303.html,0.023777923564679955
sample_05343.html,0.998355856841888
sample_00457.html,0.020409624112753787
sample_03307.html,0.24074897730156053
sample_03369.html,0.23509228956026862
sample_03291.html,0.2883354966759003
sample_00295.html,0.9985419596617696
sample_00750.html,1.0
sample_01577.html,0.6194907407407407
sample_01709.html,0.04223561329184691
sample_09952.html,0.1719958042585946
sample_06677.html,0.04792197527938866
sample_09888.html,0.9997504476125747
sample_07340.html,0.9997856470696499
sample_03315.html,0.9749332583668625
sample_00529.html,0.34964066030712787
sample_04220.html,0.03986784179016831
sample_01792.html,0.013118282655517595
sample_01318.html,0.014002936786380048
sample_06128.html,0.99701841740804
sample_09496.html,0.20374876748268295
sample_00229.html,0.050878305884925014
sample_06578.html,0.032532189482905545
sample_06534.html,0.6020386454797477
sample_05819.html,0.9891438529644913
sample_06464.html,0.04308572953179453
sample_05969.html,0.9987774276201509
sample_06273.html,0.01809572434766955
sample_09505.html,0.395
sample_09286.html,0.03666284974669502
sample_09717.html,0.03523567986239769
sample_05997.html,0.9938153617077217
sample_00494.html,0.9853941783806058
sample_00365.html,0.6230188006771809
sample_08246.html,0.9997097972060704
sample_04177.html,0.1696241021109281
sample_04083.html,0.028162731207360923
sample_09111.html,0.9906963853946748
sample_05994.html,0.9980357206384635
sample_01935.html,0.014022385554297181
sample_09400.html,0.016942154214091513
sample_05594.html,0.035875310941676924
sample_03603.html,0.07603271810885522
sample_06006.html,0.04743409398651957
sample_05296.html,0.7788905036892296
sample_04666.html,0.9932369293352135
sample_01731.html,0.13505576208178438
sample_00072.html,0.99701841740804
sample_07099.html,0.9723881484389797
sample_00389.html,0.01303499221722234
sample_03621.html,0.9845370461602673
sample_06302.html,0.06840200655695985
sample_02965.html,0.9876755935530948
sample_08574.html,0.0942989870951402
sample_09175.html,0.9721838554194473
sample_09957.html,0.24111685199453922
sample_08150.html,0.9998113887278773
sample_05426.html,0.7322495718541738
sample_07570.html,0.037161805588194034
sample_01336.html,0.16749399565539677
sample_01161.html,0.7178523899562681
sample_07083.html,0.9879593496644087
sample_00867.html,0.1430384065159774
sample_06673.html,0.22309368574667096
sample_07756.html,0.9984150377113182
sample_07562.html,0.029877352407979712
sample_05005.html,0.9989182962892411
sample_07615.html,0.016995161375801236
sample_07232.html,0.01059766149222957
sample_01208.html,0.2573983856404353
sample_01428.html,0.9958017293187144
sample_09942.html,0.7879387823142516
sample_03404.html,0.8742379427545535
sample_07118.html,0.994742759599516
sample_07676.html,0.012893108237326764
sample_09245.html,0.817210554152077
sample_07976.html,0.1405167626040865
sample_09563.html,0.24002208844506068
sample_03404.html,0.37634268104494945
sample_05125.html,0.9930321238480319
sample_06766.html,0.05871882965922132
sample_08654.html,0.008509035007001432
sample_05609.html,0.9958017293187144
sample_06356.html,0.271665249030639
sample_00500.html,0.7519147215958454
sample_02958.html,0.029473974383627883
sample_01549.html,0.9986286283364256
sample_00761.html,0.005472929978913215
sample_07216.html,0.01715013124615418
sample_01227.html,0.9987781576451518
sample_04850.html,0.98389771292339
sample_04033.html,0.005950021739405656
sample_05577.html,0.276005775988035
sample_06945.html,0.17796255032709823
sample_00561.html,0.9925768803123282
sample_04646.html,0.9943143415044068
sample_03875.html,0.9958017293187144
sample_00759.html,0.00016129032258064516
sample_05108.html,0.8035884882624468
sample_05903.html,0.9915193977868972
sample_01211.html,0.20344349564050382
sample_02432.html,0.9997586632995776
sample_00649.html,0.004076509968134311
sample_08290.html,0.9406125148366756
sample_09503.html,0.010529007197451798
sample_09658.html,0.9723174378526578
sample_02341.html,0.9266068306655137
sample_00171.html,0.7395762711864406
sample_08781.html,0.9998113887278773
sample_06391.html,0.1488151093252369
sample_00571.html,0.9990202273951004
sample_04956.html,0.999008427435074
sample_02009.html,0.41265555652382196
sample_00870.html,0.16342878223050636
sample_08342.html,0.06790220272479248
sample_03022.html,0.07921941206103969
sample_00067.html,0.19108021115002444
sample_00286.html,0.045443612832162576
sample_03839.html,0.8919156833794578
sample_02550.html,0.9866501401817029
sample_09553.html,0.02572579910642379
sample_04569.html,7.042253521126761e-05
sample_03044.html,0.008873713411893658
sample_09302.html,0.031783035376392745
sample_00490.html,0.4654275517861856
sample_08253.html,0.005255536564352351
sample_09954.html,0.5517283375432183
sample_01471.html,0.992428031188006
sample_03115.html,0.9704706997815478
sample_10000.html,0.9943143415044068
sample_01195.html,0.9994278857524634
sample_01121.html,0.9923581306054692
sample_04422.html,0.23540673999937053
sample_00330.html,0.9621037120268372
sample_07659.html,0.16967751057510555
sample_06967.html,0.9850065830464316
sample_06278.html,0.7762391608391609
sample_05471.html,0.9976549901908339
sample_07880.html,0.02195192052578903
sample_05835.html,0.45966795686275247
sample_05853.html,0.9695500228878379
sample_06038.html,0.9049806904933771
sample_00003.html,0.04331224486929759
sample_07385.html,0.05190219712976901
sample_02865.html,0.02083275664495608
sample_06442.html,0.010866781154617011
sample_07105.html,0.8727900897233382
sample_08668.html,0.663491731541988
sample_08705.html,0.0060185730392844075
sample_01869.html,0.023145801264830075
sample_04140.html,0.0028469101026222686
sample_02903.html,0.09308225057079951
sample_05545.html,0.9699785998880637
sample_06901.html,0.9923359709974773
sample_00259.html,0.9398278297508653
sample_07456.html,0.021989905198277152
sample_09012.html,0.25625824175824174
sample_05200.html,0.3500943396226415
sample_09829.html,0.3207893439185867
sample_01590.html,0.5515315615925475
sample_01779.html,0.9191327404947306
sample_05619.html,0.009074375141896426
sample_03473.html,0.007761541048079258
sample_07980.html,0.9997586632995776
sample_05149.html,0.0279915223519323
sample_01389.html,0.9994278857524634
sample_03349.html,0.7962111500554916
sample_07268.html,0.8084504876647759
sample_09981.html,0.029575371300464268
sample_05186.html,1.0
sample_06445.html,0.018078285438363807
sample_01206.html,0.29716681875612116
sample_06174.html,0.9961808374231707
sample_05152.html,0.3426222669763543
sample_02717.html,0.06898835475729252
sample_01040.html,0.009574923640000175
sample_08934.html,0.6918605325948941
sample_05102.html,0.997783238531499
sample_02996.html,0.04840996303095058
sample_01100.html,0.1327368797866332
sample_09080.html,0.9997586632995776
sample_07558.html,0.020880530982575633
sample_08185.html,0.9948745142759156
sample_02727.html,0.08267989710290262
sample_04261.html,0.02440399597245632
sample_05001.html,0.998355856841888
sample_00245.html,0.8929277145279544
sample_01790.html,0.4607307788711552
sample_05262.html,0.015732040521360395
sample_03267.html,0.9962809011218942
sample_06542.html,0.9467623387495736
sample_06437.html,0.9992107508613443
sample_09370.html,0.03971531603507288
sample_02492.html,0.14905091641237117
sample_07148.html,0.8341858123942112
sample_03757.html,0.9997586632995776
sample_04346.html,0.2562799777230147
sample_04871.html,0.012911326627081696
sample_09920.html,0.6769376431819107
sample_06193.html,0.17724734359565356
sample_05331.html,0.10722767669789203
sample_02345.html,0.39997388278605994
sample_02367.html,0.9997586632995776
sample_01660.html,0.10254437043441135
sample_00379.html,0.5329741644534164
sample_03746.html,0.998355856841888
sample_04637.html,0.42211400712128255
sample_04782.html,0.010335454249880926
sample_04024.html,0.8066871921567119
sample_00621.html,0.007657590134543034
sample_07827.html,0.662726993790675
sample_09955.html,0.23651780629229435
sample_02973.html,0.01711190292999868
sample_02251.html,0.15146720616656914
sample_06203.html,0.05270389256810175
sample_05327.html,0.09817793800787507
sample_09065.html,0.40558760183754766
sample_00792.html,0.8245931702404224
sample_01948.html,0.023402872429842042
sample_03119.html,0.017767970935378255
sample_06494.html,0.4164417862381587
sample_01640.html,0.019236109733939574
sample_01187.html,0.5485073357585378
sample_01572.html,0.958364472393378
sample_06090.html,0.9723867269092017
sample_02127.html,0.05745602904217648
sample_00348.html,0.9980357206384635
sample_06423.html,0.027206003184804324
sample_00235.html,0.9984150377113182
sample_08230.html,0.03259509918279728
sample_04997.html,0.00952156470703392
sample_02792.html,0.012590248869717977
sample_02890.html,0.9837294598340763
sample_02845.html,0.19228229459125082
sample_05434.html,0.016066386191848754
sample_02856.html,0.14169206297784132
sample_07839.html,0.9956205882642604
sample_05371.html,0.9998113887278773
sample_06486.html,0.985
sample_07085.html,0.8608289032683959
sample_03346.html,0.07799672685498525
sample_00777.html,0.9949987615539118
sample_01794.html,0.33014763364578903
sample_05462.html,0.29802261227071475
sample_04527.html,0.9881024919808974
sample_07735.html,0.021437974503980054
sample_00044.html,0.9616468078512982
sample_09699.html,0.9087289851813449
sample_02532.html,0.9836513081388374
sample_01643.html,0.332
sample_07107.html,0.07039967252543783
sample_04607.html,0.9980492575496999
sample_07194.html,0.0
sample_05676.html,0.8407367449943939
sample_02571.html,0.365
sample_02621.html,0.09064028776978418
sample_01905.html,0.5029784373997016
sample_09635.html,0.6677875467060755
sample_08604.html,0.948756055744922
sample_00630.html,0.021064637876820006
sample_07322.html,0.05815758002772703
sample_03406.html,0.20587967150328687
sample_08406.html,0.9993902918968641
sample_06149.html,0.012811297508826489
sample_06756.html,0.05620122362180263
sample_03053.html,0.5149951148997679
sample_03971.html,0.0036571236261625124
sample_08717.html,0.1594845043082688
sample_06172.html,0.9588609385821245
sample_07242.html,0.994742759599516
sample_09700.html,0.07626331052930214
sample_08686.html,0.012597158179364562
sample_06242.html,0.009893630443849928
sample_01778.html,0.08290267743994989
sample_00726.html,0.031853571108631414
sample_04093.html,0.6747126641070672
sample_04682.html,0.9721368043339704
sample_05936.html,0.6322090402969247
sample_00693.html,0.08724659737345652
sample_00465.html,0.9997586632995776
sample_09546.html,0.3407649343813462
sample_02482.html,0.04253867425695497
sample_03174.html,0.9954916950429177
sample_02786.html,0.9921064051584274
sample_07290.html,0.015955422432314265
sample_01921.html,0.9078467984655407
sample_09159.html,0.019644252774490036
sample_09166.html,0.3077168578615051
sample_07734.html,0.8474208081393871
sample_07654.html,0.9958017293187144
sample_05401.html,0.04907404520735005
sample_05801.html,0.9765916445964316
sample_09418.html,0.754025814940153
sample_04945.html,0.9984150377113182
sample_04629.html,0.06222856679657589
sample_08477.html,0.4226511035473509
sample_05763.html,0.9901076218921271
sample_03525.html,0.026471874172168217
sample_04373.html,0.01265412195161291
sample_09203.html,0.10872778429477645
sample_09330.html,0.03305523673751777
sample_00563.html,0.9845163170163169
sample_01137.html,0.9980572541630347
sample_07655.html,0.9997586632995776
sample_07500.html,0.7468091098239298
sample_04476.html,0.03145840269564978
sample_07057.html,0.04279003694018522
sample_03398.html,0.013112379182929948
sample_04154.html,0.5831744256687726
sample_05786.html,0.782096203514405
sample_07161.html,0.995
sample_08227.html,0.9992867121023769
sample_09609.html,0.009917278942675752
sample_06225.html,0.9997504476125747
sample_07252.html,0.9997504476125747
sample_04633.html,0.0060691840913696445
sample_09227.html,0.021633130824126098
sample_02590.html,0.01706638258983494
sample_07784.html,0.0093782473978807
sample_07060.html,0.01995979816684381
sample_08995.html,0.04008074702248573
sample_02350.html,0.4203998070566833
sample_04763.html,0.01633809862764931
sample_02940.html,0.9999333333333333
sample_00478.html,0.9006134757679806
sample_06894.html,0.9500834627400957
sample_06122.html,0.8468070757421912
sample_03966.html,0.009719757627382045
sample_00291.html,0.8261053328054109
sample_06633.html,0.07196198721683966
sample_02024.html,0.19682154018377676
sample_05912.html,0.04147076148804814
sample_01465.html,0.9958017293187144
sample_07736.html,0.15867797294711422
sample_03037.html,0.21450424477830496
sample_07598.html,0.9935897263872975
sample_06764.html,0.41705157740250987
sample_09199.html,0.9450544289410011
sample_05450.html,0.9641207171214051
sample_06332.html,0.9989182962892411
sample_01181.html,0.9986286283364256
sample_04250.html,0.05670114496941369
sample_02044.html,0.013183887737066751
sample_00594.html,0.012739856391666167
sample_02121.html,0.9922839982661954
sample_03760.html,0.1881184686818528
sample_00089.html,0.9759088627885908
sample_03256.html,0.05838572035077939
sample_05919.html,0.27476161470675686
sample_01580.html,0.018380116427667247
sample_00947.html,0.0298116475013925
sample_01184.html,0.014784852214225788
sample_04514.html,0.9906963853946748
sample_08502.html,0.9998113887278773
sample_06277.html,0.6576359649122807
sample_03446.html,0.0063221939582165055
sample_05820.html,0.984694528502512
sample_01123.html,0.9997586632995776
sample_04962.html,0.014833848163415183
sample_00079.html,0.00533340104730107
sample_05895.html,0.017691561814707272
sample_09669.html,0.9994278857524634
sample_01648.html,0.9997586632995776
sample_01411.html,0.022598796921982328
sample_02909.html,0.9989182962892411
sample_03361.html,0.07580604221674953
sample_00470.html,0.005249814194212665
sample_02737.html,0.9987549404458297
sample_03159.html,0.935
sample_07947.html,0.9666419399697294
sample_00512.html,0.9875
sample_00669.html,0.9013824137646078
sample_03282.html,0.0952918291967172
sample_05902.html,0.8681238538400167
sample_02084.html,0.026506005937567117
sample_05300.html,0.18549454375224464
sample_01009.html,0.02063482977106312
sample_01241.html,0.060692017218261424
sample_02158.html,0.9598726184038402
sample_08016.html,0.4014546504220418
sample_00725.html,0.9846997783067449
sample_06305.html,0.9837294598340763
sample_03663.html,0.13947062935244095
sample_04180.html,0.0638399898759644
sample_07504.html,0.9938809543721091
sample_02289.html,0.9837294598340763
sample_07239.html,0.9572242609432057
sample_04017.html,0.021573899429566112
sample_03906.html,0.07436640322697438
sample_04896.html,0.5164031011524632
sample_07051.html,0.2504792121474172
sample_04239.html,0.9509694085012356
sample_09208.html,0.6440162274593348
sample_01931.html,0.016024063537221432
sample_09073.html,0.021185356922664586
sample_04980.html,0.14198853291857505
sample_04171.html,0.9996506170236973
sample_03340.html,0.9868194309975579
sample_07045.html,0.9361203604171604
sample_09643.html,0.7662391608391609
sample_03356.html,0.011256723270556258
sample_05189.html,0.025416661241140896
sample_09164.html,0.035201727039348665
sample_04546.html,0.029561830940553355
sample_00484.html,0.95
sample_00837.html,0.0052
sample_03638.html,0.0007441031746881321
sample_02631.html,0.9990996503496503
sample_07168.html,0.9898764233352554
sample_00187.html,0.01626513630915825
sample_06193.html,0.9845163170163169
sample_00711.html,0.009302273628320899
sample_00424.html,0.23328969079060907
sample_03623.html,0.03188316993464052
sample_07311.html,0.33894513429600304
sample_05266.html,0.9997319327731092
sample_05278.html,0.9922076711911538
sample_06097.html,0.9703552647643177
sample_05497.html,0.04848601539009164
sample_09360.html,0.9878375289656687
sample_03300.html,0.03811693832402968
sample_07470.html,0.3724988807097094
sample_06374.html,0.00016129032258064516
sample_02022.html,0.9889642189573834
sample_02514.html,0.045
sample_09891.html,0.9835898568742416
sample_07143.html,0.18513123844250357
sample_05790.html,0.06534594422599499
sample_02828.html,0.05446911762670247
sample_04457.html,0.7071409719810853
sample_07787.html,0.0643259776377179
sample_04277.html,0.7712102990415393
sample_00555.html,0.06363992141337221
sample_04929.html,0.9985419596617696
sample_08680.html,0.6862083879590851
sample_07351.html,0.9047912920412919
sample_04002.html,0.993804982935509
sample_03376.html,0.8691996616037398
sample_08981.html,0.6702509063114208
sample_03945.html,0.22852959426787633
sample_05736.html,0.5646504001420474
sample_08695.html,0.9820577425687722
sample_01199.html,0.010657438944613951
sample_08083.html,0.9843366388366397
sample_04354.html,0.04082544010741842
sample_06580.html,0.8881386630848216
sample_06761.html,0.9984150377113182
sample_01418.html,0.5741870815677736
sample_00582.html,0.02694573048658509
sample_04241.html,0.09167038526973209
sample_04344.html,0.99701841740804
sample_09155.html,0.9971159494033648
sample_05622.html,0.9787848168469543
sample_07871.html,0.022184593754257614
sample_00477.html,0.016349444785790812
sample_08703.html,0.9874402797220968
sample_07965.html,0.9884040919326719
sample_09109.html,0.991730574695369
sample_03985.html,0.17449656236646238
sample_06197.html,0.9995694325345323
sample_04048.html,0.00016129032258064516
sample_08029.html,0.01294560133123004
sample_02843.html,0.9998113887278773
sample_06046.html,0.7900710082101845
sample_08800.html,0.1133793690475388
sample_06768.html,0.0044735166770910936
sample_08278.html,0.9987001943946342
sample_04878.html,0.9997504476125747
sample_05738.html,0.011024063537221431
sample_01071.html,0.0953248622965617
sample_09936.html,0.013722062161129235
sample_08342.html,0.0028880628887326416
sample_03533.html,0.9845238095238095
sample_01076.html,0.9841902871444116
sample_02776.html,0.9965151103345465
sample_06791.html,0.03830289436090896
sample_08853.html,0.3217096128603004
sample_07329.html,1.0
sample_02386.html,0.4250246576995593
sample_01855.html,0.9298875353220899
sample_06501.html,0.15154776252147945
sample_03960.html,0.9984150377113182
sample_01418.html,0.9958017293187144
sample_02241.html,0.989986470103344
sample_08638.html,0.875
sample_04328.html,0.9997586632995776
sample_08698.html,0.65651690466256
sample_07586.html,0.6776249637786148
sample_02033.html,0.020348878022129334
sample_08101.html,0.01565322234517911
sample_07701.html,0.9450544289410011
sample_07471.html,0.6093635172317219
sample_09856.html,0.02687267927110995
sample_08369.html,0.05886121369501535
sample_06498.html,0.03213157465833884
sample_04396.html,0.2913100135830476
sample_07715.html,0.01153805916825417
sample_00279.html,0.9261474867724868
sample_09852.html,0.00837710706237784
sample_06491.html,0.9370035750846345
sample_06246.html,0.016649341000538456
sample_03616.html,0.002921542708202621
sample_06897.html,0.06270031897516815
sample_08948.html,0.9192119178722932
sample_00383.html,0.9742282572968979
sample_03486.html,0.024096324895603097
sample_07156.html,0.01691122643609855
sample_03642.html,0.007996058976280978
sample_05809.html,0.6862906522269268
sample_00765.html,0.98153644883601
sample_05024.html,0.9318383654542362
sample_01360.html,0.9892317766907692
sample_01773.html,0.6203857491738496
sample_09823.html,0.006343158268235169
sample_00849.html,0.012510768406541022
sample_08900.html,0.04453975057767635
sample_08999.html,0.039534087885593476
sample_07614.html,0.035015050230126736
sample_09191.html,0.013558571596918487
sample_06419.html,0.01268569233928753
sample_06125.html,0.9822589948646915
sample_05525.html,0.05308260012285608
sample_00236.html,0.018423785183934407
sample_02001.html,0.005861044475005085
sample_07619.html,0.987459822882645
sample_05160.html,0.009114702552860222
sample_00879.html,0.16617385321489103
sample_02100.html,0.2282764882742418
sample_05664.html,0.02823743002573629
sample_03965.html,0.9996506170236973
sample_03324.html,0.9985419596617696
sample_02126.html,0.012111975500888893
sample_00950.html,0.012124852419706327
sample_09156.html,0.9917034705561365
sample_06334.html,0.05018400486981525
sample_05405.html,0.706746962846433
sample_03634.html,0.9918726691398482
sample_03854.html,0.7040647862910885
sample_07309.html,0.9971209771625924
sample_05203.html,0.06012790876791016
sample_01873.html,0.9986098697116215
sample_01272.html,0.389252628753761
sample_00497.html,0.4307256429607986
sample_07101.html,0.03902782361302436
sample_07532.html,0.047147108261615917
sample_04465.html,0.020374526028799442
sample_00997.html,1.0
sample_04922.html,0.9981216354100596
sample_02787.html,0.011541654168922277
sample_08706.html,0.9994278857524634
sample_02949.html,0.9504967989738057
sample_07324.html,0.10051464796191519
sample_08395.html,0.08727108646538721
sample_00681.html,0.8881386630848216
sample_09630.html,0.43356411428283365
sample_00574.html,0.3442595776772247
sample_02293.html,0.21202024807423756
sample_02511.html,0.9997856470696499
sample_03701.html,0.9150395425963729
sample_08788.html,0.9968022675632523
sample_07210.html,0.9964924981506458
sample_09099.html,0.023875400416328917
sample_09270.html,0.9888498593111587
sample_05751.html,0.495
sample_09527.html,0.011922094344027453
sample_07865.html,0.03423522748406119
sample_06638.html,0.36891514101198725
sample_04884.html,0.9994840052585452
sample_02200.html,0.12808922245533902
sample_03269.html,0.010979815118246104
sample_01004.html,0.6411801495503943
sample_07453.html,0.9750600241908388
sample_08710.html,0.035
sample_07583.html,0.7835165731329035
sample_04164.html,0.775593766682356
sample_09851.html,0.9910122631375264
sample_02439.html,0.03258984740192753
sample_00856.html,0.06818508387000072
sample_05753.html,0.06518275841043804
sample_09687.html,0.18963824831261664
sample_08669.html,0.00288027900833485
sample_04341.html,0.07108507239412966
sample_00824.html,0.8642636720902743
sample_03875.html,0.0007441031746881321
sample_06491.html,0.04904174551711828
sample_02977.html,0.029872748543551847
sample_02305.html,0.9935897967680757
sample_06081.html,0.9847316915931603
sample_00457.html,0.043867746771338444
sample_02640.html,0.8782597323481428
sample_06242.html,0.7957654051874491
sample_06641.html,0.10984442391012042
sample_06180.html,0.014841025323626113
sample_07742.html,0.3056132696022917
sample_09232.html,0.4316022872583234
sample_07910.html,0.7213281438521428
sample_07632.html,0.05829991955207272
sample_00456.html,0.12656328042189297
sample_08529.html,0.012944390632129606
sample_03321.html,0.6377261522773068
sample_00211.html,0.8178542478155596
sample_08914.html,0.6591713575362852
sample_04378.html,0.9959978820794904
sample_07733.html,0.4098178351933753
sample_02913.html,0.7968961147521787
sample_05246.html,0.027687436644884586
sample_00017.html,0.008859459895326214
sample_02578.html,0.0007441031746881321
sample_02220.html,0.06056102980036584
sample_06039.html,0.9997586632995776
sample_09540.html,0.2247279240711362
sample_01131.html,0.8836830607447991
sample_07933.html,0.9997586632995776
sample_08170.html,0.9996506170236973
sample_02509.html,0.994849487312026
sample_02799.html,0.05638448999175075
sample_08639.html,0.0197717483678315
sample_09776.html,0.00732226606022302
sample_05084.html,0.19057664992208842
sample_07839.html,0.04862435293191979
sample_04111.html,0.1670391251217076
sample_04367.html,0.9997586632995776
sample_08824.html,0.0007441031746881321
sample_09572.html,0.17268430110126765
sample_00522.html,0.9744832693373567
sample_02327.html,0.9917034705561365
sample_09727.html,0.5436610423856874
sample_00975.html,0.11421443207890984
sample_01963.html,0.07826279122710875
sample_06519.html,0.0007441031746881321
sample_01396.html,0.020220458745697292
sample_07803.html,0.8250224792451577
sample_01468.html,0.24101773055809847
sample_03166.html,0.21309553618580576
sample_08623.html,0.027062198479594065
sample_05412.html,0.9930628600374807
sample_01391.html,0.4094572859935763
sample_06181.html,0.04503448275862069
sample_01985.html,0.1908292871198261
sample_03422.html,0.311748563881178
sample_02851.html,0.1230062654480006
sample_01441.html,0.9934331181016884
sample_06596.html,0.03449411604583635
sample_01170.html,0.04736014005322753
sample_05976.html,0.00391931373099944
sample_08164.html,0.9019474909023724
sample_01979.html,0.0
sample_01116.html,0.028164955216444826
sample_03662.html,0.0518300084490271
sample_04341.html,0.9949987615539118
sample_00933.html,0.9484345238095239
sample_01573.html,0.8387818229750024
sample_07213.html,0.8964877939523356
sample_03223.html,0.7798209088425138
sample_05950.html,0.987914562648398
sample_08134.html,0.026997629229421477
sample_07370.html,0.043641786212914944
sample_07065.html,0.7392258142931695
sample_07238.html,0.0880352644072065
sample_07851.html,0.20421968328143553
sample_04078.html,0.7507334423582676
sample_09413.html,0.3223640819964349
sample_04323.html,0.9198170160722385
sample_09148.html,0.08711743851985158
sample_02674.html,0.9255821158542495
sample_05906.html,0.003939004836776568
sample_01552.html,0.020991707754043323
sample_05856.html,0.011444003603784302
sample_07410.html,0.9656376765108656
sample_08302.html,0.9964924981506458
sample_08240.html,0.0031142665433265726
sample_02603.html,0.07510661424603861
sample_02486.html,0.845258155556115
sample_08841.html,0.9302206685653434
sample_02958.html,0.45100609918802803
sample_02314.html,0.9981651082238708
sample_03847.html,0.021834269290732792
sample_01293.html,0.7812858115893215
sample_04889.html,0.09570700415316871
sample_08977.html,0.4164417862381587
sample_02586.html,0.43594551282051286
sample_03725.html,0.2618094989816709
sample_02988.html,0.6034528157759693
sample_08643.html,0.9850600118808853
sample_01669.html,0.011899038305314665
sample_08956.html,0.7962111500554916
sample_02375.html,0.007262921068718834
sample_01627.html,0.12318417103629091
sample_07006.html,0.9868523427774055
sample_08059.html,0.22041452991452992
sample_05802.html,0.19913733539197298
sample_09868.html,0.3498967474751403
sample_02045.html,0.4273837886906137
sample_05966.html,0.010625086183806507
sample_02276.html,0.9425632567456842
sample_05221.html,0.06291123441849467
sample_03162.html,0.9992852581645686
sample_04265.html,0.95239127335064
sample_04640.html,0.9186344238858268
sample_00390.html,0.7948118978567491
sample_03377.html,0.08728850853780687
sample_06241.html,0.04810070437875691
sample_07725.html,0.7629943726252847
sample_05295.html,0.021014264843614617
sample_05735.html,0.9987781576451518
sample_07457.html,0.9887309996834648
sample_00479.html,0.031760220468860796
sample_08465.html,0.16342097555584373
sample_01445.html,0.008036535767775375
sample_04403.html,0.08365572898557382
sample_06932.html,0.9980492575496999
sample_03280.html,0.4115212591867919
sample_03004.html,0.04731338216215354
sample_08383.html,0.05710637401384886
sample_09572.html,0.8529357781062208
sample_05066.html,0.9947027353456782
sample_01012.html,0.1171532332207889
sample_03126.html,0.9568340118963667
sample_01990.html,0.8294079310332181
sample_01768.html,0.9964806459037383
sample_08646.html,0.00814986221913738
sample_06846.html,0.025066003605915724
sample_01603.html,0.03823824220110126
sample_02712.html,0.022072761467288367
sample_08305.html,0.0143996014871887
sample_00885.html,0.2836493557051545
sample_01895.html,0.05377117281360059
sample_03973.html,0.0128196134846023
sample_05480.html,0.9964806459037383
sample_03724.html,0.2937396077881898
sample_00272.html,0.06316430261163668
sample_00617.html,0.022857339726368543
sample_05558.html,0.956459943988161
sample_01337.html,0.0007441031746881321
sample_07066.html,0.6603646074780316
sample_04532.html,0.9183348155211553
sample_09639.html,0.023403597957632395
sample_07429.html,0.989986470103344
sample_00310.html,0.2611758613556508
sample_05230.html,0.6368068840299494
sample_02095.html,0.999008427435074
sample_08206.html,0.0007441031746881321
sample_06966.html,0.7345335057099763
sample_03201.html,0.9989139290530608
sample_00417.html,0.6923887633747395
sample_07548.html,0.021
sample_06059.html,0.04197103033101044
sample_01360.html,0.6727907101377337
sample_08199.html,0.000375
sample_00271.html,0.9786527081364776
sample_00307.html,0.20690409918341174
sample_00209.html,0.9997586632995776
sample_00722.html,0.09271092255032634
sample_04451.html,0.48
sample_09947.html,0.7225
sample_09102.html,0.41944985275681224
sample_01279.html,0.9997586632995776
sample_04820.html,0.475
sample_04493.html,0.06653689619256661
sample_05134.html,0.733730584231891
sample_09213.html,0.6836385787139279
sample_02001.html,0.99518400940535
sample_06737.html,0.976445465465623
sample_08312.html,0.08615255481439144
sample_02190.html,0.345997346560065
sample_09242.html,0.021376323138658712
sample_03988.html,0.5209215756069375
sample_00727.html,0.4274789610778299
sample_01758.html,0.2501802161652431
sample_05631.html,0.9880462757494556
sample_03384.html,0.9955472740796307
sample_04971.html,0.1449262989144194
sample_07240.html,0.6234292216529325
sample_07352.html,0.9925768803123282
sample_04239.html,0.0906376678876679
sample_05210.html,0.008559658269300089
sample_01915.html,0.9910122631375264
sample_09256.html,0.10064632165235554
sample_00655.html,0.0998802371138086
sample_01862.html,0.9524620497934133
sample_06996.html,0.07694657490202549
sample_04661.html,0.003439294506765587
sample_01312.html,0.025129936074596692
sample_02132.html,0.04221380525110083
sample_08188.html,0.9098050430471223
sample_06265.html,0.9773663084623252
sample_05488.html,0.010306836461610085
sample_09687.html,0.9997586632995776
sample_04858.html,0.9841902871444116
sample_06332.html,0.25828907015950137
sample_00968.html,0.9277558683064538
sample_07644.html,0.9997504476125747
sample_05482.html,0.9998113887278773
sample_08896.html,0.4763448153400156
sample_06630.html,0.11468598376505235
sample_06294.html,0.03136649913697362
sample_02496.html,0.09927273146847007
sample_04392.html,0.0668711572441297
sample_06056.html,0.39419886240571506
sample_07195.html,0.49067586414270614
sample_09405.html,0.08077184202010425
sample_00794.html,0.013681216246764452
sample_06179.html,0.009719909932190915
sample_09385.html,0.1860397584046777
sample_08987.html,0.9965151103345465
sample_05041.html,0.007640135363821477
sample_08708.html,0.23630080930080166
sample_01419.html,0.24360738606725252
sample_00325.html,0.9097981981981982
sample_00774.html,0.011916805179763281
sample_02785.html,0.41421147565884403
sample_07123.html,0.29332207762708673
sample_01817.html,0.9681218173687075
sample_00572.html,0.9533972500597397
sample_05726.html,0.12387076083003584
sample_09576.html,0.4229858531965528
sample_00207.html,0.10975901700802285
sample_07548.html,0.9931499686102684
sample_06111.html,0.36689510297533495
sample_00282.html,0.9458035184671871
sample_09721.html,0.54
sample_02974.html,0.5557718593606671
sample_01317.html,0.019549372523122867
sample_00263.html,0.9993902918968641
sample_01006.html,0.007672871356477081
sample_05070.html,0.040046053189258066
sample_00705.html,0.1481631699171192
sample_06017.html,0.9339423419807034
sample_03198.html,0.9254265682757743
sample_09594.html,0.9753746043349808
sample_03460.html,0.9934137414893808
sample_08610.html,0.36791732879422717
sample_05128.html,0.9917146773122464
sample_08805.html,0.9641485148195242
sample_09214.html,0.9844133699811554
sample_02944.html,0.08300579877479423
sample_00364.html,0.9985419596617696
sample_02641.html,0.024127354773925243
sample_03885.html,0.007904747310620214
sample_09639.html,0.9964806459037383
sample_04366.html,0.980025881265334
sample_07491.html,0.014321104503835523
sample_04798.html,0.07229825211966304
sample_01571.html,0.06443206753162911
sample_08418.html,0.9502328366489345
sample_09185.html,0.9985419596617696
sample_01219.html,0.034013515327182685
sample_09299.html,0.539183229262658
sample_01781.html,0.9843366388366397
sample_06374.html,0.9958017293187144
sample_02192.html,0.18145622895622895
sample_02395.html,0.07883028287072405
sample_00048.html,0.9997504476125747
sample_04779.html,0.08787865935845122
sample_08061.html,0.026765606618020726
sample_09047.html,0.7292747361127904
sample_01088.html,0.006394504475357821
sample_09978.html,0.9984301724118684
sample_03833.html,0.05950383875549888
sample_08961.html,0.17436194592861728
sample_07421.html,0.21309553618580576
sample_04118.html,0.013043871719830633
sample_02004.html,0.9991989440341829
sample_05248.html,0.9997504476125747
sample_09272.html,0.00643559444934061
sample_04322.html,0.08338817188262337
sample_00073.html,0.9981935155396211
sample_00421.html,0.6262683675689286
sample_08907.html,0.9923543851201166
sample_09770.html,0.020068227685467774
sample_06189.html,0.20869930534201117
sample_00673.html,0.8436462066474506
sample_04608.html,0.9983143769087641
sample_07612.html,0.0007441031746881321
sample_00539.html,0.9986286283364256
sample_01501.html,0.99938459076176
sample_08526.html,0.6592347395335868
sample_06344.html,0.006828103415075193
sample_05646.html,0.013143821271468577
sample_01213.html,0.9284043337737942
sample_08466.html,0.7010728908132711
sample_09356.html,0.8095720068952797
sample_02294.html,0.06092028803248722
sample_00537.html,0.7781853864651184
sample_00489.html,0.2840925389656867
sample_06344.html,0.9874608360543605
sample_03125.html,0.07086900423482867
sample_09788.html,0.9997586632995776
sample_02784.html,0.7242753877203745
sample_01371.html,0.9997504476125747
sample_03329.html,0.18564235185652303
sample_00718.html,0.6446980981253475
sample_03047.html,0.24336686235924507
sample_01429.html,0.883101456133846
sample_09753.html,0.9861516839202228
sample_03878.html,0.9998113887278773
sample_01164.html,0.04778688674059738
sample_09270.html,0.020349213608828326
sample_04976.html,0.9450079025701844
sample_06900.html,0.0038212427656412386
sample_01409.html,0.9950135192942965
sample_06505.html,0.019535331657726963
sample_04470.html,0.01947810747313642
sample_00560.html,0.9997586632995776
sample_04045.html,0.052650358846727974
sample_01054.html,0.8958058246341604
sample_02759.html,0.022063757467512324
sample_00261.html,0.006784473828804277
sample_06832.html,0.24337799935110613
sample_02893.html,0.002506414565870267
sample_06043.html,0.8000762867083404
sample_06290.html,0.9835957043279677
sample_06458.html,0.9917034705561365
sample_00724.html,0.9985419596617696
sample_02420.html,0.050630182742620135
sample_01961.html,0.38989770273771873
sample_00787.html,0.9879309201434987
sample_02143.html,0.040680347572596115
sample_03984.html,0.011557656667767318
sample_05507.html,0.9986014672797213
sample_00851.html,0.08098882659445987
sample_08954.html,0.025661391260345744
sample_01531.html,0.008989309035147304
sample_03753.html,0.4028583618160419
sample_05236.html,0.31192686267944686
sample_03643.html,0.9997586632995776
sample_07331.html,0.8782597323481428
sample_00379.html,0.9876167088027813
sample_03642.html,0.665000036501915
sample_00765.html,0.016438856110681133
sample_00536.html,0.9808625883412729
sample_03516.html,0.22460953510435078
sample_02835.html,0.994742759599516
sample_07445.html,0.7747763607083082
sample_02822.html,0.7778840542276438
sample_04608.html,0.24853821015585723
sample_08149.html,0.2714815068210478
sample_01596.html,0.9875900110525896
sample_02361.html,0.9994278857524634
sample_08675.html,0.012802622211244239
sample_02104.html,0.8786518556450398
sample_09934.html,0.99518400940535
sample_05612.html,0.017028932316815844
sample_04903.html,0.061741409964566854
sample_00156.html,0.5942471547361549
sample_06481.html,0.7573756133649083
sample_00419.html,0.24416197593342548
sample_00393.html,0.8001682417049442
sample_03552.html,0.005249814194212665
sample_00506.html,0.0
sample_05220.html,0.9972517334718206
sample_06572.html,0.129240558766549
sample_04965.html,0.9825560331496187
sample_01245.html,0.4218578286681723
sample_03050.html,0.8822007633288699
sample_06669.html,0.9997586632995776
sample_02154.html,0.9843366388366397
sample_03310.html,0.34997147911090354
sample_03667.html,0.04495947784298899
sample_05973.html,0.0102
sample_01124.html,0.0007441031746881321
sample_05553.html,0.09862343939458708
sample_00316.html,0.9805555159819886
sample_00171.html,0.1244171985429802
sample_08678.html,0.9777533906562372
sample_09678.html,0.9278686121964675
sample_02551.html,0.2712860750360751
sample_06949.html,0.7863820237321698
sample_07291.html,0.48755875185283876
sample_05852.html,0.998200986497452
sample_07989.html,0.5829544864318463
sample_03898.html,0.010587809809637345
sample_04749.html,0.6585145231982691
sample_08571.html,0.9622122546722788
sample_04348.html,0.004780951962222954
sample_07217.html,0.9981216354100596
sample_09781.html,0.014148236204852687
sample_01799.html,0.13850842356856818
sample_04895.html,0.9970619877305252
sample_05217.html,0.0581114685331327
sample_02468.html,0.9595686325586463
sample_07793.html,0.9985419596617696
sample_04605.html,0.010788825990450578
sample_04224.html,0.5189987869266726
sample_06701.html,0.08556195014874395
sample_04803.html,0.028050182053089026
sample_00899.html,0.03146937931380206
sample_08267.html,0.002663116560505481
sample_01217.html,0.6726508150090287
sample_04759.html,0.9987908803689568
sample_04336.html,0.040051739382205645
sample_07259.html,0.0007441031746881321
sample_06566.html,0.1919207961673082
sample_02886.html,0.9979426296136639
sample_00306.html,0.1625058240829913
sample_05832.html,0.8390433364014481
sample_05729.html,0.9064838710931487
sample_08121.html,0.010028711397919799
sample_08553.html,0.9399508350118946
sample_00398.html,0.0053963414679779045
sample_02807.html,0.9312257740910801
sample_03033.html,0.3168816407358134
sample_02370.html,0.9898073963463976
sample_07105.html,0.007667097211040287
sample_02935.html,0.007739316813332696
sample_03912.html,0.036673488529462596
sample_08496.html,0.29563305859670297
sample_04852.html,0.5344608730623177
sample_01979.html,0.9664641837799884
sample_05072.html,0.6794554822316198
sample_05947.html,0.004780163573607411
sample_01309.html,0.04984514900584463
sample_07111.html,0.5448849202818883
sample_07867.html,0.9982502949200063
sample_08456.html,0.994742759599516
sample_06245.html,1.0
sample_05975.html,0.9955472740796307
sample_05495.html,0.9914358010335655
sample_03804.html,0.9913763592345224
sample_08582.html,0.016574217437782753
sample_06317.html,0.8537818040887647
sample_07346.html,0.9964806459037383
sample_04655.html,0.9997504476125747
sample_00953.html,0.0037833566132448727
sample_05545.html,0.21155922733359564
sample_04128.html,0.9837294598340763
sample_00695.html,0.015240203297941212
sample_06819.html,0.9198170160722385
sample_06988.html,0.0026422463192590294
sample_07877.html,0.29188066387711287
sample_08060.html,0.028795288003456175
sample_00402.html,0.9973043974065273
sample_01590.html,0.023131367377942504
sample_07826.html,0.039641559400534
sample_06392.html,0.7375186956559466
sample_07535.html,0.9007984225919016
sample_09688.html,0.67
sample_06459.html,0.9998113887278773
sample_04401.html,0.9953658083281515
sample_04385.html,0.9108292915160443
sample_04295.html,0.0038678175565544943
sample_01058.html,0.06152761085533595
sample_02529.html,0.04602775646697536
sample_04368.html,0.9986286283364256
sample_07217.html,0.05177225486416063
sample_03924.html,0.01255091711750076
sample_06729.html,0.025344582408697323
sample_08509.html,0.0035828974774680354
sample_01789.html,0.9995694325345323
sample_02511.html,0.007613112236385966
sample_04085.html,0.011821941260083178
sample_01770.html,0.18258739757056638
sample_09318.html,0.10333435884567437
sample_03542.html,0.9997586632995776
sample_08009.html,0.9641691830065863
sample_00224.html,0.20639792539019666
sample_08073.html,0.229478699139962
sample_03879.html,0.9535652903860568
sample_06023.html,0.9992107508613443
sample_01856.html,0.9722179569336376
sample_06462.html,0.9259931872632908
sample_05267.html,0.99518400940535
sample_01994.html,0.9982328856183612
sample_07746.html,0.1043346972835444
sample_08078.html,0.5996959743712759
sample_00545.html,0.006082762846463275
sample_04761.html,1.0
sample_07319.html,0.9516872790747916
sample_02229.html,0.025159857211130506
sample_01265.html,0.5630396082526372
sample_05533.html,0.571378377383648
sample_08743.html,0.011063384218606526
sample_01366.html,0.715
sample_01774.html,0.9592391860760852
sample_01940.html,0.511469663375467
sample_04083.html,0.9997097972060704
sample_00613.html,0.21681041234155837
sample_05261.html,0.08500823692671443
sample_08885.html,0.9592364930125818
sample_03490.html,0.9997586632995776
sample_07708.html,0.9997586632995776
sample_01646.html,0.9997586632995776
sample_01110.html,0.08855209835554721
sample_07112.html,1.0
sample_04932.html,0.9980572541630347
sample_00688.html,0.016531813895340336
sample_04333.html,0.005950021739405656
sample_07713.html,0.5092972457108951
sample_06260.html,0.6930459361081148
sample_05087.html,0.9997586632995776
sample_03059.html,0.9987781576451518
sample_09833.html,0.9952904636683315
sample_02833.html,0.09972246020905474
sample_01361.html,0.8648163501339562
sample_01950.html,0.9936137762645946
sample_02360.html,0.052891596332095246
sample_02907.html,0.6650032594427361
sample_06053.html,0.977565987817026
sample_02916.html,0.9980357206384635
sample_02150.html,0.9936137762645946
sample_00177.html,0.9689754841752004
sample_00628.html,0.9926827944029329
sample_00927.html,0.7989650990979145
sample_08608.html,0.02359777742720466
sample_08440.html,0.9986286283364256
sample_05778.html,0.9992401038320062
sample_04124.html,0.0266281672217977
sample_08971.html,0.03761964834174981
sample_00047.html,0.9875
sample_07792.html,0.04091013714610645
sample_09489.html,0.9997586632995776
sample_02564.html,0.8330221473298824
sample_07759.html,0.022044279921395828
sample_01956.html,0.31455271169154825
sample_08772.html,0.012804726577680963
sample_05427.html,0.023563628893760544
sample_07592.html,0.23915857787794845
sample_06389.html,0.18451113470654584
sample_09118.html,0.020732435808016043
sample_03669.html,0.43512195121951225
sample_01146.html,0.9590776515495566
sample_01634.html,0.22823084825171477
sample_07908.html,0.9797394603538885
sample_04205.html,0.9397949936006514
sample_09303.html,0.9828970564534655
sample_06513.html,0.09551447460858464
sample_03127.html,0.3064580853351377
sample_05377.html,0.9997586632995776
sample_06723.html,0.5721430367018603
sample_00845.html,0.9843366388366397
sample_03399.html,0.9958017293187144
sample_01455.html,0.9181474711364891
sample_00404.html,0.9992867121023769
sample_03646.html,0.9992867121023769
sample_03840.html,0.8824161566581781
sample_02744.html,0.9981348910759804
sample_08092.html,0.8975
sample_05534.html,0.30106960391652143
sample_00032.html,0.8947981068310543
sample_03231.html,0.15154776252147945
sample_03947.html,0.7127039412379716
sample_07921.html,1.0
sample_09157.html,0.9822589948646915
sample_06483.html,0.9994278857524634
sample_06716.html,0.01562426524121486
sample_00127.html,0.9874402797220968
sample_03872.html,0.9998113887278773
sample_00058.html,0.003242023105666134
sample_05391.html,0.5553919609974907
sample_01339.html,0.7176250000000001
sample_01569.html,0.04366248592927424
sample_02985.html,0.9681424817326025
sample_03257.html,0.012314024469187454
sample_09012.html,0.9884008352198539
sample_06355.html,0.9979426296136639
sample_08976.html,0.9688625382688701
sample_00084.html,0.06383890222042721
sample_04898.html,0.034214156744059844
sample_05517.html,0.692694919035283
sample_09921.html,0.41820573749671625
sample_07424.html,0.6790270519875139
sample_05800.html,0.0
sample_09652.html,0.9992906705946523
sample_01808.html,0.9699785998880637
sample_08362.html,0.936118314156392
sample_04578.html,0.09023588116465828
sample_04234.html,0.552681880424089
sample_02291.html,0.999619640219519
sample_03091.html,0.0
sample_01937.html,0.5159544624272545
sample_03030.html,0.03689780846489419
sample_06985.html,0.09238700446208387
sample_02644.html,0.40952604437185003
sample_09432.html,0.3361402262995714
sample_01973.html,0.03387971738796221
sample_06789.html,0.6120178571428572
sample_07180.html,0.9684297014665717
sample_09425.html,0.015242635603552233
sample_00333.html,0.9922375188549906
sample_04882.html,0.6578754081816168
sample_08690.html,0.0930708127669802
sample_03655.html,0.8780282988400372
sample_07875.html,0.9992906705946523
sample_06455.html,0.9980572541630347
sample_05761.html,0.05124210816292589
sample_05257.html,0.0152
sample_03567.html,0.263835841790766
sample_06800.html,0.9954682743376586
sample_04912.html,0.9954916950429177
sample_04981.html,0.08981781398657424
sample_08286.html,0.9997586632995776
sample_03330.html,0.9838382599705499
sample_04680.html,0.016663047471822692
sample_04691.html,0.0029571916551849376
sample_02538.html,0.007962668975758546
sample_07891.html,0.9797103658536587
sample_04055.html,0.9679025300232954
sample_06884.html,0.9462996150760727
sample_09330.html,0.2835970775122362
sample_02983.html,0.0213134940518174
sample_01823.html,0.996754425623835
sample_04830.html,0.9951206920807404
sample_02652.html,0.01923147627656724
sample_08602.html,0.05820122065709125
sample_05256.html,0.810608360296187
sample_05094.html,0.984877589286858
sample_06734.html,0.991727820076364
sample_01356.html,0.05031596907304783
sample_01446.html,0.04662440681002978
sample_05495.html,0.3469370560215757
sample_00667.html,0.20272712064146536
sample_01255.html,0.02508519089068599
sample_06918.html,0.9582905201672735
sample_09971.html,0.9922166650945503
sample_04744.html,0.0007441031746881321
sample_06636.html,0.5454978674480951
sample_09277.html,0.9562506021055437
sample_04966.html,0.6803957591022787
sample_09954.html,0.031319717021847396
sample_03483.html,0.6919377601120782
sample_05871.html,0.8460388175028392
sample_08827.html,0.9910122631375264
sample_07069.html,0.9996506170236973
sample_00381.html,0.2557526048919892
sample_06817.html,0.8971015482809412
sample_05546.html,0.038471204355431915
sample_04977.html,0.19627624172253505
sample_01348.html,0.5492497289330065
sample_02891.html,0.03298768267879871
sample_03896.html,0.14620523717572043
sample_07781.html,0.03333107487022244
sample_08790.html,0.99311827741627
sample_09418.html,0.006871353779225626
sample_07289.html,0.9998113887278773
sample_00094.html,0.1498856358619473
sample_09837.html,0.11617100659154322
sample_02291.html,0.026943020978663027
sample_08327.html,0.049643898762731134
sample_03253.html,0.22974355005159958
sample_08214.html,0.9984150377113182
sample_09749.html,0.9288592246265123
sample_00226.html,0.02308499060618868
sample_06371.html,0.9735391204908135
sample_09758.html,0.680304423598619
sample_06436.html,0.0026851524298820563
sample_00833.html,0.9956363988645048
sample_09686.html,0.03920885552503359
sample_04873.html,0.9277636397035951
sample_02210.html,0.18710790643171835
sample_08426.html,0.9601177989527728
sample_01559.html,0.022371800856208653
sample_01887.html,0.9304011773637483
sample_00334.html,0.027529408711359973
sample_09907.html,0.9847496346771808
sample_03308.html,0.9980329308141528
sample_09513.html,0.03229858654015883
sample_07033.html,0.36041689004903626
sample_00658.html,0.4187321417087967
sample_06127.html,0.6400465166568859
sample_01917.html,0.07202828636993763
sample_09990.html,0.9278686121964675
sample_05756.html,0.7431617647058824
sample_06488.html,0.977757425473209
sample_06341.html,0.9917034705561365
sample_07992.html,0.03602714739783091
sample_00078.html,0.005
sample_09834.html,0.9753591494025824
sample_08391.html,0.23670032756810044
sample_04013.html,0.9863966825908708
sample_02065.html,0.9984629258309607
sample_07569.html,0.9909902173478258
sample_00434.html,0.002594506176593823
sample_00987.html,0.44911961988687166
sample_02048.html,0.014590972955093484
sample_03103.html,0.5860923776166987
sample_07810.html,0.3334334697657804
sample_09835.html,0.9884540281179425
sample_02272.html,0.2815982408471491
sample_09925.html,0.05581559400100815
sample_01664.html,0.1996948790955517
sample_03505.html,0.8295740187794196
sample_01263.html,0.02568226148619308
sample_09913.html,0.9975942978590037
sample_07079.html,0.9996506170236973
sample_06211.html,0.9926689989992975
sample_07868.html,0.5469020416622515
sample_05613.html,0.9997586632995776
sample_04116.html,0.9544831409981306
sample_02663.html,0.9866313027171048
sample_06172.html,0.164134579135053
sample_00648.html,0.04736025035320094
sample_00764.html,0.9995694325345323
sample_00843.html,0.9814330913384579
sample_08888.html,0.945567694617649
sample_05099.html,0.9524037066413656
sample_05868.html,0.01778996756509421
sample_01706.html,0.05
sample_00423.html,0.5517283375432183
sample_05640.html,0.99701841740804
sample_03795.html,0.9693357247381009
sample_03918.html,0.9217513123983693
sample_09668.html,0.0062303946758731285
sample_05258.html,0.0
sample_00776.html,0.36256580685398687
sample_01232.html,0.13267215964348517
sample_08818.html,0.9930206076014051
sample_06434.html,0.18466800562186006
sample_02831.html,0.017572290544688833
sample_02506.html,0.8431380880654267
sample_07005.html,0.9980492575496999
sample_02030.html,0.20978771133572185
sample_07674.html,0.435
sample_02543.html,0.019231479354740778
sample_06656.html,0.9842818784074125
sample_06887.html,0.9951549264100094
sample_00699.html,0.4712773249253644
sample_01236.html,0.9995694325345323
sample_06155.html,0.9649666761603709
sample_06719.html,0.04275950397325676
sample_09989.html,0.2691413286483113
sample_09964.html,0.013557052344295313
sample_07912.html,0.9901858097589682
sample_02098.html,0.9051785714285714
sample_07745.html,0.14051923789954987
sample_04343.html,0.02674971692155936
sample_06934.html,0.0028270606703366015
sample_06006.html,0.7159310373877217
sample_06014.html,0.9793936022964489
sample_00816.html,0.8179323997503835
sample_01594.html,0.03531435552320426
sample_03072.html,0.57
sample_03646.html,0.02018298452125289
sample_07238.html,0.9990918563059081
sample_07613.html,0.9994278857524634
sample_09126.html,0.04184336094685286
sample_03081.html,0.04661007653567764
sample_06749.html,0.9997586632995776
sample_00654.html,0.27576292401112207
sample_00532.html,0.8779712846822767
sample_04042.html,0.9886523102322141
sample_00585.html,0.0288903211627264
sample_08460.html,0.7037142857142856
sample_06605.html,0.010109397313227096
sample_03155.html,0.9218632365543471
sample_03037.html,0.9915193977868972
sample_05237.html,1.0
sample_07719.html,0.18035750159821362
sample_07430.html,0.04440778267125056
sample_08081.html,0.044407220645810284
sample_04134.html,0.017703914711753792
sample_09704.html,0.0
sample_06088.html,0.016303353828123517
sample_09401.html,0.998355856841888
sample_01499.html,0.6548443579766537
sample_08309.html,0.35740443088879204
sample_04059.html,0.019232630187142857
sample_06916.html,0.5400034606866002
sample_00409.html,0.014007992112043129
sample_02008.html,0.9980572541630347
sample_09914.html,0.9182059842908982
sample_08543.html,0.15841853559339014
sample_03861.html,0.9800823663511765
sample_00990.html,0.9984150377113182
sample_00860.html,0.9986286283364256
sample_03080.html,0.9559041709099877
sample_04694.html,0.5350264310992112
sample_04736.html,0.9983728921566107
sample_08209.html,0.984694528502512
sample_00301.html,0.9934877901752359
sample_05498.html,0.06913404145259686
sample_09253.html,0.9984150377113182
sample_09467.html,0.08573042885172873
sample_08890.html,0.20614367631690872
sample_06974.html,0.3999478845000868
sample_02225.html,0.9993902918968641
sample_02359.html,0.7213426880483295
sample_05502.html,0.00887065217144285
sample_07538.html,0.8543975098346346
sample_02236.html,0.9997586632995776
sample_02029.html,0.11421443207890984
sample_02704.html,0.7265526947440364
sample_00565.html,0.02347625956807816
sample_05420.html,0.6981306820879408
sample_08909.html,0.5334008717536153
sample_09214.html,0.04055133062294042
sample_01246.html,0.8696377915911008
sample_03578.html,0.9987720396891163
sample_05702.html,0.9797394603538885
sample_09996.html,0.340040467554523
sample_07995.html,0.0932312427260759
sample_09105.html,0.9877914190966345
sample_03345.html,0.135
sample_02552.html,0.03452659614473467
sample_06556.html,0.3984775040377569
sample_01673.html,0.9837294598340763
sample_09010.html,0.01110863683151595
sample_04948.html,0.2799932359307359
sample_05822.html,0.9841902871444116
sample_09893.html,0.000375
sample_03188.html,0.325547385620915
sample_02648.html,0.03526808331212236
sample_07791.html,0.9841902871444116
sample_08220.html,0.8574175866926771
sample_05334.html,0.7620655044201555
sample_09393.html,0.017146727128287416
sample_04486.html,0.9986286283364256
sample_02282.html,0.9993902918968641
sample_05225.html,0.9843548070876471
sample_01671.html,0.977565987817026
sample_00370.html,0.9936286283364256
sample_01978.html,0.9729703492721644
sample_07067.html,0.14316957298052463
sample_05028.html,0.8782597323481428
sample_00448.html,0.11435201321237594
sample_03853.html,0.9246188833313812
sample_04740.html,0.058333423941548654
sample_02330.html,0.4991082737908187
sample_04190.html,0.020572671445820704
sample_03370.html,0.9877955812777784
sample_06238.html,0.4633524392274392
sample_07872.html,0.9997586632995776
sample_01985.html,0.9906963853946748
sample_06489.html,0.996688419144111
sample_03375.html,0.9361315099754696
sample_05765.html,0.8077399649514609
sample_09636.html,0.01859644533203585
sample_05186.html,0.3183838388875956
sample_05956.html,0.9820577425687722
sample_03315.html,0.0333282540506458
sample_05836.html,0.1890377538281144
sample_09865.html,0.9661508429843626
sample_02117.html,0.9997097972060704
sample_06701.html,0.9985419596617696
sample_06358.html,0.015431280571937114
sample_09360.html,0.06076081725840094
sample_09178.html,0.92181075889823
sample_09855.html,0.09137665472604532
sample_06826.html,0.9992107508613443
sample_05214.html,0.016821941260083177
sample_03939.html,0.994849487312026
sample_07405.html,0.37039734395852875
sample_06725.html,0.9943143415044068
sample_07315.html,0.6418981015326475
sample_06728.html,0.8878455901556719
sample_01947.html,0.013959071690742366
sample_06523.html,0.9484369519205681
sample_05096.html,0.9987001943946342
sample_03457.html,0.0205828716713542
sample_07164.html,0.9985419596617696
sample_04004.html,0.8162958873642472
sample_07355.html,0.01583478805539373
sample_09090.html,0.14136703917759819
sample_09039.html,0.008069592971680679
sample_07979.html,0.994849487312026
sample_05623.html,0.03409023695008137
sample_02580.html,0.1340562541019646
sample_01802.html,0.3593705737355728
sample_01215.html,0.039162708898703505
sample_07829.html,0.9994278857524634
sample_07410.html,0.049503391245194726
sample_03722.html,0.000375
sample_03227.html,0.9907268340775568
sample_03015.html,0.9993902918968641
sample_00944.html,0.3124847105885771
sample_06893.html,0.9985438681183852
sample_04182.html,0.9973043974065273
sample_08664.html,0.9858592294108272
sample_01403.html,0.9917034705561365
sample_05169.html,0.024817537417114142
sample_09582.html,0.9781415544808973
sample_00821.html,0.23552530043201064
sample_07536.html,0.9987001943946342
sample_06481.html,0.0093337630850123
sample_03036.html,0.009916168093855201
sample_04444.html,0.10545471460683047
sample_08250.html,0.2774099193034465
sample_05646.html,0.9990202273951004
sample_05985.html,0.7404021473475026
sample_03351.html,0.8177649168844354
sample_09951.html,0.993804982935509
sample_04604.html,0.033448869640570394
sample_08051.html,0.011238026951811562
sample_03097.html,0.10024629087827845
sample_07873.html,0.19125415659740927
sample_03096.html,0.004011315526787992
sample_02695.html,0.32045495611001124
sample_09646.html,0.0029250297273746106
sample_02972.html,0.013476941414993584
sample_02500.html,0.9994278857524634
sample_08917.html,0.9926827944029329
sample_02493.html,0.04801630586383549
sample_06551.html,0.9821189355067412
sample_04195.html,0.019300863158018457
sample_08928.html,0.02317195381953561
sample_04365.html,0.8431103174603174
sample_08126.html,0.025775209376554527
sample_09248.html,0.9976549901908339
sample_05638.html,0.3617075822037568
sample_05671.html,0.019809015893075196
sample_06600.html,0.0
sample_04622.html,0.25991992902023886
sample_08954.html,0.5631238111014621
sample_07550.html,0.9622122546722788
sample_08958.html,0.9986286283364256
sample_07122.html,0.989491199358426
sample_06786.html,0.7851832517507493
sample_00797.html,0.30080072495333576
sample_07061.html,0.6980830205841616
sample_09340.html,0.9943143415044068
sample_01061.html,0.02970496723529965
sample_01775.html,0.1954992213467823
sample_04069.html,0.015670340599654765
sample_05104.html,0.2697071594581213
sample_05142.html,0.9622122546722788
sample_06586.html,0.0887148146132058
sample_07710.html,0.3583714223668292
sample_04806.html,0.9607487210951678
sample_09407.html,0.012349402370220792
sample_05587.html,0.01873668901137859
sample_08930.html,0.796444528064043
sample_06606.html,0.9786793165821631
sample_08123.html,0.7962111500554916
sample_06640.html,0.03997212659924293
sample_02088.html,0.8331672097053907
sample_02873.html,1.0
sample_06963.html,0.011102010781068341
sample_04931.html,0.989986470103344
sample_09319.html,0.9921064051584274
sample_04598.html,0.03434198885181297
sample_08082.html,0.3554056415790064
sample_07898.html,0.02902616927752109
sample_01796.html,0.9984150377113182
sample_09465.html,0.3507125007600077
sample_09531.html,0.016420312731823674
sample_02796.html,0.9947145464801274
sample_07394.html,0.9085332250581469
sample_07444.html,0.32274154072203254
sample_01952.html,0.9995694325345323
sample_05433.html,0.14928279534544217
sample_03126.html,0.005962543191301311
sample_05086.html,0.002887859773889913
sample_08760.html,0.2669755636982509
sample_02803.html,0.0404781505529597
sample_07454.html,0.0064692935006026575
sample_05737.html,0.04916766213429283
sample_03908.html,0.9992867121023769
sample_08709.html,0.9656918494626574
sample_02093.html,0.9843366388366397
sample_07540.html,0.068024350614672
sample_08541.html,0.9943143415044068
sample_03293.html,0.013335569727840476
sample_02937.html,0.23974433053925026
sample_09832.html,0.9973043974065273
sample_07669.html,0.904541842166345
sample_08533.html,0.9515353054120586
sample_05714.html,0.9174313021859462
sample_05086.html,0.9986014672797213
sample_04217.html,0.9789828366489346
sample_05851.html,0.0036341965218621513
sample_08097.html,0.9409051041667058
sample_03633.html,0.9561704642213625
sample_05823.html,0.032838716522530856
sample_08155.html,0.9997504476125747
sample_03232.html,0.9415291860724381
sample_09740.html,0.7931223857304286
sample_01555.html,0.30014429885518706
sample_02799.html,0.9919233257332958
sample_00929.html,0.9901858097589682
sample_05251.html,0.995
sample_02322.html,0.9997586632995776
sample_00579.html,0.9699785998880637
sample_02830.html,0.011205851634050388
sample_03730.html,0.9883291870631105
sample_01635.html,0.37009433962264154
sample_06269.html,0.415
sample_03338.html,0.3563209209343114
sample_01728.html,0.06910551625352807
sample_07922.html,0.8207977594707638
sample_02635.html,0.9972517334718206
sample_08734.html,0.02333588325351961
sample_02607.html,0.027227152147010544
sample_01388.html,0.99701841740804
sample_07973.html,0.9875900110525896
sample_08827.html,0.0397530679677012
sample_07569.html,0.03630296054447126
sample_03612.html,0.027046399187833896
sample_09366.html,0.15288279416375392
sample_01651.html,0.024771219308631177
sample_03900.html,0.08709200797532146
sample_01479.html,0.013585678918828224
sample_01495.html,0.98721718827565
sample_03041.html,0.999619640219519
sample_03884.html,0.014658592701309174
sample_07652.html,0.9681218173687075
sample_04291.html,0.8975451798266966
sample_01176.html,0.008568543008206973
sample_04680.html,0.969559610791986
sample_02209.html,0.04083333333333334
sample_05033.html,0.9994278857524634
sample_06310.html,0.868316424826494
sample_07378.html,0.035274243703068635
sample_04693.html,0.01601418322966939
sample_07058.html,0.5087540515040515
sample_01085.html,0.22530220954628888
sample_08999.html,0.09674600024018584
sample_02526.html,0.9962809011218942
sample_06293.html,0.03324245428508482
sample_05449.html,0.9997586632995776
sample_09088.html,0.8933149178359255
sample_07588.html,0.9836993530205603
sample_08826.html,0.9361931346253294
sample_02521.html,0.12973794382617912
sample_04921.html,0.0660678909254211
sample_05537.html,0.9768181818181819
sample_01438.html,0.34229639104750403
sample_02615.html,0.8786518556450398
sample_02038.html,0.9987774276201509
sample_09854.html,0.058538444878488825
sample_05227.html,0.05902921289159859
sample_03144.html,0.9917034705561365
sample_01868.html,0.9996506170236973
sample_02181.html,0.2926500799066678
sample_01345.html,0.03696605021554847
sample_00749.html,0.018957752375963612
sample_07850.html,0.9982696182553209
sample_01359.html,0.01679780713435076
sample_09239.html,0.36397181228062964
sample_03518.html,0.8280411151215855
sample_01306.html,0.8103948829434241
sample_02865.html,0.2815597218702084
sample_03271.html,0.10983502708780037
sample_06450.html,0.04859077950629315
sample_00629.html,0.9936024586440739
sample_06096.html,0.8132407407407407
sample_01290.html,0.04842994008881618
sample_06044.html,0.31308673237923207
sample_06651.html,0.7033850273875037
sample_09309.html,0.9985419596617696
sample_05408.html,0.022520521431235986
sample_04363.html,0.7449333333333334
sample_06146.html,0.008214827545358586
sample_04511.html,0.10189312633032731
sample_02372.html,0.9752474941677657
sample_04811.html,0.9884040919326719
sample_07841.html,0.245031304069872
sample_02153.html,0.54375
sample_09449.html,0.5280285624114728
sample_07577.html,0.5699805031446541
sample_06862.html,0.012529118130533668
sample_01853.html,0.9837294598340763
sample_02688.html,0.010747828474588795
sample_03139.html,0.8056701289316943
sample_05034.html,0.3337052303667684
sample_02326.html,0.9989182962892411
sample_03355.html,0.08300579877479423
sample_07381.html,0.917321021848743
sample_01231.html,0.7051180709582302
sample_00898.html,0.99701841740804
sample_05330.html,0.2859061720477166
sample_06157.html,0.05096722113591457
sample_00938.html,0.767221635904431
sample_03205.html,0.9905211609666403
sample_08431.html,0.8912779633365027
sample_09773.html,0.009582298254146701
sample_04799.html,0.05042242808009058
sample_04092.html,0.9495162724437278
sample_09953.html,0.4815830121524459
sample_07914.html,0.996688419144111
sample_02138.html,0.11709104336362777
sample_02889.html,0.9692651701098921
sample_09623.html,0.9907268340775568
sample_01933.html,0.9915232907577542
sample_03347.html,0.12104370490421572
sample_04186.html,0.9275823796290666
sample_07234.html,0.027739717740641736
sample_04537.html,0.017873876804777457
sample_03580.html,0.9964659254258734
sample_06605.html,0.9997586632995776
sample_00730.html,0.9777533906562372
sample_08620.html,0.03280593084304075
sample_04537.html,0.8177649168844354
sample_08325.html,0.883101456133846
sample_01755.html,0.9992401038320062
sample_00120.html,0.9997097972060704
sample_09396.html,0.0026112111834886197
sample_07690.html,0.5
sample_08932.html,0.06833710611851301
sample_04705.html,0.020438095238095238
sample_07981.html,0.07802981995084622
sample_00792.html,0.022917869320164694
sample_03239.html,0.0
sample_08686.html,0.9996506170236973
sample_01720.html,0.09903959039340908
sample_02400.html,0.9997586632995776
sample_00346.html,0.9996506170236973
sample_04690.html,0.855
sample_03813.html,0.9997097972060704
sample_00774.html,0.9997981981981983
sample_09346.html,0.000375
sample_05840.html,0.015332005552342553
sample_09524.html,0.9996506170236973
sample_04760.html,0.07487688465335217
sample_05634.html,0.3244341043524577
sample_00161.html,0.10035326991744212
sample_07262.html,0.6493921473473732
sample_01670.html,0.012349159691790252
sample_09307.html,0.021926360577349664
sample_01158.html,0.009867621437907096
sample_04447.html,0.10886201574776981
sample_09006.html,0.9997586632995776
sample_05562.html,0.9835898568742416
sample_03600.html,0.9922375188549906
sample_04798.html,0.9994278857524634
sample_06562.html,0.01844656283532721
sample_07079.html,0.5815895271264342
sample_02425.html,0.020552380514102866
sample_02982.html,0.081549195204586
sample_05986.html,0.692694919035283
sample_09457.html,0.0
sample_06365.html,0.9955472740796307
sample_04431.html,0.010597559822492622
sample_07251.html,0.9958017293187144
sample_08936.html,0.9931018257259393
sample_04304.html,0.008830657111683533
sample_05525.html,1.0
sample_06383.html,0.9876084618738655
sample_08726.html,0.8844291010801334
sample_00558.html,0.9987781576451518
sample_01259.html,0.9025773941802255
sample_02457.html,0.446525024301004
sample_01909.html,0.9643790729429162
sample_02464.html,0.565
sample_07977.html,0.1432950879842628
sample_06729.html,0.9984150377113182
sample_03614.html,0.13775908677351115
sample_04489.html,0.9996506170236973
sample_09652.html,0.011002035040927591
sample_04892.html,0.0303552585636753
sample_00354.html,0.9897169331286786
sample_07595.html,0.0407589462578249
sample_01806.html,0.9922375188549906
sample_06878.html,0.2560967654103809
sample_06745.html,0.027057836392970068
sample_05147.html,0.9986014672797213
sample_07387.html,0.11803678729325355
sample_00384.html,0.9815649134554516
sample_05452.html,0.3082935700663999
sample_01404.html,0.6527180535703723
sample_06722.html,0.0386567615990428
sample_08951.html,0.0065323233453921095
sample_02426.html,0.9985419596617696
sample_02167.html,0.12993544453252903
sample_03935.html,0.9997504476125747
sample_09941.html,0.9688315217391305
sample_01176.html,0.9989139290530608
sample_07250.html,0.9922375188549906
sample_08436.html,0.03572650747232257
sample_08774.html,0.7100416431184502
sample_08647.html,0.019610980076215007
sample_09362.html,0.5776302631578948
sample_09773.html,0.9980572541630347
sample_05362.html,0.6052992942208077
sample_03052.html,0.9956346870223182
sample_06362.html,0.014874157392134418
sample_04313.html,0.06274298385511991
sample_09453.html,0.9998113887278773
sample_09014.html,0.022862735666235277
sample_05120.html,0.8698221002656176
sample_05179.html,0.3635068679913564
sample_03611.html,0.016710446692098594
sample_05386.html,0.9996506170236973
sample_05237.html,0.020749050805789912
sample_00981.html,0.12418999768018109
sample_01043.html,0.010990820521491923
sample_00714.html,0.9688756971849305
sample_09923.html,0.08398255354364605
sample_06443.html,0.8183964725345235
sample_01381.html,0.9985527819752824
sample_02678.html,0.27381920520965136
sample_01962.html,0.61625
sample_09117.html,0.01400572645459551
sample_00487.html,0.9505508947294844
sample_07601.html,0.0034820726455853756
sample_03899.html,0.9959140370379375
sample_00850.html,0.9871785714285715
sample_09365.html,0.5151693428857399
sample_07265.html,0.08540357257521874
sample_07991.html,0.018645386807753104
sample_03093.html,0.9882749057740008
sample_03907.html,0.03388297732381273
sample_00440.html,0.08392562214378159
sample_06378.html,0.16639092187262505
sample_03848.html,0.9972517334718206
sample_06787.html,0.9740233606705282
sample_02450.html,0.10144694122689261
sample_01626.html,0.1418265344224266
sample_05932.html,0.9143357433175104
sample_06160.html,0.24535269116692363
sample_00886.html,0.11136902116707213
sample_00697.html,0.01487904765967021
sample_01805.html,0.031858121370811524
sample_04252.html,0.9751165113182424
sample_07398.html,0.4055873316992437
sample_09227.html,0.7961522164276401
sample_06970.html,0.016232895083457873
sample_01904.html,0.33728236630375447
sample_09128.html,0.9875900110525896
sample_02936.html,0.837803574973354
sample_02079.html,0.020639827335026388
sample_07590.html,0.9998113887278773
sample_01788.html,0.03388373452516074
sample_08441.html,0.9961808374231707
sample_05284.html,0.05604764063711147
sample_00487.html,0.002798689541108139
sample_07642.html,0.8871670870309086
sample_05022.html,0.0377130894218458
sample_06174.html,0.05470531339518553
sample_04857.html,0.02276612088048007
sample_05808.html,0.040637854781443036
sample_03823.html,0.9620645692775756
sample_02720.html,0.8335557592850941
sample_05063.html,0.18351157402710386
sample_07173.html,0.9997586632995776
sample_00353.html,0.8694310915742374
sample_09042.html,0.5883959372788913
sample_01884.html,0.0047926882282731415
sample_05084.html,0.4909332944403135
sample_04620.html,0.20265372544926896
sample_09802.html,0.9985527819752824
sample_00526.html,0.08361116558049027
sample_05443.html,0.9091858211709226
sample_09598.html,0.40500822800169467
sample_08325.html,0.020442360578425623
sample_05428.html,0.7569233143066192
sample_08756.html,0.6662015843594792
sample_07473.html,0.7090481914485494
sample_06700.html,0.45313654401154396
sample_09963.html,0.018224026214859725
sample_02474.html,0.015929606925263504
sample_06061.html,0.9957624077323145
sample_05206.html,0.9997504476125747
sample_06106.html,0.034733518881251035
sample_06555.html,0.9993902918968641
sample_06372.html,0.7708062813609429
sample_01017.html,0.9844809088180884
sample_08872.html,0.9941258062492628
sample_07035.html,0.08396505088649069
sample_05487.html,0.9841902871444116
sample_08988.html,0.9999333333333333
sample_02869.html,0.9217350978828236
sample_01502.html,0.991197622787708
sample_00754.html,0.24596432175304223
sample_06501.html,0.9997856470696499
sample_08641.html,0.024819429466672975
sample_00174.html,0.9995694325345323
sample_05848.html,0.017628607021164578
sample_05588.html,0.9253741866181724
sample_04717.html,0.9982505192239235
sample_08963.html,0.9802632173331801
sample_04473.html,0.0
sample_02192.html,0.9986286283364256
sample_06747.html,0.0166940910591965
sample_05483.html,0.9663736335220007
sample_04918.html,0.034511912838825556
sample_09715.html,0.061526863037527704
sample_03801.html,0.02163901734059568
sample_00868.html,0.9126262626262627
sample_08087.html,0.9198170160722385
sample_05530.html,0.5755885093167703
sample_03529.html,0.000375
sample_02763.html,0.04765343912870249
sample_00557.html,0.027327978030628718
sample_09703.html,0.9971329661138755
sample_02706.html,0.4905885534228181
sample_01741.html,0.851490174238529
sample_05285.html,0.8333509959379232
sample_07397.html,0.9837294598340763
sample_05940.html,0.9868182970673304
sample_06338.html,0.012821726003138762
sample_02842.html,0.14513018956583312
sample_03275.html,0.036761625733197946
sample_00134.html,0.8546552686375343
sample_07146.html,0.896122810497389
sample_04411.html,0.5485970434705824
sample_04764.html,0.22038768884923873
sample_03734.html,0.09968173479345549
sample_04873.html,0.004222814894054922
sample_08289.html,0.9996506170236973
sample_01947.html,0.9997504476125747
sample_09534.html,0.2805196806411988
sample_04030.html,0.012490915589109404
sample_03588.html,0.9802305697265308
sample_01479.html,0.9994278857524634
sample_07543.html,0.3154205471761717
sample_02567.html,0.9996506170236973
sample_00401.html,0.9474027178889124
sample_03344.html,0.9266068306655137
sample_07384.html,0.8059602306889704
sample_09149.html,0.017590924672401313
sample_02849.html,0.019702344164466052
sample_02873.html,0.04064162994079378
sample_06241.html,0.2904321250919033
sample_02861.html,0.02472459388938367
sample_03382.html,0.33316949598061685
sample_00313.html,0.0038127082115039196
sample_03402.html,0.16015480386331954
sample_02669.html,0.04158763562678776
sample_03751.html,0.07928004564462926
sample_04593.html,0.17358997786170285
sample_04153.html,0.7761542072846669
sample_02634.html,0.9986024586440739
sample_06007.html,0.0288503128528821
sample_03448.html,0.9685365704025533
sample_08343.html,0.044072095871165916
sample_07727.html,0.9799333333333334
sample_07157.html,0.9118565925346311
sample_01816.html,0.04439215868550015
sample_04929.html,0.28818901833236776
sample_05266.html,0.17434584762155306
sample_06604.html,0.9952777259382986
sample_03012.html,0.04485592203510594
sample_02623.html,0.012215927671146012
sample_08467.html,0.18226297090737525
sample_04784.html,0.9787162627273625
sample_06106.html,0.9881788328353588
sample_04757.html,0.8947674904096717
sample_06828.html,0.8978084415584416
sample_07963.html,0.17596115856006833
sample_01291.html,0.406170322311592
sample_01859.html,0.7511363962784111
sample_09988.html,0.10169387022124825
sample_02344.html,0.9997097972060704
sample_05854.html,0.9955472740796307
sample_03219.html,0.9987781576451518
sample_02946.html,0.0
sample_09547.html,0.019379963561810588
sample_09733.html,0.3007406376078935
sample_04425.html,0.05782704907206919
sample_05312.html,0.49611111111111117
sample_02323.html,0.20353928941129432
sample_01239.html,0.09389566512383345
sample_01609.html,0.9997586632995776
sample_07488.html,0.9989403015037925
sample_09236.html,0.008825572532058323
sample_06664.html,0.7938040277977098
sample_02970.html,0.08087276192820855
sample_02262.html,0.9964924981506458
sample_07909.html,0.9997586632995776
sample_07408.html,0.9995694325345323
sample_09868.html,0.9997586632995776
sample_00936.html,0.9971209771625924
sample_00273.html,0.41155555555555556
sample_03521.html,0.7708928571428573
sample_09937.html,0.0054103015758796445
sample_08332.html,0.21309553618580576
sample_06714.html,0.1276432665640062
sample_02115.html,0.02548276679864987
sample_01230.html,0.008675863509455834
sample_06299.html,0.9994015838038787
sample_06757.html,0.08613101006303864
sample_07136.html,0.9504906746659718
sample_09842.html,0.8997752536440495
sample_01537.html,0.9885242438909845
sample_05883.html,0.9535102178797706
sample_04615.html,0.9872752715121136
sample_01826.html,0.9994418468731735
sample_03056.html,0.10793687139647501
sample_06944.html,0.9996506170236973
sample_07234.html,0.21691998223860648
sample_00055.html,0.9920222633295311
sample_06230.html,0.7764324656083345
sample_08735.html,0.21848773286732306
sample_07030.html,0.8537818040887647
sample_05288.html,0.03493548414852769
sample_05017.html,0.9997586632995776
sample_00440.html,0.9949384231835804
sample_07808.html,0.04833131215988413
sample_08713.html,0.013707046991448764
sample_08105.html,0.9994015838038787
sample_04458.html,0.7979156586562324
sample_09261.html,0.02193762427708414
sample_00783.html,0.004993801724224079
sample_08041.html,0.02225878610740275
sample_05806.html,0.9874402797220968
sample_09581.html,0.015552897842336981
sample_09537.html,0.14363764988567032
sample_00739.html,0.9985419596617696
sample_09362.html,0.7644711718904559
sample_04532.html,0.12790173531905172
sample_08166.html,0.9997586632995776
sample_08487.html,0.013046707050272372
sample_09191.html,0.9837294598340763
sample_04730.html,0.11259850602202916
sample_08711.html,0.9909212855681426
sample_08733.html,0.9995694325345323
sample_07669.html,0.00965327733743995
sample_06306.html,0.03724660637353205
sample_02605.html,0.9877887418172133
sample_03307.html,0.07211087004645497
sample_01372.html,0.9994418468731735
sample_03765.html,0.18193607943738724
sample_00752.html,0.3504390681003584
sample_09683.html,0.9810632854050614
sample_04695.html,0.016274981812666123
sample_08172.html,1.0
sample_08762.html,0.04729635506034948
sample_05150.html,0.9990537437728345
sample_03472.html,0.9584383201834309
sample_02813.html,0.04186080191516904
sample_07117.html,0.012281551276141795
sample_06709.html,0.9986843613105869
sample_08681.html,0.8755233781675313
sample_08368.html,0.9941851079785454
sample_01269.html,0.6732030394524412
sample_09306.html,0.9943143415044068
sample_08592.html,0.01521669164407189
sample_07354.html,0.9960873896553565
sample_06018.html,0.9962809011218942
sample_04979.html,0.016416760767988675
sample_02530.html,0.9958017293187144
sample_09785.html,0.018615827794902833
sample_03924.html,0.9984150377113182
sample_00278.html,0.08146580945493988
sample_03567.html,0.9997504476125747
sample_00155.html,0.34810357008003057
sample_06386.html,0.7830879217681541
sample_02050.html,0.988400701493788
sample_00755.html,0.49099122843139725
sample_09244.html,0.01931174531194201
sample_02409.html,0.03823691053071201
sample_05185.html,0.013400904393720716
sample_09698.html,0.036367906728486624
sample_09805.html,0.01468401326035991
sample_04238.html,0.0033451157356317253
sample_01309.html,0.9997097972060704
sample_08854.html,0.9695949369258191
sample_01233.html,0.12680768419152824
sample_06205.html,0.961850739002108
sample_00147.html,0.06600636695731306
sample_04372.html,0.016206130276725846
sample_04517.html,0.9997504476125747
sample_00587.html,0.974516317016317
sample_05675.html,0.8535166198467853
sample_05350.html,0.9982525164325281
sample_07695.html,0.0777877869827422
sample_00241.html,0.7801567944250871
sample_02480.html,0.09817229367204729
sample_05878.html,0.030173404133170507
sample_01798.html,0.01197251822334479
sample_06393.html,0.04370278428852323
sample_01836.html,0.9505508947294844
sample_03677.html,0.03156054218339757
sample_00388.html,0.03598189868949789
sample_03552.html,0.8882916687895629
sample_06808.html,0.9992867121023769
sample_07421.html,0.8890985447841311
sample_01317.html,0.9947027353456782
sample_02037.html,0.024306658924241675
sample_00847.html,0.053636281764278426
sample_01665.html,0.9519499801092276
sample_09366.html,0.9854822063103328
sample_02297.html,0.007078711279575728
sample_01004.html,0.37901560533138096
sample_01379.html,0.003274876736293199
sample_04567.html,0.025689415096400672
sample_09576.html,0.07253262197979642
sample_07164.html,0.16872831416519637
sample_08775.html,0.920340139202443
sample_02808.html,0.9723174378526578
sample_01907.html,0.03663253228800032
sample_01759.html,0.04444946785553155
sample_07819.html,0.18572261961913253
sample_07454.html,0.9693357247381009
sample_09278.html,0.03601767171269735
sample_05200.html,0.8117676233533908
sample_02475.html,0.016443493146311834
sample_02488.html,0.13880719047775725
sample_03098.html,0.999619640219519
sample_06422.html,0.959073159580242
sample_04681.html,0.9868182970673304
sample_02375.html,0.9997504476125747
sample_08070.html,0.026887949885072128
sample_04392.html,0.9152581013710013
sample_04829.html,0.7963805571406516
sample_05751.html,0.40620256559766477
sample_09242.html,0.9673492108602969
sample_00205.html,0.019236109733939574
sample_04790.html,0.1730014215261466
sample_01436.html,0.02923690758006841
sample_03626.html,0.9866313027171048
sample_09489.html,0.012698742437561932
sample_06416.html,0.994742759599516
sample_07073.html,0.20122959183673467
sample_09373.html,0.9759609452110469
sample_09601.html,0.9954916950429177
sample_08980.html,1.0
sample_08786.html,0.9308485409100185
sample_06622.html,0.9997856470696499
sample_09664.html,0.18378232169558853
sample_04126.html,0.05137041188545992
sample_05165.html,0.9997586632995776
sample_00033.html,0.012962053527415014
sample_03397.html,0.8035328392225135
sample_00318.html,0.9990202273951004
sample_04176.html,0.03295894354144173
sample_06594.html,0.26079215724751437
sample_07971.html,0.02282887514231868
sample_07557.html,0.9982505192239235
sample_01453.html,0.994742759599516
sample_01969.html,0.75
sample_08694.html,0.027707659073556528
sample_09378.html,0.29924758104811316
sample_05624.html,0.9793862070684903
sample_03911.html,0.9922375188549906
sample_02248.html,0.010005393875852172
sample_06632.html,0.2951016042780749
sample_04835.html,0.6311699912171571
sample_07001.html,0.8933514014502932
sample_05881.html,0.7202131788065
sample_01970.html,0.16506088356385806
sample_07049.html,0.9954682743376586
sample_09526.html,0.004322505656587804
sample_08769.html,0.8537818040887647
sample_05572.html,0.1610768634662306
sample_08978.html,0.7722678772198202
sample_09960.html,0.09185104887230935
sample_02914.html,0.9951419305214648
sample_07366.html,0.9954916950429177
sample_07665.html,0.9962414274376836
sample_05875.html,0.12770037557298639
sample_03479.html,0.0002777777777777778
sample_01153.html,0.3675169640054181
sample_01853.html,0.011499112942806174
sample_04452.html,0.3974087313262345
sample_09846.html,0.18864790379254118
sample_08652.html,0.016821941260083177
sample_09934.html,0.02071702483659129
sample_05887.html,0.9994278857524634
sample_04244.html,0.022273794824897112
sample_06582.html,0.13919842242723424
sample_02905.html,0.6597058823529411
sample_01052.html,0.0628301054654962
sample_01463.html,0.994742759599516
sample_09311.html,0.7404703187018454
sample_08658.html,0.9986014672797213
sample_05139.html,0.32
sample_02011.html,0.00246706233793638
sample_03555.html,0.6516457299735106
sample_00058.html,0.9997504476125747
sample_08565.html,0.6566313570404884
sample_02611.html,0.9969703451215086
sample_04647.html,0.052169787370697246
sample_08986.html,0.9843366388366397
sample_08764.html,0.046149970025223
sample_06804.html,0.1133089253872445
sample_01679.html,0.9972517334718206
sample_07760.html,0.9857458061114214
sample_08313.html,0.0
sample_04975.html,0.9820575275595825
sample_04096.html,0.038178864202899586
sample_01818.html,0.994742759599516
sample_01160.html,0.13272348917200488
sample_02330.html,0.020231434569289605
sample_01885.html,0.0
sample_04707.html,0.9980572541630347
sample_05504.html,0.01137459819381198
sample_08866.html,0.3170514017572841
sample_05871.html,0.012543815717455713
sample_05442.html,0.08773459028181682
sample_04059.html,0.7581180000185708
sample_05246.html,0.9734331181016884
sample_05706.html,0.02107232815850308
sample_05110.html,0.01649095531312976
sample_02643.html,0.3131000817035582
sample_07042.html,0.9985415023791236
sample_02293.html,0.975
sample_09141.html,0.05246698387420581
sample_05316.html,0.30337316596256064
sample_08032.html,0.13716914164870725
sample_06396.html,0.014680858792788617
sample_07149.html,0.7125938464049656
sample_04775.html,0.03732057357800092
sample_07790.html,0.9809672145308768
sample_05557.html,0.8058355212478691
sample_08012.html,0.7899941548024567
sample_09675.html,0.9216648480958495
sample_09779.html,0.028149485128103103
sample_00817.html,0.019343475414855375
sample_07571.html,0.15459757688703596
sample_07468.html,0.003977236153320529
sample_04674.html,0.018366221306861507
sample_02028.html,0.6625953723775792
sample_09895.html,0.08455565654311385
sample_00745.html,0.05279705790446556
sample_08605.html,0.041277448097769925
sample_06910.html,0.9852553163731692
sample_08626.html,0.014462006256200173
sample_01275.html,0.8248366767491015
sample_04657.html,0.030510951645526068
sample_02778.html,0.2898621024971768
sample_06517.html,0.9294645886147392
sample_03587.html,0.012379680283869893
sample_01876.html,0.9825560331496187
sample_09146.html,0.1751827607875995
sample_01666.html,0.1810804582559668
sample_09985.html,0.8642432841113891
sample_03821.html,0.023069062618677832
sample_01687.html,0.46684095218940347
sample_03545.html,0.08372159619929416
sample_01029.html,0.9902119882968415
sample_03752.html,0.8771049580472922
sample_02151.html,0.025422277040604947
sample_07787.html,0.9932838382615103
sample_04160.html,0.776721125648545
sample_06075.html,0.19848822794996007
sample_06083.html,0.05564291079788147
sample_02668.html,0.003673030764097755
sample_06661.html,0.9954682743376586
sample_07683.html,0.39663982628822114
sample_03481.html,0.04723317133326968
sample_09341.html,0.09123071183001669
sample_07647.html,0.00255512110146596
sample_08989.html,0.9958017293187144
sample_01234.html,0.854878528815625
sample_04979.html,0.9493970060310013
sample_01548.html,0.5122239777122577
sample_08793.html,0.3585036036801759
sample_08022.html,0.012915298121306413
sample_06801.html,0.961850739002108
sample_04737.html,0.009047577003126807
sample_00464.html,0.16890670911257297
sample_02104.html,0.02869602537357152
sample_00983.html,0.07418460804699845
sample_00854.html,0.1437939704460397
sample_09895.html,0.6719860190308302
sample_06770.html,0.10076644896945926
sample_07952.html,0.4389846668101528
sample_03163.html,0.8871595964310849
sample_04747.html,0.034917924670715694
sample_00592.html,0.9997586632995776
sample_07050.html,0.920123711876401
sample_00097.html,0.07942644237189354
sample_00971.html,0.014034598685303106
sample_06137.html,0.9995694325345323
sample_05481.html,0.9938172302172922
sample_06032.html,0.4482803081037594
sample_09861.html,0.08481111403834257
sample_03239.html,0.7830879217681541
sample_07191.html,0.5704761904761905
sample_05314.html,0.9818573676244626
sample_03145.html,0.9936137762645946
sample_05409.html,0.8813936511197459
sample_06924.html,0.29206931464575225
sample_01583.html,0.014318040615500157
sample_05274.html,0.9496319142742071
sample_02546.html,0.04046019396543518
sample_02673.html,0.029952078008571168
sample_04880.html,0.07311334592698657
sample_00753.html,0.9517495152425323
sample_09530.html,0.16421101707504668
sample_04956.html,0.02598434030219109
sample_04726.html,0.15263000763836077
sample_01189.html,0.04138200032167625
sample_07770.html,0.04303547330290204
sample_08930.html,0.5650454334561886
sample_09461.html,0.05481779302499696
sample_03635.html,0.994849487312026
sample_09879.html,0.006
sample_02542.html,0.9116601754764997
sample_07084.html,0.10279131474037811
sample_08970.html,0.8966284534084445
sample_00737.html,0.9907268340775568
sample_05111.html,0.6399565635057223
sample_09113.html,0.8427589641434262
sample_02752.html,0.9943143415044068
sample_02373.html,0.4164417862381587
sample_09190.html,0.00016129032258064516
sample_01326.html,0.9958017293187144
sample_02711.html,0.9917034705561365
sample_04161.html,0.8558344483075402
sample_04342.html,0.9998113887278773
sample_06099.html,0.9699785998880637
sample_00343.html,0.5547062171277075
sample_00164.html,0.9958017293187144
sample_08722.html,0.9921064051584274
sample_05980.html,0.13365478938688335
sample_06835.html,0.014023114889919001
sample_04287.html,0.012224278808782019
sample_00889.html,0.9919233257332958
sample_05496.html,0.44317263981004684
sample_09570.html,0.9916233203784841
sample_08287.html,0.04270955406874882
sample_07740.html,0.0042416546358443755
sample_01810.html,0.9775311813347176
sample_04639.html,0.9962079831653736
sample_04393.html,0.008144717130874885
sample_01841.html,0.02003069240621302
sample_05245.html,0.020963652449145363
sample_01328.html,0.7047291431184501
sample_02071.html,0.09715518825292786
sample_05678.html,0.36546582296582303
sample_04495.html,0.6641546403095404
sample_05074.html,0.9997586632995776
sample_00877.html,0.6976401945687124
sample_00491.html,0.9994278857524634
sample_04306.html,0.06384053577571379
sample_04790.html,0.53875178724574
sample_03416.html,0.9987054329000088
sample_02017.html,0.9267350978828236
sample_08986.html,0.02401713903179076
sample_02758.html,0.8350543478260869
sample_04441.html,0.9425020579265422
sample_08168.html,0.003897756442894559
sample_03199.html,0.17230388266060295
sample_08909.html,0.008789566430408614
sample_01513.html,0.03445424856146817
sample_01392.html,0.9739828366489346
sample_02117.html,0.45545277519682675
sample_01018.html,0.9950135192942965
sample_03621.html,0.22991943684880453
sample_06070.html,0.0314591130490279
sample_07504.html,0.06832464315634469
sample_03214.html,0.09522030192475098
sample_08344.html,0.04582658338992812
sample_02228.html,0.995
sample_03383.html,0.008348220203167446
sample_05496.html,0.8284541337753581
sample_08854.html,0.04024735563182661
sample_04430.html,0.9591666666666667
sample_02057.html,0.9841902871444116
sample_06428.html,0.09907377365795898
sample_08066.html,0.2005257153696477
sample_07481.html,0.04351635646936262
sample_09106.html,0.9987774276201509
sample_05168.html,0.010671747240215666
sample_07553.html,0.030770248231749717
sample_02991.html,0.05892855578506634
sample_09162.html,0.03803077000303983
sample_08844.html,0.00646701503788844
sample_02545.html,0.9997586632995776
sample_04184.html,0.029392635786127434
sample_06119.html,0.032324450735472895
sample_07484.html,0.12704087622213742
sample_04143.html,0.006331114330803903
sample_09542.html,0.06536589067070088
sample_03197.html,0.9989182962892411
sample_09815.html,0.0007441031746881321
sample_05224.html,0.1925498376461329
sample_02076.html,0.9870108309514681
sample_00505.html,0.9092202160664027
sample_08525.html,0.015104202494829255
sample_03221.html,0.9940467371534203
sample_03638.html,0.5752380934759178
sample_03041.html,0.21049369849603258
sample_06842.html,0.11561068764224675
sample_08725.html,0.04440709909391203
sample_07345.html,0.9963030501281088
sample_07045.html,0.89
sample_02189.html,0.9642391860760852
sample_05817.html,0.03880057579597021
sample_01432.html,0.020289154083826654
sample_06644.html,0.9871785714285715
sample_09734.html,0.99701841740804
sample_09560.html,0.9987001943946342
sample_06154.html,0.007311786433446048
sample_09877.html,0.02190444826673084
sample_03430.html,0.6296044183784392
sample_08212.html,0.986967249176268
sample_05674.html,0.9923581306054692
sample_00036.html,0.7213281438521428
sample_04807.html,1.0
sample_08405.html,0.03520526619025755
sample_05224.html,0.9382685575008165
sample_06069.html,0.9995694325345323
sample_08679.html,0.015875245525115406
sample_02952.html,0.016175171156818
sample_02017.html,0.2782309582309582
sample_02378.html,0.09023634660334995
sample_04526.html,0.0
sample_03488.html,0.8922568036549166
sample_03454.html,0.9965865519154039
sample_00327.html,0.8717808372955431
sample_00610.html,0.15449654013202443
sample_01381.html,0.025690689008702687
sample_06091.html,0.07599575958551856
sample_03026.html,0.05384375807286183
sample_07874.html,0.005169549161510836
sample_03524.html,0.0038212427656412386
sample_03802.html,0.008498274981404147
sample_04151.html,0.0007441031746881321
sample_06793.html,0.987459822882645
sample_08366.html,0.019888126645804926
sample_02352.html,0.9975942978590037
sample_09967.html,0.08331775322558838
sample_07018.html,0.6161368905143582
sample_00339.html,0.9241777452517735
sample_01614.html,0.9961545141573758
sample_09929.html,0.11960437760901993
sample_02623.html,0.9753746043349808
sample_07130.html,0.9930321238480319
sample_00480.html,0.022445459182056152
sample_08629.html,0.3207401236693797
sample_08404.html,0.020619782522163958
sample_01721.html,0.031164047856066048
sample_03379.html,0.9905211609666403
sample_07327.html,0.019292983854007868
sample_00802.html,0.17688270430219924
sample_00501.html,0.09390420461898348
sample_01506.html,0.26823746478075483
sample_04538.html,0.9994278857524634
sample_07496.html,0.017907159383327688
sample_07560.html,0.13268497927653336
sample_03788.html,0.4829979468599033
sample_03704.html,0.9998113887278773
sample_00525.html,0.9997586632995776
sample_01110.html,0.9917034705561365
sample_03150.html,0.9986286283364256
sample_01629.html,0.9958017293187144
sample_05792.html,0.0033747494588234218
sample_02271.html,0.020881326542813494
sample_02428.html,0.21585576370213985
sample_02059.html,0.9978487858633838
sample_07014.html,0.9868523427774055
sample_01597.html,0.059755228923764205
sample_06840.html,0.9703552647643177
sample_06244.html,0.024076319976940142
sample_03758.html,0.9997504476125747
sample_09215.html,0.9431794871794872
sample_04371.html,0.1478997751172519
sample_07913.html,0.01810607124552256
sample_09098.html,0.9654833569153699
sample_09023.html,0.28309130990620335
sample_08388.html,0.051203614486205654
sample_06092.html,0.9998113887278773
sample_09378.html,0.016295378443348944
sample_04527.html,0.04823111878321797
sample_04269.html,0.02680358138370122
sample_05358.html,0.06293525632963332
sample_08378.html,0.7331247505047491
sample_02404.html,0.3462950997441564
sample_08196.html,0.9923449722249401
sample_01870.html,0.07748611216122787
sample_06190.html,0.9985419596617696
sample_05007.html,0.42429204155329886
sample_02671.html,0.9905211609666403
sample_06890.html,0.9907268340775568
sample_04099.html,0.36397181228062964
sample_04434.html,0.8889458443689354
sample_08277.html,0.014541907901647378
sample_03021.html,0.301083055967367
sample_01465.html,0.0342682336897861
sample_05876.html,0.17488193102857216
sample_06009.html,0.9997504476125747
sample_09474.html,0.9769876033439986
sample_00729.html,0.0
sample_00328.html,0.9837294598340763
sample_05029.html,0.1797442565461861
sample_07179.html,0.005472929978913215
sample_05639.html,0.9539280735500129
sample_08475.html,0.9976549901908339
sample_06632.html,0.994742759599516
sample_07196.html,0.6120178571428572
sample_01395.html,0.6089163411835179
sample_06119.html,0.5726462992489612
sample_02543.html,0.5757635623862798
sample_01681.html,0.8614231156300992
sample_03073.html,0.7809330915353278
sample_01390.html,0.009588375263056089
sample_04625.html,0.9887168167259932
sample_01006.html,0.9809672978024261
sample_01034.html,0.9942191283292979
sample_02082.html,0.0
sample_04780.html,0.3004935801059679
sample_02238.html,0.7326130568754585
sample_00436.html,0.06492101376158357
sample_07767.html,0.05806251635710192
sample_02273.html,0.009223564077668445
sample_08317.html,0.07201824277669795
sample_06094.html,0.7740625
sample_06083.html,0.9958017293187144
sample_08228.html,0.9932301724118685
sample_05067.html,0.9994278857524634
sample_02869.html,0.023157280131141048
sample_00659.html,0.04510943859895423
sample_03761.html,0.9954517588179417
sample_03946.html,0.9999333333333333
sample_02993.html,1.0
sample_03463.html,0.9346108086850454
sample_08207.html,0.9987781576451518
sample_09099.html,0.9720026474087533
sample_02754.html,0.9954517588179417
sample_07626.html,0.9841902871444116
sample_02699.html,0.034297436732441476
sample_00090.html,0.021194718020983636
sample_08120.html,0.9035227272727272
sample_09335.html,0.9995694325345323
sample_02179.html,0.055030813164184254
sample_04209.html,0.9757841045978611
sample_02175.html,0.019236109733939574
sample_00872.html,0.4427659367489198
sample_03299.html,0.07933183445692711
sample_07086.html,0.09452648364650677
sample_00799.html,0.6951060606060605
sample_02902.html,0.06444928086999276
sample_09790.html,0.5310637675256115
sample_04934.html,0.9787848168469543
sample_08665.html,0.05695668088021402
sample_09570.html,0.4120372232713946
sample_06142.html,0.28692307692307695
sample_01865.html,0.48019376212023274
sample_05307.html,0.8356561530115519
sample_04202.html,0.9985419596617696
sample_08390.html,0.2051043871312221
sample_03871.html,0.9995884773662551
sample_05354.html,0.020748731949855798
sample_09761.html,0.013767748336813691
sample_02240.html,0.44462530163690717
sample_05782.html,0.224549571314326
sample_01197.html,0.03490327097684582
sample_01194.html,0.1896258983195743
sample_02955.html,0.9980128666886314
sample_03699.html,0.019796147289343792
sample_06358.html,0.7771268861389514
sample_03373.html,0.07031454248366013
sample_08614.html,0.025429731304384418
sample_07925.html,0.42158385685250105
sample_07961.html,0.2519932584707397
sample_08185.html,0.12811136305030232
sample_02906.html,0.9997586632995776
sample_08387.html,0.023193240654044947
sample_03950.html,0.012747028890537183
sample_06987.html,0.3080231098540373
sample_05550.html,0.043805980192034466
sample_01633.html,0.995
sample_06140.html,0.14797578426488822
sample_06114.html,0.9997504476125747
sample_02324.html,0.9181474711364891
sample_00339.html,0.016184780956734743
sample_09965.html,0.49375799260939557
sample_01165.html,0.9369383840748743
sample_06902.html,0.9852553163731692
sample_03714.html,0.5804513184584178
sample_00099.html,0.04295653419816758
sample_05584.html,0.008356618390889713
sample_07038.html,0.9822775304415167
sample_07435.html,0.0
sample_03136.html,0.9323968263419661
sample_02185.html,0.9967130918152195
sample_00550.html,0.047811854065164895
sample_04899.html,0.003942380285562171
sample_08052.html,0.8537818040887647
sample_03690.html,0.9963858309514682
sample_08613.html,0.9997097972060704
sample_08170.html,0.008306358084322311
sample_06684.html,0.9997504476125747
sample_00064.html,0.5764166666666667
sample_09082.html,0.9995694325345323
sample_08268.html,0.01729175611790568
sample_00549.html,0.025890200218482665
sample_06870.html,0.9992867121023769
sample_09847.html,0.00016129032258064516
sample_05345.html,0.319097346501999
sample_02091.html,0.00234522023023613
sample_06819.html,0.09217145197674674
sample_01770.html,0.9494634667236196
sample_01810.html,0.015898930213843008
sample_05826.html,0.7724059488875297
sample_00895.html,0.9985324811303649
sample_00554.html,0.4520979820660392
sample_02639.html,1.0
sample_06740.html,0.9424317139720101
sample_00150.html,0.9622122546722788
sample_02300.html,0.010747971571234177
sample_06386.html,0.1919316106811982
sample_04137.html,0.015151218104529442
sample_08018.html,0.9409051041667058
sample_08522.html,0.9917034705561365
sample_05534.html,0.009460742369168482
sample_02656.html,0.9970619877305252
sample_06038.html,0.1414139636937128
sample_03637.html,0.05829991955207272
sample_07620.html,0.99
sample_05698.html,0.9984150377113182
sample_07020.html,0.7324820459236
sample_07634.html,0.9849836485073152
sample_01430.html,0.9566854272865635
sample_04090.html,0.019355642872410896
sample_02173.html,0.055113887994036465
sample_05620.html,0.9982696182553209
sample_04754.html,0.21029039673522967
sample_06130.html,0.9992867121023769
sample_02713.html,0.26426525198938994
sample_05930.html,0.9979412437728346
sample_04450.html,0.018139767002504595
sample_04959.html,0.44003568950525657
sample_05051.html,0.02781511881409484
sample_08829.html,0.035534526144674304
sample_07722.html,0.6224723816113913
sample_09732.html,0.994742759599516
sample_09996.html,0.003856140576349535
sample_04031.html,0.978237812747
sample_09289.html,0.9806167309287481
sample_03678.html,0.0261339737907492
sample_09956.html,0.04004805839461658
sample_07010.html,0.035446433071417045
sample_04549.html,0.011022879132870495
sample_02525.html,0.9618999135649093
sample_06258.html,0.2812758813060243
sample_09766.html,0.6245345794419539
sample_06901.html,0.0
sample_08124.html,0.9940685712228676
sample_00961.html,0.2895276117618934
sample_04582.html,0.9861110656427186
sample_06312.html,0.021934377084431203
sample_09445.html,0.9972536658804059
sample_01589.html,0.9985419596617696
sample_00745.html,0.8958681024331421
sample_01349.html,0.9646785714285714
sample_08099.html,0.0140959718890095
sample_02480.html,0.8882916687895629
sample_02942.html,0.8090026503281106
sample_00351.html,0.9936735976925475
sample_03515.html,0.018384802914458688
sample_07477.html,0.02318805056824575
sample_02333.html,0.6010538250591708
sample_01152.html,0.000375
sample_04992.html,0.08739531114836935
sample_00381.html,0.9980492575496999
sample_00602.html,0.08699592921439432
sample_01240.html,0.9999743589743589
sample_00819.html,0.9917034705561365
sample_01574.html,0.021578598556156355
sample_06094.html,0.013634757495334809
sample_01473.html,0.014853818713461015
sample_08008.html,0.04206464988436562
sample_06476.html,0.9940888119563391
sample_04960.html,1.0
sample_06849.html,0.9960873896553565
sample_00485.html,0.9994015838038787
sample_05847.html,0.9051785714285714
sample_01323.html,0.3106053119635383
sample_09117.html,0.9907268340775568
sample_01093.html,0.014589794292942423
sample_09432.html,0.9959258071968863
sample_02999.html,0.014410273221966674
sample_04825.html,0.9700348168469543
sample_02700.html,0.0357818489237908
sample_04767.html,0.012393908875138053
sample_07200.html,0.0023597948965730516
sample_08485.html,0.028703635356465532
sample_01606.html,0.84936662042984
sample_01010.html,0.9958017293187144
sample_05755.html,0.9997586632995776
sample_05897.html,0.01966967648795914
sample_00813.html,0.0080640673836181
sample_05811.html,0.05067259630855261
sample_09968.html,0.9975944606320519
sample_06478.html,0.998200986497452
sample_03749.html,0.9907268340775568
sample_04285.html,0.9954916950429177
sample_05128.html,0.6822963888063088
sample_06313.html,0.4877572553698283
sample_04677.html,0.02601575558469958
sample_05718.html,0.04487612030376861
sample_07291.html,0.8175125624042451
sample_03628.html,0.27648885713243304
sample_01196.html,0.9938809543721091
sample_05677.html,0.195103969944761
sample_02299.html,0.007836240949654448
sample_04068.html,0.9723174378526578
sample_05486.html,0.008576186788178695
sample_04210.html,0.39741013848855544
sample_02880.html,0.009809519282797736
sample_08640.html,0.014488325192177997
sample_06978.html,0.6950599395313681
sample_03977.html,0.0
sample_02328.html,0.019236109733939574
sample_06990.html,0.20119959020338896
sample_09892.html,0.9911456562955675
sample_04586.html,0.9656376765108656
sample_01478.html,0.8150112270809562
sample_02156.html,0.21672308560250442
sample_06551.html,0.004288077732654766
sample_02901.html,0.4350644886159592
sample_04984.html,0.9900874940471757
sample_08442.html,0.9997586632995776
sample_07338.html,0.09172954293872972
sample_03108.html,0.004510217248200885
sample_04079.html,0.9997504476125747
sample_07404.html,0.9997586632995776
sample_04881.html,0.99701841740804
sample_05788.html,0.994742759599516
sample_08758.html,0.2794864338251683
sample_08594.html,0.9841902871444116
sample_06930.html,0.7292746586396968
sample_02255.html,0.029021210953045953
sample_04488.html,0.09091337937516729
sample_03685.html,0.9045706107604444
sample_00385.html,0.9992867121023769
sample_09057.html,0.999619640219519
sample_04685.html,0.8267696146328882
sample_04813.html,0.007785361465285159
sample_01946.html,0.9926689989992975
sample_00199.html,0.9997586632995776
sample_03672.html,0.31612035942990374
sample_00952.html,0.07591631281529261
sample_09142.html,0.9975942978590037
sample_02824.html,0.9795959142229997
sample_03368.html,0.9997586632995776
sample_03492.html,0.014118978052220866
sample_03191.html,0.999619640219519
sample_06474.html,0.05441814436311897
sample_09286.html,1.0
sample_07585.html,0.06149768599976916
sample_03920.html,0.990090105586996
sample_02568.html,0.9997981981981983
sample_02246.html,0.5141276385074149
sample_00731.html,0.024060260610616523
sample_01475.html,0.0037398748661923355
sample_09900.html,0.018823049930192005
sample_03967.html,0.02256469225054322
sample_06697.html,0.08135885373503392
sample_03678.html,0.7692390269151139
sample_01627.html,0.4058544571450514
sample_07525.html,0.9995694325345323
sample_09532.html,0.99518400940535
sample_05857.html,0.9841902871444116
sample_03137.html,0.8127824374468043
sample_00628.html,0.09638624320895588
sample_06195.html,0.9906963853946748
sample_00762.html,0.9889642189573834
sample_06458.html,0.0770409704695565
sample_00788.html,0.9951419305214648
sample_03912.html,0.9989182962892411
sample_09771.html,0.4394153915084459
sample_03681.html,0.07647068502203833
sample_03543.html,0.9989139290530608
sample_05891.html,0.9715971742798655
sample_05567.html,0.04417822345650558
sample_05945.html,0.00016129032258064516
sample_02683.html,0.6752419324897388
sample_07667.html,0.04640857110980906
sample_05436.html,0.9837294598340763
sample_02006.html,0.06839072039072039
sample_08869.html,0.8768018658307152
sample_08810.html,0.7621087148609043
sample_00311.html,0.0052
sample_07754.html,0.563236751350196
sample_08828.html,0.6325389860639861
sample_01150.html,0.9995694325345323
sample_02349.html,0.2158890129634985
sample_06337.html,0.8097337237333665
sample_06149.html,0.9994015838038787
sample_01122.html,0.9510222138646914
sample_05258.html,0.9997586632995776
sample_05361.html,0.8608126772272356
sample_07916.html,0.019381528805914462
sample_04006.html,0.06263750123404523
sample_03252.html,0.3269167232057945
sample_00284.html,0.9868523427774055
sample_03653.html,0.9882478989869021
sample_06385.html,0.4585517002167803
sample_09087.html,0.7136053219685325
sample_06588.html,0.39170606096689686
sample_00020.html,0.9385948514288323
sample_01754.html,0.028292027055718233
sample_00330.html,0.03212666227903696
sample_07444.html,0.9897003175786516
sample_07306.html,0.9984301724118684
sample_09792.html,0.24002023001398043
sample_07506.html,0.9987781576451518
sample_01179.html,0.9997586632995776
sample_01098.html,0.4853237410071942
sample_09483.html,0.8489040415972685
sample_08192.html,0.9688097895100525
sample_09115.html,1.0
sample_02216.html,0.9837294598340763
sample_03068.html,0.9961545141573758
sample_05213.html,0.6301262292960661
sample_07860.html,0.9425632567456842
sample_04780.html,0.9987677855995524
sample_02304.html,0.9995694325345323
sample_09363.html,0.03088862840233778
sample_02517.html,0.06161963369617071
sample_03318.html,0.0
sample_01963.html,0.9937551163186074
sample_09435.html,0.9789597538971638
sample_09844.html,0.9266068306655137
sample_03705.html,0.6020315865976624
sample_06898.html,0.9794461655850051
sample_09251.html,0.9986286283364256
sample_05913.html,0.036221775442810175
sample_06610.html,0.994742759599516
sample_06802.html,1.0
sample_09569.html,0.9997504476125747
sample_08991.html,0.01598660949155455
sample_04179.html,0.9926846970874093
sample_03683.html,0.9906963853946748
sample_05202.html,0.9841902871444116
sample_01197.html,0.9997586632995776
sample_04917.html,0.0888419211136205
sample_03645.html,0.032812716605385074
sample_00415.html,0.989986470103344
sample_01396.html,0.99701841740804
sample_01466.html,0.9997586632995776
sample_05077.html,0.6788472780197181
sample_02736.html,0.7544790659452006
sample_02397.html,0.14055041975362703
sample_02113.html,0.2558157076040439
sample_01234.html,0.0038212427656412386
sample_03895.html,0.0
sample_08275.html,0.026411816182074742
sample_09807.html,0.01864594056110792
sample_07126.html,0.9997504476125747
sample_05955.html,0.5364019607843137
sample_09061.html,0.9902632266960012
sample_04208.html,0.004078958558108269
sample_06621.html,0.9862968403504361
sample_00992.html,0.6018577720943451
sample_06695.html,0.9917034705561365
sample_01303.html,0.29456291581916316
sample_00016.html,0.004220125843298604
sample_07134.html,0.9952777259382986
sample_05757.html,0.014484802956309132
sample_01697.html,0.7137565215823316
sample_01311.html,0.20632725470875282
sample_05174.html,0.6851401309548797
sample_04232.html,0.035763620078074834
sample_03894.html,0.0059895769834748735
sample_03782.html,0.0779796491473246
sample_00034.html,0.02273933358449837
sample_08887.html,0.9941851079785454
sample_00641.html,0.0972878891645066
sample_00989.html,0.9943143415044068
sample_05445.html,0.009612833249496982
sample_07961.html,0.9602718859410213
sample_03942.html,0.012715062789516875
sample_07816.html,0.03196258415028579
sample_09485.html,0.9446059441596043
sample_06945.html,0.9962414274376836
sample_03306.html,0.015446309861548331
sample_02340.html,0.4011702384789569
sample_06233.html,0.99701841740804
sample_08219.html,0.08300579877479423
sample_07603.html,0.2796375919775992
sample_02128.html,0.013450576844713229
sample_07799.html,0.3753822300684421
sample_01094.html,0.9985419596617696
sample_06671.html,0.9972517334718206
sample_03982.html,0.1322120397281151
sample_06689.html,0.9723174378526578
sample_06619.html,0.9986286283364256
sample_09254.html,0.9997319327731092
sample_03950.html,0.9729703492721644
sample_02739.html,0.9997586632995776
sample_07480.html,0.9995694325345323
sample_03432.html,0.007879272562169196
sample_08805.html,0.005685675558670461
sample_06227.html,0.9985419596617696
sample_00724.html,0.03286959051973439
sample_03696.html,0.015423395928793887
sample_01062.html,0.9984150377113182
sample_04390.html,0.9989182962892411
sample_05737.html,0.9375081617575929
sample_09392.html,0.0
sample_04330.html,0.9491819914462589
sample_00935.html,0.04601723365975788
sample_08926.html,0.9809619071429839
sample_01115.html,0.13204884489839677
sample_04453.html,0.9949384231835804
sample_01681.html,0.017148412172444328
sample_04045.html,0.7971624751830197
sample_03456.html,0.9516148657111064
sample_05205.html,0.02061229803461678
sample_05669.html,0.9917034705561365
sample_09769.html,0.9930931428527409
sample_04490.html,0.8738085973569834
sample_00789.html,0.08584932675084317
sample_00925.html,0.21076923076923076
sample_04054.html,0.11678875352461131
sample_03057.html,0.03590678547571244
sample_06592.html,0.9779118445980195
sample_09154.html,0.019082316912266258
sample_06044.html,0.95239127335064
sample_07138.html,0.02137864974148546
sample_02423.html,0.18027325541117079
sample_06687.html,0.9591448599066825
sample_09250.html,0.9812110696155432
sample_04824.html,0.9496717295587628
sample_08656.html,0.9796619658636969
sample_05564.html,0.9964924981506458
sample_07978.html,0.40520718381463294
sample_03991.html,0.0148224599883633
sample_09506.html,0.42555295013628347
sample_00095.html,0.047115150295126494
sample_07530.html,0.0007441031746881321
sample_00760.html,0.5998559998224727
sample_01771.html,0.0055743712344359184
sample_05283.html,0.9986024586440739
sample_03472.html,0.22064168924099106
sample_05459.html,0.8017915415468052
sample_02696.html,0.9642754829032693
sample_03785.html,0.18867221799099085
sample_02165.html,0.11445262817288283
sample_03992.html,0.9482188823252945
sample_06423.html,0.960348266721339
sample_00824.html,0.10764290758253177
sample_03070.html,0.9985419596617696
sample_02421.html,0.08151943504161828
sample_07048.html,0.012200924117085976
sample_02999.html,0.9875077050277747
sample_03779.html,0.09397439146016304
sample_02285.html,0.9833727679759836
sample_00977.html,0.9985324811303649
sample_00908.html,0.8672854674714311
sample_06955.html,0.02449515620079122
sample_07137.html,0.03193756844229739
sample_08971.html,0.9846907234552192
sample_05419.html,0.2463111225171887
sample_01427.html,0.9879593496644087
sample_04409.html,0.01714289815397774
sample_03292.html,0.007304489633221466
sample_05410.html,0.972948717948718
sample_06471.html,0.1927069054700634
sample_05271.html,0.5138047760009283
sample_04437.html,0.9972536658804059
sample_07277.html,0.02694680867505107
sample_00025.html,0.023589412628762064
sample_02429.html,0.0887685813700398
sample_03003.html,0.9997097972060704
sample_07445.html,0.014712003442243451
sample_08950.html,0.0034965634245860324
sample_05684.html,0.9720312128543931
sample_09501.html,0.6872789103441677
sample_07528.html,0.9997586632995776
sample_06292.html,0.9955512106585712
sample_03140.html,0.06839343515418227
sample_08376.html,0.9964806459037383
sample_06646.html,0.9273090494719766
sample_02177.html,0.14275908677351115
sample_01958.html,0.9498367207209597
sample_08803.html,0.0038212427656412386
sample_06778.html,0.11761840955259048
sample_07862.html,0.9997586632995776
sample_08429.html,0.04983992566983451
sample_08605.html,0.9985324811303649
sample_06909.html,0.9987677855995524
sample_04351.html,0.592673611111111
sample_03988.html,0.9884040919326719
sample_09919.html,0.011869326527411765
sample_05804.html,0.9985527819752824
sample_01753.html,0.017311425510257033
sample_06533.html,0.2708083095029786
sample_00751.html,0.6298020228670382
sample_01507.html,0.9907268340775568
sample_03617.html,0.5805369735762431
sample_09376.html,0.9972517334718206
sample_08297.html,0.0802687090386428
sample_03241.html,0.10240054435402708
sample_00679.html,0.012516901951961444
sample_02217.html,0.1901790337437366
sample_08606.html,0.020576863065254667
sample_06421.html,0.07658145203816746
sample_00064.html,0.0028998762043171843
sample_09243.html,0.9789828366489346
sample_08871.html,0.40776529700883146
sample_00211.html,0.016901632190605444
sample_06927.html,0.37869181929181933
sample_08950.html,0.9926689989992975
sample_08422.html,0.3998813594410759
sample_07846.html,0.12046143086040977
sample_00706.html,0.08218307419146528
sample_09818.html,0.99701841740804
sample_01291.html,0.9198170160722385
sample_01771.html,0.6043647146925287
sample_05393.html,0.04502128415614443
sample_03560.html,0.9989139290530608
sample_04793.html,0.03392888768844094
sample_07296.html,0.9923076439091894
sample_05454.html,0.05713650838555891
sample_09355.html,0.9771368043339704
sample_08683.html,0.036443062916845154
sample_04990.html,0.059880471280273115
sample_05273.html,0.9996506170236973
sample_08688.html,0.9548367207209597
sample_06726.html,0.029468496763273917
sample_07755.html,0.9048484331997642
sample_04864.html,0.9933229331828004
sample_01111.html,0.012396428650870046
sample_07245.html,0.9997586632995776
sample_01100.html,0.9936958239404438
sample_00029.html,0.9693357247381009
sample_09179.html,0.9791779503453256
sample_09617.html,0.9962414274376836
sample_04191.html,0.9947053533634795
sample_03673.html,0.9986286283364256
sample_00585.html,0.9958017293187144
sample_03299.html,0.9853941783806058
sample_01689.html,0.8337103463243849
sample_00660.html,0.9980492575496999
sample_02188.html,0.10874353599967872
sample_06728.html,0.327
sample_00426.html,0.9902119882968415
sample_04506.html,0.9982505192239235
sample_00881.html,0.9924542844516231
sample_06054.html,0.009952072599683165
sample_03790.html,0.9581263049037264
sample_05785.html,0.9789597538971638
sample_08524.html,0.6440162274593348
sample_08301.html,0.08649353775531753
sample_05601.html,0.03175079308386946
sample_06558.html,0.9954916950429177
sample_03451.html,0.9997504476125747
sample_09708.html,0.7662361151189147
sample_06465.html,0.9964806459037383
sample_04588.html,0.04912260099722664
sample_03509.html,0.2523771065215654
sample_07415.html,0.22726117005505103
sample_09857.html,0.94345286587636
sample_08659.html,0.8753116387120542
sample_06841.html,0.030767498417409587
sample_01829.html,0.0032851390188112766
sample_05582.html,0.031324320138056035
sample_01602.html,0.7374531435807177
sample_00558.html,0.12206255781460591
sample_07969.html,0.0047926882282731415
sample_05865.html,0.9984150377113182
sample_09500.html,0.047212486630415516
sample_08687.html,0.026281953970772855
sample_04249.html,0.7701842749529191
sample_08853.html,0.733819918750501
sample_05623.html,0.02301083703486695
sample_02980.html,0.9843366388366397
sample_00003.html,0.9887168167259932
sample_04889.html,0.9999333333333333
sample_06139.html,0.009728007902476217
sample_02484.html,0.999619640219519
sample_09887.html,0.3903993709822111
sample_02992.html,0.09122911970375658
sample_05481.html,0.014818746628182134
sample_04732.html,0.9979764824939508
sample_08812.html,0.7663342528465543
sample_04764.html,0.9666419399697294
sample_05239.html,0.5512962962962963
sample_07257.html,0.015847950449845015
sample_05864.html,0.06602406353722143
sample_04897.html,0.005257317217664216
sample_04606.html,0.40034482758620693
sample_06225.html,0.006662819878258327
sample_01982.html,0.9916830786335962
sample_00666.html,0.9985858193108923
sample_00588.html,0.9972517334718206
sample_00301.html,0.020330812494987267
sample_01884.html,0.9667613091891429
sample_07893.html,0.016933853920343217
sample_07325.html,0.9959978820794904
sample_00349.html,0.003452871195658733
sample_01289.html,0.9997586632995776
sample_01415.html,0.9930492575496999
sample_02785.html,0.71
sample_07280.html,0.01988445750081103
sample_04513.html,0.996157391802951
sample_01496.html,0.9902632266960012
sample_09627.html,0.9980492575496999
sample_05103.html,0.4246751920865682
sample_07741.html,0.010441481369940444
sample_03369.html,0.9990202273951004
sample_08461.html,0.25321428571428567
sample_09017.html,0.014103820684781934
sample_06775.html,0.9994418468731735
sample_02101.html,0.0
sample_03101.html,0.8054934935995416
sample_05635.html,0.9837294598340763
sample_09905.html,0.9664641837799884
sample_08334.html,0.007092408124412596
sample_01851.html,0.9872775304415167
sample_03744.html,0.003051122491774014
sample_02696.html,0.04374515866302904
sample_04165.html,0.8076761158976141
sample_01060.html,0.9594511597507008
sample_01893.html,0.9884375582145346
sample_05188.html,0.9985324811303649
sample_00934.html,0.9867326328236818
sample_07808.html,0.9900119783450388
sample_08247.html,0.009674537267886816
sample_08217.html,0.9723789129299975
sample_04716.html,0.4060616988665168
sample_06101.html,0.024795944254181083
sample_03809.html,0.2930636822250063
sample_04039.html,0.03157572048270132
sample_01948.html,0.9971817547393336
sample_05807.html,0.9985419596617696
sample_08490.html,1.0
sample_07482.html,0.8419117300976938
sample_06492.html,0.01923892329899949
sample_02281.html,0.34192008272792024
sample_09615.html,0.4571803408027025
sample_04019.html,0.8400454545454545
sample_00535.html,0.01612613255074034
sample_04944.html,0.9449186991869919
sample_07470.html,0.9693357247381009
sample_06552.html,0.9294569866520039
sample_03490.html,0.04206954067848078
sample_05973.html,0.9954517588179417
sample_00838.html,0.0
sample_09883.html,0.2881619875222816
sample_09901.html,0.03204499881433096
sample_01034.html,0.004572287912087177
sample_00290.html,0.9024870283813158
sample_01018.html,0.008749006275971359
sample_05340.html,0.07712764592271257
sample_03650.html,0.9997504476125747
sample_07880.html,0.6050841957732981
sample_07948.html,0.3590730311197884
sample_06252.html,0.016112459949743387
sample_02122.html,0.030782062289286354
sample_05415.html,0.014705606125118433
sample_07730.html,0.9850065830464316
sample_01218.html,0.9302579056924603
sample_02528.html,0.005018297670582217
sample_05933.html,0.054179599922549365
sample_00945.html,0.9997586632995776
sample_06327.html,0.32729931221700675
sample_05615.html,0.9861516839202228
sample_09230.html,0.9639640995833599
sample_04297.html,0.014433970771415661
sample_09061.html,0.0
sample_00432.html,0.9764055102197225
sample_09357.html,0.9616468078512982
sample_04542.html,0.14116553418412311
sample_08501.html,0.0623248486302769
sample_08291.html,0.018807005265848175
sample_03048.html,0.9963080877911628
sample_09864.html,0.030454883896701396
sample_02635.html,0.012960308979035022
sample_06227.html,0.057447862060706296
sample_02162.html,0.9924728163397287
sample_05970.html,0.08026544872485371
sample_03794.html,0.9339076940320179
sample_00047.html,0.5705282132038028
sample_09722.html,0.5537275998658993
sample_00430.html,0.9884040919326719
sample_02692.html,0.981992776241143
sample_06931.html,0.1282738095238095
sample_06255.html,0.9982502949200063
sample_08680.html,0.025090867927167033
sample_03259.html,0.2113437906131199
sample_07344.html,0.9997319327731092
sample_04080.html,0.9876494488593938
sample_09201.html,0.9947106862497868
sample_04415.html,0.8739473757425849
sample_09822.html,0.9801810995681737
sample_09804.html,0.9727537537537537
sample_02579.html,0.9990202273951004
sample_08032.html,0.9992401038320062
sample_07423.html,0.2805865034877193
sample_08561.html,0.01844386108699597
sample_03944.html,0.9219875738873268
sample_02515.html,0.7972138101595463
sample_01214.html,0.07289639426778248
sample_06807.html,0.9825980356103057
sample_00438.html,0.027246068341961843
sample_07883.html,0.9986286283364256
sample_04316.html,0.00981601344392042
sample_01819.html,0.04913469693732013
sample_04215.html,0.49908371040723976
sample_08178.html,0.04019273861843054
sample_04471.html,0.21550112496870227
sample_06468.html,0.02151471411192845
sample_06029.html,0.013626570416469171
sample_09049.html,0.7620655044201555
sample_06975.html,0.3684959542998773
sample_00276.html,0.3553719817595794
sample_08249.html,0.014234298050654837
sample_00616.html,0.9171281771919338
sample_07546.html,0.02469943315918663
sample_09561.html,0.008738496458611663
sample_04906.html,0.9861110656427186
sample_02979.html,0.025145125067629105
sample_04113.html,0.9997586632995776
sample_01520.html,0.9997097972060704
sample_00230.html,0.02414167413309718
sample_06792.html,0.9994840052585452
sample_08998.html,0.023856580853263545
sample_08700.html,0.9995694325345323
sample_03618.html,0.8492016476072353
sample_01115.html,0.033882033423050684
sample_08832.html,0.9984150377113182
sample_09408.html,0.05258140613436253
sample_00955.html,0.6766632890242221
sample_01929.html,0.9036666666666666
sample_07985.html,0.29954630541022476
sample_06230.html,0.6904025800050904
sample_00622.html,0.9945500228878379
sample_08947.html,0.8332783192733676
sample_00659.html,0.8536010992236239
sample_03777.html,0.06406171970375386
sample_00721.html,0.9993046169710048
sample_00720.html,0.3875806878306879
sample_05470.html,0.10002239639047446
sample_09075.html,0.01489565812761574
sample_02399.html,0.024281264003969297
sample_09584.html,0.07429950480568089
sample_04349.html,0.0027965619078063482
sample_09250.html,0.0
sample_07543.html,0.996688419144111
sample_01322.html,0.9962692312823711
sample_00394.html,0.772934253809298
sample_06312.html,0.9681218173687075
sample_07774.html,0.011578973578249782
sample_03153.html,0.9884040919326719
sample_02274.html,0.994742759599516
sample_05595.html,0.9986286283364256
sample_05116.html,0.06843317787824002
sample_06506.html,0.31183186274758756
sample_04559.html,0.9993902918968641
sample_03574.html,0.06598245262191642
sample_01758.html,0.013759309863412957
sample_08899.html,0.9997504476125747
sample_01942.html,0.019236109733939574
sample_05551.html,0.13494385986655816
sample_09056.html,0.02100176943336184
sample_05948.html,0.011247454038229162
sample_03648.html,0.017692555036504562
sample_01392.html,0.10372942664894699
sample_04964.html,0.24849656464305345
sample_05650.html,0.07935921266043526
sample_04626.html,0.8180624840105152
sample_08180.html,0.0007441031746881321
sample_02314.html,0.002794876493745929
sample_07037.html,0.014226969295261177
sample_02694.html,0.9998113887278773
sample_05889.html,0.5301851851851852
sample_08726.html,0.0633689470081933
sample_05952.html,0.9984150377113182
sample_01829.html,0.14051164549224554
sample_00795.html,0.47122620909137375
sample_08784.html,0.8824161566581781
sample_00169.html,0.1373709428313573
sample_09231.html,0.9789597538971638
sample_07297.html,0.999279656168874
sample_06675.html,0.025008610473002693
sample_05528.html,0.7873082226396023
sample_04332.html,1.0
sample_09923.html,0.8894571428571427
sample_01055.html,0.057604208431991426
sample_07053.html,0.0
sample_09399.html,0.19978434738369763
sample_09975.html,0.6055292814062586
sample_05727.html,0.017253799281116575
sample_03105.html,0.9388842648329863
sample_02092.html,0.9418649394827409
sample_09078.html,0.1708400455983292
sample_06583.html,0.9813260773876512
sample_09262.html,0.01522266005345283
sample_04350.html,0.8311307064919159
sample_07531.html,0.03692813594902286
sample_01693.html,0.007959392239224978
sample_09594.html,0.037177879398341405
sample_09285.html,0.9972517334718206
sample_01047.html,0.9622122546722788
sample_01604.html,0.005713335343305517
sample_09030.html,0.7050559427138746
sample_09951.html,0.6017410133801337
sample_06554.html,0.989986470103344
sample_04254.html,0.01976610538079362
sample_04293.html,0.153310704303277
sample_06690.html,0.799965183949119
sample_03561.html,0.9930628173771734
sample_05081.html,0.9448592893003468
sample_01274.html,0.9954916950429177
sample_00413.html,0.9845531119390306
sample_04987.html,0.9917721294058758
sample_04362.html,0.9888498593111587
sample_03998.html,0.0901681601347855
sample_04408.html,0.9858121847855476
sample_06960.html,0.9980128666886314
sample_08880.html,0.9470676493514252
sample_04073.html,0.9995694325345323
sample_05663.html,0.9202593684610996
sample_06715.html,0.07400910644171141
sample_04602.html,0.84
sample_06663.html,0.974516317016317
sample_01137.html,0.04993701893017999
sample_03069.html,0.08036823024849701
sample_02995.html,0.02290931416737488
sample_05968.html,0.023204453649408867
sample_02020.html,0.9856205882642604
sample_04142.html,0.97700311942959
sample_07028.html,0.7250290698086811
sample_01626.html,0.5432112272115697
sample_02563.html,0.5155486306634022
sample_07097.html,0.14590415097009057
sample_00754.html,0.8490477796681921
sample_09656.html,0.09236486148999816
sample_05177.html,0.9994278857524634
sample_03363.html,0.6537076066860489
sample_07960.html,0.9907268340775568
sample_01990.html,0.008463151049127617
sample_02722.html,0.01669877686786312
sample_07684.html,0.9878410236591467
sample_04709.html,0.505
sample_00789.html,0.824196276345804
sample_06111.html,0.9916233203784841
sample_07815.html,0.3367547569658758
sample_00874.html,0.9930628173771734
sample_08115.html,0.975
sample_04603.html,0.9596925104254146
sample_05947.html,0.8842119307897743
sample_09824.html,0.4164417862381587
sample_03623.html,0.7585132460132459
sample_02148.html,0.9994278857524634
sample_02452.html,0.09987045198781591
sample_02063.html,0.014731630841204072
sample_02124.html,0.0030085056075865803
sample_03807.html,0.2524868057336962
sample_05685.html,0.9985419596617696
sample_00200.html,0.02503427075488343
sample_07868.html,0.9853941783806058
sample_05610.html,0.8130132039486136
sample_07948.html,0.22041026538820657
sample_09079.html,0.011547926591789546
sample_01537.html,0.016294842548836744
sample_04377.html,0.22813190283852083
sample_08109.html,0.9994418468731735
sample_05998.html,0.9997586632995776
sample_02731.html,0.07935448653435893
sample_04951.html,0.011363009000677665
sample_02345.html,0.0047926882282731415
sample_03360.html,0.1116569773030633
sample_04908.html,0.9958017293187144
sample_01191.html,0.01385580521807592
sample_04436.html,0.49479193189447124
sample_03010.html,0.19113059701814947
sample_03564.html,0.029532129698497212
sample_09672.html,0.17301663680486104
sample_09633.html,0.4153702365762853
sample_09543.html,0.010256982467404939
sample_06401.html,0.9997586632995776
sample_03043.html,0.9989182962892411
sample_02838.html,0.08899635002838867
sample_07549.html,0.011193602144904112
sample_08013.html,0.4193533995341799
sample_05942.html,0.7357387493964764
sample_00630.html,0.9581484544695071
sample_03864.html,0.97700311942959
