file_name,struct_pos,struct_typeface,path_a-hlink,path_a-accent3,struct_script,struct_ang,path_/a-effectLst,path_a-alpha,path_/a-accent6,struct_name,TARGET
sample_09858.docx,10,66,0.0,0.0,60,0.0,0.0,0.0,0.0,0.0,0
sample_11262.docx,0,0,0.0,0.0,0,0.0,0.0,0.0,0.0,0.0,1
sample_00741.docx,10,66,0.0,0.0,60,0.0,0.0,0.0,0.0,0.0,0
sample_19057.docx,10,66,0.0,0.0,60,0.0,0.0,0.0,0.0,0.0,0
sample_14936.docx,10,66,0.0,0.0,60,0.0,0.0,0.0,0.0,0.0,0
sample_06846.docx,0,0,0.0,0.0,0,0.0,0.0,0.0,0.0,0.0,1
sample_17322.docx,10,66,0.0,0.0,60,0.0,0.0,0.0,0.0,0.0,0
sample_09710.docx,10,66,0.0,0.0,60,0.0,0.0,0.0,0.0,0.0,0
sample_13056.docx,9,100,1.0,1.0,94,3.0,1.0,1.0,1.0,5.0,1
sample_16515.docx,10,66,0.0,0.0,60,0.0,0.0,0.0,0.0,0.0,0
sample_12875.docx,9,100,1.0,1.0,94,3.0,1.0,1.0,1.0,5.0,1
sample_13128.docx,10,66,0.0,0.0,60,0.0,0.0,0.0,0.0,0.0,0
sample_06313.docx,0,0,0.0,0.0,0,0.0,0.0,0.0,0.0,0.0,1
sample_02311.docx,10,66,0.0,0.0,60,0.0,0.0,0.0,0.0,0.0,0
sample_01576.docx,9,100,1.0,1.0,94,3.0,1.0,1.0,1.0,5.0,1
sample_02102.docx,0,0,0.0,0.0,0,0.0,0.0,0.0,0.0,0.0,1
sample_08915.docx,0,0,0.0,0.0,0,0.0,0.0,0.0,0.0,0.0,1
sample_07511.docx,10,66,0.0,0.0,60,0.0,0.0,0.0,0.0,0.0,0
sample_19806.docx,10,66,0.0,0.0,60,0.0,0.0,0.0,0.0,0.0,0
sample_12680.docx,9,100,1.0,1.0,94,3.0,1.0,1.0,1.0,5.0,1
sample_09806.docx,9,66,1.0,1.0,60,3.0,1.0,1.0,1.0,5.0,1
sample_08354.docx,0,0,0.0,0.0,0,0.0,0.0,0.0,0.0,0.0,1
sample_18485.docx,9,66,1.0,1.0,60,3.0,1.0,1.0,1.0,5.0,1
sample_16164.docx,0,0,0.0,0.0,0,0.0,0.0,0.0,0.0,0.0,1
sample_14620.docx,0,0,0.0,0.0,0,0.0,0.0,0.0,0.0,0.0,1
sample_09139.docx,11,66,0.0,0.0,60,0.0,0.0,0.0,0.0,0.0,0
sample_06759.docx,0,0,0.0,0.0,0,0.0,0.0,0.0,0.0,0.0,1
sample_02584.docx,10,66,0.0,0.0,60,0.0,0.0,0.0,0.0,0.0,0
sample_07641.docx,9,66,0.0,0.0,60,0.0,0.0,0.0,0.0,0.0,0
sample_12754.docx,0,0,0.0,0.0,0,0.0,0.0,0.0,0.0,0.0,1
sample_18944.docx,9,100,1.0,1.0,94,3.0,1.0,1.0,1.0,5.0,1
sample_11571.docx,0,0,0.0,0.0,0,0.0,0.0,0.0,0.0,0.0,1
sample_00921.docx,10,66,0.0,0.0,60,0.0,0.0,0.0,0.0,0.0,0
sample_10010.docx,10,66,0.0,0.0,60,0.0,0.0,0.0,0.0,0.0,0
sample_01470.docx,0,0,0.0,0.0,0,0.0,0.0,0.0,0.0,0.0,1
sample_12873.docx,0,0,0.0,0.0,0,0.0,0.0,0.0,0.0,0.0,1
sample_17417.docx,9,100,1.0,1.0,94,3.0,1.0,1.0,1.0,5.0,1
sample_19517.docx,0,0,0.0,0.0,0,0.0,0.0,0.0,0.0,0.0,1
sample_09386.docx,9,100,1.0,1.0,94,3.0,1.0,1.0,1.0,5.0,1
sample_18848.docx,10,66,0.0,0.0,60,0.0,0.0,0.0,0.0,0.0,0
sample_19320.docx,10,66,0.0,0.0,60,0.0,0.0,0.0,0.0,0.0,0
sample_00632.docx,10,66,0.0,0.0,60,0.0,0.0,0.0,0.0,0.0,0
sample_03597.docx,10,66,0.0,0.0,60,0.0,0.0,0.0,0.0,0.0,0
sample_16757.docx,0,0,0.0,0.0,0,0.0,0.0,0.0,0.0,0.0,1
sample_11169.docx,10,66,0.0,0.0,60,0.0,0.0,0.0,0.0,0.0,0
sample_12372.docx,10,66,0.0,0.0,60,0.0,0.0,0.0,0.0,0.0,0
sample_16773.docx,0,0,0.0,0.0,0,0.0,0.0,0.0,0.0,0.0,1
sample_07211.docx,10,66,0.0,0.0,60,0.0,0.0,0.0,0.0,0.0,0
sample_04270.docx,0,0,0.0,0.0,0,0.0,0.0,0.0,0.0,0.0,1
sample_01374.docx,10,66,0.0,0.0,60,0.0,0.0,0.0,0.0,0.0,0
sample_17488.docx,9,100,1.0,1.0,94,3.0,1.0,1.0,1.0,5.0,1
sample_16035.docx,10,66,0.0,0.0,60,0.0,0.0,0.0,0.0,0.0,0
sample_02120.docx,9,100,1.0,1.0,94,3.0,1.0,1.0,1.0,5.0,1
sample_19714.docx,10,66,0.0,0.0,60,0.0,0.0,0.0,0.0,0.0,0
sample_02710.docx,10,66,0.0,0.0,60,0.0,0.0,0.0,0.0,0.0,0
sample_06797.docx,9,66,0.0,0.0,60,0.0,0.0,0.0,0.0,0.0,0
sample_03178.docx,0,0,0.0,0.0,0,0.0,0.0,0.0,0.0,0.0,1
sample_16904.docx,0,0,0.0,0.0,0,0.0,0.0,0.0,0.0,0.0,1
sample_15209.docx,10,66,0.0,0.0,60,0.0,0.0,0.0,0.0,0.0,0
sample_14332.docx,10,66,0.0,0.0,60,0.0,0.0,0.0,0.0,0.0,0
sample_14430.docx,10,66,0.0,0.0,60,0.0,0.0,0.0,0.0,0.0,0
sample_00209.docx,9,100,1.0,1.0,94,3.0,1.0,1.0,1.0,5.0,1
sample_15506.docx,10,66,0.0,0.0,60,0.0,0.0,0.0,0.0,0.0,0
sample_17318.docx,10,66,0.0,0.0,60,0.0,0.0,0.0,0.0,0.0,0
sample_06174.docx,10,66,0.0,0.0,60,0.0,0.0,0.0,0.0,0.0,0
sample_02472.docx,10,66,0.0,0.0,60,0.0,0.0,0.0,0.0,0.0,0
sample_14802.docx,10,66,0.0,0.0,60,0.0,0.0,0.0,0.0,0.0,0
sample_07481.docx,10,66,0.0,0.0,60,0.0,0.0,0.0,0.0,0.0,0
sample_06251.docx,10,66,0.0,0.0,60,0.0,0.0,0.0,0.0,0.0,0
sample_03397.docx,10,66,0.0,0.0,60,0.0,0.0,0.0,0.0,0.0,0
sample_03128.docx,9,100,1.0,1.0,94,3.0,1.0,1.0,1.0,5.0,1
sample_18121.docx,0,0,0.0,0.0,0,0.0,0.0,0.0,0.0,0.0,1
sample_00489.docx,10,66,0.0,0.0,60,0.0,0.0,0.0,0.0,0.0,0
sample_04465.docx,10,66,0.0,0.0,60,0.0,0.0,0.0,0.0,0.0,0
sample_16027.docx,0,66,0.0,0.0,60,0.0,0.0,0.0,0.0,0.0,0
sample_09780.docx,0,0,0.0,0.0,0,0.0,0.0,0.0,0.0,0.0,1
sample_11734.docx,9,100,1.0,1.0,94,3.0,1.0,1.0,1.0,5.0,1
sample_09026.docx,10,66,0.0,0.0,60,0.0,0.0,0.0,0.0,0.0,0
sample_03664.docx,0,0,0.0,0.0,0,0.0,0.0,0.0,0.0,0.0,1
sample_02408.docx,0,0,0.0,0.0,0,0.0,0.0,0.0,0.0,0.0,1
sample_13257.docx,10,66,0.0,0.0,60,0.0,0.0,0.0,0.0,0.0,0
sample_09814.docx,0,0,0.0,0.0,0,0.0,0.0,0.0,0.0,0.0,1
sample_15806.docx,0,0,0.0,0.0,0,0.0,0.0,0.0,0.0,0.0,1
sample_12008.docx,0,0,0.0,0.0,0,0.0,0.0,0.0,0.0,0.0,1
sample_17652.docx,10,66,0.0,0.0,60,0.0,0.0,0.0,0.0,0.0,0
sample_19082.docx,10,66,0.0,0.0,60,0.0,0.0,0.0,0.0,0.0,0
sample_06166.docx,10,66,0.0,0.0,60,0.0,0.0,0.0,0.0,0.0,0
sample_11950.docx,10,66,0.0,0.0,60,0.0,0.0,0.0,0.0,0.0,0
sample_09842.docx,10,66,0.0,0.0,60,0.0,0.0,0.0,0.0,0.0,0
sample_19335.docx,10,66,0.0,0.0,60,0.0,0.0,0.0,0.0,0.0,0
sample_16580.docx,10,66,0.0,0.0,60,0.0,0.0,0.0,0.0,0.0,0
sample_08831.docx,9,66,1.0,1.0,60,3.0,1.0,1.0,1.0,5.0,1
sample_14103.docx,0,0,0.0,0.0,0,0.0,0.0,0.0,0.0,0.0,1
sample_02245.docx,0,0,0.0,0.0,0,0.0,0.0,0.0,0.0,0.0,1
sample_14651.docx,0,0,0.0,0.0,0,0.0,0.0,0.0,0.0,0.0,1
sample_19621.docx,10,66,0.0,0.0,60,0.0,0.0,0.0,0.0,0.0,0
sample_06085.docx,9,100,1.0,1.0,94,3.0,1.0,1.0,1.0,5.0,1
sample_19022.docx,10,66,0.0,0.0,60,0.0,0.0,0.0,0.0,0.0,0
sample_07241.docx,0,0,0.0,0.0,0,0.0,0.0,0.0,0.0,0.0,1
sample_18746.docx,0,0,0.0,0.0,0,0.0,0.0,0.0,0.0,0.0,1
sample_07016.docx,10,66,0.0,0.0,60,0.0,0.0,0.0,0.0,0.0,0
sample_11532.docx,9,66,1.0,1.0,60,3.0,1.0,1.0,1.0,5.0,1
sample_17700.docx,10,66,0.0,0.0,60,0.0,0.0,0.0,0.0,0.0,0
sample_19021.docx,9,100,1.0,1.0,94,3.0,1.0,1.0,1.0,5.0,1
sample_14509.docx,10,66,0.0,0.0,60,0.0,0.0,0.0,0.0,0.0,0
sample_01249.docx,9,100,1.0,1.0,94,3.0,1.0,1.0,1.0,5.0,1
sample_10348.docx,10,66,0.0,0.0,60,0.0,0.0,0.0,0.0,0.0,0
sample_06951.docx,0,0,0.0,0.0,0,0.0,0.0,0.0,0.0,0.0,1
sample_13319.docx,9,66,0.0,0.0,60,0.0,0.0,0.0,0.0,0.0,0
sample_14098.docx,11,66,0.0,0.0,60,0.0,0.0,0.0,0.0,0.0,0
sample_06119.docx,10,66,0.0,0.0,60,0.0,0.0,0.0,0.0,0.0,0
sample_02524.docx,9,100,1.0,1.0,94,3.0,1.0,1.0,1.0,5.0,1
sample_06653.docx,0,0,0.0,0.0,0,0.0,0.0,0.0,0.0,0.0,1
sample_01966.docx,0,0,0.0,0.0,0,0.0,0.0,0.0,0.0,0.0,1
sample_01801.docx,10,66,0.0,0.0,60,0.0,0.0,0.0,0.0,0.0,0
sample_15769.docx,10,66,0.0,0.0,60,0.0,0.0,0.0,0.0,0.0,0
sample_06932.docx,10,66,0.0,0.0,60,0.0,0.0,0.0,0.0,0.0,0
sample_12370.docx,10,66,0.0,0.0,60,0.0,0.0,0.0,0.0,0.0,0
sample_02708.docx,10,66,0.0,0.0,60,0.0,0.0,0.0,0.0,0.0,0
sample_07205.docx,10,66,0.0,0.0,60,0.0,0.0,0.0,0.0,0.0,0
sample_03954.docx,10,66,0.0,0.0,60,0.0,0.0,0.0,0.0,0.0,0
sample_13365.docx,10,66,0.0,0.0,60,0.0,0.0,0.0,0.0,0.0,0
sample_08191.docx,10,66,0.0,0.0,60,0.0,0.0,0.0,0.0,0.0,0
sample_05235.docx,0,0,0.0,0.0,0,0.0,0.0,0.0,0.0,0.0,1
sample_01965.docx,10,66,0.0,0.0,60,0.0,0.0,0.0,0.0,0.0,0
sample_17770.docx,10,66,0.0,0.0,60,0.0,0.0,0.0,0.0,0.0,0
sample_02174.docx,0,0,0.0,0.0,0,0.0,0.0,0.0,0.0,0.0,1
sample_12481.docx,10,66,0.0,0.0,60,0.0,0.0,0.0,0.0,0.0,0
sample_02949.docx,0,0,0.0,0.0,0,0.0,0.0,0.0,0.0,0.0,1
sample_05459.docx,0,0,0.0,0.0,0,0.0,0.0,0.0,0.0,0.0,1
sample_05972.docx,10,66,0.0,0.0,60,0.0,0.0,0.0,0.0,0.0,0
sample_08442.docx,0,0,0.0,0.0,0,0.0,0.0,0.0,0.0,0.0,1
sample_02295.docx,0,0,0.0,0.0,0,0.0,0.0,0.0,0.0,0.0,1
sample_06148.docx,0,0,0.0,0.0,0,0.0,0.0,0.0,0.0,0.0,1
sample_18586.docx,10,66,0.0,0.0,60,0.0,0.0,0.0,0.0,0.0,0
sample_01530.docx,10,66,0.0,0.0,60,0.0,0.0,0.0,0.0,0.0,0
sample_03930.docx,10,66,0.0,0.0,60,0.0,0.0,0.0,0.0,0.0,0
sample_04284.docx,10,66,0.0,0.0,60,0.0,0.0,0.0,0.0,0.0,0
sample_19406.docx,0,0,0.0,0.0,0,0.0,0.0,0.0,0.0,0.0,1
sample_00488.docx,10,66,0.0,0.0,60,0.0,0.0,0.0,0.0,0.0,0
sample_09415.docx,0,0,0.0,0.0,0,0.0,0.0,0.0,0.0,0.0,1
sample_11096.docx,9,100,0.0,0.0,94,0.0,0.0,0.0,0.0,0.0,0
sample_17006.docx,10,66,0.0,0.0,60,0.0,0.0,0.0,0.0,0.0,0
sample_07473.docx,9,100,1.0,1.0,94,3.0,1.0,1.0,1.0,5.0,1
sample_06985.docx,0,0,0.0,0.0,0,0.0,0.0,0.0,0.0,0.0,1
sample_08470.docx,9,100,0.0,0.0,94,0.0,0.0,0.0,0.0,0.0,0
sample_02571.docx,10,66,0.0,0.0,60,0.0,0.0,0.0,0.0,0.0,0
sample_19774.docx,0,0,0.0,0.0,0,0.0,0.0,0.0,0.0,0.0,1
sample_11793.docx,10,66,0.0,0.0,60,0.0,0.0,0.0,0.0,0.0,0
sample_17334.docx,10,66,0.0,0.0,60,0.0,0.0,0.0,0.0,0.0,0
sample_06305.docx,10,66,0.0,0.0,60,0.0,0.0,0.0,0.0,0.0,0
sample_01213.docx,10,66,0.0,0.0,60,0.0,0.0,0.0,0.0,0.0,0
sample_12786.docx,9,100,1.0,1.0,94,3.0,1.0,1.0,1.0,5.0,1
sample_15058.docx,0,0,0.0,0.0,0,0.0,0.0,0.0,0.0,0.0,1
sample_13663.docx,10,66,0.0,0.0,60,0.0,0.0,0.0,0.0,0.0,0
sample_11041.docx,9,100,1.0,1.0,94,3.0,1.0,1.0,1.0,5.0,1
sample_02181.docx,0,0,0.0,0.0,0,0.0,0.0,0.0,0.0,0.0,1
sample_06376.docx,0,0,0.0,0.0,0,0.0,0.0,0.0,0.0,0.0,1
sample_11764.docx,10,66,0.0,0.0,60,0.0,0.0,0.0,0.0,0.0,0
sample_03231.docx,10,66,0.0,0.0,60,0.0,0.0,0.0,0.0,0.0,0
sample_15005.docx,9,66,1.0,1.0,60,3.0,1.0,1.0,1.0,5.0,1
sample_19039.docx,0,0,0.0,0.0,0,0.0,0.0,0.0,0.0,0.0,1
sample_03805.docx,0,0,0.0,0.0,0,0.0,0.0,0.0,0.0,0.0,1
sample_14174.docx,10,66,0.0,0.0,60,0.0,0.0,0.0,0.0,0.0,0
sample_14305.docx,9,66,1.0,1.0,60,3.0,1.0,1.0,1.0,5.0,1
sample_15272.docx,0,0,0.0,0.0,0,0.0,0.0,0.0,0.0,0.0,1
sample_16252.docx,0,0,0.0,0.0,0,0.0,0.0,0.0,0.0,0.0,1
sample_14241.docx,0,0,0.0,0.0,0,0.0,0.0,0.0,0.0,0.0,1
sample_09549.docx,0,0,0.0,0.0,0,0.0,0.0,0.0,0.0,0.0,1
sample_18335.docx,0,0,0.0,0.0,0,0.0,0.0,0.0,0.0,0.0,1
sample_15702.docx,10,66,0.0,0.0,60,0.0,0.0,0.0,0.0,0.0,0
sample_10920.docx,0,0,0.0,0.0,0,0.0,0.0,0.0,0.0,0.0,1
sample_14914.docx,10,66,0.0,0.0,60,0.0,0.0,0.0,0.0,0.0,0
sample_16870.docx,10,66,0.0,0.0,60,0.0,0.0,0.0,0.0,0.0,0
sample_10112.docx,0,0,0.0,0.0,0,0.0,0.0,0.0,0.0,0.0,1
sample_18537.docx,10,66,0.0,0.0,60,0.0,0.0,0.0,0.0,0.0,0
sample_04780.docx,10,66,0.0,0.0,60,0.0,0.0,0.0,0.0,0.0,0
sample_01652.docx,10,66,0.0,0.0,60,0.0,0.0,0.0,0.0,0.0,0
sample_12706.docx,9,100,1.0,1.0,94,3.0,1.0,1.0,1.0,5.0,1
sample_05332.docx,0,0,0.0,0.0,0,0.0,0.0,0.0,0.0,0.0,1
sample_00114.docx,0,0,0.0,0.0,0,0.0,0.0,0.0,0.0,0.0,1
sample_09901.docx,10,66,0.0,0.0,60,0.0,0.0,0.0,0.0,0.0,0
sample_05399.docx,10,66,0.0,0.0,60,0.0,0.0,0.0,0.0,0.0,0
sample_10365.docx,10,66,0.0,0.0,60,0.0,0.0,0.0,0.0,0.0,0
sample_13450.docx,10,66,0.0,0.0,60,0.0,0.0,0.0,0.0,0.0,0
sample_06839.docx,10,66,0.0,0.0,60,0.0,0.0,0.0,0.0,0.0,0
sample_06869.docx,10,66,0.0,0.0,60,0.0,0.0,0.0,0.0,0.0,0
sample_19351.docx,0,0,0.0,0.0,0,0.0,0.0,0.0,0.0,0.0,1
sample_08084.docx,10,66,0.0,0.0,60,0.0,0.0,0.0,0.0,0.0,0
sample_14626.docx,10,66,0.0,0.0,60,0.0,0.0,0.0,0.0,0.0,0
sample_18054.docx,9,66,1.0,1.0,60,3.0,1.0,1.0,1.0,5.0,1
sample_19871.docx,9,100,1.0,1.0,94,3.0,1.0,1.0,1.0,5.0,1
sample_12116.docx,9,100,1.0,1.0,94,3.0,1.0,1.0,1.0,5.0,1
sample_17922.docx,10,66,0.0,0.0,60,0.0,0.0,0.0,0.0,0.0,0
sample_14677.docx,0,0,0.0,0.0,0,0.0,0.0,0.0,0.0,0.0,1
sample_05495.docx,0,0,0.0,0.0,0,0.0,0.0,0.0,0.0,0.0,1
sample_01880.docx,9,66,1.0,1.0,60,3.0,1.0,1.0,1.0,5.0,1
sample_05003.docx,10,66,0.0,0.0,60,0.0,0.0,0.0,0.0,0.0,0
sample_02910.docx,10,66,0.0,0.0,60,0.0,0.0,0.0,0.0,0.0,0
sample_15743.docx,10,66,0.0,0.0,60,0.0,0.0,0.0,0.0,0.0,0
sample_16684.docx,10,66,0.0,0.0,60,0.0,0.0,0.0,0.0,0.0,0
sample_10471.docx,0,0,0.0,0.0,0,0.0,0.0,0.0,0.0,0.0,1
sample_02962.docx,10,66,0.0,0.0,60,0.0,0.0,0.0,0.0,0.0,0
sample_16274.docx,10,66,0.0,0.0,60,0.0,0.0,0.0,0.0,0.0,0
sample_06999.docx,0,0,0.0,0.0,0,0.0,0.0,0.0,0.0,0.0,1
sample_13980.docx,0,0,0.0,0.0,0,0.0,0.0,0.0,0.0,0.0,1
sample_15802.docx,0,66,0.0,0.0,60,0.0,0.0,0.0,0.0,0.0,0
sample_12356.docx,10,66,0.0,0.0,60,0.0,0.0,0.0,0.0,0.0,0
sample_11874.docx,10,66,0.0,0.0,60,0.0,0.0,0.0,0.0,0.0,0
sample_00936.docx,0,0,0.0,0.0,0,0.0,0.0,0.0,0.0,0.0,1
sample_15749.docx,10,66,0.0,0.0,60,0.0,0.0,0.0,0.0,0.0,0
sample_08552.docx,10,66,0.0,0.0,60,0.0,0.0,0.0,0.0,0.0,0
sample_19440.docx,9,66,1.0,1.0,60,3.0,1.0,1.0,1.0,5.0,1
sample_15908.docx,9,66,1.0,1.0,60,3.0,1.0,1.0,1.0,5.0,1
sample_17968.docx,10,66,0.0,0.0,60,0.0,0.0,0.0,0.0,0.0,0
sample_12850.docx,10,66,0.0,0.0,60,0.0,0.0,0.0,0.0,0.0,0
sample_18052.docx,10,66,0.0,0.0,60,0.0,0.0,0.0,0.0,0.0,0
sample_10708.docx,0,0,0.0,0.0,0,0.0,0.0,0.0,0.0,0.0,1
sample_19596.docx,10,66,0.0,0.0,60,0.0,0.0,0.0,0.0,0.0,0
sample_16590.docx,10,66,0.0,0.0,60,0.0,0.0,0.0,0.0,0.0,0
sample_18640.docx,10,66,0.0,0.0,60,0.0,0.0,0.0,0.0,0.0,0
sample_10205.docx,0,0,0.0,0.0,0,0.0,0.0,0.0,0.0,0.0,1
sample_10104.docx,0,0,0.0,0.0,0,0.0,0.0,0.0,0.0,0.0,1
sample_02907.docx,0,0,0.0,0.0,0,0.0,0.0,0.0,0.0,0.0,1
sample_00224.docx,0,0,0.0,0.0,0,0.0,0.0,0.0,0.0,0.0,1
sample_10547.docx,0,0,0.0,0.0,0,0.0,0.0,0.0,0.0,0.0,1
sample_07720.docx,9,100,1.0,1.0,94,3.0,1.0,1.0,1.0,5.0,1
sample_00999.docx,0,0,0.0,0.0,0,0.0,0.0,0.0,0.0,0.0,1
sample_13575.docx,0,0,0.0,0.0,0,0.0,0.0,0.0,0.0,0.0,1
sample_00597.docx,9,66,1.0,1.0,60,3.0,1.0,1.0,1.0,5.0,1
sample_13237.docx,10,66,0.0,0.0,60,0.0,0.0,0.0,0.0,0.0,0
sample_00188.docx,10,66,0.0,0.0,60,0.0,0.0,0.0,0.0,0.0,0
sample_02707.docx,10,66,0.0,0.0,60,0.0,0.0,0.0,0.0,0.0,0
sample_02134.docx,10,66,0.0,0.0,60,0.0,0.0,0.0,0.0,0.0,0
sample_04032.docx,0,0,0.0,0.0,0,0.0,0.0,0.0,0.0,0.0,1
sample_15624.docx,9,66,1.0,1.0,60,3.0,1.0,1.0,1.0,5.0,1
sample_17944.docx,10,66,0.0,0.0,60,0.0,0.0,0.0,0.0,0.0,0
sample_00267.docx,10,66,0.0,0.0,60,0.0,0.0,0.0,0.0,0.0,0
sample_07767.docx,0,0,0.0,0.0,0,0.0,0.0,0.0,0.0,0.0,1
sample_02068.docx,0,0,0.0,0.0,0,0.0,0.0,0.0,0.0,0.0,1
sample_11977.docx,10,66,0.0,0.0,60,0.0,0.0,0.0,0.0,0.0,0
sample_00473.docx,10,66,0.0,0.0,60,0.0,0.0,0.0,0.0,0.0,0
sample_12167.docx,10,66,0.0,0.0,60,0.0,0.0,0.0,0.0,0.0,0
sample_15952.docx,9,66,1.0,1.0,60,3.0,1.0,1.0,1.0,5.0,1
sample_19635.docx,9,100,1.0,1.0,94,3.0,1.0,1.0,1.0,5.0,1
sample_07974.docx,10,66,0.0,0.0,60,0.0,0.0,0.0,0.0,0.0,0
sample_10158.docx,10,66,0.0,0.0,60,0.0,0.0,0.0,0.0,0.0,0
sample_08138.docx,10,66,0.0,0.0,60,0.0,0.0,0.0,0.0,0.0,0
sample_15820.docx,0,0,0.0,0.0,0,0.0,0.0,0.0,0.0,0.0,1
sample_10613.docx,0,0,0.0,0.0,0,0.0,0.0,0.0,0.0,0.0,1
sample_04115.docx,9,100,1.0,1.0,94,3.0,1.0,1.0,1.0,5.0,1
sample_15023.docx,10,66,0.0,0.0,60,0.0,0.0,0.0,0.0,0.0,0
sample_08717.docx,0,0,0.0,0.0,0,0.0,0.0,0.0,0.0,0.0,1
sample_18299.docx,10,66,0.0,0.0,60,0.0,0.0,0.0,0.0,0.0,0
sample_18623.docx,9,100,1.0,1.0,94,3.0,1.0,1.0,1.0,5.0,1
sample_07941.docx,10,66,0.0,0.0,60,0.0,0.0,0.0,0.0,0.0,0
sample_01273.docx,10,66,0.0,0.0,60,0.0,0.0,0.0,0.0,0.0,0
sample_13653.docx,0,0,0.0,0.0,0,0.0,0.0,0.0,0.0,0.0,1
sample_17662.docx,10,66,0.0,0.0,60,0.0,0.0,0.0,0.0,0.0,0
sample_03103.docx,10,66,0.0,0.0,60,0.0,0.0,0.0,0.0,0.0,0
sample_15675.docx,10,66,0.0,0.0,60,0.0,0.0,0.0,0.0,0.0,0
sample_05060.docx,10,66,0.0,0.0,60,0.0,0.0,0.0,0.0,0.0,0
sample_12467.docx,0,0,0.0,0.0,0,0.0,0.0,0.0,0.0,0.0,1
sample_08959.docx,10,66,0.0,0.0,60,0.0,0.0,0.0,0.0,0.0,0
sample_09484.docx,10,66,0.0,0.0,60,0.0,0.0,0.0,0.0,0.0,0
sample_10329.docx,9,66,1.0,1.0,60,3.0,1.0,1.0,1.0,5.0,1
sample_07068.docx,0,0,0.0,0.0,0,0.0,0.0,0.0,0.0,0.0,1
sample_11939.docx,10,66,0.0,0.0,60,0.0,0.0,0.0,0.0,0.0,0
sample_03151.docx,10,66,0.0,0.0,60,0.0,0.0,0.0,0.0,0.0,0
sample_00116.docx,0,0,0.0,0.0,0,0.0,0.0,0.0,0.0,0.0,1
sample_11539.docx,9,100,1.0,1.0,94,3.0,1.0,1.0,1.0,5.0,1
sample_15552.docx,0,0,0.0,0.0,0,0.0,0.0,0.0,0.0,0.0,1
sample_03153.docx,9,100,1.0,1.0,94,3.0,1.0,1.0,1.0,5.0,1
sample_19123.docx,10,66,0.0,0.0,60,0.0,0.0,0.0,0.0,0.0,0
sample_17294.docx,9,100,1.0,1.0,94,3.0,1.0,1.0,1.0,5.0,1
sample_17273.docx,0,0,0.0,0.0,0,0.0,0.0,0.0,0.0,0.0,1
sample_09522.docx,0,0,0.0,0.0,0,0.0,0.0,0.0,0.0,0.0,1
sample_09013.docx,0,0,0.0,0.0,0,0.0,0.0,0.0,0.0,0.0,1
sample_10519.docx,0,0,0.0,0.0,0,0.0,0.0,0.0,0.0,0.0,1
sample_02085.docx,0,0,0.0,0.0,0,0.0,0.0,0.0,0.0,0.0,1
sample_06969.docx,0,0,0.0,0.0,0,0.0,0.0,0.0,0.0,0.0,1
sample_16138.docx,9,100,1.0,1.0,94,3.0,1.0,1.0,1.0,5.0,1
sample_19547.docx,10,66,0.0,0.0,60,0.0,0.0,0.0,0.0,0.0,0
sample_06472.docx,9,66,1.0,1.0,60,3.0,1.0,1.0,1.0,5.0,1
sample_00007.docx,9,100,1.0,1.0,94,3.0,1.0,1.0,1.0,5.0,1
sample_09668.docx,10,66,0.0,0.0,60,0.0,0.0,0.0,0.0,0.0,0
sample_00349.docx,0,0,0.0,0.0,0,0.0,0.0,0.0,0.0,0.0,1
sample_17099.docx,9,100,1.0,1.0,94,3.0,1.0,1.0,1.0,5.0,1
sample_11930.docx,0,0,0.0,0.0,0,0.0,0.0,0.0,0.0,0.0,1
sample_07780.docx,10,66,0.0,0.0,60,0.0,0.0,0.0,0.0,0.0,0
sample_06589.docx,10,66,0.0,0.0,60,0.0,0.0,0.0,0.0,0.0,0
sample_13940.docx,10,66,0.0,0.0,60,0.0,0.0,0.0,0.0,0.0,0
sample_10761.docx,9,100,1.0,1.0,94,3.0,1.0,1.0,1.0,5.0,1
sample_07658.docx,9,66,1.0,1.0,60,3.0,1.0,1.0,1.0,5.0,1
sample_05823.docx,9,100,1.0,1.0,94,3.0,1.0,1.0,1.0,5.0,1
sample_09606.docx,10,66,0.0,0.0,60,0.0,0.0,0.0,0.0,0.0,0
sample_18376.docx,10,66,0.0,0.0,60,0.0,0.0,0.0,0.0,0.0,0
sample_18495.docx,10,66,0.0,0.0,60,0.0,0.0,0.0,0.0,0.0,0
sample_00923.docx,0,0,0.0,0.0,0,0.0,0.0,0.0,0.0,0.0,1
sample_00869.docx,10,66,0.0,0.0,60,0.0,0.0,0.0,0.0,0.0,0
sample_19471.docx,10,66,0.0,0.0,60,0.0,0.0,0.0,0.0,0.0,0
sample_14389.docx,10,66,0.0,0.0,60,0.0,0.0,0.0,0.0,0.0,0
sample_10245.docx,10,66,0.0,0.0,60,0.0,0.0,0.0,0.0,0.0,0
sample_05979.docx,0,0,0.0,0.0,0,0.0,0.0,0.0,0.0,0.0,1
sample_09471.docx,10,66,0.0,0.0,60,0.0,0.0,0.0,0.0,0.0,0
sample_13414.docx,10,66,0.0,0.0,60,0.0,0.0,0.0,0.0,0.0,0
sample_12801.docx,10,66,0.0,0.0,60,0.0,0.0,0.0,0.0,0.0,0
sample_11720.docx,0,0,0.0,0.0,0,0.0,0.0,0.0,0.0,0.0,1
sample_05591.docx,0,0,0.0,0.0,0,0.0,0.0,0.0,0.0,0.0,1
sample_05108.docx,0,0,0.0,0.0,0,0.0,0.0,0.0,0.0,0.0,1
sample_17375.docx,0,0,0.0,0.0,0,0.0,0.0,0.0,0.0,0.0,1
sample_03931.docx,10,66,0.0,0.0,60,0.0,0.0,0.0,0.0,0.0,0
sample_09057.docx,10,66,0.0,0.0,60,0.0,0.0,0.0,0.0,0.0,0
sample_17630.docx,10,66,0.0,0.0,60,0.0,0.0,0.0,0.0,0.0,0
sample_00784.docx,0,0,0.0,0.0,0,0.0,0.0,0.0,0.0,0.0,1
sample_13929.docx,0,0,0.0,0.0,0,0.0,0.0,0.0,0.0,0.0,1
sample_01853.docx,9,66,1.0,1.0,60,3.0,1.0,1.0,1.0,5.0,1
sample_06709.docx,10,66,0.0,0.0,60,0.0,0.0,0.0,0.0,0.0,0
sample_04756.docx,10,66,0.0,0.0,60,0.0,0.0,0.0,0.0,0.0,0
sample_19280.docx,9,100,1.0,1.0,94,3.0,1.0,1.0,1.0,5.0,1
sample_15319.docx,0,0,0.0,0.0,0,0.0,0.0,0.0,0.0,0.0,1
sample_11928.docx,0,0,0.0,0.0,0,0.0,0.0,0.0,0.0,0.0,1
sample_18239.docx,9,100,1.0,1.0,94,3.0,1.0,1.0,1.0,5.0,1
sample_13447.docx,10,66,0.0,0.0,60,0.0,0.0,0.0,0.0,0.0,0
sample_08093.docx,9,100,1.0,1.0,94,3.0,1.0,1.0,1.0,5.0,1
sample_08969.docx,9,100,1.0,1.0,94,3.0,1.0,1.0,1.0,5.0,1
sample_16853.docx,10,66,0.0,0.0,60,0.0,0.0,0.0,0.0,0.0,0
sample_12298.docx,10,66,0.0,0.0,60,0.0,0.0,0.0,0.0,0.0,0
sample_12269.docx,10,66,0.0,0.0,60,0.0,0.0,0.0,0.0,0.0,0
sample_12813.docx,10,66,0.0,0.0,60,0.0,0.0,0.0,0.0,0.0,0
sample_02821.docx,9,100,1.0,1.0,94,3.0,1.0,1.0,1.0,5.0,1
sample_11657.docx,0,0,0.0,0.0,0,0.0,0.0,0.0,0.0,0.0,1
sample_12666.docx,10,66,0.0,0.0,60,0.0,0.0,0.0,0.0,0.0,0
sample_00005.docx,0,0,0.0,0.0,0,0.0,0.0,0.0,0.0,0.0,1
sample_10909.docx,9,100,1.0,1.0,94,3.0,1.0,1.0,1.0,5.0,1
sample_12687.docx,0,0,0.0,0.0,0,0.0,0.0,0.0,0.0,0.0,1
sample_04218.docx,0,0,0.0,0.0,0,0.0,0.0,0.0,0.0,0.0,1
sample_09638.docx,10,66,0.0,0.0,60,0.0,0.0,0.0,0.0,0.0,0
sample_16719.docx,10,66,0.0,0.0,60,0.0,0.0,0.0,0.0,0.0,0
sample_12135.docx,10,66,0.0,0.0,60,0.0,0.0,0.0,0.0,0.0,0
sample_04446.docx,0,0,0.0,0.0,0,0.0,0.0,0.0,0.0,0.0,1
sample_10429.docx,10,66,0.0,0.0,60,0.0,0.0,0.0,0.0,0.0,0
sample_01387.docx,10,66,0.0,0.0,60,0.0,0.0,0.0,0.0,0.0,0
sample_12540.docx,9,100,1.0,1.0,94,3.0,1.0,1.0,1.0,5.0,1
sample_11090.docx,10,66,0.0,0.0,60,0.0,0.0,0.0,0.0,0.0,0
sample_00189.docx,10,66,0.0,0.0,60,0.0,0.0,0.0,0.0,0.0,0
sample_18955.docx,10,66,0.0,0.0,60,0.0,0.0,0.0,0.0,0.0,0
sample_19470.docx,9,100,1.0,1.0,94,3.0,1.0,1.0,1.0,5.0,1
sample_01979.docx,0,0,0.0,0.0,0,0.0,0.0,0.0,0.0,0.0,1
sample_10128.docx,9,100,1.0,1.0,94,3.0,1.0,1.0,1.0,5.0,1
sample_13955.docx,10,66,0.0,0.0,60,0.0,0.0,0.0,0.0,0.0,0
sample_05913.docx,9,100,1.0,1.0,94,3.0,1.0,1.0,1.0,5.0,1
sample_09610.docx,10,66,0.0,0.0,60,0.0,0.0,0.0,0.0,0.0,0
sample_03994.docx,9,100,1.0,1.0,94,3.0,1.0,1.0,1.0,5.0,1
sample_14253.docx,10,66,0.0,0.0,60,0.0,0.0,0.0,0.0,0.0,0
sample_16676.docx,0,0,0.0,0.0,0,0.0,0.0,0.0,0.0,0.0,1
sample_13937.docx,10,66,0.0,0.0,60,0.0,0.0,0.0,0.0,0.0,0
sample_07944.docx,0,0,0.0,0.0,0,0.0,0.0,0.0,0.0,0.0,1
sample_13147.docx,9,100,1.0,1.0,94,3.0,1.0,1.0,1.0,5.0,1
sample_17739.docx,9,100,1.0,1.0,94,3.0,1.0,1.0,1.0,5.0,1
sample_19094.docx,10,66,0.0,0.0,60,0.0,0.0,0.0,0.0,0.0,0
sample_04787.docx,10,66,0.0,0.0,60,0.0,0.0,0.0,0.0,0.0,0
sample_03002.docx,9,100,1.0,1.0,94,3.0,1.0,1.0,1.0,5.0,1
sample_06229.docx,9,66,1.0,1.0,60,3.0,1.0,1.0,1.0,5.0,1
sample_16544.docx,0,0,0.0,0.0,0,0.0,0.0,0.0,0.0,0.0,1
sample_17842.docx,10,66,0.0,0.0,60,0.0,0.0,0.0,0.0,0.0,0
sample_12535.docx,9,100,1.0,1.0,94,3.0,1.0,1.0,1.0,5.0,1
sample_08950.docx,10,66,0.0,0.0,60,0.0,0.0,0.0,0.0,0.0,0
sample_01758.docx,0,0,0.0,0.0,0,0.0,0.0,0.0,0.0,0.0,1
sample_16653.docx,10,66,0.0,0.0,60,0.0,0.0,0.0,0.0,0.0,0
sample_19818.docx,0,0,0.0,0.0,0,0.0,0.0,0.0,0.0,0.0,1
sample_04078.docx,0,0,0.0,0.0,0,0.0,0.0,0.0,0.0,0.0,1
sample_02198.docx,0,0,0.0,0.0,0,0.0,0.0,0.0,0.0,0.0,1
sample_16896.docx,9,66,1.0,1.0,60,3.0,1.0,1.0,1.0,5.0,1
sample_05470.docx,9,100,1.0,1.0,94,3.0,1.0,1.0,1.0,5.0,1
sample_07191.docx,0,0,0.0,0.0,0,0.0,0.0,0.0,0.0,0.0,1
sample_02474.docx,10,66,0.0,0.0,60,0.0,0.0,0.0,0.0,0.0,0
sample_12114.docx,10,66,0.0,0.0,60,0.0,0.0,0.0,0.0,0.0,0
sample_14555.docx,0,0,0.0,0.0,0,0.0,0.0,0.0,0.0,0.0,1
sample_01431.docx,10,66,0.0,0.0,60,0.0,0.0,0.0,0.0,0.0,0
sample_04341.docx,10,66,0.0,0.0,60,0.0,0.0,0.0,0.0,0.0,0
sample_10579.docx,10,66,0.0,0.0,60,0.0,0.0,0.0,0.0,0.0,0
sample_11045.docx,10,66,0.0,0.0,60,0.0,0.0,0.0,0.0,0.0,0
sample_08115.docx,10,66,0.0,0.0,60,0.0,0.0,0.0,0.0,0.0,0
sample_14792.docx,0,0,0.0,0.0,0,0.0,0.0,0.0,0.0,0.0,1
sample_07056.docx,11,66,0.0,0.0,60,0.0,0.0,0.0,0.0,0.0,0
sample_17623.docx,0,0,0.0,0.0,0,0.0,0.0,0.0,0.0,0.0,1
sample_01237.docx,0,0,0.0,0.0,0,0.0,0.0,0.0,0.0,0.0,1
sample_02350.docx,0,0,0.0,0.0,0,0.0,0.0,0.0,0.0,0.0,1
sample_06844.docx,0,0,0.0,0.0,0,0.0,0.0,0.0,0.0,0.0,1
sample_17432.docx,10,66,0.0,0.0,60,0.0,0.0,0.0,0.0,0.0,0
sample_07605.docx,0,0,0.0,0.0,0,0.0,0.0,0.0,0.0,0.0,1
sample_14493.docx,10,66,0.0,0.0,60,0.0,0.0,0.0,0.0,0.0,0
sample_07476.docx,9,66,1.0,1.0,60,3.0,1.0,1.0,1.0,5.0,1
sample_11714.docx,10,66,0.0,0.0,60,0.0,0.0,0.0,0.0,0.0,0
sample_03717.docx,10,66,0.0,0.0,60,0.0,0.0,0.0,0.0,0.0,0
sample_10559.docx,0,0,0.0,0.0,0,0.0,0.0,0.0,0.0,0.0,1
sample_00309.docx,0,0,0.0,0.0,0,0.0,0.0,0.0,0.0,0.0,1
sample_05517.docx,0,0,0.0,0.0,0,0.0,0.0,0.0,0.0,0.0,1
sample_04835.docx,0,0,0.0,0.0,0,0.0,0.0,0.0,0.0,0.0,1
sample_12254.docx,9,66,1.0,1.0,60,3.0,1.0,1.0,1.0,5.0,1
sample_00185.docx,0,0,0.0,0.0,0,0.0,0.0,0.0,0.0,0.0,1
sample_05095.docx,0,0,0.0,0.0,0,0.0,0.0,0.0,0.0,0.0,1
sample_05937.docx,10,66,0.0,0.0,60,0.0,0.0,0.0,0.0,0.0,0
sample_19447.docx,10,66,0.0,0.0,60,0.0,0.0,0.0,0.0,0.0,0
sample_08239.docx,0,0,0.0,0.0,0,0.0,0.0,0.0,0.0,0.0,1
sample_00241.docx,9,66,1.0,1.0,60,3.0,1.0,1.0,1.0,5.0,1
sample_11299.docx,9,100,1.0,1.0,94,3.0,1.0,1.0,1.0,5.0,1
sample_07183.docx,10,66,0.0,0.0,60,0.0,0.0,0.0,0.0,0.0,0
sample_12199.docx,9,66,1.0,1.0,60,3.0,1.0,1.0,1.0,5.0,1
sample_06332.docx,10,66,0.0,0.0,60,0.0,0.0,0.0,0.0,0.0,0
sample_00364.docx,0,0,0.0,0.0,0,0.0,0.0,0.0,0.0,0.0,1
sample_09929.docx,10,66,0.0,0.0,60,0.0,0.0,0.0,0.0,0.0,0
sample_10009.docx,0,0,0.0,0.0,0,0.0,0.0,0.0,0.0,0.0,1
sample_04304.docx,10,66,0.0,0.0,60,0.0,0.0,0.0,0.0,0.0,0
sample_01506.docx,10,66,0.0,0.0,60,0.0,0.0,0.0,0.0,0.0,0
sample_01972.docx,10,66,0.0,0.0,60,0.0,0.0,0.0,0.0,0.0,0
sample_11407.docx,0,0,0.0,0.0,0,0.0,0.0,0.0,0.0,0.0,1
sample_16494.docx,10,66,0.0,0.0,60,0.0,0.0,0.0,0.0,0.0,0
sample_08756.docx,0,0,0.0,0.0,0,0.0,0.0,0.0,0.0,0.0,1
sample_05194.docx,0,0,0.0,0.0,0,0.0,0.0,0.0,0.0,0.0,1
sample_15577.docx,10,66,0.0,0.0,60,0.0,0.0,0.0,0.0,0.0,0
sample_06886.docx,0,0,0.0,0.0,0,0.0,0.0,0.0,0.0,0.0,1
sample_08459.docx,0,0,0.0,0.0,0,0.0,0.0,0.0,0.0,0.0,1
sample_02113.docx,9,66,1.0,1.0,60,3.0,1.0,1.0,1.0,5.0,1
sample_04158.docx,10,66,0.0,0.0,60,0.0,0.0,0.0,0.0,0.0,0
sample_08477.docx,10,66,0.0,0.0,60,0.0,0.0,0.0,0.0,0.0,0
sample_13221.docx,0,0,0.0,0.0,0,0.0,0.0,0.0,0.0,0.0,1
sample_19937.docx,10,66,0.0,0.0,60,0.0,0.0,0.0,0.0,0.0,0
sample_15315.docx,0,0,0.0,0.0,0,0.0,0.0,0.0,0.0,0.0,1
sample_02856.docx,0,0,0.0,0.0,0,0.0,0.0,0.0,0.0,0.0,1
sample_06170.docx,9,66,1.0,1.0,60,3.0,1.0,1.0,1.0,5.0,1
sample_07689.docx,10,66,0.0,0.0,60,0.0,0.0,0.0,0.0,0.0,0
sample_13455.docx,11,66,0.0,0.0,60,0.0,0.0,0.0,0.0,0.0,0
sample_13787.docx,0,0,0.0,0.0,0,0.0,0.0,0.0,0.0,0.0,1
sample_02127.docx,0,0,0.0,0.0,0,0.0,0.0,0.0,0.0,0.0,1
sample_03271.docx,9,100,1.0,1.0,94,3.0,1.0,1.0,1.0,5.0,1
sample_01475.docx,9,100,0.0,0.0,94,0.0,0.0,0.0,0.0,0.0,0
sample_06795.docx,10,66,0.0,0.0,60,0.0,0.0,0.0,0.0,0.0,0
sample_10419.docx,10,66,0.0,0.0,60,0.0,0.0,0.0,0.0,0.0,0
sample_16819.docx,10,66,0.0,0.0,60,0.0,0.0,0.0,0.0,0.0,0
sample_04648.docx,0,0,0.0,0.0,0,0.0,0.0,0.0,0.0,0.0,1
sample_06776.docx,0,0,0.0,0.0,0,0.0,0.0,0.0,0.0,0.0,1
sample_11177.docx,10,66,0.0,0.0,60,0.0,0.0,0.0,0.0,0.0,0
sample_15959.docx,10,66,0.0,0.0,60,0.0,0.0,0.0,0.0,0.0,0
sample_14618.docx,10,66,0.0,0.0,60,0.0,0.0,0.0,0.0,0.0,0
sample_16768.docx,0,0,0.0,0.0,0,0.0,0.0,0.0,0.0,0.0,1
sample_05905.docx,0,0,0.0,0.0,0,0.0,0.0,0.0,0.0,0.0,1
sample_00721.docx,10,66,0.0,0.0,60,0.0,0.0,0.0,0.0,0.0,0
sample_08242.docx,0,0,0.0,0.0,0,0.0,0.0,0.0,0.0,0.0,1
sample_15811.docx,10,66,0.0,0.0,60,0.0,0.0,0.0,0.0,0.0,0
sample_13029.docx,0,0,0.0,0.0,0,0.0,0.0,0.0,0.0,0.0,1
sample_04651.docx,10,66,0.0,0.0,60,0.0,0.0,0.0,0.0,0.0,0
sample_14628.docx,10,66,0.0,0.0,60,0.0,0.0,0.0,0.0,0.0,0
sample_02388.docx,0,0,0.0,0.0,0,0.0,0.0,0.0,0.0,0.0,1
sample_00201.docx,0,0,0.0,0.0,0,0.0,0.0,0.0,0.0,0.0,1
sample_07930.docx,9,100,1.0,1.0,94,3.0,1.0,1.0,1.0,5.0,1
sample_05614.docx,10,66,0.0,0.0,60,0.0,0.0,0.0,0.0,0.0,0
sample_15981.docx,10,66,0.0,0.0,60,0.0,0.0,0.0,0.0,0.0,0
sample_11365.docx,0,0,0.0,0.0,0,0.0,0.0,0.0,0.0,0.0,1
sample_01707.docx,10,66,0.0,0.0,60,0.0,0.0,0.0,0.0,0.0,0
sample_14037.docx,0,0,0.0,0.0,0,0.0,0.0,0.0,0.0,0.0,1
sample_19499.docx,10,66,0.0,0.0,60,0.0,0.0,0.0,0.0,0.0,0
sample_14325.docx,9,100,1.0,1.0,94,3.0,1.0,1.0,1.0,5.0,1
sample_18796.docx,9,66,1.0,1.0,60,3.0,1.0,1.0,1.0,5.0,1
sample_05472.docx,0,0,0.0,0.0,0,0.0,0.0,0.0,0.0,0.0,1
sample_19677.docx,10,66,0.0,0.0,60,0.0,0.0,0.0,0.0,0.0,0
sample_07093.docx,10,66,0.0,0.0,60,0.0,0.0,0.0,0.0,0.0,0
sample_06678.docx,0,0,0.0,0.0,0,0.0,0.0,0.0,0.0,0.0,1
sample_03422.docx,9,100,1.0,1.0,94,3.0,1.0,1.0,1.0,5.0,1
sample_10595.docx,0,0,0.0,0.0,0,0.0,0.0,0.0,0.0,0.0,1
sample_06488.docx,10,66,0.0,0.0,60,0.0,0.0,0.0,0.0,0.0,0
sample_12590.docx,10,66,0.0,0.0,60,0.0,0.0,0.0,0.0,0.0,0
sample_10454.docx,0,0,0.0,0.0,0,0.0,0.0,0.0,0.0,0.0,1
sample_08439.docx,10,66,0.0,0.0,60,0.0,0.0,0.0,0.0,0.0,0
sample_18145.docx,9,100,0.0,0.0,94,0.0,0.0,0.0,0.0,0.0,0
sample_11179.docx,10,66,0.0,0.0,60,0.0,0.0,0.0,0.0,0.0,0
sample_15570.docx,0,0,0.0,0.0,0,0.0,0.0,0.0,0.0,0.0,1
sample_13783.docx,10,66,0.0,0.0,60,0.0,0.0,0.0,0.0,0.0,0
sample_09591.docx,9,66,1.0,1.0,60,3.0,1.0,1.0,1.0,5.0,1
sample_18849.docx,10,66,0.0,0.0,60,0.0,0.0,0.0,0.0,0.0,0
sample_03156.docx,9,100,1.0,1.0,94,3.0,1.0,1.0,1.0,5.0,1
sample_11006.docx,0,0,0.0,0.0,0,0.0,0.0,0.0,0.0,0.0,1
sample_12657.docx,10,66,0.0,0.0,60,0.0,0.0,0.0,0.0,0.0,0
sample_13678.docx,0,0,0.0,0.0,0,0.0,0.0,0.0,0.0,0.0,1
sample_00553.docx,0,0,0.0,0.0,0,0.0,0.0,0.0,0.0,0.0,1
sample_10330.docx,0,0,0.0,0.0,0,0.0,0.0,0.0,0.0,0.0,1
sample_18343.docx,10,66,0.0,0.0,60,0.0,0.0,0.0,0.0,0.0,0
sample_06499.docx,0,0,0.0,0.0,0,0.0,0.0,0.0,0.0,0.0,1
sample_18653.docx,10,66,0.0,0.0,60,0.0,0.0,0.0,0.0,0.0,0
sample_15280.docx,0,0,0.0,0.0,0,0.0,0.0,0.0,0.0,0.0,1
sample_17361.docx,10,66,0.0,0.0,60,0.0,0.0,0.0,0.0,0.0,0
sample_06359.docx,10,66,0.0,0.0,60,0.0,0.0,0.0,0.0,0.0,0
sample_13592.docx,10,66,0.0,0.0,60,0.0,0.0,0.0,0.0,0.0,0
sample_03337.docx,10,66,0.0,0.0,60,0.0,0.0,0.0,0.0,0.0,0
sample_11697.docx,10,66,0.0,0.0,60,0.0,0.0,0.0,0.0,0.0,0
sample_06061.docx,10,66,0.0,0.0,60,0.0,0.0,0.0,0.0,0.0,0
sample_06580.docx,9,66,1.0,1.0,60,3.0,1.0,1.0,1.0,5.0,1
sample_05131.docx,0,0,0.0,0.0,0,0.0,0.0,0.0,0.0,0.0,1
sample_09925.docx,10,66,0.0,0.0,60,0.0,0.0,0.0,0.0,0.0,0
sample_10053.docx,9,100,1.0,1.0,94,3.0,1.0,1.0,1.0,5.0,1
sample_19037.docx,0,0,0.0,0.0,0,0.0,0.0,0.0,0.0,0.0,1
sample_12531.docx,10,66,0.0,0.0,60,0.0,0.0,0.0,0.0,0.0,0
sample_04940.docx,9,100,1.0,1.0,94,3.0,1.0,1.0,1.0,5.0,1
sample_17281.docx,10,66,0.0,0.0,60,0.0,0.0,0.0,0.0,0.0,0
sample_03484.docx,9,100,1.0,1.0,94,3.0,1.0,1.0,1.0,5.0,1
sample_04190.docx,10,66,0.0,0.0,60,0.0,0.0,0.0,0.0,0.0,0
sample_15298.docx,9,100,1.0,1.0,94,3.0,1.0,1.0,1.0,5.0,1
sample_14067.docx,9,100,1.0,1.0,94,3.0,1.0,1.0,1.0,5.0,1
sample_02592.docx,10,66,0.0,0.0,60,0.0,0.0,0.0,0.0,0.0,0
sample_14424.docx,0,0,0.0,0.0,0,0.0,0.0,0.0,0.0,0.0,1
sample_05209.docx,10,66,0.0,0.0,60,0.0,0.0,0.0,0.0,0.0,0
sample_06350.docx,9,100,1.0,1.0,94,3.0,1.0,1.0,1.0,5.0,1
sample_11665.docx,10,66,0.0,0.0,60,0.0,0.0,0.0,0.0,0.0,0
sample_17043.docx,0,0,0.0,0.0,0,0.0,0.0,0.0,0.0,0.0,1
sample_17314.docx,0,0,0.0,0.0,0,0.0,0.0,0.0,0.0,0.0,1
sample_16803.docx,0,0,0.0,0.0,0,0.0,0.0,0.0,0.0,0.0,1
sample_08401.docx,0,0,0.0,0.0,0,0.0,0.0,0.0,0.0,0.0,1
sample_09209.docx,0,0,0.0,0.0,0,0.0,0.0,0.0,0.0,0.0,1
sample_17371.docx,10,66,0.0,0.0,60,0.0,0.0,0.0,0.0,0.0,0
sample_01738.docx,10,66,0.0,0.0,60,0.0,0.0,0.0,0.0,0.0,0
sample_13864.docx,0,0,0.0,0.0,0,0.0,0.0,0.0,0.0,0.0,1
sample_17717.docx,0,0,0.0,0.0,0,0.0,0.0,0.0,0.0,0.0,1
sample_00762.docx,10,66,0.0,0.0,60,0.0,0.0,0.0,0.0,0.0,0
sample_13567.docx,10,66,0.0,0.0,60,0.0,0.0,0.0,0.0,0.0,0
sample_10735.docx,10,66,0.0,0.0,60,0.0,0.0,0.0,0.0,0.0,0
sample_00829.docx,10,66,0.0,0.0,60,0.0,0.0,0.0,0.0,0.0,0
sample_00643.docx,0,0,0.0,0.0,0,0.0,0.0,0.0,0.0,0.0,1
sample_09615.docx,0,0,0.0,0.0,0,0.0,0.0,0.0,0.0,0.0,1
sample_12160.docx,10,66,0.0,0.0,60,0.0,0.0,0.0,0.0,0.0,0
sample_10590.docx,9,100,1.0,1.0,94,3.0,1.0,1.0,1.0,5.0,1
sample_01611.docx,9,66,1.0,1.0,60,3.0,1.0,1.0,1.0,5.0,1
sample_04882.docx,9,100,1.0,1.0,94,3.0,1.0,1.0,1.0,5.0,1
sample_00219.docx,10,66,0.0,0.0,60,0.0,0.0,0.0,0.0,0.0,0
sample_01104.docx,0,0,0.0,0.0,0,0.0,0.0,0.0,0.0,0.0,1
sample_10986.docx,9,100,1.0,1.0,94,3.0,1.0,1.0,1.0,5.0,1
sample_06987.docx,0,0,0.0,0.0,0,0.0,0.0,0.0,0.0,0.0,1
sample_01141.docx,9,66,0.0,0.0,60,0.0,0.0,0.0,0.0,0.0,0
sample_08516.docx,9,66,1.0,1.0,60,3.0,1.0,1.0,1.0,5.0,1
sample_04364.docx,10,66,0.0,0.0,60,0.0,0.0,0.0,0.0,0.0,0
sample_11455.docx,9,100,1.0,1.0,94,3.0,1.0,1.0,1.0,5.0,1
sample_01016.docx,9,100,1.0,1.0,94,3.0,1.0,1.0,1.0,5.0,1
sample_12247.docx,10,66,0.0,0.0,60,0.0,0.0,0.0,0.0,0.0,0
sample_12203.docx,10,66,0.0,0.0,60,0.0,0.0,0.0,0.0,0.0,0
sample_12049.docx,9,100,1.0,1.0,94,3.0,1.0,1.0,1.0,5.0,1
sample_16056.docx,10,66,0.0,0.0,60,0.0,0.0,0.0,0.0,0.0,0
sample_01189.docx,10,66,0.0,0.0,60,0.0,0.0,0.0,0.0,0.0,0
sample_00289.docx,9,66,1.0,1.0,60,3.0,1.0,1.0,1.0,5.0,1
sample_17913.docx,0,0,0.0,0.0,0,0.0,0.0,0.0,0.0,0.0,1
sample_11332.docx,10,66,0.0,0.0,60,0.0,0.0,0.0,0.0,0.0,0
sample_09119.docx,10,66,0.0,0.0,60,0.0,0.0,0.0,0.0,0.0,0
sample_15066.docx,0,0,0.0,0.0,0,0.0,0.0,0.0,0.0,0.0,1
sample_01356.docx,0,0,0.0,0.0,0,0.0,0.0,0.0,0.0,0.0,1
sample_09681.docx,0,0,0.0,0.0,0,0.0,0.0,0.0,0.0,0.0,1
sample_05785.docx,0,0,0.0,0.0,0,0.0,0.0,0.0,0.0,0.0,1
sample_03518.docx,10,66,0.0,0.0,60,0.0,0.0,0.0,0.0,0.0,0
sample_16576.docx,10,66,0.0,0.0,60,0.0,0.0,0.0,0.0,0.0,0
sample_03736.docx,9,100,0.0,0.0,94,0.0,0.0,0.0,0.0,0.0,0
sample_10280.docx,10,66,0.0,0.0,60,0.0,0.0,0.0,0.0,0.0,0
sample_16935.docx,10,66,0.0,0.0,60,0.0,0.0,0.0,0.0,0.0,0
sample_19826.docx,10,66,0.0,0.0,60,0.0,0.0,0.0,0.0,0.0,0
sample_17790.docx,9,100,1.0,1.0,94,3.0,1.0,1.0,1.0,5.0,1
sample_14040.docx,10,66,0.0,0.0,60,0.0,0.0,0.0,0.0,0.0,0
sample_09864.docx,0,0,0.0,0.0,0,0.0,0.0,0.0,0.0,0.0,1
sample_06997.docx,10,66,0.0,0.0,60,0.0,0.0,0.0,0.0,0.0,0
sample_19609.docx,10,66,0.0,0.0,60,0.0,0.0,0.0,0.0,0.0,0
sample_12486.docx,10,66,0.0,0.0,60,0.0,0.0,0.0,0.0,0.0,0
sample_12010.docx,10,66,0.0,0.0,60,0.0,0.0,0.0,0.0,0.0,0
sample_02580.docx,10,66,0.0,0.0,60,0.0,0.0,0.0,0.0,0.0,0
sample_19104.docx,10,66,0.0,0.0,60,0.0,0.0,0.0,0.0,0.0,0
sample_11021.docx,11,64,0.0,0.0,58,0.0,0.0,0.0,0.0,0.0,0
sample_14378.docx,0,0,0.0,0.0,0,0.0,0.0,0.0,0.0,0.0,1
sample_08226.docx,10,66,0.0,0.0,60,0.0,0.0,0.0,0.0,0.0,0
sample_06090.docx,9,100,0.0,0.0,94,0.0,0.0,0.0,0.0,0.0,0
sample_06194.docx,9,66,1.0,1.0,60,3.0,1.0,1.0,1.0,5.0,1
sample_14635.docx,10,66,0.0,0.0,60,0.0,0.0,0.0,0.0,0.0,0
sample_18366.docx,10,66,0.0,0.0,60,0.0,0.0,0.0,0.0,0.0,0
sample_12155.docx,10,66,0.0,0.0,60,0.0,0.0,0.0,0.0,0.0,0
sample_13812.docx,10,66,0.0,0.0,60,0.0,0.0,0.0,0.0,0.0,0
sample_03646.docx,10,66,0.0,0.0,60,0.0,0.0,0.0,0.0,0.0,0
sample_12932.docx,0,0,0.0,0.0,0,0.0,0.0,0.0,0.0,0.0,1
sample_01620.docx,0,0,0.0,0.0,0,0.0,0.0,0.0,0.0,0.0,1
sample_04182.docx,10,66,0.0,0.0,60,0.0,0.0,0.0,0.0,0.0,0
sample_11373.docx,10,66,0.0,0.0,60,0.0,0.0,0.0,0.0,0.0,0
sample_01928.docx,10,66,0.0,0.0,60,0.0,0.0,0.0,0.0,0.0,0
sample_04445.docx,0,0,0.0,0.0,0,0.0,0.0,0.0,0.0,0.0,1
sample_08740.docx,0,0,0.0,0.0,0,0.0,0.0,0.0,0.0,0.0,1
sample_01900.docx,9,66,1.0,1.0,60,3.0,1.0,1.0,1.0,5.0,1
sample_16765.docx,0,0,0.0,0.0,0,0.0,0.0,0.0,0.0,0.0,1
sample_11524.docx,0,0,0.0,0.0,0,0.0,0.0,0.0,0.0,0.0,1
sample_09847.docx,0,0,0.0,0.0,0,0.0,0.0,0.0,0.0,0.0,1
sample_10211.docx,9,100,1.0,1.0,94,3.0,1.0,1.0,1.0,5.0,1
sample_15612.docx,10,66,0.0,0.0,60,0.0,0.0,0.0,0.0,0.0,0
sample_08676.docx,0,0,0.0,0.0,0,0.0,0.0,0.0,0.0,0.0,1
sample_06644.docx,10,66,0.0,0.0,60,0.0,0.0,0.0,0.0,0.0,0
sample_19672.docx,9,100,1.0,1.0,94,3.0,1.0,1.0,1.0,5.0,1
sample_04686.docx,9,100,1.0,1.0,94,3.0,1.0,1.0,1.0,5.0,1
sample_09542.docx,0,0,0.0,0.0,0,0.0,0.0,0.0,0.0,0.0,1
sample_15495.docx,10,66,0.0,0.0,60,0.0,0.0,0.0,0.0,0.0,0
sample_06518.docx,10,66,0.0,0.0,60,0.0,0.0,0.0,0.0,0.0,0
sample_17882.docx,0,0,0.0,0.0,0,0.0,0.0,0.0,0.0,0.0,1
sample_11470.docx,9,100,1.0,1.0,94,3.0,1.0,1.0,1.0,5.0,1
sample_05771.docx,10,66,0.0,0.0,60,0.0,0.0,0.0,0.0,0.0,0
sample_09818.docx,0,0,0.0,0.0,0,0.0,0.0,0.0,0.0,0.0,1
sample_11238.docx,0,66,0.0,0.0,60,0.0,0.0,0.0,0.0,0.0,0
sample_00086.docx,0,0,0.0,0.0,0,0.0,0.0,0.0,0.0,0.0,1
sample_12845.docx,10,66,0.0,0.0,60,0.0,0.0,0.0,0.0,0.0,0
sample_06931.docx,9,100,1.0,1.0,94,3.0,1.0,1.0,1.0,5.0,1
sample_07021.docx,10,66,0.0,0.0,60,0.0,0.0,0.0,0.0,0.0,0
sample_09197.docx,0,0,0.0,0.0,0,0.0,0.0,0.0,0.0,0.0,1
sample_13274.docx,9,100,1.0,1.0,94,3.0,1.0,1.0,1.0,5.0,1
sample_00411.docx,10,66,0.0,0.0,60,0.0,0.0,0.0,0.0,0.0,0
sample_18660.docx,0,0,0.0,0.0,0,0.0,0.0,0.0,0.0,0.0,1
sample_09579.docx,10,66,0.0,0.0,60,0.0,0.0,0.0,0.0,0.0,0
sample_14357.docx,10,66,0.0,0.0,60,0.0,0.0,0.0,0.0,0.0,0
sample_19456.docx,10,66,0.0,0.0,60,0.0,0.0,0.0,0.0,0.0,0
sample_05288.docx,0,0,0.0,0.0,0,0.0,0.0,0.0,0.0,0.0,1
sample_02163.docx,10,66,0.0,0.0,60,0.0,0.0,0.0,0.0,0.0,0
sample_16117.docx,10,66,0.0,0.0,60,0.0,0.0,0.0,0.0,0.0,0
sample_11046.docx,0,0,0.0,0.0,0,0.0,0.0,0.0,0.0,0.0,1
sample_03009.docx,0,0,0.0,0.0,0,0.0,0.0,0.0,0.0,0.0,1
sample_09345.docx,9,100,1.0,1.0,94,3.0,1.0,1.0,1.0,5.0,1
sample_19297.docx,10,66,0.0,0.0,60,0.0,0.0,0.0,0.0,0.0,0
sample_07622.docx,9,66,1.0,1.0,60,3.0,1.0,1.0,1.0,5.0,1
sample_15276.docx,10,66,0.0,0.0,60,0.0,0.0,0.0,0.0,0.0,0
sample_16089.docx,0,0,0.0,0.0,0,0.0,0.0,0.0,0.0,0.0,1
sample_16835.docx,0,0,0.0,0.0,0,0.0,0.0,0.0,0.0,0.0,1
sample_19618.docx,9,66,1.0,1.0,60,3.0,1.0,1.0,1.0,5.0,1
sample_16910.docx,10,66,0.0,0.0,60,0.0,0.0,0.0,0.0,0.0,0
sample_11358.docx,9,100,1.0,1.0,94,3.0,1.0,1.0,1.0,5.0,1
sample_11796.docx,10,66,0.0,0.0,60,0.0,0.0,0.0,0.0,0.0,0
sample_06503.docx,10,66,0.0,0.0,60,0.0,0.0,0.0,0.0,0.0,0
sample_06438.docx,10,66,0.0,0.0,60,0.0,0.0,0.0,0.0,0.0,0
sample_18225.docx,10,66,0.0,0.0,60,0.0,0.0,0.0,0.0,0.0,0
sample_03944.docx,9,100,1.0,1.0,94,3.0,1.0,1.0,1.0,5.0,1
sample_14235.docx,10,66,0.0,0.0,60,0.0,0.0,0.0,0.0,0.0,0
sample_17650.docx,10,66,0.0,0.0,60,0.0,0.0,0.0,0.0,0.0,0
sample_10603.docx,10,66,0.0,0.0,60,0.0,0.0,0.0,0.0,0.0,0
sample_16389.docx,9,100,1.0,1.0,94,3.0,1.0,1.0,1.0,5.0,1
sample_08140.docx,0,0,0.0,0.0,0,0.0,0.0,0.0,0.0,0.0,1
sample_14089.docx,10,66,0.0,0.0,60,0.0,0.0,0.0,0.0,0.0,0
sample_12515.docx,10,66,0.0,0.0,60,0.0,0.0,0.0,0.0,0.0,0
sample_02512.docx,10,66,0.0,0.0,60,0.0,0.0,0.0,0.0,0.0,0
sample_15131.docx,10,66,0.0,0.0,60,0.0,0.0,0.0,0.0,0.0,0
sample_09138.docx,10,66,0.0,0.0,60,0.0,0.0,0.0,0.0,0.0,0
sample_08580.docx,10,66,0.0,0.0,60,0.0,0.0,0.0,0.0,0.0,0
sample_06695.docx,10,66,0.0,0.0,60,0.0,0.0,0.0,0.0,0.0,0
sample_11297.docx,0,0,0.0,0.0,0,0.0,0.0,0.0,0.0,0.0,1
sample_06405.docx,0,0,0.0,0.0,0,0.0,0.0,0.0,0.0,0.0,1
sample_18705.docx,9,66,1.0,1.0,60,3.0,1.0,1.0,1.0,5.0,1
sample_14638.docx,0,0,0.0,0.0,0,0.0,0.0,0.0,0.0,0.0,1
sample_06041.docx,10,66,0.0,0.0,60,0.0,0.0,0.0,0.0,0.0,0
sample_14506.docx,0,0,0.0,0.0,0,0.0,0.0,0.0,0.0,0.0,1
sample_14662.docx,10,66,0.0,0.0,60,0.0,0.0,0.0,0.0,0.0,0
sample_08277.docx,10,66,0.0,0.0,60,0.0,0.0,0.0,0.0,0.0,0
sample_08927.docx,10,66,0.0,0.0,60,0.0,0.0,0.0,0.0,0.0,0
sample_00405.docx,10,66,0.0,0.0,60,0.0,0.0,0.0,0.0,0.0,0
sample_07599.docx,9,100,1.0,1.0,94,3.0,1.0,1.0,1.0,5.0,1
sample_12826.docx,9,100,1.0,1.0,94,3.0,1.0,1.0,1.0,5.0,1
sample_11447.docx,10,66,0.0,0.0,60,0.0,0.0,0.0,0.0,0.0,0
sample_18027.docx,0,0,0.0,0.0,0,0.0,0.0,0.0,0.0,0.0,1
sample_09960.docx,0,0,0.0,0.0,0,0.0,0.0,0.0,0.0,0.0,1
sample_16954.docx,10,66,0.0,0.0,60,0.0,0.0,0.0,0.0,0.0,0
sample_09162.docx,10,66,0.0,0.0,60,0.0,0.0,0.0,0.0,0.0,0
sample_02324.docx,0,0,0.0,0.0,0,0.0,0.0,0.0,0.0,0.0,1
sample_15665.docx,0,0,0.0,0.0,0,0.0,0.0,0.0,0.0,0.0,1
sample_04577.docx,0,0,0.0,0.0,0,0.0,0.0,0.0,0.0,0.0,1
sample_00282.docx,0,0,0.0,0.0,0,0.0,0.0,0.0,0.0,0.0,1
sample_15664.docx,10,66,0.0,0.0,60,0.0,0.0,0.0,0.0,0.0,0
sample_16733.docx,10,66,0.0,0.0,60,0.0,0.0,0.0,0.0,0.0,0
sample_05010.docx,9,100,1.0,1.0,94,3.0,1.0,1.0,1.0,5.0,1
sample_08312.docx,9,100,1.0,1.0,94,3.0,1.0,1.0,1.0,5.0,1
sample_05223.docx,10,66,0.0,0.0,60,0.0,0.0,0.0,0.0,0.0,0
sample_18886.docx,0,0,0.0,0.0,0,0.0,0.0,0.0,0.0,0.0,1
sample_11129.docx,0,0,0.0,0.0,0,0.0,0.0,0.0,0.0,0.0,1
sample_06992.docx,0,0,0.0,0.0,0,0.0,0.0,0.0,0.0,0.0,1
sample_18471.docx,0,0,0.0,0.0,0,0.0,0.0,0.0,0.0,0.0,1
sample_11974.docx,10,66,0.0,0.0,60,0.0,0.0,0.0,0.0,0.0,0
sample_05499.docx,9,100,1.0,1.0,94,3.0,1.0,1.0,1.0,5.0,1
sample_02395.docx,10,66,0.0,0.0,60,0.0,0.0,0.0,0.0,0.0,0
sample_02673.docx,0,0,0.0,0.0,0,0.0,0.0,0.0,0.0,0.0,1
sample_04334.docx,10,66,0.0,0.0,60,0.0,0.0,0.0,0.0,0.0,0
sample_12509.docx,9,100,1.0,1.0,94,3.0,1.0,1.0,1.0,5.0,1
sample_12805.docx,9,100,1.0,1.0,94,3.0,1.0,1.0,1.0,5.0,1
sample_11771.docx,9,100,1.0,1.0,94,3.0,1.0,1.0,1.0,5.0,1
sample_14418.docx,10,66,0.0,0.0,60,0.0,0.0,0.0,0.0,0.0,0
sample_13902.docx,0,0,0.0,0.0,0,0.0,0.0,0.0,0.0,0.0,1
sample_04624.docx,10,66,0.0,0.0,60,0.0,0.0,0.0,0.0,0.0,0
sample_10239.docx,10,66,0.0,0.0,60,0.0,0.0,0.0,0.0,0.0,0
sample_04963.docx,10,66,0.0,0.0,60,0.0,0.0,0.0,0.0,0.0,0
sample_06960.docx,0,0,0.0,0.0,0,0.0,0.0,0.0,0.0,0.0,1
sample_19310.docx,9,66,1.0,1.0,60,3.0,1.0,1.0,1.0,5.0,1
sample_08378.docx,0,0,0.0,0.0,0,0.0,0.0,0.0,0.0,0.0,1
sample_19797.docx,10,66,0.0,0.0,60,0.0,0.0,0.0,0.0,0.0,0
sample_09282.docx,0,0,0.0,0.0,0,0.0,0.0,0.0,0.0,0.0,1
sample_08991.docx,0,0,0.0,0.0,0,0.0,0.0,0.0,0.0,0.0,1
sample_10397.docx,9,100,1.0,1.0,94,3.0,1.0,1.0,1.0,5.0,1
sample_02317.docx,10,66,0.0,0.0,60,0.0,0.0,0.0,0.0,0.0,0
sample_18892.docx,0,0,0.0,0.0,0,0.0,0.0,0.0,0.0,0.0,1
sample_12367.docx,0,0,0.0,0.0,0,0.0,0.0,0.0,0.0,0.0,1
sample_01026.docx,9,100,1.0,1.0,94,3.0,1.0,1.0,1.0,5.0,1
sample_18549.docx,9,100,1.0,1.0,94,3.0,1.0,1.0,1.0,5.0,1
sample_11650.docx,9,100,1.0,1.0,94,3.0,1.0,1.0,1.0,5.0,1
sample_01903.docx,0,0,0.0,0.0,0,0.0,0.0,0.0,0.0,0.0,1
sample_16208.docx,10,66,0.0,0.0,60,0.0,0.0,0.0,0.0,0.0,0
sample_04911.docx,0,0,0.0,0.0,0,0.0,0.0,0.0,0.0,0.0,1
sample_02023.docx,10,66,0.0,0.0,60,0.0,0.0,0.0,0.0,0.0,0
sample_12142.docx,10,66,0.0,0.0,60,0.0,0.0,0.0,0.0,0.0,0
sample_04451.docx,10,66,0.0,0.0,60,0.0,0.0,0.0,0.0,0.0,0
sample_00580.docx,0,0,0.0,0.0,0,0.0,0.0,0.0,0.0,0.0,1
sample_07383.docx,0,0,0.0,0.0,0,0.0,0.0,0.0,0.0,0.0,1
sample_06889.docx,9,100,1.0,1.0,94,3.0,1.0,1.0,1.0,5.0,1
sample_02098.docx,9,66,1.0,1.0,60,3.0,1.0,1.0,1.0,5.0,1
sample_02390.docx,10,66,0.0,0.0,60,0.0,0.0,0.0,0.0,0.0,0
sample_02588.docx,0,0,0.0,0.0,0,0.0,0.0,0.0,0.0,0.0,1
sample_02617.docx,9,100,1.0,1.0,94,3.0,1.0,1.0,1.0,5.0,1
sample_17547.docx,10,66,0.0,0.0,60,0.0,0.0,0.0,0.0,0.0,0
sample_08402.docx,0,0,0.0,0.0,0,0.0,0.0,0.0,0.0,0.0,1
sample_01628.docx,9,100,1.0,1.0,94,3.0,1.0,1.0,1.0,5.0,1
sample_04890.docx,0,0,0.0,0.0,0,0.0,0.0,0.0,0.0,0.0,1
sample_05995.docx,10,66,0.0,0.0,60,0.0,0.0,0.0,0.0,0.0,0
sample_13459.docx,9,100,1.0,1.0,94,3.0,1.0,1.0,1.0,5.0,1
sample_03351.docx,10,66,0.0,0.0,60,0.0,0.0,0.0,0.0,0.0,0
sample_00438.docx,10,66,0.0,0.0,60,0.0,0.0,0.0,0.0,0.0,0
sample_04286.docx,10,66,0.0,0.0,60,0.0,0.0,0.0,0.0,0.0,0
sample_06038.docx,0,0,0.0,0.0,0,0.0,0.0,0.0,0.0,0.0,1
sample_07135.docx,10,66,0.0,0.0,60,0.0,0.0,0.0,0.0,0.0,0
sample_11713.docx,10,66,0.0,0.0,60,0.0,0.0,0.0,0.0,0.0,0
sample_09712.docx,10,66,0.0,0.0,60,0.0,0.0,0.0,0.0,0.0,0
sample_15645.docx,0,0,0.0,0.0,0,0.0,0.0,0.0,0.0,0.0,1
sample_17457.docx,10,66,0.0,0.0,60,0.0,0.0,0.0,0.0,0.0,0
sample_11402.docx,9,66,0.0,0.0,60,0.0,0.0,0.0,0.0,0.0,0
sample_14608.docx,10,66,0.0,0.0,60,0.0,0.0,0.0,0.0,0.0,0
sample_00106.docx,10,66,0.0,0.0,60,0.0,0.0,0.0,0.0,0.0,0
sample_09332.docx,10,66,0.0,0.0,60,0.0,0.0,0.0,0.0,0.0,0
sample_06849.docx,10,66,0.0,0.0,60,0.0,0.0,0.0,0.0,0.0,0
sample_12776.docx,10,66,0.0,0.0,60,0.0,0.0,0.0,0.0,0.0,0
sample_17693.docx,0,0,0.0,0.0,0,0.0,0.0,0.0,0.0,0.0,1
sample_01750.docx,10,66,0.0,0.0,60,0.0,0.0,0.0,0.0,0.0,0
sample_06073.docx,10,66,0.0,0.0,60,0.0,0.0,0.0,0.0,0.0,0
sample_11923.docx,10,66,0.0,0.0,60,0.0,0.0,0.0,0.0,0.0,0
sample_00056.docx,9,100,1.0,1.0,94,3.0,1.0,1.0,1.0,5.0,1
sample_08715.docx,9,100,1.0,1.0,94,3.0,1.0,1.0,1.0,5.0,1
sample_07774.docx,10,66,0.0,0.0,60,0.0,0.0,0.0,0.0,0.0,0
sample_13662.docx,0,0,0.0,0.0,0,0.0,0.0,0.0,0.0,0.0,1
sample_13148.docx,9,100,1.0,1.0,94,3.0,1.0,1.0,1.0,5.0,1
sample_05603.docx,9,100,1.0,1.0,94,3.0,1.0,1.0,1.0,5.0,1
sample_09880.docx,0,0,0.0,0.0,0,0.0,0.0,0.0,0.0,0.0,1
sample_09605.docx,0,0,0.0,0.0,0,0.0,0.0,0.0,0.0,0.0,1
sample_12933.docx,10,66,0.0,0.0,60,0.0,0.0,0.0,0.0,0.0,0
sample_16643.docx,0,0,0.0,0.0,0,0.0,0.0,0.0,0.0,0.0,1
sample_07106.docx,10,66,0.0,0.0,60,0.0,0.0,0.0,0.0,0.0,0
sample_05674.docx,10,66,0.0,0.0,60,0.0,0.0,0.0,0.0,0.0,0
sample_11012.docx,9,66,1.0,1.0,60,3.0,1.0,1.0,1.0,5.0,1
sample_14973.docx,0,0,0.0,0.0,0,0.0,0.0,0.0,0.0,0.0,1
sample_10186.docx,0,0,0.0,0.0,0,0.0,0.0,0.0,0.0,0.0,1
sample_02140.docx,0,0,0.0,0.0,0,0.0,0.0,0.0,0.0,0.0,1
sample_13739.docx,10,66,0.0,0.0,60,0.0,0.0,0.0,0.0,0.0,0
sample_11369.docx,10,66,0.0,0.0,60,0.0,0.0,0.0,0.0,0.0,0
sample_02270.docx,0,0,0.0,0.0,0,0.0,0.0,0.0,0.0,0.0,1
sample_04257.docx,0,0,0.0,0.0,0,0.0,0.0,0.0,0.0,0.0,1
sample_13061.docx,0,0,0.0,0.0,0,0.0,0.0,0.0,0.0,0.0,1
sample_04007.docx,10,66,0.0,0.0,60,0.0,0.0,0.0,0.0,0.0,0
sample_18397.docx,10,66,0.0,0.0,60,0.0,0.0,0.0,0.0,0.0,0
sample_19982.docx,9,100,1.0,1.0,94,3.0,1.0,1.0,1.0,5.0,1
sample_15296.docx,10,66,0.0,0.0,60,0.0,0.0,0.0,0.0,0.0,0
sample_05608.docx,9,100,1.0,1.0,94,3.0,1.0,1.0,1.0,5.0,1
sample_06014.docx,10,66,0.0,0.0,60,0.0,0.0,0.0,0.0,0.0,0
sample_14203.docx,10,66,0.0,0.0,60,0.0,0.0,0.0,0.0,0.0,0
sample_14108.docx,10,66,0.0,0.0,60,0.0,0.0,0.0,0.0,0.0,0
sample_10111.docx,0,0,0.0,0.0,0,0.0,0.0,0.0,0.0,0.0,1
sample_17092.docx,9,100,1.0,1.0,94,3.0,1.0,1.0,1.0,5.0,1
sample_16432.docx,9,100,1.0,1.0,94,3.0,1.0,1.0,1.0,5.0,1
sample_10267.docx,0,0,0.0,0.0,0,0.0,0.0,0.0,0.0,0.0,1
sample_02621.docx,10,66,0.0,0.0,60,0.0,0.0,0.0,0.0,0.0,0
sample_06534.docx,0,0,0.0,0.0,0,0.0,0.0,0.0,0.0,0.0,1
sample_05084.docx,0,0,0.0,0.0,0,0.0,0.0,0.0,0.0,0.0,1
sample_08367.docx,10,66,0.0,0.0,60,0.0,0.0,0.0,0.0,0.0,0
sample_14647.docx,9,100,1.0,1.0,94,3.0,1.0,1.0,1.0,5.0,1
sample_01192.docx,10,66,0.0,0.0,60,0.0,0.0,0.0,0.0,0.0,0
sample_12418.docx,10,66,0.0,0.0,60,0.0,0.0,0.0,0.0,0.0,0
sample_14930.docx,9,100,1.0,1.0,94,3.0,1.0,1.0,1.0,5.0,1
sample_17532.docx,0,0,0.0,0.0,0,0.0,0.0,0.0,0.0,0.0,1
sample_11066.docx,9,66,1.0,1.0,60,3.0,1.0,1.0,1.0,5.0,1
sample_10648.docx,0,66,0.0,0.0,60,0.0,0.0,0.0,0.0,0.0,0
sample_11222.docx,10,66,0.0,0.0,60,0.0,0.0,0.0,0.0,0.0,0
sample_02261.docx,0,0,0.0,0.0,0,0.0,0.0,0.0,0.0,0.0,1
sample_18009.docx,10,66,0.0,0.0,60,0.0,0.0,0.0,0.0,0.0,0
sample_06601.docx,10,66,0.0,0.0,60,0.0,0.0,0.0,0.0,0.0,0
sample_16069.docx,0,0,0.0,0.0,0,0.0,0.0,0.0,0.0,0.0,1
sample_18634.docx,10,66,0.0,0.0,60,0.0,0.0,0.0,0.0,0.0,0
sample_06558.docx,10,66,0.0,0.0,60,0.0,0.0,0.0,0.0,0.0,0
sample_04598.docx,0,0,0.0,0.0,0,0.0,0.0,0.0,0.0,0.0,1
sample_11906.docx,10,66,0.0,0.0,60,0.0,0.0,0.0,0.0,0.0,0
sample_19796.docx,10,66,0.0,0.0,60,0.0,0.0,0.0,0.0,0.0,0
sample_00233.docx,10,66,0.0,0.0,60,0.0,0.0,0.0,0.0,0.0,0
sample_19513.docx,0,0,0.0,0.0,0,0.0,0.0,0.0,0.0,0.0,1
sample_15275.docx,10,66,0.0,0.0,60,0.0,0.0,0.0,0.0,0.0,0
sample_03552.docx,9,100,1.0,1.0,94,3.0,1.0,1.0,1.0,5.0,1
sample_15149.docx,0,0,0.0,0.0,0,0.0,0.0,0.0,0.0,0.0,1
sample_13004.docx,9,100,1.0,1.0,94,3.0,1.0,1.0,1.0,5.0,1
sample_09234.docx,0,0,0.0,0.0,0,0.0,0.0,0.0,0.0,0.0,1
sample_07501.docx,9,100,1.0,1.0,94,3.0,1.0,1.0,1.0,5.0,1
sample_02948.docx,0,0,0.0,0.0,0,0.0,0.0,0.0,0.0,0.0,1
sample_19121.docx,10,66,0.0,0.0,60,0.0,0.0,0.0,0.0,0.0,0
sample_05145.docx,10,66,0.0,0.0,60,0.0,0.0,0.0,0.0,0.0,0
sample_17347.docx,10,66,0.0,0.0,60,0.0,0.0,0.0,0.0,0.0,0
sample_00765.docx,9,66,1.0,1.0,60,3.0,1.0,1.0,1.0,5.0,1
sample_08924.docx,0,0,0.0,0.0,0,0.0,0.0,0.0,0.0,0.0,1
sample_08113.docx,10,66,0.0,0.0,60,0.0,0.0,0.0,0.0,0.0,0
sample_03311.docx,0,0,0.0,0.0,0,0.0,0.0,0.0,0.0,0.0,1
sample_07125.docx,9,100,1.0,1.0,94,3.0,1.0,1.0,1.0,5.0,1
sample_14437.docx,10,66,0.0,0.0,60,0.0,0.0,0.0,0.0,0.0,0
sample_06952.docx,10,66,0.0,0.0,60,0.0,0.0,0.0,0.0,0.0,0
sample_14816.docx,0,0,0.0,0.0,0,0.0,0.0,0.0,0.0,0.0,1
sample_09781.docx,0,0,0.0,0.0,0,0.0,0.0,0.0,0.0,0.0,1
sample_13449.docx,10,66,0.0,0.0,60,0.0,0.0,0.0,0.0,0.0,0
sample_01166.docx,10,66,0.0,0.0,60,0.0,0.0,0.0,0.0,0.0,0
sample_14949.docx,10,66,0.0,0.0,60,0.0,0.0,0.0,0.0,0.0,0
sample_05033.docx,10,66,0.0,0.0,60,0.0,0.0,0.0,0.0,0.0,0
sample_10529.docx,10,66,0.0,0.0,60,0.0,0.0,0.0,0.0,0.0,0
sample_15353.docx,10,66,0.0,0.0,60,0.0,0.0,0.0,0.0,0.0,0
sample_15016.docx,9,100,1.0,1.0,94,3.0,1.0,1.0,1.0,5.0,1
sample_07197.docx,10,66,0.0,0.0,60,0.0,0.0,0.0,0.0,0.0,0
sample_09333.docx,0,0,0.0,0.0,0,0.0,0.0,0.0,0.0,0.0,1
sample_18574.docx,10,66,0.0,0.0,60,0.0,0.0,0.0,0.0,0.0,0
sample_10962.docx,9,66,1.0,1.0,60,3.0,1.0,1.0,1.0,5.0,1
sample_13728.docx,0,0,0.0,0.0,0,0.0,0.0,0.0,0.0,0.0,1
sample_11748.docx,0,0,0.0,0.0,0,0.0,0.0,0.0,0.0,0.0,1
sample_17862.docx,10,66,0.0,0.0,60,0.0,0.0,0.0,0.0,0.0,0
sample_03427.docx,10,66,0.0,0.0,60,0.0,0.0,0.0,0.0,0.0,0
sample_18596.docx,9,100,1.0,1.0,94,3.0,1.0,1.0,1.0,5.0,1
sample_11725.docx,10,66,0.0,0.0,60,0.0,0.0,0.0,0.0,0.0,0
sample_15009.docx,9,100,1.0,1.0,94,3.0,1.0,1.0,1.0,5.0,1
sample_02865.docx,0,0,0.0,0.0,0,0.0,0.0,0.0,0.0,0.0,1
sample_16728.docx,10,66,0.0,0.0,60,0.0,0.0,0.0,0.0,0.0,0
sample_15259.docx,10,66,0.0,0.0,60,0.0,0.0,0.0,0.0,0.0,0
sample_12880.docx,10,66,0.0,0.0,60,0.0,0.0,0.0,0.0,0.0,0
sample_10587.docx,10,66,0.0,0.0,60,0.0,0.0,0.0,0.0,0.0,0
sample_18840.docx,10,66,0.0,0.0,60,0.0,0.0,0.0,0.0,0.0,0
sample_17110.docx,10,66,0.0,0.0,60,0.0,0.0,0.0,0.0,0.0,0
sample_18778.docx,9,100,1.0,1.0,94,3.0,1.0,1.0,1.0,5.0,1
sample_01538.docx,10,66,0.0,0.0,60,0.0,0.0,0.0,0.0,0.0,0
sample_05301.docx,9,66,1.0,1.0,60,3.0,1.0,1.0,1.0,5.0,1
sample_14921.docx,10,66,0.0,0.0,60,0.0,0.0,0.0,0.0,0.0,0
sample_07788.docx,10,66,0.0,0.0,60,0.0,0.0,0.0,0.0,0.0,0
sample_17466.docx,10,66,0.0,0.0,60,0.0,0.0,0.0,0.0,0.0,0
sample_04546.docx,10,66,0.0,0.0,60,0.0,0.0,0.0,0.0,0.0,0
sample_05935.docx,0,0,0.0,0.0,0,0.0,0.0,0.0,0.0,0.0,1
sample_00490.docx,10,66,0.0,0.0,60,0.0,0.0,0.0,0.0,0.0,0
sample_17395.docx,10,66,0.0,0.0,60,0.0,0.0,0.0,0.0,0.0,0
sample_12887.docx,10,66,0.0,0.0,60,0.0,0.0,0.0,0.0,0.0,0
sample_02285.docx,10,66,0.0,0.0,60,0.0,0.0,0.0,0.0,0.0,0
sample_03132.docx,10,66,0.0,0.0,60,0.0,0.0,0.0,0.0,0.0,0
sample_16166.docx,0,0,0.0,0.0,0,0.0,0.0,0.0,0.0,0.0,1
sample_06892.docx,0,0,0.0,0.0,0,0.0,0.0,0.0,0.0,0.0,1
sample_03177.docx,10,66,0.0,0.0,60,0.0,0.0,0.0,0.0,0.0,0
sample_00161.docx,9,100,1.0,1.0,94,3.0,1.0,1.0,1.0,5.0,1
sample_01137.docx,10,66,0.0,0.0,60,0.0,0.0,0.0,0.0,0.0,0
sample_18654.docx,0,0,0.0,0.0,0,0.0,0.0,0.0,0.0,0.0,1
sample_17222.docx,9,66,1.0,1.0,60,3.0,1.0,1.0,1.0,5.0,1
sample_00444.docx,10,66,0.0,0.0,60,0.0,0.0,0.0,0.0,0.0,0
sample_16441.docx,10,66,0.0,0.0,60,0.0,0.0,0.0,0.0,0.0,0
sample_05130.docx,10,66,0.0,0.0,60,0.0,0.0,0.0,0.0,0.0,0
sample_08409.docx,0,0,0.0,0.0,0,0.0,0.0,0.0,0.0,0.0,1
sample_19024.docx,10,66,0.0,0.0,60,0.0,0.0,0.0,0.0,0.0,0
sample_02003.docx,10,66,0.0,0.0,60,0.0,0.0,0.0,0.0,0.0,0
sample_07913.docx,9,100,1.0,1.0,94,3.0,1.0,1.0,1.0,5.0,1
sample_10328.docx,10,66,0.0,0.0,60,0.0,0.0,0.0,0.0,0.0,0
sample_06044.docx,0,0,0.0,0.0,0,0.0,0.0,0.0,0.0,0.0,1
sample_12973.docx,11,64,0.0,0.0,58,0.0,0.0,0.0,0.0,0.0,0
sample_03771.docx,0,0,0.0,0.0,0,0.0,0.0,0.0,0.0,0.0,1
sample_15587.docx,0,0,0.0,0.0,0,0.0,0.0,0.0,0.0,0.0,1
sample_12037.docx,10,66,0.0,0.0,60,0.0,0.0,0.0,0.0,0.0,0
sample_18856.docx,10,66,0.0,0.0,60,0.0,0.0,0.0,0.0,0.0,0
sample_08862.docx,0,0,0.0,0.0,0,0.0,0.0,0.0,0.0,0.0,1
sample_06935.docx,10,66,0.0,0.0,60,0.0,0.0,0.0,0.0,0.0,0
sample_10167.docx,10,66,0.0,0.0,60,0.0,0.0,0.0,0.0,0.0,0
sample_07007.docx,10,66,0.0,0.0,60,0.0,0.0,0.0,0.0,0.0,0
sample_07969.docx,9,100,1.0,1.0,94,3.0,1.0,1.0,1.0,5.0,1
sample_17238.docx,10,66,0.0,0.0,60,0.0,0.0,0.0,0.0,0.0,0
sample_10502.docx,0,66,0.0,0.0,60,0.0,0.0,0.0,0.0,0.0,0
sample_00300.docx,10,66,0.0,0.0,60,0.0,0.0,0.0,0.0,0.0,0
sample_05094.docx,0,0,0.0,0.0,0,0.0,0.0,0.0,0.0,0.0,1
sample_18962.docx,0,0,0.0,0.0,0,0.0,0.0,0.0,0.0,0.0,1
sample_02108.docx,10,66,0.0,0.0,60,0.0,0.0,0.0,0.0,0.0,0
sample_06888.docx,9,100,1.0,1.0,94,3.0,1.0,1.0,1.0,5.0,1
sample_01008.docx,10,66,0.0,0.0,60,0.0,0.0,0.0,0.0,0.0,0
sample_05779.docx,0,0,0.0,0.0,0,0.0,0.0,0.0,0.0,0.0,1
sample_04428.docx,0,0,0.0,0.0,0,0.0,0.0,0.0,0.0,0.0,1
sample_08021.docx,10,66,0.0,0.0,60,0.0,0.0,0.0,0.0,0.0,0
sample_09801.docx,0,0,0.0,0.0,0,0.0,0.0,0.0,0.0,0.0,1
sample_13035.docx,0,0,0.0,0.0,0,0.0,0.0,0.0,0.0,0.0,1
sample_11869.docx,0,0,0.0,0.0,0,0.0,0.0,0.0,0.0,0.0,1
sample_11247.docx,10,66,0.0,0.0,60,0.0,0.0,0.0,0.0,0.0,0
sample_11648.docx,9,100,1.0,1.0,94,3.0,1.0,1.0,1.0,5.0,1
sample_03111.docx,9,66,1.0,1.0,60,3.0,1.0,1.0,1.0,5.0,1
sample_05308.docx,0,0,0.0,0.0,0,0.0,0.0,0.0,0.0,0.0,1
sample_11804.docx,0,0,0.0,0.0,0,0.0,0.0,0.0,0.0,0.0,1
sample_04324.docx,10,66,0.0,0.0,60,0.0,0.0,0.0,0.0,0.0,0
sample_11075.docx,10,66,0.0,0.0,60,0.0,0.0,0.0,0.0,0.0,0
sample_11103.docx,9,66,1.0,1.0,60,3.0,1.0,1.0,1.0,5.0,1
sample_07525.docx,0,0,0.0,0.0,0,0.0,0.0,0.0,0.0,0.0,1
sample_07601.docx,9,100,1.0,1.0,94,3.0,1.0,1.0,1.0,5.0,1
sample_04328.docx,0,0,0.0,0.0,0,0.0,0.0,0.0,0.0,0.0,1
sample_18508.docx,9,100,1.0,1.0,94,3.0,1.0,1.0,1.0,5.0,1
sample_05317.docx,0,0,0.0,0.0,0,0.0,0.0,0.0,0.0,0.0,1
sample_00009.docx,0,0,0.0,0.0,0,0.0,0.0,0.0,0.0,0.0,1
sample_03964.docx,0,0,0.0,0.0,0,0.0,0.0,0.0,0.0,0.0,1
sample_07104.docx,0,0,0.0,0.0,0,0.0,0.0,0.0,0.0,0.0,1
sample_09851.docx,0,0,0.0,0.0,0,0.0,0.0,0.0,0.0,0.0,1
sample_00135.docx,0,0,0.0,0.0,0,0.0,0.0,0.0,0.0,0.0,1
sample_00648.docx,0,0,0.0,0.0,0,0.0,0.0,0.0,0.0,0.0,1
sample_15174.docx,9,100,1.0,1.0,94,3.0,1.0,1.0,1.0,5.0,1
sample_13957.docx,10,66,0.0,0.0,60,0.0,0.0,0.0,0.0,0.0,0
sample_00194.docx,9,100,1.0,1.0,94,3.0,1.0,1.0,1.0,5.0,1
sample_08423.docx,10,66,0.0,0.0,60,0.0,0.0,0.0,0.0,0.0,0
sample_10944.docx,0,0,0.0,0.0,0,0.0,0.0,0.0,0.0,0.0,1
sample_06173.docx,10,66,0.0,0.0,60,0.0,0.0,0.0,0.0,0.0,0
sample_15884.docx,0,0,0.0,0.0,0,0.0,0.0,0.0,0.0,0.0,1
sample_01701.docx,0,0,0.0,0.0,0,0.0,0.0,0.0,0.0,0.0,1
sample_15053.docx,0,0,0.0,0.0,0,0.0,0.0,0.0,0.0,0.0,1
sample_12050.docx,10,66,0.0,0.0,60,0.0,0.0,0.0,0.0,0.0,0
sample_00509.docx,10,66,0.0,0.0,60,0.0,0.0,0.0,0.0,0.0,0
sample_03320.docx,0,0,0.0,0.0,0,0.0,0.0,0.0,0.0,0.0,1
sample_06155.docx,10,66,0.0,0.0,60,0.0,0.0,0.0,0.0,0.0,0
sample_12729.docx,0,0,0.0,0.0,0,0.0,0.0,0.0,0.0,0.0,1
sample_12386.docx,9,100,1.0,1.0,94,3.0,1.0,1.0,1.0,5.0,1
sample_07184.docx,10,66,0.0,0.0,60,0.0,0.0,0.0,0.0,0.0,0
sample_11191.docx,10,66,0.0,0.0,60,0.0,0.0,0.0,0.0,0.0,0
sample_19457.docx,10,66,0.0,0.0,60,0.0,0.0,0.0,0.0,0.0,0
sample_07938.docx,0,0,0.0,0.0,0,0.0,0.0,0.0,0.0,0.0,1
sample_11609.docx,0,0,0.0,0.0,0,0.0,0.0,0.0,0.0,0.0,1
sample_14150.docx,0,0,0.0,0.0,0,0.0,0.0,0.0,0.0,0.0,1
sample_05246.docx,10,66,0.0,0.0,60,0.0,0.0,0.0,0.0,0.0,0
sample_03772.docx,10,66,0.0,0.0,60,0.0,0.0,0.0,0.0,0.0,0
sample_07772.docx,0,0,0.0,0.0,0,0.0,0.0,0.0,0.0,0.0,1
sample_03118.docx,10,66,0.0,0.0,60,0.0,0.0,0.0,0.0,0.0,0
sample_03723.docx,9,100,1.0,1.0,94,3.0,1.0,1.0,1.0,5.0,1
sample_12641.docx,10,66,0.0,0.0,60,0.0,0.0,0.0,0.0,0.0,0
sample_10778.docx,10,66,0.0,0.0,60,0.0,0.0,0.0,0.0,0.0,0
sample_10091.docx,10,66,0.0,0.0,60,0.0,0.0,0.0,0.0,0.0,0
sample_02059.docx,10,66,0.0,0.0,60,0.0,0.0,0.0,0.0,0.0,0
sample_08441.docx,0,0,0.0,0.0,0,0.0,0.0,0.0,0.0,0.0,1
sample_05218.docx,10,66,0.0,0.0,60,0.0,0.0,0.0,0.0,0.0,0
sample_14443.docx,10,66,0.0,0.0,60,0.0,0.0,0.0,0.0,0.0,0
sample_16908.docx,0,0,0.0,0.0,0,0.0,0.0,0.0,0.0,0.0,1
sample_09319.docx,9,100,1.0,1.0,94,3.0,1.0,1.0,1.0,5.0,1
sample_04299.docx,10,66,0.0,0.0,60,0.0,0.0,0.0,0.0,0.0,0
sample_07994.docx,10,66,0.0,0.0,60,0.0,0.0,0.0,0.0,0.0,0
sample_13357.docx,0,0,0.0,0.0,0,0.0,0.0,0.0,0.0,0.0,1
sample_18340.docx,10,66,0.0,0.0,60,0.0,0.0,0.0,0.0,0.0,0
sample_16403.docx,10,66,0.0,0.0,60,0.0,0.0,0.0,0.0,0.0,0
sample_19936.docx,11,64,0.0,0.0,58,0.0,0.0,0.0,0.0,0.0,0
sample_07430.docx,0,0,0.0,0.0,0,0.0,0.0,0.0,0.0,0.0,1
sample_11246.docx,10,66,0.0,0.0,60,0.0,0.0,0.0,0.0,0.0,0
sample_05569.docx,10,66,0.0,0.0,60,0.0,0.0,0.0,0.0,0.0,0
sample_01703.docx,0,0,0.0,0.0,0,0.0,0.0,0.0,0.0,0.0,1
sample_14123.docx,0,0,0.0,0.0,0,0.0,0.0,0.0,0.0,0.0,1
sample_15846.docx,10,66,0.0,0.0,60,0.0,0.0,0.0,0.0,0.0,0
sample_14878.docx,11,66,0.0,0.0,60,0.0,0.0,0.0,0.0,0.0,0
sample_14525.docx,9,100,1.0,1.0,94,3.0,1.0,1.0,1.0,5.0,1
sample_02777.docx,0,0,0.0,0.0,0,0.0,0.0,0.0,0.0,0.0,1
sample_14449.docx,0,0,0.0,0.0,0,0.0,0.0,0.0,0.0,0.0,1
sample_02638.docx,10,66,0.0,0.0,60,0.0,0.0,0.0,0.0,0.0,0
sample_15028.docx,9,100,1.0,1.0,94,3.0,1.0,1.0,1.0,5.0,1
sample_18609.docx,9,100,1.0,1.0,94,3.0,1.0,1.0,1.0,5.0,1
sample_01892.docx,0,0,0.0,0.0,0,0.0,0.0,0.0,0.0,0.0,1
sample_07923.docx,9,66,0.0,0.0,60,0.0,0.0,0.0,0.0,0.0,0
sample_19288.docx,0,0,0.0,0.0,0,0.0,0.0,0.0,0.0,0.0,1
sample_16632.docx,9,66,1.0,1.0,60,3.0,1.0,1.0,1.0,5.0,1
sample_12121.docx,10,66,0.0,0.0,60,0.0,0.0,0.0,0.0,0.0,0
sample_02637.docx,10,66,0.0,0.0,60,0.0,0.0,0.0,0.0,0.0,0
sample_18685.docx,10,66,0.0,0.0,60,0.0,0.0,0.0,0.0,0.0,0
sample_08700.docx,9,100,1.0,1.0,94,3.0,1.0,1.0,1.0,5.0,1
sample_16442.docx,9,100,1.0,1.0,94,3.0,1.0,1.0,1.0,5.0,1
sample_05351.docx,10,66,0.0,0.0,60,0.0,0.0,0.0,0.0,0.0,0
sample_11087.docx,10,66,0.0,0.0,60,0.0,0.0,0.0,0.0,0.0,0
sample_18801.docx,9,66,1.0,1.0,60,3.0,1.0,1.0,1.0,5.0,1
sample_03331.docx,0,0,0.0,0.0,0,0.0,0.0,0.0,0.0,0.0,1
sample_15833.docx,9,100,1.0,1.0,94,3.0,1.0,1.0,1.0,5.0,1
sample_07038.docx,10,66,0.0,0.0,60,0.0,0.0,0.0,0.0,0.0,0
sample_03972.docx,9,100,1.0,1.0,94,3.0,1.0,1.0,1.0,5.0,1
sample_14008.docx,10,66,0.0,0.0,60,0.0,0.0,0.0,0.0,0.0,0
sample_15225.docx,10,66,0.0,0.0,60,0.0,0.0,0.0,0.0,0.0,0
sample_18490.docx,10,66,0.0,0.0,60,0.0,0.0,0.0,0.0,0.0,0
sample_18215.docx,10,66,0.0,0.0,60,0.0,0.0,0.0,0.0,0.0,0
sample_17904.docx,9,100,1.0,1.0,94,3.0,1.0,1.0,1.0,5.0,1
sample_02037.docx,10,66,0.0,0.0,60,0.0,0.0,0.0,0.0,0.0,0
sample_12893.docx,10,66,0.0,0.0,60,0.0,0.0,0.0,0.0,0.0,0
sample_05690.docx,10,66,0.0,0.0,60,0.0,0.0,0.0,0.0,0.0,0
sample_11994.docx,10,66,0.0,0.0,60,0.0,0.0,0.0,0.0,0.0,0
sample_18592.docx,0,0,0.0,0.0,0,0.0,0.0,0.0,0.0,0.0,1
sample_02946.docx,0,0,0.0,0.0,0,0.0,0.0,0.0,0.0,0.0,1
sample_08056.docx,10,66,0.0,0.0,60,0.0,0.0,0.0,0.0,0.0,0
sample_06156.docx,0,0,0.0,0.0,0,0.0,0.0,0.0,0.0,0.0,1
sample_18244.docx,10,66,0.0,0.0,60,0.0,0.0,0.0,0.0,0.0,0
sample_15899.docx,9,100,1.0,1.0,94,3.0,1.0,1.0,1.0,5.0,1
sample_12461.docx,0,0,0.0,0.0,0,0.0,0.0,0.0,0.0,0.0,1
sample_03452.docx,0,0,0.0,0.0,0,0.0,0.0,0.0,0.0,0.0,1
sample_15849.docx,0,0,0.0,0.0,0,0.0,0.0,0.0,0.0,0.0,1
sample_17064.docx,11,66,0.0,0.0,60,0.0,0.0,0.0,0.0,0.0,0
sample_12282.docx,9,66,1.0,1.0,60,3.0,1.0,1.0,1.0,5.0,1
sample_06224.docx,0,0,0.0,0.0,0,0.0,0.0,0.0,0.0,0.0,1
sample_06254.docx,9,66,1.0,1.0,60,3.0,1.0,1.0,1.0,5.0,1
sample_02296.docx,10,66,0.0,0.0,60,0.0,0.0,0.0,0.0,0.0,0
sample_03505.docx,10,66,0.0,0.0,60,0.0,0.0,0.0,0.0,0.0,0
sample_13813.docx,9,100,1.0,1.0,94,3.0,1.0,1.0,1.0,5.0,1
sample_11172.docx,0,0,0.0,0.0,0,0.0,0.0,0.0,0.0,0.0,1
sample_13534.docx,0,0,0.0,0.0,0,0.0,0.0,0.0,0.0,0.0,1
sample_18954.docx,10,66,0.0,0.0,60,0.0,0.0,0.0,0.0,0.0,0
sample_05446.docx,0,0,0.0,0.0,0,0.0,0.0,0.0,0.0,0.0,1
sample_18792.docx,10,66,0.0,0.0,60,0.0,0.0,0.0,0.0,0.0,0
sample_08973.docx,0,0,0.0,0.0,0,0.0,0.0,0.0,0.0,0.0,1
sample_10325.docx,10,66,0.0,0.0,60,0.0,0.0,0.0,0.0,0.0,0
sample_02397.docx,10,66,0.0,0.0,60,0.0,0.0,0.0,0.0,0.0,0
sample_14902.docx,0,0,0.0,0.0,0,0.0,0.0,0.0,0.0,0.0,1
sample_08679.docx,10,66,0.0,0.0,60,0.0,0.0,0.0,0.0,0.0,0
sample_15599.docx,11,66,0.0,0.0,60,0.0,0.0,0.0,0.0,0.0,0
sample_13456.docx,9,66,0.0,0.0,60,0.0,0.0,0.0,0.0,0.0,0
sample_08793.docx,9,66,1.0,1.0,60,3.0,1.0,1.0,1.0,5.0,1
sample_16102.docx,0,0,0.0,0.0,0,0.0,0.0,0.0,0.0,0.0,1
sample_01875.docx,9,66,1.0,1.0,60,3.0,1.0,1.0,1.0,5.0,1
sample_16587.docx,0,0,0.0,0.0,0,0.0,0.0,0.0,0.0,0.0,1
sample_00531.docx,0,0,0.0,0.0,0,0.0,0.0,0.0,0.0,0.0,1
sample_09380.docx,10,66,0.0,0.0,60,0.0,0.0,0.0,0.0,0.0,0
sample_10450.docx,10,66,0.0,0.0,60,0.0,0.0,0.0,0.0,0.0,0
sample_13505.docx,0,0,0.0,0.0,0,0.0,0.0,0.0,0.0,0.0,1
sample_10039.docx,0,0,0.0,0.0,0,0.0,0.0,0.0,0.0,0.0,1
sample_13020.docx,0,0,0.0,0.0,0,0.0,0.0,0.0,0.0,0.0,1
sample_08094.docx,10,66,0.0,0.0,60,0.0,0.0,0.0,0.0,0.0,0
sample_06019.docx,10,66,0.0,0.0,60,0.0,0.0,0.0,0.0,0.0,0
sample_04292.docx,0,0,0.0,0.0,0,0.0,0.0,0.0,0.0,0.0,1
sample_15042.docx,0,0,0.0,0.0,0,0.0,0.0,0.0,0.0,0.0,1
sample_10934.docx,10,66,0.0,0.0,60,0.0,0.0,0.0,0.0,0.0,0
sample_03176.docx,10,66,0.0,0.0,60,0.0,0.0,0.0,0.0,0.0,0
sample_00785.docx,10,66,0.0,0.0,60,0.0,0.0,0.0,0.0,0.0,0
sample_05254.docx,10,66,0.0,0.0,60,0.0,0.0,0.0,0.0,0.0,0
sample_18407.docx,10,66,0.0,0.0,60,0.0,0.0,0.0,0.0,0.0,0
sample_03821.docx,10,66,0.0,0.0,60,0.0,0.0,0.0,0.0,0.0,0
sample_19257.docx,0,0,0.0,0.0,0,0.0,0.0,0.0,0.0,0.0,1
sample_12727.docx,9,66,1.0,1.0,60,3.0,1.0,1.0,1.0,5.0,1
sample_01195.docx,0,0,0.0,0.0,0,0.0,0.0,0.0,0.0,0.0,1
sample_16351.docx,10,66,0.0,0.0,60,0.0,0.0,0.0,0.0,0.0,0
sample_06266.docx,0,0,0.0,0.0,0,0.0,0.0,0.0,0.0,0.0,1
sample_16382.docx,0,0,0.0,0.0,0,0.0,0.0,0.0,0.0,0.0,1
sample_19127.docx,0,0,0.0,0.0,0,0.0,0.0,0.0,0.0,0.0,1
sample_17452.docx,9,100,1.0,1.0,94,3.0,1.0,1.0,1.0,5.0,1
sample_16189.docx,10,66,0.0,0.0,60,0.0,0.0,0.0,0.0,0.0,0
sample_16157.docx,10,66,0.0,0.0,60,0.0,0.0,0.0,0.0,0.0,0
sample_17916.docx,0,0,0.0,0.0,0,0.0,0.0,0.0,0.0,0.0,1
sample_18157.docx,10,66,0.0,0.0,60,0.0,0.0,0.0,0.0,0.0,0
sample_09079.docx,0,0,0.0,0.0,0,0.0,0.0,0.0,0.0,0.0,1
sample_05259.docx,0,0,0.0,0.0,0,0.0,0.0,0.0,0.0,0.0,1
sample_05802.docx,0,0,0.0,0.0,0,0.0,0.0,0.0,0.0,0.0,1
sample_15903.docx,0,0,0.0,0.0,0,0.0,0.0,0.0,0.0,0.0,1
sample_07937.docx,9,100,1.0,1.0,94,3.0,1.0,1.0,1.0,5.0,1
sample_18541.docx,0,0,0.0,0.0,0,0.0,0.0,0.0,0.0,0.0,1
sample_05882.docx,10,66,0.0,0.0,60,0.0,0.0,0.0,0.0,0.0,0
sample_05055.docx,9,66,0.0,0.0,60,0.0,0.0,0.0,0.0,0.0,0
sample_17280.docx,10,66,0.0,0.0,60,0.0,0.0,0.0,0.0,0.0,0
sample_10699.docx,0,0,0.0,0.0,0,0.0,0.0,0.0,0.0,0.0,1
sample_11663.docx,10,66,0.0,0.0,60,0.0,0.0,0.0,0.0,0.0,0
sample_13049.docx,0,0,0.0,0.0,0,0.0,0.0,0.0,0.0,0.0,1
sample_03678.docx,0,0,0.0,0.0,0,0.0,0.0,0.0,0.0,0.0,1
sample_03526.docx,10,66,0.0,0.0,60,0.0,0.0,0.0,0.0,0.0,0
sample_09225.docx,9,100,1.0,1.0,94,3.0,1.0,1.0,1.0,5.0,1
sample_07127.docx,10,66,0.0,0.0,60,0.0,0.0,0.0,0.0,0.0,0
sample_18204.docx,9,100,1.0,1.0,94,3.0,1.0,1.0,1.0,5.0,1
sample_16049.docx,10,66,0.0,0.0,60,0.0,0.0,0.0,0.0,0.0,0
sample_14492.docx,10,66,0.0,0.0,60,0.0,0.0,0.0,0.0,0.0,0
sample_17113.docx,0,0,0.0,0.0,0,0.0,0.0,0.0,0.0,0.0,1
sample_05443.docx,9,66,1.0,1.0,60,3.0,1.0,1.0,1.0,5.0,1
sample_17647.docx,9,100,1.0,1.0,94,3.0,1.0,1.0,1.0,5.0,1
sample_00245.docx,9,100,1.0,1.0,94,3.0,1.0,1.0,1.0,5.0,1
sample_18918.docx,0,0,0.0,0.0,0,0.0,0.0,0.0,0.0,0.0,1
sample_18983.docx,9,66,1.0,1.0,60,3.0,1.0,1.0,1.0,5.0,1
sample_16217.docx,10,66,0.0,0.0,60,0.0,0.0,0.0,0.0,0.0,0
sample_03221.docx,10,66,0.0,0.0,60,0.0,0.0,0.0,0.0,0.0,0
sample_18106.docx,10,66,0.0,0.0,60,0.0,0.0,0.0,0.0,0.0,0
sample_07098.docx,9,66,1.0,1.0,60,3.0,1.0,1.0,1.0,5.0,1
sample_19783.docx,10,66,0.0,0.0,60,0.0,0.0,0.0,0.0,0.0,0
sample_17837.docx,10,66,0.0,0.0,60,0.0,0.0,0.0,0.0,0.0,0
sample_10242.docx,10,66,0.0,0.0,60,0.0,0.0,0.0,0.0,0.0,0
sample_09046.docx,10,66,0.0,0.0,60,0.0,0.0,0.0,0.0,0.0,0
sample_12502.docx,11,66,0.0,0.0,60,0.0,0.0,0.0,0.0,0.0,0
sample_06287.docx,10,66,0.0,0.0,60,0.0,0.0,0.0,0.0,0.0,0
sample_09653.docx,10,66,0.0,0.0,60,0.0,0.0,0.0,0.0,0.0,0
sample_09979.docx,10,66,0.0,0.0,60,0.0,0.0,0.0,0.0,0.0,0
sample_17137.docx,0,0,0.0,0.0,0,0.0,0.0,0.0,0.0,0.0,1
sample_06552.docx,0,0,0.0,0.0,0,0.0,0.0,0.0,0.0,0.0,1
sample_14827.docx,10,66,0.0,0.0,60,0.0,0.0,0.0,0.0,0.0,0
sample_01269.docx,10,66,0.0,0.0,60,0.0,0.0,0.0,0.0,0.0,0
sample_07347.docx,10,66,0.0,0.0,60,0.0,0.0,0.0,0.0,0.0,0
sample_01438.docx,10,66,0.0,0.0,60,0.0,0.0,0.0,0.0,0.0,0
sample_12490.docx,10,66,0.0,0.0,60,0.0,0.0,0.0,0.0,0.0,0
sample_18219.docx,9,100,1.0,1.0,94,3.0,1.0,1.0,1.0,5.0,1
sample_04701.docx,0,0,0.0,0.0,0,0.0,0.0,0.0,0.0,0.0,1
sample_06754.docx,0,0,0.0,0.0,0,0.0,0.0,0.0,0.0,0.0,1
sample_15807.docx,0,0,0.0,0.0,0,0.0,0.0,0.0,0.0,0.0,1
sample_06005.docx,0,0,0.0,0.0,0,0.0,0.0,0.0,0.0,0.0,1
sample_15074.docx,10,66,0.0,0.0,60,0.0,0.0,0.0,0.0,0.0,0
sample_00959.docx,10,66,0.0,0.0,60,0.0,0.0,0.0,0.0,0.0,0
sample_06972.docx,10,66,0.0,0.0,60,0.0,0.0,0.0,0.0,0.0,0
sample_01215.docx,0,0,0.0,0.0,0,0.0,0.0,0.0,0.0,0.0,1
sample_08934.docx,0,0,0.0,0.0,0,0.0,0.0,0.0,0.0,0.0,1
sample_04389.docx,0,0,0.0,0.0,0,0.0,0.0,0.0,0.0,0.0,1
sample_00850.docx,10,66,0.0,0.0,60,0.0,0.0,0.0,0.0,0.0,0
sample_18149.docx,0,0,0.0,0.0,0,0.0,0.0,0.0,0.0,0.0,1
sample_05523.docx,10,66,0.0,0.0,60,0.0,0.0,0.0,0.0,0.0,0
sample_17548.docx,0,0,0.0,0.0,0,0.0,0.0,0.0,0.0,0.0,1
sample_16666.docx,9,100,1.0,1.0,94,3.0,1.0,1.0,1.0,5.0,1
sample_07296.docx,0,0,0.0,0.0,0,0.0,0.0,0.0,0.0,0.0,1
sample_00320.docx,0,0,0.0,0.0,0,0.0,0.0,0.0,0.0,0.0,1
sample_16519.docx,10,66,0.0,0.0,60,0.0,0.0,0.0,0.0,0.0,0
sample_16175.docx,9,66,1.0,1.0,60,3.0,1.0,1.0,1.0,5.0,1
sample_04339.docx,9,100,1.0,1.0,94,3.0,1.0,1.0,1.0,5.0,1
sample_02177.docx,0,0,0.0,0.0,0,0.0,0.0,0.0,0.0,0.0,1
sample_02544.docx,10,66,0.0,0.0,60,0.0,0.0,0.0,0.0,0.0,0
sample_09596.docx,10,66,0.0,0.0,60,0.0,0.0,0.0,0.0,0.0,0
sample_17891.docx,0,0,0.0,0.0,0,0.0,0.0,0.0,0.0,0.0,1
sample_11255.docx,9,66,1.0,1.0,60,3.0,1.0,1.0,1.0,5.0,1
sample_07322.docx,10,66,0.0,0.0,60,0.0,0.0,0.0,0.0,0.0,0
sample_16116.docx,10,66,0.0,0.0,60,0.0,0.0,0.0,0.0,0.0,0
sample_16817.docx,10,66,0.0,0.0,60,0.0,0.0,0.0,0.0,0.0,0
sample_15379.docx,10,66,0.0,0.0,60,0.0,0.0,0.0,0.0,0.0,0
sample_18910.docx,10,66,0.0,0.0,60,0.0,0.0,0.0,0.0,0.0,0
sample_00696.docx,10,66,0.0,0.0,60,0.0,0.0,0.0,0.0,0.0,0
sample_17797.docx,0,0,0.0,0.0,0,0.0,0.0,0.0,0.0,0.0,1
sample_10412.docx,9,100,0.0,0.0,94,0.0,0.0,0.0,0.0,0.0,0
sample_01618.docx,10,66,0.0,0.0,60,0.0,0.0,0.0,0.0,0.0,0
sample_14832.docx,10,66,0.0,0.0,60,0.0,0.0,0.0,0.0,0.0,0
sample_16355.docx,0,0,0.0,0.0,0,0.0,0.0,0.0,0.0,0.0,1
sample_06769.docx,10,66,0.0,0.0,60,0.0,0.0,0.0,0.0,0.0,0
sample_07413.docx,0,0,0.0,0.0,0,0.0,0.0,0.0,0.0,0.0,1
sample_18088.docx,11,64,0.0,0.0,58,0.0,0.0,0.0,0.0,0.0,0
sample_02329.docx,0,0,0.0,0.0,0,0.0,0.0,0.0,0.0,0.0,1
sample_01169.docx,0,0,0.0,0.0,0,0.0,0.0,0.0,0.0,0.0,1
sample_18517.docx,10,66,0.0,0.0,60,0.0,0.0,0.0,0.0,0.0,0
sample_03881.docx,10,66,0.0,0.0,60,0.0,0.0,0.0,0.0,0.0,0
sample_11072.docx,9,100,1.0,1.0,94,3.0,1.0,1.0,1.0,5.0,1
sample_05285.docx,9,66,1.0,1.0,60,3.0,1.0,1.0,1.0,5.0,1
sample_06587.docx,9,100,1.0,1.0,94,3.0,1.0,1.0,1.0,5.0,1
sample_10480.docx,9,100,1.0,1.0,94,3.0,1.0,1.0,1.0,5.0,1
sample_00094.docx,10,66,0.0,0.0,60,0.0,0.0,0.0,0.0,0.0,0
sample_03003.docx,10,66,0.0,0.0,60,0.0,0.0,0.0,0.0,0.0,0
sample_06714.docx,0,0,0.0,0.0,0,0.0,0.0,0.0,0.0,0.0,1
sample_06476.docx,10,66,0.0,0.0,60,0.0,0.0,0.0,0.0,0.0,0
sample_06160.docx,10,66,0.0,0.0,60,0.0,0.0,0.0,0.0,0.0,0
sample_08334.docx,0,0,0.0,0.0,0,0.0,0.0,0.0,0.0,0.0,1
sample_00211.docx,10,66,0.0,0.0,60,0.0,0.0,0.0,0.0,0.0,0
sample_11592.docx,10,66,0.0,0.0,60,0.0,0.0,0.0,0.0,0.0,0
sample_18039.docx,0,0,0.0,0.0,0,0.0,0.0,0.0,0.0,0.0,1
sample_08546.docx,0,0,0.0,0.0,0,0.0,0.0,0.0,0.0,0.0,1
sample_09677.docx,10,66,0.0,0.0,60,0.0,0.0,0.0,0.0,0.0,0
sample_15089.docx,10,66,0.0,0.0,60,0.0,0.0,0.0,0.0,0.0,0
sample_16309.docx,10,66,0.0,0.0,60,0.0,0.0,0.0,0.0,0.0,0
sample_11336.docx,0,0,0.0,0.0,0,0.0,0.0,0.0,0.0,0.0,1
sample_11275.docx,10,66,0.0,0.0,60,0.0,0.0,0.0,0.0,0.0,0
sample_02025.docx,10,66,0.0,0.0,60,0.0,0.0,0.0,0.0,0.0,0
sample_06153.docx,10,66,0.0,0.0,60,0.0,0.0,0.0,0.0,0.0,0
sample_16475.docx,10,66,0.0,0.0,60,0.0,0.0,0.0,0.0,0.0,0
sample_09468.docx,0,66,0.0,0.0,60,0.0,0.0,0.0,0.0,0.0,0
sample_19293.docx,0,0,0.0,0.0,0,0.0,0.0,0.0,0.0,0.0,1
sample_13219.docx,9,100,0.0,0.0,94,0.0,0.0,0.0,0.0,0.0,0
sample_01978.docx,0,0,0.0,0.0,0,0.0,0.0,0.0,0.0,0.0,1
sample_19331.docx,0,0,0.0,0.0,0,0.0,0.0,0.0,0.0,0.0,1
sample_18762.docx,9,66,0.0,0.0,60,0.0,0.0,0.0,0.0,0.0,0
sample_07298.docx,0,0,0.0,0.0,0,0.0,0.0,0.0,0.0,0.0,1
sample_11704.docx,0,0,0.0,0.0,0,0.0,0.0,0.0,0.0,0.0,1
sample_19815.docx,0,0,0.0,0.0,0,0.0,0.0,0.0,0.0,0.0,1
sample_03387.docx,0,0,0.0,0.0,0,0.0,0.0,0.0,0.0,0.0,1
sample_07353.docx,10,66,0.0,0.0,60,0.0,0.0,0.0,0.0,0.0,0
sample_04456.docx,10,66,0.0,0.0,60,0.0,0.0,0.0,0.0,0.0,0
sample_00717.docx,9,100,1.0,1.0,94,3.0,1.0,1.0,1.0,5.0,1
sample_05878.docx,10,66,0.0,0.0,60,0.0,0.0,0.0,0.0,0.0,0
sample_14478.docx,0,0,0.0,0.0,0,0.0,0.0,0.0,0.0,0.0,1
sample_19200.docx,10,66,0.0,0.0,60,0.0,0.0,0.0,0.0,0.0,0
sample_18741.docx,10,66,0.0,0.0,60,0.0,0.0,0.0,0.0,0.0,0
sample_17264.docx,0,0,0.0,0.0,0,0.0,0.0,0.0,0.0,0.0,1
sample_11917.docx,10,66,0.0,0.0,60,0.0,0.0,0.0,0.0,0.0,0
sample_06823.docx,0,0,0.0,0.0,0,0.0,0.0,0.0,0.0,0.0,1
sample_14650.docx,0,0,0.0,0.0,0,0.0,0.0,0.0,0.0,0.0,1
sample_19759.docx,11,64,0.0,0.0,58,0.0,0.0,0.0,0.0,0.0,0
sample_01503.docx,9,100,1.0,1.0,94,3.0,1.0,1.0,1.0,5.0,1
sample_18745.docx,0,0,0.0,0.0,0,0.0,0.0,0.0,0.0,0.0,1
sample_15077.docx,9,100,1.0,1.0,94,3.0,1.0,1.0,1.0,5.0,1
sample_04405.docx,0,0,0.0,0.0,0,0.0,0.0,0.0,0.0,0.0,1
sample_11949.docx,10,66,0.0,0.0,60,0.0,0.0,0.0,0.0,0.0,0
sample_13043.docx,10,66,0.0,0.0,60,0.0,0.0,0.0,0.0,0.0,0
sample_15847.docx,0,0,0.0,0.0,0,0.0,0.0,0.0,0.0,0.0,1
sample_15780.docx,10,66,0.0,0.0,60,0.0,0.0,0.0,0.0,0.0,0
sample_08705.docx,10,66,0.0,0.0,60,0.0,0.0,0.0,0.0,0.0,0
sample_02265.docx,10,66,0.0,0.0,60,0.0,0.0,0.0,0.0,0.0,0
sample_00460.docx,10,66,0.0,0.0,60,0.0,0.0,0.0,0.0,0.0,0
sample_05089.docx,10,66,0.0,0.0,60,0.0,0.0,0.0,0.0,0.0,0
sample_01334.docx,9,66,1.0,1.0,60,3.0,1.0,1.0,1.0,5.0,1
sample_17199.docx,10,66,0.0,0.0,60,0.0,0.0,0.0,0.0,0.0,0
sample_02334.docx,10,66,0.0,0.0,60,0.0,0.0,0.0,0.0,0.0,0
sample_02164.docx,10,66,0.0,0.0,60,0.0,0.0,0.0,0.0,0.0,0
sample_11678.docx,10,66,0.0,0.0,60,0.0,0.0,0.0,0.0,0.0,0
sample_17834.docx,0,0,0.0,0.0,0,0.0,0.0,0.0,0.0,0.0,1
sample_18704.docx,9,100,1.0,1.0,94,3.0,1.0,1.0,1.0,5.0,1
sample_08162.docx,10,66,0.0,0.0,60,0.0,0.0,0.0,0.0,0.0,0
sample_09941.docx,0,0,0.0,0.0,0,0.0,0.0,0.0,0.0,0.0,1
sample_16811.docx,0,0,0.0,0.0,0,0.0,0.0,0.0,0.0,0.0,1
sample_04297.docx,10,66,0.0,0.0,60,0.0,0.0,0.0,0.0,0.0,0
sample_10170.docx,10,66,0.0,0.0,60,0.0,0.0,0.0,0.0,0.0,0
sample_01311.docx,9,66,1.0,1.0,60,3.0,1.0,1.0,1.0,5.0,1
sample_06703.docx,10,66,0.0,0.0,60,0.0,0.0,0.0,0.0,0.0,0
sample_02908.docx,10,66,0.0,0.0,60,0.0,0.0,0.0,0.0,0.0,0
sample_00932.docx,10,66,0.0,0.0,60,0.0,0.0,0.0,0.0,0.0,0
sample_14674.docx,0,0,0.0,0.0,0,0.0,0.0,0.0,0.0,0.0,1
sample_04877.docx,9,100,1.0,1.0,94,3.0,1.0,1.0,1.0,5.0,1
sample_16230.docx,11,64,0.0,0.0,58,0.0,0.0,0.0,0.0,0.0,0
sample_15843.docx,0,0,0.0,0.0,0,0.0,0.0,0.0,0.0,0.0,1
sample_01870.docx,0,0,0.0,0.0,0,0.0,0.0,0.0,0.0,0.0,1
sample_03108.docx,10,66,0.0,0.0,60,0.0,0.0,0.0,0.0,0.0,0
sample_12571.docx,10,66,0.0,0.0,60,0.0,0.0,0.0,0.0,0.0,0
sample_02846.docx,10,66,0.0,0.0,60,0.0,0.0,0.0,0.0,0.0,0
sample_00621.docx,0,0,0.0,0.0,0,0.0,0.0,0.0,0.0,0.0,1
sample_14039.docx,10,66,0.0,0.0,60,0.0,0.0,0.0,0.0,0.0,0
sample_00873.docx,10,66,0.0,0.0,60,0.0,0.0,0.0,0.0,0.0,0
sample_02860.docx,0,0,0.0,0.0,0,0.0,0.0,0.0,0.0,0.0,1
sample_02193.docx,10,66,0.0,0.0,60,0.0,0.0,0.0,0.0,0.0,0
sample_06744.docx,0,0,0.0,0.0,0,0.0,0.0,0.0,0.0,0.0,1
sample_14744.docx,10,66,0.0,0.0,60,0.0,0.0,0.0,0.0,0.0,0
sample_05078.docx,9,100,1.0,1.0,94,3.0,1.0,1.0,1.0,5.0,1
sample_01461.docx,10,66,0.0,0.0,60,0.0,0.0,0.0,0.0,0.0,0
sample_14327.docx,0,0,0.0,0.0,0,0.0,0.0,0.0,0.0,0.0,1
sample_02602.docx,9,100,1.0,1.0,94,3.0,1.0,1.0,1.0,5.0,1
sample_17594.docx,0,0,0.0,0.0,0,0.0,0.0,0.0,0.0,0.0,1
sample_09296.docx,0,0,0.0,0.0,0,0.0,0.0,0.0,0.0,0.0,1
sample_09733.docx,10,66,0.0,0.0,60,0.0,0.0,0.0,0.0,0.0,0
sample_04924.docx,9,100,1.0,1.0,94,3.0,1.0,1.0,1.0,5.0,1
sample_10061.docx,11,66,0.0,0.0,60,0.0,0.0,0.0,0.0,0.0,0
sample_19413.docx,10,66,0.0,0.0,60,0.0,0.0,0.0,0.0,0.0,0
sample_10883.docx,10,66,0.0,0.0,60,0.0,0.0,0.0,0.0,0.0,0
sample_13752.docx,10,66,0.0,0.0,60,0.0,0.0,0.0,0.0,0.0,0
sample_15021.docx,10,66,0.0,0.0,60,0.0,0.0,0.0,0.0,0.0,0
sample_14648.docx,0,0,0.0,0.0,0,0.0,0.0,0.0,0.0,0.0,1
sample_04147.docx,10,66,0.0,0.0,60,0.0,0.0,0.0,0.0,0.0,0
sample_11445.docx,0,0,0.0,0.0,0,0.0,0.0,0.0,0.0,0.0,1
sample_06411.docx,9,100,1.0,1.0,94,3.0,1.0,1.0,1.0,5.0,1
sample_15601.docx,0,0,0.0,0.0,0,0.0,0.0,0.0,0.0,0.0,1
sample_19731.docx,10,66,0.0,0.0,60,0.0,0.0,0.0,0.0,0.0,0
sample_09116.docx,0,0,0.0,0.0,0,0.0,0.0,0.0,0.0,0.0,1
sample_12947.docx,10,66,0.0,0.0,60,0.0,0.0,0.0,0.0,0.0,0
sample_16006.docx,0,66,0.0,0.0,60,0.0,0.0,0.0,0.0,0.0,0
sample_01373.docx,0,0,0.0,0.0,0,0.0,0.0,0.0,0.0,0.0,1
sample_17270.docx,10,66,0.0,0.0,60,0.0,0.0,0.0,0.0,0.0,0
sample_03089.docx,10,66,0.0,0.0,60,0.0,0.0,0.0,0.0,0.0,0
sample_16070.docx,9,100,1.0,1.0,94,3.0,1.0,1.0,1.0,5.0,1
sample_07966.docx,10,66,0.0,0.0,60,0.0,0.0,0.0,0.0,0.0,0
sample_13426.docx,9,66,0.0,0.0,60,0.0,0.0,0.0,0.0,0.0,0
sample_19058.docx,9,66,1.0,1.0,60,3.0,1.0,1.0,1.0,5.0,1
sample_01587.docx,10,66,0.0,0.0,60,0.0,0.0,0.0,0.0,0.0,0
sample_14233.docx,10,66,0.0,0.0,60,0.0,0.0,0.0,0.0,0.0,0
sample_17149.docx,0,66,0.0,0.0,60,0.0,0.0,0.0,0.0,0.0,0
sample_12671.docx,0,0,0.0,0.0,0,0.0,0.0,0.0,0.0,0.0,1
sample_01306.docx,9,100,1.0,1.0,94,3.0,1.0,1.0,1.0,5.0,1
sample_03949.docx,9,100,1.0,1.0,94,3.0,1.0,1.0,1.0,5.0,1
sample_08394.docx,10,66,0.0,0.0,60,0.0,0.0,0.0,0.0,0.0,0
sample_01410.docx,0,0,0.0,0.0,0,0.0,0.0,0.0,0.0,0.0,1
sample_00604.docx,10,66,0.0,0.0,60,0.0,0.0,0.0,0.0,0.0,0
sample_01391.docx,0,0,0.0,0.0,0,0.0,0.0,0.0,0.0,0.0,1
sample_05670.docx,9,66,1.0,1.0,60,3.0,1.0,1.0,1.0,5.0,1
sample_15212.docx,0,0,0.0,0.0,0,0.0,0.0,0.0,0.0,0.0,1
sample_16713.docx,9,100,1.0,1.0,94,3.0,1.0,1.0,1.0,5.0,1
sample_18226.docx,9,100,1.0,1.0,94,3.0,1.0,1.0,1.0,5.0,1
sample_08444.docx,10,66,0.0,0.0,60,0.0,0.0,0.0,0.0,0.0,0
sample_15918.docx,10,66,0.0,0.0,60,0.0,0.0,0.0,0.0,0.0,0
sample_08341.docx,9,66,1.0,1.0,60,3.0,1.0,1.0,1.0,5.0,1
sample_09982.docx,0,0,0.0,0.0,0,0.0,0.0,0.0,0.0,0.0,1
sample_17208.docx,0,0,0.0,0.0,0,0.0,0.0,0.0,0.0,0.0,1
sample_13522.docx,10,66,0.0,0.0,60,0.0,0.0,0.0,0.0,0.0,0
sample_14242.docx,11,66,0.0,0.0,60,0.0,0.0,0.0,0.0,0.0,0
sample_10019.docx,0,0,0.0,0.0,0,0.0,0.0,0.0,0.0,0.0,1
sample_17520.docx,10,66,0.0,0.0,60,0.0,0.0,0.0,0.0,0.0,0
sample_03913.docx,10,66,0.0,0.0,60,0.0,0.0,0.0,0.0,0.0,0
sample_14251.docx,0,0,0.0,0.0,0,0.0,0.0,0.0,0.0,0.0,1
sample_11414.docx,10,66,0.0,0.0,60,0.0,0.0,0.0,0.0,0.0,0
sample_12534.docx,9,100,1.0,1.0,94,3.0,1.0,1.0,1.0,5.0,1
sample_06081.docx,9,100,1.0,1.0,94,3.0,1.0,1.0,1.0,5.0,1
sample_00451.docx,10,66,0.0,0.0,60,0.0,0.0,0.0,0.0,0.0,0
sample_10918.docx,10,66,0.0,0.0,60,0.0,0.0,0.0,0.0,0.0,0
sample_17462.docx,9,100,1.0,1.0,94,3.0,1.0,1.0,1.0,5.0,1
sample_08311.docx,10,66,0.0,0.0,60,0.0,0.0,0.0,0.0,0.0,0
sample_12148.docx,9,100,1.0,1.0,94,3.0,1.0,1.0,1.0,5.0,1
sample_01638.docx,10,66,0.0,0.0,60,0.0,0.0,0.0,0.0,0.0,0
sample_07623.docx,10,66,0.0,0.0,60,0.0,0.0,0.0,0.0,0.0,0
sample_10650.docx,10,66,0.0,0.0,60,0.0,0.0,0.0,0.0,0.0,0
sample_09803.docx,10,66,0.0,0.0,60,0.0,0.0,0.0,0.0,0.0,0
sample_02605.docx,0,0,0.0,0.0,0,0.0,0.0,0.0,0.0,0.0,1
sample_02613.docx,10,66,0.0,0.0,60,0.0,0.0,0.0,0.0,0.0,0
sample_09816.docx,10,66,0.0,0.0,60,0.0,0.0,0.0,0.0,0.0,0
sample_15104.docx,0,0,0.0,0.0,0,0.0,0.0,0.0,0.0,0.0,1
sample_13972.docx,10,66,0.0,0.0,60,0.0,0.0,0.0,0.0,0.0,0
sample_06259.docx,10,66,0.0,0.0,60,0.0,0.0,0.0,0.0,0.0,0
sample_05368.docx,10,66,0.0,0.0,60,0.0,0.0,0.0,0.0,0.0,0
sample_13878.docx,10,66,0.0,0.0,60,0.0,0.0,0.0,0.0,0.0,0
sample_17504.docx,10,66,0.0,0.0,60,0.0,0.0,0.0,0.0,0.0,0
sample_06911.docx,0,0,0.0,0.0,0,0.0,0.0,0.0,0.0,0.0,1
sample_10534.docx,10,66,0.0,0.0,60,0.0,0.0,0.0,0.0,0.0,0
sample_16731.docx,10,66,0.0,0.0,60,0.0,0.0,0.0,0.0,0.0,0
sample_11131.docx,0,0,0.0,0.0,0,0.0,0.0,0.0,0.0,0.0,1
sample_18203.docx,0,0,0.0,0.0,0,0.0,0.0,0.0,0.0,0.0,1
sample_07789.docx,0,0,0.0,0.0,0,0.0,0.0,0.0,0.0,0.0,1
sample_14204.docx,0,0,0.0,0.0,0,0.0,0.0,0.0,0.0,0.0,1
sample_14797.docx,10,66,0.0,0.0,60,0.0,0.0,0.0,0.0,0.0,0
sample_18999.docx,9,100,1.0,1.0,94,3.0,1.0,1.0,1.0,5.0,1
sample_03571.docx,10,66,0.0,0.0,60,0.0,0.0,0.0,0.0,0.0,0
sample_06899.docx,9,100,1.0,1.0,94,3.0,1.0,1.0,1.0,5.0,1
sample_07831.docx,9,100,1.0,1.0,94,3.0,1.0,1.0,1.0,5.0,1
sample_17687.docx,10,66,0.0,0.0,60,0.0,0.0,0.0,0.0,0.0,0
sample_15717.docx,10,66,0.0,0.0,60,0.0,0.0,0.0,0.0,0.0,0
sample_12610.docx,10,66,0.0,0.0,60,0.0,0.0,0.0,0.0,0.0,0
sample_12848.docx,10,66,0.0,0.0,60,0.0,0.0,0.0,0.0,0.0,0
sample_00121.docx,10,66,0.0,0.0,60,0.0,0.0,0.0,0.0,0.0,0
sample_04404.docx,0,0,0.0,0.0,0,0.0,0.0,0.0,0.0,0.0,1
sample_03842.docx,10,66,0.0,0.0,60,0.0,0.0,0.0,0.0,0.0,0
sample_15346.docx,0,0,0.0,0.0,0,0.0,0.0,0.0,0.0,0.0,1
sample_06459.docx,11,64,0.0,0.0,58,0.0,0.0,0.0,0.0,0.0,0
sample_19390.docx,10,66,0.0,0.0,60,0.0,0.0,0.0,0.0,0.0,0
sample_03008.docx,10,66,0.0,0.0,60,0.0,0.0,0.0,0.0,0.0,0
sample_14774.docx,0,0,0.0,0.0,0,0.0,0.0,0.0,0.0,0.0,1
sample_13461.docx,0,0,0.0,0.0,0,0.0,0.0,0.0,0.0,0.0,1
sample_18652.docx,9,66,1.0,1.0,60,3.0,1.0,1.0,1.0,5.0,1
sample_04536.docx,9,100,1.0,1.0,94,3.0,1.0,1.0,1.0,5.0,1
sample_03194.docx,10,66,0.0,0.0,60,0.0,0.0,0.0,0.0,0.0,0
sample_00102.docx,10,66,0.0,0.0,60,0.0,0.0,0.0,0.0,0.0,0
sample_14169.docx,0,0,0.0,0.0,0,0.0,0.0,0.0,0.0,0.0,1
sample_13190.docx,10,66,0.0,0.0,60,0.0,0.0,0.0,0.0,0.0,0
sample_05613.docx,0,0,0.0,0.0,0,0.0,0.0,0.0,0.0,0.0,1
sample_06822.docx,0,0,0.0,0.0,0,0.0,0.0,0.0,0.0,0.0,1
sample_06939.docx,9,66,1.0,1.0,60,3.0,1.0,1.0,1.0,5.0,1
sample_18390.docx,0,0,0.0,0.0,0,0.0,0.0,0.0,0.0,0.0,1
sample_18171.docx,10,66,0.0,0.0,60,0.0,0.0,0.0,0.0,0.0,0
sample_16585.docx,0,0,0.0,0.0,0,0.0,0.0,0.0,0.0,0.0,1
sample_19477.docx,10,66,0.0,0.0,60,0.0,0.0,0.0,0.0,0.0,0
sample_09917.docx,10,66,0.0,0.0,60,0.0,0.0,0.0,0.0,0.0,0
sample_09077.docx,0,0,0.0,0.0,0,0.0,0.0,0.0,0.0,0.0,1
sample_13780.docx,0,0,0.0,0.0,0,0.0,0.0,0.0,0.0,0.0,1
sample_12866.docx,10,66,0.0,0.0,60,0.0,0.0,0.0,0.0,0.0,0
sample_09155.docx,10,66,0.0,0.0,60,0.0,0.0,0.0,0.0,0.0,0
sample_00463.docx,0,0,0.0,0.0,0,0.0,0.0,0.0,0.0,0.0,1
sample_05778.docx,0,0,0.0,0.0,0,0.0,0.0,0.0,0.0,0.0,1
sample_11201.docx,10,66,0.0,0.0,60,0.0,0.0,0.0,0.0,0.0,0
sample_19309.docx,0,0,0.0,0.0,0,0.0,0.0,0.0,0.0,0.0,1
sample_02956.docx,10,66,0.0,0.0,60,0.0,0.0,0.0,0.0,0.0,0
sample_12864.docx,0,0,0.0,0.0,0,0.0,0.0,0.0,0.0,0.0,1
sample_03946.docx,10,66,0.0,0.0,60,0.0,0.0,0.0,0.0,0.0,0
sample_08825.docx,10,66,0.0,0.0,60,0.0,0.0,0.0,0.0,0.0,0
sample_16474.docx,10,66,0.0,0.0,60,0.0,0.0,0.0,0.0,0.0,0
sample_19029.docx,10,66,0.0,0.0,60,0.0,0.0,0.0,0.0,0.0,0
sample_01820.docx,10,66,0.0,0.0,60,0.0,0.0,0.0,0.0,0.0,0
sample_14070.docx,10,66,0.0,0.0,60,0.0,0.0,0.0,0.0,0.0,0
sample_01705.docx,10,66,0.0,0.0,60,0.0,0.0,0.0,0.0,0.0,0
sample_09440.docx,10,66,0.0,0.0,60,0.0,0.0,0.0,0.0,0.0,0
sample_05217.docx,10,66,0.0,0.0,60,0.0,0.0,0.0,0.0,0.0,0
sample_14986.docx,10,66,0.0,0.0,60,0.0,0.0,0.0,0.0,0.0,0
sample_05911.docx,0,0,0.0,0.0,0,0.0,0.0,0.0,0.0,0.0,1
sample_19934.docx,10,66,0.0,0.0,60,0.0,0.0,0.0,0.0,0.0,0
sample_03760.docx,10,66,0.0,0.0,60,0.0,0.0,0.0,0.0,0.0,0
sample_08553.docx,0,0,0.0,0.0,0,0.0,0.0,0.0,0.0,0.0,1
sample_06738.docx,9,66,1.0,1.0,60,3.0,1.0,1.0,1.0,5.0,1
sample_11050.docx,0,0,0.0,0.0,0,0.0,0.0,0.0,0.0,0.0,1
sample_11390.docx,10,66,0.0,0.0,60,0.0,0.0,0.0,0.0,0.0,0
sample_12406.docx,0,0,0.0,0.0,0,0.0,0.0,0.0,0.0,0.0,1
sample_14388.docx,0,0,0.0,0.0,0,0.0,0.0,0.0,0.0,0.0,1
sample_09439.docx,10,66,0.0,0.0,60,0.0,0.0,0.0,0.0,0.0,0
sample_18111.docx,0,0,0.0,0.0,0,0.0,0.0,0.0,0.0,0.0,1
sample_15335.docx,0,0,0.0,0.0,0,0.0,0.0,0.0,0.0,0.0,1
sample_14857.docx,10,66,0.0,0.0,60,0.0,0.0,0.0,0.0,0.0,0
sample_03078.docx,10,66,0.0,0.0,60,0.0,0.0,0.0,0.0,0.0,0
sample_07249.docx,10,66,0.0,0.0,60,0.0,0.0,0.0,0.0,0.0,0
sample_13448.docx,0,0,0.0,0.0,0,0.0,0.0,0.0,0.0,0.0,1
sample_08066.docx,0,0,0.0,0.0,0,0.0,0.0,0.0,0.0,0.0,1
sample_19507.docx,10,66,0.0,0.0,60,0.0,0.0,0.0,0.0,0.0,0
sample_12238.docx,0,0,0.0,0.0,0,0.0,0.0,0.0,0.0,0.0,1
sample_01786.docx,0,0,0.0,0.0,0,0.0,0.0,0.0,0.0,0.0,1
sample_10956.docx,10,66,0.0,0.0,60,0.0,0.0,0.0,0.0,0.0,0
sample_00975.docx,10,66,0.0,0.0,60,0.0,0.0,0.0,0.0,0.0,0
sample_05114.docx,10,66,0.0,0.0,60,0.0,0.0,0.0,0.0,0.0,0
sample_06094.docx,10,66,0.0,0.0,60,0.0,0.0,0.0,0.0,0.0,0
sample_18926.docx,0,0,0.0,0.0,0,0.0,0.0,0.0,0.0,0.0,1
sample_03032.docx,10,66,0.0,0.0,60,0.0,0.0,0.0,0.0,0.0,0
sample_04352.docx,0,0,0.0,0.0,0,0.0,0.0,0.0,0.0,0.0,1
sample_13457.docx,9,100,1.0,1.0,94,3.0,1.0,1.0,1.0,5.0,1
sample_02615.docx,10,66,0.0,0.0,60,0.0,0.0,0.0,0.0,0.0,0
sample_02323.docx,10,66,0.0,0.0,60,0.0,0.0,0.0,0.0,0.0,0
sample_06213.docx,10,66,0.0,0.0,60,0.0,0.0,0.0,0.0,0.0,0
sample_11395.docx,10,66,0.0,0.0,60,0.0,0.0,0.0,0.0,0.0,0
sample_00622.docx,0,0,0.0,0.0,0,0.0,0.0,0.0,0.0,0.0,1
sample_18539.docx,11,64,0.0,0.0,58,0.0,0.0,0.0,0.0,0.0,0
sample_15305.docx,10,66,0.0,0.0,60,0.0,0.0,0.0,0.0,0.0,0
sample_15482.docx,10,66,0.0,0.0,60,0.0,0.0,0.0,0.0,0.0,0
sample_03306.docx,9,100,1.0,1.0,94,3.0,1.0,1.0,1.0,5.0,1
sample_17898.docx,9,100,1.0,1.0,94,3.0,1.0,1.0,1.0,5.0,1
sample_10504.docx,10,66,0.0,0.0,60,0.0,0.0,0.0,0.0,0.0,0
sample_13668.docx,10,66,0.0,0.0,60,0.0,0.0,0.0,0.0,0.0,0
sample_09682.docx,0,0,0.0,0.0,0,0.0,0.0,0.0,0.0,0.0,1
sample_09377.docx,0,0,0.0,0.0,0,0.0,0.0,0.0,0.0,0.0,1
sample_00958.docx,0,0,0.0,0.0,0,0.0,0.0,0.0,0.0,0.0,1
sample_07642.docx,0,0,0.0,0.0,0,0.0,0.0,0.0,0.0,0.0,1
sample_09570.docx,9,66,1.0,1.0,60,3.0,1.0,1.0,1.0,5.0,1
sample_10271.docx,0,0,0.0,0.0,0,0.0,0.0,0.0,0.0,0.0,1
sample_11057.docx,10,66,0.0,0.0,60,0.0,0.0,0.0,0.0,0.0,0
sample_16159.docx,0,0,0.0,0.0,0,0.0,0.0,0.0,0.0,0.0,1
sample_18282.docx,10,66,0.0,0.0,60,0.0,0.0,0.0,0.0,0.0,0
sample_11526.docx,10,66,0.0,0.0,60,0.0,0.0,0.0,0.0,0.0,0
sample_03546.docx,10,66,0.0,0.0,60,0.0,0.0,0.0,0.0,0.0,0
sample_13252.docx,0,0,0.0,0.0,0,0.0,0.0,0.0,0.0,0.0,1
sample_19975.docx,10,66,0.0,0.0,60,0.0,0.0,0.0,0.0,0.0,0
sample_12074.docx,10,66,0.0,0.0,60,0.0,0.0,0.0,0.0,0.0,0
sample_05272.docx,0,0,0.0,0.0,0,0.0,0.0,0.0,0.0,0.0,1
sample_18825.docx,10,66,0.0,0.0,60,0.0,0.0,0.0,0.0,0.0,0
sample_17269.docx,0,0,0.0,0.0,0,0.0,0.0,0.0,0.0,0.0,1
sample_12755.docx,10,66,0.0,0.0,60,0.0,0.0,0.0,0.0,0.0,0
sample_07807.docx,0,0,0.0,0.0,0,0.0,0.0,0.0,0.0,0.0,1
sample_19749.docx,10,66,0.0,0.0,60,0.0,0.0,0.0,0.0,0.0,0
sample_08075.docx,9,66,1.0,1.0,60,3.0,1.0,1.0,1.0,5.0,1
sample_08736.docx,10,66,0.0,0.0,60,0.0,0.0,0.0,0.0,0.0,0
sample_06205.docx,0,0,0.0,0.0,0,0.0,0.0,0.0,0.0,0.0,1
sample_02786.docx,9,100,1.0,1.0,94,3.0,1.0,1.0,1.0,5.0,1
sample_01963.docx,10,66,0.0,0.0,60,0.0,0.0,0.0,0.0,0.0,0
sample_05530.docx,10,66,0.0,0.0,60,0.0,0.0,0.0,0.0,0.0,0
sample_15548.docx,10,66,0.0,0.0,60,0.0,0.0,0.0,0.0,0.0,0
sample_11807.docx,9,100,1.0,1.0,94,3.0,1.0,1.0,1.0,5.0,1
sample_14804.docx,10,66,0.0,0.0,60,0.0,0.0,0.0,0.0,0.0,0
sample_09248.docx,10,66,0.0,0.0,60,0.0,0.0,0.0,0.0,0.0,0
sample_13795.docx,10,66,0.0,0.0,60,0.0,0.0,0.0,0.0,0.0,0
sample_11355.docx,0,0,0.0,0.0,0,0.0,0.0,0.0,0.0,0.0,1
sample_15483.docx,10,66,0.0,0.0,60,0.0,0.0,0.0,0.0,0.0,0
sample_01056.docx,0,0,0.0,0.0,0,0.0,0.0,0.0,0.0,0.0,1
sample_06919.docx,10,66,0.0,0.0,60,0.0,0.0,0.0,0.0,0.0,0
sample_00972.docx,10,66,0.0,0.0,60,0.0,0.0,0.0,0.0,0.0,0
sample_10620.docx,0,0,0.0,0.0,0,0.0,0.0,0.0,0.0,0.0,1
sample_04042.docx,10,66,0.0,0.0,60,0.0,0.0,0.0,0.0,0.0,0
sample_08926.docx,0,0,0.0,0.0,0,0.0,0.0,0.0,0.0,0.0,1
sample_14158.docx,10,66,0.0,0.0,60,0.0,0.0,0.0,0.0,0.0,0
sample_11441.docx,10,66,0.0,0.0,60,0.0,0.0,0.0,0.0,0.0,0
sample_19074.docx,10,66,0.0,0.0,60,0.0,0.0,0.0,0.0,0.0,0
sample_02723.docx,0,0,0.0,0.0,0,0.0,0.0,0.0,0.0,0.0,1
sample_17534.docx,9,100,1.0,1.0,94,3.0,1.0,1.0,1.0,5.0,1
sample_00472.docx,11,64,0.0,0.0,58,0.0,0.0,0.0,0.0,0.0,0
sample_11863.docx,0,0,0.0,0.0,0,0.0,0.0,0.0,0.0,0.0,1
sample_07726.docx,0,0,0.0,0.0,0,0.0,0.0,0.0,0.0,0.0,1
sample_01726.docx,9,100,1.0,1.0,94,3.0,1.0,1.0,1.0,5.0,1
sample_09844.docx,9,66,0.0,0.0,60,0.0,0.0,0.0,0.0,0.0,0
sample_08208.docx,10,66,0.0,0.0,60,0.0,0.0,0.0,0.0,0.0,0
sample_15771.docx,0,0,0.0,0.0,0,0.0,0.0,0.0,0.0,0.0,1
sample_02281.docx,10,66,0.0,0.0,60,0.0,0.0,0.0,0.0,0.0,0
sample_09143.docx,9,100,1.0,1.0,94,3.0,1.0,1.0,1.0,5.0,1
sample_10641.docx,10,66,0.0,0.0,60,0.0,0.0,0.0,0.0,0.0,0
sample_09580.docx,11,64,0.0,0.0,58,0.0,0.0,0.0,0.0,0.0,0
sample_15485.docx,9,66,0.0,0.0,60,0.0,0.0,0.0,0.0,0.0,0
sample_07542.docx,0,0,0.0,0.0,0,0.0,0.0,0.0,0.0,0.0,1
sample_04051.docx,9,100,1.0,1.0,94,3.0,1.0,1.0,1.0,5.0,1
sample_18913.docx,9,100,1.0,1.0,94,3.0,1.0,1.0,1.0,5.0,1
sample_03694.docx,9,100,1.0,1.0,94,3.0,1.0,1.0,1.0,5.0,1
sample_06631.docx,0,0,0.0,0.0,0,0.0,0.0,0.0,0.0,0.0,1
sample_02928.docx,10,66,0.0,0.0,60,0.0,0.0,0.0,0.0,0.0,0
sample_09086.docx,10,66,0.0,0.0,60,0.0,0.0,0.0,0.0,0.0,0
sample_17987.docx,0,66,0.0,0.0,60,0.0,0.0,0.0,0.0,0.0,0
sample_04998.docx,10,66,0.0,0.0,60,0.0,0.0,0.0,0.0,0.0,0
sample_10672.docx,9,100,1.0,1.0,94,3.0,1.0,1.0,1.0,5.0,1
sample_12561.docx,10,66,0.0,0.0,60,0.0,0.0,0.0,0.0,0.0,0
sample_00359.docx,10,66,0.0,0.0,60,0.0,0.0,0.0,0.0,0.0,0
sample_10172.docx,10,66,0.0,0.0,60,0.0,0.0,0.0,0.0,0.0,0
sample_02171.docx,0,0,0.0,0.0,0,0.0,0.0,0.0,0.0,0.0,1
sample_11717.docx,0,0,0.0,0.0,0,0.0,0.0,0.0,0.0,0.0,1
sample_04385.docx,10,66,0.0,0.0,60,0.0,0.0,0.0,0.0,0.0,0
sample_00626.docx,0,0,0.0,0.0,0,0.0,0.0,0.0,0.0,0.0,1
sample_01520.docx,10,66,0.0,0.0,60,0.0,0.0,0.0,0.0,0.0,0
sample_17050.docx,9,100,1.0,1.0,94,3.0,1.0,1.0,1.0,5.0,1
sample_16323.docx,10,66,0.0,0.0,60,0.0,0.0,0.0,0.0,0.0,0
sample_07671.docx,10,66,0.0,0.0,60,0.0,0.0,0.0,0.0,0.0,0
sample_00415.docx,10,66,0.0,0.0,60,0.0,0.0,0.0,0.0,0.0,0
sample_02923.docx,10,66,0.0,0.0,60,0.0,0.0,0.0,0.0,0.0,0
sample_08284.docx,9,100,1.0,1.0,94,3.0,1.0,1.0,1.0,5.0,1
sample_08520.docx,10,66,0.0,0.0,60,0.0,0.0,0.0,0.0,0.0,0
sample_19944.docx,0,0,0.0,0.0,0,0.0,0.0,0.0,0.0,0.0,1
sample_19265.docx,0,0,0.0,0.0,0,0.0,0.0,0.0,0.0,0.0,1
sample_03814.docx,10,66,0.0,0.0,60,0.0,0.0,0.0,0.0,0.0,0
sample_08681.docx,0,0,0.0,0.0,0,0.0,0.0,0.0,0.0,0.0,1
sample_19511.docx,10,66,0.0,0.0,60,0.0,0.0,0.0,0.0,0.0,0
sample_04052.docx,9,100,1.0,1.0,94,3.0,1.0,1.0,1.0,5.0,1
sample_08398.docx,10,66,0.0,0.0,60,0.0,0.0,0.0,0.0,0.0,0
sample_16487.docx,9,66,1.0,1.0,60,3.0,1.0,1.0,1.0,5.0,1
sample_11323.docx,0,0,0.0,0.0,0,0.0,0.0,0.0,0.0,0.0,1
sample_09396.docx,10,66,0.0,0.0,60,0.0,0.0,0.0,0.0,0.0,0
sample_17405.docx,10,66,0.0,0.0,60,0.0,0.0,0.0,0.0,0.0,0
sample_17097.docx,10,66,0.0,0.0,60,0.0,0.0,0.0,0.0,0.0,0
sample_19205.docx,10,66,0.0,0.0,60,0.0,0.0,0.0,0.0,0.0,0
sample_01990.docx,10,66,0.0,0.0,60,0.0,0.0,0.0,0.0,0.0,0
sample_16631.docx,10,66,0.0,0.0,60,0.0,0.0,0.0,0.0,0.0,0
sample_02035.docx,9,100,1.0,1.0,94,3.0,1.0,1.0,1.0,5.0,1
sample_05185.docx,10,66,0.0,0.0,60,0.0,0.0,0.0,0.0,0.0,0
sample_09395.docx,10,66,0.0,0.0,60,0.0,0.0,0.0,0.0,0.0,0
sample_05795.docx,9,100,1.0,1.0,94,3.0,1.0,1.0,1.0,5.0,1
sample_07064.docx,10,66,0.0,0.0,60,0.0,0.0,0.0,0.0,0.0,0
sample_02968.docx,0,0,0.0,0.0,0,0.0,0.0,0.0,0.0,0.0,1
sample_02596.docx,0,0,0.0,0.0,0,0.0,0.0,0.0,0.0,0.0,1
sample_16073.docx,10,66,0.0,0.0,60,0.0,0.0,0.0,0.0,0.0,0
sample_07047.docx,10,66,0.0,0.0,60,0.0,0.0,0.0,0.0,0.0,0
sample_03480.docx,0,0,0.0,0.0,0,0.0,0.0,0.0,0.0,0.0,1
sample_02052.docx,10,66,0.0,0.0,60,0.0,0.0,0.0,0.0,0.0,0
sample_11197.docx,10,66,0.0,0.0,60,0.0,0.0,0.0,0.0,0.0,0
sample_08160.docx,10,66,0.0,0.0,60,0.0,0.0,0.0,0.0,0.0,0
sample_10137.docx,10,66,0.0,0.0,60,0.0,0.0,0.0,0.0,0.0,0
sample_14786.docx,10,66,0.0,0.0,60,0.0,0.0,0.0,0.0,0.0,0
sample_09735.docx,9,100,1.0,1.0,94,3.0,1.0,1.0,1.0,5.0,1
sample_10096.docx,10,66,0.0,0.0,60,0.0,0.0,0.0,0.0,0.0,0
sample_01623.docx,9,100,1.0,1.0,94,3.0,1.0,1.0,1.0,5.0,1
sample_17866.docx,10,66,0.0,0.0,60,0.0,0.0,0.0,0.0,0.0,0
sample_18311.docx,0,0,0.0,0.0,0,0.0,0.0,0.0,0.0,0.0,1
sample_17374.docx,10,66,0.0,0.0,60,0.0,0.0,0.0,0.0,0.0,0
sample_01589.docx,10,66,0.0,0.0,60,0.0,0.0,0.0,0.0,0.0,0
sample_13708.docx,9,66,1.0,1.0,60,3.0,1.0,1.0,1.0,5.0,1
sample_03849.docx,0,0,0.0,0.0,0,0.0,0.0,0.0,0.0,0.0,1
sample_15161.docx,10,66,0.0,0.0,60,0.0,0.0,0.0,0.0,0.0,0
sample_02635.docx,10,66,0.0,0.0,60,0.0,0.0,0.0,0.0,0.0,0
sample_19817.docx,10,66,0.0,0.0,60,0.0,0.0,0.0,0.0,0.0,0
sample_02587.docx,10,66,0.0,0.0,60,0.0,0.0,0.0,0.0,0.0,0
sample_09623.docx,0,0,0.0,0.0,0,0.0,0.0,0.0,0.0,0.0,1
sample_17306.docx,9,100,1.0,1.0,94,3.0,1.0,1.0,1.0,5.0,1
sample_05744.docx,11,64,0.0,0.0,58,0.0,0.0,0.0,0.0,0.0,0
sample_14863.docx,0,0,0.0,0.0,0,0.0,0.0,0.0,0.0,0.0,1
sample_02750.docx,9,66,1.0,1.0,60,3.0,1.0,1.0,1.0,5.0,1
sample_18138.docx,0,0,0.0,0.0,0,0.0,0.0,0.0,0.0,0.0,1
sample_00540.docx,0,0,0.0,0.0,0,0.0,0.0,0.0,0.0,0.0,1
sample_17044.docx,10,66,0.0,0.0,60,0.0,0.0,0.0,0.0,0.0,0
sample_05826.docx,11,64,0.0,0.0,58,0.0,0.0,0.0,0.0,0.0,0
sample_04026.docx,9,66,1.0,1.0,60,3.0,1.0,1.0,1.0,5.0,1
sample_08964.docx,10,66,0.0,0.0,60,0.0,0.0,0.0,0.0,0.0,0
sample_04254.docx,0,0,0.0,0.0,0,0.0,0.0,0.0,0.0,0.0,1
sample_06480.docx,10,66,0.0,0.0,60,0.0,0.0,0.0,0.0,0.0,0
sample_00660.docx,10,66,0.0,0.0,60,0.0,0.0,0.0,0.0,0.0,0
sample_15716.docx,10,66,0.0,0.0,60,0.0,0.0,0.0,0.0,0.0,0
sample_17094.docx,10,66,0.0,0.0,60,0.0,0.0,0.0,0.0,0.0,0
sample_09128.docx,9,100,1.0,1.0,94,3.0,1.0,1.0,1.0,5.0,1
sample_15382.docx,10,66,0.0,0.0,60,0.0,0.0,0.0,0.0,0.0,0
sample_16429.docx,9,66,1.0,1.0,60,3.0,1.0,1.0,1.0,5.0,1
sample_03800.docx,10,66,0.0,0.0,60,0.0,0.0,0.0,0.0,0.0,0
sample_06149.docx,9,100,1.0,1.0,94,3.0,1.0,1.0,1.0,5.0,1
sample_07247.docx,0,0,0.0,0.0,0,0.0,0.0,0.0,0.0,0.0,1
sample_12376.docx,0,0,0.0,0.0,0,0.0,0.0,0.0,0.0,0.0,1
sample_01999.docx,10,66,0.0,0.0,60,0.0,0.0,0.0,0.0,0.0,0
sample_09897.docx,0,0,0.0,0.0,0,0.0,0.0,0.0,0.0,0.0,1
sample_03477.docx,9,100,1.0,1.0,94,3.0,1.0,1.0,1.0,5.0,1
sample_11740.docx,10,66,0.0,0.0,60,0.0,0.0,0.0,0.0,0.0,0
sample_16415.docx,0,0,0.0,0.0,0,0.0,0.0,0.0,0.0,0.0,1
sample_14876.docx,10,66,0.0,0.0,60,0.0,0.0,0.0,0.0,0.0,0
sample_19147.docx,10,66,0.0,0.0,60,0.0,0.0,0.0,0.0,0.0,0
sample_07959.docx,10,66,0.0,0.0,60,0.0,0.0,0.0,0.0,0.0,0
sample_19228.docx,10,66,0.0,0.0,60,0.0,0.0,0.0,0.0,0.0,0
sample_10669.docx,0,0,0.0,0.0,0,0.0,0.0,0.0,0.0,0.0,1
sample_08561.docx,0,0,0.0,0.0,0,0.0,0.0,0.0,0.0,0.0,1
sample_16365.docx,0,0,0.0,0.0,0,0.0,0.0,0.0,0.0,0.0,1
sample_01488.docx,9,100,1.0,1.0,94,3.0,1.0,1.0,1.0,5.0,1
sample_13611.docx,10,66,0.0,0.0,60,0.0,0.0,0.0,0.0,0.0,0
sample_05147.docx,9,100,1.0,1.0,94,3.0,1.0,1.0,1.0,5.0,1
sample_06225.docx,10,66,0.0,0.0,60,0.0,0.0,0.0,0.0,0.0,0
sample_04663.docx,10,66,0.0,0.0,60,0.0,0.0,0.0,0.0,0.0,0
sample_19809.docx,10,66,0.0,0.0,60,0.0,0.0,0.0,0.0,0.0,0
sample_01551.docx,10,66,0.0,0.0,60,0.0,0.0,0.0,0.0,0.0,0
sample_13889.docx,0,0,0.0,0.0,0,0.0,0.0,0.0,0.0,0.0,1
sample_15640.docx,0,0,0.0,0.0,0,0.0,0.0,0.0,0.0,0.0,1
sample_12276.docx,11,64,0.0,0.0,58,0.0,0.0,0.0,0.0,0.0,0
sample_07531.docx,10,66,0.0,0.0,60,0.0,0.0,0.0,0.0,0.0,0
sample_14044.docx,10,66,0.0,0.0,60,0.0,0.0,0.0,0.0,0.0,0
sample_03628.docx,10,66,0.0,0.0,60,0.0,0.0,0.0,0.0,0.0,0
sample_04439.docx,9,66,1.0,1.0,60,3.0,1.0,1.0,1.0,5.0,1
sample_18332.docx,10,66,0.0,0.0,60,0.0,0.0,0.0,0.0,0.0,0
sample_14637.docx,0,0,0.0,0.0,0,0.0,0.0,0.0,0.0,0.0,1
sample_19516.docx,10,66,0.0,0.0,60,0.0,0.0,0.0,0.0,0.0,0
sample_12280.docx,9,100,1.0,1.0,94,3.0,1.0,1.0,1.0,5.0,1
sample_14687.docx,10,66,0.0,0.0,60,0.0,0.0,0.0,0.0,0.0,0
sample_19906.docx,9,100,1.0,1.0,94,3.0,1.0,1.0,1.0,5.0,1
sample_13514.docx,0,0,0.0,0.0,0,0.0,0.0,0.0,0.0,0.0,1
sample_08550.docx,10,66,0.0,0.0,60,0.0,0.0,0.0,0.0,0.0,0
sample_06572.docx,0,0,0.0,0.0,0,0.0,0.0,0.0,0.0,0.0,1
sample_03063.docx,9,66,1.0,1.0,60,3.0,1.0,1.0,1.0,5.0,1
sample_14920.docx,10,66,0.0,0.0,60,0.0,0.0,0.0,0.0,0.0,0
sample_11065.docx,10,66,0.0,0.0,60,0.0,0.0,0.0,0.0,0.0,0
sample_10737.docx,9,100,1.0,1.0,94,3.0,1.0,1.0,1.0,5.0,1
sample_05465.docx,0,0,0.0,0.0,0,0.0,0.0,0.0,0.0,0.0,1
sample_05024.docx,10,66,0.0,0.0,60,0.0,0.0,0.0,0.0,0.0,0
sample_13071.docx,10,66,0.0,0.0,60,0.0,0.0,0.0,0.0,0.0,0
sample_05362.docx,10,66,0.0,0.0,60,0.0,0.0,0.0,0.0,0.0,0
sample_11763.docx,0,0,0.0,0.0,0,0.0,0.0,0.0,0.0,0.0,1
sample_14010.docx,9,66,1.0,1.0,60,3.0,1.0,1.0,1.0,5.0,1
sample_05245.docx,10,66,0.0,0.0,60,0.0,0.0,0.0,0.0,0.0,0
sample_15629.docx,9,100,1.0,1.0,94,3.0,1.0,1.0,1.0,5.0,1
sample_04151.docx,10,66,0.0,0.0,60,0.0,0.0,0.0,0.0,0.0,0
sample_06696.docx,9,100,1.0,1.0,94,3.0,1.0,1.0,1.0,5.0,1
sample_13098.docx,0,0,0.0,0.0,0,0.0,0.0,0.0,0.0,0.0,1
sample_03884.docx,10,66,0.0,0.0,60,0.0,0.0,0.0,0.0,0.0,0
sample_16558.docx,0,0,0.0,0.0,0,0.0,0.0,0.0,0.0,0.0,1
sample_04499.docx,0,0,0.0,0.0,0,0.0,0.0,0.0,0.0,0.0,1
sample_10515.docx,0,0,0.0,0.0,0,0.0,0.0,0.0,0.0,0.0,1
sample_07143.docx,9,100,1.0,1.0,94,3.0,1.0,1.0,1.0,5.0,1
sample_18375.docx,9,100,1.0,1.0,94,3.0,1.0,1.0,1.0,5.0,1
sample_03210.docx,10,66,0.0,0.0,60,0.0,0.0,0.0,0.0,0.0,0
sample_11792.docx,10,66,0.0,0.0,60,0.0,0.0,0.0,0.0,0.0,0
sample_05646.docx,0,0,0.0,0.0,0,0.0,0.0,0.0,0.0,0.0,1
sample_18460.docx,9,100,1.0,1.0,94,3.0,1.0,1.0,1.0,5.0,1
sample_06030.docx,0,0,0.0,0.0,0,0.0,0.0,0.0,0.0,0.0,1
sample_07910.docx,10,66,0.0,0.0,60,0.0,0.0,0.0,0.0,0.0,0
sample_07549.docx,10,66,0.0,0.0,60,0.0,0.0,0.0,0.0,0.0,0
sample_12990.docx,10,66,0.0,0.0,60,0.0,0.0,0.0,0.0,0.0,0
sample_12536.docx,9,100,1.0,1.0,94,3.0,1.0,1.0,1.0,5.0,1
sample_13804.docx,9,66,1.0,1.0,60,3.0,1.0,1.0,1.0,5.0,1
sample_16187.docx,0,0,0.0,0.0,0,0.0,0.0,0.0,0.0,0.0,1
sample_05759.docx,10,66,0.0,0.0,60,0.0,0.0,0.0,0.0,0.0,0
sample_14358.docx,9,100,1.0,1.0,94,3.0,1.0,1.0,1.0,5.0,1
sample_06730.docx,10,66,0.0,0.0,60,0.0,0.0,0.0,0.0,0.0,0
sample_06381.docx,0,0,0.0,0.0,0,0.0,0.0,0.0,0.0,0.0,1
sample_18472.docx,0,0,0.0,0.0,0,0.0,0.0,0.0,0.0,0.0,1
sample_04097.docx,10,66,0.0,0.0,60,0.0,0.0,0.0,0.0,0.0,0
sample_03392.docx,0,0,0.0,0.0,0,0.0,0.0,0.0,0.0,0.0,1
sample_13286.docx,10,66,0.0,0.0,60,0.0,0.0,0.0,0.0,0.0,0
sample_09679.docx,9,100,1.0,1.0,94,3.0,1.0,1.0,1.0,5.0,1
sample_03873.docx,9,100,1.0,1.0,94,3.0,1.0,1.0,1.0,5.0,1
sample_12260.docx,9,100,1.0,1.0,94,3.0,1.0,1.0,1.0,5.0,1
sample_04053.docx,0,0,0.0,0.0,0,0.0,0.0,0.0,0.0,0.0,1
sample_08488.docx,10,66,0.0,0.0,60,0.0,0.0,0.0,0.0,0.0,0
sample_10606.docx,10,66,0.0,0.0,60,0.0,0.0,0.0,0.0,0.0,0
sample_16793.docx,10,66,0.0,0.0,60,0.0,0.0,0.0,0.0,0.0,0
sample_13023.docx,10,66,0.0,0.0,60,0.0,0.0,0.0,0.0,0.0,0
sample_13492.docx,9,100,1.0,1.0,94,3.0,1.0,1.0,1.0,5.0,1
sample_10746.docx,0,0,0.0,0.0,0,0.0,0.0,0.0,0.0,0.0,1
sample_02887.docx,0,0,0.0,0.0,0,0.0,0.0,0.0,0.0,0.0,1
sample_15655.docx,10,66,0.0,0.0,60,0.0,0.0,0.0,0.0,0.0,0
sample_14988.docx,0,0,0.0,0.0,0,0.0,0.0,0.0,0.0,0.0,1
sample_15345.docx,9,100,1.0,1.0,94,3.0,1.0,1.0,1.0,5.0,1
sample_08037.docx,0,0,0.0,0.0,0,0.0,0.0,0.0,0.0,0.0,1
sample_09371.docx,10,66,0.0,0.0,60,0.0,0.0,0.0,0.0,0.0,0
sample_08645.docx,10,66,0.0,0.0,60,0.0,0.0,0.0,0.0,0.0,0
sample_16424.docx,0,0,0.0,0.0,0,0.0,0.0,0.0,0.0,0.0,1
sample_09097.docx,9,100,1.0,1.0,94,3.0,1.0,1.0,1.0,5.0,1
sample_00833.docx,9,100,1.0,1.0,94,3.0,1.0,1.0,1.0,5.0,1
sample_18139.docx,10,66,0.0,0.0,60,0.0,0.0,0.0,0.0,0.0,0
sample_18702.docx,0,0,0.0,0.0,0,0.0,0.0,0.0,0.0,0.0,1
sample_18744.docx,9,100,1.0,1.0,94,3.0,1.0,1.0,1.0,5.0,1
sample_07403.docx,10,66,0.0,0.0,60,0.0,0.0,0.0,0.0,0.0,0
sample_04611.docx,9,100,1.0,1.0,94,3.0,1.0,1.0,1.0,5.0,1
sample_09469.docx,9,100,1.0,1.0,94,3.0,1.0,1.0,1.0,5.0,1
sample_01396.docx,10,66,0.0,0.0,60,0.0,0.0,0.0,0.0,0.0,0
sample_09684.docx,10,66,0.0,0.0,60,0.0,0.0,0.0,0.0,0.0,0
sample_02626.docx,10,66,0.0,0.0,60,0.0,0.0,0.0,0.0,0.0,0
sample_01936.docx,10,66,0.0,0.0,60,0.0,0.0,0.0,0.0,0.0,0
sample_07611.docx,0,0,0.0,0.0,0,0.0,0.0,0.0,0.0,0.0,1
sample_03070.docx,10,66,0.0,0.0,60,0.0,0.0,0.0,0.0,0.0,0
sample_00536.docx,10,66,0.0,0.0,60,0.0,0.0,0.0,0.0,0.0,0
sample_03537.docx,10,66,0.0,0.0,60,0.0,0.0,0.0,0.0,0.0,0
sample_02275.docx,9,66,0.0,0.0,60,0.0,0.0,0.0,0.0,0.0,0
sample_01318.docx,10,66,0.0,0.0,60,0.0,0.0,0.0,0.0,0.0,0
sample_11759.docx,9,100,1.0,1.0,94,3.0,1.0,1.0,1.0,5.0,1
sample_02188.docx,9,100,1.0,1.0,94,3.0,1.0,1.0,1.0,5.0,1
sample_07521.docx,9,100,1.0,1.0,94,3.0,1.0,1.0,1.0,5.0,1
sample_00967.docx,0,0,0.0,0.0,0,0.0,0.0,0.0,0.0,0.0,1
sample_11212.docx,10,66,0.0,0.0,60,0.0,0.0,0.0,0.0,0.0,0
sample_08098.docx,9,100,1.0,1.0,94,3.0,1.0,1.0,1.0,5.0,1
sample_02687.docx,0,0,0.0,0.0,0,0.0,0.0,0.0,0.0,0.0,1
sample_10532.docx,10,66,0.0,0.0,60,0.0,0.0,0.0,0.0,0.0,0
sample_05792.docx,10,66,0.0,0.0,60,0.0,0.0,0.0,0.0,0.0,0
sample_07179.docx,10,66,0.0,0.0,60,0.0,0.0,0.0,0.0,0.0,0
sample_04639.docx,10,66,0.0,0.0,60,0.0,0.0,0.0,0.0,0.0,0
sample_14436.docx,10,66,0.0,0.0,60,0.0,0.0,0.0,0.0,0.0,0
sample_06553.docx,0,0,0.0,0.0,0,0.0,0.0,0.0,0.0,0.0,1
sample_00796.docx,9,66,1.0,1.0,60,3.0,1.0,1.0,1.0,5.0,1
sample_00917.docx,9,66,1.0,1.0,60,3.0,1.0,1.0,1.0,5.0,1
sample_08631.docx,9,100,1.0,1.0,94,3.0,1.0,1.0,1.0,5.0,1
sample_13680.docx,0,0,0.0,0.0,0,0.0,0.0,0.0,0.0,0.0,1
sample_06940.docx,9,100,1.0,1.0,94,3.0,1.0,1.0,1.0,5.0,1
sample_10254.docx,10,66,0.0,0.0,60,0.0,0.0,0.0,0.0,0.0,0
sample_08989.docx,0,0,0.0,0.0,0,0.0,0.0,0.0,0.0,0.0,1
sample_05309.docx,10,66,0.0,0.0,60,0.0,0.0,0.0,0.0,0.0,0
sample_09290.docx,0,0,0.0,0.0,0,0.0,0.0,0.0,0.0,0.0,1
sample_07423.docx,0,0,0.0,0.0,0,0.0,0.0,0.0,0.0,0.0,1
sample_12653.docx,10,66,0.0,0.0,60,0.0,0.0,0.0,0.0,0.0,0
sample_04211.docx,0,0,0.0,0.0,0,0.0,0.0,0.0,0.0,0.0,1
sample_03755.docx,0,0,0.0,0.0,0,0.0,0.0,0.0,0.0,0.0,1
sample_15100.docx,0,0,0.0,0.0,0,0.0,0.0,0.0,0.0,0.0,1
sample_19829.docx,10,66,0.0,0.0,60,0.0,0.0,0.0,0.0,0.0,0
sample_10181.docx,0,0,0.0,0.0,0,0.0,0.0,0.0,0.0,0.0,1
sample_14334.docx,0,0,0.0,0.0,0,0.0,0.0,0.0,0.0,0.0,1
sample_17513.docx,10,66,0.0,0.0,60,0.0,0.0,0.0,0.0,0.0,0
sample_15403.docx,10,66,0.0,0.0,60,0.0,0.0,0.0,0.0,0.0,0
sample_18416.docx,0,0,0.0,0.0,0,0.0,0.0,0.0,0.0,0.0,1
sample_07414.docx,10,66,0.0,0.0,60,0.0,0.0,0.0,0.0,0.0,0
sample_03438.docx,0,0,0.0,0.0,0,0.0,0.0,0.0,0.0,0.0,1
sample_02469.docx,0,0,0.0,0.0,0,0.0,0.0,0.0,0.0,0.0,1
sample_15865.docx,0,0,0.0,0.0,0,0.0,0.0,0.0,0.0,0.0,1
sample_17022.docx,0,0,0.0,0.0,0,0.0,0.0,0.0,0.0,0.0,1
sample_11171.docx,9,100,1.0,1.0,94,3.0,1.0,1.0,1.0,5.0,1
sample_16776.docx,0,0,0.0,0.0,0,0.0,0.0,0.0,0.0,0.0,1
sample_03423.docx,0,0,0.0,0.0,0,0.0,0.0,0.0,0.0,0.0,1
sample_14896.docx,0,0,0.0,0.0,0,0.0,0.0,0.0,0.0,0.0,1
sample_13313.docx,0,0,0.0,0.0,0,0.0,0.0,0.0,0.0,0.0,1
sample_11430.docx,10,66,0.0,0.0,60,0.0,0.0,0.0,0.0,0.0,0
sample_14841.docx,10,66,0.0,0.0,60,0.0,0.0,0.0,0.0,0.0,0
sample_01671.docx,10,66,0.0,0.0,60,0.0,0.0,0.0,0.0,0.0,0
sample_15124.docx,0,0,0.0,0.0,0,0.0,0.0,0.0,0.0,0.0,1
sample_16021.docx,10,66,0.0,0.0,60,0.0,0.0,0.0,0.0,0.0,0
sample_00237.docx,0,0,0.0,0.0,0,0.0,0.0,0.0,0.0,0.0,1
sample_19559.docx,0,0,0.0,0.0,0,0.0,0.0,0.0,0.0,0.0,1
sample_17706.docx,10,66,0.0,0.0,60,0.0,0.0,0.0,0.0,0.0,0
sample_17983.docx,10,66,0.0,0.0,60,0.0,0.0,0.0,0.0,0.0,0
sample_18354.docx,10,66,0.0,0.0,60,0.0,0.0,0.0,0.0,0.0,0
sample_10337.docx,0,0,0.0,0.0,0,0.0,0.0,0.0,0.0,0.0,1
sample_19613.docx,0,0,0.0,0.0,0,0.0,0.0,0.0,0.0,0.0,1
sample_04829.docx,9,100,1.0,1.0,94,3.0,1.0,1.0,1.0,5.0,1
sample_14071.docx,9,66,1.0,1.0,60,3.0,1.0,1.0,1.0,5.0,1
sample_05476.docx,0,0,0.0,0.0,0,0.0,0.0,0.0,0.0,0.0,1
sample_02490.docx,0,0,0.0,0.0,0,0.0,0.0,0.0,0.0,0.0,1
sample_16586.docx,0,0,0.0,0.0,0,0.0,0.0,0.0,0.0,0.0,1
sample_11726.docx,9,66,1.0,1.0,60,3.0,1.0,1.0,1.0,5.0,1
sample_14928.docx,9,66,1.0,1.0,60,3.0,1.0,1.0,1.0,5.0,1
sample_18303.docx,10,66,0.0,0.0,60,0.0,0.0,0.0,0.0,0.0,0
sample_02006.docx,10,66,0.0,0.0,60,0.0,0.0,0.0,0.0,0.0,0
sample_07791.docx,10,66,0.0,0.0,60,0.0,0.0,0.0,0.0,0.0,0
sample_18253.docx,0,0,0.0,0.0,0,0.0,0.0,0.0,0.0,0.0,1
sample_05996.docx,10,66,0.0,0.0,60,0.0,0.0,0.0,0.0,0.0,0
sample_11401.docx,10,66,0.0,0.0,60,0.0,0.0,0.0,0.0,0.0,0
sample_15912.docx,10,66,0.0,0.0,60,0.0,0.0,0.0,0.0,0.0,0
sample_16739.docx,10,66,0.0,0.0,60,0.0,0.0,0.0,0.0,0.0,0
sample_07226.docx,10,66,0.0,0.0,60,0.0,0.0,0.0,0.0,0.0,0
sample_18146.docx,0,0,0.0,0.0,0,0.0,0.0,0.0,0.0,0.0,1
sample_09446.docx,10,66,0.0,0.0,60,0.0,0.0,0.0,0.0,0.0,0
sample_11136.docx,0,0,0.0,0.0,0,0.0,0.0,0.0,0.0,0.0,1
sample_00933.docx,10,66,0.0,0.0,60,0.0,0.0,0.0,0.0,0.0,0
sample_02230.docx,0,0,0.0,0.0,0,0.0,0.0,0.0,0.0,0.0,1
sample_05970.docx,10,66,0.0,0.0,60,0.0,0.0,0.0,0.0,0.0,0
sample_02218.docx,10,66,0.0,0.0,60,0.0,0.0,0.0,0.0,0.0,0
sample_12428.docx,0,0,0.0,0.0,0,0.0,0.0,0.0,0.0,0.0,1
sample_11897.docx,10,66,0.0,0.0,60,0.0,0.0,0.0,0.0,0.0,0
sample_14005.docx,9,100,1.0,1.0,94,3.0,1.0,1.0,1.0,5.0,1
sample_05662.docx,9,100,1.0,1.0,94,3.0,1.0,1.0,1.0,5.0,1
sample_15691.docx,0,0,0.0,0.0,0,0.0,0.0,0.0,0.0,0.0,1
sample_01699.docx,10,66,0.0,0.0,60,0.0,0.0,0.0,0.0,0.0,0
sample_03424.docx,9,100,1.0,1.0,94,3.0,1.0,1.0,1.0,5.0,1
sample_14377.docx,10,66,0.0,0.0,60,0.0,0.0,0.0,0.0,0.0,0
sample_13648.docx,0,0,0.0,0.0,0,0.0,0.0,0.0,0.0,0.0,1
sample_09993.docx,0,66,0.0,0.0,60,0.0,0.0,0.0,0.0,0.0,0
sample_08285.docx,10,66,0.0,0.0,60,0.0,0.0,0.0,0.0,0.0,0
sample_13765.docx,10,66,0.0,0.0,60,0.0,0.0,0.0,0.0,0.0,0
sample_05532.docx,10,66,0.0,0.0,60,0.0,0.0,0.0,0.0,0.0,0
sample_19213.docx,9,100,1.0,1.0,94,3.0,1.0,1.0,1.0,4.0,1
sample_13577.docx,10,66,0.0,0.0,60,0.0,0.0,0.0,0.0,0.0,0
sample_13895.docx,9,100,1.0,1.0,94,3.0,1.0,1.0,1.0,5.0,1
sample_01167.docx,10,66,0.0,0.0,60,0.0,0.0,0.0,0.0,0.0,0
sample_12098.docx,0,0,0.0,0.0,0,0.0,0.0,0.0,0.0,0.0,1
sample_03006.docx,10,66,0.0,0.0,60,0.0,0.0,0.0,0.0,0.0,0
sample_00229.docx,0,0,0.0,0.0,0,0.0,0.0,0.0,0.0,0.0,1
sample_13802.docx,0,0,0.0,0.0,0,0.0,0.0,0.0,0.0,0.0,1
sample_00445.docx,9,100,1.0,1.0,94,3.0,1.0,1.0,1.0,5.0,1
sample_03442.docx,10,66,0.0,0.0,60,0.0,0.0,0.0,0.0,0.0,0
sample_14339.docx,10,66,0.0,0.0,60,0.0,0.0,0.0,0.0,0.0,0
sample_12175.docx,10,66,0.0,0.0,60,0.0,0.0,0.0,0.0,0.0,0
sample_00546.docx,10,66,0.0,0.0,60,0.0,0.0,0.0,0.0,0.0,0
sample_03865.docx,10,66,0.0,0.0,60,0.0,0.0,0.0,0.0,0.0,0
sample_08410.docx,0,0,0.0,0.0,0,0.0,0.0,0.0,0.0,0.0,1
sample_03414.docx,10,66,0.0,0.0,60,0.0,0.0,0.0,0.0,0.0,0
sample_01425.docx,10,66,0.0,0.0,60,0.0,0.0,0.0,0.0,0.0,0
sample_05961.docx,0,0,0.0,0.0,0,0.0,0.0,0.0,0.0,0.0,1
sample_03060.docx,10,66,0.0,0.0,60,0.0,0.0,0.0,0.0,0.0,0
sample_08808.docx,0,0,0.0,0.0,0,0.0,0.0,0.0,0.0,0.0,1
sample_15420.docx,10,66,0.0,0.0,60,0.0,0.0,0.0,0.0,0.0,0
sample_05396.docx,0,0,0.0,0.0,0,0.0,0.0,0.0,0.0,0.0,1
sample_16613.docx,10,66,0.0,0.0,60,0.0,0.0,0.0,0.0,0.0,0
sample_16477.docx,10,66,0.0,0.0,60,0.0,0.0,0.0,0.0,0.0,0
sample_01051.docx,9,100,1.0,1.0,94,3.0,1.0,1.0,1.0,5.0,1
sample_14438.docx,10,66,0.0,0.0,60,0.0,0.0,0.0,0.0,0.0,0
sample_02381.docx,9,100,1.0,1.0,94,3.0,1.0,1.0,1.0,5.0,1
sample_07072.docx,0,0,0.0,0.0,0,0.0,0.0,0.0,0.0,0.0,1
sample_02272.docx,0,0,0.0,0.0,0,0.0,0.0,0.0,0.0,0.0,1
sample_07069.docx,9,100,1.0,1.0,94,3.0,1.0,1.0,1.0,5.0,1
sample_08845.docx,0,0,0.0,0.0,0,0.0,0.0,0.0,0.0,0.0,1
sample_00841.docx,10,66,0.0,0.0,60,0.0,0.0,0.0,0.0,0.0,0
sample_05244.docx,0,0,0.0,0.0,0,0.0,0.0,0.0,0.0,0.0,1
sample_08529.docx,10,66,0.0,0.0,60,0.0,0.0,0.0,0.0,0.0,0
sample_16236.docx,9,100,1.0,1.0,94,3.0,1.0,1.0,1.0,5.0,1
sample_11956.docx,10,66,0.0,0.0,60,0.0,0.0,0.0,0.0,0.0,0
sample_14998.docx,10,66,0.0,0.0,60,0.0,0.0,0.0,0.0,0.0,0
sample_02548.docx,10,66,0.0,0.0,60,0.0,0.0,0.0,0.0,0.0,0
sample_11662.docx,10,66,0.0,0.0,60,0.0,0.0,0.0,0.0,0.0,0
sample_04306.docx,0,0,0.0,0.0,0,0.0,0.0,0.0,0.0,0.0,1
sample_05745.docx,9,66,1.0,1.0,60,3.0,1.0,1.0,1.0,5.0,1
sample_13545.docx,0,0,0.0,0.0,0,0.0,0.0,0.0,0.0,0.0,1
sample_10647.docx,0,0,0.0,0.0,0,0.0,0.0,0.0,0.0,0.0,1
sample_19384.docx,9,66,1.0,1.0,60,3.0,1.0,1.0,1.0,5.0,1
sample_11661.docx,0,0,0.0,0.0,0,0.0,0.0,0.0,0.0,0.0,1
sample_13904.docx,0,0,0.0,0.0,0,0.0,0.0,0.0,0.0,0.0,1
sample_14435.docx,10,66,0.0,0.0,60,0.0,0.0,0.0,0.0,0.0,0
sample_11421.docx,0,0,0.0,0.0,0,0.0,0.0,0.0,0.0,0.0,1
sample_13857.docx,10,66,0.0,0.0,60,0.0,0.0,0.0,0.0,0.0,0
sample_02100.docx,10,66,0.0,0.0,60,0.0,0.0,0.0,0.0,0.0,0
sample_01667.docx,10,66,0.0,0.0,60,0.0,0.0,0.0,0.0,0.0,0
sample_05079.docx,10,66,0.0,0.0,60,0.0,0.0,0.0,0.0,0.0,0
sample_15090.docx,10,66,0.0,0.0,60,0.0,0.0,0.0,0.0,0.0,0
sample_07146.docx,10,66,0.0,0.0,60,0.0,0.0,0.0,0.0,0.0,0
sample_04312.docx,10,66,0.0,0.0,60,0.0,0.0,0.0,0.0,0.0,0
sample_13439.docx,0,0,0.0,0.0,0,0.0,0.0,0.0,0.0,0.0,1
sample_06608.docx,10,66,0.0,0.0,60,0.0,0.0,0.0,0.0,0.0,0
sample_07274.docx,0,0,0.0,0.0,0,0.0,0.0,0.0,0.0,0.0,1
sample_08997.docx,10,66,0.0,0.0,60,0.0,0.0,0.0,0.0,0.0,0
sample_00971.docx,9,100,1.0,1.0,94,3.0,1.0,1.0,1.0,5.0,1
sample_16308.docx,10,66,0.0,0.0,60,0.0,0.0,0.0,0.0,0.0,0
sample_04660.docx,9,100,1.0,1.0,94,3.0,1.0,1.0,1.0,5.0,1
sample_06632.docx,10,66,0.0,0.0,60,0.0,0.0,0.0,0.0,0.0,0
sample_09722.docx,10,66,0.0,0.0,60,0.0,0.0,0.0,0.0,0.0,0
sample_16181.docx,10,66,0.0,0.0,60,0.0,0.0,0.0,0.0,0.0,0
sample_01286.docx,9,100,1.0,1.0,94,3.0,1.0,1.0,1.0,5.0,1
sample_07939.docx,10,66,0.0,0.0,60,0.0,0.0,0.0,0.0,0.0,0
sample_06613.docx,0,0,0.0,0.0,0,0.0,0.0,0.0,0.0,0.0,1
sample_16948.docx,0,0,0.0,0.0,0,0.0,0.0,0.0,0.0,0.0,1
sample_17032.docx,10,66,0.0,0.0,60,0.0,0.0,0.0,0.0,0.0,0
sample_15240.docx,10,66,0.0,0.0,60,0.0,0.0,0.0,0.0,0.0,0
sample_01118.docx,10,66,0.0,0.0,60,0.0,0.0,0.0,0.0,0.0,0
sample_14778.docx,0,0,0.0,0.0,0,0.0,0.0,0.0,0.0,0.0,1
sample_10827.docx,0,0,0.0,0.0,0,0.0,0.0,0.0,0.0,0.0,1
sample_00596.docx,10,66,0.0,0.0,60,0.0,0.0,0.0,0.0,0.0,0
sample_04124.docx,9,100,1.0,1.0,94,3.0,1.0,1.0,1.0,5.0,1
sample_00881.docx,10,66,0.0,0.0,60,0.0,0.0,0.0,0.0,0.0,0
sample_16827.docx,0,0,0.0,0.0,0,0.0,0.0,0.0,0.0,0.0,1
sample_08325.docx,10,66,0.0,0.0,60,0.0,0.0,0.0,0.0,0.0,0
sample_01487.docx,0,0,0.0,0.0,0,0.0,0.0,0.0,0.0,0.0,1
sample_01324.docx,0,0,0.0,0.0,0,0.0,0.0,0.0,0.0,0.0,1
sample_07404.docx,10,66,0.0,0.0,60,0.0,0.0,0.0,0.0,0.0,0
sample_13543.docx,10,66,0.0,0.0,60,0.0,0.0,0.0,0.0,0.0,0
sample_16898.docx,0,0,0.0,0.0,0,0.0,0.0,0.0,0.0,0.0,1
sample_11017.docx,10,66,0.0,0.0,60,0.0,0.0,0.0,0.0,0.0,0
sample_17599.docx,0,0,0.0,0.0,0,0.0,0.0,0.0,0.0,0.0,1
sample_14151.docx,0,0,0.0,0.0,0,0.0,0.0,0.0,0.0,0.0,1
sample_09122.docx,9,100,1.0,1.0,94,3.0,1.0,1.0,1.0,5.0,1
sample_13329.docx,0,0,0.0,0.0,0,0.0,0.0,0.0,0.0,0.0,1
sample_04469.docx,0,0,0.0,0.0,0,0.0,0.0,0.0,0.0,0.0,1
sample_13356.docx,0,0,0.0,0.0,0,0.0,0.0,0.0,0.0,0.0,1
sample_01582.docx,10,66,0.0,0.0,60,0.0,0.0,0.0,0.0,0.0,0
sample_17764.docx,10,66,0.0,0.0,60,0.0,0.0,0.0,0.0,0.0,0
sample_02376.docx,10,66,0.0,0.0,60,0.0,0.0,0.0,0.0,0.0,0
sample_12395.docx,0,0,0.0,0.0,0,0.0,0.0,0.0,0.0,0.0,1
sample_02915.docx,10,66,0.0,0.0,60,0.0,0.0,0.0,0.0,0.0,0
sample_19862.docx,9,100,1.0,1.0,94,3.0,1.0,1.0,1.0,5.0,1
sample_14167.docx,10,66,0.0,0.0,60,0.0,0.0,0.0,0.0,0.0,0
sample_01683.docx,10,66,0.0,0.0,60,0.0,0.0,0.0,0.0,0.0,0
sample_07363.docx,10,66,0.0,0.0,60,0.0,0.0,0.0,0.0,0.0,0
sample_19105.docx,0,0,0.0,0.0,0,0.0,0.0,0.0,0.0,0.0,1
sample_00131.docx,10,66,0.0,0.0,60,0.0,0.0,0.0,0.0,0.0,0
sample_14801.docx,10,66,0.0,0.0,60,0.0,0.0,0.0,0.0,0.0,0
sample_01446.docx,9,100,1.0,1.0,94,3.0,1.0,1.0,1.0,5.0,1
sample_09974.docx,10,66,0.0,0.0,60,0.0,0.0,0.0,0.0,0.0,0
sample_09583.docx,0,0,0.0,0.0,0,0.0,0.0,0.0,0.0,0.0,1
sample_16878.docx,9,100,1.0,1.0,94,3.0,1.0,1.0,1.0,5.0,1
sample_13233.docx,11,64,0.0,0.0,58,0.0,0.0,0.0,0.0,0.0,0
sample_07650.docx,10,66,0.0,0.0,60,0.0,0.0,0.0,0.0,0.0,0
sample_01982.docx,0,0,0.0,0.0,0,0.0,0.0,0.0,0.0,0.0,1
sample_16504.docx,10,66,0.0,0.0,60,0.0,0.0,0.0,0.0,0.0,0
sample_01785.docx,10,66,0.0,0.0,60,0.0,0.0,0.0,0.0,0.0,0
sample_08538.docx,9,100,1.0,1.0,94,3.0,1.0,1.0,1.0,5.0,1
sample_04593.docx,10,66,0.0,0.0,60,0.0,0.0,0.0,0.0,0.0,0
sample_15144.docx,0,0,0.0,0.0,0,0.0,0.0,0.0,0.0,0.0,1
sample_12651.docx,9,100,1.0,1.0,94,3.0,1.0,1.0,1.0,5.0,1
sample_05186.docx,9,100,1.0,1.0,94,3.0,1.0,1.0,1.0,5.0,1
sample_12710.docx,0,0,0.0,0.0,0,0.0,0.0,0.0,0.0,0.0,1
sample_03973.docx,0,0,0.0,0.0,0,0.0,0.0,0.0,0.0,0.0,1
sample_18858.docx,10,66,0.0,0.0,60,0.0,0.0,0.0,0.0,0.0,0
sample_13827.docx,9,66,1.0,1.0,60,3.0,1.0,1.0,1.0,5.0,1
sample_03644.docx,9,100,1.0,1.0,94,3.0,1.0,1.0,1.0,5.0,1
sample_15036.docx,10,66,0.0,0.0,60,0.0,0.0,0.0,0.0,0.0,0
sample_11203.docx,0,66,0.0,0.0,60,0.0,0.0,0.0,0.0,0.0,0
sample_09055.docx,10,66,0.0,0.0,60,0.0,0.0,0.0,0.0,0.0,0
sample_01899.docx,0,0,0.0,0.0,0,0.0,0.0,0.0,0.0,0.0,1
sample_16248.docx,0,0,0.0,0.0,0,0.0,0.0,0.0,0.0,0.0,1
sample_04677.docx,10,66,0.0,0.0,60,0.0,0.0,0.0,0.0,0.0,0
sample_15238.docx,10,66,0.0,0.0,60,0.0,0.0,0.0,0.0,0.0,0
sample_00230.docx,10,66,0.0,0.0,60,0.0,0.0,0.0,0.0,0.0,0
sample_17446.docx,0,0,0.0,0.0,0,0.0,0.0,0.0,0.0,0.0,1
sample_00287.docx,9,100,1.0,1.0,94,3.0,1.0,1.0,1.0,5.0,1
sample_16179.docx,0,0,0.0,0.0,0,0.0,0.0,0.0,0.0,0.0,1
sample_16837.docx,0,0,0.0,0.0,0,0.0,0.0,0.0,0.0,0.0,1
sample_12925.docx,0,0,0.0,0.0,0,0.0,0.0,0.0,0.0,0.0,1
sample_13445.docx,10,66,0.0,0.0,60,0.0,0.0,0.0,0.0,0.0,0
sample_13942.docx,0,0,0.0,0.0,0,0.0,0.0,0.0,0.0,0.0,1
sample_06136.docx,0,0,0.0,0.0,0,0.0,0.0,0.0,0.0,0.0,1
sample_12162.docx,0,0,0.0,0.0,0,0.0,0.0,0.0,0.0,0.0,1
sample_10464.docx,10,66,0.0,0.0,60,0.0,0.0,0.0,0.0,0.0,0
sample_19171.docx,11,64,0.0,0.0,58,0.0,0.0,0.0,0.0,0.0,0
sample_08830.docx,10,66,0.0,0.0,60,0.0,0.0,0.0,0.0,0.0,0
sample_13826.docx,0,0,0.0,0.0,0,0.0,0.0,0.0,0.0,0.0,1
sample_11812.docx,0,0,0.0,0.0,0,0.0,0.0,0.0,0.0,0.0,1
sample_04972.docx,9,100,1.0,1.0,94,3.0,1.0,1.0,1.0,5.0,1
sample_04578.docx,10,66,0.0,0.0,60,0.0,0.0,0.0,0.0,0.0,0
sample_06867.docx,10,66,0.0,0.0,60,0.0,0.0,0.0,0.0,0.0,0
sample_10582.docx,9,66,1.0,1.0,60,3.0,1.0,1.0,1.0,5.0,1
sample_15481.docx,0,0,0.0,0.0,0,0.0,0.0,0.0,0.0,0.0,1
sample_10749.docx,10,66,0.0,0.0,60,0.0,0.0,0.0,0.0,0.0,0
sample_00801.docx,9,100,1.0,1.0,94,3.0,1.0,1.0,1.0,5.0,1
sample_11457.docx,10,66,0.0,0.0,60,0.0,0.0,0.0,0.0,0.0,0
sample_10349.docx,10,66,0.0,0.0,60,0.0,0.0,0.0,0.0,0.0,0
sample_15162.docx,10,66,0.0,0.0,60,0.0,0.0,0.0,0.0,0.0,0
sample_18016.docx,10,66,0.0,0.0,60,0.0,0.0,0.0,0.0,0.0,0
sample_00476.docx,10,66,0.0,0.0,60,0.0,0.0,0.0,0.0,0.0,0
sample_02849.docx,10,66,0.0,0.0,60,0.0,0.0,0.0,0.0,0.0,0
sample_02423.docx,10,66,0.0,0.0,60,0.0,0.0,0.0,0.0,0.0,0
sample_06974.docx,0,0,0.0,0.0,0,0.0,0.0,0.0,0.0,0.0,1
sample_00718.docx,10,66,0.0,0.0,60,0.0,0.0,0.0,0.0,0.0,0
sample_07535.docx,10,66,0.0,0.0,60,0.0,0.0,0.0,0.0,0.0,0
sample_10279.docx,10,66,0.0,0.0,60,0.0,0.0,0.0,0.0,0.0,0
sample_13101.docx,10,66,0.0,0.0,60,0.0,0.0,0.0,0.0,0.0,0
sample_17824.docx,10,66,0.0,0.0,60,0.0,0.0,0.0,0.0,0.0,0
sample_16041.docx,0,0,0.0,0.0,0,0.0,0.0,0.0,0.0,0.0,1
sample_15533.docx,10,66,0.0,0.0,60,0.0,0.0,0.0,0.0,0.0,0
sample_05153.docx,10,66,0.0,0.0,60,0.0,0.0,0.0,0.0,0.0,0
sample_08123.docx,0,0,0.0,0.0,0,0.0,0.0,0.0,0.0,0.0,1
sample_14270.docx,11,64,0.0,0.0,58,0.0,0.0,0.0,0.0,0.0,0
sample_04768.docx,10,66,0.0,0.0,60,0.0,0.0,0.0,0.0,0.0,0
sample_07081.docx,0,0,0.0,0.0,0,0.0,0.0,0.0,0.0,0.0,1
sample_13177.docx,0,0,0.0,0.0,0,0.0,0.0,0.0,0.0,0.0,1
sample_17846.docx,10,66,0.0,0.0,60,0.0,0.0,0.0,0.0,0.0,0
sample_01848.docx,10,66,0.0,0.0,60,0.0,0.0,0.0,0.0,0.0,0
sample_01062.docx,9,66,1.0,1.0,60,3.0,1.0,1.0,1.0,5.0,1
sample_15362.docx,10,66,0.0,0.0,60,0.0,0.0,0.0,0.0,0.0,0
sample_17972.docx,10,66,0.0,0.0,60,0.0,0.0,0.0,0.0,0.0,0
sample_07834.docx,10,66,0.0,0.0,60,0.0,0.0,0.0,0.0,0.0,0
sample_03259.docx,9,66,1.0,1.0,60,3.0,1.0,1.0,1.0,5.0,1
sample_12623.docx,10,66,0.0,0.0,60,0.0,0.0,0.0,0.0,0.0,0
sample_05360.docx,11,64,0.0,0.0,58,0.0,0.0,0.0,0.0,0.0,0
sample_14661.docx,0,0,0.0,0.0,0,0.0,0.0,0.0,0.0,0.0,1
sample_09210.docx,0,0,0.0,0.0,0,0.0,0.0,0.0,0.0,0.0,1
sample_08499.docx,9,66,1.0,1.0,60,3.0,1.0,1.0,1.0,5.0,1
sample_00110.docx,10,66,0.0,0.0,60,0.0,0.0,0.0,0.0,0.0,0
sample_13334.docx,0,0,0.0,0.0,0,0.0,0.0,0.0,0.0,0.0,1
sample_09416.docx,9,100,1.0,1.0,94,3.0,1.0,1.0,1.0,5.0,1
sample_16449.docx,10,66,0.0,0.0,60,0.0,0.0,0.0,0.0,0.0,0
sample_03609.docx,0,0,0.0,0.0,0,0.0,0.0,0.0,0.0,0.0,1
sample_05637.docx,10,66,0.0,0.0,60,0.0,0.0,0.0,0.0,0.0,0
sample_10913.docx,0,0,0.0,0.0,0,0.0,0.0,0.0,0.0,0.0,1
sample_09007.docx,10,66,0.0,0.0,60,0.0,0.0,0.0,0.0,0.0,0
sample_13865.docx,10,66,0.0,0.0,60,0.0,0.0,0.0,0.0,0.0,0
sample_10664.docx,0,0,0.0,0.0,0,0.0,0.0,0.0,0.0,0.0,1
sample_09737.docx,10,66,0.0,0.0,60,0.0,0.0,0.0,0.0,0.0,0
sample_00647.docx,9,100,0.0,0.0,94,0.0,0.0,0.0,0.0,0.0,0
sample_10895.docx,10,66,0.0,0.0,60,0.0,0.0,0.0,0.0,0.0,0
sample_04847.docx,0,0,0.0,0.0,0,0.0,0.0,0.0,0.0,0.0,1
sample_01331.docx,0,0,0.0,0.0,0,0.0,0.0,0.0,0.0,0.0,1
sample_17514.docx,9,66,1.0,1.0,60,3.0,1.0,1.0,1.0,5.0,1
sample_12194.docx,10,66,0.0,0.0,60,0.0,0.0,0.0,0.0,0.0,0
sample_10617.docx,0,0,0.0,0.0,0,0.0,0.0,0.0,0.0,0.0,1
sample_16491.docx,10,66,0.0,0.0,60,0.0,0.0,0.0,0.0,0.0,0
sample_01348.docx,10,66,0.0,0.0,60,0.0,0.0,0.0,0.0,0.0,0
sample_07315.docx,0,0,0.0,0.0,0,0.0,0.0,0.0,0.0,0.0,1
sample_18187.docx,10,66,0.0,0.0,60,0.0,0.0,0.0,0.0,0.0,0
sample_05412.docx,10,66,0.0,0.0,60,0.0,0.0,0.0,0.0,0.0,0
sample_19690.docx,9,100,1.0,1.0,94,3.0,1.0,1.0,1.0,5.0,1
sample_02901.docx,10,66,0.0,0.0,60,0.0,0.0,0.0,0.0,0.0,0
sample_11632.docx,0,0,0.0,0.0,0,0.0,0.0,0.0,0.0,0.0,1
sample_00172.docx,9,100,1.0,1.0,94,3.0,1.0,1.0,1.0,5.0,1
sample_01344.docx,9,100,1.0,1.0,94,3.0,1.0,1.0,1.0,5.0,1
sample_14511.docx,9,100,1.0,1.0,94,3.0,1.0,1.0,1.0,5.0,1
sample_18456.docx,10,66,0.0,0.0,60,0.0,0.0,0.0,0.0,0.0,0
sample_15158.docx,10,66,0.0,0.0,60,0.0,0.0,0.0,0.0,0.0,0
sample_10894.docx,0,0,0.0,0.0,0,0.0,0.0,0.0,0.0,0.0,1
sample_02827.docx,9,100,0.0,0.0,94,0.0,0.0,0.0,0.0,0.0,0
sample_11063.docx,10,66,0.0,0.0,60,0.0,0.0,0.0,0.0,0.0,0
sample_18312.docx,0,0,0.0,0.0,0,0.0,0.0,0.0,0.0,0.0,1
sample_11147.docx,0,0,0.0,0.0,0,0.0,0.0,0.0,0.0,0.0,1
sample_17189.docx,0,0,0.0,0.0,0,0.0,0.0,0.0,0.0,0.0,1
sample_15616.docx,0,0,0.0,0.0,0,0.0,0.0,0.0,0.0,0.0,1
sample_00270.docx,0,0,0.0,0.0,0,0.0,0.0,0.0,0.0,0.0,1
sample_10286.docx,0,0,0.0,0.0,0,0.0,0.0,0.0,0.0,0.0,1
sample_16289.docx,10,66,0.0,0.0,60,0.0,0.0,0.0,0.0,0.0,0
sample_14989.docx,0,0,0.0,0.0,0,0.0,0.0,0.0,0.0,0.0,1
sample_10937.docx,0,0,0.0,0.0,0,0.0,0.0,0.0,0.0,0.0,1
sample_08166.docx,10,66,0.0,0.0,60,0.0,0.0,0.0,0.0,0.0,0
sample_19787.docx,0,0,0.0,0.0,0,0.0,0.0,0.0,0.0,0.0,1
sample_04310.docx,10,66,0.0,0.0,60,0.0,0.0,0.0,0.0,0.0,0
sample_10545.docx,10,66,0.0,0.0,60,0.0,0.0,0.0,0.0,0.0,0
sample_19495.docx,10,66,0.0,0.0,60,0.0,0.0,0.0,0.0,0.0,0
sample_12204.docx,9,100,1.0,1.0,94,3.0,1.0,1.0,1.0,5.0,1
sample_06463.docx,0,0,0.0,0.0,0,0.0,0.0,0.0,0.0,0.0,1
sample_06767.docx,10,66,0.0,0.0,60,0.0,0.0,0.0,0.0,0.0,0
sample_00033.docx,0,0,0.0,0.0,0,0.0,0.0,0.0,0.0,0.0,1
sample_05993.docx,9,100,1.0,1.0,94,3.0,1.0,1.0,1.0,5.0,1
sample_19206.docx,0,0,0.0,0.0,0,0.0,0.0,0.0,0.0,0.0,1
sample_09882.docx,0,0,0.0,0.0,0,0.0,0.0,0.0,0.0,0.0,1
sample_16886.docx,9,100,1.0,1.0,94,3.0,1.0,1.0,1.0,5.0,1
sample_11936.docx,10,66,0.0,0.0,60,0.0,0.0,0.0,0.0,0.0,0
sample_10088.docx,0,0,0.0,0.0,0,0.0,0.0,0.0,0.0,0.0,1
sample_06829.docx,0,0,0.0,0.0,0,0.0,0.0,0.0,0.0,0.0,1
sample_05171.docx,10,66,0.0,0.0,60,0.0,0.0,0.0,0.0,0.0,0
sample_14884.docx,10,66,0.0,0.0,60,0.0,0.0,0.0,0.0,0.0,0
sample_17486.docx,10,66,0.0,0.0,60,0.0,0.0,0.0,0.0,0.0,0
sample_05313.docx,10,66,0.0,0.0,60,0.0,0.0,0.0,0.0,0.0,0
sample_19066.docx,0,0,0.0,0.0,0,0.0,0.0,0.0,0.0,0.0,1
sample_14622.docx,0,0,0.0,0.0,0,0.0,0.0,0.0,0.0,0.0,1
sample_18061.docx,0,0,0.0,0.0,0,0.0,0.0,0.0,0.0,0.0,1
sample_11674.docx,10,66,0.0,0.0,60,0.0,0.0,0.0,0.0,0.0,0
sample_02644.docx,10,66,0.0,0.0,60,0.0,0.0,0.0,0.0,0.0,0
sample_10983.docx,9,100,1.0,1.0,94,3.0,1.0,1.0,1.0,5.0,1
sample_16849.docx,10,66,0.0,0.0,60,0.0,0.0,0.0,0.0,0.0,0
sample_19859.docx,0,0,0.0,0.0,0,0.0,0.0,0.0,0.0,0.0,1
sample_01768.docx,10,66,0.0,0.0,60,0.0,0.0,0.0,0.0,0.0,0
sample_08054.docx,10,66,0.0,0.0,60,0.0,0.0,0.0,0.0,0.0,0
sample_07584.docx,10,66,0.0,0.0,60,0.0,0.0,0.0,0.0,0.0,0
sample_04164.docx,10,66,0.0,0.0,60,0.0,0.0,0.0,0.0,0.0,0
sample_05174.docx,9,100,1.0,1.0,94,3.0,1.0,1.0,1.0,5.0,1
sample_14794.docx,11,66,0.0,0.0,60,0.0,0.0,0.0,0.0,0.0,0
sample_11162.docx,11,64,0.0,0.0,58,0.0,0.0,0.0,0.0,0.0,0
sample_19302.docx,9,100,1.0,1.0,94,3.0,1.0,1.0,1.0,5.0,1
sample_00301.docx,0,0,0.0,0.0,0,0.0,0.0,0.0,0.0,0.0,1
sample_09022.docx,9,66,1.0,1.0,60,3.0,1.0,1.0,1.0,5.0,1
sample_11760.docx,0,0,0.0,0.0,0,0.0,0.0,0.0,0.0,0.0,1
sample_08810.docx,0,0,0.0,0.0,0,0.0,0.0,0.0,0.0,0.0,1
sample_05881.docx,10,66,0.0,0.0,60,0.0,0.0,0.0,0.0,0.0,0
sample_06942.docx,10,66,0.0,0.0,60,0.0,0.0,0.0,0.0,0.0,0
sample_11620.docx,10,66,0.0,0.0,60,0.0,0.0,0.0,0.0,0.0,0
sample_17827.docx,10,66,0.0,0.0,60,0.0,0.0,0.0,0.0,0.0,0
sample_13555.docx,10,66,0.0,0.0,60,0.0,0.0,0.0,0.0,0.0,0
sample_11325.docx,10,66,0.0,0.0,60,0.0,0.0,0.0,0.0,0.0,0
sample_10527.docx,10,66,0.0,0.0,60,0.0,0.0,0.0,0.0,0.0,0
sample_14978.docx,0,0,0.0,0.0,0,0.0,0.0,0.0,0.0,0.0,1
sample_09765.docx,9,100,1.0,1.0,94,3.0,1.0,1.0,1.0,5.0,1
sample_08507.docx,10,66,0.0,0.0,60,0.0,0.0,0.0,0.0,0.0,0
sample_18183.docx,10,66,0.0,0.0,60,0.0,0.0,0.0,0.0,0.0,0
sample_17632.docx,10,66,0.0,0.0,60,0.0,0.0,0.0,0.0,0.0,0
sample_14911.docx,0,0,0.0,0.0,0,0.0,0.0,0.0,0.0,0.0,1
sample_06301.docx,0,0,0.0,0.0,0,0.0,0.0,0.0,0.0,0.0,1
sample_04941.docx,0,0,0.0,0.0,0,0.0,0.0,0.0,0.0,0.0,1
sample_06209.docx,0,0,0.0,0.0,0,0.0,0.0,0.0,0.0,0.0,1
sample_15078.docx,10,66,0.0,0.0,60,0.0,0.0,0.0,0.0,0.0,0
sample_16139.docx,9,66,1.0,1.0,60,3.0,1.0,1.0,1.0,5.0,1
sample_18057.docx,0,0,0.0,0.0,0,0.0,0.0,0.0,0.0,0.0,1
sample_11394.docx,10,66,0.0,0.0,60,0.0,0.0,0.0,0.0,0.0,0
sample_01492.docx,10,66,0.0,0.0,60,0.0,0.0,0.0,0.0,0.0,0
sample_14042.docx,0,0,0.0,0.0,0,0.0,0.0,0.0,0.0,0.0,1
sample_05441.docx,0,0,0.0,0.0,0,0.0,0.0,0.0,0.0,0.0,1
sample_09913.docx,10,66,0.0,0.0,60,0.0,0.0,0.0,0.0,0.0,0
sample_14102.docx,9,100,1.0,1.0,94,3.0,1.0,1.0,1.0,5.0,1
sample_06505.docx,0,0,0.0,0.0,0,0.0,0.0,0.0,0.0,0.0,1
sample_08724.docx,10,66,0.0,0.0,60,0.0,0.0,0.0,0.0,0.0,0
sample_08134.docx,0,0,0.0,0.0,0,0.0,0.0,0.0,0.0,0.0,1
sample_12014.docx,10,66,0.0,0.0,60,0.0,0.0,0.0,0.0,0.0,0
sample_08404.docx,0,0,0.0,0.0,0,0.0,0.0,0.0,0.0,0.0,1
sample_07169.docx,0,0,0.0,0.0,0,0.0,0.0,0.0,0.0,0.0,1
sample_01951.docx,10,66,0.0,0.0,60,0.0,0.0,0.0,0.0,0.0,0
sample_11744.docx,10,66,0.0,0.0,60,0.0,0.0,0.0,0.0,0.0,0
sample_14750.docx,10,66,0.0,0.0,60,0.0,0.0,0.0,0.0,0.0,0
sample_06567.docx,10,66,0.0,0.0,60,0.0,0.0,0.0,0.0,0.0,0
sample_00019.docx,0,66,0.0,0.0,60,0.0,0.0,0.0,0.0,0.0,0
sample_16847.docx,10,66,0.0,0.0,60,0.0,0.0,0.0,0.0,0.0,0
sample_17963.docx,10,66,0.0,0.0,60,0.0,0.0,0.0,0.0,0.0,0
sample_04627.docx,10,66,0.0,0.0,60,0.0,0.0,0.0,0.0,0.0,0
sample_15957.docx,10,66,0.0,0.0,60,0.0,0.0,0.0,0.0,0.0,0
sample_12715.docx,9,100,1.0,1.0,94,3.0,1.0,1.0,1.0,5.0,1
sample_13431.docx,9,66,1.0,1.0,60,3.0,1.0,1.0,1.0,5.0,1
sample_02141.docx,9,66,1.0,1.0,60,3.0,1.0,1.0,1.0,5.0,1
sample_07753.docx,9,100,1.0,1.0,94,3.0,1.0,1.0,1.0,4.0,1
sample_19276.docx,0,0,0.0,0.0,0,0.0,0.0,0.0,0.0,0.0,1
sample_18819.docx,0,0,0.0,0.0,0,0.0,0.0,0.0,0.0,0.0,1
sample_02442.docx,0,0,0.0,0.0,0,0.0,0.0,0.0,0.0,0.0,1
sample_05813.docx,10,66,0.0,0.0,60,0.0,0.0,0.0,0.0,0.0,0
sample_15302.docx,0,0,0.0,0.0,0,0.0,0.0,0.0,0.0,0.0,1
sample_19404.docx,10,66,0.0,0.0,60,0.0,0.0,0.0,0.0,0.0,0
sample_09136.docx,10,66,0.0,0.0,60,0.0,0.0,0.0,0.0,0.0,0
sample_10798.docx,10,66,0.0,0.0,60,0.0,0.0,0.0,0.0,0.0,0
sample_08131.docx,10,66,0.0,0.0,60,0.0,0.0,0.0,0.0,0.0,0
sample_12058.docx,10,66,0.0,0.0,60,0.0,0.0,0.0,0.0,0.0,0
sample_15215.docx,10,66,0.0,0.0,60,0.0,0.0,0.0,0.0,0.0,0
sample_03030.docx,9,100,1.0,1.0,94,3.0,1.0,1.0,1.0,5.0,1
sample_04690.docx,10,66,0.0,0.0,60,0.0,0.0,0.0,0.0,0.0,0
sample_04217.docx,0,0,0.0,0.0,0,0.0,0.0,0.0,0.0,0.0,1
sample_01852.docx,10,66,0.0,0.0,60,0.0,0.0,0.0,0.0,0.0,0
sample_14940.docx,10,66,0.0,0.0,60,0.0,0.0,0.0,0.0,0.0,0
sample_06357.docx,10,66,0.0,0.0,60,0.0,0.0,0.0,0.0,0.0,0
sample_04030.docx,0,0,0.0,0.0,0,0.0,0.0,0.0,0.0,0.0,1
sample_02979.docx,10,66,0.0,0.0,60,0.0,0.0,0.0,0.0,0.0,0
sample_04600.docx,0,0,0.0,0.0,0,0.0,0.0,0.0,0.0,0.0,1
sample_08343.docx,10,66,0.0,0.0,60,0.0,0.0,0.0,0.0,0.0,0
sample_10443.docx,10,66,0.0,0.0,60,0.0,0.0,0.0,0.0,0.0,0
sample_02757.docx,0,0,0.0,0.0,0,0.0,0.0,0.0,0.0,0.0,1
sample_05420.docx,0,0,0.0,0.0,0,0.0,0.0,0.0,0.0,0.0,1
sample_17986.docx,0,0,0.0,0.0,0,0.0,0.0,0.0,0.0,0.0,1
sample_02438.docx,0,0,0.0,0.0,0,0.0,0.0,0.0,0.0,0.0,1
sample_11954.docx,10,66,0.0,0.0,60,0.0,0.0,0.0,0.0,0.0,0
sample_07503.docx,10,66,0.0,0.0,60,0.0,0.0,0.0,0.0,0.0,0
sample_11596.docx,0,0,0.0,0.0,0,0.0,0.0,0.0,0.0,0.0,1
sample_09125.docx,10,66,0.0,0.0,60,0.0,0.0,0.0,0.0,0.0,0
sample_05032.docx,0,0,0.0,0.0,0,0.0,0.0,0.0,0.0,0.0,1
sample_03782.docx,10,66,0.0,0.0,60,0.0,0.0,0.0,0.0,0.0,0
sample_14513.docx,10,66,0.0,0.0,60,0.0,0.0,0.0,0.0,0.0,0
sample_17935.docx,0,0,0.0,0.0,0,0.0,0.0,0.0,0.0,0.0,1
sample_15906.docx,0,0,0.0,0.0,0,0.0,0.0,0.0,0.0,0.0,1
sample_07475.docx,9,100,1.0,1.0,94,3.0,1.0,1.0,1.0,5.0,1
sample_16307.docx,0,0,0.0,0.0,0,0.0,0.0,0.0,0.0,0.0,1
sample_14137.docx,9,100,1.0,1.0,94,3.0,1.0,1.0,1.0,5.0,1
sample_01525.docx,0,0,0.0,0.0,0,0.0,0.0,0.0,0.0,0.0,1
sample_14789.docx,10,66,0.0,0.0,60,0.0,0.0,0.0,0.0,0.0,0
sample_13170.docx,10,66,0.0,0.0,60,0.0,0.0,0.0,0.0,0.0,0
sample_05346.docx,10,66,0.0,0.0,60,0.0,0.0,0.0,0.0,0.0,0
sample_04194.docx,10,66,0.0,0.0,60,0.0,0.0,0.0,0.0,0.0,0
sample_06220.docx,9,100,1.0,1.0,94,3.0,1.0,1.0,1.0,5.0,1
sample_17911.docx,0,0,0.0,0.0,0,0.0,0.0,0.0,0.0,0.0,1
sample_03824.docx,10,66,0.0,0.0,60,0.0,0.0,0.0,0.0,0.0,0
sample_16066.docx,10,66,0.0,0.0,60,0.0,0.0,0.0,0.0,0.0,0
sample_15602.docx,0,0,0.0,0.0,0,0.0,0.0,0.0,0.0,0.0,1
sample_04574.docx,0,0,0.0,0.0,0,0.0,0.0,0.0,0.0,0.0,1
sample_17753.docx,10,66,0.0,0.0,60,0.0,0.0,0.0,0.0,0.0,0
sample_17847.docx,9,100,1.0,1.0,94,3.0,1.0,1.0,1.0,5.0,1
sample_05978.docx,0,0,0.0,0.0,0,0.0,0.0,0.0,0.0,0.0,1
sample_18666.docx,10,66,0.0,0.0,60,0.0,0.0,0.0,0.0,0.0,0
sample_17444.docx,0,0,0.0,0.0,0,0.0,0.0,0.0,0.0,0.0,1
sample_05492.docx,10,66,0.0,0.0,60,0.0,0.0,0.0,0.0,0.0,0
sample_06453.docx,0,0,0.0,0.0,0,0.0,0.0,0.0,0.0,0.0,1
sample_15808.docx,10,66,0.0,0.0,60,0.0,0.0,0.0,0.0,0.0,0
sample_18619.docx,0,0,0.0,0.0,0,0.0,0.0,0.0,0.0,0.0,1
sample_17173.docx,0,0,0.0,0.0,0,0.0,0.0,0.0,0.0,0.0,1
sample_19469.docx,9,100,1.0,1.0,94,3.0,1.0,1.0,1.0,5.0,1
sample_10770.docx,9,100,1.0,1.0,94,3.0,1.0,1.0,1.0,5.0,1
sample_15894.docx,9,100,1.0,1.0,94,3.0,1.0,1.0,1.0,5.0,1
sample_10674.docx,0,0,0.0,0.0,0,0.0,0.0,0.0,0.0,0.0,1
sample_15960.docx,10,66,0.0,0.0,60,0.0,0.0,0.0,0.0,0.0,0
sample_11084.docx,0,0,0.0,0.0,0,0.0,0.0,0.0,0.0,0.0,1
sample_19748.docx,0,0,0.0,0.0,0,0.0,0.0,0.0,0.0,0.0,1
sample_13038.docx,9,100,1.0,1.0,94,3.0,1.0,1.0,1.0,5.0,1
sample_07660.docx,10,66,0.0,0.0,60,0.0,0.0,0.0,0.0,0.0,0
sample_14183.docx,10,66,0.0,0.0,60,0.0,0.0,0.0,0.0,0.0,0
sample_08623.docx,10,66,0.0,0.0,60,0.0,0.0,0.0,0.0,0.0,0
sample_16683.docx,9,66,1.0,1.0,60,3.0,1.0,1.0,1.0,5.0,1
sample_01222.docx,10,66,0.0,0.0,60,0.0,0.0,0.0,0.0,0.0,0
sample_19448.docx,9,100,1.0,1.0,94,3.0,1.0,1.0,1.0,5.0,1
sample_06408.docx,10,66,0.0,0.0,60,0.0,0.0,0.0,0.0,0.0,0
sample_06742.docx,10,66,0.0,0.0,60,0.0,0.0,0.0,0.0,0.0,0
sample_14642.docx,10,66,0.0,0.0,60,0.0,0.0,0.0,0.0,0.0,0
sample_17367.docx,11,64,0.0,0.0,58,0.0,0.0,0.0,0.0,0.0,0
sample_09899.docx,0,0,0.0,0.0,0,0.0,0.0,0.0,0.0,0.0,1
sample_17686.docx,9,100,1.0,1.0,94,3.0,1.0,1.0,1.0,5.0,1
sample_13922.docx,0,0,0.0,0.0,0,0.0,0.0,0.0,0.0,0.0,1
sample_18008.docx,10,66,0.0,0.0,60,0.0,0.0,0.0,0.0,0.0,0
sample_14743.docx,10,66,0.0,0.0,60,0.0,0.0,0.0,0.0,0.0,0
sample_07008.docx,9,100,1.0,1.0,94,3.0,1.0,1.0,1.0,5.0,1
sample_19993.docx,10,66,0.0,0.0,60,0.0,0.0,0.0,0.0,0.0,0
sample_08013.docx,10,66,0.0,0.0,60,0.0,0.0,0.0,0.0,0.0,0
sample_19379.docx,0,0,0.0,0.0,0,0.0,0.0,0.0,0.0,0.0,1
sample_03715.docx,9,100,0.0,0.0,94,0.0,0.0,0.0,0.0,0.0,0
sample_07661.docx,0,0,0.0,0.0,0,0.0,0.0,0.0,0.0,0.0,1
sample_00448.docx,10,66,0.0,0.0,60,0.0,0.0,0.0,0.0,0.0,0
sample_13931.docx,0,0,0.0,0.0,0,0.0,0.0,0.0,0.0,0.0,1
sample_18890.docx,9,100,1.0,1.0,94,3.0,1.0,1.0,1.0,5.0,1
sample_12539.docx,10,66,0.0,0.0,60,0.0,0.0,0.0,0.0,0.0,0
sample_01788.docx,10,66,0.0,0.0,60,0.0,0.0,0.0,0.0,0.0,0
sample_11366.docx,10,66,0.0,0.0,60,0.0,0.0,0.0,0.0,0.0,0
sample_15745.docx,9,66,1.0,1.0,60,3.0,1.0,1.0,1.0,5.0,1
sample_14660.docx,9,66,1.0,1.0,60,3.0,1.0,1.0,1.0,5.0,1
sample_12983.docx,10,66,0.0,0.0,60,0.0,0.0,0.0,0.0,0.0,0
sample_16037.docx,10,66,0.0,0.0,60,0.0,0.0,0.0,0.0,0.0,0
sample_13605.docx,0,0,0.0,0.0,0,0.0,0.0,0.0,0.0,0.0,1
sample_05969.docx,9,100,1.0,1.0,94,3.0,1.0,1.0,1.0,5.0,1
sample_07478.docx,9,100,1.0,1.0,94,3.0,1.0,1.0,1.0,5.0,1
sample_19051.docx,9,66,0.0,0.0,60,0.0,0.0,0.0,0.0,0.0,0
sample_18344.docx,10,66,0.0,0.0,60,0.0,0.0,0.0,0.0,0.0,0
sample_00323.docx,0,100,0.0,0.0,94,0.0,0.0,0.0,0.0,0.0,0
sample_07885.docx,10,66,0.0,0.0,60,0.0,0.0,0.0,0.0,0.0,0
sample_03966.docx,9,100,1.0,1.0,94,3.0,1.0,1.0,1.0,5.0,1
sample_08672.docx,0,0,0.0,0.0,0,0.0,0.0,0.0,0.0,0.0,1
sample_16934.docx,10,66,0.0,0.0,60,0.0,0.0,0.0,0.0,0.0,0
sample_04935.docx,9,100,1.0,1.0,94,3.0,1.0,1.0,1.0,5.0,1
sample_05536.docx,0,0,0.0,0.0,0,0.0,0.0,0.0,0.0,0.0,1
sample_03548.docx,10,66,0.0,0.0,60,0.0,0.0,0.0,0.0,0.0,0
sample_13228.docx,9,100,1.0,1.0,94,3.0,1.0,1.0,1.0,5.0,1
sample_12218.docx,10,66,0.0,0.0,60,0.0,0.0,0.0,0.0,0.0,0
sample_15674.docx,10,66,0.0,0.0,60,0.0,0.0,0.0,0.0,0.0,0
sample_09294.docx,0,0,0.0,0.0,0,0.0,0.0,0.0,0.0,0.0,1
sample_07970.docx,10,66,0.0,0.0,60,0.0,0.0,0.0,0.0,0.0,0
sample_16526.docx,10,66,0.0,0.0,60,0.0,0.0,0.0,0.0,0.0,0
sample_08505.docx,9,100,1.0,1.0,94,3.0,1.0,1.0,1.0,5.0,1
sample_19355.docx,10,66,0.0,0.0,60,0.0,0.0,0.0,0.0,0.0,0
sample_14731.docx,0,0,0.0,0.0,0,0.0,0.0,0.0,0.0,0.0,1
sample_00014.docx,0,0,0.0,0.0,0,0.0,0.0,0.0,0.0,0.0,1
sample_01123.docx,10,66,0.0,0.0,60,0.0,0.0,0.0,0.0,0.0,0
sample_01975.docx,0,0,0.0,0.0,0,0.0,0.0,0.0,0.0,0.0,1
sample_01050.docx,10,66,0.0,0.0,60,0.0,0.0,0.0,0.0,0.0,0
sample_12760.docx,10,66,0.0,0.0,60,0.0,0.0,0.0,0.0,0.0,0
sample_09006.docx,10,66,0.0,0.0,60,0.0,0.0,0.0,0.0,0.0,0
sample_09163.docx,10,66,0.0,0.0,60,0.0,0.0,0.0,0.0,0.0,0
sample_13096.docx,0,0,0.0,0.0,0,0.0,0.0,0.0,0.0,0.0,1
sample_16801.docx,0,0,0.0,0.0,0,0.0,0.0,0.0,0.0,0.0,1
sample_08064.docx,10,66,0.0,0.0,60,0.0,0.0,0.0,0.0,0.0,0
sample_07447.docx,10,66,0.0,0.0,60,0.0,0.0,0.0,0.0,0.0,0
sample_14887.docx,0,0,0.0,0.0,0,0.0,0.0,0.0,0.0,0.0,1
sample_03654.docx,10,66,0.0,0.0,60,0.0,0.0,0.0,0.0,0.0,0
sample_09096.docx,10,66,0.0,0.0,60,0.0,0.0,0.0,0.0,0.0,0
sample_11853.docx,0,0,0.0,0.0,0,0.0,0.0,0.0,0.0,0.0,1
sample_09255.docx,10,66,0.0,0.0,60,0.0,0.0,0.0,0.0,0.0,0
sample_16780.docx,9,100,1.0,1.0,94,3.0,1.0,1.0,1.0,5.0,1
sample_05043.docx,9,66,1.0,1.0,60,3.0,1.0,1.0,1.0,5.0,1
sample_03905.docx,0,0,0.0,0.0,0,0.0,0.0,0.0,0.0,0.0,1
sample_03903.docx,9,100,1.0,1.0,94,3.0,1.0,1.0,1.0,5.0,1
sample_05768.docx,10,66,0.0,0.0,60,0.0,0.0,0.0,0.0,0.0,0
sample_01170.docx,9,66,0.0,0.0,60,0.0,0.0,0.0,0.0,0.0,0
sample_09594.docx,0,0,0.0,0.0,0,0.0,0.0,0.0,0.0,0.0,1
sample_09841.docx,0,0,0.0,0.0,0,0.0,0.0,0.0,0.0,0.0,1
sample_16727.docx,10,66,0.0,0.0,60,0.0,0.0,0.0,0.0,0.0,0
sample_08583.docx,11,64,0.0,0.0,58,0.0,0.0,0.0,0.0,0.0,0
sample_10078.docx,0,0,0.0,0.0,0,0.0,0.0,0.0,0.0,0.0,1
sample_13796.docx,0,0,0.0,0.0,0,0.0,0.0,0.0,0.0,0.0,1
sample_11309.docx,10,66,0.0,0.0,60,0.0,0.0,0.0,0.0,0.0,0
sample_12144.docx,10,66,0.0,0.0,60,0.0,0.0,0.0,0.0,0.0,0
sample_11501.docx,10,66,0.0,0.0,60,0.0,0.0,0.0,0.0,0.0,0
sample_15543.docx,9,66,1.0,1.0,60,3.0,1.0,1.0,1.0,5.0,1
sample_07126.docx,10,66,0.0,0.0,60,0.0,0.0,0.0,0.0,0.0,0
sample_10570.docx,0,0,0.0,0.0,0,0.0,0.0,0.0,0.0,0.0,1
sample_16071.docx,0,0,0.0,0.0,0,0.0,0.0,0.0,0.0,0.0,1
sample_11188.docx,0,0,0.0,0.0,0,0.0,0.0,0.0,0.0,0.0,1
sample_11116.docx,10,66,0.0,0.0,60,0.0,0.0,0.0,0.0,0.0,0
sample_16371.docx,0,0,0.0,0.0,0,0.0,0.0,0.0,0.0,0.0,1
sample_07842.docx,10,66,0.0,0.0,60,0.0,0.0,0.0,0.0,0.0,0
sample_08931.docx,10,66,0.0,0.0,60,0.0,0.0,0.0,0.0,0.0,0
sample_05253.docx,0,0,0.0,0.0,0,0.0,0.0,0.0,0.0,0.0,1
sample_16479.docx,0,0,0.0,0.0,0,0.0,0.0,0.0,0.0,0.0,1
sample_06674.docx,10,66,0.0,0.0,60,0.0,0.0,0.0,0.0,0.0,0
sample_05580.docx,9,66,1.0,1.0,60,3.0,1.0,1.0,1.0,5.0,1
sample_13105.docx,10,66,0.0,0.0,60,0.0,0.0,0.0,0.0,0.0,0
sample_10021.docx,10,66,0.0,0.0,60,0.0,0.0,0.0,0.0,0.0,0
sample_04035.docx,0,0,0.0,0.0,0,0.0,0.0,0.0,0.0,0.0,1
sample_01635.docx,9,100,1.0,1.0,94,3.0,1.0,1.0,1.0,5.0,1
sample_01549.docx,0,0,0.0,0.0,0,0.0,0.0,0.0,0.0,0.0,1
sample_15400.docx,0,0,0.0,0.0,0,0.0,0.0,0.0,0.0,0.0,1
sample_17558.docx,10,66,0.0,0.0,60,0.0,0.0,0.0,0.0,0.0,0
sample_14350.docx,10,66,0.0,0.0,60,0.0,0.0,0.0,0.0,0.0,0
sample_13841.docx,10,66,0.0,0.0,60,0.0,0.0,0.0,0.0,0.0,0
sample_17386.docx,10,66,0.0,0.0,60,0.0,0.0,0.0,0.0,0.0,0
sample_02659.docx,0,0,0.0,0.0,0,0.0,0.0,0.0,0.0,0.0,1
sample_08263.docx,10,66,0.0,0.0,60,0.0,0.0,0.0,0.0,0.0,0
sample_05266.docx,10,66,0.0,0.0,60,0.0,0.0,0.0,0.0,0.0,0
sample_18496.docx,10,66,0.0,0.0,60,0.0,0.0,0.0,0.0,0.0,0
sample_10327.docx,10,66,0.0,0.0,60,0.0,0.0,0.0,0.0,0.0,0
sample_19958.docx,0,0,0.0,0.0,0,0.0,0.0,0.0,0.0,0.0,1
sample_01046.docx,10,66,0.0,0.0,60,0.0,0.0,0.0,0.0,0.0,0
sample_02570.docx,0,0,0.0,0.0,0,0.0,0.0,0.0,0.0,0.0,1
sample_10945.docx,0,0,0.0,0.0,0,0.0,0.0,0.0,0.0,0.0,1
sample_13183.docx,10,66,0.0,0.0,60,0.0,0.0,0.0,0.0,0.0,0
sample_03449.docx,0,0,0.0,0.0,0,0.0,0.0,0.0,0.0,0.0,1
sample_17830.docx,10,66,0.0,0.0,60,0.0,0.0,0.0,0.0,0.0,0
sample_12838.docx,10,66,0.0,0.0,60,0.0,0.0,0.0,0.0,0.0,0
sample_14354.docx,10,66,0.0,0.0,60,0.0,0.0,0.0,0.0,0.0,0
sample_03556.docx,10,66,0.0,0.0,60,0.0,0.0,0.0,0.0,0.0,0
sample_07604.docx,10,66,0.0,0.0,60,0.0,0.0,0.0,0.0,0.0,0
sample_14391.docx,10,66,0.0,0.0,60,0.0,0.0,0.0,0.0,0.0,0
sample_05437.docx,9,100,1.0,1.0,94,3.0,1.0,1.0,1.0,5.0,1
sample_00889.docx,0,0,0.0,0.0,0,0.0,0.0,0.0,0.0,0.0,1
sample_01684.docx,10,66,0.0,0.0,60,0.0,0.0,0.0,0.0,0.0,0
sample_02546.docx,10,66,0.0,0.0,60,0.0,0.0,0.0,0.0,0.0,0
sample_06584.docx,9,100,1.0,1.0,94,3.0,1.0,1.0,1.0,5.0,1
sample_15869.docx,0,0,0.0,0.0,0,0.0,0.0,0.0,0.0,0.0,1
sample_13134.docx,10,66,0.0,0.0,60,0.0,0.0,0.0,0.0,0.0,0
sample_00387.docx,0,0,0.0,0.0,0,0.0,0.0,0.0,0.0,0.0,1
sample_07813.docx,10,66,0.0,0.0,60,0.0,0.0,0.0,0.0,0.0,0
sample_00758.docx,0,0,0.0,0.0,0,0.0,0.0,0.0,0.0,0.0,1
sample_00572.docx,9,66,1.0,1.0,60,3.0,1.0,1.0,1.0,5.0,1
sample_09576.docx,9,100,1.0,1.0,94,3.0,1.0,1.0,1.0,5.0,1
sample_08677.docx,10,66,0.0,0.0,60,0.0,0.0,0.0,0.0,0.0,0
sample_10002.docx,10,66,0.0,0.0,60,0.0,0.0,0.0,0.0,0.0,0
sample_02211.docx,10,66,0.0,0.0,60,0.0,0.0,0.0,0.0,0.0,0
sample_09496.docx,0,66,0.0,0.0,60,0.0,0.0,0.0,0.0,0.0,0
sample_14425.docx,0,0,0.0,0.0,0,0.0,0.0,0.0,0.0,0.0,1
sample_02505.docx,0,0,0.0,0.0,0,0.0,0.0,0.0,0.0,0.0,1
sample_00743.docx,10,66,0.0,0.0,60,0.0,0.0,0.0,0.0,0.0,0
sample_17403.docx,0,0,0.0,0.0,0,0.0,0.0,0.0,0.0,0.0,1
sample_19164.docx,10,66,0.0,0.0,60,0.0,0.0,0.0,0.0,0.0,0
sample_01478.docx,0,0,0.0,0.0,0,0.0,0.0,0.0,0.0,0.0,1
sample_12807.docx,9,66,1.0,1.0,60,3.0,1.0,1.0,1.0,5.0,1
sample_14790.docx,0,0,0.0,0.0,0,0.0,0.0,0.0,0.0,0.0,1
sample_13496.docx,0,0,0.0,0.0,0,0.0,0.0,0.0,0.0,0.0,1
sample_05801.docx,10,66,0.0,0.0,60,0.0,0.0,0.0,0.0,0.0,0
sample_17500.docx,0,0,0.0,0.0,0,0.0,0.0,0.0,0.0,0.0,1
sample_18322.docx,10,66,0.0,0.0,60,0.0,0.0,0.0,0.0,0.0,0
sample_05287.docx,10,66,0.0,0.0,60,0.0,0.0,0.0,0.0,0.0,0
sample_05516.docx,0,0,0.0,0.0,0,0.0,0.0,0.0,0.0,0.0,1
sample_18857.docx,0,0,0.0,0.0,0,0.0,0.0,0.0,0.0,0.0,1
sample_00501.docx,10,66,0.0,0.0,60,0.0,0.0,0.0,0.0,0.0,0
sample_18930.docx,10,66,0.0,0.0,60,0.0,0.0,0.0,0.0,0.0,0
sample_19490.docx,0,0,0.0,0.0,0,0.0,0.0,0.0,0.0,0.0,1
sample_14035.docx,10,66,0.0,0.0,60,0.0,0.0,0.0,0.0,0.0,0
sample_04637.docx,10,66,0.0,0.0,60,0.0,0.0,0.0,0.0,0.0,0
sample_17045.docx,0,0,0.0,0.0,0,0.0,0.0,0.0,0.0,0.0,1
sample_11314.docx,0,0,0.0,0.0,0,0.0,0.0,0.0,0.0,0.0,1
sample_06856.docx,9,66,1.0,1.0,60,3.0,1.0,1.0,1.0,5.0,1
sample_14293.docx,0,0,0.0,0.0,0,0.0,0.0,0.0,0.0,0.0,1
sample_07530.docx,10,66,0.0,0.0,60,0.0,0.0,0.0,0.0,0.0,0
sample_16701.docx,10,66,0.0,0.0,60,0.0,0.0,0.0,0.0,0.0,0
sample_05119.docx,0,0,0.0,0.0,0,0.0,0.0,0.0,0.0,0.0,1
sample_15998.docx,0,0,0.0,0.0,0,0.0,0.0,0.0,0.0,0.0,1
sample_16081.docx,0,0,0.0,0.0,0,0.0,0.0,0.0,0.0,0.0,1
sample_02938.docx,10,66,0.0,0.0,60,0.0,0.0,0.0,0.0,0.0,0
sample_13991.docx,10,66,0.0,0.0,60,0.0,0.0,0.0,0.0,0.0,0
sample_10849.docx,0,0,0.0,0.0,0,0.0,0.0,0.0,0.0,0.0,1
sample_19041.docx,10,66,0.0,0.0,60,0.0,0.0,0.0,0.0,0.0,0
sample_06581.docx,0,0,0.0,0.0,0,0.0,0.0,0.0,0.0,0.0,1
sample_19927.docx,10,66,0.0,0.0,60,0.0,0.0,0.0,0.0,0.0,0
sample_00187.docx,0,0,0.0,0.0,0,0.0,0.0,0.0,0.0,0.0,1
sample_10968.docx,10,66,0.0,0.0,60,0.0,0.0,0.0,0.0,0.0,0
sample_02112.docx,10,66,0.0,0.0,60,0.0,0.0,0.0,0.0,0.0,0
sample_19287.docx,9,100,1.0,1.0,94,3.0,1.0,1.0,1.0,5.0,1
sample_17905.docx,10,66,0.0,0.0,60,0.0,0.0,0.0,0.0,0.0,0
sample_00071.docx,10,66,0.0,0.0,60,0.0,0.0,0.0,0.0,0.0,0
sample_00636.docx,0,0,0.0,0.0,0,0.0,0.0,0.0,0.0,0.0,1
sample_18384.docx,0,0,0.0,0.0,0,0.0,0.0,0.0,0.0,0.0,1
sample_06672.docx,9,66,1.0,1.0,60,3.0,1.0,1.0,1.0,5.0,1
sample_16461.docx,9,100,1.0,1.0,94,3.0,1.0,1.0,1.0,5.0,1
sample_08183.docx,9,100,1.0,1.0,94,3.0,1.0,1.0,1.0,5.0,1
sample_15442.docx,10,66,0.0,0.0,60,0.0,0.0,0.0,0.0,0.0,0
sample_02674.docx,0,0,0.0,0.0,0,0.0,0.0,0.0,0.0,0.0,1
sample_05974.docx,9,100,1.0,1.0,94,3.0,1.0,1.0,1.0,5.0,1
sample_13287.docx,0,0,0.0,0.0,0,0.0,0.0,0.0,0.0,0.0,1
sample_11156.docx,10,66,0.0,0.0,60,0.0,0.0,0.0,0.0,0.0,0
sample_17151.docx,9,100,1.0,1.0,94,3.0,1.0,1.0,1.0,5.0,1
sample_06330.docx,9,66,1.0,1.0,60,3.0,1.0,1.0,1.0,5.0,1
sample_11762.docx,10,66,0.0,0.0,60,0.0,0.0,0.0,0.0,0.0,0
sample_09906.docx,10,66,0.0,0.0,60,0.0,0.0,0.0,0.0,0.0,0
sample_07603.docx,9,100,1.0,1.0,94,3.0,1.0,1.0,1.0,5.0,1
sample_17357.docx,10,66,0.0,0.0,60,0.0,0.0,0.0,0.0,0.0,0
sample_08713.docx,0,0,0.0,0.0,0,0.0,0.0,0.0,0.0,0.0,1
sample_18932.docx,0,0,0.0,0.0,0,0.0,0.0,0.0,0.0,0.0,1
sample_05511.docx,0,0,0.0,0.0,0,0.0,0.0,0.0,0.0,0.0,1
sample_11235.docx,10,66,0.0,0.0,60,0.0,0.0,0.0,0.0,0.0,0
sample_18621.docx,9,100,1.0,1.0,94,3.0,1.0,1.0,1.0,5.0,1
sample_02855.docx,10,66,0.0,0.0,60,0.0,0.0,0.0,0.0,0.0,0
sample_15250.docx,10,66,0.0,0.0,60,0.0,0.0,0.0,0.0,0.0,0
sample_03569.docx,10,66,0.0,0.0,60,0.0,0.0,0.0,0.0,0.0,0
sample_15079.docx,0,0,0.0,0.0,0,0.0,0.0,0.0,0.0,0.0,1
sample_17414.docx,10,66,0.0,0.0,60,0.0,0.0,0.0,0.0,0.0,0
sample_18899.docx,0,0,0.0,0.0,0,0.0,0.0,0.0,0.0,0.0,1
sample_16107.docx,9,100,1.0,1.0,94,3.0,1.0,1.0,1.0,5.0,1
sample_13335.docx,10,66,0.0,0.0,60,0.0,0.0,0.0,0.0,0.0,0
sample_00991.docx,0,0,0.0,0.0,0,0.0,0.0,0.0,0.0,0.0,1
sample_15667.docx,10,66,0.0,0.0,60,0.0,0.0,0.0,0.0,0.0,0
sample_18222.docx,9,66,1.0,1.0,60,3.0,1.0,1.0,1.0,5.0,1
sample_00407.docx,0,0,0.0,0.0,0,0.0,0.0,0.0,0.0,0.0,1
sample_19951.docx,10,66,0.0,0.0,60,0.0,0.0,0.0,0.0,0.0,0
sample_17771.docx,10,66,0.0,0.0,60,0.0,0.0,0.0,0.0,0.0,0
sample_01049.docx,10,66,0.0,0.0,60,0.0,0.0,0.0,0.0,0.0,0
sample_09603.docx,9,66,1.0,1.0,60,3.0,1.0,1.0,1.0,5.0,1
sample_00155.docx,0,0,0.0,0.0,0,0.0,0.0,0.0,0.0,0.0,1
sample_15948.docx,0,0,0.0,0.0,0,0.0,0.0,0.0,0.0,0.0,1
sample_14727.docx,0,0,0.0,0.0,0,0.0,0.0,0.0,0.0,0.0,1
sample_14417.docx,10,66,0.0,0.0,60,0.0,0.0,0.0,0.0,0.0,0
sample_09148.docx,10,66,0.0,0.0,60,0.0,0.0,0.0,0.0,0.0,0
sample_02745.docx,0,0,0.0,0.0,0,0.0,0.0,0.0,0.0,0.0,1
sample_02452.docx,10,66,0.0,0.0,60,0.0,0.0,0.0,0.0,0.0,0
sample_13666.docx,10,66,0.0,0.0,60,0.0,0.0,0.0,0.0,0.0,0
sample_10498.docx,9,100,1.0,1.0,94,3.0,1.0,1.0,1.0,5.0,1
sample_03933.docx,0,0,0.0,0.0,0,0.0,0.0,0.0,0.0,0.0,1
sample_02998.docx,10,66,0.0,0.0,60,0.0,0.0,0.0,0.0,0.0,0
sample_09362.docx,10,66,0.0,0.0,60,0.0,0.0,0.0,0.0,0.0,0
sample_07890.docx,9,100,1.0,1.0,94,3.0,1.0,1.0,1.0,5.0,1
sample_01722.docx,0,0,0.0,0.0,0,0.0,0.0,0.0,0.0,0.0,1
sample_02933.docx,10,66,0.0,0.0,60,0.0,0.0,0.0,0.0,0.0,0
sample_18010.docx,0,0,0.0,0.0,0,0.0,0.0,0.0,0.0,0.0,1
sample_00058.docx,0,0,0.0,0.0,0,0.0,0.0,0.0,0.0,0.0,1
sample_05037.docx,10,66,0.0,0.0,60,0.0,0.0,0.0,0.0,0.0,0
sample_05267.docx,0,0,0.0,0.0,0,0.0,0.0,0.0,0.0,0.0,1
sample_17624.docx,10,66,0.0,0.0,60,0.0,0.0,0.0,0.0,0.0,0
sample_02306.docx,10,66,0.0,0.0,60,0.0,0.0,0.0,0.0,0.0,0
sample_17445.docx,10,66,0.0,0.0,60,0.0,0.0,0.0,0.0,0.0,0
sample_01302.docx,10,66,0.0,0.0,60,0.0,0.0,0.0,0.0,0.0,0
sample_01472.docx,11,64,0.0,0.0,58,0.0,0.0,0.0,0.0,0.0,0
sample_10792.docx,9,66,1.0,1.0,60,3.0,1.0,1.0,1.0,5.0,1
sample_06578.docx,9,100,1.0,1.0,94,3.0,1.0,1.0,1.0,5.0,1
sample_05742.docx,10,66,0.0,0.0,60,0.0,0.0,0.0,0.0,0.0,0
sample_15597.docx,9,100,1.0,1.0,94,3.0,1.0,1.0,1.0,5.0,1
sample_10760.docx,10,66,0.0,0.0,60,0.0,0.0,0.0,0.0,0.0,0
sample_19271.docx,10,66,0.0,0.0,60,0.0,0.0,0.0,0.0,0.0,0
sample_09336.docx,10,66,0.0,0.0,60,0.0,0.0,0.0,0.0,0.0,0
sample_17191.docx,0,0,0.0,0.0,0,0.0,0.0,0.0,0.0,0.0,1
sample_06855.docx,10,66,0.0,0.0,60,0.0,0.0,0.0,0.0,0.0,0
sample_12126.docx,10,66,0.0,0.0,60,0.0,0.0,0.0,0.0,0.0,0
sample_18337.docx,10,66,0.0,0.0,60,0.0,0.0,0.0,0.0,0.0,0
sample_17794.docx,0,0,0.0,0.0,0,0.0,0.0,0.0,0.0,0.0,1
sample_03429.docx,0,0,0.0,0.0,0,0.0,0.0,0.0,0.0,0.0,1
sample_16258.docx,10,66,0.0,0.0,60,0.0,0.0,0.0,0.0,0.0,0
sample_18294.docx,0,0,0.0,0.0,0,0.0,0.0,0.0,0.0,0.0,1
sample_14535.docx,10,66,0.0,0.0,60,0.0,0.0,0.0,0.0,0.0,0
sample_03395.docx,10,66,0.0,0.0,60,0.0,0.0,0.0,0.0,0.0,0
sample_06329.docx,10,66,0.0,0.0,60,0.0,0.0,0.0,0.0,0.0,0
sample_16392.docx,0,0,0.0,0.0,0,0.0,0.0,0.0,0.0,0.0,1
sample_08624.docx,10,66,0.0,0.0,60,0.0,0.0,0.0,0.0,0.0,0
sample_12505.docx,9,100,1.0,1.0,94,3.0,1.0,1.0,1.0,5.0,1
sample_18540.docx,0,0,0.0,0.0,0,0.0,0.0,0.0,0.0,0.0,1
sample_00843.docx,0,0,0.0,0.0,0,0.0,0.0,0.0,0.0,0.0,1
sample_19011.docx,9,100,1.0,1.0,94,3.0,1.0,1.0,1.0,5.0,1
sample_16556.docx,10,66,0.0,0.0,60,0.0,0.0,0.0,0.0,0.0,0
sample_07248.docx,0,0,0.0,0.0,0,0.0,0.0,0.0,0.0,0.0,1
sample_16498.docx,0,0,0.0,0.0,0,0.0,0.0,0.0,0.0,0.0,1
sample_14629.docx,0,0,0.0,0.0,0,0.0,0.0,0.0,0.0,0.0,1
sample_19561.docx,0,0,0.0,0.0,0,0.0,0.0,0.0,0.0,0.0,1
sample_11137.docx,0,0,0.0,0.0,0,0.0,0.0,0.0,0.0,0.0,1
sample_06815.docx,0,0,0.0,0.0,0,0.0,0.0,0.0,0.0,0.0,1
sample_10730.docx,9,100,1.0,1.0,94,3.0,1.0,1.0,1.0,5.0,1
sample_15611.docx,9,100,0.0,0.0,94,0.0,0.0,0.0,0.0,0.0,0
sample_02906.docx,9,100,1.0,1.0,94,3.0,1.0,1.0,1.0,5.0,1
sample_07921.docx,10,66,0.0,0.0,60,0.0,0.0,0.0,0.0,0.0,0
sample_06934.docx,0,0,0.0,0.0,0,0.0,0.0,0.0,0.0,0.0,1
sample_03349.docx,0,0,0.0,0.0,0,0.0,0.0,0.0,0.0,0.0,1
sample_02415.docx,11,66,0.0,0.0,60,0.0,0.0,0.0,0.0,0.0,0
sample_16328.docx,10,66,0.0,0.0,60,0.0,0.0,0.0,0.0,0.0,0
sample_03960.docx,9,100,1.0,1.0,94,3.0,1.0,1.0,1.0,5.0,1
sample_06283.docx,9,66,1.0,1.0,60,3.0,1.0,1.0,1.0,5.0,1
sample_15722.docx,0,0,0.0,0.0,0,0.0,0.0,0.0,0.0,0.0,1
sample_04827.docx,0,0,0.0,0.0,0,0.0,0.0,0.0,0.0,0.0,1
sample_05966.docx,10,66,0.0,0.0,60,0.0,0.0,0.0,0.0,0.0,0
sample_14341.docx,10,66,0.0,0.0,60,0.0,0.0,0.0,0.0,0.0,0
sample_18214.docx,9,100,1.0,1.0,94,3.0,1.0,1.0,1.0,5.0,1
sample_14544.docx,10,66,0.0,0.0,60,0.0,0.0,0.0,0.0,0.0,0
sample_06414.docx,9,66,1.0,1.0,60,3.0,1.0,1.0,1.0,5.0,1
sample_13064.docx,10,66,0.0,0.0,60,0.0,0.0,0.0,0.0,0.0,0
sample_18894.docx,9,100,1.0,1.0,94,3.0,1.0,1.0,1.0,5.0,1
sample_18577.docx,9,100,1.0,1.0,94,3.0,1.0,1.0,1.0,5.0,1
sample_00837.docx,0,0,0.0,0.0,0,0.0,0.0,0.0,0.0,0.0,1
sample_09491.docx,10,66,0.0,0.0,60,0.0,0.0,0.0,0.0,0.0,0
sample_14897.docx,0,0,0.0,0.0,0,0.0,0.0,0.0,0.0,0.0,1
sample_06025.docx,0,0,0.0,0.0,0,0.0,0.0,0.0,0.0,0.0,1
sample_18380.docx,10,66,0.0,0.0,60,0.0,0.0,0.0,0.0,0.0,0
sample_11154.docx,10,66,0.0,0.0,60,0.0,0.0,0.0,0.0,0.0,0
sample_02205.docx,10,66,0.0,0.0,60,0.0,0.0,0.0,0.0,0.0,0
sample_12815.docx,0,0,0.0,0.0,0,0.0,0.0,0.0,0.0,0.0,1
sample_11427.docx,10,66,0.0,0.0,60,0.0,0.0,0.0,0.0,0.0,0
sample_02190.docx,0,0,0.0,0.0,0,0.0,0.0,0.0,0.0,0.0,1
sample_00087.docx,10,66,0.0,0.0,60,0.0,0.0,0.0,0.0,0.0,0
sample_18177.docx,0,0,0.0,0.0,0,0.0,0.0,0.0,0.0,0.0,1
sample_18314.docx,10,66,0.0,0.0,60,0.0,0.0,0.0,0.0,0.0,0
sample_19216.docx,9,66,1.0,1.0,60,3.0,1.0,1.0,1.0,5.0,1
sample_19794.docx,10,66,0.0,0.0,60,0.0,0.0,0.0,0.0,0.0,0
sample_17010.docx,9,100,1.0,1.0,94,3.0,1.0,1.0,1.0,5.0,1
sample_18478.docx,0,0,0.0,0.0,0,0.0,0.0,0.0,0.0,0.0,1
sample_17319.docx,0,0,0.0,0.0,0,0.0,0.0,0.0,0.0,0.0,1
sample_03661.docx,0,0,0.0,0.0,0,0.0,0.0,0.0,0.0,0.0,1
sample_12722.docx,0,0,0.0,0.0,0,0.0,0.0,0.0,0.0,0.0,1
sample_18662.docx,10,66,0.0,0.0,60,0.0,0.0,0.0,0.0,0.0,0
sample_04957.docx,0,0,0.0,0.0,0,0.0,0.0,0.0,0.0,0.0,1
sample_06509.docx,0,0,0.0,0.0,0,0.0,0.0,0.0,0.0,0.0,1
sample_09646.docx,0,0,0.0,0.0,0,0.0,0.0,0.0,0.0,0.0,1
sample_16761.docx,0,0,0.0,0.0,0,0.0,0.0,0.0,0.0,0.0,1
sample_06271.docx,10,66,0.0,0.0,60,0.0,0.0,0.0,0.0,0.0,0
sample_12391.docx,9,100,0.0,0.0,94,0.0,0.0,0.0,0.0,0.0,0
sample_02290.docx,9,66,1.0,1.0,60,3.0,1.0,1.0,1.0,5.0,1
sample_12403.docx,10,66,0.0,0.0,60,0.0,0.0,0.0,0.0,0.0,0
sample_11274.docx,11,64,0.0,0.0,58,0.0,0.0,0.0,0.0,0.0,0
sample_00148.docx,0,0,0.0,0.0,0,0.0,0.0,0.0,0.0,0.0,1
sample_06530.docx,9,100,1.0,1.0,94,3.0,1.0,1.0,1.0,5.0,1
sample_16560.docx,9,66,1.0,1.0,60,3.0,1.0,1.0,1.0,5.0,1
sample_14904.docx,10,66,0.0,0.0,60,0.0,0.0,0.0,0.0,0.0,0
sample_08765.docx,10,66,0.0,0.0,60,0.0,0.0,0.0,0.0,0.0,0
sample_03024.docx,10,66,0.0,0.0,60,0.0,0.0,0.0,0.0,0.0,0
sample_11521.docx,10,66,0.0,0.0,60,0.0,0.0,0.0,0.0,0.0,0
sample_11584.docx,0,0,0.0,0.0,0,0.0,0.0,0.0,0.0,0.0,1
sample_08088.docx,10,66,0.0,0.0,60,0.0,0.0,0.0,0.0,0.0,0
sample_01095.docx,10,66,0.0,0.0,60,0.0,0.0,0.0,0.0,0.0,0
sample_19705.docx,10,66,0.0,0.0,60,0.0,0.0,0.0,0.0,0.0,0
sample_16524.docx,0,0,0.0,0.0,0,0.0,0.0,0.0,0.0,0.0,1
sample_10697.docx,10,66,0.0,0.0,60,0.0,0.0,0.0,0.0,0.0,0
sample_15113.docx,10,66,0.0,0.0,60,0.0,0.0,0.0,0.0,0.0,0
sample_16943.docx,0,0,0.0,0.0,0,0.0,0.0,0.0,0.0,0.0,1
sample_09689.docx,10,66,0.0,0.0,60,0.0,0.0,0.0,0.0,0.0,0
sample_08602.docx,10,66,0.0,0.0,60,0.0,0.0,0.0,0.0,0.0,0
sample_02318.docx,9,100,1.0,1.0,94,3.0,1.0,1.0,1.0,5.0,1
sample_06710.docx,9,66,1.0,1.0,60,3.0,1.0,1.0,1.0,5.0,1
sample_07493.docx,0,0,0.0,0.0,0,0.0,0.0,0.0,0.0,0.0,1
sample_10721.docx,0,0,0.0,0.0,0,0.0,0.0,0.0,0.0,0.0,1
sample_14006.docx,9,66,1.0,1.0,60,3.0,1.0,1.0,1.0,5.0,1
sample_19991.docx,0,0,0.0,0.0,0,0.0,0.0,0.0,0.0,0.0,1
sample_18874.docx,9,100,1.0,1.0,94,3.0,1.0,1.0,1.0,5.0,1
sample_18194.docx,0,0,0.0,0.0,0,0.0,0.0,0.0,0.0,0.0,1
sample_19073.docx,0,0,0.0,0.0,0,0.0,0.0,0.0,0.0,0.0,1
sample_17171.docx,0,0,0.0,0.0,0,0.0,0.0,0.0,0.0,0.0,1
sample_10967.docx,10,66,0.0,0.0,60,0.0,0.0,0.0,0.0,0.0,0
sample_17422.docx,10,66,0.0,0.0,60,0.0,0.0,0.0,0.0,0.0,0
sample_16253.docx,10,66,0.0,0.0,60,0.0,0.0,0.0,0.0,0.0,0
sample_13538.docx,9,66,1.0,1.0,60,3.0,1.0,1.0,1.0,5.0,1
sample_18834.docx,9,100,1.0,1.0,94,3.0,1.0,1.0,1.0,5.0,1
sample_18126.docx,0,0,0.0,0.0,0,0.0,0.0,0.0,0.0,0.0,1
sample_06980.docx,0,0,0.0,0.0,0,0.0,0.0,0.0,0.0,0.0,1
sample_10557.docx,10,66,0.0,0.0,60,0.0,0.0,0.0,0.0,0.0,0
sample_09721.docx,10,66,0.0,0.0,60,0.0,0.0,0.0,0.0,0.0,0
sample_18546.docx,9,66,0.0,0.0,60,0.0,0.0,0.0,0.0,0.0,0
sample_05572.docx,10,66,0.0,0.0,60,0.0,0.0,0.0,0.0,0.0,0
sample_18531.docx,10,66,0.0,0.0,60,0.0,0.0,0.0,0.0,0.0,0
sample_02399.docx,10,66,0.0,0.0,60,0.0,0.0,0.0,0.0,0.0,0
sample_17244.docx,9,100,1.0,1.0,94,3.0,1.0,1.0,1.0,5.0,1
sample_02820.docx,0,0,0.0,0.0,0,0.0,0.0,0.0,0.0,0.0,1
sample_10401.docx,10,66,0.0,0.0,60,0.0,0.0,0.0,0.0,0.0,0
sample_10352.docx,0,0,0.0,0.0,0,0.0,0.0,0.0,0.0,0.0,1
sample_17497.docx,0,0,0.0,0.0,0,0.0,0.0,0.0,0.0,0.0,1
sample_12939.docx,10,66,0.0,0.0,60,0.0,0.0,0.0,0.0,0.0,0
sample_10568.docx,10,66,0.0,0.0,60,0.0,0.0,0.0,0.0,0.0,0
sample_12318.docx,9,66,1.0,1.0,60,3.0,1.0,1.0,1.0,5.0,1
sample_04779.docx,0,0,0.0,0.0,0,0.0,0.0,0.0,0.0,0.0,1
sample_14264.docx,10,66,0.0,0.0,60,0.0,0.0,0.0,0.0,0.0,0
sample_17851.docx,0,0,0.0,0.0,0,0.0,0.0,0.0,0.0,0.0,1
sample_14446.docx,10,66,0.0,0.0,60,0.0,0.0,0.0,0.0,0.0,0
sample_11886.docx,0,0,0.0,0.0,0,0.0,0.0,0.0,0.0,0.0,1
sample_13010.docx,0,0,0.0,0.0,0,0.0,0.0,0.0,0.0,0.0,1
sample_02407.docx,10,66,0.0,0.0,60,0.0,0.0,0.0,0.0,0.0,0
sample_11879.docx,11,64,0.0,0.0,58,0.0,0.0,0.0,0.0,0.0,0
sample_01371.docx,0,0,0.0,0.0,0,0.0,0.0,0.0,0.0,0.0,1
sample_10830.docx,0,0,0.0,0.0,0,0.0,0.0,0.0,0.0,0.0,1
sample_03446.docx,9,66,1.0,1.0,60,3.0,1.0,1.0,1.0,5.0,1
sample_18236.docx,10,66,0.0,0.0,60,0.0,0.0,0.0,0.0,0.0,0
sample_06325.docx,10,66,0.0,0.0,60,0.0,0.0,0.0,0.0,0.0,0
sample_08551.docx,9,100,1.0,1.0,94,3.0,1.0,1.0,1.0,5.0,1
sample_03062.docx,10,66,0.0,0.0,60,0.0,0.0,0.0,0.0,0.0,0
sample_04174.docx,10,66,0.0,0.0,60,0.0,0.0,0.0,0.0,0.0,0
sample_10194.docx,10,66,0.0,0.0,60,0.0,0.0,0.0,0.0,0.0,0
sample_14947.docx,0,0,0.0,0.0,0,0.0,0.0,0.0,0.0,0.0,0
sample_07877.docx,0,0,0.0,0.0,0,0.0,0.0,0.0,0.0,0.0,1
sample_05794.docx,0,0,0.0,0.0,0,0.0,0.0,0.0,0.0,0.0,1
sample_01930.docx,9,100,1.0,1.0,94,3.0,1.0,1.0,1.0,5.0,1
sample_04985.docx,0,0,0.0,0.0,0,0.0,0.0,0.0,0.0,0.0,1
sample_12684.docx,10,66,0.0,0.0,60,0.0,0.0,0.0,0.0,0.0,0
sample_03441.docx,9,100,1.0,1.0,94,3.0,1.0,1.0,1.0,5.0,1
sample_07055.docx,10,66,0.0,0.0,60,0.0,0.0,0.0,0.0,0.0,0
sample_00210.docx,10,66,0.0,0.0,60,0.0,0.0,0.0,0.0,0.0,0
sample_02876.docx,10,66,0.0,0.0,60,0.0,0.0,0.0,0.0,0.0,0
sample_17186.docx,0,0,0.0,0.0,0,0.0,0.0,0.0,0.0,0.0,1
sample_10017.docx,0,0,0.0,0.0,0,0.0,0.0,0.0,0.0,0.0,1
sample_09202.docx,10,66,0.0,0.0,60,0.0,0.0,0.0,0.0,0.0,0
sample_13807.docx,10,66,0.0,0.0,60,0.0,0.0,0.0,0.0,0.0,0
sample_17949.docx,10,66,0.0,0.0,60,0.0,0.0,0.0,0.0,0.0,0
sample_11031.docx,9,100,1.0,1.0,94,3.0,1.0,1.0,1.0,5.0,1
sample_05654.docx,10,66,0.0,0.0,60,0.0,0.0,0.0,0.0,0.0,0
sample_18570.docx,10,66,0.0,0.0,60,0.0,0.0,0.0,0.0,0.0,0
sample_11487.docx,10,66,0.0,0.0,60,0.0,0.0,0.0,0.0,0.0,0
sample_03412.docx,0,0,0.0,0.0,0,0.0,0.0,0.0,0.0,0.0,1
sample_02574.docx,0,0,0.0,0.0,0,0.0,0.0,0.0,0.0,0.0,1
sample_06820.docx,0,0,0.0,0.0,0,0.0,0.0,0.0,0.0,0.0,1
sample_09555.docx,9,100,1.0,1.0,94,3.0,1.0,1.0,1.0,5.0,1
sample_11684.docx,0,0,0.0,0.0,0,0.0,0.0,0.0,0.0,0.0,1
sample_14523.docx,9,66,1.0,1.0,60,3.0,1.0,1.0,1.0,5.0,1
sample_18842.docx,0,0,0.0,0.0,0,0.0,0.0,0.0,0.0,0.0,1
sample_19067.docx,0,0,0.0,0.0,0,0.0,0.0,0.0,0.0,0.0,1
sample_12685.docx,10,66,0.0,0.0,60,0.0,0.0,0.0,0.0,0.0,0
sample_03937.docx,10,66,0.0,0.0,60,0.0,0.0,0.0,0.0,0.0,0
sample_10028.docx,10,66,0.0,0.0,60,0.0,0.0,0.0,0.0,0.0,0
sample_05928.docx,0,0,0.0,0.0,0,0.0,0.0,0.0,0.0,0.0,1
sample_14968.docx,0,0,0.0,0.0,0,0.0,0.0,0.0,0.0,0.0,1
sample_13209.docx,0,0,0.0,0.0,0,0.0,0.0,0.0,0.0,0.0,1
sample_08390.docx,10,66,0.0,0.0,60,0.0,0.0,0.0,0.0,0.0,0
sample_01879.docx,0,0,0.0,0.0,0,0.0,0.0,0.0,0.0,0.0,1
sample_06152.docx,10,66,0.0,0.0,60,0.0,0.0,0.0,0.0,0.0,0
sample_06806.docx,9,66,1.0,1.0,60,3.0,1.0,1.0,1.0,5.0,1
sample_09001.docx,0,0,0.0,0.0,0,0.0,0.0,0.0,0.0,0.0,1
sample_09094.docx,0,0,0.0,0.0,0,0.0,0.0,0.0,0.0,0.0,1
sample_14374.docx,10,66,0.0,0.0,60,0.0,0.0,0.0,0.0,0.0,0
sample_06928.docx,0,0,0.0,0.0,0,0.0,0.0,0.0,0.0,0.0,1
sample_08464.docx,0,0,0.0,0.0,0,0.0,0.0,0.0,0.0,0.0,1
sample_08214.docx,9,100,1.0,1.0,94,3.0,1.0,1.0,1.0,5.0,1
sample_08874.docx,0,0,0.0,0.0,0,0.0,0.0,0.0,0.0,0.0,1
sample_10598.docx,10,66,0.0,0.0,60,0.0,0.0,0.0,0.0,0.0,0
sample_11703.docx,9,100,1.0,1.0,94,3.0,1.0,1.0,1.0,5.0,1
sample_00781.docx,0,0,0.0,0.0,0,0.0,0.0,0.0,0.0,0.0,1
sample_10884.docx,10,66,0.0,0.0,60,0.0,0.0,0.0,0.0,0.0,0
sample_16152.docx,9,66,1.0,1.0,60,3.0,1.0,1.0,1.0,5.0,1
sample_05151.docx,0,0,0.0,0.0,0,0.0,0.0,0.0,0.0,0.0,1
sample_13938.docx,9,100,1.0,1.0,94,3.0,1.0,1.0,1.0,5.0,1
sample_13310.docx,0,0,0.0,0.0,0,0.0,0.0,0.0,0.0,0.0,1
sample_06062.docx,9,66,1.0,1.0,60,3.0,1.0,1.0,1.0,5.0,1
sample_18561.docx,0,0,0.0,0.0,0,0.0,0.0,0.0,0.0,0.0,1
sample_06778.docx,10,66,0.0,0.0,60,0.0,0.0,0.0,0.0,0.0,0
sample_05634.docx,0,0,0.0,0.0,0,0.0,0.0,0.0,0.0,0.0,1
sample_19962.docx,9,100,1.0,1.0,94,3.0,1.0,1.0,1.0,5.0,1
sample_17645.docx,0,0,0.0,0.0,0,0.0,0.0,0.0,0.0,0.0,1
sample_12261.docx,9,100,1.0,1.0,94,3.0,1.0,1.0,1.0,5.0,1
sample_08298.docx,9,100,1.0,1.0,94,3.0,1.0,1.0,1.0,5.0,1
sample_12053.docx,9,66,1.0,1.0,60,3.0,1.0,1.0,1.0,5.0,1
sample_13318.docx,10,66,0.0,0.0,60,0.0,0.0,0.0,0.0,0.0,0
sample_16489.docx,10,66,0.0,0.0,60,0.0,0.0,0.0,0.0,0.0,0
sample_03668.docx,10,66,0.0,0.0,60,0.0,0.0,0.0,0.0,0.0,0
sample_09011.docx,0,0,0.0,0.0,0,0.0,0.0,0.0,0.0,0.0,1
sample_12076.docx,10,66,0.0,0.0,60,0.0,0.0,0.0,0.0,0.0,0
sample_14520.docx,9,100,1.0,1.0,94,3.0,1.0,1.0,1.0,5.0,1
sample_04789.docx,9,100,1.0,1.0,94,3.0,1.0,1.0,1.0,5.0,1
sample_19493.docx,0,0,0.0,0.0,0,0.0,0.0,0.0,0.0,0.0,1
sample_05447.docx,9,100,1.0,1.0,94,3.0,1.0,1.0,1.0,5.0,1
sample_12936.docx,10,66,0.0,0.0,60,0.0,0.0,0.0,0.0,0.0,0
sample_09536.docx,9,100,1.0,1.0,94,3.0,1.0,1.0,1.0,5.0,1
sample_03845.docx,10,66,0.0,0.0,60,0.0,0.0,0.0,0.0,0.0,0
sample_02610.docx,0,0,0.0,0.0,0,0.0,0.0,0.0,0.0,0.0,1
sample_15853.docx,0,0,0.0,0.0,0,0.0,0.0,0.0,0.0,0.0,1
sample_05859.docx,0,0,0.0,0.0,0,0.0,0.0,0.0,0.0,0.0,1
sample_09140.docx,10,66,0.0,0.0,60,0.0,0.0,0.0,0.0,0.0,0
sample_18363.docx,9,66,1.0,1.0,60,3.0,1.0,1.0,1.0,5.0,1
sample_05743.docx,10,66,0.0,0.0,60,0.0,0.0,0.0,0.0,0.0,0
sample_09779.docx,10,66,0.0,0.0,60,0.0,0.0,0.0,0.0,0.0,0
sample_15812.docx,9,100,1.0,1.0,94,3.0,1.0,1.0,1.0,5.0,1
sample_17610.docx,10,66,0.0,0.0,60,0.0,0.0,0.0,0.0,0.0,0
sample_19341.docx,10,66,0.0,0.0,60,0.0,0.0,0.0,0.0,0.0,0
sample_05620.docx,10,66,0.0,0.0,60,0.0,0.0,0.0,0.0,0.0,0
sample_13814.docx,9,100,1.0,1.0,94,3.0,1.0,1.0,1.0,5.0,1
sample_16921.docx,0,0,0.0,0.0,0,0.0,0.0,0.0,0.0,0.0,1
sample_04074.docx,10,66,0.0,0.0,60,0.0,0.0,0.0,0.0,0.0,0
sample_18943.docx,10,66,0.0,0.0,60,0.0,0.0,0.0,0.0,0.0,0
sample_11468.docx,9,66,1.0,1.0,60,3.0,1.0,1.0,1.0,5.0,1
sample_00499.docx,0,0,0.0,0.0,0,0.0,0.0,0.0,0.0,0.0,1
sample_05855.docx,9,100,1.0,1.0,94,3.0,1.0,1.0,1.0,5.0,1
sample_09303.docx,10,66,0.0,0.0,60,0.0,0.0,0.0,0.0,0.0,0
sample_13143.docx,10,66,0.0,0.0,60,0.0,0.0,0.0,0.0,0.0,0
sample_00513.docx,9,100,1.0,1.0,94,3.0,1.0,1.0,1.0,5.0,1
sample_06544.docx,10,66,0.0,0.0,60,0.0,0.0,0.0,0.0,0.0,0
sample_16495.docx,0,0,0.0,0.0,0,0.0,0.0,0.0,0.0,0.0,1
sample_06412.docx,10,66,0.0,0.0,60,0.0,0.0,0.0,0.0,0.0,0
sample_06551.docx,10,66,0.0,0.0,60,0.0,0.0,0.0,0.0,0.0,0
sample_17718.docx,0,0,0.0,0.0,0,0.0,0.0,0.0,0.0,0.0,1
sample_19423.docx,0,0,0.0,0.0,0,0.0,0.0,0.0,0.0,0.0,1
sample_18477.docx,10,66,0.0,0.0,60,0.0,0.0,0.0,0.0,0.0,0
sample_02642.docx,10,66,0.0,0.0,60,0.0,0.0,0.0,0.0,0.0,0
sample_16234.docx,0,0,0.0,0.0,0,0.0,0.0,0.0,0.0,0.0,1
sample_05932.docx,9,100,1.0,1.0,94,3.0,1.0,1.0,1.0,5.0,1
sample_18448.docx,0,0,0.0,0.0,0,0.0,0.0,0.0,0.0,0.0,1
sample_02722.docx,9,66,1.0,1.0,60,3.0,1.0,1.0,1.0,5.0,1
sample_08403.docx,10,66,0.0,0.0,60,0.0,0.0,0.0,0.0,0.0,0
sample_09305.docx,10,66,0.0,0.0,60,0.0,0.0,0.0,0.0,0.0,0
sample_02186.docx,10,66,0.0,0.0,60,0.0,0.0,0.0,0.0,0.0,0
sample_13852.docx,0,0,0.0,0.0,0,0.0,0.0,0.0,0.0,0.0,1
sample_04098.docx,10,66,0.0,0.0,60,0.0,0.0,0.0,0.0,0.0,0
sample_08222.docx,10,66,0.0,0.0,60,0.0,0.0,0.0,0.0,0.0,0
sample_04017.docx,0,0,0.0,0.0,0,0.0,0.0,0.0,0.0,0.0,1
sample_04420.docx,10,66,0.0,0.0,60,0.0,0.0,0.0,0.0,0.0,0
sample_17780.docx,0,0,0.0,0.0,0,0.0,0.0,0.0,0.0,0.0,1
sample_10654.docx,10,66,0.0,0.0,60,0.0,0.0,0.0,0.0,0.0,0
sample_09868.docx,0,0,0.0,0.0,0,0.0,0.0,0.0,0.0,0.0,1
sample_12279.docx,0,0,0.0,0.0,0,0.0,0.0,0.0,0.0,0.0,1
sample_05512.docx,10,66,0.0,0.0,60,0.0,0.0,0.0,0.0,0.0,0
sample_17856.docx,0,0,0.0,0.0,0,0.0,0.0,0.0,0.0,0.0,1
sample_19659.docx,0,0,0.0,0.0,0,0.0,0.0,0.0,0.0,0.0,1
sample_08852.docx,10,66,0.0,0.0,60,0.0,0.0,0.0,0.0,0.0,0
sample_10554.docx,9,100,1.0,1.0,94,3.0,1.0,1.0,1.0,5.0,1
sample_14776.docx,10,66,0.0,0.0,60,0.0,0.0,0.0,0.0,0.0,0
sample_10999.docx,10,66,0.0,0.0,60,0.0,0.0,0.0,0.0,0.0,0
sample_18357.docx,10,66,0.0,0.0,60,0.0,0.0,0.0,0.0,0.0,0
sample_09625.docx,10,66,0.0,0.0,60,0.0,0.0,0.0,0.0,0.0,0
sample_09108.docx,0,0,0.0,0.0,0,0.0,0.0,0.0,0.0,0.0,1
sample_06574.docx,9,100,1.0,1.0,94,3.0,1.0,1.0,1.0,5.0,1
sample_03917.docx,10,66,0.0,0.0,60,0.0,0.0,0.0,0.0,0.0,0
sample_15969.docx,10,66,0.0,0.0,60,0.0,0.0,0.0,0.0,0.0,0
sample_11811.docx,0,0,0.0,0.0,0,0.0,0.0,0.0,0.0,0.0,1
sample_05363.docx,10,66,0.0,0.0,60,0.0,0.0,0.0,0.0,0.0,0
sample_05924.docx,10,66,0.0,0.0,60,0.0,0.0,0.0,0.0,0.0,0
sample_01712.docx,0,0,0.0,0.0,0,0.0,0.0,0.0,0.0,0.0,1
sample_12497.docx,0,0,0.0,0.0,0,0.0,0.0,0.0,0.0,0.0,1
sample_09370.docx,10,66,0.0,0.0,60,0.0,0.0,0.0,0.0,0.0,0
sample_01448.docx,0,0,0.0,0.0,0,0.0,0.0,0.0,0.0,0.0,1
sample_04336.docx,0,0,0.0,0.0,0,0.0,0.0,0.0,0.0,0.0,1
sample_08628.docx,10,66,0.0,0.0,60,0.0,0.0,0.0,0.0,0.0,0
sample_08099.docx,9,100,1.0,1.0,94,3.0,1.0,1.0,1.0,5.0,1
sample_13436.docx,10,66,0.0,0.0,60,0.0,0.0,0.0,0.0,0.0,0
sample_04290.docx,0,0,0.0,0.0,0,0.0,0.0,0.0,0.0,0.0,1
sample_13628.docx,0,0,0.0,0.0,0,0.0,0.0,0.0,0.0,0.0,1
sample_18872.docx,10,66,0.0,0.0,60,0.0,0.0,0.0,0.0,0.0,0
sample_11896.docx,9,100,1.0,1.0,94,3.0,1.0,1.0,1.0,5.0,1
sample_15911.docx,0,0,0.0,0.0,0,0.0,0.0,0.0,0.0,0.0,1
sample_04991.docx,0,0,0.0,0.0,0,0.0,0.0,0.0,0.0,0.0,1
sample_10858.docx,9,66,1.0,1.0,60,3.0,1.0,1.0,1.0,5.0,1
sample_01803.docx,9,66,1.0,1.0,60,3.0,1.0,1.0,1.0,5.0,1
sample_05393.docx,10,66,0.0,0.0,60,0.0,0.0,0.0,0.0,0.0,0
sample_01223.docx,0,0,0.0,0.0,0,0.0,0.0,0.0,0.0,0.0,1
sample_09527.docx,10,66,0.0,0.0,60,0.0,0.0,0.0,0.0,0.0,0
sample_18033.docx,0,0,0.0,0.0,0,0.0,0.0,0.0,0.0,0.0,1
sample_03284.docx,10,66,0.0,0.0,60,0.0,0.0,0.0,0.0,0.0,0
sample_03359.docx,10,66,0.0,0.0,60,0.0,0.0,0.0,0.0,0.0,0
sample_15842.docx,9,100,1.0,1.0,94,3.0,1.0,1.0,1.0,5.0,1
sample_13260.docx,10,66,0.0,0.0,60,0.0,0.0,0.0,0.0,0.0,0
sample_18530.docx,0,0,0.0,0.0,0,0.0,0.0,0.0,0.0,0.0,1
sample_02221.docx,0,0,0.0,0.0,0,0.0,0.0,0.0,0.0,0.0,1
sample_19135.docx,10,66,0.0,0.0,60,0.0,0.0,0.0,0.0,0.0,0
sample_19953.docx,10,66,0.0,0.0,60,0.0,0.0,0.0,0.0,0.0,0
sample_02977.docx,10,66,0.0,0.0,60,0.0,0.0,0.0,0.0,0.0,0
sample_17329.docx,0,0,0.0,0.0,0,0.0,0.0,0.0,0.0,0.0,1
sample_18742.docx,10,66,0.0,0.0,60,0.0,0.0,0.0,0.0,0.0,0
sample_09120.docx,0,0,0.0,0.0,0,0.0,0.0,0.0,0.0,0.0,1
sample_01616.docx,0,0,0.0,0.0,0,0.0,0.0,0.0,0.0,0.0,1
sample_04442.docx,10,66,0.0,0.0,60,0.0,0.0,0.0,0.0,0.0,0
sample_11523.docx,10,66,0.0,0.0,60,0.0,0.0,0.0,0.0,0.0,0
sample_09085.docx,0,0,0.0,0.0,0,0.0,0.0,0.0,0.0,0.0,1
sample_05144.docx,0,0,0.0,0.0,0,0.0,0.0,0.0,0.0,0.0,1
sample_06575.docx,10,66,0.0,0.0,60,0.0,0.0,0.0,0.0,0.0,0
sample_00620.docx,9,66,1.0,1.0,60,3.0,1.0,1.0,1.0,5.0,1
sample_03801.docx,9,100,1.0,1.0,94,3.0,1.0,1.0,1.0,5.0,1
sample_00680.docx,0,0,0.0,0.0,0,0.0,0.0,0.0,0.0,0.0,1
sample_18582.docx,10,66,0.0,0.0,60,0.0,0.0,0.0,0.0,0.0,0
sample_09900.docx,9,66,0.0,0.0,60,0.0,0.0,0.0,0.0,0.0,0
sample_00669.docx,10,66,0.0,0.0,60,0.0,0.0,0.0,0.0,0.0,0
sample_14110.docx,0,0,0.0,0.0,0,0.0,0.0,0.0,0.0,0.0,1
sample_05283.docx,10,66,0.0,0.0,60,0.0,0.0,0.0,0.0,0.0,0
sample_02470.docx,0,0,0.0,0.0,0,0.0,0.0,0.0,0.0,0.0,1
sample_13102.docx,0,0,0.0,0.0,0,0.0,0.0,0.0,0.0,0.0,1
sample_03136.docx,10,66,0.0,0.0,60,0.0,0.0,0.0,0.0,0.0,0
sample_13614.docx,0,0,0.0,0.0,0,0.0,0.0,0.0,0.0,0.0,1
sample_11435.docx,10,66,0.0,0.0,60,0.0,0.0,0.0,0.0,0.0,0
sample_07821.docx,0,0,0.0,0.0,0,0.0,0.0,0.0,0.0,0.0,1
sample_04067.docx,9,100,1.0,1.0,94,3.0,1.0,1.0,1.0,5.0,1
sample_03991.docx,10,66,0.0,0.0,60,0.0,0.0,0.0,0.0,0.0,0
sample_07625.docx,10,66,0.0,0.0,60,0.0,0.0,0.0,0.0,0.0,0
sample_03613.docx,0,0,0.0,0.0,0,0.0,0.0,0.0,0.0,0.0,1
sample_03148.docx,10,66,0.0,0.0,60,0.0,0.0,0.0,0.0,0.0,0
sample_10943.docx,10,66,0.0,0.0,60,0.0,0.0,0.0,0.0,0.0,0
sample_06688.docx,10,66,0.0,0.0,60,0.0,0.0,0.0,0.0,0.0,0
sample_13554.docx,10,66,0.0,0.0,60,0.0,0.0,0.0,0.0,0.0,0
sample_01489.docx,0,0,0.0,0.0,0,0.0,0.0,0.0,0.0,0.0,1
sample_00080.docx,10,66,0.0,0.0,60,0.0,0.0,0.0,0.0,0.0,0
sample_01598.docx,0,0,0.0,0.0,0,0.0,0.0,0.0,0.0,0.0,1
sample_17098.docx,0,0,0.0,0.0,0,0.0,0.0,0.0,0.0,0.0,1
sample_07188.docx,0,0,0.0,0.0,0,0.0,0.0,0.0,0.0,0.0,1
sample_02178.docx,10,66,0.0,0.0,60,0.0,0.0,0.0,0.0,0.0,0
sample_09590.docx,10,66,0.0,0.0,60,0.0,0.0,0.0,0.0,0.0,0
sample_06103.docx,9,66,1.0,1.0,60,3.0,1.0,1.0,1.0,5.0,1
sample_04121.docx,9,100,1.0,1.0,94,3.0,1.0,1.0,1.0,5.0,1
sample_07971.docx,0,0,0.0,0.0,0,0.0,0.0,0.0,0.0,0.0,1
sample_02111.docx,0,0,0.0,0.0,0,0.0,0.0,0.0,0.0,0.0,1
sample_11716.docx,10,66,0.0,0.0,60,0.0,0.0,0.0,0.0,0.0,0
sample_07040.docx,0,0,0.0,0.0,0,0.0,0.0,0.0,0.0,0.0,1
sample_06991.docx,10,66,0.0,0.0,60,0.0,0.0,0.0,0.0,0.0,0
sample_07617.docx,10,66,0.0,0.0,60,0.0,0.0,0.0,0.0,0.0,0
sample_16114.docx,0,0,0.0,0.0,0,0.0,0.0,0.0,0.0,0.0,1
sample_11699.docx,0,0,0.0,0.0,0,0.0,0.0,0.0,0.0,0.0,1
sample_08103.docx,0,0,0.0,0.0,0,0.0,0.0,0.0,0.0,0.0,1
sample_09751.docx,9,100,0.0,0.0,94,0.0,0.0,0.0,0.0,0.0,0
sample_05226.docx,0,64,0.0,0.0,58,0.0,0.0,0.0,0.0,0.0,0
sample_12019.docx,10,66,0.0,0.0,60,0.0,0.0,0.0,0.0,0.0,0
sample_06217.docx,10,66,0.0,0.0,60,0.0,0.0,0.0,0.0,0.0,0
sample_00747.docx,9,100,1.0,1.0,94,3.0,1.0,1.0,1.0,5.0,1
sample_09713.docx,10,66,0.0,0.0,60,0.0,0.0,0.0,0.0,0.0,0
sample_02402.docx,9,100,1.0,1.0,94,3.0,1.0,1.0,1.0,5.0,1
sample_08566.docx,10,66,0.0,0.0,60,0.0,0.0,0.0,0.0,0.0,0
sample_16104.docx,9,66,1.0,1.0,60,3.0,1.0,1.0,1.0,5.0,1
sample_13883.docx,10,66,0.0,0.0,60,0.0,0.0,0.0,0.0,0.0,0
sample_08350.docx,0,0,0.0,0.0,0,0.0,0.0,0.0,0.0,0.0,1
sample_16686.docx,0,0,0.0,0.0,0,0.0,0.0,0.0,0.0,0.0,1
sample_06200.docx,10,66,0.0,0.0,60,0.0,0.0,0.0,0.0,0.0,0
sample_07743.docx,10,66,0.0,0.0,60,0.0,0.0,0.0,0.0,0.0,0
sample_11285.docx,0,0,0.0,0.0,0,0.0,0.0,0.0,0.0,0.0,1
sample_09164.docx,10,66,0.0,0.0,60,0.0,0.0,0.0,0.0,0.0,0
sample_13568.docx,10,66,0.0,0.0,60,0.0,0.0,0.0,0.0,0.0,0
sample_05807.docx,10,66,0.0,0.0,60,0.0,0.0,0.0,0.0,0.0,0
sample_19791.docx,0,0,0.0,0.0,0,0.0,0.0,0.0,0.0,0.0,1
sample_17867.docx,0,0,0.0,0.0,0,0.0,0.0,0.0,0.0,0.0,1
sample_02418.docx,11,64,0.0,0.0,58,0.0,0.0,0.0,0.0,0.0,0
sample_11026.docx,10,66,0.0,0.0,60,0.0,0.0,0.0,0.0,0.0,0
sample_11186.docx,10,66,0.0,0.0,60,0.0,0.0,0.0,0.0,0.0,0
sample_16945.docx,0,0,0.0,0.0,0,0.0,0.0,0.0,0.0,0.0,1
sample_15331.docx,10,66,0.0,0.0,60,0.0,0.0,0.0,0.0,0.0,0
sample_03621.docx,10,66,0.0,0.0,60,0.0,0.0,0.0,0.0,0.0,0
sample_11347.docx,10,66,0.0,0.0,60,0.0,0.0,0.0,0.0,0.0,0
sample_09978.docx,0,0,0.0,0.0,0,0.0,0.0,0.0,0.0,0.0,1
sample_19005.docx,10,66,0.0,0.0,60,0.0,0.0,0.0,0.0,0.0,0
sample_04200.docx,0,0,0.0,0.0,0,0.0,0.0,0.0,0.0,0.0,1
sample_14922.docx,10,66,0.0,0.0,60,0.0,0.0,0.0,0.0,0.0,0
sample_01579.docx,0,0,0.0,0.0,0,0.0,0.0,0.0,0.0,0.0,1
sample_19381.docx,10,66,0.0,0.0,60,0.0,0.0,0.0,0.0,0.0,0
sample_16828.docx,0,0,0.0,0.0,0,0.0,0.0,0.0,0.0,0.0,1
sample_02269.docx,0,0,0.0,0.0,0,0.0,0.0,0.0,0.0,0.0,1
sample_15668.docx,10,66,0.0,0.0,60,0.0,0.0,0.0,0.0,0.0,0
sample_05389.docx,9,100,1.0,1.0,94,3.0,1.0,1.0,1.0,5.0,1
sample_03606.docx,10,66,0.0,0.0,60,0.0,0.0,0.0,0.0,0.0,0
sample_09535.docx,0,0,0.0,0.0,0,0.0,0.0,0.0,0.0,0.0,1
sample_03466.docx,10,66,0.0,0.0,60,0.0,0.0,0.0,0.0,0.0,0
sample_03896.docx,10,66,0.0,0.0,60,0.0,0.0,0.0,0.0,0.0,0
sample_06131.docx,0,0,0.0,0.0,0,0.0,0.0,0.0,0.0,0.0,1
sample_10395.docx,10,66,0.0,0.0,60,0.0,0.0,0.0,0.0,0.0,0
sample_11722.docx,9,100,1.0,1.0,94,3.0,1.0,1.0,1.0,5.0,1
sample_07708.docx,0,0,0.0,0.0,0,0.0,0.0,0.0,0.0,0.0,1
sample_18315.docx,9,100,1.0,1.0,94,3.0,1.0,1.0,1.0,5.0,1
sample_10275.docx,10,66,0.0,0.0,60,0.0,0.0,0.0,0.0,0.0,0
sample_09189.docx,10,66,0.0,0.0,60,0.0,0.0,0.0,0.0,0.0,0
sample_11565.docx,10,66,0.0,0.0,60,0.0,0.0,0.0,0.0,0.0,0
sample_11579.docx,9,100,1.0,1.0,94,3.0,1.0,1.0,1.0,5.0,1
sample_00151.docx,10,66,0.0,0.0,60,0.0,0.0,0.0,0.0,0.0,0
sample_07417.docx,0,0,0.0,0.0,0,0.0,0.0,0.0,0.0,0.0,1
sample_12109.docx,11,64,0.0,0.0,58,0.0,0.0,0.0,0.0,0.0,0
sample_11272.docx,10,66,0.0,0.0,60,0.0,0.0,0.0,0.0,0.0,0
sample_05408.docx,10,66,0.0,0.0,60,0.0,0.0,0.0,0.0,0.0,0
sample_08777.docx,9,100,1.0,1.0,94,3.0,1.0,1.0,1.0,5.0,1
sample_03623.docx,9,100,1.0,1.0,94,3.0,1.0,1.0,1.0,5.0,1
sample_03192.docx,0,0,0.0,0.0,0,0.0,0.0,0.0,0.0,0.0,1
sample_16402.docx,10,66,0.0,0.0,60,0.0,0.0,0.0,0.0,0.0,0
sample_19807.docx,9,66,1.0,1.0,60,3.0,1.0,1.0,1.0,5.0,1
sample_00035.docx,9,100,1.0,1.0,94,3.0,1.0,1.0,1.0,5.0,1
sample_06654.docx,9,100,1.0,1.0,94,3.0,1.0,1.0,1.0,5.0,1
sample_04430.docx,10,66,0.0,0.0,60,0.0,0.0,0.0,0.0,0.0,0
sample_11675.docx,10,66,0.0,0.0,60,0.0,0.0,0.0,0.0,0.0,0
sample_01601.docx,10,66,0.0,0.0,60,0.0,0.0,0.0,0.0,0.0,0
sample_17982.docx,0,0,0.0,0.0,0,0.0,0.0,0.0,0.0,0.0,1
sample_14532.docx,0,0,0.0,0.0,0,0.0,0.0,0.0,0.0,0.0,1
sample_02493.docx,10,66,0.0,0.0,60,0.0,0.0,0.0,0.0,0.0,0
sample_14759.docx,10,66,0.0,0.0,60,0.0,0.0,0.0,0.0,0.0,0
sample_01524.docx,10,66,0.0,0.0,60,0.0,0.0,0.0,0.0,0.0,0
sample_01608.docx,0,0,0.0,0.0,0,0.0,0.0,0.0,0.0,0.0,1
sample_06124.docx,9,100,1.0,1.0,94,3.0,1.0,1.0,1.0,5.0,1
sample_03215.docx,10,66,0.0,0.0,60,0.0,0.0,0.0,0.0,0.0,0
sample_01432.docx,10,66,0.0,0.0,60,0.0,0.0,0.0,0.0,0.0,0
sample_13998.docx,10,66,0.0,0.0,60,0.0,0.0,0.0,0.0,0.0,0
sample_18274.docx,9,100,1.0,1.0,94,3.0,1.0,1.0,1.0,5.0,1
sample_00554.docx,9,100,1.0,1.0,94,3.0,1.0,1.0,1.0,5.0,1
sample_12224.docx,10,66,0.0,0.0,60,0.0,0.0,0.0,0.0,0.0,0
sample_04753.docx,9,66,0.0,0.0,60,0.0,0.0,0.0,0.0,0.0,0
sample_10725.docx,0,0,0.0,0.0,0,0.0,0.0,0.0,0.0,0.0,1
sample_10026.docx,10,66,0.0,0.0,60,0.0,0.0,0.0,0.0,0.0,0
sample_05538.docx,0,0,0.0,0.0,0,0.0,0.0,0.0,0.0,0.0,1
sample_07218.docx,0,0,0.0,0.0,0,0.0,0.0,0.0,0.0,0.0,1
sample_12234.docx,9,66,1.0,1.0,60,3.0,1.0,1.0,1.0,5.0,1
sample_07057.docx,0,0,0.0,0.0,0,0.0,0.0,0.0,0.0,0.0,1
sample_02625.docx,10,66,0.0,0.0,60,0.0,0.0,0.0,0.0,0.0,0
sample_08104.docx,9,66,0.0,0.0,60,0.0,0.0,0.0,0.0,0.0,0
sample_08128.docx,0,0,0.0,0.0,0,0.0,0.0,0.0,0.0,0.0,1
sample_00052.docx,0,0,0.0,0.0,0,0.0,0.0,0.0,0.0,0.0,1
sample_12189.docx,10,66,0.0,0.0,60,0.0,0.0,0.0,0.0,0.0,0
sample_17492.docx,9,66,1.0,1.0,60,3.0,1.0,1.0,1.0,5.0,1
sample_05183.docx,0,0,0.0,0.0,0,0.0,0.0,0.0,0.0,0.0,1
sample_05633.docx,11,64,0.0,0.0,58,0.0,0.0,0.0,0.0,0.0,0
sample_09087.docx,10,66,0.0,0.0,60,0.0,0.0,0.0,0.0,0.0,0
sample_09727.docx,0,0,0.0,0.0,0,0.0,0.0,0.0,0.0,0.0,1
sample_03486.docx,9,66,0.0,0.0,60,0.0,0.0,0.0,0.0,0.0,0
sample_05585.docx,10,66,0.0,0.0,60,0.0,0.0,0.0,0.0,0.0,0
sample_02645.docx,0,0,0.0,0.0,0,0.0,0.0,0.0,0.0,0.0,1
sample_06172.docx,0,0,0.0,0.0,0,0.0,0.0,0.0,0.0,0.0,1
sample_19315.docx,0,0,0.0,0.0,0,0.0,0.0,0.0,0.0,0.0,1
sample_05163.docx,9,100,1.0,1.0,94,3.0,1.0,1.0,1.0,5.0,1
sample_16753.docx,0,0,0.0,0.0,0,0.0,0.0,0.0,0.0,0.0,1
sample_03490.docx,0,0,0.0,0.0,0,0.0,0.0,0.0,0.0,0.0,1
sample_08589.docx,10,66,0.0,0.0,60,0.0,0.0,0.0,0.0,0.0,0
sample_11888.docx,0,0,0.0,0.0,0,0.0,0.0,0.0,0.0,0.0,1
sample_16260.docx,0,0,0.0,0.0,0,0.0,0.0,0.0,0.0,0.0,1
sample_00382.docx,9,100,1.0,1.0,94,3.0,1.0,1.0,1.0,5.0,1
sample_10465.docx,10,66,0.0,0.0,60,0.0,0.0,0.0,0.0,0.0,0
sample_19231.docx,11,66,0.0,0.0,60,0.0,0.0,0.0,0.0,0.0,0
sample_07956.docx,10,66,0.0,0.0,60,0.0,0.0,0.0,0.0,0.0,0
sample_12907.docx,0,0,0.0,0.0,0,0.0,0.0,0.0,0.0,0.0,1
sample_17512.docx,0,0,0.0,0.0,0,0.0,0.0,0.0,0.0,0.0,1
sample_04763.docx,0,0,0.0,0.0,0,0.0,0.0,0.0,0.0,0.0,1
sample_12491.docx,0,0,0.0,0.0,0,0.0,0.0,0.0,0.0,0.0,1
sample_15048.docx,11,64,0.0,0.0,58,0.0,0.0,0.0,0.0,0.0,0
sample_00793.docx,9,100,1.0,1.0,94,3.0,1.0,1.0,1.0,5.0,1
sample_04318.docx,10,66,0.0,0.0,60,0.0,0.0,0.0,0.0,0.0,0
sample_03329.docx,0,0,0.0,0.0,0,0.0,0.0,0.0,0.0,0.0,1
sample_10925.docx,9,66,1.0,1.0,60,3.0,1.0,1.0,1.0,5.0,1
sample_19161.docx,10,66,0.0,0.0,60,0.0,0.0,0.0,0.0,0.0,0
sample_00340.docx,0,0,0.0,0.0,0,0.0,0.0,0.0,0.0,0.0,1
sample_02378.docx,0,0,0.0,0.0,0,0.0,0.0,0.0,0.0,0.0,1
sample_03091.docx,10,66,0.0,0.0,60,0.0,0.0,0.0,0.0,0.0,0
sample_00900.docx,0,0,0.0,0.0,0,0.0,0.0,0.0,0.0,0.0,1
sample_09472.docx,0,0,0.0,0.0,0,0.0,0.0,0.0,0.0,0.0,1
sample_01557.docx,10,66,0.0,0.0,60,0.0,0.0,0.0,0.0,0.0,0
sample_15416.docx,0,0,0.0,0.0,0,0.0,0.0,0.0,0.0,0.0,1
sample_12765.docx,10,66,0.0,0.0,60,0.0,0.0,0.0,0.0,0.0,0
sample_02304.docx,9,66,1.0,1.0,60,3.0,1.0,1.0,1.0,5.0,1
sample_11568.docx,10,66,0.0,0.0,60,0.0,0.0,0.0,0.0,0.0,0
sample_00249.docx,9,100,1.0,1.0,94,3.0,1.0,1.0,1.0,5.0,1
sample_02607.docx,10,66,0.0,0.0,60,0.0,0.0,0.0,0.0,0.0,0
sample_00361.docx,9,100,1.0,1.0,94,3.0,1.0,1.0,1.0,5.0,1
sample_04973.docx,10,66,0.0,0.0,60,0.0,0.0,0.0,0.0,0.0,0
sample_03470.docx,10,66,0.0,0.0,60,0.0,0.0,0.0,0.0,0.0,0
sample_01480.docx,9,100,1.0,1.0,94,3.0,1.0,1.0,1.0,5.0,1
sample_02132.docx,0,0,0.0,0.0,0,0.0,0.0,0.0,0.0,0.0,1
sample_02578.docx,10,66,0.0,0.0,60,0.0,0.0,0.0,0.0,0.0,0
sample_00568.docx,10,66,0.0,0.0,60,0.0,0.0,0.0,0.0,0.0,0
sample_09111.docx,10,66,0.0,0.0,60,0.0,0.0,0.0,0.0,0.0,0
sample_16213.docx,10,66,0.0,0.0,60,0.0,0.0,0.0,0.0,0.0,0
sample_16957.docx,9,66,0.0,0.0,60,0.0,0.0,0.0,0.0,0.0,0
sample_03413.docx,10,66,0.0,0.0,60,0.0,0.0,0.0,0.0,0.0,0
sample_14868.docx,9,66,1.0,1.0,60,3.0,1.0,1.0,1.0,5.0,1
sample_15555.docx,10,66,0.0,0.0,60,0.0,0.0,0.0,0.0,0.0,0
sample_07624.docx,10,66,0.0,0.0,60,0.0,0.0,0.0,0.0,0.0,0
sample_16621.docx,0,0,0.0,0.0,0,0.0,0.0,0.0,0.0,0.0,1
sample_10051.docx,0,0,0.0,0.0,0,0.0,0.0,0.0,0.0,0.0,1
sample_17368.docx,9,100,1.0,1.0,94,3.0,1.0,1.0,1.0,5.0,1
sample_00772.docx,0,0,0.0,0.0,0,0.0,0.0,0.0,0.0,0.0,1
sample_10071.docx,0,0,0.0,0.0,0,0.0,0.0,0.0,0.0,0.0,1
sample_10183.docx,0,0,0.0,0.0,0,0.0,0.0,0.0,0.0,0.0,1
sample_10345.docx,10,66,0.0,0.0,60,0.0,0.0,0.0,0.0,0.0,0
sample_12842.docx,9,100,1.0,1.0,94,3.0,1.0,1.0,1.0,5.0,1
sample_00113.docx,10,66,0.0,0.0,60,0.0,0.0,0.0,0.0,0.0,0
sample_16656.docx,10,66,0.0,0.0,60,0.0,0.0,0.0,0.0,0.0,0
sample_01429.docx,9,100,1.0,1.0,94,3.0,1.0,1.0,1.0,5.0,1
sample_19650.docx,0,0,0.0,0.0,0,0.0,0.0,0.0,0.0,0.0,1
sample_03232.docx,10,66,0.0,0.0,60,0.0,0.0,0.0,0.0,0.0,0
sample_07594.docx,9,66,1.0,1.0,60,3.0,1.0,1.0,1.0,5.0,1
sample_15183.docx,10,66,0.0,0.0,60,0.0,0.0,0.0,0.0,0.0,0
sample_12489.docx,10,66,0.0,0.0,60,0.0,0.0,0.0,0.0,0.0,0
sample_16629.docx,9,100,1.0,1.0,94,3.0,1.0,1.0,1.0,5.0,1
sample_02501.docx,0,0,0.0,0.0,0,0.0,0.0,0.0,0.0,0.0,1
sample_08049.docx,10,66,0.0,0.0,60,0.0,0.0,0.0,0.0,0.0,0
sample_09256.docx,10,66,0.0,0.0,60,0.0,0.0,0.0,0.0,0.0,0
sample_07107.docx,9,100,1.0,1.0,94,3.0,1.0,1.0,1.0,5.0,1
sample_07356.docx,0,0,0.0,0.0,0,0.0,0.0,0.0,0.0,0.0,1
sample_07163.docx,9,66,1.0,1.0,60,3.0,1.0,1.0,1.0,5.0,1
sample_08648.docx,9,66,1.0,1.0,60,3.0,1.0,1.0,1.0,5.0,1
sample_11070.docx,9,100,1.0,1.0,94,3.0,1.0,1.0,1.0,5.0,1
sample_03473.docx,0,0,0.0,0.0,0,0.0,0.0,0.0,0.0,0.0,1
sample_02658.docx,10,66,0.0,0.0,60,0.0,0.0,0.0,0.0,0.0,0
sample_19476.docx,9,66,0.0,0.0,60,0.0,0.0,0.0,0.0,0.0,0
sample_05016.docx,0,0,0.0,0.0,0,0.0,0.0,0.0,0.0,0.0,1
sample_18419.docx,10,66,0.0,0.0,60,0.0,0.0,0.0,0.0,0.0,0
sample_12315.docx,11,66,0.0,0.0,60,0.0,0.0,0.0,0.0,0.0,0
sample_10619.docx,0,0,0.0,0.0,0,0.0,0.0,0.0,0.0,0.0,1
sample_06035.docx,10,66,0.0,0.0,60,0.0,0.0,0.0,0.0,0.0,0
sample_03630.docx,0,0,0.0,0.0,0,0.0,0.0,0.0,0.0,0.0,1
sample_14554.docx,10,66,0.0,0.0,60,0.0,0.0,0.0,0.0,0.0,0
sample_15207.docx,10,66,0.0,0.0,60,0.0,0.0,0.0,0.0,0.0,0
sample_15544.docx,10,66,0.0,0.0,60,0.0,0.0,0.0,0.0,0.0,0
sample_09726.docx,10,66,0.0,0.0,60,0.0,0.0,0.0,0.0,0.0,0
sample_01456.docx,0,0,0.0,0.0,0,0.0,0.0,0.0,0.0,0.0,1
sample_04022.docx,0,0,0.0,0.0,0,0.0,0.0,0.0,0.0,0.0,1
sample_13709.docx,10,66,0.0,0.0,60,0.0,0.0,0.0,0.0,0.0,0
sample_09533.docx,10,66,0.0,0.0,60,0.0,0.0,0.0,0.0,0.0,0
sample_01337.docx,10,66,0.0,0.0,60,0.0,0.0,0.0,0.0,0.0,0
sample_16359.docx,9,100,1.0,1.0,94,3.0,1.0,1.0,1.0,5.0,1
sample_16205.docx,0,0,0.0,0.0,0,0.0,0.0,0.0,0.0,0.0,1
sample_02775.docx,0,0,0.0,0.0,0,0.0,0.0,0.0,0.0,0.0,1
sample_04506.docx,9,100,1.0,1.0,94,3.0,1.0,1.0,1.0,5.0,1
sample_05485.docx,10,66,0.0,0.0,60,0.0,0.0,0.0,0.0,0.0,0
sample_13141.docx,0,0,0.0,0.0,0,0.0,0.0,0.0,0.0,0.0,1
sample_03265.docx,10,66,0.0,0.0,60,0.0,0.0,0.0,0.0,0.0,0
sample_11242.docx,10,66,0.0,0.0,60,0.0,0.0,0.0,0.0,0.0,0
sample_19724.docx,10,66,0.0,0.0,60,0.0,0.0,0.0,0.0,0.0,0
sample_11493.docx,0,0,0.0,0.0,0,0.0,0.0,0.0,0.0,0.0,1
sample_00667.docx,9,100,1.0,1.0,94,3.0,1.0,1.0,1.0,5.0,1
sample_19654.docx,0,0,0.0,0.0,0,0.0,0.0,0.0,0.0,0.0,1
sample_07536.docx,0,0,0.0,0.0,0,0.0,0.0,0.0,0.0,0.0,1
sample_11747.docx,10,66,0.0,0.0,60,0.0,0.0,0.0,0.0,0.0,0
sample_07745.docx,0,66,0.0,0.0,60,0.0,0.0,0.0,0.0,0.0,0
sample_11058.docx,9,66,1.0,1.0,60,3.0,1.0,1.0,1.0,5.0,1
sample_09068.docx,9,100,1.0,1.0,94,3.0,1.0,1.0,1.0,5.0,1
sample_14268.docx,0,0,0.0,0.0,0,0.0,0.0,0.0,0.0,0.0,1
sample_01457.docx,10,66,0.0,0.0,60,0.0,0.0,0.0,0.0,0.0,0
sample_06510.docx,0,0,0.0,0.0,0,0.0,0.0,0.0,0.0,0.0,1
sample_02697.docx,9,66,1.0,1.0,60,3.0,1.0,1.0,1.0,5.0,1
sample_08630.docx,0,0,0.0,0.0,0,0.0,0.0,0.0,0.0,0.0,1
sample_00268.docx,9,100,1.0,1.0,94,3.0,1.0,1.0,1.0,5.0,1
sample_19856.docx,10,66,0.0,0.0,60,0.0,0.0,0.0,0.0,0.0,0
sample_01264.docx,0,0,0.0,0.0,0,0.0,0.0,0.0,0.0,0.0,1
sample_12703.docx,0,0,0.0,0.0,0,0.0,0.0,0.0,0.0,0.0,1
sample_07929.docx,0,0,0.0,0.0,0,0.0,0.0,0.0,0.0,0.0,1
sample_06162.docx,10,66,0.0,0.0,60,0.0,0.0,0.0,0.0,0.0,0
sample_06221.docx,0,0,0.0,0.0,0,0.0,0.0,0.0,0.0,0.0,1
sample_04750.docx,9,100,1.0,1.0,94,3.0,1.0,1.0,1.0,5.0,1
sample_14144.docx,10,66,0.0,0.0,60,0.0,0.0,0.0,0.0,0.0,0
sample_08818.docx,0,0,0.0,0.0,0,0.0,0.0,0.0,0.0,0.0,1
sample_16482.docx,0,0,0.0,0.0,0,0.0,0.0,0.0,0.0,0.0,1
sample_12854.docx,10,66,0.0,0.0,60,0.0,0.0,0.0,0.0,0.0,0
sample_09516.docx,10,66,0.0,0.0,60,0.0,0.0,0.0,0.0,0.0,0
sample_16529.docx,10,66,0.0,0.0,60,0.0,0.0,0.0,0.0,0.0,0
sample_08867.docx,0,0,0.0,0.0,0,0.0,0.0,0.0,0.0,0.0,1
sample_11738.docx,9,100,1.0,1.0,94,3.0,1.0,1.0,1.0,5.0,1
sample_09669.docx,10,66,0.0,0.0,60,0.0,0.0,0.0,0.0,0.0,0
sample_15332.docx,9,100,1.0,1.0,94,3.0,1.0,1.0,1.0,5.0,1
sample_17079.docx,9,100,1.0,1.0,94,3.0,1.0,1.0,1.0,5.0,1
sample_14811.docx,0,0,0.0,0.0,0,0.0,0.0,0.0,0.0,0.0,1
sample_15195.docx,0,0,0.0,0.0,0,0.0,0.0,0.0,0.0,0.0,1
sample_17407.docx,0,0,0.0,0.0,0,0.0,0.0,0.0,0.0,0.0,1
sample_19881.docx,0,0,0.0,0.0,0,0.0,0.0,0.0,0.0,0.0,1
sample_17242.docx,9,66,0.0,0.0,60,0.0,0.0,0.0,0.0,0.0,0
sample_15436.docx,0,0,0.0,0.0,0,0.0,0.0,0.0,0.0,0.0,1
sample_03240.docx,0,0,0.0,0.0,0,0.0,0.0,0.0,0.0,0.0,1
sample_13085.docx,0,0,0.0,0.0,0,0.0,0.0,0.0,0.0,0.0,1
sample_17691.docx,9,100,1.0,1.0,94,3.0,1.0,1.0,1.0,5.0,1
sample_00222.docx,0,0,0.0,0.0,0,0.0,0.0,0.0,0.0,0.0,1
sample_09608.docx,0,0,0.0,0.0,0,0.0,0.0,0.0,0.0,0.0,1
sample_03394.docx,10,66,0.0,0.0,60,0.0,0.0,0.0,0.0,0.0,0
sample_09047.docx,9,100,1.0,1.0,94,3.0,1.0,1.0,1.0,5.0,1
sample_00518.docx,10,66,0.0,0.0,60,0.0,0.0,0.0,0.0,0.0,0
sample_08820.docx,10,66,0.0,0.0,60,0.0,0.0,0.0,0.0,0.0,0
sample_12398.docx,10,66,0.0,0.0,60,0.0,0.0,0.0,0.0,0.0,0
sample_17931.docx,10,66,0.0,0.0,60,0.0,0.0,0.0,0.0,0.0,0
sample_11007.docx,10,66,0.0,0.0,60,0.0,0.0,0.0,0.0,0.0,0
sample_06282.docx,10,66,0.0,0.0,60,0.0,0.0,0.0,0.0,0.0,0
sample_06691.docx,0,0,0.0,0.0,0,0.0,0.0,0.0,0.0,0.0,1
sample_07744.docx,0,0,0.0,0.0,0,0.0,0.0,0.0,0.0,0.0,1
sample_16840.docx,10,66,0.0,0.0,60,0.0,0.0,0.0,0.0,0.0,0
sample_11208.docx,0,0,0.0,0.0,0,0.0,0.0,0.0,0.0,0.0,1
sample_12242.docx,10,66,0.0,0.0,60,0.0,0.0,0.0,0.0,0.0,0
sample_09629.docx,10,66,0.0,0.0,60,0.0,0.0,0.0,0.0,0.0,0
sample_04104.docx,0,0,0.0,0.0,0,0.0,0.0,0.0,0.0,0.0,1
sample_15733.docx,10,66,0.0,0.0,60,0.0,0.0,0.0,0.0,0.0,0
sample_14636.docx,9,66,1.0,1.0,60,3.0,1.0,1.0,1.0,5.0,1
sample_10287.docx,10,66,0.0,0.0,60,0.0,0.0,0.0,0.0,0.0,0
sample_19434.docx,0,0,0.0,0.0,0,0.0,0.0,0.0,0.0,0.0,1
sample_11607.docx,0,0,0.0,0.0,0,0.0,0.0,0.0,0.0,0.0,1
sample_07160.docx,9,100,1.0,1.0,94,3.0,1.0,1.0,1.0,5.0,1
sample_18756.docx,10,66,0.0,0.0,60,0.0,0.0,0.0,0.0,0.0,0
sample_15130.docx,9,100,1.0,1.0,94,3.0,1.0,1.0,1.0,5.0,1
sample_10713.docx,0,0,0.0,0.0,0,0.0,0.0,0.0,0.0,0.0,1
sample_09462.docx,10,66,0.0,0.0,60,0.0,0.0,0.0,0.0,0.0,0
sample_18386.docx,0,0,0.0,0.0,0,0.0,0.0,0.0,0.0,0.0,1
sample_15119.docx,10,66,0.0,0.0,60,0.0,0.0,0.0,0.0,0.0,0
sample_04743.docx,10,66,0.0,0.0,60,0.0,0.0,0.0,0.0,0.0,0
sample_14458.docx,10,66,0.0,0.0,60,0.0,0.0,0.0,0.0,0.0,0
sample_16579.docx,0,0,0.0,0.0,0,0.0,0.0,0.0,0.0,0.0,1
sample_01479.docx,9,100,1.0,1.0,94,3.0,1.0,1.0,1.0,5.0,1
sample_14733.docx,0,0,0.0,0.0,0,0.0,0.0,0.0,0.0,0.0,1
sample_00225.docx,10,66,0.0,0.0,60,0.0,0.0,0.0,0.0,0.0,0
sample_11992.docx,9,100,1.0,1.0,94,3.0,1.0,1.0,1.0,5.0,1
sample_10689.docx,10,66,0.0,0.0,60,0.0,0.0,0.0,0.0,0.0,0
sample_03988.docx,0,0,0.0,0.0,0,0.0,0.0,0.0,0.0,0.0,1
sample_00847.docx,10,66,0.0,0.0,60,0.0,0.0,0.0,0.0,0.0,0
sample_05208.docx,10,66,0.0,0.0,60,0.0,0.0,0.0,0.0,0.0,0
sample_13503.docx,10,66,0.0,0.0,60,0.0,0.0,0.0,0.0,0.0,0
sample_19095.docx,0,0,0.0,0.0,0,0.0,0.0,0.0,0.0,0.0,1
sample_04547.docx,0,0,0.0,0.0,0,0.0,0.0,0.0,0.0,0.0,1
sample_19594.docx,0,0,0.0,0.0,0,0.0,0.0,0.0,0.0,0.0,1
sample_04709.docx,0,0,0.0,0.0,0,0.0,0.0,0.0,0.0,0.0,1
sample_18455.docx,9,100,1.0,1.0,94,3.0,1.0,1.0,1.0,5.0,1
sample_03575.docx,10,66,0.0,0.0,60,0.0,0.0,0.0,0.0,0.0,0
sample_08108.docx,0,0,0.0,0.0,0,0.0,0.0,0.0,0.0,0.0,1
sample_15165.docx,9,100,1.0,1.0,94,3.0,1.0,1.0,1.0,5.0,1
sample_03541.docx,9,100,1.0,1.0,94,3.0,1.0,1.0,1.0,5.0,1
sample_09881.docx,9,100,1.0,1.0,94,3.0,1.0,1.0,1.0,5.0,1
sample_06470.docx,10,66,0.0,0.0,60,0.0,0.0,0.0,0.0,0.0,0
sample_17201.docx,10,66,0.0,0.0,60,0.0,0.0,0.0,0.0,0.0,0
sample_00119.docx,10,66,0.0,0.0,60,0.0,0.0,0.0,0.0,0.0,0
sample_18690.docx,0,0,0.0,0.0,0,0.0,0.0,0.0,0.0,0.0,1
sample_15996.docx,10,66,0.0,0.0,60,0.0,0.0,0.0,0.0,0.0,0
sample_08344.docx,0,0,0.0,0.0,0,0.0,0.0,0.0,0.0,0.0,1
sample_03453.docx,9,100,1.0,1.0,94,3.0,1.0,1.0,1.0,5.0,1
sample_18317.docx,0,0,0.0,0.0,0,0.0,0.0,0.0,0.0,0.0,1
sample_13550.docx,10,66,0.0,0.0,60,0.0,0.0,0.0,0.0,0.0,0
sample_13853.docx,10,66,0.0,0.0,60,0.0,0.0,0.0,0.0,0.0,0
sample_00955.docx,10,66,0.0,0.0,60,0.0,0.0,0.0,0.0,0.0,0
sample_07717.docx,10,66,0.0,0.0,60,0.0,0.0,0.0,0.0,0.0,0
sample_11089.docx,10,66,0.0,0.0,60,0.0,0.0,0.0,0.0,0.0,0
sample_14483.docx,9,100,1.0,1.0,94,3.0,1.0,1.0,1.0,5.0,1
sample_16343.docx,10,66,0.0,0.0,60,0.0,0.0,0.0,0.0,0.0,0
sample_19387.docx,10,66,0.0,0.0,60,0.0,0.0,0.0,0.0,0.0,0
sample_14036.docx,10,66,0.0,0.0,60,0.0,0.0,0.0,0.0,0.0,0
sample_06018.docx,10,66,0.0,0.0,60,0.0,0.0,0.0,0.0,0.0,0
sample_13747.docx,10,66,0.0,0.0,60,0.0,0.0,0.0,0.0,0.0,0
sample_06383.docx,0,0,0.0,0.0,0,0.0,0.0,0.0,0.0,0.0,1
sample_00864.docx,11,64,0.0,0.0,58,0.0,0.0,0.0,0.0,0.0,0
sample_01194.docx,0,0,0.0,0.0,0,0.0,0.0,0.0,0.0,0.0,1
sample_18368.docx,10,66,0.0,0.0,60,0.0,0.0,0.0,0.0,0.0,0
sample_14678.docx,0,0,0.0,0.0,0,0.0,0.0,0.0,0.0,0.0,1
sample_09028.docx,0,0,0.0,0.0,0,0.0,0.0,0.0,0.0,0.0,1
sample_18241.docx,10,66,0.0,0.0,60,0.0,0.0,0.0,0.0,0.0,0
sample_09268.docx,0,0,0.0,0.0,0,0.0,0.0,0.0,0.0,0.0,1
sample_08891.docx,9,66,1.0,1.0,60,3.0,1.0,1.0,1.0,5.0,1
sample_06363.docx,10,66,0.0,0.0,60,0.0,0.0,0.0,0.0,0.0,0
sample_03440.docx,10,66,0.0,0.0,60,0.0,0.0,0.0,0.0,0.0,0
sample_08653.docx,10,66,0.0,0.0,60,0.0,0.0,0.0,0.0,0.0,0
sample_04921.docx,11,64,0.0,0.0,58,0.0,0.0,0.0,0.0,0.0,0
sample_16745.docx,9,66,1.0,1.0,60,3.0,1.0,1.0,1.0,5.0,1
sample_06434.docx,0,0,0.0,0.0,0,0.0,0.0,0.0,0.0,0.0,1
sample_02669.docx,11,66,0.0,0.0,60,0.0,0.0,0.0,0.0,0.0,0
sample_04646.docx,11,64,0.0,0.0,58,0.0,0.0,0.0,0.0,0.0,0
sample_07569.docx,10,66,0.0,0.0,60,0.0,0.0,0.0,0.0,0.0,0
sample_02464.docx,10,66,0.0,0.0,60,0.0,0.0,0.0,0.0,0.0,0
sample_13784.docx,10,66,0.0,0.0,60,0.0,0.0,0.0,0.0,0.0,0
sample_00150.docx,10,66,0.0,0.0,60,0.0,0.0,0.0,0.0,0.0,0
sample_07441.docx,0,0,0.0,0.0,0,0.0,0.0,0.0,0.0,0.0,1
sample_10306.docx,10,66,0.0,0.0,60,0.0,0.0,0.0,0.0,0.0,0
sample_10506.docx,10,66,0.0,0.0,60,0.0,0.0,0.0,0.0,0.0,0
sample_19505.docx,10,66,0.0,0.0,60,0.0,0.0,0.0,0.0,0.0,0
sample_04833.docx,10,66,0.0,0.0,60,0.0,0.0,0.0,0.0,0.0,0
sample_07250.docx,10,66,0.0,0.0,60,0.0,0.0,0.0,0.0,0.0,0
sample_06382.docx,0,0,0.0,0.0,0,0.0,0.0,0.0,0.0,0.0,1
sample_07893.docx,10,66,0.0,0.0,60,0.0,0.0,0.0,0.0,0.0,0
sample_13398.docx,10,66,0.0,0.0,60,0.0,0.0,0.0,0.0,0.0,0
sample_09220.docx,0,0,0.0,0.0,0,0.0,0.0,0.0,0.0,0.0,1
sample_09514.docx,10,66,0.0,0.0,60,0.0,0.0,0.0,0.0,0.0,0
sample_03591.docx,0,0,0.0,0.0,0,0.0,0.0,0.0,0.0,0.0,1
sample_07354.docx,10,66,0.0,0.0,60,0.0,0.0,0.0,0.0,0.0,0
sample_07541.docx,9,100,1.0,1.0,94,3.0,1.0,1.0,1.0,5.0,1
sample_04528.docx,0,0,0.0,0.0,0,0.0,0.0,0.0,0.0,0.0,1
sample_01419.docx,10,66,0.0,0.0,60,0.0,0.0,0.0,0.0,0.0,0
sample_19243.docx,10,66,0.0,0.0,60,0.0,0.0,0.0,0.0,0.0,0
sample_09251.docx,10,66,0.0,0.0,60,0.0,0.0,0.0,0.0,0.0,0
sample_13094.docx,0,0,0.0,0.0,0,0.0,0.0,0.0,0.0,0.0,1
sample_14945.docx,0,0,0.0,0.0,0,0.0,0.0,0.0,0.0,0.0,1
sample_12507.docx,0,0,0.0,0.0,0,0.0,0.0,0.0,0.0,0.0,1
sample_10350.docx,9,100,1.0,1.0,94,3.0,1.0,1.0,1.0,5.0,1
sample_03175.docx,10,66,0.0,0.0,60,0.0,0.0,0.0,0.0,0.0,0
sample_03804.docx,10,66,0.0,0.0,60,0.0,0.0,0.0,0.0,0.0,0
sample_13551.docx,10,66,0.0,0.0,60,0.0,0.0,0.0,0.0,0.0,0
sample_01956.docx,10,66,0.0,0.0,60,0.0,0.0,0.0,0.0,0.0,0
sample_09665.docx,0,0,0.0,0.0,0,0.0,0.0,0.0,0.0,0.0,1
sample_15700.docx,9,100,1.0,1.0,94,3.0,1.0,1.0,1.0,5.0,1
sample_18514.docx,9,100,1.0,1.0,94,3.0,1.0,1.0,1.0,5.0,1
sample_00018.docx,0,0,0.0,0.0,0,0.0,0.0,0.0,0.0,0.0,1
sample_10085.docx,10,66,0.0,0.0,60,0.0,0.0,0.0,0.0,0.0,0
sample_08294.docx,9,100,1.0,1.0,94,3.0,1.0,1.0,1.0,5.0,1
sample_16226.docx,9,66,0.0,0.0,60,0.0,0.0,0.0,0.0,0.0,0
sample_15698.docx,0,0,0.0,0.0,0,0.0,0.0,0.0,0.0,0.0,1
sample_03785.docx,0,0,0.0,0.0,0,0.0,0.0,0.0,0.0,0.0,1
sample_17654.docx,0,0,0.0,0.0,0,0.0,0.0,0.0,0.0,0.0,1
sample_19173.docx,10,66,0.0,0.0,60,0.0,0.0,0.0,0.0,0.0,0
sample_11741.docx,0,0,0.0,0.0,0,0.0,0.0,0.0,0.0,0.0,1
sample_14909.docx,10,66,0.0,0.0,60,0.0,0.0,0.0,0.0,0.0,0
sample_00948.docx,9,100,1.0,1.0,94,3.0,1.0,1.0,1.0,5.0,1
sample_16123.docx,10,66,0.0,0.0,60,0.0,0.0,0.0,0.0,0.0,0
sample_01113.docx,9,100,1.0,1.0,94,3.0,1.0,1.0,1.0,5.0,1
sample_11654.docx,0,0,0.0,0.0,0,0.0,0.0,0.0,0.0,0.0,1
sample_09756.docx,9,100,1.0,1.0,94,3.0,1.0,1.0,1.0,5.0,1
sample_18694.docx,0,0,0.0,0.0,0,0.0,0.0,0.0,0.0,0.0,1
sample_12000.docx,9,100,1.0,1.0,94,3.0,1.0,1.0,1.0,5.0,1
sample_07698.docx,10,66,0.0,0.0,60,0.0,0.0,0.0,0.0,0.0,0
sample_13259.docx,0,0,0.0,0.0,0,0.0,0.0,0.0,0.0,0.0,1
sample_13288.docx,0,0,0.0,0.0,0,0.0,0.0,0.0,0.0,0.0,1
sample_15824.docx,9,66,1.0,1.0,60,3.0,1.0,1.0,1.0,5.0,1
sample_06079.docx,10,66,0.0,0.0,60,0.0,0.0,0.0,0.0,0.0,0
sample_04604.docx,10,66,0.0,0.0,60,0.0,0.0,0.0,0.0,0.0,0
sample_05082.docx,9,100,1.0,1.0,94,3.0,1.0,1.0,1.0,5.0,1
sample_10007.docx,10,66,0.0,0.0,60,0.0,0.0,0.0,0.0,0.0,0
sample_00637.docx,10,66,0.0,0.0,60,0.0,0.0,0.0,0.0,0.0,0
sample_14999.docx,9,100,1.0,1.0,94,3.0,1.0,1.0,1.0,5.0,1
sample_12636.docx,9,66,1.0,1.0,60,3.0,1.0,1.0,1.0,5.0,1
sample_01247.docx,9,100,1.0,1.0,94,3.0,1.0,1.0,1.0,5.0,1
sample_14623.docx,10,66,0.0,0.0,60,0.0,0.0,0.0,0.0,0.0,0
sample_15827.docx,0,0,0.0,0.0,0,0.0,0.0,0.0,0.0,0.0,1
sample_19062.docx,0,0,0.0,0.0,0,0.0,0.0,0.0,0.0,0.0,1
sample_00156.docx,10,66,0.0,0.0,60,0.0,0.0,0.0,0.0,0.0,0
sample_01317.docx,9,100,1.0,1.0,94,3.0,1.0,1.0,1.0,5.0,1
sample_02709.docx,10,66,0.0,0.0,60,0.0,0.0,0.0,0.0,0.0,0
sample_09914.docx,10,66,0.0,0.0,60,0.0,0.0,0.0,0.0,0.0,0
sample_13926.docx,10,66,0.0,0.0,60,0.0,0.0,0.0,0.0,0.0,0
sample_13736.docx,10,66,0.0,0.0,60,0.0,0.0,0.0,0.0,0.0,0
sample_14910.docx,10,66,0.0,0.0,60,0.0,0.0,0.0,0.0,0.0,0
sample_15289.docx,9,100,1.0,1.0,94,3.0,1.0,1.0,1.0,5.0,1
sample_05804.docx,11,66,0.0,0.0,60,0.0,0.0,0.0,0.0,0.0,0
sample_12216.docx,10,66,0.0,0.0,60,0.0,0.0,0.0,0.0,0.0,0
sample_12156.docx,0,0,0.0,0.0,0,0.0,0.0,0.0,0.0,0.0,1
sample_19808.docx,10,66,0.0,0.0,60,0.0,0.0,0.0,0.0,0.0,0
sample_06327.docx,9,100,1.0,1.0,94,3.0,1.0,1.0,1.0,5.0,1
sample_05501.docx,0,0,0.0,0.0,0,0.0,0.0,0.0,0.0,0.0,1
sample_10470.docx,0,0,0.0,0.0,0,0.0,0.0,0.0,0.0,0.0,1
sample_17187.docx,10,66,0.0,0.0,60,0.0,0.0,0.0,0.0,0.0,0
sample_02684.docx,9,100,1.0,1.0,94,3.0,1.0,1.0,1.0,5.0,1
sample_12833.docx,10,66,0.0,0.0,60,0.0,0.0,0.0,0.0,0.0,0
sample_03097.docx,10,66,0.0,0.0,60,0.0,0.0,0.0,0.0,0.0,0
sample_15088.docx,10,66,0.0,0.0,60,0.0,0.0,0.0,0.0,0.0,0
sample_03649.docx,10,66,0.0,0.0,60,0.0,0.0,0.0,0.0,0.0,0
sample_16204.docx,0,0,0.0,0.0,0,0.0,0.0,0.0,0.0,0.0,1
sample_09734.docx,0,0,0.0,0.0,0,0.0,0.0,0.0,0.0,0.0,1
sample_00928.docx,10,66,0.0,0.0,60,0.0,0.0,0.0,0.0,0.0,0
sample_16148.docx,10,66,0.0,0.0,60,0.0,0.0,0.0,0.0,0.0,0
sample_11718.docx,10,66,0.0,0.0,60,0.0,0.0,0.0,0.0,0.0,0
sample_01224.docx,10,66,0.0,0.0,60,0.0,0.0,0.0,0.0,0.0,0
sample_15363.docx,10,66,0.0,0.0,60,0.0,0.0,0.0,0.0,0.0,0
sample_14900.docx,0,0,0.0,0.0,0,0.0,0.0,0.0,0.0,0.0,1
sample_02826.docx,10,66,0.0,0.0,60,0.0,0.0,0.0,0.0,0.0,0
sample_16609.docx,10,66,0.0,0.0,60,0.0,0.0,0.0,0.0,0.0,0
sample_06639.docx,0,0,0.0,0.0,0,0.0,0.0,0.0,0.0,0.0,1
sample_03348.docx,10,66,0.0,0.0,60,0.0,0.0,0.0,0.0,0.0,0
sample_04117.docx,9,100,1.0,1.0,94,3.0,1.0,1.0,1.0,5.0,1
sample_07989.docx,0,0,0.0,0.0,0,0.0,0.0,0.0,0.0,0.0,1
sample_00539.docx,0,0,0.0,0.0,0,0.0,0.0,0.0,0.0,0.0,1
sample_02700.docx,0,0,0.0,0.0,0,0.0,0.0,0.0,0.0,0.0,1
sample_04004.docx,10,66,0.0,0.0,60,0.0,0.0,0.0,0.0,0.0,0
sample_06368.docx,10,66,0.0,0.0,60,0.0,0.0,0.0,0.0,0.0,0
sample_06009.docx,10,66,0.0,0.0,60,0.0,0.0,0.0,0.0,0.0,0
sample_01749.docx,10,66,0.0,0.0,60,0.0,0.0,0.0,0.0,0.0,0
sample_11836.docx,9,100,1.0,1.0,94,3.0,1.0,1.0,1.0,5.0,1
sample_17433.docx,10,66,0.0,0.0,60,0.0,0.0,0.0,0.0,0.0,0
sample_19044.docx,10,66,0.0,0.0,60,0.0,0.0,0.0,0.0,0.0,0
sample_17760.docx,0,0,0.0,0.0,0,0.0,0.0,0.0,0.0,0.0,1
sample_12872.docx,10,66,0.0,0.0,60,0.0,0.0,0.0,0.0,0.0,0
sample_12048.docx,10,66,0.0,0.0,60,0.0,0.0,0.0,0.0,0.0,0
sample_13967.docx,11,66,0.0,0.0,60,0.0,0.0,0.0,0.0,0.0,0
sample_02683.docx,0,0,0.0,0.0,0,0.0,0.0,0.0,0.0,0.0,1
sample_17607.docx,10,66,0.0,0.0,60,0.0,0.0,0.0,0.0,0.0,0
sample_04423.docx,9,100,1.0,1.0,94,3.0,1.0,1.0,1.0,5.0,1
sample_17495.docx,9,100,1.0,1.0,94,3.0,1.0,1.0,1.0,5.0,1
sample_03258.docx,10,66,0.0,0.0,60,0.0,0.0,0.0,0.0,0.0,0
sample_13100.docx,0,0,0.0,0.0,0,0.0,0.0,0.0,0.0,0.0,1
sample_04920.docx,0,0,0.0,0.0,0,0.0,0.0,0.0,0.0,0.0,1
sample_10621.docx,10,66,0.0,0.0,60,0.0,0.0,0.0,0.0,0.0,0
sample_08485.docx,10,66,0.0,0.0,60,0.0,0.0,0.0,0.0,0.0,0
sample_16552.docx,0,0,0.0,0.0,0,0.0,0.0,0.0,0.0,0.0,1
sample_00817.docx,9,66,1.0,1.0,60,3.0,1.0,1.0,1.0,5.0,1
sample_12803.docx,10,66,0.0,0.0,60,0.0,0.0,0.0,0.0,0.0,0
sample_13390.docx,9,100,1.0,1.0,94,3.0,1.0,1.0,1.0,5.0,1
sample_12415.docx,10,66,0.0,0.0,60,0.0,0.0,0.0,0.0,0.0,0
sample_04173.docx,10,66,0.0,0.0,60,0.0,0.0,0.0,0.0,0.0,0
sample_09614.docx,0,0,0.0,0.0,0,0.0,0.0,0.0,0.0,0.0,1
sample_06526.docx,0,0,0.0,0.0,0,0.0,0.0,0.0,0.0,0.0,1
sample_10486.docx,0,0,0.0,0.0,0,0.0,0.0,0.0,0.0,0.0,1
sample_17928.docx,9,100,1.0,1.0,94,3.0,1.0,1.0,1.0,5.0,1
sample_19645.docx,10,66,0.0,0.0,60,0.0,0.0,0.0,0.0,0.0,0
sample_17350.docx,9,100,1.0,1.0,94,3.0,1.0,1.0,1.0,5.0,1
sample_11666.docx,10,66,0.0,0.0,60,0.0,0.0,0.0,0.0,0.0,0
sample_16154.docx,10,66,0.0,0.0,60,0.0,0.0,0.0,0.0,0.0,0
sample_19176.docx,0,0,0.0,0.0,0,0.0,0.0,0.0,0.0,0.0,1
sample_11755.docx,9,66,1.0,1.0,60,3.0,1.0,1.0,1.0,5.0,1
sample_19642.docx,10,66,0.0,0.0,60,0.0,0.0,0.0,0.0,0.0,0
sample_01944.docx,10,66,0.0,0.0,60,0.0,0.0,0.0,0.0,0.0,0
sample_02662.docx,10,66,0.0,0.0,60,0.0,0.0,0.0,0.0,0.0,0
sample_17049.docx,9,100,1.0,1.0,94,3.0,1.0,1.0,1.0,5.0,1
sample_09072.docx,10,66,0.0,0.0,60,0.0,0.0,0.0,0.0,0.0,0
sample_19304.docx,10,66,0.0,0.0,60,0.0,0.0,0.0,0.0,0.0,0
sample_19586.docx,0,0,0.0,0.0,0,0.0,0.0,0.0,0.0,0.0,1
sample_02814.docx,10,66,0.0,0.0,60,0.0,0.0,0.0,0.0,0.0,0
sample_16710.docx,9,100,1.0,1.0,94,3.0,1.0,1.0,1.0,5.0,1
sample_10845.docx,10,66,0.0,0.0,60,0.0,0.0,0.0,0.0,0.0,0
sample_04112.docx,0,0,0.0,0.0,0,0.0,0.0,0.0,0.0,0.0,1
sample_14047.docx,10,66,0.0,0.0,60,0.0,0.0,0.0,0.0,0.0,0
sample_00180.docx,10,66,0.0,0.0,60,0.0,0.0,0.0,0.0,0.0,0
sample_19311.docx,10,66,0.0,0.0,60,0.0,0.0,0.0,0.0,0.0,0
sample_01304.docx,10,66,0.0,0.0,60,0.0,0.0,0.0,0.0,0.0,0
sample_12744.docx,10,66,0.0,0.0,60,0.0,0.0,0.0,0.0,0.0,0
sample_04268.docx,0,0,0.0,0.0,0,0.0,0.0,0.0,0.0,0.0,1
sample_09935.docx,10,66,0.0,0.0,60,0.0,0.0,0.0,0.0,0.0,0
sample_07982.docx,9,100,1.0,1.0,94,3.0,1.0,1.0,1.0,5.0,1
sample_07026.docx,9,100,1.0,1.0,94,3.0,1.0,1.0,1.0,5.0,1
sample_15644.docx,9,100,1.0,1.0,94,3.0,1.0,1.0,1.0,5.0,1
sample_13484.docx,10,66,0.0,0.0,60,0.0,0.0,0.0,0.0,0.0,0
sample_10900.docx,10,66,0.0,0.0,60,0.0,0.0,0.0,0.0,0.0,0
sample_19660.docx,9,100,1.0,1.0,94,3.0,1.0,1.0,1.0,5.0,1
sample_06343.docx,10,66,0.0,0.0,60,0.0,0.0,0.0,0.0,0.0,0
sample_16096.docx,10,66,0.0,0.0,60,0.0,0.0,0.0,0.0,0.0,0
sample_11367.docx,10,66,0.0,0.0,60,0.0,0.0,0.0,0.0,0.0,0
sample_00430.docx,0,0,0.0,0.0,0,0.0,0.0,0.0,0.0,0.0,1
sample_02078.docx,9,100,1.0,1.0,94,3.0,1.0,1.0,1.0,5.0,1
sample_14713.docx,0,0,0.0,0.0,0,0.0,0.0,0.0,0.0,0.0,1
sample_11843.docx,0,0,0.0,0.0,0,0.0,0.0,0.0,0.0,0.0,1
sample_12292.docx,9,100,0.0,0.0,94,0.0,0.0,0.0,0.0,0.0,0
sample_10244.docx,10,66,0.0,0.0,60,0.0,0.0,0.0,0.0,0.0,0
sample_08205.docx,0,0,0.0,0.0,0,0.0,0.0,0.0,0.0,0.0,1
sample_06731.docx,9,100,1.0,1.0,94,3.0,1.0,1.0,1.0,5.0,1
sample_18399.docx,9,100,1.0,1.0,94,3.0,1.0,1.0,1.0,5.0,1
sample_05260.docx,10,66,0.0,0.0,60,0.0,0.0,0.0,0.0,0.0,0
sample_04656.docx,9,100,1.0,1.0,94,3.0,1.0,1.0,1.0,5.0,1
sample_15524.docx,0,0,0.0,0.0,0,0.0,0.0,0.0,0.0,0.0,1
sample_16227.docx,0,0,0.0,0.0,0,0.0,0.0,0.0,0.0,0.0,1
sample_17855.docx,0,0,0.0,0.0,0,0.0,0.0,0.0,0.0,0.0,1
sample_12311.docx,0,0,0.0,0.0,0,0.0,0.0,0.0,0.0,0.0,1
sample_15224.docx,0,0,0.0,0.0,0,0.0,0.0,0.0,0.0,0.0,1
sample_17637.docx,0,0,0.0,0.0,0,0.0,0.0,0.0,0.0,0.0,1
sample_00195.docx,10,66,0.0,0.0,60,0.0,0.0,0.0,0.0,0.0,0
sample_03651.docx,0,0,0.0,0.0,0,0.0,0.0,0.0,0.0,0.0,1
sample_06865.docx,10,66,0.0,0.0,60,0.0,0.0,0.0,0.0,0.0,0
sample_02917.docx,0,0,0.0,0.0,0,0.0,0.0,0.0,0.0,0.0,1
sample_00264.docx,10,66,0.0,0.0,60,0.0,0.0,0.0,0.0,0.0,0
sample_16225.docx,0,0,0.0,0.0,0,0.0,0.0,0.0,0.0,0.0,1
sample_12771.docx,10,66,0.0,0.0,60,0.0,0.0,0.0,0.0,0.0,0
sample_03938.docx,0,0,0.0,0.0,0,0.0,0.0,0.0,0.0,0.0,1
sample_11168.docx,9,100,1.0,1.0,94,3.0,1.0,1.0,1.0,5.0,1
sample_09707.docx,0,0,0.0,0.0,0,0.0,0.0,0.0,0.0,0.0,1
sample_11982.docx,10,66,0.0,0.0,60,0.0,0.0,0.0,0.0,0.0,0
sample_00938.docx,10,66,0.0,0.0,60,0.0,0.0,0.0,0.0,0.0,0
sample_00275.docx,0,0,0.0,0.0,0,0.0,0.0,0.0,0.0,0.0,1
sample_16584.docx,11,64,0.0,0.0,58,0.0,0.0,0.0,0.0,0.0,0
sample_16582.docx,10,66,0.0,0.0,60,0.0,0.0,0.0,0.0,0.0,0
sample_13095.docx,10,66,0.0,0.0,60,0.0,0.0,0.0,0.0,0.0,0
sample_10890.docx,0,0,0.0,0.0,0,0.0,0.0,0.0,0.0,0.0,1
sample_14710.docx,10,66,0.0,0.0,60,0.0,0.0,0.0,0.0,0.0,0
sample_18084.docx,10,66,0.0,0.0,60,0.0,0.0,0.0,0.0,0.0,0
sample_15477.docx,10,66,0.0,0.0,60,0.0,0.0,0.0,0.0,0.0,0
sample_00178.docx,0,0,0.0,0.0,0,0.0,0.0,0.0,0.0,0.0,1
sample_09061.docx,10,66,0.0,0.0,60,0.0,0.0,0.0,0.0,0.0,0
sample_16281.docx,0,0,0.0,0.0,0,0.0,0.0,0.0,0.0,0.0,1
sample_13848.docx,10,66,0.0,0.0,60,0.0,0.0,0.0,0.0,0.0,0
sample_06933.docx,9,100,1.0,1.0,94,3.0,1.0,1.0,1.0,5.0,1
sample_15710.docx,0,0,0.0,0.0,0,0.0,0.0,0.0,0.0,0.0,1
sample_09127.docx,9,100,1.0,1.0,94,3.0,1.0,1.0,1.0,5.0,1
sample_03373.docx,10,66,0.0,0.0,60,0.0,0.0,0.0,0.0,0.0,0
sample_17895.docx,0,0,0.0,0.0,0,0.0,0.0,0.0,0.0,0.0,1
sample_00633.docx,10,66,0.0,0.0,60,0.0,0.0,0.0,0.0,0.0,0
sample_04649.docx,0,0,0.0,0.0,0,0.0,0.0,0.0,0.0,0.0,1
sample_13293.docx,10,66,0.0,0.0,60,0.0,0.0,0.0,0.0,0.0,0
sample_06298.docx,0,0,0.0,0.0,0,0.0,0.0,0.0,0.0,0.0,1
sample_10832.docx,0,0,0.0,0.0,0,0.0,0.0,0.0,0.0,0.0,1
sample_01499.docx,10,66,0.0,0.0,60,0.0,0.0,0.0,0.0,0.0,0
sample_18911.docx,0,0,0.0,0.0,0,0.0,0.0,0.0,0.0,0.0,1
sample_15837.docx,10,66,0.0,0.0,60,0.0,0.0,0.0,0.0,0.0,0
sample_11927.docx,10,66,0.0,0.0,60,0.0,0.0,0.0,0.0,0.0,0
sample_04919.docx,10,66,0.0,0.0,60,0.0,0.0,0.0,0.0,0.0,0
sample_09459.docx,10,66,0.0,0.0,60,0.0,0.0,0.0,0.0,0.0,0
sample_10552.docx,11,66,0.0,0.0,60,0.0,0.0,0.0,0.0,0.0,0
sample_11202.docx,10,66,0.0,0.0,60,0.0,0.0,0.0,0.0,0.0,0
sample_14752.docx,0,0,0.0,0.0,0,0.0,0.0,0.0,0.0,0.0,1
sample_04887.docx,0,0,0.0,0.0,0,0.0,0.0,0.0,0.0,0.0,1
sample_09613.docx,9,66,1.0,1.0,60,3.0,1.0,1.0,1.0,5.0,1
sample_15901.docx,0,0,0.0,0.0,0,0.0,0.0,0.0,0.0,0.0,1
sample_17170.docx,10,66,0.0,0.0,60,0.0,0.0,0.0,0.0,0.0,0
sample_12953.docx,10,66,0.0,0.0,60,0.0,0.0,0.0,0.0,0.0,0
sample_04691.docx,0,0,0.0,0.0,0,0.0,0.0,0.0,0.0,0.0,1
sample_18107.docx,0,0,0.0,0.0,0,0.0,0.0,0.0,0.0,0.0,1
sample_18635.docx,9,100,1.0,1.0,94,3.0,1.0,1.0,1.0,5.0,1
sample_07194.docx,10,66,0.0,0.0,60,0.0,0.0,0.0,0.0,0.0,0
sample_02491.docx,10,66,0.0,0.0,60,0.0,0.0,0.0,0.0,0.0,0
sample_12182.docx,10,66,0.0,0.0,60,0.0,0.0,0.0,0.0,0.0,0
sample_15886.docx,10,66,0.0,0.0,60,0.0,0.0,0.0,0.0,0.0,0
sample_00860.docx,9,66,1.0,1.0,60,3.0,1.0,1.0,1.0,5.0,1
sample_11668.docx,0,0,0.0,0.0,0,0.0,0.0,0.0,0.0,0.0,1
sample_13216.docx,9,100,1.0,1.0,94,3.0,1.0,1.0,1.0,5.0,1
sample_17752.docx,10,66,0.0,0.0,60,0.0,0.0,0.0,0.0,0.0,0
sample_14281.docx,9,66,1.0,1.0,60,3.0,1.0,1.0,1.0,5.0,1
sample_17394.docx,9,100,1.0,1.0,94,3.0,1.0,1.0,1.0,5.0,1
sample_00475.docx,10,66,0.0,0.0,60,0.0,0.0,0.0,0.0,0.0,0
sample_13385.docx,10,66,0.0,0.0,60,0.0,0.0,0.0,0.0,0.0,0
sample_12337.docx,10,66,0.0,0.0,60,0.0,0.0,0.0,0.0,0.0,0
sample_04356.docx,9,100,1.0,1.0,94,3.0,1.0,1.0,1.0,5.0,1
sample_19847.docx,10,66,0.0,0.0,60,0.0,0.0,0.0,0.0,0.0,0
sample_07013.docx,10,66,0.0,0.0,60,0.0,0.0,0.0,0.0,0.0,0
sample_05306.docx,0,0,0.0,0.0,0,0.0,0.0,0.0,0.0,0.0,1
sample_15178.docx,10,66,0.0,0.0,60,0.0,0.0,0.0,0.0,0.0,0
sample_07588.docx,9,100,1.0,1.0,94,3.0,1.0,1.0,1.0,5.0,1
sample_02119.docx,0,0,0.0,0.0,0,0.0,0.0,0.0,0.0,0.0,1
sample_18572.docx,0,0,0.0,0.0,0,0.0,0.0,0.0,0.0,0.0,1
sample_06612.docx,10,66,0.0,0.0,60,0.0,0.0,0.0,0.0,0.0,0
sample_11777.docx,0,0,0.0,0.0,0,0.0,0.0,0.0,0.0,0.0,1
sample_05668.docx,0,0,0.0,0.0,0,0.0,0.0,0.0,0.0,0.0,1
sample_16771.docx,10,66,0.0,0.0,60,0.0,0.0,0.0,0.0,0.0,0
sample_04582.docx,9,100,1.0,1.0,94,3.0,1.0,1.0,1.0,5.0,1
sample_09569.docx,9,100,1.0,1.0,94,3.0,1.0,1.0,1.0,5.0,1
sample_08826.docx,9,100,1.0,1.0,94,3.0,1.0,1.0,1.0,5.0,1
sample_10589.docx,0,0,0.0,0.0,0,0.0,0.0,0.0,0.0,0.0,1
sample_02812.docx,9,66,1.0,1.0,60,3.0,1.0,1.0,1.0,5.0,1
sample_19229.docx,9,100,1.0,1.0,94,3.0,1.0,1.0,1.0,5.0,1
sample_17355.docx,10,66,0.0,0.0,60,0.0,0.0,0.0,0.0,0.0,0
sample_04210.docx,10,66,0.0,0.0,60,0.0,0.0,0.0,0.0,0.0,0
sample_08560.docx,10,66,0.0,0.0,60,0.0,0.0,0.0,0.0,0.0,0
sample_15887.docx,0,0,0.0,0.0,0,0.0,0.0,0.0,0.0,0.0,1
sample_02343.docx,10,66,0.0,0.0,60,0.0,0.0,0.0,0.0,0.0,0
sample_14352.docx,10,66,0.0,0.0,60,0.0,0.0,0.0,0.0,0.0,0
sample_19151.docx,9,100,1.0,1.0,94,3.0,1.0,1.0,1.0,5.0,1
sample_10367.docx,10,66,0.0,0.0,60,0.0,0.0,0.0,0.0,0.0,0
sample_06858.docx,10,66,0.0,0.0,60,0.0,0.0,0.0,0.0,0.0,0
sample_03186.docx,0,0,0.0,0.0,0,0.0,0.0,0.0,0.0,0.0,1
sample_09564.docx,10,66,0.0,0.0,60,0.0,0.0,0.0,0.0,0.0,0
sample_03138.docx,10,66,0.0,0.0,60,0.0,0.0,0.0,0.0,0.0,0
sample_08849.docx,0,0,0.0,0.0,0,0.0,0.0,0.0,0.0,0.0,1
sample_04487.docx,9,66,1.0,1.0,60,3.0,1.0,1.0,1.0,5.0,1
sample_18657.docx,9,100,1.0,1.0,94,3.0,1.0,1.0,1.0,5.0,1
sample_12222.docx,9,100,1.0,1.0,94,3.0,1.0,1.0,1.0,5.0,1
sample_06050.docx,9,100,1.0,1.0,94,3.0,1.0,1.0,1.0,5.0,1
sample_00321.docx,10,66,0.0,0.0,60,0.0,0.0,0.0,0.0,0.0,0
sample_05858.docx,10,66,0.0,0.0,60,0.0,0.0,0.0,0.0,0.0,0
sample_09931.docx,0,0,0.0,0.0,0,0.0,0.0,0.0,0.0,0.0,1
sample_08063.docx,0,0,0.0,0.0,0,0.0,0.0,0.0,0.0,0.0,1
sample_08702.docx,9,66,1.0,1.0,60,3.0,1.0,1.0,1.0,5.0,1
sample_17542.docx,10,66,0.0,0.0,60,0.0,0.0,0.0,0.0,0.0,0
sample_18641.docx,0,0,0.0,0.0,0,0.0,0.0,0.0,0.0,0.0,1
sample_06591.docx,0,0,0.0,0.0,0,0.0,0.0,0.0,0.0,0.0,1
sample_05898.docx,10,66,0.0,0.0,60,0.0,0.0,0.0,0.0,0.0,0
sample_18013.docx,0,0,0.0,0.0,0,0.0,0.0,0.0,0.0,0.0,1
sample_17325.docx,0,0,0.0,0.0,0,0.0,0.0,0.0,0.0,0.0,1
sample_12512.docx,10,66,0.0,0.0,60,0.0,0.0,0.0,0.0,0.0,0
sample_00281.docx,10,66,0.0,0.0,60,0.0,0.0,0.0,0.0,0.0,0
sample_08232.docx,10,66,0.0,0.0,60,0.0,0.0,0.0,0.0,0.0,0
sample_17118.docx,10,66,0.0,0.0,60,0.0,0.0,0.0,0.0,0.0,0
sample_08902.docx,0,0,0.0,0.0,0,0.0,0.0,0.0,0.0,0.0,1
sample_13375.docx,0,0,0.0,0.0,0,0.0,0.0,0.0,0.0,0.0,1
sample_00844.docx,10,66,0.0,0.0,60,0.0,0.0,0.0,0.0,0.0,0
sample_11356.docx,9,66,1.0,1.0,60,3.0,1.0,1.0,1.0,5.0,1
sample_15660.docx,0,0,0.0,0.0,0,0.0,0.0,0.0,0.0,0.0,1
sample_17139.docx,10,66,0.0,0.0,60,0.0,0.0,0.0,0.0,0.0,0
sample_15595.docx,9,100,1.0,1.0,94,3.0,1.0,1.0,1.0,5.0,1
sample_10853.docx,10,66,0.0,0.0,60,0.0,0.0,0.0,0.0,0.0,0
sample_07372.docx,0,0,0.0,0.0,0,0.0,0.0,0.0,0.0,0.0,1
sample_14584.docx,10,66,0.0,0.0,60,0.0,0.0,0.0,0.0,0.0,0
sample_00093.docx,0,0,0.0,0.0,0,0.0,0.0,0.0,0.0,0.0,1
sample_14132.docx,10,66,0.0,0.0,60,0.0,0.0,0.0,0.0,0.0,0
sample_04262.docx,0,66,0.0,0.0,60,0.0,0.0,0.0,0.0,0.0,0
sample_15916.docx,9,100,1.0,1.0,94,3.0,1.0,1.0,1.0,5.0,1
sample_11474.docx,0,0,0.0,0.0,0,0.0,0.0,0.0,0.0,0.0,1
sample_13547.docx,0,0,0.0,0.0,0,0.0,0.0,0.0,0.0,0.0,1
sample_10734.docx,10,66,0.0,0.0,60,0.0,0.0,0.0,0.0,0.0,0
sample_16782.docx,10,66,0.0,0.0,60,0.0,0.0,0.0,0.0,0.0,0
sample_01086.docx,10,66,0.0,0.0,60,0.0,0.0,0.0,0.0,0.0,0
sample_06643.docx,10,66,0.0,0.0,60,0.0,0.0,0.0,0.0,0.0,0
sample_17305.docx,0,0,0.0,0.0,0,0.0,0.0,0.0,0.0,0.0,1
sample_09641.docx,0,0,0.0,0.0,0,0.0,0.0,0.0,0.0,0.0,1
sample_00307.docx,0,0,0.0,0.0,0,0.0,0.0,0.0,0.0,0.0,1
sample_14974.docx,9,100,1.0,1.0,94,3.0,1.0,1.0,1.0,5.0,1
sample_08262.docx,0,0,0.0,0.0,0,0.0,0.0,0.0,0.0,0.0,1
sample_17130.docx,10,66,0.0,0.0,60,0.0,0.0,0.0,0.0,0.0,0
sample_08512.docx,0,0,0.0,0.0,0,0.0,0.0,0.0,0.0,0.0,1
sample_05383.docx,0,0,0.0,0.0,0,0.0,0.0,0.0,0.0,0.0,1
sample_08979.docx,10,66,0.0,0.0,60,0.0,0.0,0.0,0.0,0.0,0
sample_10404.docx,10,66,0.0,0.0,60,0.0,0.0,0.0,0.0,0.0,0
sample_08842.docx,10,66,0.0,0.0,60,0.0,0.0,0.0,0.0,0.0,0
sample_19699.docx,10,66,0.0,0.0,60,0.0,0.0,0.0,0.0,0.0,0
sample_18696.docx,10,66,0.0,0.0,60,0.0,0.0,0.0,0.0,0.0,0
sample_03300.docx,0,0,0.0,0.0,0,0.0,0.0,0.0,0.0,0.0,1
sample_01532.docx,9,100,1.0,1.0,94,3.0,1.0,1.0,1.0,5.0,1
sample_14163.docx,9,100,1.0,1.0,94,3.0,1.0,1.0,1.0,5.0,1
sample_03437.docx,0,0,0.0,0.0,0,0.0,0.0,0.0,0.0,0.0,1
sample_08974.docx,0,0,0.0,0.0,0,0.0,0.0,0.0,0.0,0.0,1
sample_13208.docx,9,100,1.0,1.0,94,3.0,1.0,1.0,1.0,5.0,1
sample_06421.docx,0,0,0.0,0.0,0,0.0,0.0,0.0,0.0,0.0,1
sample_00455.docx,10,66,0.0,0.0,60,0.0,0.0,0.0,0.0,0.0,0
sample_18616.docx,9,66,1.0,1.0,60,3.0,1.0,1.0,1.0,5.0,1
sample_08654.docx,0,0,0.0,0.0,0,0.0,0.0,0.0,0.0,0.0,1
sample_14952.docx,0,0,0.0,0.0,0,0.0,0.0,0.0,0.0,0.0,1
sample_12022.docx,9,100,1.0,1.0,94,3.0,1.0,1.0,1.0,5.0,1
sample_02782.docx,0,0,0.0,0.0,0,0.0,0.0,0.0,0.0,0.0,1
sample_16531.docx,0,0,0.0,0.0,0,0.0,0.0,0.0,0.0,0.0,1
sample_00108.docx,9,100,1.0,1.0,94,3.0,1.0,1.0,1.0,5.0,1
sample_19653.docx,0,0,0.0,0.0,0,0.0,0.0,0.0,0.0,0.0,1
sample_16433.docx,10,66,0.0,0.0,60,0.0,0.0,0.0,0.0,0.0,0
sample_14221.docx,10,66,0.0,0.0,60,0.0,0.0,0.0,0.0,0.0,0
sample_16844.docx,10,66,0.0,0.0,60,0.0,0.0,0.0,0.0,0.0,0
sample_05661.docx,10,66,0.0,0.0,60,0.0,0.0,0.0,0.0,0.0,0
sample_10539.docx,10,66,0.0,0.0,60,0.0,0.0,0.0,0.0,0.0,0
sample_03512.docx,0,0,0.0,0.0,0,0.0,0.0,0.0,0.0,0.0,1
sample_15770.docx,9,66,1.0,1.0,60,3.0,1.0,1.0,1.0,5.0,1
sample_14853.docx,0,0,0.0,0.0,0,0.0,0.0,0.0,0.0,0.0,1
sample_17796.docx,9,66,1.0,1.0,60,3.0,1.0,1.0,1.0,5.0,1
sample_19201.docx,10,66,0.0,0.0,60,0.0,0.0,0.0,0.0,0.0,0
sample_11642.docx,10,66,0.0,0.0,60,0.0,0.0,0.0,0.0,0.0,0
sample_06188.docx,9,66,1.0,1.0,60,3.0,1.0,1.0,1.0,5.0,1
sample_00334.docx,9,100,0.0,0.0,94,0.0,0.0,0.0,0.0,0.0,0
sample_18971.docx,0,0,0.0,0.0,0,0.0,0.0,0.0,0.0,0.0,1
sample_11561.docx,10,66,0.0,0.0,60,0.0,0.0,0.0,0.0,0.0,0
sample_17203.docx,10,66,0.0,0.0,60,0.0,0.0,0.0,0.0,0.0,0
sample_15913.docx,10,66,0.0,0.0,60,0.0,0.0,0.0,0.0,0.0,0
sample_04640.docx,10,66,0.0,0.0,60,0.0,0.0,0.0,0.0,0.0,0
sample_10512.docx,11,64,0.0,0.0,58,0.0,0.0,0.0,0.0,0.0,0
sample_06670.docx,9,100,1.0,1.0,94,3.0,1.0,1.0,1.0,5.0,1
sample_16075.docx,0,0,0.0,0.0,0,0.0,0.0,0.0,0.0,0.0,1
sample_00993.docx,10,66,0.0,0.0,60,0.0,0.0,0.0,0.0,0.0,0
sample_17089.docx,10,66,0.0,0.0,60,0.0,0.0,0.0,0.0,0.0,0
sample_13792.docx,0,0,0.0,0.0,0,0.0,0.0,0.0,0.0,0.0,1
sample_07022.docx,10,66,0.0,0.0,60,0.0,0.0,0.0,0.0,0.0,0
sample_06579.docx,10,66,0.0,0.0,60,0.0,0.0,0.0,0.0,0.0,0
sample_04309.docx,10,66,0.0,0.0,60,0.0,0.0,0.0,0.0,0.0,0
sample_15172.docx,10,66,0.0,0.0,60,0.0,0.0,0.0,0.0,0.0,0
sample_19430.docx,10,66,0.0,0.0,60,0.0,0.0,0.0,0.0,0.0,0
sample_16440.docx,10,66,0.0,0.0,60,0.0,0.0,0.0,0.0,0.0,0
sample_15087.docx,10,66,0.0,0.0,60,0.0,0.0,0.0,0.0,0.0,0
sample_14343.docx,0,0,0.0,0.0,0,0.0,0.0,0.0,0.0,0.0,1
sample_11248.docx,0,0,0.0,0.0,0,0.0,0.0,0.0,0.0,0.0,1
sample_14807.docx,10,66,0.0,0.0,60,0.0,0.0,0.0,0.0,0.0,0
sample_13968.docx,10,66,0.0,0.0,60,0.0,0.0,0.0,0.0,0.0,0
sample_03731.docx,9,66,1.0,1.0,60,3.0,1.0,1.0,1.0,5.0,1
sample_15648.docx,9,100,1.0,1.0,94,3.0,1.0,1.0,1.0,5.0,1
sample_08012.docx,9,66,1.0,1.0,60,3.0,1.0,1.0,1.0,5.0,1
sample_03679.docx,9,100,1.0,1.0,94,3.0,1.0,1.0,1.0,5.0,1
sample_11552.docx,10,66,0.0,0.0,60,0.0,0.0,0.0,0.0,0.0,0
sample_18144.docx,10,66,0.0,0.0,60,0.0,0.0,0.0,0.0,0.0,0
sample_01914.docx,10,66,0.0,0.0,60,0.0,0.0,0.0,0.0,0.0,0
sample_17628.docx,0,0,0.0,0.0,0,0.0,0.0,0.0,0.0,0.0,1
sample_04509.docx,10,66,0.0,0.0,60,0.0,0.0,0.0,0.0,0.0,0
sample_16876.docx,10,66,0.0,0.0,60,0.0,0.0,0.0,0.0,0.0,0
sample_04631.docx,0,0,0.0,0.0,0,0.0,0.0,0.0,0.0,0.0,1
sample_01826.docx,10,66,0.0,0.0,60,0.0,0.0,0.0,0.0,0.0,0
sample_16451.docx,9,100,1.0,1.0,94,3.0,1.0,1.0,1.0,5.0,1
sample_05724.docx,10,66,0.0,0.0,60,0.0,0.0,0.0,0.0,0.0,0
sample_02562.docx,10,66,0.0,0.0,60,0.0,0.0,0.0,0.0,0.0,0
sample_11800.docx,0,0,0.0,0.0,0,0.0,0.0,0.0,0.0,0.0,1
sample_07279.docx,10,66,0.0,0.0,60,0.0,0.0,0.0,0.0,0.0,0
sample_14258.docx,10,66,0.0,0.0,60,0.0,0.0,0.0,0.0,0.0,0
sample_03793.docx,10,66,0.0,0.0,60,0.0,0.0,0.0,0.0,0.0,0
sample_18454.docx,10,66,0.0,0.0,60,0.0,0.0,0.0,0.0,0.0,0
sample_00391.docx,0,0,0.0,0.0,0,0.0,0.0,0.0,0.0,0.0,1
sample_15500.docx,10,66,0.0,0.0,60,0.0,0.0,0.0,0.0,0.0,0
sample_19950.docx,10,66,0.0,0.0,60,0.0,0.0,0.0,0.0,0.0,0
sample_05880.docx,0,0,0.0,0.0,0,0.0,0.0,0.0,0.0,0.0,1
sample_03034.docx,10,66,0.0,0.0,60,0.0,0.0,0.0,0.0,0.0,0
sample_14155.docx,9,66,0.0,0.0,60,0.0,0.0,0.0,0.0,0.0,0
sample_03233.docx,10,66,0.0,0.0,60,0.0,0.0,0.0,0.0,0.0,0
sample_11978.docx,0,0,0.0,0.0,0,0.0,0.0,0.0,0.0,0.0,1
sample_03969.docx,0,0,0.0,0.0,0,0.0,0.0,0.0,0.0,0.0,1
sample_09889.docx,9,66,1.0,1.0,60,3.0,1.0,1.0,1.0,5.0,1
sample_02384.docx,10,66,0.0,0.0,60,0.0,0.0,0.0,0.0,0.0,0
sample_12393.docx,9,66,0.0,0.0,60,0.0,0.0,0.0,0.0,0.0,0
sample_00834.docx,10,66,0.0,0.0,60,0.0,0.0,0.0,0.0,0.0,0
sample_08406.docx,10,66,0.0,0.0,60,0.0,0.0,0.0,0.0,0.0,0
sample_17883.docx,10,66,0.0,0.0,60,0.0,0.0,0.0,0.0,0.0,0
sample_18056.docx,10,66,0.0,0.0,60,0.0,0.0,0.0,0.0,0.0,0
sample_10478.docx,10,66,0.0,0.0,60,0.0,0.0,0.0,0.0,0.0,0
sample_04965.docx,0,0,0.0,0.0,0,0.0,0.0,0.0,0.0,0.0,1
sample_10034.docx,10,66,0.0,0.0,60,0.0,0.0,0.0,0.0,0.0,0
sample_19484.docx,0,0,0.0,0.0,0,0.0,0.0,0.0,0.0,0.0,1
sample_15863.docx,9,66,1.0,1.0,60,3.0,1.0,1.0,1.0,5.0,1
sample_19215.docx,10,66,0.0,0.0,60,0.0,0.0,0.0,0.0,0.0,0
sample_04152.docx,10,66,0.0,0.0,60,0.0,0.0,0.0,0.0,0.0,0
sample_14116.docx,0,0,0.0,0.0,0,0.0,0.0,0.0,0.0,0.0,1
sample_04777.docx,10,66,0.0,0.0,60,0.0,0.0,0.0,0.0,0.0,0
sample_02481.docx,0,0,0.0,0.0,0,0.0,0.0,0.0,0.0,0.0,1
sample_04534.docx,0,0,0.0,0.0,0,0.0,0.0,0.0,0.0,0.0,1
sample_16229.docx,10,66,0.0,0.0,60,0.0,0.0,0.0,0.0,0.0,0
sample_18711.docx,10,66,0.0,0.0,60,0.0,0.0,0.0,0.0,0.0,0
sample_04120.docx,10,66,0.0,0.0,60,0.0,0.0,0.0,0.0,0.0,0
sample_19289.docx,0,0,0.0,0.0,0,0.0,0.0,0.0,0.0,0.0,1
sample_00805.docx,0,0,0.0,0.0,0,0.0,0.0,0.0,0.0,0.0,1
sample_03500.docx,10,66,0.0,0.0,60,0.0,0.0,0.0,0.0,0.0,0
sample_19048.docx,10,66,0.0,0.0,60,0.0,0.0,0.0,0.0,0.0,0
sample_05896.docx,10,66,0.0,0.0,60,0.0,0.0,0.0,0.0,0.0,0
sample_11835.docx,0,0,0.0,0.0,0,0.0,0.0,0.0,0.0,0.0,1
sample_02043.docx,9,66,1.0,1.0,60,3.0,1.0,1.0,1.0,5.0,1
sample_16885.docx,10,66,0.0,0.0,60,0.0,0.0,0.0,0.0,0.0,0
sample_07206.docx,10,66,0.0,0.0,60,0.0,0.0,0.0,0.0,0.0,0
sample_13970.docx,10,66,0.0,0.0,60,0.0,0.0,0.0,0.0,0.0,0
sample_00319.docx,0,0,0.0,0.0,0,0.0,0.0,0.0,0.0,0.0,1
sample_00571.docx,10,66,0.0,0.0,60,0.0,0.0,0.0,0.0,0.0,0
sample_06755.docx,9,66,1.0,1.0,60,3.0,1.0,1.0,1.0,5.0,1
sample_18238.docx,9,100,1.0,1.0,94,3.0,1.0,1.0,1.0,5.0,1
sample_18888.docx,10,66,0.0,0.0,60,0.0,0.0,0.0,0.0,0.0,0
sample_11799.docx,0,0,0.0,0.0,0,0.0,0.0,0.0,0.0,0.0,1
sample_04771.docx,10,66,0.0,0.0,60,0.0,0.0,0.0,0.0,0.0,0
sample_09620.docx,9,100,1.0,1.0,94,3.0,1.0,1.0,1.0,5.0,1
sample_08055.docx,10,66,0.0,0.0,60,0.0,0.0,0.0,0.0,0.0,0
sample_01884.docx,0,0,0.0,0.0,0,0.0,0.0,0.0,0.0,0.0,1
sample_14703.docx,0,0,0.0,0.0,0,0.0,0.0,0.0,0.0,0.0,1
sample_08389.docx,10,66,0.0,0.0,60,0.0,0.0,0.0,0.0,0.0,0
sample_15932.docx,10,66,0.0,0.0,60,0.0,0.0,0.0,0.0,0.0,0
sample_08578.docx,0,0,0.0,0.0,0,0.0,0.0,0.0,0.0,0.0,1
sample_17447.docx,9,66,1.0,1.0,60,3.0,1.0,1.0,1.0,5.0,1
sample_15936.docx,10,66,0.0,0.0,60,0.0,0.0,0.0,0.0,0.0,0
sample_06076.docx,0,0,0.0,0.0,0,0.0,0.0,0.0,0.0,0.0,1
sample_10931.docx,10,66,0.0,0.0,60,0.0,0.0,0.0,0.0,0.0,0
sample_02118.docx,10,66,0.0,0.0,60,0.0,0.0,0.0,0.0,0.0,0
sample_06255.docx,10,66,0.0,0.0,60,0.0,0.0,0.0,0.0,0.0,0
sample_16868.docx,10,66,0.0,0.0,60,0.0,0.0,0.0,0.0,0.0,0
sample_09213.docx,0,0,0.0,0.0,0,0.0,0.0,0.0,0.0,0.0,1
sample_13560.docx,10,66,0.0,0.0,60,0.0,0.0,0.0,0.0,0.0,0
sample_03133.docx,0,0,0.0,0.0,0,0.0,0.0,0.0,0.0,0.0,1
sample_11794.docx,10,66,0.0,0.0,60,0.0,0.0,0.0,0.0,0.0,0
sample_07916.docx,0,0,0.0,0.0,0,0.0,0.0,0.0,0.0,0.0,1
sample_14879.docx,0,0,0.0,0.0,0,0.0,0.0,0.0,0.0,0.0,1
sample_12131.docx,0,0,0.0,0.0,0,0.0,0.0,0.0,0.0,0.0,1
sample_16675.docx,10,66,0.0,0.0,60,0.0,0.0,0.0,0.0,0.0,0
sample_18059.docx,0,0,0.0,0.0,0,0.0,0.0,0.0,0.0,0.0,1
sample_18605.docx,9,100,1.0,1.0,94,3.0,1.0,1.0,1.0,5.0,1
sample_09479.docx,0,0,0.0,0.0,0,0.0,0.0,0.0,0.0,0.0,1
sample_08599.docx,10,66,0.0,0.0,60,0.0,0.0,0.0,0.0,0.0,0
sample_05947.docx,9,66,0.0,0.0,60,0.0,0.0,0.0,0.0,0.0,0
sample_07408.docx,0,0,0.0,0.0,0,0.0,0.0,0.0,0.0,0.0,1
sample_02080.docx,0,0,0.0,0.0,0,0.0,0.0,0.0,0.0,0.0,1
sample_09916.docx,10,66,0.0,0.0,60,0.0,0.0,0.0,0.0,0.0,0
sample_06808.docx,10,66,0.0,0.0,60,0.0,0.0,0.0,0.0,0.0,0
sample_05544.docx,0,0,0.0,0.0,0,0.0,0.0,0.0,0.0,0.0,1
sample_06880.docx,0,66,0.0,0.0,60,0.0,0.0,0.0,0.0,0.0,0
sample_09448.docx,0,0,0.0,0.0,0,0.0,0.0,0.0,0.0,0.0,1
sample_17537.docx,10,66,0.0,0.0,60,0.0,0.0,0.0,0.0,0.0,0
sample_12225.docx,10,66,0.0,0.0,60,0.0,0.0,0.0,0.0,0.0,0
sample_18051.docx,9,66,1.0,1.0,60,3.0,1.0,1.0,1.0,5.0,1
sample_05059.docx,0,0,0.0,0.0,0,0.0,0.0,0.0,0.0,0.0,1
sample_16079.docx,10,66,0.0,0.0,60,0.0,0.0,0.0,0.0,0.0,0
sample_15081.docx,9,66,1.0,1.0,60,3.0,1.0,1.0,1.0,5.0,1
sample_18671.docx,10,66,0.0,0.0,60,0.0,0.0,0.0,0.0,0.0,0
sample_18805.docx,10,66,0.0,0.0,60,0.0,0.0,0.0,0.0,0.0,0
sample_17957.docx,10,66,0.0,0.0,60,0.0,0.0,0.0,0.0,0.0,0
sample_05490.docx,10,66,0.0,0.0,60,0.0,0.0,0.0,0.0,0.0,0
sample_12638.docx,10,66,0.0,0.0,60,0.0,0.0,0.0,0.0,0.0,0
sample_09274.docx,9,66,1.0,1.0,60,3.0,1.0,1.0,1.0,5.0,1
sample_02685.docx,0,0,0.0,0.0,0,0.0,0.0,0.0,0.0,0.0,1
sample_01462.docx,9,100,1.0,1.0,94,3.0,1.0,1.0,1.0,5.0,1
sample_01825.docx,10,66,0.0,0.0,60,0.0,0.0,0.0,0.0,0.0,0
sample_05416.docx,9,100,1.0,1.0,94,3.0,1.0,1.0,1.0,5.0,1
sample_13507.docx,10,66,0.0,0.0,60,0.0,0.0,0.0,0.0,0.0,0
sample_17848.docx,9,100,1.0,1.0,94,3.0,1.0,1.0,1.0,5.0,1
sample_05461.docx,0,0,0.0,0.0,0,0.0,0.0,0.0,0.0,0.0,1
sample_09676.docx,10,66,0.0,0.0,60,0.0,0.0,0.0,0.0,0.0,0
sample_19929.docx,9,66,1.0,1.0,60,3.0,1.0,1.0,1.0,5.0,1
sample_10756.docx,10,66,0.0,0.0,60,0.0,0.0,0.0,0.0,0.0,0
sample_18347.docx,9,66,0.0,0.0,60,0.0,0.0,0.0,0.0,0.0,0
sample_05205.docx,0,0,0.0,0.0,0,0.0,0.0,0.0,0.0,0.0,1
sample_13342.docx,0,0,0.0,0.0,0,0.0,0.0,0.0,0.0,0.0,1
sample_16522.docx,0,0,0.0,0.0,0,0.0,0.0,0.0,0.0,0.0,1
sample_11683.docx,9,100,1.0,1.0,94,3.0,1.0,1.0,1.0,5.0,1
sample_17196.docx,0,0,0.0,0.0,0,0.0,0.0,0.0,0.0,0.0,1
sample_04435.docx,10,66,0.0,0.0,60,0.0,0.0,0.0,0.0,0.0,0
sample_19112.docx,9,100,1.0,1.0,94,3.0,1.0,1.0,1.0,5.0,1
sample_11268.docx,9,100,1.0,1.0,94,3.0,1.0,1.0,1.0,5.0,1
sample_13921.docx,10,66,0.0,0.0,60,0.0,0.0,0.0,0.0,0.0,0
sample_10942.docx,10,66,0.0,0.0,60,0.0,0.0,0.0,0.0,0.0,0
sample_02800.docx,10,66,0.0,0.0,60,0.0,0.0,0.0,0.0,0.0,0
sample_19638.docx,0,0,0.0,0.0,0,0.0,0.0,0.0,0.0,0.0,1
sample_04524.docx,0,0,0.0,0.0,0,0.0,0.0,0.0,0.0,0.0,1
sample_05314.docx,10,66,0.0,0.0,60,0.0,0.0,0.0,0.0,0.0,0
sample_02689.docx,10,66,0.0,0.0,60,0.0,0.0,0.0,0.0,0.0,0
sample_04313.docx,9,100,0.0,0.0,94,0.0,0.0,0.0,0.0,0.0,0
sample_17152.docx,10,66,0.0,0.0,60,0.0,0.0,0.0,0.0,0.0,0
sample_09039.docx,10,66,0.0,0.0,60,0.0,0.0,0.0,0.0,0.0,0
sample_02473.docx,10,66,0.0,0.0,60,0.0,0.0,0.0,0.0,0.0,0
sample_13562.docx,0,0,0.0,0.0,0,0.0,0.0,0.0,0.0,0.0,1
sample_08509.docx,10,66,0.0,0.0,60,0.0,0.0,0.0,0.0,0.0,0
sample_01714.docx,10,66,0.0,0.0,60,0.0,0.0,0.0,0.0,0.0,0
sample_15679.docx,0,0,0.0,0.0,0,0.0,0.0,0.0,0.0,0.0,1
sample_09823.docx,10,66,0.0,0.0,60,0.0,0.0,0.0,0.0,0.0,0
sample_17952.docx,9,100,1.0,1.0,94,3.0,1.0,1.0,1.0,5.0,1
sample_16749.docx,10,66,0.0,0.0,60,0.0,0.0,0.0,0.0,0.0,0
sample_16705.docx,0,0,0.0,0.0,0,0.0,0.0,0.0,0.0,0.0,1
sample_14581.docx,10,66,0.0,0.0,60,0.0,0.0,0.0,0.0,0.0,0
sample_14817.docx,0,0,0.0,0.0,0,0.0,0.0,0.0,0.0,0.0,1
sample_11286.docx,0,0,0.0,0.0,0,0.0,0.0,0.0,0.0,0.0,1
sample_12908.docx,10,66,0.0,0.0,60,0.0,0.0,0.0,0.0,0.0,0
sample_16481.docx,9,100,1.0,1.0,94,3.0,1.0,1.0,1.0,5.0,1
sample_11039.docx,0,0,0.0,0.0,0,0.0,0.0,0.0,0.0,0.0,1
sample_06067.docx,9,66,1.0,1.0,60,3.0,1.0,1.0,1.0,5.0,1
sample_10283.docx,9,100,1.0,1.0,94,3.0,1.0,1.0,1.0,5.0,1
sample_17463.docx,10,66,0.0,0.0,60,0.0,0.0,0.0,0.0,0.0,0
sample_16368.docx,10,66,0.0,0.0,60,0.0,0.0,0.0,0.0,0.0,0
sample_17114.docx,10,66,0.0,0.0,60,0.0,0.0,0.0,0.0,0.0,0
sample_16660.docx,0,0,0.0,0.0,0,0.0,0.0,0.0,0.0,0.0,1
sample_19784.docx,10,66,0.0,0.0,60,0.0,0.0,0.0,0.0,0.0,0
sample_03947.docx,10,66,0.0,0.0,60,0.0,0.0,0.0,0.0,0.0,0
sample_17461.docx,0,0,0.0,0.0,0,0.0,0.0,0.0,0.0,0.0,1
sample_12777.docx,10,66,0.0,0.0,60,0.0,0.0,0.0,0.0,0.0,0
sample_18814.docx,0,0,0.0,0.0,0,0.0,0.0,0.0,0.0,0.0,1
sample_12763.docx,10,66,0.0,0.0,60,0.0,0.0,0.0,0.0,0.0,0
sample_19580.docx,0,0,0.0,0.0,0,0.0,0.0,0.0,0.0,0.0,1
sample_09515.docx,10,66,0.0,0.0,60,0.0,0.0,0.0,0.0,0.0,0
sample_05629.docx,0,0,0.0,0.0,0,0.0,0.0,0.0,0.0,0.0,1
sample_05821.docx,9,100,1.0,1.0,94,3.0,1.0,1.0,1.0,5.0,1
sample_10711.docx,10,66,0.0,0.0,60,0.0,0.0,0.0,0.0,0.0,0
sample_03125.docx,10,66,0.0,0.0,60,0.0,0.0,0.0,0.0,0.0,0
sample_19704.docx,10,66,0.0,0.0,60,0.0,0.0,0.0,0.0,0.0,0
sample_13403.docx,10,66,0.0,0.0,60,0.0,0.0,0.0,0.0,0.0,0
sample_09764.docx,10,66,0.0,0.0,60,0.0,0.0,0.0,0.0,0.0,0
sample_19211.docx,10,66,0.0,0.0,60,0.0,0.0,0.0,0.0,0.0,0
sample_16623.docx,0,0,0.0,0.0,0,0.0,0.0,0.0,0.0,0.0,1
sample_19682.docx,10,66,0.0,0.0,60,0.0,0.0,0.0,0.0,0.0,0
sample_07659.docx,10,66,0.0,0.0,60,0.0,0.0,0.0,0.0,0.0,0
sample_16972.docx,9,100,1.0,1.0,94,3.0,1.0,1.0,1.0,5.0,1
sample_03076.docx,0,0,0.0,0.0,0,0.0,0.0,0.0,0.0,0.0,1
sample_12986.docx,10,66,0.0,0.0,60,0.0,0.0,0.0,0.0,0.0,0
sample_06684.docx,0,0,0.0,0.0,0,0.0,0.0,0.0,0.0,0.0,1
sample_09672.docx,9,66,1.0,1.0,60,3.0,1.0,1.0,1.0,5.0,1
sample_01291.docx,10,66,0.0,0.0,60,0.0,0.0,0.0,0.0,0.0,0
sample_09942.docx,10,66,0.0,0.0,60,0.0,0.0,0.0,0.0,0.0,0
sample_12066.docx,9,100,1.0,1.0,94,3.0,1.0,1.0,1.0,5.0,1
sample_16800.docx,9,66,1.0,1.0,60,3.0,1.0,1.0,1.0,5.0,1
sample_06724.docx,9,66,1.0,1.0,60,3.0,1.0,1.0,1.0,5.0,1
sample_08945.docx,9,100,1.0,1.0,94,3.0,1.0,1.0,1.0,5.0,1
sample_01098.docx,10,66,0.0,0.0,60,0.0,0.0,0.0,0.0,0.0,0
sample_16330.docx,9,100,1.0,1.0,94,3.0,1.0,1.0,1.0,5.0,1
sample_02349.docx,0,0,0.0,0.0,0,0.0,0.0,0.0,0.0,0.0,1
sample_01454.docx,0,0,0.0,0.0,0,0.0,0.0,0.0,0.0,0.0,1
sample_14717.docx,0,0,0.0,0.0,0,0.0,0.0,0.0,0.0,0.0,1
sample_15590.docx,10,66,0.0,0.0,60,0.0,0.0,0.0,0.0,0.0,0
sample_00345.docx,9,100,1.0,1.0,94,3.0,1.0,1.0,1.0,5.0,1
sample_10757.docx,0,0,0.0,0.0,0,0.0,0.0,0.0,0.0,0.0,1
sample_17272.docx,9,100,1.0,1.0,94,3.0,1.0,1.0,1.0,5.0,1
sample_00679.docx,10,66,0.0,0.0,60,0.0,0.0,0.0,0.0,0.0,0
sample_06093.docx,9,100,1.0,1.0,94,3.0,1.0,1.0,1.0,5.0,1
sample_03676.docx,10,66,0.0,0.0,60,0.0,0.0,0.0,0.0,0.0,0
sample_01958.docx,9,100,1.0,1.0,94,3.0,1.0,1.0,1.0,5.0,1
sample_00028.docx,9,66,1.0,1.0,60,3.0,1.0,1.0,1.0,5.0,1
sample_04584.docx,0,0,0.0,0.0,0,0.0,0.0,0.0,0.0,0.0,1
sample_01962.docx,10,66,0.0,0.0,60,0.0,0.0,0.0,0.0,0.0,0
sample_15286.docx,0,0,0.0,0.0,0,0.0,0.0,0.0,0.0,0.0,1
sample_11399.docx,0,0,0.0,0.0,0,0.0,0.0,0.0,0.0,0.0,1
sample_04899.docx,10,66,0.0,0.0,60,0.0,0.0,0.0,0.0,0.0,0
sample_19546.docx,0,0,0.0,0.0,0,0.0,0.0,0.0,0.0,0.0,1
sample_11544.docx,10,66,0.0,0.0,60,0.0,0.0,0.0,0.0,0.0,0
sample_17284.docx,10,66,0.0,0.0,60,0.0,0.0,0.0,0.0,0.0,0
sample_17088.docx,10,66,0.0,0.0,60,0.0,0.0,0.0,0.0,0.0,0
sample_04275.docx,9,66,1.0,1.0,60,3.0,1.0,1.0,1.0,5.0,1
sample_15405.docx,10,66,0.0,0.0,60,0.0,0.0,0.0,0.0,0.0,0
sample_12645.docx,10,66,0.0,0.0,60,0.0,0.0,0.0,0.0,0.0,0
sample_18579.docx,0,0,0.0,0.0,0,0.0,0.0,0.0,0.0,0.0,1
sample_13327.docx,10,66,0.0,0.0,60,0.0,0.0,0.0,0.0,0.0,0
sample_13800.docx,10,66,0.0,0.0,60,0.0,0.0,0.0,0.0,0.0,0
sample_19327.docx,0,0,0.0,0.0,0,0.0,0.0,0.0,0.0,0.0,1
sample_16008.docx,10,66,0.0,0.0,60,0.0,0.0,0.0,0.0,0.0,0
sample_02258.docx,0,0,0.0,0.0,0,0.0,0.0,0.0,0.0,0.0,1
sample_13235.docx,9,66,0.0,0.0,60,0.0,0.0,0.0,0.0,0.0,0
sample_16033.docx,10,66,0.0,0.0,60,0.0,0.0,0.0,0.0,0.0,0
sample_05776.docx,10,66,0.0,0.0,60,0.0,0.0,0.0,0.0,0.0,0
sample_06770.docx,0,0,0.0,0.0,0,0.0,0.0,0.0,0.0,0.0,1
sample_10977.docx,10,66,0.0,0.0,60,0.0,0.0,0.0,0.0,0.0,0
sample_03041.docx,9,100,1.0,1.0,94,3.0,1.0,1.0,1.0,5.0,1
sample_10494.docx,10,66,0.0,0.0,60,0.0,0.0,0.0,0.0,0.0,0
sample_02096.docx,0,0,0.0,0.0,0,0.0,0.0,0.0,0.0,0.0,1
sample_04027.docx,0,0,0.0,0.0,0,0.0,0.0,0.0,0.0,0.0,1
sample_18655.docx,0,0,0.0,0.0,0,0.0,0.0,0.0,0.0,0.0,1
sample_09896.docx,0,0,0.0,0.0,0,0.0,0.0,0.0,0.0,0.0,1
sample_17247.docx,10,66,0.0,0.0,60,0.0,0.0,0.0,0.0,0.0,0
sample_06386.docx,0,0,0.0,0.0,0,0.0,0.0,0.0,0.0,0.0,1
sample_14060.docx,9,66,1.0,1.0,60,3.0,1.0,1.0,1.0,5.0,1
sample_02351.docx,10,66,0.0,0.0,60,0.0,0.0,0.0,0.0,0.0,0
sample_13092.docx,10,66,0.0,0.0,60,0.0,0.0,0.0,0.0,0.0,0
sample_19129.docx,0,0,0.0,0.0,0,0.0,0.0,0.0,0.0,0.0,1
sample_07760.docx,0,0,0.0,0.0,0,0.0,0.0,0.0,0.0,0.0,1
sample_19467.docx,0,0,0.0,0.0,0,0.0,0.0,0.0,0.0,0.0,1
sample_07165.docx,0,0,0.0,0.0,0,0.0,0.0,0.0,0.0,0.0,1
sample_14987.docx,0,0,0.0,0.0,0,0.0,0.0,0.0,0.0,0.0,1
sample_05101.docx,10,66,0.0,0.0,60,0.0,0.0,0.0,0.0,0.0,0
sample_00208.docx,10,66,0.0,0.0,60,0.0,0.0,0.0,0.0,0.0,0
sample_10889.docx,0,0,0.0,0.0,0,0.0,0.0,0.0,0.0,0.0,1
sample_11295.docx,10,66,0.0,0.0,60,0.0,0.0,0.0,0.0,0.0,0
sample_08999.docx,0,0,0.0,0.0,0,0.0,0.0,0.0,0.0,0.0,1
sample_00220.docx,9,100,1.0,1.0,94,3.0,1.0,1.0,1.0,5.0,1
sample_03510.docx,10,66,0.0,0.0,60,0.0,0.0,0.0,0.0,0.0,0
sample_16127.docx,0,0,0.0,0.0,0,0.0,0.0,0.0,0.0,0.0,1
sample_15715.docx,0,0,0.0,0.0,0,0.0,0.0,0.0,0.0,0.0,1
sample_17684.docx,0,0,0.0,0.0,0,0.0,0.0,0.0,0.0,0.0,1
sample_02116.docx,9,100,1.0,1.0,94,3.0,1.0,1.0,1.0,5.0,1
sample_11857.docx,10,66,0.0,0.0,60,0.0,0.0,0.0,0.0,0.0,0
sample_14292.docx,0,0,0.0,0.0,0,0.0,0.0,0.0,0.0,0.0,1
sample_03468.docx,10,66,0.0,0.0,60,0.0,0.0,0.0,0.0,0.0,0
sample_10121.docx,9,100,1.0,1.0,94,3.0,1.0,1.0,1.0,5.0,1
sample_12601.docx,9,100,1.0,1.0,94,3.0,1.0,1.0,1.0,5.0,1
sample_10301.docx,0,0,0.0,0.0,0,0.0,0.0,0.0,0.0,0.0,1
sample_05096.docx,10,66,0.0,0.0,60,0.0,0.0,0.0,0.0,0.0,0
sample_07755.docx,10,66,0.0,0.0,60,0.0,0.0,0.0,0.0,0.0,0
sample_03115.docx,0,0,0.0,0.0,0,0.0,0.0,0.0,0.0,0.0,1
sample_03983.docx,10,66,0.0,0.0,60,0.0,0.0,0.0,0.0,0.0,0
sample_07973.docx,0,0,0.0,0.0,0,0.0,0.0,0.0,0.0,0.0,1
sample_19805.docx,10,66,0.0,0.0,60,0.0,0.0,0.0,0.0,0.0,0
sample_09339.docx,10,66,0.0,0.0,60,0.0,0.0,0.0,0.0,0.0,0
sample_09711.docx,10,66,0.0,0.0,60,0.0,0.0,0.0,0.0,0.0,0
sample_18319.docx,9,66,1.0,1.0,60,3.0,1.0,1.0,1.0,5.0,1
sample_07468.docx,9,66,0.0,0.0,60,0.0,0.0,0.0,0.0,0.0,0
sample_16237.docx,0,0,0.0,0.0,0,0.0,0.0,0.0,0.0,0.0,1
sample_16941.docx,10,66,0.0,0.0,60,0.0,0.0,0.0,0.0,0.0,0
sample_05553.docx,0,0,0.0,0.0,0,0.0,0.0,0.0,0.0,0.0,1
sample_19647.docx,10,66,0.0,0.0,60,0.0,0.0,0.0,0.0,0.0,0
sample_08388.docx,9,100,1.0,1.0,94,3.0,1.0,1.0,1.0,5.0,1
sample_04804.docx,10,66,0.0,0.0,60,0.0,0.0,0.0,0.0,0.0,0
sample_06720.docx,10,66,0.0,0.0,60,0.0,0.0,0.0,0.0,0.0,0
sample_11270.docx,10,66,0.0,0.0,60,0.0,0.0,0.0,0.0,0.0,0
sample_00112.docx,10,66,0.0,0.0,60,0.0,0.0,0.0,0.0,0.0,0
sample_03141.docx,10,66,0.0,0.0,60,0.0,0.0,0.0,0.0,0.0,0
sample_18728.docx,10,66,0.0,0.0,60,0.0,0.0,0.0,0.0,0.0,0
sample_00091.docx,10,66,0.0,0.0,60,0.0,0.0,0.0,0.0,0.0,0
sample_14415.docx,9,100,0.0,0.0,94,0.0,0.0,0.0,0.0,0.0,0
sample_13231.docx,0,0,0.0,0.0,0,0.0,0.0,0.0,0.0,0.0,1
sample_04774.docx,10,66,0.0,0.0,60,0.0,0.0,0.0,0.0,0.0,0
sample_16500.docx,10,66,0.0,0.0,60,0.0,0.0,0.0,0.0,0.0,0
sample_09422.docx,10,66,0.0,0.0,60,0.0,0.0,0.0,0.0,0.0,0
sample_07752.docx,10,66,0.0,0.0,60,0.0,0.0,0.0,0.0,0.0,0
sample_02024.docx,10,66,0.0,0.0,60,0.0,0.0,0.0,0.0,0.0,0
sample_05165.docx,9,100,1.0,1.0,94,3.0,1.0,1.0,1.0,5.0,1
sample_18988.docx,10,66,0.0,0.0,60,0.0,0.0,0.0,0.0,0.0,0
sample_18142.docx,9,100,1.0,1.0,94,3.0,1.0,1.0,1.0,5.0,1
sample_09179.docx,9,100,1.0,1.0,94,3.0,1.0,1.0,1.0,5.0,1
sample_01891.docx,0,0,0.0,0.0,0,0.0,0.0,0.0,0.0,0.0,1
sample_10662.docx,10,66,0.0,0.0,60,0.0,0.0,0.0,0.0,0.0,0
sample_08916.docx,10,66,0.0,0.0,60,0.0,0.0,0.0,0.0,0.0,0
sample_01872.docx,10,66,0.0,0.0,60,0.0,0.0,0.0,0.0,0.0,0
sample_05413.docx,9,100,1.0,1.0,94,3.0,1.0,1.0,1.0,5.0,1
sample_19218.docx,0,0,0.0,0.0,0,0.0,0.0,0.0,0.0,0.0,1
sample_16493.docx,0,0,0.0,0.0,0,0.0,0.0,0.0,0.0,0.0,1
sample_19425.docx,0,0,0.0,0.0,0,0.0,0.0,0.0,0.0,0.0,1
sample_03485.docx,9,100,1.0,1.0,94,3.0,1.0,1.0,1.0,5.0,1
sample_14368.docx,10,66,0.0,0.0,60,0.0,0.0,0.0,0.0,0.0,0
sample_04551.docx,10,66,0.0,0.0,60,0.0,0.0,0.0,0.0,0.0,0
sample_06040.docx,0,0,0.0,0.0,0,0.0,0.0,0.0,0.0,0.0,1
sample_03951.docx,0,0,0.0,0.0,0,0.0,0.0,0.0,0.0,0.0,1
sample_08420.docx,0,0,0.0,0.0,0,0.0,0.0,0.0,0.0,0.0,1
sample_15690.docx,10,66,0.0,0.0,60,0.0,0.0,0.0,0.0,0.0,0
sample_06367.docx,10,66,0.0,0.0,60,0.0,0.0,0.0,0.0,0.0,0
sample_07074.docx,10,66,0.0,0.0,60,0.0,0.0,0.0,0.0,0.0,0
sample_18220.docx,10,66,0.0,0.0,60,0.0,0.0,0.0,0.0,0.0,0
sample_11856.docx,0,0,0.0,0.0,0,0.0,0.0,0.0,0.0,0.0,1
sample_11319.docx,10,66,0.0,0.0,60,0.0,0.0,0.0,0.0,0.0,0
sample_12885.docx,0,0,0.0,0.0,0,0.0,0.0,0.0,0.0,0.0,1
sample_09690.docx,10,66,0.0,0.0,60,0.0,0.0,0.0,0.0,0.0,0
sample_06101.docx,0,0,0.0,0.0,0,0.0,0.0,0.0,0.0,0.0,1
sample_05749.docx,10,66,0.0,0.0,60,0.0,0.0,0.0,0.0,0.0,0
sample_00608.docx,10,66,0.0,0.0,60,0.0,0.0,0.0,0.0,0.0,0
sample_19924.docx,0,0,0.0,0.0,0,0.0,0.0,0.0,0.0,0.0,1
sample_00510.docx,10,66,0.0,0.0,60,0.0,0.0,0.0,0.0,0.0,0
sample_17155.docx,10,66,0.0,0.0,60,0.0,0.0,0.0,0.0,0.0,0
sample_12492.docx,10,66,0.0,0.0,60,0.0,0.0,0.0,0.0,0.0,0
sample_10947.docx,10,66,0.0,0.0,60,0.0,0.0,0.0,0.0,0.0,0
sample_02705.docx,10,66,0.0,0.0,60,0.0,0.0,0.0,0.0,0.0,0
sample_19086.docx,9,66,1.0,1.0,60,3.0,1.0,1.0,1.0,5.0,1
sample_08199.docx,10,66,0.0,0.0,60,0.0,0.0,0.0,0.0,0.0,0
sample_12557.docx,10,66,0.0,0.0,60,0.0,0.0,0.0,0.0,0.0,0
sample_00668.docx,0,0,0.0,0.0,0,0.0,0.0,0.0,0.0,0.0,1
sample_01110.docx,9,66,1.0,1.0,60,3.0,1.0,1.0,1.0,5.0,1
sample_18287.docx,10,66,0.0,0.0,60,0.0,0.0,0.0,0.0,0.0,0
sample_15237.docx,0,0,0.0,0.0,0,0.0,0.0,0.0,0.0,0.0,1
sample_05133.docx,10,66,0.0,0.0,60,0.0,0.0,0.0,0.0,0.0,0
sample_02936.docx,0,0,0.0,0.0,0,0.0,0.0,0.0,0.0,0.0,1
sample_02093.docx,0,0,0.0,0.0,0,0.0,0.0,0.0,0.0,0.0,1
sample_01680.docx,10,66,0.0,0.0,60,0.0,0.0,0.0,0.0,0.0,0
sample_09257.docx,10,66,0.0,0.0,60,0.0,0.0,0.0,0.0,0.0,0
sample_12812.docx,0,0,0.0,0.0,0,0.0,0.0,0.0,0.0,0.0,1
sample_00954.docx,10,66,0.0,0.0,60,0.0,0.0,0.0,0.0,0.0,0
sample_11528.docx,10,66,0.0,0.0,60,0.0,0.0,0.0,0.0,0.0,0
sample_11306.docx,0,0,0.0,0.0,0,0.0,0.0,0.0,0.0,0.0,1
sample_10407.docx,0,0,0.0,0.0,0,0.0,0.0,0.0,0.0,0.0,1
sample_13211.docx,0,0,0.0,0.0,0,0.0,0.0,0.0,0.0,0.0,1
sample_17981.docx,9,66,0.0,0.0,60,0.0,0.0,0.0,0.0,0.0,0
sample_06361.docx,0,0,0.0,0.0,0,0.0,0.0,0.0,0.0,0.0,1
sample_06300.docx,0,0,0.0,0.0,0,0.0,0.0,0.0,0.0,0.0,1
sample_07320.docx,10,66,0.0,0.0,60,0.0,0.0,0.0,0.0,0.0,0
sample_17698.docx,0,0,0.0,0.0,0,0.0,0.0,0.0,0.0,0.0,1
sample_05247.docx,9,100,1.0,1.0,94,3.0,1.0,1.0,1.0,5.0,1
sample_14096.docx,10,66,0.0,0.0,60,0.0,0.0,0.0,0.0,0.0,0
sample_13640.docx,10,66,0.0,0.0,60,0.0,0.0,0.0,0.0,0.0,0
sample_04172.docx,9,100,1.0,1.0,94,3.0,1.0,1.0,1.0,5.0,1
sample_08762.docx,9,100,1.0,1.0,94,3.0,1.0,1.0,1.0,5.0,1
sample_14207.docx,0,0,0.0,0.0,0,0.0,0.0,0.0,0.0,0.0,1
sample_13359.docx,11,64,0.0,0.0,58,0.0,0.0,0.0,0.0,0.0,0
sample_00710.docx,10,66,0.0,0.0,60,0.0,0.0,0.0,0.0,0.0,0
sample_05343.docx,10,66,0.0,0.0,60,0.0,0.0,0.0,0.0,0.0,0
sample_04223.docx,10,66,0.0,0.0,60,0.0,0.0,0.0,0.0,0.0,0
sample_11915.docx,9,100,1.0,1.0,94,3.0,1.0,1.0,1.0,5.0,1
sample_06950.docx,10,66,0.0,0.0,60,0.0,0.0,0.0,0.0,0.0,0
sample_04944.docx,9,100,1.0,1.0,94,3.0,1.0,1.0,1.0,5.0,1
sample_19562.docx,9,66,1.0,1.0,60,3.0,1.0,1.0,1.0,5.0,1
sample_08639.docx,9,100,1.0,1.0,94,3.0,1.0,1.0,1.0,5.0,1
sample_01893.docx,9,100,1.0,1.0,94,3.0,1.0,1.0,1.0,5.0,1
sample_07865.docx,0,0,0.0,0.0,0,0.0,0.0,0.0,0.0,0.0,1
sample_01678.docx,10,66,0.0,0.0,60,0.0,0.0,0.0,0.0,0.0,0
sample_03624.docx,10,66,0.0,0.0,60,0.0,0.0,0.0,0.0,0.0,0
sample_10135.docx,0,0,0.0,0.0,0,0.0,0.0,0.0,0.0,0.0,1
sample_11426.docx,10,66,0.0,0.0,60,0.0,0.0,0.0,0.0,0.0,0
sample_09157.docx,0,0,0.0,0.0,0,0.0,0.0,0.0,0.0,0.0,1
sample_02443.docx,10,66,0.0,0.0,60,0.0,0.0,0.0,0.0,0.0,0
sample_17416.docx,10,66,0.0,0.0,60,0.0,0.0,0.0,0.0,0.0,0
sample_10948.docx,10,66,0.0,0.0,60,0.0,0.0,0.0,0.0,0.0,0
sample_04922.docx,10,66,0.0,0.0,60,0.0,0.0,0.0,0.0,0.0,0
sample_16956.docx,9,100,1.0,1.0,94,3.0,1.0,1.0,1.0,5.0,1
sample_04560.docx,0,0,0.0,0.0,0,0.0,0.0,0.0,0.0,0.0,1
sample_06227.docx,0,0,0.0,0.0,0,0.0,0.0,0.0,0.0,0.0,1
sample_04013.docx,10,66,0.0,0.0,60,0.0,0.0,0.0,0.0,0.0,0
sample_01384.docx,10,66,0.0,0.0,60,0.0,0.0,0.0,0.0,0.0,0
sample_04240.docx,9,66,1.0,1.0,60,3.0,1.0,1.0,1.0,5.0,1
sample_02189.docx,0,0,0.0,0.0,0,0.0,0.0,0.0,0.0,0.0,1
sample_03559.docx,10,66,0.0,0.0,60,0.0,0.0,0.0,0.0,0.0,0
sample_16437.docx,0,0,0.0,0.0,0,0.0,0.0,0.0,0.0,0.0,1
sample_11546.docx,0,0,0.0,0.0,0,0.0,0.0,0.0,0.0,0.0,1
sample_05028.docx,10,66,0.0,0.0,60,0.0,0.0,0.0,0.0,0.0,0
sample_04453.docx,9,66,1.0,1.0,60,3.0,1.0,1.0,1.0,5.0,1
sample_10864.docx,10,66,0.0,0.0,60,0.0,0.0,0.0,0.0,0.0,0
sample_02046.docx,10,66,0.0,0.0,60,0.0,0.0,0.0,0.0,0.0,0
sample_06938.docx,0,0,0.0,0.0,0,0.0,0.0,0.0,0.0,0.0,1
sample_08662.docx,10,66,0.0,0.0,60,0.0,0.0,0.0,0.0,0.0,0
sample_02868.docx,10,66,0.0,0.0,60,0.0,0.0,0.0,0.0,0.0,0
sample_18362.docx,10,66,0.0,0.0,60,0.0,0.0,0.0,0.0,0.0,0
sample_10678.docx,10,66,0.0,0.0,60,0.0,0.0,0.0,0.0,0.0,0
sample_08080.docx,10,66,0.0,0.0,60,0.0,0.0,0.0,0.0,0.0,0
sample_16455.docx,10,66,0.0,0.0,60,0.0,0.0,0.0,0.0,0.0,0
sample_19867.docx,10,66,0.0,0.0,60,0.0,0.0,0.0,0.0,0.0,0
sample_17421.docx,10,66,0.0,0.0,60,0.0,0.0,0.0,0.0,0.0,0
sample_07015.docx,10,66,0.0,0.0,60,0.0,0.0,0.0,0.0,0.0,0
sample_08463.docx,0,0,0.0,0.0,0,0.0,0.0,0.0,0.0,0.0,1
sample_05036.docx,10,66,0.0,0.0,60,0.0,0.0,0.0,0.0,0.0,0
sample_14590.docx,0,0,0.0,0.0,0,0.0,0.0,0.0,0.0,0.0,1
sample_17023.docx,0,0,0.0,0.0,0,0.0,0.0,0.0,0.0,0.0,1
sample_10058.docx,0,66,0.0,0.0,60,0.0,0.0,0.0,0.0,0.0,0
sample_12208.docx,10,66,0.0,0.0,60,0.0,0.0,0.0,0.0,0.0,0
sample_19727.docx,0,0,0.0,0.0,0,0.0,0.0,0.0,0.0,0.0,1
sample_18504.docx,10,66,0.0,0.0,60,0.0,0.0,0.0,0.0,0.0,0
sample_09356.docx,0,0,0.0,0.0,0,0.0,0.0,0.0,0.0,0.0,1
sample_04820.docx,10,66,0.0,0.0,60,0.0,0.0,0.0,0.0,0.0,0
sample_15282.docx,10,66,0.0,0.0,60,0.0,0.0,0.0,0.0,0.0,0
sample_16410.docx,10,66,0.0,0.0,60,0.0,0.0,0.0,0.0,0.0,0
sample_12860.docx,10,66,0.0,0.0,60,0.0,0.0,0.0,0.0,0.0,0
sample_10503.docx,10,66,0.0,0.0,60,0.0,0.0,0.0,0.0,0.0,0
sample_09752.docx,9,100,1.0,1.0,94,3.0,1.0,1.0,1.0,5.0,1
sample_09485.docx,10,66,0.0,0.0,60,0.0,0.0,0.0,0.0,0.0,0
sample_05014.docx,0,0,0.0,0.0,0,0.0,0.0,0.0,0.0,0.0,1
sample_15227.docx,10,66,0.0,0.0,60,0.0,0.0,0.0,0.0,0.0,0
sample_19153.docx,10,66,0.0,0.0,60,0.0,0.0,0.0,0.0,0.0,0
sample_19954.docx,0,0,0.0,0.0,0,0.0,0.0,0.0,0.0,0.0,1
sample_14248.docx,9,100,1.0,1.0,94,3.0,1.0,1.0,1.0,5.0,1
sample_15194.docx,0,0,0.0,0.0,0,0.0,0.0,0.0,0.0,0.0,1
sample_19060.docx,10,66,0.0,0.0,60,0.0,0.0,0.0,0.0,0.0,0
sample_04095.docx,10,66,0.0,0.0,60,0.0,0.0,0.0,0.0,0.0,0
sample_15249.docx,0,0,0.0,0.0,0,0.0,0.0,0.0,0.0,0.0,1
sample_07467.docx,0,0,0.0,0.0,0,0.0,0.0,0.0,0.0,0.0,1
sample_11158.docx,9,100,1.0,1.0,94,3.0,1.0,1.0,1.0,5.0,1
sample_18092.docx,0,0,0.0,0.0,0,0.0,0.0,0.0,0.0,0.0,1
sample_17748.docx,9,100,1.0,1.0,94,3.0,1.0,1.0,1.0,5.0,1
sample_19212.docx,10,66,0.0,0.0,60,0.0,0.0,0.0,0.0,0.0,0
sample_14639.docx,10,66,0.0,0.0,60,0.0,0.0,0.0,0.0,0.0,0
sample_05506.docx,10,66,0.0,0.0,60,0.0,0.0,0.0,0.0,0.0,0
sample_04388.docx,10,66,0.0,0.0,60,0.0,0.0,0.0,0.0,0.0,0
sample_18905.docx,10,66,0.0,0.0,60,0.0,0.0,0.0,0.0,0.0,0
sample_01142.docx,10,66,0.0,0.0,60,0.0,0.0,0.0,0.0,0.0,0
sample_00038.docx,10,66,0.0,0.0,60,0.0,0.0,0.0,0.0,0.0,0
sample_02795.docx,0,0,0.0,0.0,0,0.0,0.0,0.0,0.0,0.0,1
sample_06027.docx,10,66,0.0,0.0,60,0.0,0.0,0.0,0.0,0.0,0
sample_07058.docx,10,66,0.0,0.0,60,0.0,0.0,0.0,0.0,0.0,0
sample_01588.docx,0,0,0.0,0.0,0,0.0,0.0,0.0,0.0,0.0,1
sample_16975.docx,0,0,0.0,0.0,0,0.0,0.0,0.0,0.0,0.0,1
sample_11100.docx,0,0,0.0,0.0,0,0.0,0.0,0.0,0.0,0.0,1
sample_17320.docx,10,66,0.0,0.0,60,0.0,0.0,0.0,0.0,0.0,0
sample_05784.docx,10,66,0.0,0.0,60,0.0,0.0,0.0,0.0,0.0,0
sample_08545.docx,10,66,0.0,0.0,60,0.0,0.0,0.0,0.0,0.0,0
sample_01560.docx,10,66,0.0,0.0,60,0.0,0.0,0.0,0.0,0.0,0
sample_04994.docx,10,66,0.0,0.0,60,0.0,0.0,0.0,0.0,0.0,0
sample_18432.docx,0,0,0.0,0.0,0,0.0,0.0,0.0,0.0,0.0,1
sample_06848.docx,10,66,0.0,0.0,60,0.0,0.0,0.0,0.0,0.0,0
sample_17376.docx,9,66,1.0,1.0,60,3.0,1.0,1.0,1.0,5.0,1
sample_18990.docx,10,66,0.0,0.0,60,0.0,0.0,0.0,0.0,0.0,0
sample_02135.docx,10,66,0.0,0.0,60,0.0,0.0,0.0,0.0,0.0,0
sample_19879.docx,10,66,0.0,0.0,60,0.0,0.0,0.0,0.0,0.0,0
sample_18959.docx,9,100,1.0,1.0,94,3.0,1.0,1.0,1.0,5.0,1
sample_13249.docx,10,66,0.0,0.0,60,0.0,0.0,0.0,0.0,0.0,0
sample_01527.docx,10,66,0.0,0.0,60,0.0,0.0,0.0,0.0,0.0,0
sample_05750.docx,10,66,0.0,0.0,60,0.0,0.0,0.0,0.0,0.0,0
sample_15303.docx,10,66,0.0,0.0,60,0.0,0.0,0.0,0.0,0.0,0
sample_00470.docx,9,100,1.0,1.0,94,3.0,1.0,1.0,1.0,5.0,1
sample_09804.docx,10,66,0.0,0.0,60,0.0,0.0,0.0,0.0,0.0,0
sample_08415.docx,10,66,0.0,0.0,60,0.0,0.0,0.0,0.0,0.0,0
sample_06475.docx,10,66,0.0,0.0,60,0.0,0.0,0.0,0.0,0.0,0
sample_02467.docx,10,66,0.0,0.0,60,0.0,0.0,0.0,0.0,0.0,0
sample_13399.docx,10,66,0.0,0.0,60,0.0,0.0,0.0,0.0,0.0,0
sample_01736.docx,9,100,1.0,1.0,94,3.0,1.0,1.0,1.0,5.0,1
sample_02990.docx,0,0,0.0,0.0,0,0.0,0.0,0.0,0.0,0.0,1
sample_19828.docx,9,100,1.0,1.0,94,3.0,1.0,1.0,1.0,5.0,1
sample_03113.docx,10,66,0.0,0.0,60,0.0,0.0,0.0,0.0,0.0,0
sample_12231.docx,0,0,0.0,0.0,0,0.0,0.0,0.0,0.0,0.0,1
sample_10995.docx,10,66,0.0,0.0,60,0.0,0.0,0.0,0.0,0.0,0
sample_16855.docx,0,0,0.0,0.0,0,0.0,0.0,0.0,0.0,0.0,1
sample_07138.docx,9,100,1.0,1.0,94,3.0,1.0,1.0,1.0,5.0,1
sample_06123.docx,10,66,0.0,0.0,60,0.0,0.0,0.0,0.0,0.0,0
sample_12858.docx,0,0,0.0,0.0,0,0.0,0.0,0.0,0.0,0.0,1
sample_05589.docx,0,0,0.0,0.0,0,0.0,0.0,0.0,0.0,0.0,1
sample_12963.docx,0,0,0.0,0.0,0,0.0,0.0,0.0,0.0,0.0,1
sample_02693.docx,10,66,0.0,0.0,60,0.0,0.0,0.0,0.0,0.0,0
sample_08619.docx,9,100,1.0,1.0,94,3.0,1.0,1.0,1.0,5.0,1
sample_08745.docx,10,66,0.0,0.0,60,0.0,0.0,0.0,0.0,0.0,0
sample_07896.docx,10,66,0.0,0.0,60,0.0,0.0,0.0,0.0,0.0,0
sample_06399.docx,10,66,0.0,0.0,60,0.0,0.0,0.0,0.0,0.0,0
sample_00023.docx,9,100,1.0,1.0,94,3.0,1.0,1.0,1.0,5.0,1
sample_18229.docx,10,66,0.0,0.0,60,0.0,0.0,0.0,0.0,0.0,0
sample_07357.docx,10,66,0.0,0.0,60,0.0,0.0,0.0,0.0,0.0,0
sample_17945.docx,10,66,0.0,0.0,60,0.0,0.0,0.0,0.0,0.0,0
sample_18534.docx,9,100,1.0,1.0,94,3.0,1.0,1.0,1.0,5.0,1
sample_00816.docx,9,100,1.0,1.0,94,3.0,1.0,1.0,1.0,5.0,1
sample_04274.docx,9,100,1.0,1.0,94,3.0,1.0,1.0,1.0,5.0,1
sample_06448.docx,10,66,0.0,0.0,60,0.0,0.0,0.0,0.0,0.0,0
sample_19397.docx,0,0,0.0,0.0,0,0.0,0.0,0.0,0.0,0.0,1
sample_13520.docx,10,66,0.0,0.0,60,0.0,0.0,0.0,0.0,0.0,0
sample_08305.docx,0,0,0.0,0.0,0,0.0,0.0,0.0,0.0,0.0,1
sample_19882.docx,0,0,0.0,0.0,0,0.0,0.0,0.0,0.0,0.0,1
sample_04208.docx,10,66,0.0,0.0,60,0.0,0.0,0.0,0.0,0.0,0
sample_08117.docx,9,100,1.0,1.0,94,3.0,1.0,1.0,1.0,5.0,1
sample_15242.docx,10,66,0.0,0.0,60,0.0,0.0,0.0,0.0,0.0,0
sample_07416.docx,10,66,0.0,0.0,60,0.0,0.0,0.0,0.0,0.0,0
sample_02019.docx,0,0,0.0,0.0,0,0.0,0.0,0.0,0.0,0.0,1
sample_17741.docx,0,0,0.0,0.0,0,0.0,0.0,0.0,0.0,0.0,1
sample_04010.docx,10,66,0.0,0.0,60,0.0,0.0,0.0,0.0,0.0,0
sample_04400.docx,9,100,1.0,1.0,94,3.0,1.0,1.0,1.0,5.0,1
sample_15372.docx,10,66,0.0,0.0,60,0.0,0.0,0.0,0.0,0.0,0
sample_03706.docx,9,100,1.0,1.0,94,3.0,1.0,1.0,1.0,5.0,1
sample_10684.docx,10,66,0.0,0.0,60,0.0,0.0,0.0,0.0,0.0,0
sample_09414.docx,10,66,0.0,0.0,60,0.0,0.0,0.0,0.0,0.0,0
sample_03681.docx,10,66,0.0,0.0,60,0.0,0.0,0.0,0.0,0.0,0
sample_13723.docx,0,0,0.0,0.0,0,0.0,0.0,0.0,0.0,0.0,1
sample_07688.docx,10,66,0.0,0.0,60,0.0,0.0,0.0,0.0,0.0,0
sample_09494.docx,0,0,0.0,0.0,0,0.0,0.0,0.0,0.0,0.0,1
sample_11324.docx,0,0,0.0,0.0,0,0.0,0.0,0.0,0.0,0.0,1
sample_03241.docx,0,0,0.0,0.0,0,0.0,0.0,0.0,0.0,0.0,1
sample_12538.docx,0,0,0.0,0.0,0,0.0,0.0,0.0,0.0,0.0,1
sample_06493.docx,10,66,0.0,0.0,60,0.0,0.0,0.0,0.0,0.0,0
sample_10604.docx,10,66,0.0,0.0,60,0.0,0.0,0.0,0.0,0.0,0
sample_11818.docx,10,66,0.0,0.0,60,0.0,0.0,0.0,0.0,0.0,0
sample_17262.docx,10,66,0.0,0.0,60,0.0,0.0,0.0,0.0,0.0,0
sample_02664.docx,10,66,0.0,0.0,60,0.0,0.0,0.0,0.0,0.0,0
sample_00708.docx,9,100,1.0,1.0,94,3.0,1.0,1.0,1.0,5.0,1
sample_09283.docx,10,66,0.0,0.0,60,0.0,0.0,0.0,0.0,0.0,0
sample_13917.docx,10,66,0.0,0.0,60,0.0,0.0,0.0,0.0,0.0,0
sample_19671.docx,10,66,0.0,0.0,60,0.0,0.0,0.0,0.0,0.0,0
sample_07496.docx,10,66,0.0,0.0,60,0.0,0.0,0.0,0.0,0.0,0
sample_01578.docx,9,100,1.0,1.0,94,3.0,1.0,1.0,1.0,5.0,1
sample_00654.docx,0,0,0.0,0.0,0,0.0,0.0,0.0,0.0,0.0,1
sample_15190.docx,10,66,0.0,0.0,60,0.0,0.0,0.0,0.0,0.0,0
sample_16830.docx,10,66,0.0,0.0,60,0.0,0.0,0.0,0.0,0.0,0
sample_06586.docx,9,66,0.0,0.0,60,0.0,0.0,0.0,0.0,0.0,0
sample_04934.docx,10,66,0.0,0.0,60,0.0,0.0,0.0,0.0,0.0,0
sample_05800.docx,9,100,1.0,1.0,94,3.0,1.0,1.0,1.0,5.0,1
sample_09548.docx,0,0,0.0,0.0,0,0.0,0.0,0.0,0.0,0.0,1
sample_07765.docx,0,0,0.0,0.0,0,0.0,0.0,0.0,0.0,0.0,1
sample_11608.docx,10,66,0.0,0.0,60,0.0,0.0,0.0,0.0,0.0,0
sample_07950.docx,10,66,0.0,0.0,60,0.0,0.0,0.0,0.0,0.0,0
sample_00092.docx,0,0,0.0,0.0,0,0.0,0.0,0.0,0.0,0.0,1
sample_00017.docx,9,66,1.0,1.0,60,3.0,1.0,1.0,1.0,5.0,1
sample_17448.docx,0,0,0.0,0.0,0,0.0,0.0,0.0,0.0,0.0,1
sample_08554.docx,10,66,0.0,0.0,60,0.0,0.0,0.0,0.0,0.0,0
sample_12443.docx,10,66,0.0,0.0,60,0.0,0.0,0.0,0.0,0.0,0
sample_01971.docx,10,66,0.0,0.0,60,0.0,0.0,0.0,0.0,0.0,0
sample_01094.docx,0,0,0.0,0.0,0,0.0,0.0,0.0,0.0,0.0,1
sample_10542.docx,10,66,0.0,0.0,60,0.0,0.0,0.0,0.0,0.0,0
sample_02333.docx,10,66,0.0,0.0,60,0.0,0.0,0.0,0.0,0.0,0
sample_08057.docx,0,0,0.0,0.0,0,0.0,0.0,0.0,0.0,0.0,1
sample_07931.docx,10,66,0.0,0.0,60,0.0,0.0,0.0,0.0,0.0,0
sample_11200.docx,0,0,0.0,0.0,0,0.0,0.0,0.0,0.0,0.0,1
sample_01188.docx,10,66,0.0,0.0,60,0.0,0.0,0.0,0.0,0.0,0
sample_09045.docx,0,0,0.0,0.0,0,0.0,0.0,0.0,0.0,0.0,1
sample_13870.docx,10,66,0.0,0.0,60,0.0,0.0,0.0,0.0,0.0,0
sample_00896.docx,9,66,1.0,1.0,60,3.0,1.0,1.0,1.0,5.0,1
sample_09927.docx,0,0,0.0,0.0,0,0.0,0.0,0.0,0.0,0.0,1
sample_19368.docx,10,66,0.0,0.0,60,0.0,0.0,0.0,0.0,0.0,0
sample_18898.docx,10,66,0.0,0.0,60,0.0,0.0,0.0,0.0,0.0,0
sample_18334.docx,10,66,0.0,0.0,60,0.0,0.0,0.0,0.0,0.0,0
sample_18297.docx,0,0,0.0,0.0,0,0.0,0.0,0.0,0.0,0.0,1
sample_06185.docx,10,66,0.0,0.0,60,0.0,0.0,0.0,0.0,0.0,0
sample_19109.docx,9,66,1.0,1.0,60,3.0,1.0,1.0,1.0,5.0,1
sample_05143.docx,9,100,1.0,1.0,94,3.0,1.0,1.0,1.0,5.0,1
sample_08519.docx,0,0,0.0,0.0,0,0.0,0.0,0.0,0.0,0.0,1
sample_00162.docx,10,66,0.0,0.0,60,0.0,0.0,0.0,0.0,0.0,0
sample_04434.docx,10,66,0.0,0.0,60,0.0,0.0,0.0,0.0,0.0,0
sample_07233.docx,10,66,0.0,0.0,60,0.0,0.0,0.0,0.0,0.0,0
sample_11458.docx,11,66,0.0,0.0,60,0.0,0.0,0.0,0.0,0.0,0
sample_02047.docx,10,66,0.0,0.0,60,0.0,0.0,0.0,0.0,0.0,0
sample_12277.docx,0,0,0.0,0.0,0,0.0,0.0,0.0,0.0,0.0,1
sample_01119.docx,9,100,1.0,1.0,94,3.0,1.0,1.0,1.0,5.0,1
sample_03573.docx,0,0,0.0,0.0,0,0.0,0.0,0.0,0.0,0.0,1
sample_14197.docx,0,0,0.0,0.0,0,0.0,0.0,0.0,0.0,0.0,1
sample_09145.docx,0,0,0.0,0.0,0,0.0,0.0,0.0,0.0,0.0,1
sample_19740.docx,0,0,0.0,0.0,0,0.0,0.0,0.0,0.0,0.0,1
sample_04626.docx,10,66,0.0,0.0,60,0.0,0.0,0.0,0.0,0.0,0
sample_08855.docx,10,66,0.0,0.0,60,0.0,0.0,0.0,0.0,0.0,0
sample_05682.docx,10,66,0.0,0.0,60,0.0,0.0,0.0,0.0,0.0,0
sample_16177.docx,10,66,0.0,0.0,60,0.0,0.0,0.0,0.0,0.0,0
sample_15103.docx,9,100,1.0,1.0,94,3.0,1.0,1.0,1.0,5.0,1
sample_10384.docx,0,0,0.0,0.0,0,0.0,0.0,0.0,0.0,0.0,1
sample_13621.docx,10,66,0.0,0.0,60,0.0,0.0,0.0,0.0,0.0,0
sample_02129.docx,10,66,0.0,0.0,60,0.0,0.0,0.0,0.0,0.0,0
sample_16567.docx,0,0,0.0,0.0,0,0.0,0.0,0.0,0.0,0.0,1
sample_04857.docx,10,66,0.0,0.0,60,0.0,0.0,0.0,0.0,0.0,0
sample_04758.docx,10,66,0.0,0.0,60,0.0,0.0,0.0,0.0,0.0,0
sample_17694.docx,10,66,0.0,0.0,60,0.0,0.0,0.0,0.0,0.0,0
sample_19014.docx,10,66,0.0,0.0,60,0.0,0.0,0.0,0.0,0.0,0
sample_06066.docx,10,66,0.0,0.0,60,0.0,0.0,0.0,0.0,0.0,0
sample_10103.docx,9,66,1.0,1.0,60,3.0,1.0,1.0,1.0,5.0,1
sample_14422.docx,9,100,1.0,1.0,94,3.0,1.0,1.0,1.0,5.0,1
sample_05415.docx,10,66,0.0,0.0,60,0.0,0.0,0.0,0.0,0.0,0
sample_12212.docx,10,66,0.0,0.0,60,0.0,0.0,0.0,0.0,0.0,0
sample_16860.docx,10,66,0.0,0.0,60,0.0,0.0,0.0,0.0,0.0,0
sample_03720.docx,10,66,0.0,0.0,60,0.0,0.0,0.0,0.0,0.0,0
sample_14667.docx,10,66,0.0,0.0,60,0.0,0.0,0.0,0.0,0.0,0
sample_02154.docx,10,66,0.0,0.0,60,0.0,0.0,0.0,0.0,0.0,0
sample_02899.docx,10,66,0.0,0.0,60,0.0,0.0,0.0,0.0,0.0,0
sample_13470.docx,0,0,0.0,0.0,0,0.0,0.0,0.0,0.0,0.0,1
sample_16111.docx,10,66,0.0,0.0,60,0.0,0.0,0.0,0.0,0.0,0
sample_08152.docx,10,66,0.0,0.0,60,0.0,0.0,0.0,0.0,0.0,0
sample_05956.docx,9,100,1.0,1.0,94,3.0,1.0,1.0,1.0,5.0,1
sample_16320.docx,9,100,1.0,1.0,94,3.0,1.0,1.0,1.0,5.0,1
sample_10020.docx,9,66,1.0,1.0,60,3.0,1.0,1.0,1.0,5.0,1
sample_05348.docx,10,66,0.0,0.0,60,0.0,0.0,0.0,0.0,0.0,0
sample_13840.docx,0,0,0.0,0.0,0,0.0,0.0,0.0,0.0,0.0,1
sample_03256.docx,9,100,1.0,1.0,94,3.0,1.0,1.0,1.0,5.0,1
sample_08898.docx,10,66,0.0,0.0,60,0.0,0.0,0.0,0.0,0.0,0
sample_05137.docx,10,66,0.0,0.0,60,0.0,0.0,0.0,0.0,0.0,0
sample_15268.docx,9,100,1.0,1.0,94,3.0,1.0,1.0,1.0,5.0,1
sample_18155.docx,9,66,1.0,1.0,60,3.0,1.0,1.0,1.0,5.0,1
sample_12052.docx,0,0,0.0,0.0,0,0.0,0.0,0.0,0.0,0.0,1
sample_08721.docx,10,66,0.0,0.0,60,0.0,0.0,0.0,0.0,0.0,0
sample_05129.docx,0,0,0.0,0.0,0,0.0,0.0,0.0,0.0,0.0,1
sample_04929.docx,0,0,0.0,0.0,0,0.0,0.0,0.0,0.0,0.0,1
sample_15994.docx,10,66,0.0,0.0,60,0.0,0.0,0.0,0.0,0.0,0
sample_18721.docx,9,66,1.0,1.0,60,3.0,1.0,1.0,1.0,5.0,1
sample_15216.docx,10,66,0.0,0.0,60,0.0,0.0,0.0,0.0,0.0,0
sample_07422.docx,0,0,0.0,0.0,0,0.0,0.0,0.0,0.0,0.0,1
sample_00727.docx,10,66,0.0,0.0,60,0.0,0.0,0.0,0.0,0.0,0
sample_19707.docx,0,0,0.0,0.0,0,0.0,0.0,0.0,0.0,0.0,1
sample_14239.docx,10,66,0.0,0.0,60,0.0,0.0,0.0,0.0,0.0,0
sample_17491.docx,10,66,0.0,0.0,60,0.0,0.0,0.0,0.0,0.0,0
sample_14416.docx,9,100,1.0,1.0,94,3.0,1.0,1.0,1.0,5.0,1
sample_14976.docx,9,66,0.0,0.0,60,0.0,0.0,0.0,0.0,0.0,0
sample_01105.docx,9,66,0.0,0.0,60,0.0,0.0,0.0,0.0,0.0,0
sample_07458.docx,0,0,0.0,0.0,0,0.0,0.0,0.0,0.0,0.0,1
sample_04868.docx,9,100,1.0,1.0,94,3.0,1.0,1.0,1.0,5.0,1
sample_16417.docx,0,0,0.0,0.0,0,0.0,0.0,0.0,0.0,0.0,1
sample_03179.docx,10,66,0.0,0.0,60,0.0,0.0,0.0,0.0,0.0,0
sample_16280.docx,10,66,0.0,0.0,60,0.0,0.0,0.0,0.0,0.0,0
sample_10296.docx,0,0,0.0,0.0,0,0.0,0.0,0.0,0.0,0.0,1
sample_05342.docx,9,100,0.0,0.0,94,0.0,0.0,0.0,0.0,0.0,0
sample_13067.docx,10,66,0.0,0.0,60,0.0,0.0,0.0,0.0,0.0,0
sample_03005.docx,0,0,0.0,0.0,0,0.0,0.0,0.0,0.0,0.0,1
sample_12314.docx,10,66,0.0,0.0,60,0.0,0.0,0.0,0.0,0.0,0
sample_03754.docx,9,66,1.0,1.0,60,3.0,1.0,1.0,1.0,5.0,1
sample_19670.docx,10,66,0.0,0.0,60,0.0,0.0,0.0,0.0,0.0,0
sample_06402.docx,0,0,0.0,0.0,0,0.0,0.0,0.0,0.0,0.0,1
sample_03886.docx,10,66,0.0,0.0,60,0.0,0.0,0.0,0.0,0.0,0
sample_12496.docx,0,0,0.0,0.0,0,0.0,0.0,0.0,0.0,0.0,1
sample_09285.docx,9,100,1.0,1.0,94,3.0,1.0,1.0,1.0,5.0,1
sample_18268.docx,0,0,0.0,0.0,0,0.0,0.0,0.0,0.0,0.0,1
sample_17819.docx,9,100,1.0,1.0,94,3.0,1.0,1.0,1.0,5.0,1
sample_01200.docx,10,66,0.0,0.0,60,0.0,0.0,0.0,0.0,0.0,0
sample_07856.docx,0,0,0.0,0.0,0,0.0,0.0,0.0,0.0,0.0,1
sample_18396.docx,0,0,0.0,0.0,0,0.0,0.0,0.0,0.0,0.0,1
sample_17767.docx,9,66,1.0,1.0,60,3.0,1.0,1.0,1.0,5.0,1
sample_16947.docx,10,66,0.0,0.0,60,0.0,0.0,0.0,0.0,0.0,0
sample_01713.docx,10,66,0.0,0.0,60,0.0,0.0,0.0,0.0,0.0,0
sample_07734.docx,10,66,0.0,0.0,60,0.0,0.0,0.0,0.0,0.0,0
sample_04886.docx,10,66,0.0,0.0,60,0.0,0.0,0.0,0.0,0.0,0
sample_02834.docx,10,66,0.0,0.0,60,0.0,0.0,0.0,0.0,0.0,0
sample_07555.docx,9,100,1.0,1.0,94,3.0,1.0,1.0,1.0,5.0,1
sample_17593.docx,0,0,0.0,0.0,0,0.0,0.0,0.0,0.0,0.0,1
sample_15631.docx,10,66,0.0,0.0,60,0.0,0.0,0.0,0.0,0.0,0
sample_00311.docx,0,0,0.0,0.0,0,0.0,0.0,0.0,0.0,0.0,1
sample_17339.docx,10,66,0.0,0.0,60,0.0,0.0,0.0,0.0,0.0,0
sample_13204.docx,10,66,0.0,0.0,60,0.0,0.0,0.0,0.0,0.0,0
sample_00576.docx,10,66,0.0,0.0,60,0.0,0.0,0.0,0.0,0.0,0
sample_15600.docx,9,100,1.0,1.0,94,3.0,1.0,1.0,1.0,5.0,1
sample_15450.docx,10,66,0.0,0.0,60,0.0,0.0,0.0,0.0,0.0,0
sample_13593.docx,10,66,0.0,0.0,60,0.0,0.0,0.0,0.0,0.0,0
sample_09743.docx,10,66,0.0,0.0,60,0.0,0.0,0.0,0.0,0.0,0
sample_04704.docx,9,66,1.0,1.0,60,3.0,1.0,1.0,1.0,5.0,1
sample_13594.docx,10,66,0.0,0.0,60,0.0,0.0,0.0,0.0,0.0,0
sample_09004.docx,0,0,0.0,0.0,0,0.0,0.0,0.0,0.0,0.0,1
sample_01570.docx,0,0,0.0,0.0,0,0.0,0.0,0.0,0.0,0.0,1
sample_07817.docx,10,66,0.0,0.0,60,0.0,0.0,0.0,0.0,0.0,0
sample_09064.docx,10,66,0.0,0.0,60,0.0,0.0,0.0,0.0,0.0,0
sample_16431.docx,10,66,0.0,0.0,60,0.0,0.0,0.0,0.0,0.0,0
sample_06120.docx,10,66,0.0,0.0,60,0.0,0.0,0.0,0.0,0.0,0
sample_12565.docx,0,0,0.0,0.0,0,0.0,0.0,0.0,0.0,0.0,1
sample_18729.docx,0,0,0.0,0.0,0,0.0,0.0,0.0,0.0,0.0,1
sample_03100.docx,10,66,0.0,0.0,60,0.0,0.0,0.0,0.0,0.0,0
sample_04362.docx,9,100,1.0,1.0,94,3.0,1.0,1.0,1.0,5.0,1
sample_15091.docx,0,0,0.0,0.0,0,0.0,0.0,0.0,0.0,0.0,1
sample_10115.docx,10,66,0.0,0.0,60,0.0,0.0,0.0,0.0,0.0,0
sample_08058.docx,9,66,0.0,0.0,60,0.0,0.0,0.0,0.0,0.0,0
sample_04980.docx,0,0,0.0,0.0,0,0.0,0.0,0.0,0.0,0.0,1
sample_08036.docx,10,66,0.0,0.0,60,0.0,0.0,0.0,0.0,0.0,0
sample_16867.docx,0,0,0.0,0.0,0,0.0,0.0,0.0,0.0,0.0,1
sample_14050.docx,0,0,0.0,0.0,0,0.0,0.0,0.0,0.0,0.0,1
sample_05281.docx,10,66,0.0,0.0,60,0.0,0.0,0.0,0.0,0.0,0
sample_18414.docx,10,66,0.0,0.0,60,0.0,0.0,0.0,0.0,0.0,0
sample_05121.docx,0,0,0.0,0.0,0,0.0,0.0,0.0,0.0,0.0,1
sample_13187.docx,10,66,0.0,0.0,60,0.0,0.0,0.0,0.0,0.0,0
sample_08828.docx,10,66,0.0,0.0,60,0.0,0.0,0.0,0.0,0.0,0
sample_06106.docx,0,0,0.0,0.0,0,0.0,0.0,0.0,0.0,0.0,1
sample_13499.docx,9,100,1.0,1.0,94,3.0,1.0,1.0,1.0,5.0,1
sample_01165.docx,10,66,0.0,0.0,60,0.0,0.0,0.0,0.0,0.0,0
sample_15010.docx,10,66,0.0,0.0,60,0.0,0.0,0.0,0.0,0.0,0
sample_08428.docx,10,66,0.0,0.0,60,0.0,0.0,0.0,0.0,0.0,0
sample_13960.docx,10,66,0.0,0.0,60,0.0,0.0,0.0,0.0,0.0,0
sample_08380.docx,10,66,0.0,0.0,60,0.0,0.0,0.0,0.0,0.0,0
sample_16486.docx,10,66,0.0,0.0,60,0.0,0.0,0.0,0.0,0.0,0
sample_15574.docx,10,66,0.0,0.0,60,0.0,0.0,0.0,0.0,0.0,0
sample_02913.docx,10,66,0.0,0.0,60,0.0,0.0,0.0,0.0,0.0,0
sample_19629.docx,10,66,0.0,0.0,60,0.0,0.0,0.0,0.0,0.0,0
sample_06922.docx,10,66,0.0,0.0,60,0.0,0.0,0.0,0.0,0.0,0
sample_19758.docx,0,0,0.0,0.0,0,0.0,0.0,0.0,0.0,0.0,1
sample_06285.docx,9,100,1.0,1.0,94,3.0,1.0,1.0,1.0,5.0,1
sample_17994.docx,10,66,0.0,0.0,60,0.0,0.0,0.0,0.0,0.0,0
sample_04236.docx,10,66,0.0,0.0,60,0.0,0.0,0.0,0.0,0.0,0
sample_13139.docx,0,0,0.0,0.0,0,0.0,0.0,0.0,0.0,0.0,1
sample_18606.docx,9,100,1.0,1.0,94,3.0,1.0,1.0,1.0,5.0,1
sample_03677.docx,0,0,0.0,0.0,0,0.0,0.0,0.0,0.0,0.0,1
sample_18743.docx,0,0,0.0,0.0,0,0.0,0.0,0.0,0.0,0.0,1
sample_07451.docx,10,66,0.0,0.0,60,0.0,0.0,0.0,0.0,0.0,0
sample_07592.docx,0,0,0.0,0.0,0,0.0,0.0,0.0,0.0,0.0,1
sample_18109.docx,10,66,0.0,0.0,60,0.0,0.0,0.0,0.0,0.0,0
sample_16249.docx,0,0,0.0,0.0,0,0.0,0.0,0.0,0.0,0.0,1
sample_03469.docx,10,66,0.0,0.0,60,0.0,0.0,0.0,0.0,0.0,0
sample_02519.docx,10,66,0.0,0.0,60,0.0,0.0,0.0,0.0,0.0,0
sample_01656.docx,0,0,0.0,0.0,0,0.0,0.0,0.0,0.0,0.0,1
sample_09012.docx,10,66,0.0,0.0,60,0.0,0.0,0.0,0.0,0.0,0
sample_14855.docx,11,64,0.0,0.0,58,0.0,0.0,0.0,0.0,0.0,0
sample_10636.docx,10,66,0.0,0.0,60,0.0,0.0,0.0,0.0,0.0,0
sample_08336.docx,9,100,1.0,1.0,94,3.0,1.0,1.0,1.0,5.0,1
sample_05385.docx,0,0,0.0,0.0,0,0.0,0.0,0.0,0.0,0.0,1
sample_17828.docx,0,0,0.0,0.0,0,0.0,0.0,0.0,0.0,0.0,1
sample_18876.docx,10,66,0.0,0.0,60,0.0,0.0,0.0,0.0,0.0,0
sample_06636.docx,9,100,1.0,1.0,94,3.0,1.0,1.0,1.0,5.0,1
sample_09573.docx,10,66,0.0,0.0,60,0.0,0.0,0.0,0.0,0.0,0
sample_03188.docx,0,0,0.0,0.0,0,0.0,0.0,0.0,0.0,0.0,1
sample_14767.docx,10,66,0.0,0.0,60,0.0,0.0,0.0,0.0,0.0,0
sample_15070.docx,0,0,0.0,0.0,0,0.0,0.0,0.0,0.0,0.0,1
sample_11633.docx,10,66,0.0,0.0,60,0.0,0.0,0.0,0.0,0.0,0
sample_13173.docx,9,66,1.0,1.0,60,3.0,1.0,1.0,1.0,5.0,1
sample_12274.docx,9,100,1.0,1.0,94,3.0,1.0,1.0,1.0,5.0,1
sample_00798.docx,10,66,0.0,0.0,60,0.0,0.0,0.0,0.0,0.0,0
sample_16459.docx,10,66,0.0,0.0,60,0.0,0.0,0.0,0.0,0.0,0
sample_10230.docx,9,66,1.0,1.0,60,3.0,1.0,1.0,1.0,5.0,1
sample_04974.docx,10,66,0.0,0.0,60,0.0,0.0,0.0,0.0,0.0,0
sample_05907.docx,9,66,1.0,1.0,60,3.0,1.0,1.0,1.0,5.0,1
sample_03547.docx,9,66,1.0,1.0,60,3.0,1.0,1.0,1.0,5.0,1
sample_18982.docx,10,66,0.0,0.0,60,0.0,0.0,0.0,0.0,0.0,0
sample_03682.docx,9,66,1.0,1.0,60,3.0,1.0,1.0,1.0,5.0,1
sample_08758.docx,0,0,0.0,0.0,0,0.0,0.0,0.0,0.0,0.0,1
sample_05000.docx,0,0,0.0,0.0,0,0.0,0.0,0.0,0.0,0.0,1
sample_18618.docx,10,66,0.0,0.0,60,0.0,0.0,0.0,0.0,0.0,0
sample_09195.docx,0,0,0.0,0.0,0,0.0,0.0,0.0,0.0,0.0,1
sample_14351.docx,9,100,1.0,1.0,94,3.0,1.0,1.0,1.0,5.0,1
sample_15489.docx,0,0,0.0,0.0,0,0.0,0.0,0.0,0.0,0.0,1
sample_09114.docx,9,66,0.0,0.0,60,0.0,0.0,0.0,0.0,0.0,0
sample_15046.docx,0,0,0.0,0.0,0,0.0,0.0,0.0,0.0,0.0,1
sample_03432.docx,10,66,0.0,0.0,60,0.0,0.0,0.0,0.0,0.0,0
sample_10488.docx,0,0,0.0,0.0,0,0.0,0.0,0.0,0.0,0.0,1
sample_00158.docx,9,66,1.0,1.0,60,3.0,1.0,1.0,1.0,5.0,1
sample_19669.docx,0,0,0.0,0.0,0,0.0,0.0,0.0,0.0,0.0,1
sample_14837.docx,10,66,0.0,0.0,60,0.0,0.0,0.0,0.0,0.0,0
sample_12023.docx,9,100,1.0,1.0,94,3.0,1.0,1.0,1.0,5.0,1
sample_16401.docx,0,0,0.0,0.0,0,0.0,0.0,0.0,0.0,0.0,1
sample_15974.docx,0,0,0.0,0.0,0,0.0,0.0,0.0,0.0,0.0,1
sample_09696.docx,10,66,0.0,0.0,60,0.0,0.0,0.0,0.0,0.0,0
sample_15175.docx,9,100,1.0,1.0,94,3.0,1.0,1.0,1.0,5.0,1
sample_06064.docx,9,100,1.0,1.0,94,3.0,1.0,1.0,1.0,5.0,1
sample_00166.docx,10,66,0.0,0.0,60,0.0,0.0,0.0,0.0,0.0,0
sample_16170.docx,9,100,1.0,1.0,94,3.0,1.0,1.0,1.0,5.0,1
sample_04018.docx,10,66,0.0,0.0,60,0.0,0.0,0.0,0.0,0.0,0
sample_02021.docx,10,66,0.0,0.0,60,0.0,0.0,0.0,0.0,0.0,0
sample_19938.docx,10,66,0.0,0.0,60,0.0,0.0,0.0,0.0,0.0,0
sample_07680.docx,10,66,0.0,0.0,60,0.0,0.0,0.0,0.0,0.0,0
sample_17011.docx,9,100,1.0,1.0,94,3.0,1.0,1.0,1.0,4.0,1
sample_03900.docx,10,66,0.0,0.0,60,0.0,0.0,0.0,0.0,0.0,0
sample_09862.docx,0,0,0.0,0.0,0,0.0,0.0,0.0,0.0,0.0,1
sample_11062.docx,10,66,0.0,0.0,60,0.0,0.0,0.0,0.0,0.0,0
sample_15071.docx,9,100,1.0,1.0,94,3.0,1.0,1.0,1.0,5.0,1
sample_09002.docx,9,66,1.0,1.0,60,3.0,1.0,1.0,1.0,5.0,1
sample_17025.docx,10,66,0.0,0.0,60,0.0,0.0,0.0,0.0,0.0,0
sample_09326.docx,9,100,1.0,1.0,94,3.0,1.0,1.0,1.0,5.0,1
sample_02532.docx,9,100,1.0,1.0,94,3.0,1.0,1.0,1.0,5.0,1
sample_10110.docx,0,0,0.0,0.0,0,0.0,0.0,0.0,0.0,0.0,1
sample_06464.docx,10,66,0.0,0.0,60,0.0,0.0,0.0,0.0,0.0,0
sample_04156.docx,10,66,0.0,0.0,60,0.0,0.0,0.0,0.0,0.0,0
sample_15840.docx,10,66,0.0,0.0,60,0.0,0.0,0.0,0.0,0.0,0
sample_13304.docx,9,100,1.0,1.0,94,3.0,1.0,1.0,1.0,5.0,1
sample_09873.docx,0,0,0.0,0.0,0,0.0,0.0,0.0,0.0,0.0,1
sample_14161.docx,0,0,0.0,0.0,0,0.0,0.0,0.0,0.0,0.0,1
sample_19717.docx,9,100,1.0,1.0,94,3.0,1.0,1.0,1.0,5.0,1
sample_10223.docx,10,66,0.0,0.0,60,0.0,0.0,0.0,0.0,0.0,0
sample_02692.docx,0,0,0.0,0.0,0,0.0,0.0,0.0,0.0,0.0,1
sample_11334.docx,10,66,0.0,0.0,60,0.0,0.0,0.0,0.0,0.0,0
sample_07631.docx,10,66,0.0,0.0,60,0.0,0.0,0.0,0.0,0.0,0
sample_14652.docx,0,0,0.0,0.0,0,0.0,0.0,0.0,0.0,0.0,1
sample_10551.docx,0,0,0.0,0.0,0,0.0,0.0,0.0,0.0,0.0,1
sample_01408.docx,9,66,0.0,0.0,60,0.0,0.0,0.0,0.0,0.0,0
sample_18086.docx,0,0,0.0,0.0,0,0.0,0.0,0.0,0.0,0.0,1
sample_17634.docx,0,0,0.0,0.0,0,0.0,0.0,0.0,0.0,0.0,1
sample_10526.docx,9,100,1.0,1.0,94,3.0,1.0,1.0,1.0,5.0,1
sample_02369.docx,0,0,0.0,0.0,0,0.0,0.0,0.0,0.0,0.0,1
sample_09457.docx,10,66,0.0,0.0,60,0.0,0.0,0.0,0.0,0.0,0
sample_10074.docx,10,66,0.0,0.0,60,0.0,0.0,0.0,0.0,0.0,0
sample_00638.docx,10,66,0.0,0.0,60,0.0,0.0,0.0,0.0,0.0,0
sample_10297.docx,9,100,1.0,1.0,94,3.0,1.0,1.0,1.0,5.0,1
sample_17663.docx,0,0,0.0,0.0,0,0.0,0.0,0.0,0.0,0.0,1
sample_10975.docx,9,66,1.0,1.0,60,3.0,1.0,1.0,1.0,5.0,1
sample_13735.docx,9,100,1.0,1.0,94,3.0,1.0,1.0,1.0,5.0,1
sample_03201.docx,10,66,0.0,0.0,60,0.0,0.0,0.0,0.0,0.0,0
sample_01146.docx,0,0,0.0,0.0,0,0.0,0.0,0.0,0.0,0.0,1
sample_05758.docx,0,0,0.0,0.0,0,0.0,0.0,0.0,0.0,0.0,1
sample_11603.docx,0,0,0.0,0.0,0,0.0,0.0,0.0,0.0,0.0,1
sample_05678.docx,10,66,0.0,0.0,60,0.0,0.0,0.0,0.0,0.0,0
sample_12823.docx,9,100,1.0,1.0,94,3.0,1.0,1.0,1.0,5.0,1
sample_06649.docx,0,0,0.0,0.0,0,0.0,0.0,0.0,0.0,0.0,1
sample_04490.docx,10,66,0.0,0.0,60,0.0,0.0,0.0,0.0,0.0,0
sample_12285.docx,0,0,0.0,0.0,0,0.0,0.0,0.0,0.0,0.0,1
sample_10434.docx,10,66,0.0,0.0,60,0.0,0.0,0.0,0.0,0.0,0
sample_17561.docx,0,0,0.0,0.0,0,0.0,0.0,0.0,0.0,0.0,1
sample_05372.docx,10,66,0.0,0.0,60,0.0,0.0,0.0,0.0,0.0,0
sample_04782.docx,9,100,1.0,1.0,94,3.0,1.0,1.0,1.0,5.0,1
sample_17153.docx,10,66,0.0,0.0,60,0.0,0.0,0.0,0.0,0.0,0
sample_14578.docx,0,0,0.0,0.0,0,0.0,0.0,0.0,0.0,0.0,1
sample_14729.docx,9,100,1.0,1.0,94,3.0,1.0,1.0,1.0,5.0,1
sample_17076.docx,0,0,0.0,0.0,0,0.0,0.0,0.0,0.0,0.0,1
sample_16659.docx,10,66,0.0,0.0,60,0.0,0.0,0.0,0.0,0.0,0
sample_07174.docx,10,66,0.0,0.0,60,0.0,0.0,0.0,0.0,0.0,0
sample_09161.docx,0,0,0.0,0.0,0,0.0,0.0,0.0,0.0,0.0,1
sample_04116.docx,10,66,0.0,0.0,60,0.0,0.0,0.0,0.0,0.0,0
sample_11165.docx,10,66,0.0,0.0,60,0.0,0.0,0.0,0.0,0.0,0
sample_01059.docx,10,66,0.0,0.0,60,0.0,0.0,0.0,0.0,0.0,0
sample_18878.docx,10,66,0.0,0.0,60,0.0,0.0,0.0,0.0,0.0,0
sample_16662.docx,0,0,0.0,0.0,0,0.0,0.0,0.0,0.0,0.0,1
sample_06915.docx,9,100,1.0,1.0,94,3.0,1.0,1.0,1.0,5.0,1
sample_16794.docx,0,0,0.0,0.0,0,0.0,0.0,0.0,0.0,0.0,1
sample_13685.docx,0,0,0.0,0.0,0,0.0,0.0,0.0,0.0,0.0,1
sample_09170.docx,10,66,0.0,0.0,60,0.0,0.0,0.0,0.0,0.0,0
sample_07867.docx,10,66,0.0,0.0,60,0.0,0.0,0.0,0.0,0.0,0
sample_10368.docx,10,66,0.0,0.0,60,0.0,0.0,0.0,0.0,0.0,0
sample_04513.docx,10,66,0.0,0.0,60,0.0,0.0,0.0,0.0,0.0,0
sample_08747.docx,10,66,0.0,0.0,60,0.0,0.0,0.0,0.0,0.0,0
sample_17969.docx,10,66,0.0,0.0,60,0.0,0.0,0.0,0.0,0.0,0
sample_00715.docx,11,64,0.0,0.0,58,0.0,0.0,0.0,0.0,0.0,0
sample_11326.docx,0,0,0.0,0.0,0,0.0,0.0,0.0,0.0,0.0,1
sample_12480.docx,9,100,1.0,1.0,94,3.0,1.0,1.0,1.0,5.0,1
sample_01381.docx,0,0,0.0,0.0,0,0.0,0.0,0.0,0.0,0.0,1
sample_10862.docx,10,66,0.0,0.0,60,0.0,0.0,0.0,0.0,0.0,0
sample_18250.docx,10,66,0.0,0.0,60,0.0,0.0,0.0,0.0,0.0,0
sample_14663.docx,10,66,0.0,0.0,60,0.0,0.0,0.0,0.0,0.0,0
sample_18467.docx,10,66,0.0,0.0,60,0.0,0.0,0.0,0.0,0.0,0
sample_13891.docx,10,66,0.0,0.0,60,0.0,0.0,0.0,0.0,0.0,0
sample_04530.docx,0,0,0.0,0.0,0,0.0,0.0,0.0,0.0,0.0,1
sample_06443.docx,10,66,0.0,0.0,60,0.0,0.0,0.0,0.0,0.0,0
sample_09335.docx,9,100,1.0,1.0,94,3.0,1.0,1.0,1.0,5.0,1
sample_09568.docx,9,100,1.0,1.0,94,3.0,1.0,1.0,1.0,5.0,1
sample_08069.docx,10,66,0.0,0.0,60,0.0,0.0,0.0,0.0,0.0,0
sample_05601.docx,10,66,0.0,0.0,60,0.0,0.0,0.0,0.0,0.0,0
sample_07756.docx,0,0,0.0,0.0,0,0.0,0.0,0.0,0.0,0.0,1
sample_07307.docx,10,66,0.0,0.0,60,0.0,0.0,0.0,0.0,0.0,0
sample_19851.docx,10,66,0.0,0.0,60,0.0,0.0,0.0,0.0,0.0,0
sample_04221.docx,0,0,0.0,0.0,0,0.0,0.0,0.0,0.0,0.0,1
sample_01502.docx,0,0,0.0,0.0,0,0.0,0.0,0.0,0.0,0.0,1
sample_11922.docx,10,66,0.0,0.0,60,0.0,0.0,0.0,0.0,0.0,0
sample_00175.docx,10,66,0.0,0.0,60,0.0,0.0,0.0,0.0,0.0,0
sample_02331.docx,10,66,0.0,0.0,60,0.0,0.0,0.0,0.0,0.0,0
sample_01020.docx,0,0,0.0,0.0,0,0.0,0.0,0.0,0.0,0.0,1
sample_07171.docx,9,100,1.0,1.0,94,3.0,1.0,1.0,1.0,5.0,1
sample_05436.docx,10,66,0.0,0.0,60,0.0,0.0,0.0,0.0,0.0,0
sample_18180.docx,0,0,0.0,0.0,0,0.0,0.0,0.0,0.0,0.0,1
sample_01835.docx,0,0,0.0,0.0,0,0.0,0.0,0.0,0.0,0.0,1
sample_14808.docx,9,100,1.0,1.0,94,3.0,1.0,1.0,1.0,5.0,1
sample_06740.docx,0,0,0.0,0.0,0,0.0,0.0,0.0,0.0,0.0,1
sample_15693.docx,0,0,0.0,0.0,0,0.0,0.0,0.0,0.0,0.0,1
sample_15537.docx,0,0,0.0,0.0,0,0.0,0.0,0.0,0.0,0.0,1
sample_03209.docx,9,100,1.0,1.0,94,3.0,1.0,1.0,1.0,5.0,1
sample_01761.docx,9,100,1.0,1.0,94,3.0,1.0,1.0,1.0,5.0,1
sample_12764.docx,10,66,0.0,0.0,60,0.0,0.0,0.0,0.0,0.0,0
sample_19247.docx,0,0,0.0,0.0,0,0.0,0.0,0.0,0.0,0.0,1
sample_08547.docx,0,0,0.0,0.0,0,0.0,0.0,0.0,0.0,0.0,1
sample_09211.docx,10,66,0.0,0.0,60,0.0,0.0,0.0,0.0,0.0,0
sample_19179.docx,10,66,0.0,0.0,60,0.0,0.0,0.0,0.0,0.0,0
sample_04330.docx,10,66,0.0,0.0,60,0.0,0.0,0.0,0.0,0.0,0
sample_07575.docx,9,100,1.0,1.0,94,3.0,1.0,1.0,1.0,5.0,1
sample_06426.docx,10,66,0.0,0.0,60,0.0,0.0,0.0,0.0,0.0,0
sample_19767.docx,10,66,0.0,0.0,60,0.0,0.0,0.0,0.0,0.0,0
sample_15418.docx,0,0,0.0,0.0,0,0.0,0.0,0.0,0.0,0.0,1
sample_14899.docx,9,100,1.0,1.0,94,3.0,1.0,1.0,1.0,5.0,1
sample_00703.docx,0,0,0.0,0.0,0,0.0,0.0,0.0,0.0,0.0,1
sample_09918.docx,0,0,0.0,0.0,0,0.0,0.0,0.0,0.0,0.0,1
sample_17441.docx,9,66,1.0,1.0,60,3.0,1.0,1.0,1.0,5.0,1
sample_10958.docx,0,0,0.0,0.0,0,0.0,0.0,0.0,0.0,0.0,1
sample_12541.docx,0,0,0.0,0.0,0,0.0,0.0,0.0,0.0,0.0,1
sample_04060.docx,10,66,0.0,0.0,60,0.0,0.0,0.0,0.0,0.0,0
sample_11664.docx,9,66,1.0,1.0,60,3.0,1.0,1.0,1.0,5.0,1
sample_04517.docx,0,0,0.0,0.0,0,0.0,0.0,0.0,0.0,0.0,1
sample_05331.docx,10,66,0.0,0.0,60,0.0,0.0,0.0,0.0,0.0,0
sample_19217.docx,0,0,0.0,0.0,0,0.0,0.0,0.0,0.0,0.0,1
sample_10385.docx,0,0,0.0,0.0,0,0.0,0.0,0.0,0.0,0.0,1
sample_18392.docx,10,66,0.0,0.0,60,0.0,0.0,0.0,0.0,0.0,0
sample_15536.docx,0,0,0.0,0.0,0,0.0,0.0,0.0,0.0,0.0,1
sample_00443.docx,0,0,0.0,0.0,0,0.0,0.0,0.0,0.0,0.0,1
sample_13166.docx,9,100,1.0,1.0,94,3.0,1.0,1.0,1.0,5.0,1
sample_07019.docx,9,100,1.0,1.0,94,3.0,1.0,1.0,1.0,5.0,1
sample_14168.docx,10,66,0.0,0.0,60,0.0,0.0,0.0,0.0,0.0,0
sample_03738.docx,9,100,1.0,1.0,94,3.0,1.0,1.0,1.0,5.0,1
sample_15949.docx,0,0,0.0,0.0,0,0.0,0.0,0.0,0.0,0.0,1
sample_17059.docx,9,100,1.0,1.0,94,3.0,1.0,1.0,1.0,5.0,1
sample_11341.docx,9,100,1.0,1.0,94,3.0,1.0,1.0,1.0,5.0,1
sample_08882.docx,9,100,1.0,1.0,94,3.0,1.0,1.0,1.0,5.0,1
sample_10320.docx,10,66,0.0,0.0,60,0.0,0.0,0.0,0.0,0.0,0
sample_15922.docx,0,0,0.0,0.0,0,0.0,0.0,0.0,0.0,0.0,1
sample_09948.docx,10,66,0.0,0.0,60,0.0,0.0,0.0,0.0,0.0,0
sample_06630.docx,0,0,0.0,0.0,0,0.0,0.0,0.0,0.0,0.0,1
sample_04129.docx,9,66,1.0,1.0,60,3.0,1.0,1.0,1.0,5.0,1
sample_06375.docx,10,66,0.0,0.0,60,0.0,0.0,0.0,0.0,0.0,0
sample_10753.docx,10,66,0.0,0.0,60,0.0,0.0,0.0,0.0,0.0,0
sample_06058.docx,10,66,0.0,0.0,60,0.0,0.0,0.0,0.0,0.0,0
sample_00262.docx,0,0,0.0,0.0,0,0.0,0.0,0.0,0.0,0.0,1
sample_15321.docx,0,0,0.0,0.0,0,0.0,0.0,0.0,0.0,0.0,1
sample_04183.docx,0,0,0.0,0.0,0,0.0,0.0,0.0,0.0,0.0,1
sample_03407.docx,9,100,1.0,1.0,94,3.0,1.0,1.0,1.0,5.0,1
sample_17921.docx,0,0,0.0,0.0,0,0.0,0.0,0.0,0.0,0.0,1
sample_19219.docx,9,66,1.0,1.0,60,3.0,1.0,1.0,1.0,5.0,1
sample_10473.docx,10,66,0.0,0.0,60,0.0,0.0,0.0,0.0,0.0,0
sample_04455.docx,0,0,0.0,0.0,0,0.0,0.0,0.0,0.0,0.0,1
sample_04850.docx,9,66,1.0,1.0,60,3.0,1.0,1.0,1.0,5.0,1
sample_13686.docx,10,66,0.0,0.0,60,0.0,0.0,0.0,0.0,0.0,0
sample_04413.docx,10,66,0.0,0.0,60,0.0,0.0,0.0,0.0,0.0,0
sample_08158.docx,0,66,0.0,0.0,60,0.0,0.0,0.0,0.0,0.0,0
sample_19752.docx,10,66,0.0,0.0,60,0.0,0.0,0.0,0.0,0.0,0
sample_09774.docx,10,66,0.0,0.0,60,0.0,0.0,0.0,0.0,0.0,0
sample_16751.docx,9,100,1.0,1.0,94,3.0,1.0,1.0,1.0,5.0,1
sample_12186.docx,11,66,0.0,0.0,60,0.0,0.0,0.0,0.0,0.0,0
sample_14083.docx,10,66,0.0,0.0,60,0.0,0.0,0.0,0.0,0.0,0
sample_05610.docx,0,0,0.0,0.0,0,0.0,0.0,0.0,0.0,0.0,1
sample_06444.docx,0,0,0.0,0.0,0,0.0,0.0,0.0,0.0,0.0,1
sample_03914.docx,10,66,0.0,0.0,60,0.0,0.0,0.0,0.0,0.0,0
sample_16337.docx,10,66,0.0,0.0,60,0.0,0.0,0.0,0.0,0.0,0
sample_05971.docx,0,0,0.0,0.0,0,0.0,0.0,0.0,0.0,0.0,1
sample_05520.docx,0,0,0.0,0.0,0,0.0,0.0,0.0,0.0,0.0,1
sample_07067.docx,10,66,0.0,0.0,60,0.0,0.0,0.0,0.0,0.0,0
sample_17817.docx,0,0,0.0,0.0,0,0.0,0.0,0.0,0.0,0.0,1
sample_14980.docx,0,0,0.0,0.0,0,0.0,0.0,0.0,0.0,0.0,1
sample_16287.docx,0,0,0.0,0.0,0,0.0,0.0,0.0,0.0,0.0,1
sample_02243.docx,10,66,0.0,0.0,60,0.0,0.0,0.0,0.0,0.0,0
sample_17402.docx,0,0,0.0,0.0,0,0.0,0.0,0.0,0.0,0.0,1
sample_15530.docx,10,66,0.0,0.0,60,0.0,0.0,0.0,0.0,0.0,0
sample_16832.docx,0,0,0.0,0.0,0,0.0,0.0,0.0,0.0,0.0,1
sample_05799.docx,0,0,0.0,0.0,0,0.0,0.0,0.0,0.0,0.0,1
sample_19831.docx,10,66,0.0,0.0,60,0.0,0.0,0.0,0.0,0.0,0
sample_17388.docx,10,66,0.0,0.0,60,0.0,0.0,0.0,0.0,0.0,0
sample_14276.docx,0,0,0.0,0.0,0,0.0,0.0,0.0,0.0,0.0,1
sample_02844.docx,0,0,0.0,0.0,0,0.0,0.0,0.0,0.0,0.0,1
sample_04260.docx,9,100,1.0,1.0,94,3.0,1.0,1.0,1.0,5.0,1
sample_14056.docx,0,0,0.0,0.0,0,0.0,0.0,0.0,0.0,0.0,1
sample_10949.docx,10,66,0.0,0.0,60,0.0,0.0,0.0,0.0,0.0,0
sample_09598.docx,10,66,0.0,0.0,60,0.0,0.0,0.0,0.0,0.0,0
sample_11436.docx,10,66,0.0,0.0,60,0.0,0.0,0.0,0.0,0.0,0
sample_07131.docx,10,66,0.0,0.0,60,0.0,0.0,0.0,0.0,0.0,0
sample_01205.docx,10,66,0.0,0.0,60,0.0,0.0,0.0,0.0,0.0,0
sample_19760.docx,0,0,0.0,0.0,0,0.0,0.0,0.0,0.0,0.0,1
sample_13008.docx,10,66,0.0,0.0,60,0.0,0.0,0.0,0.0,0.0,0
sample_07477.docx,0,0,0.0,0.0,0,0.0,0.0,0.0,0.0,0.0,1
sample_10466.docx,10,66,0.0,0.0,60,0.0,0.0,0.0,0.0,0.0,0
sample_12890.docx,10,66,0.0,0.0,60,0.0,0.0,0.0,0.0,0.0,0
sample_00612.docx,10,66,0.0,0.0,60,0.0,0.0,0.0,0.0,0.0,0
sample_03324.docx,10,66,0.0,0.0,60,0.0,0.0,0.0,0.0,0.0,0
sample_14692.docx,9,100,1.0,1.0,94,3.0,1.0,1.0,1.0,5.0,1
sample_03992.docx,10,66,0.0,0.0,60,0.0,0.0,0.0,0.0,0.0,0
sample_09264.docx,9,100,1.0,1.0,94,3.0,1.0,1.0,1.0,5.0,1
sample_14688.docx,9,100,1.0,1.0,94,3.0,1.0,1.0,1.0,5.0,1
sample_04251.docx,0,0,0.0,0.0,0,0.0,0.0,0.0,0.0,0.0,1
sample_12876.docx,0,0,0.0,0.0,0,0.0,0.0,0.0,0.0,0.0,1
sample_16286.docx,9,66,1.0,1.0,60,3.0,1.0,1.0,1.0,5.0,1
sample_07439.docx,0,0,0.0,0.0,0,0.0,0.0,0.0,0.0,0.0,1
sample_07119.docx,0,0,0.0,0.0,0,0.0,0.0,0.0,0.0,0.0,1
sample_06096.docx,11,64,0.0,0.0,58,0.0,0.0,0.0,0.0,0.0,0
sample_14852.docx,9,100,1.0,1.0,94,3.0,1.0,1.0,1.0,5.0,1
sample_05860.docx,10,66,0.0,0.0,60,0.0,0.0,0.0,0.0,0.0,0
sample_03174.docx,9,100,1.0,1.0,94,3.0,1.0,1.0,1.0,5.0,1
sample_00072.docx,9,66,0.0,0.0,60,0.0,0.0,0.0,0.0,0.0,0
sample_18486.docx,9,66,1.0,1.0,60,3.0,1.0,1.0,1.0,5.0,1
sample_08475.docx,9,100,1.0,1.0,94,3.0,1.0,1.0,1.0,5.0,1
sample_19821.docx,10,66,0.0,0.0,60,0.0,0.0,0.0,0.0,0.0,0
sample_17999.docx,9,66,0.0,0.0,60,0.0,0.0,0.0,0.0,0.0,0
sample_18235.docx,9,66,1.0,1.0,60,3.0,1.0,1.0,1.0,5.0,1
sample_14030.docx,0,0,0.0,0.0,0,0.0,0.0,0.0,0.0,0.0,1
sample_03338.docx,0,0,0.0,0.0,0,0.0,0.0,0.0,0.0,0.0,1
sample_03163.docx,10,66,0.0,0.0,60,0.0,0.0,0.0,0.0,0.0,0
sample_00994.docx,10,66,0.0,0.0,60,0.0,0.0,0.0,0.0,0.0,0
sample_19681.docx,10,66,0.0,0.0,60,0.0,0.0,0.0,0.0,0.0,0
sample_18766.docx,0,0,0.0,0.0,0,0.0,0.0,0.0,0.0,0.0,1
sample_15193.docx,0,0,0.0,0.0,0,0.0,0.0,0.0,0.0,0.0,1
sample_11594.docx,0,0,0.0,0.0,0,0.0,0.0,0.0,0.0,0.0,1
sample_19478.docx,11,66,0.0,0.0,60,0.0,0.0,0.0,0.0,0.0,0
sample_14331.docx,10,66,0.0,0.0,60,0.0,0.0,0.0,0.0,0.0,0
sample_11536.docx,10,66,0.0,0.0,60,0.0,0.0,0.0,0.0,0.0,0
sample_00943.docx,10,66,0.0,0.0,60,0.0,0.0,0.0,0.0,0.0,0
sample_18748.docx,10,66,0.0,0.0,60,0.0,0.0,0.0,0.0,0.0,0
sample_12768.docx,0,0,0.0,0.0,0,0.0,0.0,0.0,0.0,0.0,1
sample_10418.docx,9,66,1.0,1.0,60,3.0,1.0,1.0,1.0,5.0,1
sample_16543.docx,10,66,0.0,0.0,60,0.0,0.0,0.0,0.0,0.0,0
sample_07723.docx,10,66,0.0,0.0,60,0.0,0.0,0.0,0.0,0.0,0
sample_13682.docx,0,0,0.0,0.0,0,0.0,0.0,0.0,0.0,0.0,1
sample_13099.docx,10,66,0.0,0.0,60,0.0,0.0,0.0,0.0,0.0,0
sample_04187.docx,0,0,0.0,0.0,0,0.0,0.0,0.0,0.0,0.0,1
sample_08047.docx,0,0,0.0,0.0,0,0.0,0.0,0.0,0.0,0.0,1
sample_12003.docx,0,0,0.0,0.0,0,0.0,0.0,0.0,0.0,0.0,1
sample_14244.docx,0,0,0.0,0.0,0,0.0,0.0,0.0,0.0,0.0,1
sample_16553.docx,0,0,0.0,0.0,0,0.0,0.0,0.0,0.0,0.0,1
sample_04557.docx,9,100,1.0,1.0,94,3.0,1.0,1.0,1.0,5.0,1
sample_02528.docx,10,66,0.0,0.0,60,0.0,0.0,0.0,0.0,0.0,0
sample_02293.docx,9,100,1.0,1.0,94,3.0,1.0,1.0,1.0,5.0,1
sample_05705.docx,9,100,0.0,0.0,94,0.0,0.0,0.0,0.0,0.0,0
sample_08907.docx,0,0,0.0,0.0,0,0.0,0.0,0.0,0.0,0.0,1
sample_16555.docx,0,0,0.0,0.0,0,0.0,0.0,0.0,0.0,0.0,1
sample_06733.docx,10,66,0.0,0.0,60,0.0,0.0,0.0,0.0,0.0,0
sample_00174.docx,10,66,0.0,0.0,60,0.0,0.0,0.0,0.0,0.0,0
sample_08163.docx,10,66,0.0,0.0,60,0.0,0.0,0.0,0.0,0.0,0
sample_09601.docx,10,66,0.0,0.0,60,0.0,0.0,0.0,0.0,0.0,0
sample_18488.docx,10,66,0.0,0.0,60,0.0,0.0,0.0,0.0,0.0,0
sample_12587.docx,9,66,0.0,0.0,60,0.0,0.0,0.0,0.0,0.0,0
sample_04412.docx,10,66,0.0,0.0,60,0.0,0.0,0.0,0.0,0.0,0
sample_13479.docx,10,66,0.0,0.0,60,0.0,0.0,0.0,0.0,0.0,0
sample_13122.docx,10,66,0.0,0.0,60,0.0,0.0,0.0,0.0,0.0,0
sample_01163.docx,0,0,0.0,0.0,0,0.0,0.0,0.0,0.0,0.0,1
sample_12619.docx,10,66,0.0,0.0,60,0.0,0.0,0.0,0.0,0.0,0
sample_01599.docx,10,66,0.0,0.0,60,0.0,0.0,0.0,0.0,0.0,0
sample_04583.docx,9,100,1.0,1.0,94,3.0,1.0,1.0,1.0,5.0,1
sample_15164.docx,10,66,0.0,0.0,60,0.0,0.0,0.0,0.0,0.0,0
sample_08962.docx,9,100,1.0,1.0,94,3.0,1.0,1.0,1.0,5.0,1
sample_08557.docx,10,66,0.0,0.0,60,0.0,0.0,0.0,0.0,0.0,0
sample_12301.docx,10,66,0.0,0.0,60,0.0,0.0,0.0,0.0,0.0,0
sample_06722.docx,0,0,0.0,0.0,0,0.0,0.0,0.0,0.0,0.0,1
sample_13888.docx,9,66,1.0,1.0,60,3.0,1.0,1.0,1.0,5.0,1
sample_15424.docx,10,66,0.0,0.0,60,0.0,0.0,0.0,0.0,0.0,0
sample_02344.docx,10,66,0.0,0.0,60,0.0,0.0,0.0,0.0,0.0,0
sample_12816.docx,9,100,0.0,0.0,94,0.0,0.0,0.0,0.0,0.0,0
sample_17077.docx,0,0,0.0,0.0,0,0.0,0.0,0.0,0.0,0.0,1
sample_05519.docx,10,66,0.0,0.0,60,0.0,0.0,0.0,0.0,0.0,0
sample_14500.docx,0,0,0.0,0.0,0,0.0,0.0,0.0,0.0,0.0,1
sample_14279.docx,0,0,0.0,0.0,0,0.0,0.0,0.0,0.0,0.0,1
sample_05224.docx,10,66,0.0,0.0,60,0.0,0.0,0.0,0.0,0.0,0
sample_14196.docx,9,66,1.0,1.0,60,3.0,1.0,1.0,1.0,5.0,1
sample_01708.docx,10,66,0.0,0.0,60,0.0,0.0,0.0,0.0,0.0,0
sample_15810.docx,10,66,0.0,0.0,60,0.0,0.0,0.0,0.0,0.0,0
sample_12424.docx,10,66,0.0,0.0,60,0.0,0.0,0.0,0.0,0.0,0
sample_18480.docx,9,66,1.0,1.0,60,3.0,1.0,1.0,1.0,5.0,1
sample_08172.docx,10,66,0.0,0.0,60,0.0,0.0,0.0,0.0,0.0,0
sample_15308.docx,10,66,0.0,0.0,60,0.0,0.0,0.0,0.0,0.0,0
sample_12992.docx,0,0,0.0,0.0,0,0.0,0.0,0.0,0.0,0.0,1
sample_17567.docx,10,66,0.0,0.0,60,0.0,0.0,0.0,0.0,0.0,0
sample_15713.docx,0,0,0.0,0.0,0,0.0,0.0,0.0,0.0,0.0,1
sample_05598.docx,10,66,0.0,0.0,60,0.0,0.0,0.0,0.0,0.0,0
sample_03035.docx,9,100,1.0,1.0,94,3.0,1.0,1.0,1.0,5.0,1
sample_08827.docx,0,0,0.0,0.0,0,0.0,0.0,0.0,0.0,0.0,1
sample_00566.docx,10,66,0.0,0.0,60,0.0,0.0,0.0,0.0,0.0,0
sample_12519.docx,10,66,0.0,0.0,60,0.0,0.0,0.0,0.0,0.0,0
sample_14097.docx,9,66,1.0,1.0,60,3.0,1.0,1.0,1.0,5.0,1
sample_00874.docx,0,0,0.0,0.0,0,0.0,0.0,0.0,0.0,0.0,1
sample_03275.docx,10,66,0.0,0.0,60,0.0,0.0,0.0,0.0,0.0,0
sample_17781.docx,0,0,0.0,0.0,0,0.0,0.0,0.0,0.0,0.0,1
sample_10082.docx,10,66,0.0,0.0,60,0.0,0.0,0.0,0.0,0.0,0
sample_03297.docx,10,66,0.0,0.0,60,0.0,0.0,0.0,0.0,0.0,0
sample_08109.docx,0,0,0.0,0.0,0,0.0,0.0,0.0,0.0,0.0,1
sample_08017.docx,0,0,0.0,0.0,0,0.0,0.0,0.0,0.0,0.0,1
sample_04692.docx,10,66,0.0,0.0,60,0.0,0.0,0.0,0.0,0.0,0
sample_15768.docx,9,100,1.0,1.0,94,3.0,1.0,1.0,1.0,5.0,1
sample_00575.docx,10,66,0.0,0.0,60,0.0,0.0,0.0,0.0,0.0,0
sample_17460.docx,9,100,1.0,1.0,94,3.0,1.0,1.0,1.0,5.0,1
sample_10562.docx,9,100,1.0,1.0,94,3.0,1.0,1.0,1.0,5.0,1
sample_04006.docx,11,64,0.0,0.0,58,0.0,0.0,0.0,0.0,0.0,0
sample_18838.docx,0,0,0.0,0.0,0,0.0,0.0,0.0,0.0,0.0,1
sample_06813.docx,0,0,0.0,0.0,0,0.0,0.0,0.0,0.0,0.0,1
sample_15992.docx,0,0,0.0,0.0,0,0.0,0.0,0.0,0.0,0.0,1
sample_19454.docx,0,0,0.0,0.0,0,0.0,0.0,0.0,0.0,0.0,1
sample_11685.docx,10,66,0.0,0.0,60,0.0,0.0,0.0,0.0,0.0,0
sample_17415.docx,9,100,1.0,1.0,94,3.0,1.0,1.0,1.0,5.0,1
sample_12345.docx,0,0,0.0,0.0,0,0.0,0.0,0.0,0.0,0.0,1
sample_18453.docx,0,0,0.0,0.0,0,0.0,0.0,0.0,0.0,0.0,1
sample_01624.docx,10,66,0.0,0.0,60,0.0,0.0,0.0,0.0,0.0,0
sample_11460.docx,9,66,1.0,1.0,60,3.0,1.0,1.0,1.0,5.0,1
sample_00555.docx,11,64,0.0,0.0,58,0.0,0.0,0.0,0.0,0.0,0
sample_13196.docx,0,0,0.0,0.0,0,0.0,0.0,0.0,0.0,0.0,1
sample_05058.docx,11,66,0.0,0.0,60,0.0,0.0,0.0,0.0,0.0,0
sample_04803.docx,10,66,0.0,0.0,60,0.0,0.0,0.0,0.0,0.0,0
sample_09716.docx,0,0,0.0,0.0,0,0.0,0.0,0.0,0.0,0.0,1
sample_06197.docx,10,66,0.0,0.0,60,0.0,0.0,0.0,0.0,0.0,0
sample_16674.docx,10,66,0.0,0.0,60,0.0,0.0,0.0,0.0,0.0,0
sample_11264.docx,9,100,1.0,1.0,94,3.0,1.0,1.0,1.0,5.0,1
sample_03974.docx,10,66,0.0,0.0,60,0.0,0.0,0.0,0.0,0.0,0
sample_07926.docx,0,0,0.0,0.0,0,0.0,0.0,0.0,0.0,0.0,1
sample_08920.docx,9,100,1.0,1.0,94,3.0,1.0,1.0,1.0,5.0,1
sample_19286.docx,10,66,0.0,0.0,60,0.0,0.0,0.0,0.0,0.0,0
sample_16074.docx,0,0,0.0,0.0,0,0.0,0.0,0.0,0.0,0.0,1
sample_04671.docx,10,66,0.0,0.0,60,0.0,0.0,0.0,0.0,0.0,0
sample_03543.docx,10,66,0.0,0.0,60,0.0,0.0,0.0,0.0,0.0,0
sample_12073.docx,0,0,0.0,0.0,0,0.0,0.0,0.0,0.0,0.0,1
sample_16986.docx,9,100,1.0,1.0,94,3.0,1.0,1.0,1.0,5.0,1
sample_11629.docx,9,100,1.0,1.0,94,3.0,1.0,1.0,1.0,5.0,1
sample_06666.docx,10,66,0.0,0.0,60,0.0,0.0,0.0,0.0,0.0,0
sample_12676.docx,9,100,1.0,1.0,94,3.0,1.0,1.0,1.0,5.0,1
sample_11114.docx,10,66,0.0,0.0,60,0.0,0.0,0.0,0.0,0.0,0
sample_14685.docx,10,66,0.0,0.0,60,0.0,0.0,0.0,0.0,0.0,0
sample_10400.docx,0,0,0.0,0.0,0,0.0,0.0,0.0,0.0,0.0,1
sample_09539.docx,0,0,0.0,0.0,0,0.0,0.0,0.0,0.0,0.0,1
sample_00780.docx,10,66,0.0,0.0,60,0.0,0.0,0.0,0.0,0.0,0
sample_03354.docx,10,66,0.0,0.0,60,0.0,0.0,0.0,0.0,0.0,0
sample_11388.docx,10,66,0.0,0.0,60,0.0,0.0,0.0,0.0,0.0,0
sample_09809.docx,0,0,0.0,0.0,0,0.0,0.0,0.0,0.0,0.0,1
sample_02660.docx,0,0,0.0,0.0,0,0.0,0.0,0.0,0.0,0.0,1
sample_16877.docx,0,0,0.0,0.0,0,0.0,0.0,0.0,0.0,0.0,1
sample_04337.docx,10,66,0.0,0.0,60,0.0,0.0,0.0,0.0,0.0,0
sample_11732.docx,10,66,0.0,0.0,60,0.0,0.0,0.0,0.0,0.0,0
sample_07898.docx,10,66,0.0,0.0,60,0.0,0.0,0.0,0.0,0.0,0
sample_11206.docx,9,66,1.0,1.0,60,3.0,1.0,1.0,1.0,5.0,1
sample_07835.docx,10,66,0.0,0.0,60,0.0,0.0,0.0,0.0,0.0,0
sample_05825.docx,0,0,0.0,0.0,0,0.0,0.0,0.0,0.0,0.0,1
sample_13885.docx,10,66,0.0,0.0,60,0.0,0.0,0.0,0.0,0.0,0
sample_12278.docx,0,0,0.0,0.0,0,0.0,0.0,0.0,0.0,0.0,1
sample_04460.docx,9,100,1.0,1.0,94,3.0,1.0,1.0,1.0,5.0,1
sample_17256.docx,10,66,0.0,0.0,60,0.0,0.0,0.0,0.0,0.0,0
sample_09504.docx,10,66,0.0,0.0,60,0.0,0.0,0.0,0.0,0.0,0
sample_06561.docx,0,0,0.0,0.0,0,0.0,0.0,0.0,0.0,0.0,1
sample_02517.docx,10,66,0.0,0.0,60,0.0,0.0,0.0,0.0,0.0,0
sample_09183.docx,10,66,0.0,0.0,60,0.0,0.0,0.0,0.0,0.0,0
sample_14247.docx,0,0,0.0,0.0,0,0.0,0.0,0.0,0.0,0.0,1
sample_12263.docx,9,66,1.0,1.0,60,3.0,1.0,1.0,1.0,5.0,1
sample_16997.docx,10,66,0.0,0.0,60,0.0,0.0,0.0,0.0,0.0,0
sample_02401.docx,10,66,0.0,0.0,60,0.0,0.0,0.0,0.0,0.0,0
sample_10217.docx,10,66,0.0,0.0,60,0.0,0.0,0.0,0.0,0.0,0
sample_10556.docx,10,66,0.0,0.0,60,0.0,0.0,0.0,0.0,0.0,0
sample_10739.docx,9,66,1.0,1.0,60,3.0,1.0,1.0,1.0,5.0,1
sample_08960.docx,10,66,0.0,0.0,60,0.0,0.0,0.0,0.0,0.0,0
sample_10717.docx,9,100,1.0,1.0,94,3.0,1.0,1.0,1.0,5.0,1
sample_11693.docx,0,0,0.0,0.0,0,0.0,0.0,0.0,0.0,0.0,1
sample_10054.docx,10,66,0.0,0.0,60,0.0,0.0,0.0,0.0,0.0,0
sample_03315.docx,0,0,0.0,0.0,0,0.0,0.0,0.0,0.0,0.0,1
sample_11192.docx,10,66,0.0,0.0,60,0.0,0.0,0.0,0.0,0.0,0
sample_09424.docx,10,66,0.0,0.0,60,0.0,0.0,0.0,0.0,0.0,0
sample_09298.docx,10,66,0.0,0.0,60,0.0,0.0,0.0,0.0,0.0,0
sample_10159.docx,10,66,0.0,0.0,60,0.0,0.0,0.0,0.0,0.0,0
sample_04739.docx,10,66,0.0,0.0,60,0.0,0.0,0.0,0.0,0.0,0
sample_05320.docx,10,66,0.0,0.0,60,0.0,0.0,0.0,0.0,0.0,0
sample_09585.docx,9,66,1.0,1.0,60,3.0,1.0,1.0,1.0,5.0,1
sample_18189.docx,10,66,0.0,0.0,60,0.0,0.0,0.0,0.0,0.0,0
sample_04615.docx,0,0,0.0,0.0,0,0.0,0.0,0.0,0.0,0.0,1
sample_11092.docx,10,66,0.0,0.0,60,0.0,0.0,0.0,0.0,0.0,0
sample_03211.docx,10,66,0.0,0.0,60,0.0,0.0,0.0,0.0,0.0,0
sample_07716.docx,9,100,1.0,1.0,94,3.0,1.0,1.0,1.0,5.0,1
sample_18006.docx,0,0,0.0,0.0,0,0.0,0.0,0.0,0.0,0.0,1
sample_19772.docx,10,66,0.0,0.0,60,0.0,0.0,0.0,0.0,0.0,0
sample_13294.docx,10,66,0.0,0.0,60,0.0,0.0,0.0,0.0,0.0,0
sample_06981.docx,10,66,0.0,0.0,60,0.0,0.0,0.0,0.0,0.0,0
sample_03647.docx,10,66,0.0,0.0,60,0.0,0.0,0.0,0.0,0.0,0
sample_03433.docx,10,66,0.0,0.0,60,0.0,0.0,0.0,0.0,0.0,0
sample_18781.docx,0,66,0.0,0.0,60,0.0,0.0,0.0,0.0,0.0,0
sample_16677.docx,10,66,0.0,0.0,60,0.0,0.0,0.0,0.0,0.0,0
sample_04375.docx,9,100,1.0,1.0,94,3.0,1.0,1.0,1.0,5.0,1
sample_14402.docx,0,0,0.0,0.0,0,0.0,0.0,0.0,0.0,0.0,1
sample_07350.docx,10,66,0.0,0.0,60,0.0,0.0,0.0,0.0,0.0,0
sample_15850.docx,0,0,0.0,0.0,0,0.0,0.0,0.0,0.0,0.0,1
sample_18633.docx,0,0,0.0,0.0,0,0.0,0.0,0.0,0.0,0.0,1
sample_10206.docx,10,66,0.0,0.0,60,0.0,0.0,0.0,0.0,0.0,0
sample_10467.docx,10,66,0.0,0.0,60,0.0,0.0,0.0,0.0,0.0,0
sample_06977.docx,10,66,0.0,0.0,60,0.0,0.0,0.0,0.0,0.0,0
sample_01372.docx,10,66,0.0,0.0,60,0.0,0.0,0.0,0.0,0.0,0
sample_03408.docx,0,0,0.0,0.0,0,0.0,0.0,0.0,0.0,0.0,1
sample_01724.docx,10,66,0.0,0.0,60,0.0,0.0,0.0,0.0,0.0,0
sample_08605.docx,9,66,1.0,1.0,60,3.0,1.0,1.0,1.0,5.0,1
sample_14715.docx,10,66,0.0,0.0,60,0.0,0.0,0.0,0.0,0.0,0
sample_07071.docx,10,66,0.0,0.0,60,0.0,0.0,0.0,0.0,0.0,0
sample_01693.docx,0,0,0.0,0.0,0,0.0,0.0,0.0,0.0,0.0,1
sample_02183.docx,10,66,0.0,0.0,60,0.0,0.0,0.0,0.0,0.0,0
sample_13033.docx,0,0,0.0,0.0,0,0.0,0.0,0.0,0.0,0.0,1
sample_10531.docx,9,66,1.0,1.0,60,3.0,1.0,1.0,1.0,5.0,1
sample_08893.docx,10,66,0.0,0.0,60,0.0,0.0,0.0,0.0,0.0,0
sample_18369.docx,0,0,0.0,0.0,0,0.0,0.0,0.0,0.0,0.0,1
sample_09875.docx,0,0,0.0,0.0,0,0.0,0.0,0.0,0.0,0.0,1
sample_04457.docx,10,66,0.0,0.0,60,0.0,0.0,0.0,0.0,0.0,0
sample_05756.docx,0,0,0.0,0.0,0,0.0,0.0,0.0,0.0,0.0,1
sample_03010.docx,0,0,0.0,0.0,0,0.0,0.0,0.0,0.0,0.0,1
sample_16020.docx,0,0,0.0,0.0,0,0.0,0.0,0.0,0.0,0.0,1
sample_01148.docx,0,0,0.0,0.0,0,0.0,0.0,0.0,0.0,0.0,1
sample_14200.docx,0,0,0.0,0.0,0,0.0,0.0,0.0,0.0,0.0,1
sample_07978.docx,9,66,1.0,1.0,60,3.0,1.0,1.0,1.0,5.0,1
sample_01617.docx,10,66,0.0,0.0,60,0.0,0.0,0.0,0.0,0.0,0
sample_05834.docx,0,0,0.0,0.0,0,0.0,0.0,0.0,0.0,0.0,1
sample_02891.docx,10,66,0.0,0.0,60,0.0,0.0,0.0,0.0,0.0,0
sample_18442.docx,10,66,0.0,0.0,60,0.0,0.0,0.0,0.0,0.0,0
sample_05188.docx,10,66,0.0,0.0,60,0.0,0.0,0.0,0.0,0.0,0
sample_10626.docx,10,66,0.0,0.0,60,0.0,0.0,0.0,0.0,0.0,0
sample_11397.docx,9,66,1.0,1.0,60,3.0,1.0,1.0,1.0,5.0,1
sample_00543.docx,10,66,0.0,0.0,60,0.0,0.0,0.0,0.0,0.0,0
sample_04554.docx,10,66,0.0,0.0,60,0.0,0.0,0.0,0.0,0.0,0
sample_12046.docx,10,66,0.0,0.0,60,0.0,0.0,0.0,0.0,0.0,0
sample_07630.docx,10,66,0.0,0.0,60,0.0,0.0,0.0,0.0,0.0,0
sample_10953.docx,9,100,1.0,1.0,94,3.0,1.0,1.0,1.0,5.0,1
sample_06908.docx,10,66,0.0,0.0,60,0.0,0.0,0.0,0.0,0.0,0
sample_19122.docx,10,66,0.0,0.0,60,0.0,0.0,0.0,0.0,0.0,0
sample_09110.docx,10,66,0.0,0.0,60,0.0,0.0,0.0,0.0,0.0,0
sample_12062.docx,0,0,0.0,0.0,0,0.0,0.0,0.0,0.0,0.0,1
sample_06726.docx,0,0,0.0,0.0,0,0.0,0.0,0.0,0.0,0.0,1
sample_00619.docx,10,66,0.0,0.0,60,0.0,0.0,0.0,0.0,0.0,0
sample_11385.docx,0,0,0.0,0.0,0,0.0,0.0,0.0,0.0,0.0,1
sample_15649.docx,10,66,0.0,0.0,60,0.0,0.0,0.0,0.0,0.0,0
sample_13277.docx,0,0,0.0,0.0,0,0.0,0.0,0.0,0.0,0.0,1
sample_19197.docx,0,0,0.0,0.0,0,0.0,0.0,0.0,0.0,0.0,1
sample_05599.docx,0,0,0.0,0.0,0,0.0,0.0,0.0,0.0,0.0,1
sample_03816.docx,10,66,0.0,0.0,60,0.0,0.0,0.0,0.0,0.0,0
sample_12055.docx,0,0,0.0,0.0,0,0.0,0.0,0.0,0.0,0.0,1
sample_05040.docx,9,100,1.0,1.0,94,3.0,1.0,1.0,1.0,5.0,1
sample_08770.docx,10,66,0.0,0.0,60,0.0,0.0,0.0,0.0,0.0,0
sample_13700.docx,10,66,0.0,0.0,60,0.0,0.0,0.0,0.0,0.0,0
sample_02321.docx,10,66,0.0,0.0,60,0.0,0.0,0.0,0.0,0.0,0
sample_18308.docx,0,0,0.0,0.0,0,0.0,0.0,0.0,0.0,0.0,1
sample_08091.docx,10,66,0.0,0.0,60,0.0,0.0,0.0,0.0,0.0,0
sample_12750.docx,9,100,1.0,1.0,94,3.0,1.0,1.0,1.0,5.0,1
sample_03587.docx,0,0,0.0,0.0,0,0.0,0.0,0.0,0.0,0.0,1
sample_07232.docx,0,0,0.0,0.0,0,0.0,0.0,0.0,0.0,0.0,1
sample_16964.docx,10,66,0.0,0.0,60,0.0,0.0,0.0,0.0,0.0,0
sample_09040.docx,0,0,0.0,0.0,0,0.0,0.0,0.0,0.0,0.0,1
sample_15681.docx,10,66,0.0,0.0,60,0.0,0.0,0.0,0.0,0.0,0
sample_11190.docx,9,100,1.0,1.0,94,3.0,1.0,1.0,1.0,5.0,1
sample_05216.docx,0,0,0.0,0.0,0,0.0,0.0,0.0,0.0,0.0,1
sample_04737.docx,0,0,0.0,0.0,0,0.0,0.0,0.0,0.0,0.0,1
sample_00283.docx,10,66,0.0,0.0,60,0.0,0.0,0.0,0.0,0.0,0
sample_03381.docx,9,100,1.0,1.0,94,3.0,1.0,1.0,1.0,5.0,1
sample_09478.docx,10,66,0.0,0.0,60,0.0,0.0,0.0,0.0,0.0,0
sample_11425.docx,0,0,0.0,0.0,0,0.0,0.0,0.0,0.0,0.0,1
sample_06336.docx,0,0,0.0,0.0,0,0.0,0.0,0.0,0.0,0.0,1
sample_17988.docx,10,66,0.0,0.0,60,0.0,0.0,0.0,0.0,0.0,0
sample_03503.docx,10,66,0.0,0.0,60,0.0,0.0,0.0,0.0,0.0,0
sample_04553.docx,10,66,0.0,0.0,60,0.0,0.0,0.0,0.0,0.0,0
sample_04900.docx,0,0,0.0,0.0,0,0.0,0.0,0.0,0.0,0.0,1
sample_08315.docx,9,66,1.0,1.0,60,3.0,1.0,1.0,1.0,5.0,1
sample_16554.docx,0,0,0.0,0.0,0,0.0,0.0,0.0,0.0,0.0,1
sample_09778.docx,10,66,0.0,0.0,60,0.0,0.0,0.0,0.0,0.0,0
sample_18345.docx,10,66,0.0,0.0,60,0.0,0.0,0.0,0.0,0.0,0
sample_10893.docx,0,0,0.0,0.0,0,0.0,0.0,0.0,0.0,0.0,1
sample_04721.docx,10,66,0.0,0.0,60,0.0,0.0,0.0,0.0,0.0,0
sample_10822.docx,10,66,0.0,0.0,60,0.0,0.0,0.0,0.0,0.0,0
sample_15968.docx,10,66,0.0,0.0,60,0.0,0.0,0.0,0.0,0.0,0
sample_17524.docx,10,66,0.0,0.0,60,0.0,0.0,0.0,0.0,0.0,0
sample_16541.docx,0,0,0.0,0.0,0,0.0,0.0,0.0,0.0,0.0,1
sample_06811.docx,10,66,0.0,0.0,60,0.0,0.0,0.0,0.0,0.0,0
sample_08986.docx,0,0,0.0,0.0,0,0.0,0.0,0.0,0.0,0.0,1
sample_12583.docx,0,0,0.0,0.0,0,0.0,0.0,0.0,0.0,0.0,1
sample_02110.docx,10,66,0.0,0.0,60,0.0,0.0,0.0,0.0,0.0,0
sample_13837.docx,0,0,0.0,0.0,0,0.0,0.0,0.0,0.0,0.0,1
sample_14087.docx,10,66,0.0,0.0,60,0.0,0.0,0.0,0.0,0.0,0
sample_16052.docx,10,66,0.0,0.0,60,0.0,0.0,0.0,0.0,0.0,0
sample_16488.docx,10,66,0.0,0.0,60,0.0,0.0,0.0,0.0,0.0,0
sample_01076.docx,0,100,0.0,0.0,94,0.0,0.0,0.0,0.0,0.0,0
sample_05730.docx,9,66,1.0,1.0,60,3.0,1.0,1.0,1.0,5.0,1
sample_19258.docx,10,66,0.0,0.0,60,0.0,0.0,0.0,0.0,0.0,0
sample_00709.docx,11,66,0.0,0.0,60,0.0,0.0,0.0,0.0,0.0,0
sample_10284.docx,10,66,0.0,0.0,60,0.0,0.0,0.0,0.0,0.0,0
sample_14823.docx,0,0,0.0,0.0,0,0.0,0.0,0.0,0.0,0.0,1
sample_19781.docx,0,0,0.0,0.0,0,0.0,0.0,0.0,0.0,0.0,1
sample_05617.docx,10,66,0.0,0.0,60,0.0,0.0,0.0,0.0,0.0,0
sample_19458.docx,10,66,0.0,0.0,60,0.0,0.0,0.0,0.0,0.0,0
sample_01796.docx,0,0,0.0,0.0,0,0.0,0.0,0.0,0.0,0.0,1
sample_00728.docx,0,0,0.0,0.0,0,0.0,0.0,0.0,0.0,0.0,1
sample_14149.docx,0,0,0.0,0.0,0,0.0,0.0,0.0,0.0,0.0,1
sample_04927.docx,0,0,0.0,0.0,0,0.0,0.0,0.0,0.0,0.0,1
sample_11621.docx,10,66,0.0,0.0,60,0.0,0.0,0.0,0.0,0.0,0
sample_00832.docx,0,0,0.0,0.0,0,0.0,0.0,0.0,0.0,0.0,1
sample_06473.docx,9,100,1.0,1.0,94,3.0,1.0,1.0,1.0,5.0,1
sample_14011.docx,10,66,0.0,0.0,60,0.0,0.0,0.0,0.0,0.0,0
sample_16980.docx,0,0,0.0,0.0,0,0.0,0.0,0.0,0.0,0.0,1
sample_12421.docx,10,66,0.0,0.0,60,0.0,0.0,0.0,0.0,0.0,0
sample_10265.docx,9,100,1.0,1.0,94,3.0,1.0,1.0,1.0,5.0,1
sample_15397.docx,10,66,0.0,0.0,60,0.0,0.0,0.0,0.0,0.0,0
sample_00730.docx,0,0,0.0,0.0,0,0.0,0.0,0.0,0.0,0.0,1
sample_14496.docx,0,0,0.0,0.0,0,0.0,0.0,0.0,0.0,0.0,1
sample_16095.docx,0,0,0.0,0.0,0,0.0,0.0,0.0,0.0,0.0,1
sample_01003.docx,9,66,1.0,1.0,60,3.0,1.0,1.0,1.0,5.0,1
sample_01832.docx,10,66,0.0,0.0,60,0.0,0.0,0.0,0.0,0.0,0
sample_00073.docx,10,66,0.0,0.0,60,0.0,0.0,0.0,0.0,0.0,0
sample_08204.docx,10,66,0.0,0.0,60,0.0,0.0,0.0,0.0,0.0,0
sample_18259.docx,0,0,0.0,0.0,0,0.0,0.0,0.0,0.0,0.0,1
sample_13847.docx,0,0,0.0,0.0,0,0.0,0.0,0.0,0.0,0.0,1
sample_08326.docx,11,64,0.0,0.0,58,0.0,0.0,0.0,0.0,0.0,0
sample_02883.docx,10,66,0.0,0.0,60,0.0,0.0,0.0,0.0,0.0,0
sample_00502.docx,9,100,1.0,1.0,94,3.0,1.0,1.0,1.0,5.0,1
sample_06783.docx,10,66,0.0,0.0,60,0.0,0.0,0.0,0.0,0.0,0
sample_19789.docx,0,0,0.0,0.0,0,0.0,0.0,0.0,0.0,0.0,1
sample_04207.docx,0,0,0.0,0.0,0,0.0,0.0,0.0,0.0,0.0,1
sample_19997.docx,0,0,0.0,0.0,0,0.0,0.0,0.0,0.0,0.0,1
sample_12130.docx,9,66,1.0,1.0,60,3.0,1.0,1.0,1.0,5.0,1
sample_04058.docx,0,0,0.0,0.0,0,0.0,0.0,0.0,0.0,0.0,1
sample_07532.docx,10,66,0.0,0.0,60,0.0,0.0,0.0,0.0,0.0,0
sample_02799.docx,10,66,0.0,0.0,60,0.0,0.0,0.0,0.0,0.0,0
sample_05575.docx,10,66,0.0,0.0,60,0.0,0.0,0.0,0.0,0.0,0
sample_09589.docx,0,0,0.0,0.0,0,0.0,0.0,0.0,0.0,0.0,1
sample_07804.docx,10,66,0.0,0.0,60,0.0,0.0,0.0,0.0,0.0,0
sample_01555.docx,0,0,0.0,0.0,0,0.0,0.0,0.0,0.0,0.0,1
sample_13751.docx,9,100,1.0,1.0,94,3.0,1.0,1.0,1.0,5.0,1
sample_03197.docx,10,66,0.0,0.0,60,0.0,0.0,0.0,0.0,0.0,0
sample_08861.docx,9,100,1.0,1.0,94,3.0,1.0,1.0,1.0,5.0,1
sample_17217.docx,0,0,0.0,0.0,0,0.0,0.0,0.0,0.0,0.0,1
sample_15196.docx,9,100,1.0,1.0,94,3.0,1.0,1.0,1.0,5.0,1
sample_13791.docx,10,66,0.0,0.0,60,0.0,0.0,0.0,0.0,0.0,0
sample_01860.docx,0,0,0.0,0.0,0,0.0,0.0,0.0,0.0,0.0,1
sample_05632.docx,10,66,0.0,0.0,60,0.0,0.0,0.0,0.0,0.0,0
sample_10001.docx,10,66,0.0,0.0,60,0.0,0.0,0.0,0.0,0.0,0
sample_00601.docx,9,100,1.0,1.0,94,3.0,1.0,1.0,1.0,5.0,1
sample_17531.docx,0,0,0.0,0.0,0,0.0,0.0,0.0,0.0,0.0,1
sample_09729.docx,0,0,0.0,0.0,0,0.0,0.0,0.0,0.0,0.0,1
sample_06223.docx,0,0,0.0,0.0,0,0.0,0.0,0.0,0.0,0.0,1
sample_19178.docx,0,0,0.0,0.0,0,0.0,0.0,0.0,0.0,0.0,1
sample_07868.docx,0,0,0.0,0.0,0,0.0,0.0,0.0,0.0,0.0,1
sample_08879.docx,10,66,0.0,0.0,60,0.0,0.0,0.0,0.0,0.0,0
sample_11113.docx,0,0,0.0,0.0,0,0.0,0.0,0.0,0.0,0.0,1
sample_03799.docx,10,66,0.0,0.0,60,0.0,0.0,0.0,0.0,0.0,0
sample_07023.docx,10,66,0.0,0.0,60,0.0,0.0,0.0,0.0,0.0,0
sample_18749.docx,0,0,0.0,0.0,0,0.0,0.0,0.0,0.0,0.0,1
sample_14861.docx,0,0,0.0,0.0,0,0.0,0.0,0.0,0.0,0.0,1
sample_13066.docx,10,66,0.0,0.0,60,0.0,0.0,0.0,0.0,0.0,0
sample_05026.docx,11,66,0.0,0.0,60,0.0,0.0,0.0,0.0,0.0,0
sample_12300.docx,10,66,0.0,0.0,60,0.0,0.0,0.0,0.0,0.0,0
sample_11499.docx,9,100,1.0,1.0,94,3.0,1.0,1.0,1.0,5.0,1
sample_03853.docx,10,66,0.0,0.0,60,0.0,0.0,0.0,0.0,0.0,0
sample_12525.docx,0,0,0.0,0.0,0,0.0,0.0,0.0,0.0,0.0,1
sample_01380.docx,0,0,0.0,0.0,0,0.0,0.0,0.0,0.0,0.0,1
sample_13159.docx,9,66,1.0,1.0,60,3.0,1.0,1.0,1.0,5.0,1
sample_19753.docx,10,66,0.0,0.0,60,0.0,0.0,0.0,0.0,0.0,0
sample_10670.docx,10,66,0.0,0.0,60,0.0,0.0,0.0,0.0,0.0,0
sample_02833.docx,10,66,0.0,0.0,60,0.0,0.0,0.0,0.0,0.0,0
sample_10813.docx,0,0,0.0,0.0,0,0.0,0.0,0.0,0.0,0.0,1
sample_14289.docx,0,0,0.0,0.0,0,0.0,0.0,0.0,0.0,0.0,1
sample_01426.docx,0,0,0.0,0.0,0,0.0,0.0,0.0,0.0,0.0,1
sample_12878.docx,10,66,0.0,0.0,60,0.0,0.0,0.0,0.0,0.0,0
sample_09009.docx,10,66,0.0,0.0,60,0.0,0.0,0.0,0.0,0.0,0
sample_07459.docx,0,0,0.0,0.0,0,0.0,0.0,0.0,0.0,0.0,1
sample_09299.docx,0,0,0.0,0.0,0,0.0,0.0,0.0,0.0,0.0,1
sample_09840.docx,10,66,0.0,0.0,60,0.0,0.0,0.0,0.0,0.0,0
sample_15726.docx,0,0,0.0,0.0,0,0.0,0.0,0.0,0.0,0.0,1
sample_11815.docx,10,66,0.0,0.0,60,0.0,0.0,0.0,0.0,0.0,0
sample_17132.docx,10,66,0.0,0.0,60,0.0,0.0,0.0,0.0,0.0,0
sample_00348.docx,9,100,1.0,1.0,94,3.0,1.0,1.0,1.0,5.0,1
sample_07100.docx,0,0,0.0,0.0,0,0.0,0.0,0.0,0.0,0.0,1
sample_02518.docx,0,0,0.0,0.0,0,0.0,0.0,0.0,0.0,0.0,1
sample_02539.docx,0,0,0.0,0.0,0,0.0,0.0,0.0,0.0,0.0,1
sample_12200.docx,0,0,0.0,0.0,0,0.0,0.0,0.0,0.0,0.0,1
sample_09454.docx,9,100,1.0,1.0,94,3.0,1.0,1.0,1.0,5.0,1
sample_16772.docx,9,100,1.0,1.0,94,3.0,1.0,1.0,1.0,5.0,1
sample_01004.docx,0,0,0.0,0.0,0,0.0,0.0,0.0,0.0,0.0,1
sample_08264.docx,0,0,0.0,0.0,0,0.0,0.0,0.0,0.0,0.0,1
sample_13107.docx,0,0,0.0,0.0,0,0.0,0.0,0.0,0.0,0.0,1
sample_06043.docx,0,0,0.0,0.0,0,0.0,0.0,0.0,0.0,0.0,1
sample_04432.docx,10,66,0.0,0.0,60,0.0,0.0,0.0,0.0,0.0,0
sample_14100.docx,10,66,0.0,0.0,60,0.0,0.0,0.0,0.0,0.0,0
sample_12166.docx,10,66,0.0,0.0,60,0.0,0.0,0.0,0.0,0.0,0
sample_17598.docx,10,66,0.0,0.0,60,0.0,0.0,0.0,0.0,0.0,0
sample_12753.docx,9,100,1.0,1.0,94,3.0,1.0,1.0,1.0,5.0,1
sample_14711.docx,10,66,0.0,0.0,60,0.0,0.0,0.0,0.0,0.0,0
sample_14405.docx,0,0,0.0,0.0,0,0.0,0.0,0.0,0.0,0.0,1
sample_07784.docx,10,66,0.0,0.0,60,0.0,0.0,0.0,0.0,0.0,0
sample_08878.docx,10,66,0.0,0.0,60,0.0,0.0,0.0,0.0,0.0,0
sample_19169.docx,9,100,1.0,1.0,94,3.0,1.0,1.0,1.0,5.0,1
sample_10069.docx,9,66,1.0,1.0,60,3.0,1.0,1.0,1.0,5.0,1
sample_11533.docx,9,66,1.0,1.0,60,3.0,1.0,1.0,1.0,5.0,1
sample_15223.docx,10,66,0.0,0.0,60,0.0,0.0,0.0,0.0,0.0,0
sample_12392.docx,10,66,0.0,0.0,60,0.0,0.0,0.0,0.0,0.0,0
sample_15596.docx,0,0,0.0,0.0,0,0.0,0.0,0.0,0.0,0.0,1
sample_00867.docx,10,66,0.0,0.0,60,0.0,0.0,0.0,0.0,0.0,0
sample_13425.docx,10,66,0.0,0.0,60,0.0,0.0,0.0,0.0,0.0,0
sample_03332.docx,10,66,0.0,0.0,60,0.0,0.0,0.0,0.0,0.0,0
sample_09983.docx,10,66,0.0,0.0,60,0.0,0.0,0.0,0.0,0.0,0
sample_01186.docx,10,66,0.0,0.0,60,0.0,0.0,0.0,0.0,0.0,0
sample_01219.docx,10,66,0.0,0.0,60,0.0,0.0,0.0,0.0,0.0,0
sample_04749.docx,0,0,0.0,0.0,0,0.0,0.0,0.0,0.0,0.0,1
sample_16380.docx,11,64,0.0,0.0,58,0.0,0.0,0.0,0.0,0.0,0
sample_06394.docx,10,66,0.0,0.0,60,0.0,0.0,0.0,0.0,0.0,0
sample_07900.docx,0,0,0.0,0.0,0,0.0,0.0,0.0,0.0,0.0,1
sample_10438.docx,0,0,0.0,0.0,0,0.0,0.0,0.0,0.0,0.0,1
sample_15446.docx,9,100,1.0,1.0,94,3.0,1.0,1.0,1.0,5.0,1
sample_10866.docx,10,66,0.0,0.0,60,0.0,0.0,0.0,0.0,0.0,0
sample_14996.docx,0,0,0.0,0.0,0,0.0,0.0,0.0,0.0,0.0,1
sample_16620.docx,0,0,0.0,0.0,0,0.0,0.0,0.0,0.0,0.0,1
sample_17494.docx,0,0,0.0,0.0,0,0.0,0.0,0.0,0.0,0.0,1
sample_08185.docx,0,0,0.0,0.0,0,0.0,0.0,0.0,0.0,0.0,1
sample_18085.docx,9,100,0.0,0.0,94,0.0,0.0,0.0,0.0,0.0,0
sample_02843.docx,10,66,0.0,0.0,60,0.0,0.0,0.0,0.0,0.0,0
sample_03462.docx,0,0,0.0,0.0,0,0.0,0.0,0.0,0.0,0.0,1
sample_12898.docx,10,66,0.0,0.0,60,0.0,0.0,0.0,0.0,0.0,0
sample_01632.docx,9,100,1.0,1.0,94,3.0,1.0,1.0,1.0,5.0,1
sample_09358.docx,10,66,0.0,0.0,60,0.0,0.0,0.0,0.0,0.0,0
sample_06311.docx,0,0,0.0,0.0,0,0.0,0.0,0.0,0.0,0.0,1
sample_05122.docx,0,0,0.0,0.0,0,0.0,0.0,0.0,0.0,0.0,1
sample_12573.docx,9,66,1.0,1.0,60,3.0,1.0,1.0,1.0,5.0,1
sample_08144.docx,10,66,0.0,0.0,60,0.0,0.0,0.0,0.0,0.0,0
sample_02322.docx,10,66,0.0,0.0,60,0.0,0.0,0.0,0.0,0.0,0
sample_05595.docx,0,0,0.0,0.0,0,0.0,0.0,0.0,0.0,0.0,1
sample_03166.docx,10,66,0.0,0.0,60,0.0,0.0,0.0,0.0,0.0,0
sample_08508.docx,9,66,1.0,1.0,60,3.0,1.0,1.0,1.0,5.0,1
sample_14912.docx,10,66,0.0,0.0,60,0.0,0.0,0.0,0.0,0.0,0
sample_19227.docx,0,0,0.0,0.0,0,0.0,0.0,0.0,0.0,0.0,1
sample_02137.docx,10,66,0.0,0.0,60,0.0,0.0,0.0,0.0,0.0,0
sample_12559.docx,9,100,1.0,1.0,94,3.0,1.0,1.0,1.0,5.0,1
sample_12389.docx,9,100,1.0,1.0,94,3.0,1.0,1.0,1.0,5.0,1
sample_09352.docx,10,66,0.0,0.0,60,0.0,0.0,0.0,0.0,0.0,0
sample_17900.docx,10,66,0.0,0.0,60,0.0,0.0,0.0,0.0,0.0,0
sample_08443.docx,10,66,0.0,0.0,60,0.0,0.0,0.0,0.0,0.0,0
sample_08251.docx,0,0,0.0,0.0,0,0.0,0.0,0.0,0.0,0.0,1
sample_16314.docx,10,66,0.0,0.0,60,0.0,0.0,0.0,0.0,0.0,0
sample_00676.docx,10,66,0.0,0.0,60,0.0,0.0,0.0,0.0,0.0,0
sample_05202.docx,10,66,0.0,0.0,60,0.0,0.0,0.0,0.0,0.0,0
sample_05192.docx,10,66,0.0,0.0,60,0.0,0.0,0.0,0.0,0.0,0
sample_12861.docx,0,0,0.0,0.0,0,0.0,0.0,0.0,0.0,0.0,1
sample_00607.docx,9,66,1.0,1.0,60,3.0,1.0,1.0,1.0,5.0,1
sample_13195.docx,10,66,0.0,0.0,60,0.0,0.0,0.0,0.0,0.0,0
sample_03596.docx,0,0,0.0,0.0,0,0.0,0.0,0.0,0.0,0.0,1
sample_17337.docx,10,66,0.0,0.0,60,0.0,0.0,0.0,0.0,0.0,0
sample_08189.docx,10,66,0.0,0.0,60,0.0,0.0,0.0,0.0,0.0,0
sample_00390.docx,10,66,0.0,0.0,60,0.0,0.0,0.0,0.0,0.0,0
sample_12996.docx,9,100,1.0,1.0,94,3.0,1.0,1.0,1.0,5.0,1
sample_07508.docx,0,0,0.0,0.0,0,0.0,0.0,0.0,0.0,0.0,1
sample_02896.docx,11,66,0.0,0.0,60,0.0,0.0,0.0,0.0,0.0,0
sample_12439.docx,9,100,1.0,1.0,94,3.0,1.0,1.0,1.0,5.0,1
sample_08604.docx,10,66,0.0,0.0,60,0.0,0.0,0.0,0.0,0.0,0
sample_09246.docx,10,66,0.0,0.0,60,0.0,0.0,0.0,0.0,0.0,0
sample_04311.docx,10,66,0.0,0.0,60,0.0,0.0,0.0,0.0,0.0,0
sample_17017.docx,0,0,0.0,0.0,0,0.0,0.0,0.0,0.0,0.0,1
sample_11746.docx,10,66,0.0,0.0,60,0.0,0.0,0.0,0.0,0.0,0
sample_03341.docx,10,66,0.0,0.0,60,0.0,0.0,0.0,0.0,0.0,0
sample_06187.docx,0,0,0.0,0.0,0,0.0,0.0,0.0,0.0,0.0,1
sample_15206.docx,10,66,0.0,0.0,60,0.0,0.0,0.0,0.0,0.0,0
sample_10915.docx,10,66,0.0,0.0,60,0.0,0.0,0.0,0.0,0.0,0
sample_12853.docx,9,100,1.0,1.0,94,3.0,1.0,1.0,1.0,5.0,1
sample_07498.docx,10,66,0.0,0.0,60,0.0,0.0,0.0,0.0,0.0,0
sample_15986.docx,10,66,0.0,0.0,60,0.0,0.0,0.0,0.0,0.0,0
sample_15217.docx,10,66,0.0,0.0,60,0.0,0.0,0.0,0.0,0.0,0
sample_07838.docx,10,66,0.0,0.0,60,0.0,0.0,0.0,0.0,0.0,0
sample_13002.docx,9,66,1.0,1.0,60,3.0,1.0,1.0,1.0,5.0,1
sample_14939.docx,9,100,1.0,1.0,94,3.0,1.0,1.0,1.0,5.0,1
sample_17719.docx,0,0,0.0,0.0,0,0.0,0.0,0.0,0.0,0.0,1
sample_07050.docx,9,66,1.0,1.0,60,3.0,1.0,1.0,1.0,5.0,1
sample_18956.docx,0,0,0.0,0.0,0,0.0,0.0,0.0,0.0,0.0,1
sample_00677.docx,10,66,0.0,0.0,60,0.0,0.0,0.0,0.0,0.0,0
sample_18389.docx,10,66,0.0,0.0,60,0.0,0.0,0.0,0.0,0.0,0
sample_06065.docx,10,66,0.0,0.0,60,0.0,0.0,0.0,0.0,0.0,0
sample_09922.docx,10,66,0.0,0.0,60,0.0,0.0,0.0,0.0,0.0,0
sample_17274.docx,10,66,0.0,0.0,60,0.0,0.0,0.0,0.0,0.0,0
sample_05142.docx,10,66,0.0,0.0,60,0.0,0.0,0.0,0.0,0.0,0
sample_01562.docx,9,100,1.0,1.0,94,3.0,1.0,1.0,1.0,5.0,1
sample_10748.docx,9,100,1.0,1.0,94,3.0,1.0,1.0,1.0,5.0,1
sample_11135.docx,10,66,0.0,0.0,60,0.0,0.0,0.0,0.0,0.0,0
sample_13280.docx,0,0,0.0,0.0,0,0.0,0.0,0.0,0.0,0.0,1
sample_08542.docx,10,66,0.0,0.0,60,0.0,0.0,0.0,0.0,0.0,0
sample_13168.docx,10,66,0.0,0.0,60,0.0,0.0,0.0,0.0,0.0,0
sample_09466.docx,9,100,0.0,0.0,94,0.0,0.0,0.0,0.0,0.0,0
sample_16444.docx,10,66,0.0,0.0,60,0.0,0.0,0.0,0.0,0.0,0
sample_10754.docx,9,66,1.0,1.0,60,3.0,1.0,1.0,1.0,5.0,1
sample_00517.docx,0,0,0.0,0.0,0,0.0,0.0,0.0,0.0,0.0,1
sample_04220.docx,10,66,0.0,0.0,60,0.0,0.0,0.0,0.0,0.0,0
sample_10828.docx,10,66,0.0,0.0,60,0.0,0.0,0.0,0.0,0.0,0
sample_14886.docx,10,66,0.0,0.0,60,0.0,0.0,0.0,0.0,0.0,0
sample_02223.docx,9,100,1.0,1.0,94,3.0,1.0,1.0,1.0,5.0,1
sample_19845.docx,0,0,0.0,0.0,0,0.0,0.0,0.0,0.0,0.0,1
sample_12654.docx,10,66,0.0,0.0,60,0.0,0.0,0.0,0.0,0.0,0
sample_07704.docx,10,66,0.0,0.0,60,0.0,0.0,0.0,0.0,0.0,0
sample_15148.docx,9,100,0.0,0.0,94,0.0,0.0,0.0,0.0,0.0,0
sample_03680.docx,0,0,0.0,0.0,0,0.0,0.0,0.0,0.0,0.0,1
sample_11433.docx,10,66,0.0,0.0,60,0.0,0.0,0.0,0.0,0.0,0
sample_02951.docx,10,66,0.0,0.0,60,0.0,0.0,0.0,0.0,0.0,0
sample_17429.docx,9,66,1.0,1.0,60,3.0,1.0,1.0,1.0,5.0,1
sample_11249.docx,10,66,0.0,0.0,60,0.0,0.0,0.0,0.0,0.0,0
sample_12881.docx,0,0,0.0,0.0,0,0.0,0.0,0.0,0.0,0.0,1
sample_18445.docx,10,66,0.0,0.0,60,0.0,0.0,0.0,0.0,0.0,0
sample_15114.docx,10,66,0.0,0.0,60,0.0,0.0,0.0,0.0,0.0,0
sample_15191.docx,0,0,0.0,0.0,0,0.0,0.0,0.0,0.0,0.0,1
sample_15987.docx,10,66,0.0,0.0,60,0.0,0.0,0.0,0.0,0.0,0
sample_16268.docx,9,100,1.0,1.0,94,3.0,1.0,1.0,1.0,5.0,1
sample_05431.docx,0,0,0.0,0.0,0,0.0,0.0,0.0,0.0,0.0,1
sample_17800.docx,10,66,0.0,0.0,60,0.0,0.0,0.0,0.0,0.0,0
sample_04767.docx,10,66,0.0,0.0,60,0.0,0.0,0.0,0.0,0.0,0
sample_08009.docx,0,0,0.0,0.0,0,0.0,0.0,0.0,0.0,0.0,1
sample_09848.docx,10,66,0.0,0.0,60,0.0,0.0,0.0,0.0,0.0,0
sample_18394.docx,9,66,1.0,1.0,60,3.0,1.0,1.0,1.0,5.0,1
sample_16188.docx,0,0,0.0,0.0,0,0.0,0.0,0.0,0.0,0.0,1
sample_04826.docx,9,66,1.0,1.0,60,3.0,1.0,1.0,1.0,5.0,1
sample_15412.docx,10,66,0.0,0.0,60,0.0,0.0,0.0,0.0,0.0,0
sample_19889.docx,10,66,0.0,0.0,60,0.0,0.0,0.0,0.0,0.0,0
sample_19575.docx,10,66,0.0,0.0,60,0.0,0.0,0.0,0.0,0.0,0
sample_14088.docx,9,100,1.0,1.0,94,3.0,1.0,1.0,1.0,5.0,1
sample_16105.docx,9,100,0.0,0.0,94,0.0,0.0,0.0,0.0,0.0,0
sample_18430.docx,0,0,0.0,0.0,0,0.0,0.0,0.0,0.0,0.0,1
sample_03375.docx,10,66,0.0,0.0,60,0.0,0.0,0.0,0.0,0.0,0
sample_18687.docx,0,0,0.0,0.0,0,0.0,0.0,0.0,0.0,0.0,1
sample_09963.docx,10,66,0.0,0.0,60,0.0,0.0,0.0,0.0,0.0,0
sample_01607.docx,10,66,0.0,0.0,60,0.0,0.0,0.0,0.0,0.0,0
sample_01055.docx,10,66,0.0,0.0,60,0.0,0.0,0.0,0.0,0.0,0
sample_12669.docx,10,66,0.0,0.0,60,0.0,0.0,0.0,0.0,0.0,0
sample_15680.docx,0,0,0.0,0.0,0,0.0,0.0,0.0,0.0,0.0,1
sample_06322.docx,10,66,0.0,0.0,60,0.0,0.0,0.0,0.0,0.0,0
sample_14719.docx,10,66,0.0,0.0,60,0.0,0.0,0.0,0.0,0.0,0
sample_00905.docx,9,66,1.0,1.0,60,3.0,1.0,1.0,1.0,5.0,1
sample_05007.docx,0,0,0.0,0.0,0,0.0,0.0,0.0,0.0,0.0,1
sample_05019.docx,10,66,0.0,0.0,60,0.0,0.0,0.0,0.0,0.0,0
sample_00865.docx,9,100,1.0,1.0,94,3.0,1.0,1.0,1.0,5.0,1
sample_04480.docx,10,66,0.0,0.0,60,0.0,0.0,0.0,0.0,0.0,0
sample_04981.docx,10,66,0.0,0.0,60,0.0,0.0,0.0,0.0,0.0,0
sample_18963.docx,9,66,1.0,1.0,60,3.0,1.0,1.0,1.0,5.0,1
sample_03953.docx,10,66,0.0,0.0,60,0.0,0.0,0.0,0.0,0.0,0
sample_02253.docx,9,100,1.0,1.0,94,3.0,1.0,1.0,1.0,5.0,1
sample_03826.docx,0,0,0.0,0.0,0,0.0,0.0,0.0,0.0,0.0,1
sample_08866.docx,0,0,0.0,0.0,0,0.0,0.0,0.0,0.0,0.0,1
sample_15062.docx,10,66,0.0,0.0,60,0.0,0.0,0.0,0.0,0.0,0
sample_04397.docx,10,66,0.0,0.0,60,0.0,0.0,0.0,0.0,0.0,0
sample_11479.docx,10,66,0.0,0.0,60,0.0,0.0,0.0,0.0,0.0,0
sample_00731.docx,10,66,0.0,0.0,60,0.0,0.0,0.0,0.0,0.0,0
sample_15614.docx,10,66,0.0,0.0,60,0.0,0.0,0.0,0.0,0.0,0
sample_13462.docx,10,66,0.0,0.0,60,0.0,0.0,0.0,0.0,0.0,0
sample_13722.docx,0,0,0.0,0.0,0,0.0,0.0,0.0,0.0,0.0,1
sample_10651.docx,10,66,0.0,0.0,60,0.0,0.0,0.0,0.0,0.0,0
sample_00105.docx,10,66,0.0,0.0,60,0.0,0.0,0.0,0.0,0.0,0
sample_04588.docx,10,66,0.0,0.0,60,0.0,0.0,0.0,0.0,0.0,0
sample_16909.docx,9,100,1.0,1.0,94,3.0,1.0,1.0,1.0,5.0,1
sample_03421.docx,0,0,0.0,0.0,0,0.0,0.0,0.0,0.0,0.0,1
sample_06725.docx,10,66,0.0,0.0,60,0.0,0.0,0.0,0.0,0.0,0
sample_01057.docx,10,66,0.0,0.0,60,0.0,0.0,0.0,0.0,0.0,0
sample_10565.docx,10,66,0.0,0.0,60,0.0,0.0,0.0,0.0,0.0,0
sample_16516.docx,10,66,0.0,0.0,60,0.0,0.0,0.0,0.0,0.0,0
sample_05432.docx,9,100,1.0,1.0,94,3.0,1.0,1.0,1.0,5.0,1
sample_06890.docx,10,66,0.0,0.0,60,0.0,0.0,0.0,0.0,0.0,0
sample_14490.docx,9,100,1.0,1.0,94,3.0,1.0,1.0,1.0,5.0,1
sample_07873.docx,0,0,0.0,0.0,0,0.0,0.0,0.0,0.0,0.0,1
sample_11044.docx,0,0,0.0,0.0,0,0.0,0.0,0.0,0.0,0.0,1
sample_05812.docx,10,66,0.0,0.0,60,0.0,0.0,0.0,0.0,0.0,0
sample_18122.docx,0,0,0.0,0.0,0,0.0,0.0,0.0,0.0,0.0,1
sample_09443.docx,9,100,0.0,0.0,94,0.0,0.0,0.0,0.0,0.0,0
sample_11077.docx,0,0,0.0,0.0,0,0.0,0.0,0.0,0.0,0.0,1
sample_13048.docx,10,66,0.0,0.0,60,0.0,0.0,0.0,0.0,0.0,0
sample_00925.docx,9,100,1.0,1.0,94,3.0,1.0,1.0,1.0,5.0,1
sample_13454.docx,10,66,0.0,0.0,60,0.0,0.0,0.0,0.0,0.0,0
sample_16816.docx,10,66,0.0,0.0,60,0.0,0.0,0.0,0.0,0.0,0
sample_18278.docx,10,66,0.0,0.0,60,0.0,0.0,0.0,0.0,0.0,0
sample_00893.docx,10,66,0.0,0.0,60,0.0,0.0,0.0,0.0,0.0,0
sample_09926.docx,10,66,0.0,0.0,60,0.0,0.0,0.0,0.0,0.0,0
sample_05438.docx,9,100,1.0,1.0,94,3.0,1.0,1.0,1.0,5.0,1
sample_02312.docx,0,0,0.0,0.0,0,0.0,0.0,0.0,0.0,0.0,1
sample_11068.docx,9,100,1.0,1.0,94,3.0,1.0,1.0,1.0,5.0,1
sample_12494.docx,0,0,0.0,0.0,0,0.0,0.0,0.0,0.0,0.0,1
sample_12042.docx,9,100,1.0,1.0,94,3.0,1.0,1.0,1.0,5.0,1
sample_15509.docx,0,0,0.0,0.0,0,0.0,0.0,0.0,0.0,0.0,1
sample_17210.docx,10,66,0.0,0.0,60,0.0,0.0,0.0,0.0,0.0,0
sample_01082.docx,0,0,0.0,0.0,0,0.0,0.0,0.0,0.0,0.0,1
sample_17912.docx,10,66,0.0,0.0,60,0.0,0.0,0.0,0.0,0.0,0
sample_01593.docx,10,66,0.0,0.0,60,0.0,0.0,0.0,0.0,0.0,0
sample_17991.docx,0,0,0.0,0.0,0,0.0,0.0,0.0,0.0,0.0,1
sample_03404.docx,10,66,0.0,0.0,60,0.0,0.0,0.0,0.0,0.0,0
sample_07033.docx,0,0,0.0,0.0,0,0.0,0.0,0.0,0.0,0.0,1
sample_16297.docx,10,66,0.0,0.0,60,0.0,0.0,0.0,0.0,0.0,0
sample_01227.docx,10,66,0.0,0.0,60,0.0,0.0,0.0,0.0,0.0,0
sample_09173.docx,9,100,1.0,1.0,94,3.0,1.0,1.0,1.0,5.0,1
sample_07557.docx,9,100,1.0,1.0,94,3.0,1.0,1.0,1.0,5.0,1
sample_10835.docx,0,0,0.0,0.0,0,0.0,0.0,0.0,0.0,0.0,1
sample_07740.docx,10,66,0.0,0.0,60,0.0,0.0,0.0,0.0,0.0,0
sample_03269.docx,10,66,0.0,0.0,60,0.0,0.0,0.0,0.0,0.0,0
sample_05864.docx,10,66,0.0,0.0,60,0.0,0.0,0.0,0.0,0.0,0
sample_16673.docx,9,66,0.0,0.0,60,0.0,0.0,0.0,0.0,0.0,0
sample_14558.docx,10,66,0.0,0.0,60,0.0,0.0,0.0,0.0,0.0,0
sample_10838.docx,10,66,0.0,0.0,60,0.0,0.0,0.0,0.0,0.0,0
sample_03095.docx,10,66,0.0,0.0,60,0.0,0.0,0.0,0.0,0.0,0
sample_15705.docx,10,66,0.0,0.0,60,0.0,0.0,0.0,0.0,0.0,0
sample_07853.docx,10,66,0.0,0.0,60,0.0,0.0,0.0,0.0,0.0,0
sample_01987.docx,10,66,0.0,0.0,60,0.0,0.0,0.0,0.0,0.0,0
sample_15819.docx,10,66,0.0,0.0,60,0.0,0.0,0.0,0.0,0.0,0
sample_13395.docx,0,0,0.0,0.0,0,0.0,0.0,0.0,0.0,0.0,1
sample_14106.docx,0,0,0.0,0.0,0,0.0,0.0,0.0,0.0,0.0,1
sample_08186.docx,9,100,1.0,1.0,94,3.0,1.0,1.0,1.0,5.0,1
sample_00353.docx,10,66,0.0,0.0,60,0.0,0.0,0.0,0.0,0.0,0
sample_18816.docx,0,0,0.0,0.0,0,0.0,0.0,0.0,0.0,0.0,1
sample_12632.docx,9,66,1.0,1.0,60,3.0,1.0,1.0,1.0,5.0,1
sample_12837.docx,10,66,0.0,0.0,60,0.0,0.0,0.0,0.0,0.0,0
sample_08250.docx,10,66,0.0,0.0,60,0.0,0.0,0.0,0.0,0.0,0
sample_05708.docx,9,100,1.0,1.0,94,3.0,1.0,1.0,1.0,5.0,1
sample_06542.docx,10,66,0.0,0.0,60,0.0,0.0,0.0,0.0,0.0,0
sample_04204.docx,10,66,0.0,0.0,60,0.0,0.0,0.0,0.0,0.0,0
sample_01867.docx,9,100,1.0,1.0,94,3.0,1.0,1.0,1.0,5.0,1
sample_14475.docx,10,66,0.0,0.0,60,0.0,0.0,0.0,0.0,0.0,0
sample_17234.docx,0,0,0.0,0.0,0,0.0,0.0,0.0,0.0,0.0,1
sample_08050.docx,0,0,0.0,0.0,0,0.0,0.0,0.0,0.0,0.0,1
sample_02608.docx,0,0,0.0,0.0,0,0.0,0.0,0.0,0.0,0.0,1
sample_08345.docx,10,66,0.0,0.0,60,0.0,0.0,0.0,0.0,0.0,0
sample_11277.docx,9,100,1.0,1.0,94,3.0,1.0,1.0,1.0,5.0,1
sample_05275.docx,10,66,0.0,0.0,60,0.0,0.0,0.0,0.0,0.0,0
sample_08155.docx,0,0,0.0,0.0,0,0.0,0.0,0.0,0.0,0.0,1
sample_12079.docx,9,100,1.0,1.0,94,3.0,1.0,1.0,1.0,5.0,1
sample_13521.docx,9,66,1.0,1.0,60,3.0,1.0,1.0,1.0,5.0,1
sample_07442.docx,0,0,0.0,0.0,0,0.0,0.0,0.0,0.0,0.0,1
sample_12170.docx,0,0,0.0,0.0,0,0.0,0.0,0.0,0.0,0.0,1
sample_11727.docx,0,0,0.0,0.0,0,0.0,0.0,0.0,0.0,0.0,1
sample_18626.docx,10,66,0.0,0.0,60,0.0,0.0,0.0,0.0,0.0,0
sample_15186.docx,0,0,0.0,0.0,0,0.0,0.0,0.0,0.0,0.0,1
sample_05757.docx,10,66,0.0,0.0,60,0.0,0.0,0.0,0.0,0.0,0
sample_18864.docx,0,0,0.0,0.0,0,0.0,0.0,0.0,0.0,0.0,1
sample_04610.docx,10,66,0.0,0.0,60,0.0,0.0,0.0,0.0,0.0,0
sample_12296.docx,0,0,0.0,0.0,0,0.0,0.0,0.0,0.0,0.0,1
sample_02591.docx,9,66,1.0,1.0,60,3.0,1.0,1.0,1.0,5.0,1
sample_09410.docx,10,66,0.0,0.0,60,0.0,0.0,0.0,0.0,0.0,0
sample_04576.docx,10,66,0.0,0.0,60,0.0,0.0,0.0,0.0,0.0,0
sample_06963.docx,9,100,1.0,1.0,94,3.0,1.0,1.0,1.0,5.0,1
sample_00672.docx,10,66,0.0,0.0,60,0.0,0.0,0.0,0.0,0.0,0
sample_11784.docx,0,0,0.0,0.0,0,0.0,0.0,0.0,0.0,0.0,1
sample_06971.docx,0,0,0.0,0.0,0,0.0,0.0,0.0,0.0,0.0,1
sample_10231.docx,10,66,0.0,0.0,60,0.0,0.0,0.0,0.0,0.0,0
sample_17861.docx,10,66,0.0,0.0,60,0.0,0.0,0.0,0.0,0.0,0
sample_09915.docx,10,66,0.0,0.0,60,0.0,0.0,0.0,0.0,0.0,0
sample_17126.docx,10,66,0.0,0.0,60,0.0,0.0,0.0,0.0,0.0,0
sample_06234.docx,10,66,0.0,0.0,60,0.0,0.0,0.0,0.0,0.0,0
sample_11701.docx,10,66,0.0,0.0,60,0.0,0.0,0.0,0.0,0.0,0
sample_04024.docx,9,66,0.0,0.0,60,0.0,0.0,0.0,0.0,0.0,0
sample_16086.docx,10,66,0.0,0.0,60,0.0,0.0,0.0,0.0,0.0,0
sample_02543.docx,10,66,0.0,0.0,60,0.0,0.0,0.0,0.0,0.0,0
sample_19803.docx,10,66,0.0,0.0,60,0.0,0.0,0.0,0.0,0.0,0
sample_04496.docx,10,66,0.0,0.0,60,0.0,0.0,0.0,0.0,0.0,0
sample_18333.docx,9,100,1.0,1.0,94,3.0,1.0,1.0,1.0,5.0,1
sample_03033.docx,0,0,0.0,0.0,0,0.0,0.0,0.0,0.0,0.0,1
sample_16465.docx,0,0,0.0,0.0,0,0.0,0.0,0.0,0.0,0.0,1
sample_16575.docx,0,0,0.0,0.0,0,0.0,0.0,0.0,0.0,0.0,1
sample_11969.docx,9,100,1.0,1.0,94,3.0,1.0,1.0,1.0,5.0,1
sample_02175.docx,0,0,0.0,0.0,0,0.0,0.0,0.0,0.0,0.0,1
sample_07370.docx,11,66,0.0,0.0,60,0.0,0.0,0.0,0.0,0.0,0
sample_08495.docx,9,100,1.0,1.0,94,3.0,1.0,1.0,1.0,5.0,1
sample_14363.docx,10,66,0.0,0.0,60,0.0,0.0,0.0,0.0,0.0,0
sample_09069.docx,10,66,0.0,0.0,60,0.0,0.0,0.0,0.0,0.0,0
sample_12772.docx,0,0,0.0,0.0,0,0.0,0.0,0.0,0.0,0.0,1
sample_07798.docx,9,100,1.0,1.0,94,3.0,1.0,1.0,1.0,5.0,1
sample_07037.docx,10,66,0.0,0.0,60,0.0,0.0,0.0,0.0,0.0,0
sample_04933.docx,0,0,0.0,0.0,0,0.0,0.0,0.0,0.0,0.0,1
sample_18015.docx,10,66,0.0,0.0,60,0.0,0.0,0.0,0.0,0.0,0
sample_08001.docx,0,0,0.0,0.0,0,0.0,0.0,0.0,0.0,0.0,1
sample_19210.docx,10,66,0.0,0.0,60,0.0,0.0,0.0,0.0,0.0,0
sample_05681.docx,9,100,1.0,1.0,94,3.0,1.0,1.0,1.0,5.0,1
sample_05940.docx,9,66,0.0,0.0,60,0.0,0.0,0.0,0.0,0.0,0
sample_01536.docx,11,64,0.0,0.0,58,0.0,0.0,0.0,0.0,0.0,0
sample_17166.docx,10,66,0.0,0.0,60,0.0,0.0,0.0,0.0,0.0,0
sample_18967.docx,0,0,0.0,0.0,0,0.0,0.0,0.0,0.0,0.0,1
sample_14923.docx,0,0,0.0,0.0,0,0.0,0.0,0.0,0.0,0.0,1
sample_12664.docx,10,66,0.0,0.0,60,0.0,0.0,0.0,0.0,0.0,0
sample_00794.docx,10,66,0.0,0.0,60,0.0,0.0,0.0,0.0,0.0,0
sample_04215.docx,0,0,0.0,0.0,0,0.0,0.0,0.0,0.0,0.0,1
sample_18227.docx,0,0,0.0,0.0,0,0.0,0.0,0.0,0.0,0.0,1
sample_04837.docx,10,66,0.0,0.0,60,0.0,0.0,0.0,0.0,0.0,0
sample_05710.docx,10,66,0.0,0.0,60,0.0,0.0,0.0,0.0,0.0,0
sample_14840.docx,0,0,0.0,0.0,0,0.0,0.0,0.0,0.0,0.0,1
sample_02960.docx,0,0,0.0,0.0,0,0.0,0.0,0.0,0.0,0.0,1
sample_02457.docx,10,66,0.0,0.0,60,0.0,0.0,0.0,0.0,0.0,0
sample_03122.docx,10,66,0.0,0.0,60,0.0,0.0,0.0,0.0,0.0,0
sample_05581.docx,9,100,1.0,1.0,94,3.0,1.0,1.0,1.0,5.0,1
sample_08598.docx,9,100,1.0,1.0,94,3.0,1.0,1.0,1.0,5.0,1
sample_13860.docx,0,0,0.0,0.0,0,0.0,0.0,0.0,0.0,0.0,1
sample_19140.docx,10,66,0.0,0.0,60,0.0,0.0,0.0,0.0,0.0,0
sample_06968.docx,0,0,0.0,0.0,0,0.0,0.0,0.0,0.0,0.0,1
sample_00454.docx,10,66,0.0,0.0,60,0.0,0.0,0.0,0.0,0.0,0
sample_18594.docx,9,100,1.0,1.0,94,3.0,1.0,1.0,1.0,5.0,1
sample_06657.docx,0,0,0.0,0.0,0,0.0,0.0,0.0,0.0,0.0,1
sample_12020.docx,10,66,0.0,0.0,60,0.0,0.0,0.0,0.0,0.0,0
sample_05893.docx,0,0,0.0,0.0,0,0.0,0.0,0.0,0.0,0.0,1
sample_13701.docx,9,100,1.0,1.0,94,3.0,1.0,1.0,1.0,5.0,1
sample_03887.docx,10,66,0.0,0.0,60,0.0,0.0,0.0,0.0,0.0,0
sample_00045.docx,0,0,0.0,0.0,0,0.0,0.0,0.0,0.0,0.0,1
sample_05227.docx,10,66,0.0,0.0,60,0.0,0.0,0.0,0.0,0.0,0
sample_17365.docx,0,0,0.0,0.0,0,0.0,0.0,0.0,0.0,0.0,1
sample_06681.docx,0,0,0.0,0.0,0,0.0,0.0,0.0,0.0,0.0,1
sample_00657.docx,10,66,0.0,0.0,60,0.0,0.0,0.0,0.0,0.0,0
sample_00288.docx,10,66,0.0,0.0,60,0.0,0.0,0.0,0.0,0.0,0
sample_05169.docx,9,66,1.0,1.0,60,3.0,1.0,1.0,1.0,5.0,1
sample_08799.docx,10,66,0.0,0.0,60,0.0,0.0,0.0,0.0,0.0,0
sample_19584.docx,0,0,0.0,0.0,0,0.0,0.0,0.0,0.0,0.0,1
sample_03779.docx,10,66,0.0,0.0,60,0.0,0.0,0.0,0.0,0.0,0
sample_10787.docx,0,0,0.0,0.0,0,0.0,0.0,0.0,0.0,0.0,1
sample_07543.docx,0,0,0.0,0.0,0,0.0,0.0,0.0,0.0,0.0,1
sample_19249.docx,10,66,0.0,0.0,60,0.0,0.0,0.0,0.0,0.0,0
sample_10659.docx,10,66,0.0,0.0,60,0.0,0.0,0.0,0.0,0.0,0
sample_17682.docx,9,100,1.0,1.0,94,3.0,1.0,1.0,1.0,5.0,1
sample_01363.docx,10,66,0.0,0.0,60,0.0,0.0,0.0,0.0,0.0,0
sample_08118.docx,10,66,0.0,0.0,60,0.0,0.0,0.0,0.0,0.0,0
sample_03420.docx,0,0,0.0,0.0,0,0.0,0.0,0.0,0.0,0.0,1
sample_02535.docx,10,66,0.0,0.0,60,0.0,0.0,0.0,0.0,0.0,0
sample_07240.docx,9,66,1.0,1.0,60,3.0,1.0,1.0,1.0,5.0,1
sample_14521.docx,0,0,0.0,0.0,0,0.0,0.0,0.0,0.0,0.0,1
sample_00913.docx,10,66,0.0,0.0,60,0.0,0.0,0.0,0.0,0.0,0
sample_12976.docx,9,100,1.0,1.0,94,3.0,1.0,1.0,1.0,5.0,1
sample_17731.docx,10,66,0.0,0.0,60,0.0,0.0,0.0,0.0,0.0,0
sample_05675.docx,9,100,1.0,1.0,94,3.0,1.0,1.0,1.0,5.0,1
sample_10993.docx,10,66,0.0,0.0,60,0.0,0.0,0.0,0.0,0.0,0
sample_10134.docx,10,66,0.0,0.0,60,0.0,0.0,0.0,0.0,0.0,0
sample_16559.docx,10,66,0.0,0.0,60,0.0,0.0,0.0,0.0,0.0,0
sample_10310.docx,0,66,0.0,0.0,60,0.0,0.0,0.0,0.0,0.0,0
sample_00649.docx,9,100,1.0,1.0,94,3.0,1.0,1.0,1.0,5.0,1
sample_16933.docx,0,0,0.0,0.0,0,0.0,0.0,0.0,0.0,0.0,1
sample_13320.docx,10,66,0.0,0.0,60,0.0,0.0,0.0,0.0,0.0,0
sample_00140.docx,0,0,0.0,0.0,0,0.0,0.0,0.0,0.0,0.0,1
sample_04081.docx,0,0,0.0,0.0,0,0.0,0.0,0.0,0.0,0.0,1
sample_08471.docx,0,0,0.0,0.0,0,0.0,0.0,0.0,0.0,0.0,1
sample_07231.docx,9,100,1.0,1.0,94,3.0,1.0,1.0,1.0,5.0,1
sample_11484.docx,9,66,1.0,1.0,60,3.0,1.0,1.0,1.0,5.0,1
sample_08297.docx,10,66,0.0,0.0,60,0.0,0.0,0.0,0.0,0.0,0
sample_06116.docx,10,66,0.0,0.0,60,0.0,0.0,0.0,0.0,0.0,0
sample_19941.docx,0,0,0.0,0.0,0,0.0,0.0,0.0,0.0,0.0,1
sample_06524.docx,0,0,0.0,0.0,0,0.0,0.0,0.0,0.0,0.0,1
sample_07200.docx,0,0,0.0,0.0,0,0.0,0.0,0.0,0.0,0.0,1
sample_18406.docx,10,66,0.0,0.0,60,0.0,0.0,0.0,0.0,0.0,0
sample_03590.docx,0,0,0.0,0.0,0,0.0,0.0,0.0,0.0,0.0,1
sample_02746.docx,10,66,0.0,0.0,60,0.0,0.0,0.0,0.0,0.0,0
sample_06945.docx,10,66,0.0,0.0,60,0.0,0.0,0.0,0.0,0.0,0
sample_14227.docx,10,66,0.0,0.0,60,0.0,0.0,0.0,0.0,0.0,0
sample_15554.docx,0,0,0.0,0.0,0,0.0,0.0,0.0,0.0,0.0,1
sample_01776.docx,10,66,0.0,0.0,60,0.0,0.0,0.0,0.0,0.0,0
sample_13307.docx,10,66,0.0,0.0,60,0.0,0.0,0.0,0.0,0.0,0
sample_05248.docx,9,100,1.0,1.0,94,3.0,1.0,1.0,1.0,5.0,1
sample_17311.docx,10,66,0.0,0.0,60,0.0,0.0,0.0,0.0,0.0,0
sample_08675.docx,9,100,1.0,1.0,94,3.0,1.0,1.0,1.0,5.0,1
sample_01984.docx,9,100,1.0,1.0,94,3.0,1.0,1.0,1.0,5.0,1
sample_13964.docx,10,66,0.0,0.0,60,0.0,0.0,0.0,0.0,0.0,0
sample_13642.docx,9,100,1.0,1.0,94,3.0,1.0,1.0,1.0,5.0,1
sample_02988.docx,9,66,1.0,1.0,60,3.0,1.0,1.0,1.0,5.0,1
sample_13528.docx,10,66,0.0,0.0,60,0.0,0.0,0.0,0.0,0.0,0
sample_10067.docx,0,0,0.0,0.0,0,0.0,0.0,0.0,0.0,0.0,1
sample_19056.docx,0,0,0.0,0.0,0,0.0,0.0,0.0,0.0,0.0,1
sample_17892.docx,9,66,1.0,1.0,60,3.0,1.0,1.0,1.0,5.0,1
sample_08136.docx,9,100,1.0,1.0,94,3.0,1.0,1.0,1.0,5.0,1
sample_12794.docx,0,0,0.0,0.0,0,0.0,0.0,0.0,0.0,0.0,1
sample_12510.docx,10,66,0.0,0.0,60,0.0,0.0,0.0,0.0,0.0,0
sample_19405.docx,9,100,1.0,1.0,94,3.0,1.0,1.0,1.0,5.0,1
sample_03758.docx,10,66,0.0,0.0,60,0.0,0.0,0.0,0.0,0.0,0
sample_00374.docx,10,66,0.0,0.0,60,0.0,0.0,0.0,0.0,0.0,0
sample_12545.docx,10,66,0.0,0.0,60,0.0,0.0,0.0,0.0,0.0,0
sample_18043.docx,10,66,0.0,0.0,60,0.0,0.0,0.0,0.0,0.0,0
sample_02760.docx,10,66,0.0,0.0,60,0.0,0.0,0.0,0.0,0.0,0
sample_13302.docx,10,66,0.0,0.0,60,0.0,0.0,0.0,0.0,0.0,0
sample_12320.docx,9,66,1.0,1.0,60,3.0,1.0,1.0,1.0,5.0,1
sample_09704.docx,0,0,0.0,0.0,0,0.0,0.0,0.0,0.0,0.0,1
sample_15024.docx,9,100,0.0,0.0,94,0.0,0.0,0.0,0.0,0.0,0
sample_01443.docx,10,66,0.0,0.0,60,0.0,0.0,0.0,0.0,0.0,0
sample_17893.docx,0,0,0.0,0.0,0,0.0,0.0,0.0,0.0,0.0,1
sample_12197.docx,9,100,1.0,1.0,94,3.0,1.0,1.0,1.0,5.0,1
sample_05775.docx,10,66,0.0,0.0,60,0.0,0.0,0.0,0.0,0.0,0
sample_19047.docx,10,66,0.0,0.0,60,0.0,0.0,0.0,0.0,0.0,0
sample_03923.docx,9,66,1.0,1.0,60,3.0,1.0,1.0,1.0,5.0,1
sample_04366.docx,0,0,0.0,0.0,0,0.0,0.0,0.0,0.0,0.0,1
sample_07980.docx,10,66,0.0,0.0,60,0.0,0.0,0.0,0.0,0.0,0
sample_02393.docx,10,66,0.0,0.0,60,0.0,0.0,0.0,0.0,0.0,0
sample_03859.docx,0,0,0.0,0.0,0,0.0,0.0,0.0,0.0,0.0,1
sample_15401.docx,0,0,0.0,0.0,0,0.0,0.0,0.0,0.0,0.0,1
sample_07533.docx,10,66,0.0,0.0,60,0.0,0.0,0.0,0.0,0.0,0
sample_12124.docx,10,66,0.0,0.0,60,0.0,0.0,0.0,0.0,0.0,0
sample_05229.docx,10,66,0.0,0.0,60,0.0,0.0,0.0,0.0,0.0,0
sample_18156.docx,0,0,0.0,0.0,0,0.0,0.0,0.0,0.0,0.0,1
sample_07927.docx,10,66,0.0,0.0,60,0.0,0.0,0.0,0.0,0.0,0
sample_02839.docx,10,66,0.0,0.0,60,0.0,0.0,0.0,0.0,0.0,0
sample_15919.docx,10,66,0.0,0.0,60,0.0,0.0,0.0,0.0,0.0,0
sample_00506.docx,0,0,0.0,0.0,0,0.0,0.0,0.0,0.0,0.0,1
sample_00200.docx,9,66,1.0,1.0,60,3.0,1.0,1.0,1.0,5.0,1
sample_07075.docx,9,100,1.0,1.0,94,3.0,1.0,1.0,1.0,5.0,1
sample_01717.docx,10,66,0.0,0.0,60,0.0,0.0,0.0,0.0,0.0,0
sample_12110.docx,9,66,0.0,0.0,60,0.0,0.0,0.0,0.0,0.0,0
sample_12757.docx,9,100,1.0,1.0,94,3.0,1.0,1.0,1.0,5.0,1
sample_17562.docx,9,66,0.0,0.0,60,0.0,0.0,0.0,0.0,0.0,0
sample_06621.docx,0,0,0.0,0.0,0,0.0,0.0,0.0,0.0,0.0,1
sample_12153.docx,10,66,0.0,0.0,60,0.0,0.0,0.0,0.0,0.0,0
sample_02751.docx,0,0,0.0,0.0,0,0.0,0.0,0.0,0.0,0.0,1
sample_15687.docx,10,66,0.0,0.0,60,0.0,0.0,0.0,0.0,0.0,0
sample_03457.docx,10,66,0.0,0.0,60,0.0,0.0,0.0,0.0,0.0,0
sample_06515.docx,0,0,0.0,0.0,0,0.0,0.0,0.0,0.0,0.0,1
sample_05403.docx,0,0,0.0,0.0,0,0.0,0.0,0.0,0.0,0.0,1
sample_02740.docx,9,66,1.0,1.0,60,3.0,1.0,1.0,1.0,5.0,1
sample_04091.docx,0,0,0.0,0.0,0,0.0,0.0,0.0,0.0,0.0,1
sample_02787.docx,9,100,1.0,1.0,94,3.0,1.0,1.0,1.0,5.0,1
sample_15520.docx,0,0,0.0,0.0,0,0.0,0.0,0.0,0.0,0.0,1
sample_18783.docx,0,0,0.0,0.0,0,0.0,0.0,0.0,0.0,0.0,1
sample_15112.docx,0,0,0.0,0.0,0,0.0,0.0,0.0,0.0,0.0,1
sample_09174.docx,10,66,0.0,0.0,60,0.0,0.0,0.0,0.0,0.0,0
sample_11138.docx,10,66,0.0,0.0,60,0.0,0.0,0.0,0.0,0.0,0
sample_08369.docx,10,66,0.0,0.0,60,0.0,0.0,0.0,0.0,0.0,0
sample_18212.docx,10,66,0.0,0.0,60,0.0,0.0,0.0,0.0,0.0,0
sample_04201.docx,0,0,0.0,0.0,0,0.0,0.0,0.0,0.0,0.0,1
sample_01808.docx,0,0,0.0,0.0,0,0.0,0.0,0.0,0.0,0.0,1
sample_13181.docx,10,66,0.0,0.0,60,0.0,0.0,0.0,0.0,0.0,0
sample_02057.docx,10,66,0.0,0.0,60,0.0,0.0,0.0,0.0,0.0,0
sample_02336.docx,10,66,0.0,0.0,60,0.0,0.0,0.0,0.0,0.0,0
sample_15966.docx,9,100,1.0,1.0,94,3.0,1.0,1.0,1.0,5.0,1
sample_09859.docx,0,0,0.0,0.0,0,0.0,0.0,0.0,0.0,0.0,1
sample_05899.docx,9,100,1.0,1.0,94,3.0,1.0,1.0,1.0,5.0,1
sample_01889.docx,10,66,0.0,0.0,60,0.0,0.0,0.0,0.0,0.0,0
sample_00130.docx,0,0,0.0,0.0,0,0.0,0.0,0.0,0.0,0.0,1
sample_14226.docx,0,0,0.0,0.0,0,0.0,0.0,0.0,0.0,0.0,1
sample_13078.docx,10,66,0.0,0.0,60,0.0,0.0,0.0,0.0,0.0,0
sample_17664.docx,0,0,0.0,0.0,0,0.0,0.0,0.0,0.0,0.0,1
sample_11174.docx,0,0,0.0,0.0,0,0.0,0.0,0.0,0.0,0.0,1
sample_15000.docx,9,66,1.0,1.0,60,3.0,1.0,1.0,1.0,5.0,1
sample_02593.docx,10,66,0.0,0.0,60,0.0,0.0,0.0,0.0,0.0,0
sample_04580.docx,9,66,0.0,0.0,60,0.0,0.0,0.0,0.0,0.0,0
sample_16332.docx,0,0,0.0,0.0,0,0.0,0.0,0.0,0.0,0.0,1
sample_06748.docx,10,66,0.0,0.0,60,0.0,0.0,0.0,0.0,0.0,0
sample_18672.docx,10,66,0.0,0.0,60,0.0,0.0,0.0,0.0,0.0,0
sample_04504.docx,0,0,0.0,0.0,0,0.0,0.0,0.0,0.0,0.0,1
sample_10902.docx,0,0,0.0,0.0,0,0.0,0.0,0.0,0.0,0.0,1
sample_05364.docx,10,66,0.0,0.0,60,0.0,0.0,0.0,0.0,0.0,0
sample_02971.docx,10,66,0.0,0.0,60,0.0,0.0,0.0,0.0,0.0,0
sample_17721.docx,10,66,0.0,0.0,60,0.0,0.0,0.0,0.0,0.0,0
sample_02815.docx,9,100,1.0,1.0,94,3.0,1.0,1.0,1.0,5.0,1
sample_10448.docx,10,66,0.0,0.0,60,0.0,0.0,0.0,0.0,0.0,0
sample_00459.docx,0,0,0.0,0.0,0,0.0,0.0,0.0,0.0,0.0,1
sample_09217.docx,0,0,0.0,0.0,0,0.0,0.0,0.0,0.0,0.0,1
sample_13832.docx,10,66,0.0,0.0,60,0.0,0.0,0.0,0.0,0.0,0
sample_11745.docx,0,0,0.0,0.0,0,0.0,0.0,0.0,0.0,0.0,1
sample_00617.docx,0,0,0.0,0.0,0,0.0,0.0,0.0,0.0,0.0,1
sample_16990.docx,10,66,0.0,0.0,60,0.0,0.0,0.0,0.0,0.0,0
sample_04079.docx,10,66,0.0,0.0,60,0.0,0.0,0.0,0.0,0.0,0
sample_03674.docx,9,66,0.0,0.0,60,0.0,0.0,0.0,0.0,0.0,0
sample_18519.docx,10,66,0.0,0.0,60,0.0,0.0,0.0,0.0,0.0,0
sample_12112.docx,0,0,0.0,0.0,0,0.0,0.0,0.0,0.0,0.0,1
sample_01797.docx,10,66,0.0,0.0,60,0.0,0.0,0.0,0.0,0.0,0
sample_09977.docx,10,66,0.0,0.0,60,0.0,0.0,0.0,0.0,0.0,0
sample_02829.docx,9,100,1.0,1.0,94,3.0,1.0,1.0,1.0,5.0,1
sample_17391.docx,0,0,0.0,0.0,0,0.0,0.0,0.0,0.0,0.0,1
sample_13174.docx,10,66,0.0,0.0,60,0.0,0.0,0.0,0.0,0.0,0
sample_19438.docx,10,66,0.0,0.0,60,0.0,0.0,0.0,0.0,0.0,0
sample_10270.docx,0,0,0.0,0.0,0,0.0,0.0,0.0,0.0,0.0,1
sample_17668.docx,10,66,0.0,0.0,60,0.0,0.0,0.0,0.0,0.0,0
sample_02600.docx,10,66,0.0,0.0,60,0.0,0.0,0.0,0.0,0.0,0
sample_15815.docx,10,66,0.0,0.0,60,0.0,0.0,0.0,0.0,0.0,0
sample_17194.docx,10,66,0.0,0.0,60,0.0,0.0,0.0,0.0,0.0,0
sample_12563.docx,0,0,0.0,0.0,0,0.0,0.0,0.0,0.0,0.0,1
sample_04258.docx,0,0,0.0,0.0,0,0.0,0.0,0.0,0.0,0.0,1
sample_18759.docx,10,66,0.0,0.0,60,0.0,0.0,0.0,0.0,0.0,0
sample_15701.docx,10,66,0.0,0.0,60,0.0,0.0,0.0,0.0,0.0,0
sample_04873.docx,10,66,0.0,0.0,60,0.0,0.0,0.0,0.0,0.0,0
sample_00820.docx,10,66,0.0,0.0,60,0.0,0.0,0.0,0.0,0.0,0
sample_07228.docx,10,66,0.0,0.0,60,0.0,0.0,0.0,0.0,0.0,0
sample_11598.docx,10,66,0.0,0.0,60,0.0,0.0,0.0,0.0,0.0,0
sample_06128.docx,10,66,0.0,0.0,60,0.0,0.0,0.0,0.0,0.0,0
sample_02791.docx,9,100,1.0,1.0,94,3.0,1.0,1.0,1.0,5.0,1
sample_19295.docx,10,66,0.0,0.0,60,0.0,0.0,0.0,0.0,0.0,0
sample_19399.docx,10,66,0.0,0.0,60,0.0,0.0,0.0,0.0,0.0,0
sample_12235.docx,0,0,0.0,0.0,0,0.0,0.0,0.0,0.0,0.0,1
sample_05509.docx,10,66,0.0,0.0,60,0.0,0.0,0.0,0.0,0.0,0
sample_19131.docx,9,66,1.0,1.0,60,3.0,1.0,1.0,1.0,5.0,1
sample_04192.docx,10,66,0.0,0.0,60,0.0,0.0,0.0,0.0,0.0,0
sample_12594.docx,0,0,0.0,0.0,0,0.0,0.0,0.0,0.0,0.0,1
sample_17530.docx,9,66,0.0,0.0,60,0.0,0.0,0.0,0.0,0.0,0
sample_11903.docx,0,0,0.0,0.0,0,0.0,0.0,0.0,0.0,0.0,1
sample_07901.docx,9,100,1.0,1.0,94,3.0,1.0,1.0,1.0,5.0,1
sample_12607.docx,9,100,1.0,1.0,94,3.0,1.0,1.0,1.0,5.0,1
sample_01138.docx,9,100,1.0,1.0,94,3.0,1.0,1.0,1.0,5.0,1
sample_07291.docx,10,66,0.0,0.0,60,0.0,0.0,0.0,0.0,0.0,0
sample_01077.docx,0,0,0.0,0.0,0,0.0,0.0,0.0,0.0,0.0,1
sample_17683.docx,11,66,0.0,0.0,60,0.0,0.0,0.0,0.0,0.0,0
sample_13137.docx,0,0,0.0,0.0,0,0.0,0.0,0.0,0.0,0.0,1
sample_17845.docx,0,0,0.0,0.0,0,0.0,0.0,0.0,0.0,0.0,1
sample_19628.docx,10,66,0.0,0.0,60,0.0,0.0,0.0,0.0,0.0,0
sample_19337.docx,0,0,0.0,0.0,0,0.0,0.0,0.0,0.0,0.0,1
sample_07526.docx,0,0,0.0,0.0,0,0.0,0.0,0.0,0.0,0.0,1
sample_16644.docx,10,66,0.0,0.0,60,0.0,0.0,0.0,0.0,0.0,0
sample_01357.docx,9,100,1.0,1.0,94,3.0,1.0,1.0,1.0,5.0,1
sample_09425.docx,0,0,0.0,0.0,0,0.0,0.0,0.0,0.0,0.0,1
sample_03639.docx,9,100,1.0,1.0,94,3.0,1.0,1.0,1.0,5.0,1
sample_10041.docx,0,0,0.0,0.0,0,0.0,0.0,0.0,0.0,0.0,1
sample_15732.docx,10,66,0.0,0.0,60,0.0,0.0,0.0,0.0,0.0,0
sample_12537.docx,9,66,1.0,1.0,60,3.0,1.0,1.0,1.0,5.0,1
sample_02773.docx,10,66,0.0,0.0,60,0.0,0.0,0.0,0.0,0.0,0
sample_02724.docx,10,66,0.0,0.0,60,0.0,0.0,0.0,0.0,0.0,0
sample_15318.docx,9,100,1.0,1.0,94,3.0,1.0,1.0,1.0,5.0,1
sample_01364.docx,11,66,0.0,0.0,60,0.0,0.0,0.0,0.0,0.0,0
sample_12169.docx,0,0,0.0,0.0,0,0.0,0.0,0.0,0.0,0.0,1
sample_18600.docx,9,100,1.0,1.0,94,3.0,1.0,1.0,1.0,5.0,1
sample_05053.docx,10,66,0.0,0.0,60,0.0,0.0,0.0,0.0,0.0,0
sample_11715.docx,10,66,0.0,0.0,60,0.0,0.0,0.0,0.0,0.0,0
sample_00214.docx,10,66,0.0,0.0,60,0.0,0.0,0.0,0.0,0.0,0
sample_04355.docx,0,0,0.0,0.0,0,0.0,0.0,0.0,0.0,0.0,1
sample_14160.docx,10,66,0.0,0.0,60,0.0,0.0,0.0,0.0,0.0,0
sample_14333.docx,0,0,0.0,0.0,0,0.0,0.0,0.0,0.0,0.0,1
sample_05110.docx,9,100,1.0,1.0,94,3.0,1.0,1.0,1.0,5.0,1
sample_10240.docx,0,0,0.0,0.0,0,0.0,0.0,0.0,0.0,0.0,1
sample_01662.docx,0,0,0.0,0.0,0,0.0,0.0,0.0,0.0,0.0,1
sample_06925.docx,10,66,0.0,0.0,60,0.0,0.0,0.0,0.0,0.0,0
sample_09192.docx,10,66,0.0,0.0,60,0.0,0.0,0.0,0.0,0.0,0
sample_13626.docx,0,0,0.0,0.0,0,0.0,0.0,0.0,0.0,0.0,1
sample_18067.docx,10,66,0.0,0.0,60,0.0,0.0,0.0,0.0,0.0,0
sample_05299.docx,0,0,0.0,0.0,0,0.0,0.0,0.0,0.0,0.0,1
sample_02892.docx,0,0,0.0,0.0,0,0.0,0.0,0.0,0.0,0.0,1
sample_07758.docx,0,0,0.0,0.0,0,0.0,0.0,0.0,0.0,0.0,1
sample_15472.docx,0,0,0.0,0.0,0,0.0,0.0,0.0,0.0,0.0,1
sample_05588.docx,0,0,0.0,0.0,0,0.0,0.0,0.0,0.0,0.0,1
sample_06737.docx,10,66,0.0,0.0,60,0.0,0.0,0.0,0.0,0.0,0
sample_03171.docx,10,66,0.0,0.0,60,0.0,0.0,0.0,0.0,0.0,0
sample_04342.docx,0,0,0.0,0.0,0,0.0,0.0,0.0,0.0,0.0,1
sample_09350.docx,10,66,0.0,0.0,60,0.0,0.0,0.0,0.0,0.0,0
sample_12901.docx,0,0,0.0,0.0,0,0.0,0.0,0.0,0.0,0.0,1
sample_10696.docx,0,0,0.0,0.0,0,0.0,0.0,0.0,0.0,0.0,1
sample_00066.docx,9,66,1.0,1.0,60,3.0,1.0,1.0,1.0,5.0,1
sample_05667.docx,10,66,0.0,0.0,60,0.0,0.0,0.0,0.0,0.0,0
sample_01841.docx,0,0,0.0,0.0,0,0.0,0.0,0.0,0.0,0.0,1
sample_07762.docx,0,0,0.0,0.0,0,0.0,0.0,0.0,0.0,0.0,1
sample_19592.docx,10,66,0.0,0.0,60,0.0,0.0,0.0,0.0,0.0,0
sample_06467.docx,0,0,0.0,0.0,0,0.0,0.0,0.0,0.0,0.0,1
sample_17569.docx,0,0,0.0,0.0,0,0.0,0.0,0.0,0.0,0.0,1
sample_17854.docx,10,66,0.0,0.0,60,0.0,0.0,0.0,0.0,0.0,0
sample_02890.docx,0,0,0.0,0.0,0,0.0,0.0,0.0,0.0,0.0,1
sample_01117.docx,10,66,0.0,0.0,60,0.0,0.0,0.0,0.0,0.0,0
sample_01634.docx,10,66,0.0,0.0,60,0.0,0.0,0.0,0.0,0.0,0
sample_13368.docx,10,66,0.0,0.0,60,0.0,0.0,0.0,0.0,0.0,0
sample_07692.docx,0,0,0.0,0.0,0,0.0,0.0,0.0,0.0,0.0,1
sample_02364.docx,10,66,0.0,0.0,60,0.0,0.0,0.0,0.0,0.0,0
sample_00032.docx,0,0,0.0,0.0,0,0.0,0.0,0.0,0.0,0.0,1
sample_13781.docx,10,66,0.0,0.0,60,0.0,0.0,0.0,0.0,0.0,0
sample_08837.docx,10,66,0.0,0.0,60,0.0,0.0,0.0,0.0,0.0,0
sample_12151.docx,10,66,0.0,0.0,60,0.0,0.0,0.0,0.0,0.0,0
sample_17775.docx,0,0,0.0,0.0,0,0.0,0.0,0.0,0.0,0.0,1
sample_08197.docx,10,66,0.0,0.0,60,0.0,0.0,0.0,0.0,0.0,0
sample_05155.docx,10,66,0.0,0.0,60,0.0,0.0,0.0,0.0,0.0,0
sample_00117.docx,10,66,0.0,0.0,60,0.0,0.0,0.0,0.0,0.0,0
sample_13901.docx,10,66,0.0,0.0,60,0.0,0.0,0.0,0.0,0.0,0
sample_15579.docx,0,0,0.0,0.0,0,0.0,0.0,0.0,0.0,0.0,1
sample_13132.docx,0,0,0.0,0.0,0,0.0,0.0,0.0,0.0,0.0,1
sample_01040.docx,0,0,0.0,0.0,0,0.0,0.0,0.0,0.0,0.0,1
sample_18465.docx,0,0,0.0,0.0,0,0.0,0.0,0.0,0.0,0.0,1
sample_00077.docx,0,0,0.0,0.0,0,0.0,0.0,0.0,0.0,0.0,1
sample_03585.docx,9,100,1.0,1.0,94,3.0,1.0,1.0,1.0,5.0,1
sample_11955.docx,0,0,0.0,0.0,0,0.0,0.0,0.0,0.0,0.0,1
sample_03776.docx,9,100,1.0,1.0,94,3.0,1.0,1.0,1.0,5.0,1
sample_12408.docx,0,0,0.0,0.0,0,0.0,0.0,0.0,0.0,0.0,1
sample_06232.docx,10,66,0.0,0.0,60,0.0,0.0,0.0,0.0,0.0,0
sample_17951.docx,0,0,0.0,0.0,0,0.0,0.0,0.0,0.0,0.0,1
sample_07976.docx,10,66,0.0,0.0,60,0.0,0.0,0.0,0.0,0.0,0
sample_03943.docx,10,66,0.0,0.0,60,0.0,0.0,0.0,0.0,0.0,0
sample_09196.docx,10,66,0.0,0.0,60,0.0,0.0,0.0,0.0,0.0,0
sample_19550.docx,10,66,0.0,0.0,60,0.0,0.0,0.0,0.0,0.0,0
sample_09361.docx,9,66,1.0,1.0,60,3.0,1.0,1.0,1.0,5.0,1
sample_08992.docx,10,66,0.0,0.0,60,0.0,0.0,0.0,0.0,0.0,0
sample_06791.docx,0,0,0.0,0.0,0,0.0,0.0,0.0,0.0,0.0,1
sample_16254.docx,10,66,0.0,0.0,60,0.0,0.0,0.0,0.0,0.0,0
sample_01257.docx,0,0,0.0,0.0,0,0.0,0.0,0.0,0.0,0.0,1
sample_10431.docx,9,66,1.0,1.0,60,3.0,1.0,1.0,1.0,5.0,1
sample_13834.docx,10,66,0.0,0.0,60,0.0,0.0,0.0,0.0,0.0,0
sample_13782.docx,9,100,1.0,1.0,94,3.0,1.0,1.0,1.0,5.0,1
sample_11790.docx,10,66,0.0,0.0,60,0.0,0.0,0.0,0.0,0.0,0
sample_19593.docx,10,66,0.0,0.0,60,0.0,0.0,0.0,0.0,0.0,0
sample_01314.docx,9,100,1.0,1.0,94,3.0,1.0,1.0,1.0,5.0,1
sample_09921.docx,10,66,0.0,0.0,60,0.0,0.0,0.0,0.0,0.0,0
sample_00838.docx,9,100,1.0,1.0,94,3.0,1.0,1.0,1.0,5.0,1
sample_06125.docx,10,66,0.0,0.0,60,0.0,0.0,0.0,0.0,0.0,0
sample_17111.docx,10,66,0.0,0.0,60,0.0,0.0,0.0,0.0,0.0,0
sample_08733.docx,10,66,0.0,0.0,60,0.0,0.0,0.0,0.0,0.0,0
sample_16194.docx,10,66,0.0,0.0,60,0.0,0.0,0.0,0.0,0.0,0
sample_15941.docx,9,100,1.0,1.0,94,3.0,1.0,1.0,1.0,5.0,1
sample_14821.docx,0,0,0.0,0.0,0,0.0,0.0,0.0,0.0,0.0,1
sample_04503.docx,0,0,0.0,0.0,0,0.0,0.0,0.0,0.0,0.0,1
sample_09738.docx,10,66,0.0,0.0,60,0.0,0.0,0.0,0.0,0.0,0
sample_13609.docx,0,0,0.0,0.0,0,0.0,0.0,0.0,0.0,0.0,1
sample_02008.docx,0,0,0.0,0.0,0,0.0,0.0,0.0,0.0,0.0,1
sample_05292.docx,0,0,0.0,0.0,0,0.0,0.0,0.0,0.0,0.0,1
sample_04387.docx,10,66,0.0,0.0,60,0.0,0.0,0.0,0.0,0.0,0
sample_12958.docx,0,0,0.0,0.0,0,0.0,0.0,0.0,0.0,0.0,1
sample_14627.docx,10,66,0.0,0.0,60,0.0,0.0,0.0,0.0,0.0,0
sample_02665.docx,10,66,0.0,0.0,60,0.0,0.0,0.0,0.0,0.0,0
sample_08299.docx,0,0,0.0,0.0,0,0.0,0.0,0.0,0.0,0.0,1
sample_13311.docx,0,0,0.0,0.0,0,0.0,0.0,0.0,0.0,0.0,1
sample_02942.docx,10,66,0.0,0.0,60,0.0,0.0,0.0,0.0,0.0,0
sample_08202.docx,10,66,0.0,0.0,60,0.0,0.0,0.0,0.0,0.0,0
sample_18094.docx,10,66,0.0,0.0,60,0.0,0.0,0.0,0.0,0.0,0
sample_18803.docx,10,66,0.0,0.0,60,0.0,0.0,0.0,0.0,0.0,0
sample_09643.docx,10,66,0.0,0.0,60,0.0,0.0,0.0,0.0,0.0,0
sample_09952.docx,9,66,1.0,1.0,60,3.0,1.0,1.0,1.0,5.0,1
sample_04436.docx,9,100,1.0,1.0,94,3.0,1.0,1.0,1.0,5.0,1
sample_07727.docx,0,0,0.0,0.0,0,0.0,0.0,0.0,0.0,0.0,1
sample_13144.docx,10,66,0.0,0.0,60,0.0,0.0,0.0,0.0,0.0,0
sample_19910.docx,10,66,0.0,0.0,60,0.0,0.0,0.0,0.0,0.0,0
sample_15349.docx,10,66,0.0,0.0,60,0.0,0.0,0.0,0.0,0.0,0
sample_16924.docx,10,66,0.0,0.0,60,0.0,0.0,0.0,0.0,0.0,0
sample_16651.docx,9,100,1.0,1.0,94,3.0,1.0,1.0,1.0,5.0,1
sample_09341.docx,0,0,0.0,0.0,0,0.0,0.0,0.0,0.0,0.0,1
sample_08014.docx,0,0,0.0,0.0,0,0.0,0.0,0.0,0.0,0.0,1
sample_09838.docx,10,66,0.0,0.0,60,0.0,0.0,0.0,0.0,0.0,0
sample_08914.docx,9,100,1.0,1.0,94,3.0,1.0,1.0,1.0,5.0,1
sample_07984.docx,9,100,1.0,1.0,94,3.0,1.0,1.0,1.0,5.0,1
sample_17997.docx,10,66,0.0,0.0,60,0.0,0.0,0.0,0.0,0.0,0
sample_04361.docx,10,66,0.0,0.0,60,0.0,0.0,0.0,0.0,0.0,0
sample_07207.docx,9,100,1.0,1.0,94,3.0,1.0,1.0,1.0,5.0,1
sample_07855.docx,0,0,0.0,0.0,0,0.0,0.0,0.0,0.0,0.0,1
sample_03161.docx,9,66,1.0,1.0,60,3.0,1.0,1.0,1.0,5.0,1
sample_06236.docx,10,66,0.0,0.0,60,0.0,0.0,0.0,0.0,0.0,0
sample_03307.docx,0,0,0.0,0.0,0,0.0,0.0,0.0,0.0,0.0,1
sample_13633.docx,10,66,0.0,0.0,60,0.0,0.0,0.0,0.0,0.0,0
sample_07681.docx,9,100,1.0,1.0,94,3.0,1.0,1.0,1.0,5.0,1
sample_17037.docx,10,66,0.0,0.0,60,0.0,0.0,0.0,0.0,0.0,0
sample_12631.docx,10,66,0.0,0.0,60,0.0,0.0,0.0,0.0,0.0,0
sample_10842.docx,0,0,0.0,0.0,0,0.0,0.0,0.0,0.0,0.0,1
sample_00053.docx,0,0,0.0,0.0,0,0.0,0.0,0.0,0.0,0.0,1
sample_16255.docx,0,0,0.0,0.0,0,0.0,0.0,0.0,0.0,0.0,1
sample_12884.docx,10,66,0.0,0.0,60,0.0,0.0,0.0,0.0,0.0,0
sample_17156.docx,10,66,0.0,0.0,60,0.0,0.0,0.0,0.0,0.0,0
sample_10276.docx,10,66,0.0,0.0,60,0.0,0.0,0.0,0.0,0.0,0
sample_10182.docx,10,66,0.0,0.0,60,0.0,0.0,0.0,0.0,0.0,0
sample_09939.docx,10,66,0.0,0.0,60,0.0,0.0,0.0,0.0,0.0,0
sample_06872.docx,9,100,1.0,1.0,94,3.0,1.0,1.0,1.0,5.0,1
sample_01847.docx,10,66,0.0,0.0,60,0.0,0.0,0.0,0.0,0.0,0
sample_12440.docx,0,0,0.0,0.0,0,0.0,0.0,0.0,0.0,0.0,1
sample_15779.docx,0,0,0.0,0.0,0,0.0,0.0,0.0,0.0,0.0,1
sample_11379.docx,9,66,0.0,0.0,60,0.0,0.0,0.0,0.0,0.0,0
sample_16367.docx,0,0,0.0,0.0,0,0.0,0.0,0.0,0.0,0.0,1
sample_10923.docx,9,100,1.0,1.0,94,3.0,1.0,1.0,1.0,5.0,1
sample_13218.docx,10,66,0.0,0.0,60,0.0,0.0,0.0,0.0,0.0,0
sample_15532.docx,9,66,1.0,1.0,60,3.0,1.0,1.0,1.0,5.0,1
sample_11352.docx,0,0,0.0,0.0,0,0.0,0.0,0.0,0.0,0.0,1
sample_11593.docx,0,0,0.0,0.0,0,0.0,0.0,0.0,0.0,0.0,1
sample_00074.docx,0,0,0.0,0.0,0,0.0,0.0,0.0,0.0,0.0,1
sample_12347.docx,9,100,1.0,1.0,94,3.0,1.0,1.0,1.0,5.0,1
sample_05583.docx,10,66,0.0,0.0,60,0.0,0.0,0.0,0.0,0.0,0
sample_19417.docx,0,0,0.0,0.0,0,0.0,0.0,0.0,0.0,0.0,1
sample_16696.docx,9,100,1.0,1.0,94,3.0,1.0,1.0,1.0,5.0,1
sample_13401.docx,10,66,0.0,0.0,60,0.0,0.0,0.0,0.0,0.0,0
sample_08467.docx,10,66,0.0,0.0,60,0.0,0.0,0.0,0.0,0.0,0
sample_01907.docx,10,66,0.0,0.0,60,0.0,0.0,0.0,0.0,0.0,0
sample_18855.docx,10,66,0.0,0.0,60,0.0,0.0,0.0,0.0,0.0,0
sample_11986.docx,10,66,0.0,0.0,60,0.0,0.0,0.0,0.0,0.0,0
sample_09547.docx,10,66,0.0,0.0,60,0.0,0.0,0.0,0.0,0.0,0
sample_18997.docx,10,66,0.0,0.0,60,0.0,0.0,0.0,0.0,0.0,0
sample_10811.docx,0,0,0.0,0.0,0,0.0,0.0,0.0,0.0,0.0,1
sample_07738.docx,10,66,0.0,0.0,60,0.0,0.0,0.0,0.0,0.0,0
sample_00611.docx,11,64,0.0,0.0,58,0.0,0.0,0.0,0.0,0.0,0
sample_04043.docx,0,0,0.0,0.0,0,0.0,0.0,0.0,0.0,0.0,1
sample_08259.docx,10,66,0.0,0.0,60,0.0,0.0,0.0,0.0,0.0,0
sample_00255.docx,9,66,1.0,1.0,60,3.0,1.0,1.0,1.0,5.0,1
sample_04347.docx,0,0,0.0,0.0,0,0.0,0.0,0.0,0.0,0.0,1
sample_03173.docx,0,0,0.0,0.0,0,0.0,0.0,0.0,0.0,0.0,1
sample_08875.docx,10,66,0.0,0.0,60,0.0,0.0,0.0,0.0,0.0,0
sample_14737.docx,0,0,0.0,0.0,0,0.0,0.0,0.0,0.0,0.0,1
sample_13696.docx,10,66,0.0,0.0,60,0.0,0.0,0.0,0.0,0.0,0
sample_10168.docx,0,0,0.0,0.0,0,0.0,0.0,0.0,0.0,0.0,1
sample_11908.docx,10,66,0.0,0.0,60,0.0,0.0,0.0,0.0,0.0,0
sample_09020.docx,0,0,0.0,0.0,0,0.0,0.0,0.0,0.0,0.0,1
sample_13254.docx,10,66,0.0,0.0,60,0.0,0.0,0.0,0.0,0.0,0
sample_13953.docx,0,0,0.0,0.0,0,0.0,0.0,0.0,0.0,0.0,1
sample_03920.docx,10,66,0.0,0.0,60,0.0,0.0,0.0,0.0,0.0,0
sample_00496.docx,9,66,1.0,1.0,60,3.0,1.0,1.0,1.0,5.0,1
sample_06001.docx,0,0,0.0,0.0,0,0.0,0.0,0.0,0.0,0.0,1
sample_18230.docx,10,66,0.0,0.0,60,0.0,0.0,0.0,0.0,0.0,0
sample_17617.docx,10,66,0.0,0.0,60,0.0,0.0,0.0,0.0,0.0,0
sample_12270.docx,0,0,0.0,0.0,0,0.0,0.0,0.0,0.0,0.0,1
sample_08265.docx,10,66,0.0,0.0,60,0.0,0.0,0.0,0.0,0.0,0
sample_02939.docx,10,66,0.0,0.0,60,0.0,0.0,0.0,0.0,0.0,0
sample_06910.docx,0,0,0.0,0.0,0,0.0,0.0,0.0,0.0,0.0,1
sample_15150.docx,10,66,0.0,0.0,60,0.0,0.0,0.0,0.0,0.0,0
sample_09277.docx,0,0,0.0,0.0,0,0.0,0.0,0.0,0.0,0.0,1
sample_13296.docx,10,66,0.0,0.0,60,0.0,0.0,0.0,0.0,0.0,0
sample_04881.docx,0,0,0.0,0.0,0,0.0,0.0,0.0,0.0,0.0,1
sample_15002.docx,10,66,0.0,0.0,60,0.0,0.0,0.0,0.0,0.0,0
sample_13789.docx,10,66,0.0,0.0,60,0.0,0.0,0.0,0.0,0.0,0
sample_00855.docx,10,66,0.0,0.0,60,0.0,0.0,0.0,0.0,0.0,0
sample_12251.docx,10,66,0.0,0.0,60,0.0,0.0,0.0,0.0,0.0,0
sample_11378.docx,10,66,0.0,0.0,60,0.0,0.0,0.0,0.0,0.0,0
sample_11164.docx,9,100,1.0,1.0,94,3.0,1.0,1.0,1.0,5.0,1
sample_05257.docx,10,66,0.0,0.0,60,0.0,0.0,0.0,0.0,0.0,0
sample_09832.docx,0,0,0.0,0.0,0,0.0,0.0,0.0,0.0,0.0,1
sample_04908.docx,10,66,0.0,0.0,60,0.0,0.0,0.0,0.0,0.0,0
sample_03092.docx,0,0,0.0,0.0,0,0.0,0.0,0.0,0.0,0.0,1
sample_07339.docx,10,66,0.0,0.0,60,0.0,0.0,0.0,0.0,0.0,0
sample_15098.docx,10,66,0.0,0.0,60,0.0,0.0,0.0,0.0,0.0,0
sample_05683.docx,10,66,0.0,0.0,60,0.0,0.0,0.0,0.0,0.0,0
sample_07998.docx,10,66,0.0,0.0,60,0.0,0.0,0.0,0.0,0.0,0
sample_05941.docx,0,0,0.0,0.0,0,0.0,0.0,0.0,0.0,0.0,1
sample_12139.docx,10,66,0.0,0.0,60,0.0,0.0,0.0,0.0,0.0,0
sample_09059.docx,0,0,0.0,0.0,0,0.0,0.0,0.0,0.0,0.0,1
sample_12712.docx,10,66,0.0,0.0,60,0.0,0.0,0.0,0.0,0.0,0
sample_12256.docx,9,100,1.0,1.0,94,3.0,1.0,1.0,1.0,5.0,1
sample_04338.docx,0,0,0.0,0.0,0,0.0,0.0,0.0,0.0,0.0,1
sample_08609.docx,10,66,0.0,0.0,60,0.0,0.0,0.0,0.0,0.0,0
sample_14306.docx,0,0,0.0,0.0,0,0.0,0.0,0.0,0.0,0.0,1
sample_03696.docx,9,66,1.0,1.0,60,3.0,1.0,1.0,1.0,5.0,1
sample_10052.docx,10,66,0.0,0.0,60,0.0,0.0,0.0,0.0,0.0,0
sample_09866.docx,10,66,0.0,0.0,60,0.0,0.0,0.0,0.0,0.0,0
sample_11562.docx,9,100,1.0,1.0,94,3.0,1.0,1.0,1.0,5.0,1
sample_13451.docx,9,100,1.0,1.0,94,3.0,1.0,1.0,1.0,5.0,1
sample_01309.docx,10,66,0.0,0.0,60,0.0,0.0,0.0,0.0,0.0,0
sample_00046.docx,9,100,1.0,1.0,94,3.0,1.0,1.0,1.0,5.0,1
sample_16413.docx,10,66,0.0,0.0,60,0.0,0.0,0.0,0.0,0.0,0
sample_18536.docx,10,66,0.0,0.0,60,0.0,0.0,0.0,0.0,0.0,0
sample_12570.docx,9,100,1.0,1.0,94,3.0,1.0,1.0,1.0,5.0,1
sample_03897.docx,0,0,0.0,0.0,0,0.0,0.0,0.0,0.0,0.0,1
sample_00876.docx,10,66,0.0,0.0,60,0.0,0.0,0.0,0.0,0.0,0
sample_19942.docx,10,66,0.0,0.0,60,0.0,0.0,0.0,0.0,0.0,0
sample_04811.docx,9,66,1.0,1.0,60,3.0,1.0,1.0,1.0,5.0,1
sample_18271.docx,0,0,0.0,0.0,0,0.0,0.0,0.0,0.0,0.0,1
sample_02449.docx,10,66,0.0,0.0,60,0.0,0.0,0.0,0.0,0.0,0
sample_06528.docx,10,66,0.0,0.0,60,0.0,0.0,0.0,0.0,0.0,0
sample_15678.docx,0,0,0.0,0.0,0,0.0,0.0,0.0,0.0,0.0,1
sample_08384.docx,10,66,0.0,0.0,60,0.0,0.0,0.0,0.0,0.0,0
sample_12742.docx,10,66,0.0,0.0,60,0.0,0.0,0.0,0.0,0.0,0
sample_17621.docx,10,66,0.0,0.0,60,0.0,0.0,0.0,0.0,0.0,0
sample_06874.docx,0,0,0.0,0.0,0,0.0,0.0,0.0,0.0,0.0,1
sample_02382.docx,9,66,1.0,1.0,60,3.0,1.0,1.0,1.0,5.0,1
sample_05909.docx,0,0,0.0,0.0,0,0.0,0.0,0.0,0.0,0.0,1
sample_12969.docx,10,66,0.0,0.0,60,0.0,0.0,0.0,0.0,0.0,0
sample_10161.docx,10,66,0.0,0.0,60,0.0,0.0,0.0,0.0,0.0,0
sample_19481.docx,10,66,0.0,0.0,60,0.0,0.0,0.0,0.0,0.0,0
sample_10014.docx,10,66,0.0,0.0,60,0.0,0.0,0.0,0.0,0.0,0
sample_16040.docx,10,66,0.0,0.0,60,0.0,0.0,0.0,0.0,0.0,0
sample_19040.docx,9,100,1.0,1.0,94,3.0,1.0,1.0,1.0,5.0,1
sample_12045.docx,10,66,0.0,0.0,60,0.0,0.0,0.0,0.0,0.0,0
sample_09368.docx,0,0,0.0,0.0,0,0.0,0.0,0.0,0.0,0.0,1
sample_10745.docx,0,0,0.0,0.0,0,0.0,0.0,0.0,0.0,0.0,1
sample_15202.docx,10,66,0.0,0.0,60,0.0,0.0,0.0,0.0,0.0,0
sample_16565.docx,9,100,1.0,1.0,94,3.0,1.0,1.0,1.0,5.0,1
sample_06859.docx,10,66,0.0,0.0,60,0.0,0.0,0.0,0.0,0.0,0
sample_10873.docx,11,64,0.0,0.0,58,0.0,0.0,0.0,0.0,0.0,0
sample_15278.docx,9,100,1.0,1.0,94,3.0,1.0,1.0,1.0,5.0,1
sample_15388.docx,10,66,0.0,0.0,60,0.0,0.0,0.0,0.0,0.0,0
sample_00273.docx,10,66,0.0,0.0,60,0.0,0.0,0.0,0.0,0.0,0
sample_03928.docx,9,100,1.0,1.0,94,3.0,1.0,1.0,1.0,5.0,1
sample_05085.docx,10,66,0.0,0.0,60,0.0,0.0,0.0,0.0,0.0,0
sample_11239.docx,10,66,0.0,0.0,60,0.0,0.0,0.0,0.0,0.0,0
sample_13393.docx,9,100,1.0,1.0,94,3.0,1.0,1.0,1.0,5.0,1
sample_16969.docx,0,0,0.0,0.0,0,0.0,0.0,0.0,0.0,0.0,1
sample_01837.docx,0,0,0.0,0.0,0,0.0,0.0,0.0,0.0,0.0,1
sample_13474.docx,0,0,0.0,0.0,0,0.0,0.0,0.0,0.0,0.0,1
sample_11000.docx,0,0,0.0,0.0,0,0.0,0.0,0.0,0.0,0.0,1
sample_16735.docx,10,66,0.0,0.0,60,0.0,0.0,0.0,0.0,0.0,0
sample_11383.docx,10,66,0.0,0.0,60,0.0,0.0,0.0,0.0,0.0,0
sample_18164.docx,9,66,1.0,1.0,60,3.0,1.0,1.0,1.0,5.0,1
sample_04485.docx,10,66,0.0,0.0,60,0.0,0.0,0.0,0.0,0.0,0
sample_15393.docx,10,66,0.0,0.0,60,0.0,0.0,0.0,0.0,0.0,0
sample_10671.docx,10,66,0.0,0.0,60,0.0,0.0,0.0,0.0,0.0,0
sample_02212.docx,0,0,0.0,0.0,0,0.0,0.0,0.0,0.0,0.0,1
sample_13212.docx,10,66,0.0,0.0,60,0.0,0.0,0.0,0.0,0.0,0
sample_10655.docx,9,66,1.0,1.0,60,3.0,1.0,1.0,1.0,5.0,1
sample_18826.docx,10,66,0.0,0.0,60,0.0,0.0,0.0,0.0,0.0,0
sample_05241.docx,9,100,1.0,1.0,94,3.0,1.0,1.0,1.0,5.0,1
sample_17608.docx,10,66,0.0,0.0,60,0.0,0.0,0.0,0.0,0.0,0
sample_15458.docx,10,66,0.0,0.0,60,0.0,0.0,0.0,0.0,0.0,0
sample_00953.docx,10,66,0.0,0.0,60,0.0,0.0,0.0,0.0,0.0,0
sample_09895.docx,0,0,0.0,0.0,0,0.0,0.0,0.0,0.0,0.0,1
sample_16141.docx,10,66,0.0,0.0,60,0.0,0.0,0.0,0.0,0.0,0
sample_09432.docx,0,0,0.0,0.0,0,0.0,0.0,0.0,0.0,0.0,1
sample_10819.docx,0,0,0.0,0.0,0,0.0,0.0,0.0,0.0,0.0,1
sample_16595.docx,10,66,0.0,0.0,60,0.0,0.0,0.0,0.0,0.0,0
sample_07235.docx,0,0,0.0,0.0,0,0.0,0.0,0.0,0.0,0.0,1
sample_10102.docx,0,0,0.0,0.0,0,0.0,0.0,0.0,0.0,0.0,1
sample_12437.docx,9,100,1.0,1.0,94,3.0,1.0,1.0,1.0,5.0,1
sample_16604.docx,10,66,0.0,0.0,60,0.0,0.0,0.0,0.0,0.0,0
sample_12991.docx,10,66,0.0,0.0,60,0.0,0.0,0.0,0.0,0.0,0
sample_16282.docx,0,0,0.0,0.0,0,0.0,0.0,0.0,0.0,0.0,1
sample_10299.docx,0,0,0.0,0.0,0,0.0,0.0,0.0,0.0,0.0,1
sample_04346.docx,0,0,0.0,0.0,0,0.0,0.0,0.0,0.0,0.0,1
sample_14655.docx,10,66,0.0,0.0,60,0.0,0.0,0.0,0.0,0.0,0
sample_02686.docx,0,0,0.0,0.0,0,0.0,0.0,0.0,0.0,0.0,1
sample_07078.docx,9,100,1.0,1.0,94,3.0,1.0,1.0,1.0,5.0,1
sample_08797.docx,10,66,0.0,0.0,60,0.0,0.0,0.0,0.0,0.0,0
sample_10249.docx,0,0,0.0,0.0,0,0.0,0.0,0.0,0.0,0.0,1
sample_19187.docx,0,0,0.0,0.0,0,0.0,0.0,0.0,0.0,0.0,1
sample_11143.docx,0,0,0.0,0.0,0,0.0,0.0,0.0,0.0,0.0,1
sample_05012.docx,0,0,0.0,0.0,0,0.0,0.0,0.0,0.0,0.0,1
sample_11196.docx,9,100,1.0,1.0,94,3.0,1.0,1.0,1.0,5.0,1
sample_19455.docx,10,66,0.0,0.0,60,0.0,0.0,0.0,0.0,0.0,0
sample_17351.docx,0,0,0.0,0.0,0,0.0,0.0,0.0,0.0,0.0,1
sample_03155.docx,10,66,0.0,0.0,60,0.0,0.0,0.0,0.0,0.0,0
sample_17282.docx,0,0,0.0,0.0,0,0.0,0.0,0.0,0.0,0.0,1
sample_09986.docx,10,66,0.0,0.0,60,0.0,0.0,0.0,0.0,0.0,0
sample_03465.docx,10,66,0.0,0.0,60,0.0,0.0,0.0,0.0,0.0,0
sample_00342.docx,0,0,0.0,0.0,0,0.0,0.0,0.0,0.0,0.0,1
sample_09655.docx,9,100,1.0,1.0,94,3.0,1.0,1.0,1.0,5.0,1
sample_02366.docx,10,66,0.0,0.0,60,0.0,0.0,0.0,0.0,0.0,0
sample_04224.docx,10,66,0.0,0.0,60,0.0,0.0,0.0,0.0,0.0,0
sample_01099.docx,9,100,1.0,1.0,94,3.0,1.0,1.0,1.0,5.0,1
sample_17176.docx,10,66,0.0,0.0,60,0.0,0.0,0.0,0.0,0.0,0
sample_04167.docx,10,66,0.0,0.0,60,0.0,0.0,0.0,0.0,0.0,0
sample_00008.docx,10,66,0.0,0.0,60,0.0,0.0,0.0,0.0,0.0,0
sample_17312.docx,0,0,0.0,0.0,0,0.0,0.0,0.0,0.0,0.0,1
sample_03703.docx,0,0,0.0,0.0,0,0.0,0.0,0.0,0.0,0.0,1
sample_06774.docx,10,66,0.0,0.0,60,0.0,0.0,0.0,0.0,0.0,0
sample_14621.docx,0,0,0.0,0.0,0,0.0,0.0,0.0,0.0,0.0,1
sample_04805.docx,10,66,0.0,0.0,60,0.0,0.0,0.0,0.0,0.0,0
sample_19741.docx,0,0,0.0,0.0,0,0.0,0.0,0.0,0.0,0.0,1
sample_00866.docx,9,100,1.0,1.0,94,3.0,1.0,1.0,1.0,5.0,1
sample_18162.docx,9,100,1.0,1.0,94,3.0,1.0,1.0,1.0,5.0,1
sample_16996.docx,0,0,0.0,0.0,0,0.0,0.0,0.0,0.0,0.0,1
sample_07094.docx,11,66,0.0,0.0,60,0.0,0.0,0.0,0.0,0.0,0
sample_01280.docx,0,0,0.0,0.0,0,0.0,0.0,0.0,0.0,0.0,1
sample_19428.docx,0,0,0.0,0.0,0,0.0,0.0,0.0,0.0,0.0,1
sample_15534.docx,10,66,0.0,0.0,60,0.0,0.0,0.0,0.0,0.0,0
sample_00744.docx,0,0,0.0,0.0,0,0.0,0.0,0.0,0.0,0.0,1
sample_09965.docx,10,66,0.0,0.0,60,0.0,0.0,0.0,0.0,0.0,0
sample_07651.docx,10,66,0.0,0.0,60,0.0,0.0,0.0,0.0,0.0,0
sample_16055.docx,10,66,0.0,0.0,60,0.0,0.0,0.0,0.0,0.0,0
sample_07800.docx,10,66,0.0,0.0,60,0.0,0.0,0.0,0.0,0.0,0
sample_02888.docx,0,0,0.0,0.0,0,0.0,0.0,0.0,0.0,0.0,1
sample_09928.docx,9,100,1.0,1.0,94,3.0,1.0,1.0,1.0,5.0,1
sample_02675.docx,0,0,0.0,0.0,0,0.0,0.0,0.0,0.0,0.0,1
sample_03287.docx,0,0,0.0,0.0,0,0.0,0.0,0.0,0.0,0.0,1
sample_01415.docx,10,66,0.0,0.0,60,0.0,0.0,0.0,0.0,0.0,0
sample_07046.docx,10,66,0.0,0.0,60,0.0,0.0,0.0,0.0,0.0,0
sample_19574.docx,10,66,0.0,0.0,60,0.0,0.0,0.0,0.0,0.0,0
sample_03744.docx,10,66,0.0,0.0,60,0.0,0.0,0.0,0.0,0.0,0
sample_05242.docx,0,0,0.0,0.0,0,0.0,0.0,0.0,0.0,0.0,1
sample_05354.docx,9,100,1.0,1.0,94,3.0,1.0,1.0,1.0,5.0,1
sample_01085.docx,0,0,0.0,0.0,0,0.0,0.0,0.0,0.0,0.0,1
sample_05957.docx,9,100,1.0,1.0,94,3.0,1.0,1.0,1.0,5.0,1
sample_13030.docx,10,66,0.0,0.0,60,0.0,0.0,0.0,0.0,0.0,0
sample_04000.docx,9,100,1.0,1.0,94,3.0,1.0,1.0,1.0,5.0,1
sample_17992.docx,9,100,1.0,1.0,94,3.0,1.0,1.0,1.0,5.0,1
sample_03888.docx,9,100,1.0,1.0,94,3.0,1.0,1.0,1.0,5.0,1
sample_02215.docx,10,66,0.0,0.0,60,0.0,0.0,0.0,0.0,0.0,0
sample_03183.docx,10,66,0.0,0.0,60,0.0,0.0,0.0,0.0,0.0,0
sample_04283.docx,10,66,0.0,0.0,60,0.0,0.0,0.0,0.0,0.0,0
sample_07396.docx,10,66,0.0,0.0,60,0.0,0.0,0.0,0.0,0.0,0
sample_03502.docx,10,66,0.0,0.0,60,0.0,0.0,0.0,0.0,0.0,0
sample_07446.docx,0,0,0.0,0.0,0,0.0,0.0,0.0,0.0,0.0,1
sample_14255.docx,10,66,0.0,0.0,60,0.0,0.0,0.0,0.0,0.0,0
sample_09480.docx,10,66,0.0,0.0,60,0.0,0.0,0.0,0.0,0.0,0
sample_06056.docx,10,66,0.0,0.0,60,0.0,0.0,0.0,0.0,0.0,0
sample_00982.docx,9,66,1.0,1.0,60,3.0,1.0,1.0,1.0,5.0,1
sample_04831.docx,10,66,0.0,0.0,60,0.0,0.0,0.0,0.0,0.0,0
sample_10201.docx,10,66,0.0,0.0,60,0.0,0.0,0.0,0.0,0.0,0
sample_18708.docx,0,0,0.0,0.0,0,0.0,0.0,0.0,0.0,0.0,1
sample_16101.docx,9,100,1.0,1.0,94,3.0,1.0,1.0,1.0,5.0,1
sample_15201.docx,0,0,0.0,0.0,0,0.0,0.0,0.0,0.0,0.0,1
sample_19893.docx,0,0,0.0,0.0,0,0.0,0.0,0.0,0.0,0.0,1
sample_08269.docx,0,0,0.0,0.0,0,0.0,0.0,0.0,0.0,0.0,1
sample_01964.docx,10,66,0.0,0.0,60,0.0,0.0,0.0,0.0,0.0,0
sample_09149.docx,0,0,0.0,0.0,0,0.0,0.0,0.0,0.0,0.0,1
sample_10632.docx,10,66,0.0,0.0,60,0.0,0.0,0.0,0.0,0.0,0
sample_01383.docx,9,100,1.0,1.0,94,3.0,1.0,1.0,1.0,5.0,1
sample_03567.docx,0,0,0.0,0.0,0,0.0,0.0,0.0,0.0,0.0,1
sample_14675.docx,9,66,1.0,1.0,60,3.0,1.0,1.0,1.0,5.0,1
sample_15526.docx,10,66,0.0,0.0,60,0.0,0.0,0.0,0.0,0.0,0
sample_06851.docx,0,0,0.0,0.0,0,0.0,0.0,0.0,0.0,0.0,1
sample_06803.docx,9,100,1.0,1.0,94,3.0,1.0,1.0,1.0,5.0,1
sample_17328.docx,9,100,1.0,1.0,94,3.0,1.0,1.0,1.0,5.0,1
sample_13340.docx,0,0,0.0,0.0,0,0.0,0.0,0.0,0.0,0.0,1
sample_12877.docx,9,100,1.0,1.0,94,3.0,1.0,1.0,1.0,5.0,1
sample_09773.docx,10,66,0.0,0.0,60,0.0,0.0,0.0,0.0,0.0,0
sample_09557.docx,9,100,1.0,1.0,94,3.0,1.0,1.0,1.0,5.0,1
sample_15682.docx,10,66,0.0,0.0,60,0.0,0.0,0.0,0.0,0.0,0
sample_00145.docx,10,66,0.0,0.0,60,0.0,0.0,0.0,0.0,0.0,0
sample_11840.docx,10,66,0.0,0.0,60,0.0,0.0,0.0,0.0,0.0,0
sample_01365.docx,10,66,0.0,0.0,60,0.0,0.0,0.0,0.0,0.0,0
sample_12427.docx,10,66,0.0,0.0,60,0.0,0.0,0.0,0.0,0.0,0
sample_11338.docx,0,0,0.0,0.0,0,0.0,0.0,0.0,0.0,0.0,1
sample_00770.docx,9,100,1.0,1.0,94,3.0,1.0,1.0,1.0,5.0,1
sample_12163.docx,10,66,0.0,0.0,60,0.0,0.0,0.0,0.0,0.0,0
sample_15557.docx,0,66,0.0,0.0,60,0.0,0.0,0.0,0.0,0.0,0
sample_17299.docx,10,66,0.0,0.0,60,0.0,0.0,0.0,0.0,0.0,0
sample_15924.docx,0,0,0.0,0.0,0,0.0,0.0,0.0,0.0,0.0,1
sample_06514.docx,10,66,0.0,0.0,60,0.0,0.0,0.0,0.0,0.0,0
sample_14285.docx,0,0,0.0,0.0,0,0.0,0.0,0.0,0.0,0.0,1
sample_13377.docx,10,66,0.0,0.0,60,0.0,0.0,0.0,0.0,0.0,0
sample_17701.docx,0,0,0.0,0.0,0,0.0,0.0,0.0,0.0,0.0,1
sample_06261.docx,0,0,0.0,0.0,0,0.0,0.0,0.0,0.0,0.0,1
sample_02952.docx,10,66,0.0,0.0,60,0.0,0.0,0.0,0.0,0.0,0
sample_03185.docx,0,0,0.0,0.0,0,0.0,0.0,0.0,0.0,0.0,1
sample_18114.docx,0,100,0.0,0.0,94,0.0,0.0,0.0,0.0,0.0,0
sample_18681.docx,9,66,1.0,1.0,60,3.0,1.0,1.0,1.0,5.0,1
sample_12127.docx,0,0,0.0,0.0,0,0.0,0.0,0.0,0.0,0.0,1
sample_15970.docx,9,66,1.0,1.0,60,3.0,1.0,1.0,1.0,5.0,1
sample_04865.docx,9,66,1.0,1.0,60,3.0,1.0,1.0,1.0,5.0,1
sample_12930.docx,0,0,0.0,0.0,0,0.0,0.0,0.0,0.0,0.0,1
sample_09652.docx,10,66,0.0,0.0,60,0.0,0.0,0.0,0.0,0.0,0
sample_17971.docx,0,0,0.0,0.0,0,0.0,0.0,0.0,0.0,0.0,1
sample_04285.docx,10,66,0.0,0.0,60,0.0,0.0,0.0,0.0,0.0,0
sample_10541.docx,9,100,1.0,1.0,94,3.0,1.0,1.0,1.0,5.0,1
sample_18358.docx,10,66,0.0,0.0,60,0.0,0.0,0.0,0.0,0.0,0
sample_13367.docx,0,0,0.0,0.0,0,0.0,0.0,0.0,0.0,0.0,1
sample_05505.docx,10,66,0.0,0.0,60,0.0,0.0,0.0,0.0,0.0,0
sample_05156.docx,10,66,0.0,0.0,60,0.0,0.0,0.0,0.0,0.0,0
sample_08594.docx,10,66,0.0,0.0,60,0.0,0.0,0.0,0.0,0.0,0
sample_11391.docx,0,0,0.0,0.0,0,0.0,0.0,0.0,0.0,0.0,1
sample_14395.docx,0,0,0.0,0.0,0,0.0,0.0,0.0,0.0,0.0,1
sample_03243.docx,9,100,1.0,1.0,94,3.0,1.0,1.0,1.0,5.0,1
sample_14001.docx,10,66,0.0,0.0,60,0.0,0.0,0.0,0.0,0.0,0
sample_00535.docx,10,66,0.0,0.0,60,0.0,0.0,0.0,0.0,0.0,0
sample_16663.docx,9,66,1.0,1.0,60,3.0,1.0,1.0,1.0,5.0,1
sample_12097.docx,0,0,0.0,0.0,0,0.0,0.0,0.0,0.0,0.0,1
sample_04473.docx,9,100,0.0,0.0,94,0.0,0.0,0.0,0.0,0.0,0
sample_01088.docx,10,66,0.0,0.0,60,0.0,0.0,0.0,0.0,0.0,0
sample_19886.docx,0,0,0.0,0.0,0,0.0,0.0,0.0,0.0,0.0,1
sample_00630.docx,10,66,0.0,0.0,60,0.0,0.0,0.0,0.0,0.0,0
sample_14839.docx,10,66,0.0,0.0,60,0.0,0.0,0.0,0.0,0.0,0
sample_17277.docx,10,66,0.0,0.0,60,0.0,0.0,0.0,0.0,0.0,0
sample_06775.docx,0,0,0.0,0.0,0,0.0,0.0,0.0,0.0,0.0,1
sample_08352.docx,0,0,0.0,0.0,0,0.0,0.0,0.0,0.0,0.0,1
sample_01887.docx,0,0,0.0,0.0,0,0.0,0.0,0.0,0.0,0.0,1
sample_02092.docx,9,100,1.0,1.0,94,3.0,1.0,1.0,1.0,4.0,1
sample_02537.docx,9,100,1.0,1.0,94,3.0,1.0,1.0,1.0,5.0,1
sample_16704.docx,10,66,0.0,0.0,60,0.0,0.0,0.0,0.0,0.0,0
sample_11889.docx,0,0,0.0,0.0,0,0.0,0.0,0.0,0.0,0.0,1
sample_14749.docx,0,0,0.0,0.0,0,0.0,0.0,0.0,0.0,0.0,1
sample_19870.docx,10,66,0.0,0.0,60,0.0,0.0,0.0,0.0,0.0,0
sample_00980.docx,10,66,0.0,0.0,60,0.0,0.0,0.0,0.0,0.0,0
sample_02688.docx,0,0,0.0,0.0,0,0.0,0.0,0.0,0.0,0.0,1
sample_09088.docx,0,0,0.0,0.0,0,0.0,0.0,0.0,0.0,0.0,1
sample_08537.docx,10,66,0.0,0.0,60,0.0,0.0,0.0,0.0,0.0,0
sample_19582.docx,9,100,1.0,1.0,94,3.0,1.0,1.0,1.0,5.0,1
sample_01326.docx,9,66,1.0,1.0,60,3.0,1.0,1.0,1.0,5.0,1
sample_18143.docx,0,0,0.0,0.0,0,0.0,0.0,0.0,0.0,0.0,1
sample_16464.docx,0,0,0.0,0.0,0,0.0,0.0,0.0,0.0,0.0,1
sample_06548.docx,10,66,0.0,0.0,60,0.0,0.0,0.0,0.0,0.0,0
sample_01516.docx,0,0,0.0,0.0,0,0.0,0.0,0.0,0.0,0.0,1
sample_09815.docx,10,66,0.0,0.0,60,0.0,0.0,0.0,0.0,0.0,0
sample_06154.docx,9,66,1.0,1.0,60,3.0,1.0,1.0,1.0,5.0,1
sample_10361.docx,9,100,1.0,1.0,94,3.0,1.0,1.0,1.0,5.0,1
sample_10359.docx,10,66,0.0,0.0,60,0.0,0.0,0.0,0.0,0.0,0
sample_19300.docx,9,100,1.0,1.0,94,3.0,1.0,1.0,1.0,5.0,1
sample_01157.docx,10,66,0.0,0.0,60,0.0,0.0,0.0,0.0,0.0,0
sample_19349.docx,9,66,1.0,1.0,60,3.0,1.0,1.0,1.0,5.0,1
sample_13220.docx,0,0,0.0,0.0,0,0.0,0.0,0.0,0.0,0.0,1
sample_02874.docx,10,66,0.0,0.0,60,0.0,0.0,0.0,0.0,0.0,0
sample_00570.docx,10,66,0.0,0.0,60,0.0,0.0,0.0,0.0,0.0,0
sample_13608.docx,0,66,0.0,0.0,60,0.0,0.0,0.0,0.0,0.0,0
sample_14681.docx,10,66,0.0,0.0,60,0.0,0.0,0.0,0.0,0.0,0
sample_00885.docx,10,66,0.0,0.0,60,0.0,0.0,0.0,0.0,0.0,0
sample_19816.docx,0,0,0.0,0.0,0,0.0,0.0,0.0,0.0,0.0,1
sample_16132.docx,10,66,0.0,0.0,60,0.0,0.0,0.0,0.0,0.0,0
sample_07811.docx,0,0,0.0,0.0,0,0.0,0.0,0.0,0.0,0.0,1
sample_06833.docx,0,0,0.0,0.0,0,0.0,0.0,0.0,0.0,0.0,1
sample_01359.docx,10,66,0.0,0.0,60,0.0,0.0,0.0,0.0,0.0,0
sample_15786.docx,10,66,0.0,0.0,60,0.0,0.0,0.0,0.0,0.0,0
sample_10577.docx,9,66,1.0,1.0,60,3.0,1.0,1.0,1.0,5.0,1
sample_18290.docx,10,66,0.0,0.0,60,0.0,0.0,0.0,0.0,0.0,0
sample_11670.docx,9,66,0.0,0.0,60,0.0,0.0,0.0,0.0,0.0,0
sample_00404.docx,9,100,1.0,1.0,94,3.0,1.0,1.0,1.0,5.0,1
sample_12652.docx,10,66,0.0,0.0,60,0.0,0.0,0.0,0.0,0.0,0
sample_15470.docx,9,100,1.0,1.0,94,3.0,1.0,1.0,1.0,5.0,1
sample_11548.docx,0,0,0.0,0.0,0,0.0,0.0,0.0,0.0,0.0,1
sample_06914.docx,11,64,0.0,0.0,58,0.0,0.0,0.0,0.0,0.0,0
sample_05456.docx,0,0,0.0,0.0,0,0.0,0.0,0.0,0.0,0.0,1
sample_07564.docx,10,66,0.0,0.0,60,0.0,0.0,0.0,0.0,0.0,0
sample_06861.docx,10,66,0.0,0.0,60,0.0,0.0,0.0,0.0,0.0,0
sample_16108.docx,10,66,0.0,0.0,60,0.0,0.0,0.0,0.0,0.0,0
sample_15491.docx,0,0,0.0,0.0,0,0.0,0.0,0.0,0.0,0.0,1
sample_19693.docx,0,0,0.0,0.0,0,0.0,0.0,0.0,0.0,0.0,1
sample_19407.docx,10,66,0.0,0.0,60,0.0,0.0,0.0,0.0,0.0,0
sample_10957.docx,0,0,0.0,0.0,0,0.0,0.0,0.0,0.0,0.0,1
sample_00761.docx,10,66,0.0,0.0,60,0.0,0.0,0.0,0.0,0.0,0
sample_12246.docx,10,66,0.0,0.0,60,0.0,0.0,0.0,0.0,0.0,0
sample_00565.docx,10,66,0.0,0.0,60,0.0,0.0,0.0,0.0,0.0,0
sample_08896.docx,0,0,0.0,0.0,0,0.0,0.0,0.0,0.0,0.0,1
sample_19996.docx,9,100,1.0,1.0,94,3.0,1.0,1.0,1.0,5.0,1
sample_19224.docx,0,0,0.0,0.0,0,0.0,0.0,0.0,0.0,0.0,1
sample_10550.docx,10,66,0.0,0.0,60,0.0,0.0,0.0,0.0,0.0,0
sample_07960.docx,10,66,0.0,0.0,60,0.0,0.0,0.0,0.0,0.0,0
sample_05867.docx,0,0,0.0,0.0,0,0.0,0.0,0.0,0.0,0.0,1
sample_02073.docx,9,66,1.0,1.0,60,3.0,1.0,1.0,1.0,5.0,1
sample_14307.docx,10,66,0.0,0.0,60,0.0,0.0,0.0,0.0,0.0,0
sample_02126.docx,0,0,0.0,0.0,0,0.0,0.0,0.0,0.0,0.0,1
sample_05918.docx,10,66,0.0,0.0,60,0.0,0.0,0.0,0.0,0.0,0
sample_00051.docx,0,0,0.0,0.0,0,0.0,0.0,0.0,0.0,0.0,1
sample_05323.docx,10,66,0.0,0.0,60,0.0,0.0,0.0,0.0,0.0,0
sample_02072.docx,0,0,0.0,0.0,0,0.0,0.0,0.0,0.0,0.0,1
sample_18810.docx,0,0,0.0,0.0,0,0.0,0.0,0.0,0.0,0.0,1
sample_09867.docx,9,100,1.0,1.0,94,3.0,1.0,1.0,1.0,5.0,1
sample_05806.docx,10,66,0.0,0.0,60,0.0,0.0,0.0,0.0,0.0,0
sample_04416.docx,0,0,0.0,0.0,0,0.0,0.0,0.0,0.0,0.0,1
sample_07819.docx,10,66,0.0,0.0,60,0.0,0.0,0.0,0.0,0.0,0
sample_18925.docx,10,66,0.0,0.0,60,0.0,0.0,0.0,0.0,0.0,0
sample_18279.docx,0,0,0.0,0.0,0,0.0,0.0,0.0,0.0,0.0,1
sample_13083.docx,0,0,0.0,0.0,0,0.0,0.0,0.0,0.0,0.0,1
sample_19756.docx,10,66,0.0,0.0,60,0.0,0.0,0.0,0.0,0.0,0
sample_16842.docx,9,100,1.0,1.0,94,3.0,1.0,1.0,1.0,5.0,1
sample_04186.docx,0,0,0.0,0.0,0,0.0,0.0,0.0,0.0,0.0,1
sample_13509.docx,10,66,0.0,0.0,60,0.0,0.0,0.0,0.0,0.0,0
sample_09113.docx,0,0,0.0,0.0,0,0.0,0.0,0.0,0.0,0.0,1
sample_03400.docx,9,100,1.0,1.0,94,3.0,1.0,1.0,1.0,5.0,1
sample_02466.docx,0,0,0.0,0.0,0,0.0,0.0,0.0,0.0,0.0,1
sample_01376.docx,0,0,0.0,0.0,0,0.0,0.0,0.0,0.0,0.0,1
sample_14383.docx,10,66,0.0,0.0,60,0.0,0.0,0.0,0.0,0.0,0
sample_04015.docx,0,0,0.0,0.0,0,0.0,0.0,0.0,0.0,0.0,1
sample_10627.docx,9,66,1.0,1.0,60,3.0,1.0,1.0,1.0,5.0,1
sample_13179.docx,9,100,1.0,1.0,94,3.0,1.0,1.0,1.0,5.0,1
sample_19771.docx,9,100,0.0,0.0,94,0.0,0.0,0.0,0.0,0.0,0
sample_16706.docx,9,100,1.0,1.0,94,3.0,1.0,1.0,1.0,5.0,1
sample_12965.docx,0,0,0.0,0.0,0,0.0,0.0,0.0,0.0,0.0,1
sample_17954.docx,0,0,0.0,0.0,0,0.0,0.0,0.0,0.0,0.0,1
sample_03635.docx,0,0,0.0,0.0,0,0.0,0.0,0.0,0.0,0.0,1
sample_17228.docx,9,100,1.0,1.0,94,3.0,1.0,1.0,1.0,5.0,1
sample_10501.docx,0,0,0.0,0.0,0,0.0,0.0,0.0,0.0,0.0,1
sample_05335.docx,0,0,0.0,0.0,0,0.0,0.0,0.0,0.0,0.0,1
sample_16324.docx,10,66,0.0,0.0,60,0.0,0.0,0.0,0.0,0.0,0
sample_02980.docx,10,66,0.0,0.0,60,0.0,0.0,0.0,0.0,0.0,0
sample_18777.docx,0,0,0.0,0.0,0,0.0,0.0,0.0,0.0,0.0,1
sample_14975.docx,0,0,0.0,0.0,0,0.0,0.0,0.0,0.0,0.0,1
sample_19627.docx,10,66,0.0,0.0,60,0.0,0.0,0.0,0.0,0.0,0
sample_02115.docx,11,66,0.0,0.0,60,0.0,0.0,0.0,0.0,0.0,0
sample_15351.docx,10,66,0.0,0.0,60,0.0,0.0,0.0,0.0,0.0,0
sample_12444.docx,10,66,0.0,0.0,60,0.0,0.0,0.0,0.0,0.0,0
sample_14124.docx,10,66,0.0,0.0,60,0.0,0.0,0.0,0.0,0.0,0
sample_18907.docx,9,100,1.0,1.0,94,3.0,1.0,1.0,1.0,5.0,1
sample_17410.docx,10,66,0.0,0.0,60,0.0,0.0,0.0,0.0,0.0,0
sample_18069.docx,10,66,0.0,0.0,60,0.0,0.0,0.0,0.0,0.0,0
sample_10856.docx,0,0,0.0,0.0,0,0.0,0.0,0.0,0.0,0.0,1
sample_17188.docx,10,66,0.0,0.0,60,0.0,0.0,0.0,0.0,0.0,0
sample_01755.docx,10,66,0.0,0.0,60,0.0,0.0,0.0,0.0,0.0,0
sample_03763.docx,0,0,0.0,0.0,0,0.0,0.0,0.0,0.0,0.0,1
sample_00964.docx,10,66,0.0,0.0,60,0.0,0.0,0.0,0.0,0.0,0
sample_16024.docx,10,66,0.0,0.0,60,0.0,0.0,0.0,0.0,0.0,0
sample_11624.docx,10,66,0.0,0.0,60,0.0,0.0,0.0,0.0,0.0,0
sample_00795.docx,0,0,0.0,0.0,0,0.0,0.0,0.0,0.0,0.0,1
sample_19071.docx,10,66,0.0,0.0,60,0.0,0.0,0.0,0.0,0.0,0
sample_00655.docx,10,66,0.0,0.0,60,0.0,0.0,0.0,0.0,0.0,0
sample_18365.docx,0,0,0.0,0.0,0,0.0,0.0,0.0,0.0,0.0,1
sample_17160.docx,0,0,0.0,0.0,0,0.0,0.0,0.0,0.0,0.0,1
sample_13074.docx,9,66,0.0,0.0,60,0.0,0.0,0.0,0.0,0.0,0
sample_09666.docx,0,0,0.0,0.0,0,0.0,0.0,0.0,0.0,0.0,1
sample_13973.docx,9,66,1.0,1.0,60,3.0,1.0,1.0,1.0,5.0,1
sample_00732.docx,10,66,0.0,0.0,60,0.0,0.0,0.0,0.0,0.0,0
sample_18060.docx,0,0,0.0,0.0,0,0.0,0.0,0.0,0.0,0.0,1
sample_06598.docx,10,66,0.0,0.0,60,0.0,0.0,0.0,0.0,0.0,0
sample_05557.docx,9,100,1.0,1.0,94,3.0,1.0,1.0,1.0,5.0,1
sample_11237.docx,10,66,0.0,0.0,60,0.0,0.0,0.0,0.0,0.0,0
sample_00493.docx,10,66,0.0,0.0,60,0.0,0.0,0.0,0.0,0.0,0
sample_12476.docx,9,66,1.0,1.0,60,3.0,1.0,1.0,1.0,5.0,1
sample_15389.docx,10,66,0.0,0.0,60,0.0,0.0,0.0,0.0,0.0,0
sample_05423.docx,10,66,0.0,0.0,60,0.0,0.0,0.0,0.0,0.0,0
sample_06693.docx,10,66,0.0,0.0,60,0.0,0.0,0.0,0.0,0.0,0
sample_06178.docx,9,66,1.0,1.0,60,3.0,1.0,1.0,1.0,5.0,1
sample_02012.docx,0,0,0.0,0.0,0,0.0,0.0,0.0,0.0,0.0,1
sample_18224.docx,0,0,0.0,0.0,0,0.0,0.0,0.0,0.0,0.0,1
sample_13006.docx,11,66,0.0,0.0,60,0.0,0.0,0.0,0.0,0.0,0
sample_10908.docx,0,0,0.0,0.0,0,0.0,0.0,0.0,0.0,0.0,1
sample_08846.docx,10,66,0.0,0.0,60,0.0,0.0,0.0,0.0,0.0,0
sample_18298.docx,10,66,0.0,0.0,60,0.0,0.0,0.0,0.0,0.0,0
sample_07371.docx,10,66,0.0,0.0,60,0.0,0.0,0.0,0.0,0.0,0
sample_13979.docx,0,0,0.0,0.0,0,0.0,0.0,0.0,0.0,0.0,1
sample_17002.docx,0,0,0.0,0.0,0,0.0,0.0,0.0,0.0,0.0,1
sample_00634.docx,10,66,0.0,0.0,60,0.0,0.0,0.0,0.0,0.0,0
sample_17560.docx,9,66,1.0,1.0,60,3.0,1.0,1.0,1.0,5.0,1
sample_08577.docx,10,66,0.0,0.0,60,0.0,0.0,0.0,0.0,0.0,0
sample_05100.docx,9,100,1.0,1.0,94,3.0,1.0,1.0,1.0,5.0,1
sample_07682.docx,10,66,0.0,0.0,60,0.0,0.0,0.0,0.0,0.0,0
sample_07170.docx,0,0,0.0,0.0,0,0.0,0.0,0.0,0.0,0.0,1
sample_05404.docx,0,0,0.0,0.0,0,0.0,0.0,0.0,0.0,0.0,1
sample_03310.docx,10,66,0.0,0.0,60,0.0,0.0,0.0,0.0,0.0,0
sample_01659.docx,10,66,0.0,0.0,60,0.0,0.0,0.0,0.0,0.0,0
sample_16160.docx,9,100,1.0,1.0,94,3.0,1.0,1.0,1.0,5.0,1
sample_19556.docx,10,66,0.0,0.0,60,0.0,0.0,0.0,0.0,0.0,0
sample_14344.docx,10,66,0.0,0.0,60,0.0,0.0,0.0,0.0,0.0,0
sample_03858.docx,9,66,1.0,1.0,60,3.0,1.0,1.0,1.0,5.0,1
sample_13278.docx,10,66,0.0,0.0,60,0.0,0.0,0.0,0.0,0.0,0
sample_09021.docx,0,0,0.0,0.0,0,0.0,0.0,0.0,0.0,0.0,1
sample_07612.docx,0,0,0.0,0.0,0,0.0,0.0,0.0,0.0,0.0,1
sample_14246.docx,9,66,1.0,1.0,60,3.0,1.0,1.0,1.0,5.0,1
sample_03894.docx,0,0,0.0,0.0,0,0.0,0.0,0.0,0.0,0.0,1
sample_00318.docx,0,0,0.0,0.0,0,0.0,0.0,0.0,0.0,0.0,1
sample_16409.docx,10,66,0.0,0.0,60,0.0,0.0,0.0,0.0,0.0,0
sample_18754.docx,9,100,1.0,1.0,94,3.0,1.0,1.0,1.0,5.0,1
sample_14301.docx,9,100,1.0,1.0,94,3.0,1.0,1.0,1.0,5.0,1
sample_09265.docx,10,66,0.0,0.0,60,0.0,0.0,0.0,0.0,0.0,0
sample_05427.docx,0,0,0.0,0.0,0,0.0,0.0,0.0,0.0,0.0,1
sample_03093.docx,0,0,0.0,0.0,0,0.0,0.0,0.0,0.0,0.0,1
sample_03710.docx,10,66,0.0,0.0,60,0.0,0.0,0.0,0.0,0.0,0
sample_04162.docx,9,100,1.0,1.0,94,3.0,1.0,1.0,1.0,5.0,1
sample_13629.docx,0,0,0.0,0.0,0,0.0,0.0,0.0,0.0,0.0,1
sample_04426.docx,10,66,0.0,0.0,60,0.0,0.0,0.0,0.0,0.0,0
sample_17136.docx,10,66,0.0,0.0,60,0.0,0.0,0.0,0.0,0.0,0
sample_18216.docx,10,66,0.0,0.0,60,0.0,0.0,0.0,0.0,0.0,0
sample_04461.docx,10,66,0.0,0.0,60,0.0,0.0,0.0,0.0,0.0,0
sample_16804.docx,0,0,0.0,0.0,0,0.0,0.0,0.0,0.0,0.0,1
sample_17159.docx,0,0,0.0,0.0,0,0.0,0.0,0.0,0.0,0.0,1
sample_06540.docx,10,66,0.0,0.0,60,0.0,0.0,0.0,0.0,0.0,0
sample_16619.docx,9,66,1.0,1.0,60,3.0,1.0,1.0,1.0,5.0,1
sample_15041.docx,0,0,0.0,0.0,0,0.0,0.0,0.0,0.0,0.0,1
sample_13620.docx,10,66,0.0,0.0,60,0.0,0.0,0.0,0.0,0.0,0
sample_08119.docx,10,66,0.0,0.0,60,0.0,0.0,0.0,0.0,0.0,0
sample_08429.docx,10,66,0.0,0.0,60,0.0,0.0,0.0,0.0,0.0,0
sample_15962.docx,10,66,0.0,0.0,60,0.0,0.0,0.0,0.0,0.0,0
sample_00977.docx,10,66,0.0,0.0,60,0.0,0.0,0.0,0.0,0.0,0
sample_18939.docx,0,0,0.0,0.0,0,0.0,0.0,0.0,0.0,0.0,1
sample_17543.docx,0,0,0.0,0.0,0,0.0,0.0,0.0,0.0,0.0,1
sample_05134.docx,10,66,0.0,0.0,60,0.0,0.0,0.0,0.0,0.0,0
sample_08650.docx,0,0,0.0,0.0,0,0.0,0.0,0.0,0.0,0.0,1
sample_07152.docx,9,100,1.0,1.0,94,3.0,1.0,1.0,1.0,5.0,1
sample_05987.docx,10,66,0.0,0.0,60,0.0,0.0,0.0,0.0,0.0,0
sample_08159.docx,0,0,0.0,0.0,0,0.0,0.0,0.0,0.0,0.0,1
sample_15973.docx,0,0,0.0,0.0,0,0.0,0.0,0.0,0.0,0.0,1
sample_11905.docx,0,0,0.0,0.0,0,0.0,0.0,0.0,0.0,0.0,1
sample_10141.docx,9,100,1.0,1.0,94,3.0,1.0,1.0,1.0,5.0,1
sample_08141.docx,10,66,0.0,0.0,60,0.0,0.0,0.0,0.0,0.0,0
sample_15384.docx,10,66,0.0,0.0,60,0.0,0.0,0.0,0.0,0.0,0
sample_00628.docx,10,66,0.0,0.0,60,0.0,0.0,0.0,0.0,0.0,0
sample_01459.docx,10,66,0.0,0.0,60,0.0,0.0,0.0,0.0,0.0,0
sample_05721.docx,9,100,1.0,1.0,94,3.0,1.0,1.0,1.0,5.0,1
sample_08998.docx,9,100,1.0,1.0,94,3.0,1.0,1.0,1.0,5.0,1
sample_06557.docx,10,66,0.0,0.0,60,0.0,0.0,0.0,0.0,0.0,0
sample_00586.docx,10,66,0.0,0.0,60,0.0,0.0,0.0,0.0,0.0,0
sample_09014.docx,9,66,1.0,1.0,60,3.0,1.0,1.0,1.0,5.0,1
sample_17377.docx,10,66,0.0,0.0,60,0.0,0.0,0.0,0.0,0.0,0
sample_14309.docx,10,66,0.0,0.0,60,0.0,0.0,0.0,0.0,0.0,0
sample_02192.docx,10,66,0.0,0.0,60,0.0,0.0,0.0,0.0,0.0,0
sample_09776.docx,10,66,0.0,0.0,60,0.0,0.0,0.0,0.0,0.0,0
sample_04088.docx,10,66,0.0,0.0,60,0.0,0.0,0.0,0.0,0.0,0
sample_12852.docx,0,0,0.0,0.0,0,0.0,0.0,0.0,0.0,0.0,1
sample_12365.docx,10,66,0.0,0.0,60,0.0,0.0,0.0,0.0,0.0,0
sample_14882.docx,0,0,0.0,0.0,0,0.0,0.0,0.0,0.0,0.0,1
sample_03391.docx,9,100,1.0,1.0,94,3.0,1.0,1.0,1.0,5.0,1
sample_17327.docx,10,66,0.0,0.0,60,0.0,0.0,0.0,0.0,0.0,0
sample_19510.docx,10,66,0.0,0.0,60,0.0,0.0,0.0,0.0,0.0,0
sample_18422.docx,9,100,1.0,1.0,94,3.0,1.0,1.0,1.0,5.0,1
sample_18079.docx,0,0,0.0,0.0,0,0.0,0.0,0.0,0.0,0.0,1
sample_12713.docx,0,0,0.0,0.0,0,0.0,0.0,0.0,0.0,0.0,1
sample_09322.docx,10,66,0.0,0.0,60,0.0,0.0,0.0,0.0,0.0,0
sample_10204.docx,9,100,1.0,1.0,94,3.0,1.0,1.0,1.0,5.0,1
sample_06183.docx,10,66,0.0,0.0,60,0.0,0.0,0.0,0.0,0.0,0
sample_13673.docx,10,66,0.0,0.0,60,0.0,0.0,0.0,0.0,0.0,0
sample_06511.docx,9,100,1.0,1.0,94,3.0,1.0,1.0,1.0,5.0,1
sample_09060.docx,0,0,0.0,0.0,0,0.0,0.0,0.0,0.0,0.0,1
sample_03340.docx,0,0,0.0,0.0,0,0.0,0.0,0.0,0.0,0.0,1
sample_14609.docx,0,0,0.0,0.0,0,0.0,0.0,0.0,0.0,0.0,1
sample_15999.docx,9,66,1.0,1.0,60,3.0,1.0,1.0,1.0,5.0,1
sample_01711.docx,10,66,0.0,0.0,60,0.0,0.0,0.0,0.0,0.0,0
sample_01218.docx,0,0,0.0,0.0,0,0.0,0.0,0.0,0.0,0.0,1
sample_16798.docx,0,0,0.0,0.0,0,0.0,0.0,0.0,0.0,0.0,1
sample_16221.docx,0,0,0.0,0.0,0,0.0,0.0,0.0,0.0,0.0,1
sample_04532.docx,10,66,0.0,0.0,60,0.0,0.0,0.0,0.0,0.0,0
sample_02950.docx,10,66,0.0,0.0,60,0.0,0.0,0.0,0.0,0.0,0
sample_15580.docx,9,100,1.0,1.0,94,3.0,1.0,1.0,1.0,5.0,1
sample_15920.docx,10,66,0.0,0.0,60,0.0,0.0,0.0,0.0,0.0,0
sample_16605.docx,0,0,0.0,0.0,0,0.0,0.0,0.0,0.0,0.0,1
sample_11271.docx,10,66,0.0,0.0,60,0.0,0.0,0.0,0.0,0.0,0
sample_10581.docx,10,66,0.0,0.0,60,0.0,0.0,0.0,0.0,0.0,0
sample_06047.docx,10,66,0.0,0.0,60,0.0,0.0,0.0,0.0,0.0,0
sample_08759.docx,0,0,0.0,0.0,0,0.0,0.0,0.0,0.0,0.0,1
sample_18921.docx,10,66,0.0,0.0,60,0.0,0.0,0.0,0.0,0.0,0
sample_12832.docx,10,66,0.0,0.0,60,0.0,0.0,0.0,0.0,0.0,0
sample_11060.docx,9,100,1.0,1.0,94,3.0,1.0,1.0,1.0,5.0,1
sample_17586.docx,0,0,0.0,0.0,0,0.0,0.0,0.0,0.0,0.0,1
sample_00870.docx,9,66,1.0,1.0,60,3.0,1.0,1.0,1.0,5.0,1
sample_17287.docx,0,0,0.0,0.0,0,0.0,0.0,0.0,0.0,0.0,1
sample_04369.docx,10,66,0.0,0.0,60,0.0,0.0,0.0,0.0,0.0,0
sample_17027.docx,10,66,0.0,0.0,60,0.0,0.0,0.0,0.0,0.0,0
sample_00650.docx,9,66,1.0,1.0,60,3.0,1.0,1.0,1.0,5.0,1
sample_08190.docx,10,66,0.0,0.0,60,0.0,0.0,0.0,0.0,0.0,0
sample_07674.docx,9,66,0.0,0.0,60,0.0,0.0,0.0,0.0,0.0,0
sample_17104.docx,10,66,0.0,0.0,60,0.0,0.0,0.0,0.0,0.0,0
sample_04776.docx,10,66,0.0,0.0,60,0.0,0.0,0.0,0.0,0.0,0
sample_17508.docx,10,66,0.0,0.0,60,0.0,0.0,0.0,0.0,0.0,0
sample_00711.docx,10,66,0.0,0.0,60,0.0,0.0,0.0,0.0,0.0,0
sample_18188.docx,10,66,0.0,0.0,60,0.0,0.0,0.0,0.0,0.0,0
sample_17115.docx,10,66,0.0,0.0,60,0.0,0.0,0.0,0.0,0.0,0
sample_15634.docx,10,66,0.0,0.0,60,0.0,0.0,0.0,0.0,0.0,0
sample_14257.docx,10,66,0.0,0.0,60,0.0,0.0,0.0,0.0,0.0,0
sample_09878.docx,9,100,1.0,1.0,94,3.0,1.0,1.0,1.0,5.0,1
sample_18665.docx,10,66,0.0,0.0,60,0.0,0.0,0.0,0.0,0.0,0
sample_05215.docx,10,66,0.0,0.0,60,0.0,0.0,0.0,0.0,0.0,0
sample_12633.docx,10,66,0.0,0.0,60,0.0,0.0,0.0,0.0,0.0,0
sample_06186.docx,0,0,0.0,0.0,0,0.0,0.0,0.0,0.0,0.0,1
sample_06706.docx,9,100,1.0,1.0,94,3.0,1.0,1.0,1.0,5.0,1
sample_09932.docx,9,100,1.0,1.0,94,3.0,1.0,1.0,1.0,5.0,1
sample_15205.docx,9,100,1.0,1.0,94,3.0,1.0,1.0,1.0,5.0,1
sample_11622.docx,9,66,1.0,1.0,60,3.0,1.0,1.0,1.0,5.0,1
sample_05659.docx,0,0,0.0,0.0,0,0.0,0.0,0.0,0.0,0.0,1
sample_12387.docx,10,66,0.0,0.0,60,0.0,0.0,0.0,0.0,0.0,0
sample_16316.docx,0,0,0.0,0.0,0,0.0,0.0,0.0,0.0,0.0,1
sample_07667.docx,10,66,0.0,0.0,60,0.0,0.0,0.0,0.0,0.0,0
sample_17048.docx,10,66,0.0,0.0,60,0.0,0.0,0.0,0.0,0.0,0
sample_03134.docx,10,66,0.0,0.0,60,0.0,0.0,0.0,0.0,0.0,0
sample_08773.docx,9,66,0.0,0.0,60,0.0,0.0,0.0,0.0,0.0,0
sample_01266.docx,0,0,0.0,0.0,0,0.0,0.0,0.0,0.0,0.0,1
sample_05442.docx,10,66,0.0,0.0,60,0.0,0.0,0.0,0.0,0.0,0
sample_15270.docx,9,100,1.0,1.0,94,3.0,1.0,1.0,1.0,5.0,1
sample_16925.docx,10,66,0.0,0.0,60,0.0,0.0,0.0,0.0,0.0,0
sample_15714.docx,9,100,1.0,1.0,94,3.0,1.0,1.0,1.0,5.0,1
sample_15740.docx,0,0,0.0,0.0,0,0.0,0.0,0.0,0.0,0.0,1
sample_15653.docx,0,0,0.0,0.0,0,0.0,0.0,0.0,0.0,0.0,1
sample_11618.docx,0,0,0.0,0.0,0,0.0,0.0,0.0,0.0,0.0,1
sample_09402.docx,10,66,0.0,0.0,60,0.0,0.0,0.0,0.0,0.0,0
sample_15539.docx,0,0,0.0,0.0,0,0.0,0.0,0.0,0.0,0.0,1
sample_07025.docx,0,0,0.0,0.0,0,0.0,0.0,0.0,0.0,0.0,1
sample_10221.docx,0,0,0.0,0.0,0,0.0,0.0,0.0,0.0,0.0,1
sample_00675.docx,0,0,0.0,0.0,0,0.0,0.0,0.0,0.0,0.0,1
sample_12105.docx,10,66,0.0,0.0,60,0.0,0.0,0.0,0.0,0.0,0
sample_06143.docx,9,100,1.0,1.0,94,3.0,1.0,1.0,1.0,5.0,1
sample_18837.docx,10,66,0.0,0.0,60,0.0,0.0,0.0,0.0,0.0,0
sample_01481.docx,10,66,0.0,0.0,60,0.0,0.0,0.0,0.0,0.0,0
sample_09912.docx,10,66,0.0,0.0,60,0.0,0.0,0.0,0.0,0.0,0
sample_11805.docx,10,66,0.0,0.0,60,0.0,0.0,0.0,0.0,0.0,0
sample_10165.docx,10,66,0.0,0.0,60,0.0,0.0,0.0,0.0,0.0,0
sample_15581.docx,9,66,0.0,0.0,60,0.0,0.0,0.0,0.0,0.0,0
sample_17873.docx,10,66,0.0,0.0,60,0.0,0.0,0.0,0.0,0.0,0
sample_00133.docx,10,66,0.0,0.0,60,0.0,0.0,0.0,0.0,0.0,0
sample_05606.docx,10,66,0.0,0.0,60,0.0,0.0,0.0,0.0,0.0,0
sample_13586.docx,10,66,0.0,0.0,60,0.0,0.0,0.0,0.0,0.0,0
sample_13946.docx,10,66,0.0,0.0,60,0.0,0.0,0.0,0.0,0.0,0
sample_18201.docx,0,0,0.0,0.0,0,0.0,0.0,0.0,0.0,0.0,1
sample_13523.docx,10,66,0.0,0.0,60,0.0,0.0,0.0,0.0,0.0,0
sample_04242.docx,0,0,0.0,0.0,0,0.0,0.0,0.0,0.0,0.0,1
sample_19898.docx,10,66,0.0,0.0,60,0.0,0.0,0.0,0.0,0.0,0
sample_10212.docx,9,100,1.0,1.0,94,3.0,1.0,1.0,1.0,5.0,1
sample_00251.docx,9,100,1.0,1.0,94,3.0,1.0,1.0,1.0,5.0,1
sample_19130.docx,0,0,0.0,0.0,0,0.0,0.0,0.0,0.0,0.0,1
sample_00684.docx,10,66,0.0,0.0,60,0.0,0.0,0.0,0.0,0.0,0
sample_15857.docx,10,66,0.0,0.0,60,0.0,0.0,0.0,0.0,0.0,0
sample_12643.docx,10,66,0.0,0.0,60,0.0,0.0,0.0,0.0,0.0,0
sample_07300.docx,10,66,0.0,0.0,60,0.0,0.0,0.0,0.0,0.0,0
sample_02303.docx,0,0,0.0,0.0,0,0.0,0.0,0.0,0.0,0.0,1
sample_03114.docx,10,66,0.0,0.0,60,0.0,0.0,0.0,0.0,0.0,0
sample_00940.docx,10,66,0.0,0.0,60,0.0,0.0,0.0,0.0,0.0,0
sample_13481.docx,10,66,0.0,0.0,60,0.0,0.0,0.0,0.0,0.0,0
sample_00186.docx,11,64,0.0,0.0,58,0.0,0.0,0.0,0.0,0.0,0
sample_10795.docx,0,0,0.0,0.0,0,0.0,0.0,0.0,0.0,0.0,1
sample_07792.docx,10,66,0.0,0.0,60,0.0,0.0,0.0,0.0,0.0,0
sample_16000.docx,10,66,0.0,0.0,60,0.0,0.0,0.0,0.0,0.0,0
sample_15155.docx,0,0,0.0,0.0,0,0.0,0.0,0.0,0.0,0.0,1
sample_10336.docx,10,66,0.0,0.0,60,0.0,0.0,0.0,0.0,0.0,0
sample_05214.docx,10,66,0.0,0.0,60,0.0,0.0,0.0,0.0,0.0,0
sample_19615.docx,9,100,1.0,1.0,94,3.0,1.0,1.0,1.0,5.0,1
sample_05118.docx,10,66,0.0,0.0,60,0.0,0.0,0.0,0.0,0.0,0
sample_09384.docx,0,0,0.0,0.0,0,0.0,0.0,0.0,0.0,0.0,1
sample_11438.docx,9,100,0.0,0.0,94,0.0,0.0,0.0,0.0,0.0,0
sample_14962.docx,0,0,0.0,0.0,0,0.0,0.0,0.0,0.0,0.0,1
sample_17688.docx,10,66,0.0,0.0,60,0.0,0.0,0.0,0.0,0.0,0
sample_08908.docx,9,100,1.0,1.0,94,3.0,1.0,1.0,1.0,5.0,1
sample_17777.docx,0,0,0.0,0.0,0,0.0,0.0,0.0,0.0,0.0,1
sample_02994.docx,0,0,0.0,0.0,0,0.0,0.0,0.0,0.0,0.0,1
sample_04864.docx,9,100,1.0,1.0,94,3.0,1.0,1.0,1.0,5.0,1
sample_16275.docx,10,66,0.0,0.0,60,0.0,0.0,0.0,0.0,0.0,0
sample_16736.docx,10,66,0.0,0.0,60,0.0,0.0,0.0,0.0,0.0,0
sample_02920.docx,0,0,0.0,0.0,0,0.0,0.0,0.0,0.0,0.0,1
sample_18747.docx,0,0,0.0,0.0,0,0.0,0.0,0.0,0.0,0.0,1
sample_09674.docx,9,66,1.0,1.0,60,3.0,1.0,1.0,1.0,5.0,1
sample_01028.docx,0,0,0.0,0.0,0,0.0,0.0,0.0,0.0,0.0,1
sample_08493.docx,0,0,0.0,0.0,0,0.0,0.0,0.0,0.0,0.0,1
sample_02451.docx,0,0,0.0,0.0,0,0.0,0.0,0.0,0.0,0.0,1
sample_15766.docx,10,66,0.0,0.0,60,0.0,0.0,0.0,0.0,0.0,0
sample_03898.docx,10,66,0.0,0.0,60,0.0,0.0,0.0,0.0,0.0,0
sample_19261.docx,0,0,0.0,0.0,0,0.0,0.0,0.0,0.0,0.0,1
sample_13271.docx,10,66,0.0,0.0,60,0.0,0.0,0.0,0.0,0.0,0
sample_14121.docx,0,0,0.0,0.0,0,0.0,0.0,0.0,0.0,0.0,1
sample_11004.docx,9,100,1.0,1.0,94,3.0,1.0,1.0,1.0,5.0,1
sample_05219.docx,10,66,0.0,0.0,60,0.0,0.0,0.0,0.0,0.0,0
sample_02521.docx,9,66,1.0,1.0,60,3.0,1.0,1.0,1.0,5.0,1
sample_19764.docx,10,66,0.0,0.0,60,0.0,0.0,0.0,0.0,0.0,0
sample_17390.docx,9,100,1.0,1.0,94,3.0,1.0,1.0,1.0,5.0,1
sample_02079.docx,10,66,0.0,0.0,60,0.0,0.0,0.0,0.0,0.0,0
sample_10586.docx,0,0,0.0,0.0,0,0.0,0.0,0.0,0.0,0.0,1
sample_00084.docx,0,0,0.0,0.0,0,0.0,0.0,0.0,0.0,0.0,1
sample_07703.docx,9,66,1.0,1.0,60,3.0,1.0,1.0,1.0,5.0,1
sample_05458.docx,9,66,1.0,1.0,60,3.0,1.0,1.0,1.0,5.0,1
sample_12143.docx,10,66,0.0,0.0,60,0.0,0.0,0.0,0.0,0.0,0
sample_07381.docx,0,0,0.0,0.0,0,0.0,0.0,0.0,0.0,0.0,1
sample_17722.docx,10,66,0.0,0.0,60,0.0,0.0,0.0,0.0,0.0,0
sample_19567.docx,9,66,1.0,1.0,60,3.0,1.0,1.0,1.0,5.0,1
sample_01953.docx,0,0,0.0,0.0,0,0.0,0.0,0.0,0.0,0.0,1
sample_04343.docx,10,66,0.0,0.0,60,0.0,0.0,0.0,0.0,0.0,0
sample_16068.docx,10,66,0.0,0.0,60,0.0,0.0,0.0,0.0,0.0,0
sample_09748.docx,10,66,0.0,0.0,60,0.0,0.0,0.0,0.0,0.0,0
sample_17625.docx,0,0,0.0,0.0,0,0.0,0.0,0.0,0.0,0.0,1
sample_16981.docx,10,66,0.0,0.0,60,0.0,0.0,0.0,0.0,0.0,0
sample_16833.docx,9,66,1.0,1.0,60,3.0,1.0,1.0,1.0,5.0,1
sample_15572.docx,10,66,0.0,0.0,60,0.0,0.0,0.0,0.0,0.0,0
sample_09541.docx,0,0,0.0,0.0,0,0.0,0.0,0.0,0.0,0.0,1
sample_00453.docx,10,66,0.0,0.0,60,0.0,0.0,0.0,0.0,0.0,0
sample_05250.docx,0,0,0.0,0.0,0,0.0,0.0,0.0,0.0,0.0,1
sample_02848.docx,0,0,0.0,0.0,0,0.0,0.0,0.0,0.0,0.0,1
sample_11231.docx,0,0,0.0,0.0,0,0.0,0.0,0.0,0.0,0.0,1
sample_15430.docx,9,66,1.0,1.0,60,3.0,1.0,1.0,1.0,5.0,1
sample_10298.docx,10,66,0.0,0.0,60,0.0,0.0,0.0,0.0,0.0,0
sample_01160.docx,9,100,1.0,1.0,94,3.0,1.0,1.0,1.0,5.0,1
sample_11984.docx,10,66,0.0,0.0,60,0.0,0.0,0.0,0.0,0.0,0
sample_14463.docx,10,66,0.0,0.0,60,0.0,0.0,0.0,0.0,0.0,0
sample_18254.docx,0,0,0.0,0.0,0,0.0,0.0,0.0,0.0,0.0,1
sample_17096.docx,9,66,1.0,1.0,60,3.0,1.0,1.0,1.0,5.0,1
sample_13506.docx,0,0,0.0,0.0,0,0.0,0.0,0.0,0.0,0.0,1
sample_15122.docx,9,100,1.0,1.0,94,3.0,1.0,1.0,1.0,5.0,1
sample_05527.docx,10,66,0.0,0.0,60,0.0,0.0,0.0,0.0,0.0,0
sample_04501.docx,0,0,0.0,0.0,0,0.0,0.0,0.0,0.0,0.0,1
sample_08279.docx,10,66,0.0,0.0,60,0.0,0.0,0.0,0.0,0.0,0
sample_13037.docx,10,66,0.0,0.0,60,0.0,0.0,0.0,0.0,0.0,0
sample_19223.docx,10,66,0.0,0.0,60,0.0,0.0,0.0,0.0,0.0,0
sample_01619.docx,10,66,0.0,0.0,60,0.0,0.0,0.0,0.0,0.0,0
sample_00064.docx,9,100,1.0,1.0,94,3.0,1.0,1.0,1.0,5.0,1
sample_16724.docx,10,66,0.0,0.0,60,0.0,0.0,0.0,0.0,0.0,0
sample_05669.docx,0,0,0.0,0.0,0,0.0,0.0,0.0,0.0,0.0,1
sample_17458.docx,10,66,0.0,0.0,60,0.0,0.0,0.0,0.0,0.0,0
sample_18205.docx,9,100,1.0,1.0,94,3.0,1.0,1.0,1.0,5.0,1
sample_12863.docx,10,66,0.0,0.0,60,0.0,0.0,0.0,0.0,0.0,0
sample_09671.docx,10,66,0.0,0.0,60,0.0,0.0,0.0,0.0,0.0,0
sample_01440.docx,10,66,0.0,0.0,60,0.0,0.0,0.0,0.0,0.0,0
sample_04784.docx,0,0,0.0,0.0,0,0.0,0.0,0.0,0.0,0.0,1
sample_14249.docx,9,100,1.0,1.0,94,3.0,1.0,1.0,1.0,5.0,1
sample_01519.docx,10,66,0.0,0.0,60,0.0,0.0,0.0,0.0,0.0,0
sample_14439.docx,10,66,0.0,0.0,60,0.0,0.0,0.0,0.0,0.0,0
sample_03560.docx,10,66,0.0,0.0,60,0.0,0.0,0.0,0.0,0.0,0
sample_11858.docx,0,0,0.0,0.0,0,0.0,0.0,0.0,0.0,0.0,1
sample_00449.docx,10,66,0.0,0.0,60,0.0,0.0,0.0,0.0,0.0,0
sample_10458.docx,10,66,0.0,0.0,60,0.0,0.0,0.0,0.0,0.0,0
sample_09567.docx,0,0,0.0,0.0,0,0.0,0.0,0.0,0.0,0.0,1
sample_07693.docx,0,0,0.0,0.0,0,0.0,0.0,0.0,0.0,0.0,1
sample_14501.docx,10,66,0.0,0.0,60,0.0,0.0,0.0,0.0,0.0,0
sample_00983.docx,10,66,0.0,0.0,60,0.0,0.0,0.0,0.0,0.0,0
sample_10676.docx,9,66,1.0,1.0,60,3.0,1.0,1.0,1.0,5.0,1
sample_15632.docx,0,0,0.0,0.0,0,0.0,0.0,0.0,0.0,0.0,1
sample_08613.docx,0,0,0.0,0.0,0,0.0,0.0,0.0,0.0,0.0,1
sample_11405.docx,10,66,0.0,0.0,60,0.0,0.0,0.0,0.0,0.0,0
sample_04238.docx,9,66,1.0,1.0,60,3.0,1.0,1.0,1.0,5.0,1
sample_19883.docx,0,0,0.0,0.0,0,0.0,0.0,0.0,0.0,0.0,1
sample_04658.docx,9,100,1.0,1.0,94,3.0,1.0,1.0,1.0,5.0,1
sample_16271.docx,0,0,0.0,0.0,0,0.0,0.0,0.0,0.0,0.0,1
sample_19835.docx,10,66,0.0,0.0,60,0.0,0.0,0.0,0.0,0.0,0
sample_00695.docx,0,0,0.0,0.0,0,0.0,0.0,0.0,0.0,0.0,1
sample_05064.docx,9,100,1.0,1.0,94,3.0,1.0,1.0,1.0,5.0,1
sample_11931.docx,10,66,0.0,0.0,60,0.0,0.0,0.0,0.0,0.0,0
sample_16090.docx,10,66,0.0,0.0,60,0.0,0.0,0.0,0.0,0.0,0
sample_00594.docx,0,0,0.0,0.0,0,0.0,0.0,0.0,0.0,0.0,0
sample_07996.docx,0,0,0.0,0.0,0,0.0,0.0,0.0,0.0,0.0,1
sample_05045.docx,0,66,0.0,0.0,60,0.0,0.0,0.0,0.0,0.0,0
sample_00779.docx,0,0,0.0,0.0,0,0.0,0.0,0.0,0.0,0.0,1
sample_10025.docx,0,0,0.0,0.0,0,0.0,0.0,0.0,0.0,0.0,1
sample_13580.docx,9,100,1.0,1.0,94,3.0,1.0,1.0,1.0,5.0,1
sample_04261.docx,10,66,0.0,0.0,60,0.0,0.0,0.0,0.0,0.0,0
sample_08451.docx,0,0,0.0,0.0,0,0.0,0.0,0.0,0.0,0.0,1
sample_15985.docx,0,0,0.0,0.0,0,0.0,0.0,0.0,0.0,0.0,1
sample_14288.docx,10,66,0.0,0.0,60,0.0,0.0,0.0,0.0,0.0,0
sample_06157.docx,9,100,1.0,1.0,94,3.0,1.0,1.0,1.0,5.0,1
sample_15341.docx,9,100,1.0,1.0,94,3.0,1.0,1.0,1.0,5.0,1
sample_05074.docx,0,0,0.0,0.0,0,0.0,0.0,0.0,0.0,0.0,1
sample_11513.docx,10,66,0.0,0.0,60,0.0,0.0,0.0,0.0,0.0,0
sample_01957.docx,10,66,0.0,0.0,60,0.0,0.0,0.0,0.0,0.0,0
sample_16063.docx,9,66,1.0,1.0,60,3.0,1.0,1.0,1.0,5.0,1
sample_00458.docx,10,66,0.0,0.0,60,0.0,0.0,0.0,0.0,0.0,0
sample_18798.docx,10,66,0.0,0.0,60,0.0,0.0,0.0,0.0,0.0,0
sample_08871.docx,0,0,0.0,0.0,0,0.0,0.0,0.0,0.0,0.0,1
sample_13844.docx,0,0,0.0,0.0,0,0.0,0.0,0.0,0.0,0.0,1
sample_02103.docx,9,66,1.0,1.0,60,3.0,1.0,1.0,1.0,5.0,1
sample_10939.docx,9,100,1.0,1.0,94,3.0,1.0,1.0,1.0,5.0,1
sample_06948.docx,10,66,0.0,0.0,60,0.0,0.0,0.0,0.0,0.0,0
sample_18773.docx,0,0,0.0,0.0,0,0.0,0.0,0.0,0.0,0.0,1
sample_14282.docx,10,66,0.0,0.0,60,0.0,0.0,0.0,0.0,0.0,0
sample_05327.docx,10,66,0.0,0.0,60,0.0,0.0,0.0,0.0,0.0,0
sample_19557.docx,10,66,0.0,0.0,60,0.0,0.0,0.0,0.0,0.0,0
sample_02806.docx,10,66,0.0,0.0,60,0.0,0.0,0.0,0.0,0.0,0
sample_12207.docx,9,100,1.0,1.0,94,3.0,1.0,1.0,1.0,5.0,1
sample_02201.docx,0,0,0.0,0.0,0,0.0,0.0,0.0,0.0,0.0,1
sample_15441.docx,10,66,0.0,0.0,60,0.0,0.0,0.0,0.0,0.0,0
sample_14866.docx,10,66,0.0,0.0,60,0.0,0.0,0.0,0.0,0.0,0
sample_08744.docx,10,66,0.0,0.0,60,0.0,0.0,0.0,0.0,0.0,0
sample_05347.docx,10,66,0.0,0.0,60,0.0,0.0,0.0,0.0,0.0,0
sample_10865.docx,10,66,0.0,0.0,60,0.0,0.0,0.0,0.0,0.0,0
sample_19553.docx,0,0,0.0,0.0,0,0.0,0.0,0.0,0.0,0.0,1
sample_15383.docx,0,0,0.0,0.0,0,0.0,0.0,0.0,0.0,0.0,1
sample_10106.docx,0,0,0.0,0.0,0,0.0,0.0,0.0,0.0,0.0,1
sample_07155.docx,10,66,0.0,0.0,60,0.0,0.0,0.0,0.0,0.0,0
sample_05063.docx,10,66,0.0,0.0,60,0.0,0.0,0.0,0.0,0.0,0
sample_13338.docx,10,66,0.0,0.0,60,0.0,0.0,0.0,0.0,0.0,0
sample_19162.docx,0,0,0.0,0.0,0,0.0,0.0,0.0,0.0,0.0,1
sample_12445.docx,10,66,0.0,0.0,60,0.0,0.0,0.0,0.0,0.0,0
sample_07261.docx,9,66,1.0,1.0,60,3.0,1.0,1.0,1.0,5.0,1
sample_05098.docx,10,66,0.0,0.0,60,0.0,0.0,0.0,0.0,0.0,0
sample_03730.docx,10,66,0.0,0.0,60,0.0,0.0,0.0,0.0,0.0,0
sample_14287.docx,10,66,0.0,0.0,60,0.0,0.0,0.0,0.0,0.0,0
sample_03355.docx,10,66,0.0,0.0,60,0.0,0.0,0.0,0.0,0.0,0
sample_11545.docx,10,66,0.0,0.0,60,0.0,0.0,0.0,0.0,0.0,0
sample_04321.docx,0,0,0.0,0.0,0,0.0,0.0,0.0,0.0,0.0,1
sample_11820.docx,10,66,0.0,0.0,60,0.0,0.0,0.0,0.0,0.0,0
sample_03588.docx,9,66,0.0,0.0,60,0.0,0.0,0.0,0.0,0.0,0
sample_19299.docx,9,66,1.0,1.0,60,3.0,1.0,1.0,1.0,5.0,1
sample_14317.docx,10,66,0.0,0.0,60,0.0,0.0,0.0,0.0,0.0,0
sample_10477.docx,10,66,0.0,0.0,60,0.0,0.0,0.0,0.0,0.0,0
sample_16144.docx,0,0,0.0,0.0,0,0.0,0.0,0.0,0.0,0.0,1
sample_11340.docx,0,0,0.0,0.0,0,0.0,0.0,0.0,0.0,0.0,1
sample_05764.docx,10,66,0.0,0.0,60,0.0,0.0,0.0,0.0,0.0,0
sample_12477.docx,0,0,0.0,0.0,0,0.0,0.0,0.0,0.0,0.0,1
sample_15703.docx,10,66,0.0,0.0,60,0.0,0.0,0.0,0.0,0.0,0
sample_00171.docx,10,66,0.0,0.0,60,0.0,0.0,0.0,0.0,0.0,0
sample_08347.docx,0,0,0.0,0.0,0,0.0,0.0,0.0,0.0,0.0,1
sample_13201.docx,10,66,0.0,0.0,60,0.0,0.0,0.0,0.0,0.0,0
sample_09003.docx,0,0,0.0,0.0,0,0.0,0.0,0.0,0.0,0.0,1
sample_19155.docx,0,0,0.0,0.0,0,0.0,0.0,0.0,0.0,0.0,1
sample_19497.docx,0,66,0.0,0.0,60,0.0,0.0,0.0,0.0,0.0,0
sample_04925.docx,10,66,0.0,0.0,60,0.0,0.0,0.0,0.0,0.0,0
sample_16625.docx,9,100,0.0,0.0,94,0.0,0.0,0.0,0.0,0.0,0
sample_01261.docx,10,66,0.0,0.0,60,0.0,0.0,0.0,0.0,0.0,0
sample_12028.docx,0,0,0.0,0.0,0,0.0,0.0,0.0,0.0,0.0,1
sample_13654.docx,10,66,0.0,0.0,60,0.0,0.0,0.0,0.0,0.0,0
sample_01071.docx,9,100,1.0,1.0,94,3.0,1.0,1.0,1.0,5.0,1
sample_19435.docx,10,66,0.0,0.0,60,0.0,0.0,0.0,0.0,0.0,0
sample_19769.docx,0,0,0.0,0.0,0,0.0,0.0,0.0,0.0,0.0,1
sample_15373.docx,10,66,0.0,0.0,60,0.0,0.0,0.0,0.0,0.0,0
sample_12785.docx,0,0,0.0,0.0,0,0.0,0.0,0.0,0.0,0.0,1
sample_08683.docx,10,66,0.0,0.0,60,0.0,0.0,0.0,0.0,0.0,0
sample_18615.docx,9,100,1.0,1.0,94,3.0,1.0,1.0,1.0,5.0,1
sample_06118.docx,10,66,0.0,0.0,60,0.0,0.0,0.0,0.0,0.0,0
sample_09546.docx,10,66,0.0,0.0,60,0.0,0.0,0.0,0.0,0.0,0
sample_07112.docx,0,0,0.0,0.0,0,0.0,0.0,0.0,0.0,0.0,1
sample_13986.docx,10,66,0.0,0.0,60,0.0,0.0,0.0,0.0,0.0,0
sample_05157.docx,9,100,1.0,1.0,94,3.0,1.0,1.0,1.0,5.0,1
sample_01132.docx,0,0,0.0,0.0,0,0.0,0.0,0.0,0.0,0.0,1
sample_15117.docx,10,66,0.0,0.0,60,0.0,0.0,0.0,0.0,0.0,0
sample_05985.docx,9,100,1.0,1.0,94,3.0,1.0,1.0,1.0,5.0,1
sample_09650.docx,10,66,0.0,0.0,60,0.0,0.0,0.0,0.0,0.0,0
sample_14765.docx,0,0,0.0,0.0,0,0.0,0.0,0.0,0.0,0.0,1
sample_07919.docx,10,66,0.0,0.0,60,0.0,0.0,0.0,0.0,0.0,0
sample_11735.docx,10,66,0.0,0.0,60,0.0,0.0,0.0,0.0,0.0,0
sample_14570.docx,10,66,0.0,0.0,60,0.0,0.0,0.0,0.0,0.0,0
sample_18221.docx,10,66,0.0,0.0,60,0.0,0.0,0.0,0.0,0.0,0
sample_09445.docx,10,66,0.0,0.0,60,0.0,0.0,0.0,0.0,0.0,0
sample_05992.docx,10,66,0.0,0.0,60,0.0,0.0,0.0,0.0,0.0,0
sample_18645.docx,10,66,0.0,0.0,60,0.0,0.0,0.0,0.0,0.0,0
sample_00533.docx,10,66,0.0,0.0,60,0.0,0.0,0.0,0.0,0.0,0
sample_01558.docx,9,100,1.0,1.0,94,3.0,1.0,1.0,1.0,5.0,1
sample_10133.docx,10,66,0.0,0.0,60,0.0,0.0,0.0,0.0,0.0,0
sample_19180.docx,10,66,0.0,0.0,60,0.0,0.0,0.0,0.0,0.0,0
sample_13245.docx,10,66,0.0,0.0,60,0.0,0.0,0.0,0.0,0.0,0
sample_11360.docx,0,0,0.0,0.0,0,0.0,0.0,0.0,0.0,0.0,1
sample_04569.docx,9,100,1.0,1.0,94,3.0,1.0,1.0,1.0,5.0,1
sample_00055.docx,10,66,0.0,0.0,60,0.0,0.0,0.0,0.0,0.0,0
sample_00961.docx,0,0,0.0,0.0,0,0.0,0.0,0.0,0.0,0.0,1
sample_03509.docx,0,0,0.0,0.0,0,0.0,0.0,0.0,0.0,0.0,1
sample_10123.docx,10,66,0.0,0.0,60,0.0,0.0,0.0,0.0,0.0,0
sample_02776.docx,9,66,1.0,1.0,60,3.0,1.0,1.0,1.0,5.0,1
sample_11590.docx,0,0,0.0,0.0,0,0.0,0.0,0.0,0.0,0.0,1
sample_16966.docx,0,0,0.0,0.0,0,0.0,0.0,0.0,0.0,0.0,1
sample_12299.docx,0,0,0.0,0.0,0,0.0,0.0,0.0,0.0,0.0,1
sample_15125.docx,9,66,0.0,0.0,60,0.0,0.0,0.0,0.0,0.0,0
sample_02711.docx,10,66,0.0,0.0,60,0.0,0.0,0.0,0.0,0.0,0
sample_03852.docx,0,0,0.0,0.0,0,0.0,0.0,0.0,0.0,0.0,1
sample_02166.docx,0,0,0.0,0.0,0,0.0,0.0,0.0,0.0,0.0,1
sample_15277.docx,10,66,0.0,0.0,60,0.0,0.0,0.0,0.0,0.0,0
sample_00822.docx,10,66,0.0,0.0,60,0.0,0.0,0.0,0.0,0.0,0
sample_03168.docx,0,0,0.0,0.0,0,0.0,0.0,0.0,0.0,0.0,1
sample_04950.docx,10,66,0.0,0.0,60,0.0,0.0,0.0,0.0,0.0,0
sample_16137.docx,0,0,0.0,0.0,0,0.0,0.0,0.0,0.0,0.0,1
sample_05255.docx,10,66,0.0,0.0,60,0.0,0.0,0.0,0.0,0.0,0
sample_11331.docx,10,66,0.0,0.0,60,0.0,0.0,0.0,0.0,0.0,0
sample_02885.docx,0,0,0.0,0.0,0,0.0,0.0,0.0,0.0,0.0,1
sample_01399.docx,10,66,0.0,0.0,60,0.0,0.0,0.0,0.0,0.0,0
sample_04075.docx,10,66,0.0,0.0,60,0.0,0.0,0.0,0.0,0.0,0
sample_10566.docx,0,0,0.0,0.0,0,0.0,0.0,0.0,0.0,0.0,1
sample_06087.docx,9,66,1.0,1.0,60,3.0,1.0,1.0,1.0,5.0,1
sample_05975.docx,10,66,0.0,0.0,60,0.0,0.0,0.0,0.0,0.0,0
sample_00813.docx,10,66,0.0,0.0,60,0.0,0.0,0.0,0.0,0.0,0
sample_04945.docx,10,66,0.0,0.0,60,0.0,0.0,0.0,0.0,0.0,0
sample_13558.docx,9,100,1.0,1.0,94,3.0,1.0,1.0,1.0,5.0,1
sample_06370.docx,10,66,0.0,0.0,60,0.0,0.0,0.0,0.0,0.0,0
sample_03482.docx,10,66,0.0,0.0,60,0.0,0.0,0.0,0.0,0.0,0
sample_08223.docx,9,100,1.0,1.0,94,3.0,1.0,1.0,1.0,5.0,1
sample_00371.docx,0,0,0.0,0.0,0,0.0,0.0,0.0,0.0,0.0,1
sample_04645.docx,10,66,0.0,0.0,60,0.0,0.0,0.0,0.0,0.0,0
sample_14031.docx,10,66,0.0,0.0,60,0.0,0.0,0.0,0.0,0.0,0
sample_10997.docx,9,100,1.0,1.0,94,3.0,1.0,1.0,1.0,5.0,1
sample_01321.docx,10,66,0.0,0.0,60,0.0,0.0,0.0,0.0,0.0,0
sample_11423.docx,10,66,0.0,0.0,60,0.0,0.0,0.0,0.0,0.0,0
sample_02672.docx,10,66,0.0,0.0,60,0.0,0.0,0.0,0.0,0.0,0
sample_01531.docx,10,66,0.0,0.0,60,0.0,0.0,0.0,0.0,0.0,0
sample_17751.docx,9,100,1.0,1.0,94,3.0,1.0,1.0,1.0,5.0,1
sample_15233.docx,9,100,0.0,0.0,94,0.0,0.0,0.0,0.0,0.0,0
sample_08396.docx,9,66,1.0,1.0,60,3.0,1.0,1.0,1.0,5.0,1
sample_08256.docx,9,100,1.0,1.0,94,3.0,1.0,1.0,1.0,5.0,1
sample_11823.docx,0,0,0.0,0.0,0,0.0,0.0,0.0,0.0,0.0,1
sample_07924.docx,10,66,0.0,0.0,60,0.0,0.0,0.0,0.0,0.0,0
sample_16215.docx,9,100,1.0,1.0,94,3.0,1.0,1.0,1.0,5.0,1
sample_02260.docx,0,0,0.0,0.0,0,0.0,0.0,0.0,0.0,0.0,1
sample_07818.docx,9,100,1.0,1.0,94,3.0,1.0,1.0,1.0,5.0,1
sample_15794.docx,10,66,0.0,0.0,60,0.0,0.0,0.0,0.0,0.0,0
sample_19237.docx,9,100,1.0,1.0,94,3.0,1.0,1.0,1.0,5.0,1
sample_09893.docx,10,66,0.0,0.0,60,0.0,0.0,0.0,0.0,0.0,0
sample_13268.docx,10,66,0.0,0.0,60,0.0,0.0,0.0,0.0,0.0,0
sample_00436.docx,0,0,0.0,0.0,0,0.0,0.0,0.0,0.0,0.0,1
sample_16414.docx,10,66,0.0,0.0,60,0.0,0.0,0.0,0.0,0.0,0
sample_18028.docx,10,66,0.0,0.0,60,0.0,0.0,0.0,0.0,0.0,0
sample_17344.docx,9,100,1.0,1.0,94,3.0,1.0,1.0,1.0,5.0,1
sample_02271.docx,10,66,0.0,0.0,60,0.0,0.0,0.0,0.0,0.0,0
sample_11409.docx,9,66,1.0,1.0,60,3.0,1.0,1.0,1.0,5.0,1
sample_04072.docx,10,66,0.0,0.0,60,0.0,0.0,0.0,0.0,0.0,0
sample_14185.docx,9,66,0.0,0.0,60,0.0,0.0,0.0,0.0,0.0,0
sample_14901.docx,9,100,1.0,1.0,94,3.0,1.0,1.0,1.0,5.0,1
sample_05766.docx,0,0,0.0,0.0,0,0.0,0.0,0.0,0.0,0.0,1
sample_11104.docx,9,100,1.0,1.0,94,3.0,1.0,1.0,1.0,5.0,1
sample_07880.docx,0,0,0.0,0.0,0,0.0,0.0,0.0,0.0,0.0,1
sample_19445.docx,9,66,1.0,1.0,60,3.0,1.0,1.0,1.0,5.0,1
sample_03334.docx,10,66,0.0,0.0,60,0.0,0.0,0.0,0.0,0.0,0
sample_14299.docx,10,66,0.0,0.0,60,0.0,0.0,0.0,0.0,0.0,0
sample_12482.docx,0,0,0.0,0.0,0,0.0,0.0,0.0,0.0,0.0,1
sample_11456.docx,10,66,0.0,0.0,60,0.0,0.0,0.0,0.0,0.0,0
sample_02663.docx,9,100,1.0,1.0,94,3.0,1.0,1.0,1.0,5.0,1
sample_09254.docx,0,0,0.0,0.0,0,0.0,0.0,0.0,0.0,0.0,1
sample_17197.docx,9,66,1.0,1.0,60,3.0,1.0,1.0,1.0,5.0,1
sample_05906.docx,9,66,1.0,1.0,60,3.0,1.0,1.0,1.0,5.0,1
sample_10262.docx,0,0,0.0,0.0,0,0.0,0.0,0.0,0.0,0.0,1
sample_05263.docx,9,100,1.0,1.0,94,3.0,1.0,1.0,1.0,5.0,1
sample_15931.docx,10,66,0.0,0.0,60,0.0,0.0,0.0,0.0,0.0,0
sample_15449.docx,10,66,0.0,0.0,60,0.0,0.0,0.0,0.0,0.0,0
sample_00193.docx,10,66,0.0,0.0,60,0.0,0.0,0.0,0.0,0.0,0
sample_09991.docx,0,0,0.0,0.0,0,0.0,0.0,0.0,0.0,0.0,1
sample_04715.docx,10,66,0.0,0.0,60,0.0,0.0,0.0,0.0,0.0,0
sample_08607.docx,10,66,0.0,0.0,60,0.0,0.0,0.0,0.0,0.0,0
sample_19853.docx,10,66,0.0,0.0,60,0.0,0.0,0.0,0.0,0.0,0
sample_12959.docx,10,66,0.0,0.0,60,0.0,0.0,0.0,0.0,0.0,0
sample_17829.docx,9,66,1.0,1.0,60,3.0,1.0,1.0,1.0,5.0,1
sample_13333.docx,10,66,0.0,0.0,60,0.0,0.0,0.0,0.0,0.0,0
sample_02678.docx,9,100,1.0,1.0,94,3.0,1.0,1.0,1.0,5.0,1
sample_09185.docx,10,66,0.0,0.0,60,0.0,0.0,0.0,0.0,0.0,0
sample_09499.docx,0,0,0.0,0.0,0,0.0,0.0,0.0,0.0,0.0,1
sample_00477.docx,10,66,0.0,0.0,60,0.0,0.0,0.0,0.0,0.0,0
sample_03551.docx,10,66,0.0,0.0,60,0.0,0.0,0.0,0.0,0.0,0
sample_12624.docx,10,66,0.0,0.0,60,0.0,0.0,0.0,0.0,0.0,0
sample_16534.docx,10,66,0.0,0.0,60,0.0,0.0,0.0,0.0,0.0,0
sample_13460.docx,10,66,0.0,0.0,60,0.0,0.0,0.0,0.0,0.0,0
sample_01968.docx,9,66,0.0,0.0,60,0.0,0.0,0.0,0.0,0.0,0
sample_19269.docx,0,0,0.0,0.0,0,0.0,0.0,0.0,0.0,0.0,1
sample_03645.docx,10,66,0.0,0.0,60,0.0,0.0,0.0,0.0,0.0,0
sample_00383.docx,10,66,0.0,0.0,60,0.0,0.0,0.0,0.0,0.0,0
sample_18740.docx,10,66,0.0,0.0,60,0.0,0.0,0.0,0.0,0.0,0
sample_10500.docx,10,66,0.0,0.0,60,0.0,0.0,0.0,0.0,0.0,0
sample_02268.docx,10,66,0.0,0.0,60,0.0,0.0,0.0,0.0,0.0,0
sample_18887.docx,9,100,1.0,1.0,94,3.0,1.0,1.0,1.0,5.0,1
sample_08980.docx,10,66,0.0,0.0,60,0.0,0.0,0.0,0.0,0.0,0
sample_07766.docx,10,66,0.0,0.0,60,0.0,0.0,0.0,0.0,0.0,0
sample_14164.docx,0,0,0.0,0.0,0,0.0,0.0,0.0,0.0,0.0,1
sample_02389.docx,9,100,1.0,1.0,94,3.0,1.0,1.0,1.0,5.0,1
sample_02011.docx,10,66,0.0,0.0,60,0.0,0.0,0.0,0.0,0.0,0
sample_06634.docx,10,66,0.0,0.0,60,0.0,0.0,0.0,0.0,0.0,0
sample_08615.docx,10,66,0.0,0.0,60,0.0,0.0,0.0,0.0,0.0,0
sample_17843.docx,10,66,0.0,0.0,60,0.0,0.0,0.0,0.0,0.0,0
sample_00583.docx,10,66,0.0,0.0,60,0.0,0.0,0.0,0.0,0.0,0
sample_12484.docx,10,66,0.0,0.0,60,0.0,0.0,0.0,0.0,0.0,0
sample_15402.docx,10,66,0.0,0.0,60,0.0,0.0,0.0,0.0,0.0,0
sample_07148.docx,10,66,0.0,0.0,60,0.0,0.0,0.0,0.0,0.0,0
sample_17592.docx,10,66,0.0,0.0,60,0.0,0.0,0.0,0.0,0.0,0
sample_00664.docx,0,0,0.0,0.0,0,0.0,0.0,0.0,0.0,0.0,1
sample_16203.docx,0,0,0.0,0.0,0,0.0,0.0,0.0,0.0,0.0,1
sample_01412.docx,0,0,0.0,0.0,0,0.0,0.0,0.0,0.0,0.0,1
sample_16697.docx,0,0,0.0,0.0,0,0.0,0.0,0.0,0.0,0.0,1
sample_08884.docx,10,66,0.0,0.0,60,0.0,0.0,0.0,0.0,0.0,0
sample_15902.docx,10,66,0.0,0.0,60,0.0,0.0,0.0,0.0,0.0,0
sample_07748.docx,10,66,0.0,0.0,60,0.0,0.0,0.0,0.0,0.0,0
sample_05340.docx,10,66,0.0,0.0,60,0.0,0.0,0.0,0.0,0.0,0
sample_01822.docx,0,0,0.0,0.0,0,0.0,0.0,0.0,0.0,0.0,1
sample_07852.docx,0,0,0.0,0.0,0,0.0,0.0,0.0,0.0,0.0,1
sample_10878.docx,10,66,0.0,0.0,60,0.0,0.0,0.0,0.0,0.0,0
sample_05885.docx,10,66,0.0,0.0,60,0.0,0.0,0.0,0.0,0.0,0
sample_09604.docx,0,0,0.0,0.0,0,0.0,0.0,0.0,0.0,0.0,1
sample_02919.docx,10,66,0.0,0.0,60,0.0,0.0,0.0,0.0,0.0,0
sample_10047.docx,9,100,1.0,1.0,94,3.0,1.0,1.0,1.0,5.0,1
sample_16091.docx,0,0,0.0,0.0,0,0.0,0.0,0.0,0.0,0.0,1
sample_08217.docx,0,0,0.0,0.0,0,0.0,0.0,0.0,0.0,0.0,1
sample_11101.docx,10,66,0.0,0.0,60,0.0,0.0,0.0,0.0,0.0,0
sample_16492.docx,9,100,1.0,1.0,94,3.0,1.0,1.0,1.0,5.0,1
sample_12138.docx,9,100,1.0,1.0,94,3.0,1.0,1.0,1.0,5.0,1
sample_19631.docx,10,66,0.0,0.0,60,0.0,0.0,0.0,0.0,0.0,0
sample_10511.docx,9,100,1.0,1.0,94,3.0,1.0,1.0,1.0,5.0,1
sample_02368.docx,0,0,0.0,0.0,0,0.0,0.0,0.0,0.0,0.0,1
sample_10752.docx,10,66,0.0,0.0,60,0.0,0.0,0.0,0.0,0.0,0
sample_01890.docx,10,66,0.0,0.0,60,0.0,0.0,0.0,0.0,0.0,0
sample_04728.docx,0,0,0.0,0.0,0,0.0,0.0,0.0,0.0,0.0,1
sample_16778.docx,0,0,0.0,0.0,0,0.0,0.0,0.0,0.0,0.0,1
sample_12904.docx,10,66,0.0,0.0,60,0.0,0.0,0.0,0.0,0.0,0
sample_04323.docx,0,0,0.0,0.0,0,0.0,0.0,0.0,0.0,0.0,1
sample_03553.docx,0,0,0.0,0.0,0,0.0,0.0,0.0,0.0,0.0,1
sample_06964.docx,10,66,0.0,0.0,60,0.0,0.0,0.0,0.0,0.0,0
sample_19701.docx,10,66,0.0,0.0,60,0.0,0.0,0.0,0.0,0.0,0
sample_10094.docx,10,66,0.0,0.0,60,0.0,0.0,0.0,0.0,0.0,0
sample_01341.docx,0,0,0.0,0.0,0,0.0,0.0,0.0,0.0,0.0,1
sample_10095.docx,0,0,0.0,0.0,0,0.0,0.0,0.0,0.0,0.0,1
sample_19007.docx,0,0,0.0,0.0,0,0.0,0.0,0.0,0.0,0.0,1
sample_15523.docx,10,66,0.0,0.0,60,0.0,0.0,0.0,0.0,0.0,0
sample_18879.docx,10,66,0.0,0.0,60,0.0,0.0,0.0,0.0,0.0,0
sample_15360.docx,9,66,1.0,1.0,60,3.0,1.0,1.0,1.0,5.0,1
sample_06658.docx,10,66,0.0,0.0,60,0.0,0.0,0.0,0.0,0.0,0
sample_16865.docx,10,66,0.0,0.0,60,0.0,0.0,0.0,0.0,0.0,0
sample_14077.docx,0,0,0.0,0.0,0,0.0,0.0,0.0,0.0,0.0,1
sample_12944.docx,0,0,0.0,0.0,0,0.0,0.0,0.0,0.0,0.0,1
sample_11985.docx,9,66,1.0,1.0,60,3.0,1.0,1.0,1.0,5.0,1
sample_19887.docx,0,0,0.0,0.0,0,0.0,0.0,0.0,0.0,0.0,1
sample_17868.docx,0,0,0.0,0.0,0,0.0,0.0,0.0,0.0,0.0,1
sample_07465.docx,9,66,1.0,1.0,60,3.0,1.0,1.0,1.0,5.0,1
sample_02789.docx,0,0,0.0,0.0,0,0.0,0.0,0.0,0.0,0.0,1
sample_04294.docx,0,0,0.0,0.0,0,0.0,0.0,0.0,0.0,0.0,1
sample_04683.docx,9,100,1.0,1.0,94,3.0,1.0,1.0,1.0,5.0,1
sample_04189.docx,10,66,0.0,0.0,60,0.0,0.0,0.0,0.0,0.0,0
sample_08035.docx,9,100,1.0,1.0,94,3.0,1.0,1.0,1.0,5.0,1
sample_02872.docx,0,0,0.0,0.0,0,0.0,0.0,0.0,0.0,0.0,1
sample_15832.docx,0,66,0.0,0.0,60,0.0,0.0,0.0,0.0,0.0,0
sample_03345.docx,0,0,0.0,0.0,0,0.0,0.0,0.0,0.0,0.0,1
sample_09759.docx,0,0,0.0,0.0,0,0.0,0.0,0.0,0.0,0.0,1
sample_16302.docx,0,0,0.0,0.0,0,0.0,0.0,0.0,0.0,0.0,1
sample_06284.docx,0,0,0.0,0.0,0,0.0,0.0,0.0,0.0,0.0,1
sample_02409.docx,9,100,1.0,1.0,94,3.0,1.0,1.0,1.0,5.0,1
sample_00286.docx,0,0,0.0,0.0,0,0.0,0.0,0.0,0.0,0.0,1
sample_06268.docx,10,66,0.0,0.0,60,0.0,0.0,0.0,0.0,0.0,0
sample_08468.docx,0,0,0.0,0.0,0,0.0,0.0,0.0,0.0,0.0,1
sample_07574.docx,10,66,0.0,0.0,60,0.0,0.0,0.0,0.0,0.0,0
sample_14982.docx,10,66,0.0,0.0,60,0.0,0.0,0.0,0.0,0.0,0
sample_17798.docx,9,100,1.0,1.0,94,3.0,1.0,1.0,1.0,5.0,1
sample_07128.docx,0,0,0.0,0.0,0,0.0,0.0,0.0,0.0,0.0,1
sample_04641.docx,10,66,0.0,0.0,60,0.0,0.0,0.0,0.0,0.0,0
sample_07492.docx,10,66,0.0,0.0,60,0.0,0.0,0.0,0.0,0.0,0
sample_01986.docx,9,100,1.0,1.0,94,3.0,1.0,1.0,1.0,5.0,1
sample_07332.docx,10,66,0.0,0.0,60,0.0,0.0,0.0,0.0,0.0,0
sample_09262.docx,10,66,0.0,0.0,60,0.0,0.0,0.0,0.0,0.0,0
sample_12065.docx,10,66,0.0,0.0,60,0.0,0.0,0.0,0.0,0.0,0
sample_05120.docx,0,0,0.0,0.0,0,0.0,0.0,0.0,0.0,0.0,1
sample_15295.docx,9,100,1.0,1.0,94,3.0,1.0,1.0,1.0,5.0,1
sample_17148.docx,9,66,1.0,1.0,60,3.0,1.0,1.0,1.0,5.0,1
sample_13652.docx,10,66,0.0,0.0,60,0.0,0.0,0.0,0.0,0.0,0
sample_19530.docx,10,66,0.0,0.0,60,0.0,0.0,0.0,0.0,0.0,0
sample_07432.docx,10,66,0.0,0.0,60,0.0,0.0,0.0,0.0,0.0,0
sample_10268.docx,9,100,1.0,1.0,94,3.0,1.0,1.0,1.0,5.0,1
sample_03769.docx,9,66,1.0,1.0,60,3.0,1.0,1.0,1.0,5.0,1
sample_07585.docx,0,0,0.0,0.0,0,0.0,0.0,0.0,0.0,0.0,1
sample_19097.docx,10,66,0.0,0.0,60,0.0,0.0,0.0,0.0,0.0,0
sample_06766.docx,10,66,0.0,0.0,60,0.0,0.0,0.0,0.0,0.0,0
sample_15118.docx,10,66,0.0,0.0,60,0.0,0.0,0.0,0.0,0.0,0
sample_01976.docx,9,66,1.0,1.0,60,3.0,1.0,1.0,1.0,5.0,1
sample_01047.docx,0,0,0.0,0.0,0,0.0,0.0,0.0,0.0,0.0,1
sample_11639.docx,0,0,0.0,0.0,0,0.0,0.0,0.0,0.0,0.0,1
sample_02411.docx,9,66,1.0,1.0,60,3.0,1.0,1.0,1.0,5.0,1
sample_05264.docx,9,100,1.0,1.0,94,3.0,1.0,1.0,1.0,5.0,1
sample_17736.docx,10,66,0.0,0.0,60,0.0,0.0,0.0,0.0,0.0,0
sample_05382.docx,9,100,1.0,1.0,94,3.0,1.0,1.0,1.0,5.0,1
sample_14924.docx,10,66,0.0,0.0,60,0.0,0.0,0.0,0.0,0.0,0
sample_00641.docx,10,66,0.0,0.0,60,0.0,0.0,0.0,0.0,0.0,0
sample_14057.docx,9,100,1.0,1.0,94,3.0,1.0,1.0,1.0,5.0,1
sample_13330.docx,10,66,0.0,0.0,60,0.0,0.0,0.0,0.0,0.0,0
sample_14403.docx,10,66,0.0,0.0,60,0.0,0.0,0.0,0.0,0.0,0
sample_03302.docx,0,0,0.0,0.0,0,0.0,0.0,0.0,0.0,0.0,1
sample_00284.docx,0,0,0.0,0.0,0,0.0,0.0,0.0,0.0,0.0,1
sample_05694.docx,0,0,0.0,0.0,0,0.0,0.0,0.0,0.0,0.0,1
sample_04898.docx,10,66,0.0,0.0,60,0.0,0.0,0.0,0.0,0.0,0
sample_13983.docx,0,0,0.0,0.0,0,0.0,0.0,0.0,0.0,0.0,1
sample_12255.docx,0,0,0.0,0.0,0,0.0,0.0,0.0,0.0,0.0,1
sample_00227.docx,10,66,0.0,0.0,60,0.0,0.0,0.0,0.0,0.0,0
sample_07052.docx,0,0,0.0,0.0,0,0.0,0.0,0.0,0.0,0.0,1
sample_12672.docx,10,66,0.0,0.0,60,0.0,0.0,0.0,0.0,0.0,0
sample_13028.docx,9,100,1.0,1.0,94,3.0,1.0,1.0,1.0,5.0,1
sample_04245.docx,10,66,0.0,0.0,60,0.0,0.0,0.0,0.0,0.0,0
sample_14275.docx,9,100,1.0,1.0,94,3.0,1.0,1.0,1.0,5.0,1
sample_15729.docx,10,66,0.0,0.0,60,0.0,0.0,0.0,0.0,0.0,0
sample_01018.docx,10,66,0.0,0.0,60,0.0,0.0,0.0,0.0,0.0,0
sample_18689.docx,11,66,0.0,0.0,60,0.0,0.0,0.0,0.0,0.0,0
sample_06662.docx,10,66,0.0,0.0,60,0.0,0.0,0.0,0.0,0.0,0
sample_04515.docx,0,0,0.0,0.0,0,0.0,0.0,0.0,0.0,0.0,1
sample_15290.docx,10,66,0.0,0.0,60,0.0,0.0,0.0,0.0,0.0,0
sample_05752.docx,10,66,0.0,0.0,60,0.0,0.0,0.0,0.0,0.0,0
sample_10408.docx,9,100,1.0,1.0,94,3.0,1.0,1.0,1.0,5.0,1
sample_01741.docx,10,66,0.0,0.0,60,0.0,0.0,0.0,0.0,0.0,0
sample_14568.docx,0,0,0.0,0.0,0,0.0,0.0,0.0,0.0,0.0,1
sample_14080.docx,10,66,0.0,0.0,60,0.0,0.0,0.0,0.0,0.0,0
sample_03053.docx,10,66,0.0,0.0,60,0.0,0.0,0.0,0.0,0.0,0
sample_04386.docx,9,100,1.0,1.0,94,3.0,1.0,1.0,1.0,5.0,1
sample_12899.docx,10,66,0.0,0.0,60,0.0,0.0,0.0,0.0,0.0,0
sample_16467.docx,9,100,1.0,1.0,94,3.0,1.0,1.0,1.0,5.0,1
sample_05326.docx,0,0,0.0,0.0,0,0.0,0.0,0.0,0.0,0.0,1
sample_11207.docx,10,66,0.0,0.0,60,0.0,0.0,0.0,0.0,0.0,0
sample_12597.docx,0,0,0.0,0.0,0,0.0,0.0,0.0,0.0,0.0,1
sample_08171.docx,10,66,0.0,0.0,60,0.0,0.0,0.0,0.0,0.0,0
sample_04143.docx,0,0,0.0,0.0,0,0.0,0.0,0.0,0.0,0.0,1
sample_17128.docx,0,0,0.0,0.0,0,0.0,0.0,0.0,0.0,0.0,1
sample_17890.docx,10,66,0.0,0.0,60,0.0,0.0,0.0,0.0,0.0,0
sample_12659.docx,10,66,0.0,0.0,60,0.0,0.0,0.0,0.0,0.0,0
sample_12161.docx,10,66,0.0,0.0,60,0.0,0.0,0.0,0.0,0.0,0
sample_00228.docx,0,0,0.0,0.0,0,0.0,0.0,0.0,0.0,0.0,1
sample_00627.docx,10,66,0.0,0.0,60,0.0,0.0,0.0,0.0,0.0,0
sample_14560.docx,9,66,1.0,1.0,60,3.0,1.0,1.0,1.0,5.0,1
sample_16859.docx,0,0,0.0,0.0,0,0.0,0.0,0.0,0.0,0.0,1
sample_16379.docx,0,0,0.0,0.0,0,0.0,0.0,0.0,0.0,0.0,1
sample_04766.docx,10,66,0.0,0.0,60,0.0,0.0,0.0,0.0,0.0,0
sample_00653.docx,0,0,0.0,0.0,0,0.0,0.0,0.0,0.0,0.0,1
sample_00868.docx,0,0,0.0,0.0,0,0.0,0.0,0.0,0.0,0.0,1
sample_14141.docx,0,0,0.0,0.0,0,0.0,0.0,0.0,0.0,0.0,1
sample_19630.docx,0,0,0.0,0.0,0,0.0,0.0,0.0,0.0,0.0,1
sample_00123.docx,10,66,0.0,0.0,60,0.0,0.0,0.0,0.0,0.0,0
sample_18846.docx,9,100,1.0,1.0,94,3.0,1.0,1.0,1.0,5.0,1
sample_09648.docx,0,0,0.0,0.0,0,0.0,0.0,0.0,0.0,0.0,1
sample_15423.docx,0,0,0.0,0.0,0,0.0,0.0,0.0,0.0,0.0,1
sample_09501.docx,0,0,0.0,0.0,0,0.0,0.0,0.0,0.0,0.0,1
sample_14202.docx,0,0,0.0,0.0,0,0.0,0.0,0.0,0.0,0.0,1
sample_13598.docx,10,66,0.0,0.0,60,0.0,0.0,0.0,0.0,0.0,0
sample_09464.docx,10,66,0.0,0.0,60,0.0,0.0,0.0,0.0,0.0,0
sample_06529.docx,0,0,0.0,0.0,0,0.0,0.0,0.0,0.0,0.0,1
sample_11577.docx,10,66,0.0,0.0,60,0.0,0.0,0.0,0.0,0.0,0
sample_12793.docx,0,0,0.0,0.0,0,0.0,0.0,0.0,0.0,0.0,1
sample_09099.docx,10,66,0.0,0.0,60,0.0,0.0,0.0,0.0,0.0,0
sample_01895.docx,0,0,0.0,0.0,0,0.0,0.0,0.0,0.0,0.0,1
sample_17248.docx,9,100,1.0,1.0,94,3.0,1.0,1.0,1.0,5.0,1
sample_11743.docx,10,66,0.0,0.0,60,0.0,0.0,0.0,0.0,0.0,0
sample_09052.docx,10,66,0.0,0.0,60,0.0,0.0,0.0,0.0,0.0,0
sample_05840.docx,0,0,0.0,0.0,0,0.0,0.0,0.0,0.0,0.0,1
sample_09999.docx,10,66,0.0,0.0,60,0.0,0.0,0.0,0.0,0.0,0
sample_10885.docx,10,66,0.0,0.0,60,0.0,0.0,0.0,0.0,0.0,0
sample_10777.docx,10,66,0.0,0.0,60,0.0,0.0,0.0,0.0,0.0,0
sample_16103.docx,0,0,0.0,0.0,0,0.0,0.0,0.0,0.0,0.0,1
sample_15838.docx,10,66,0.0,0.0,60,0.0,0.0,0.0,0.0,0.0,0
sample_17121.docx,0,0,0.0,0.0,0,0.0,0.0,0.0,0.0,0.0,1
sample_00271.docx,11,64,0.0,0.0,58,0.0,0.0,0.0,0.0,0.0,0
sample_19565.docx,10,66,0.0,0.0,60,0.0,0.0,0.0,0.0,0.0,0
sample_17406.docx,10,66,0.0,0.0,60,0.0,0.0,0.0,0.0,0.0,0
sample_06705.docx,9,100,1.0,1.0,94,3.0,1.0,1.0,1.0,5.0,1
sample_05950.docx,10,66,0.0,0.0,60,0.0,0.0,0.0,0.0,0.0,0
sample_19181.docx,0,0,0.0,0.0,0,0.0,0.0,0.0,0.0,0.0,1
sample_05504.docx,9,100,1.0,1.0,94,3.0,1.0,1.0,1.0,5.0,1
sample_10910.docx,0,0,0.0,0.0,0,0.0,0.0,0.0,0.0,0.0,1
sample_09830.docx,0,0,0.0,0.0,0,0.0,0.0,0.0,0.0,0.0,1
sample_19834.docx,10,66,0.0,0.0,60,0.0,0.0,0.0,0.0,0.0,0
sample_13913.docx,10,66,0.0,0.0,60,0.0,0.0,0.0,0.0,0.0,0
sample_15737.docx,10,66,0.0,0.0,60,0.0,0.0,0.0,0.0,0.0,0
sample_04360.docx,10,66,0.0,0.0,60,0.0,0.0,0.0,0.0,0.0,0
sample_07540.docx,10,66,0.0,0.0,60,0.0,0.0,0.0,0.0,0.0,0
sample_08353.docx,10,66,0.0,0.0,60,0.0,0.0,0.0,0.0,0.0,0
sample_01763.docx,10,66,0.0,0.0,60,0.0,0.0,0.0,0.0,0.0,0
sample_13072.docx,0,0,0.0,0.0,0,0.0,0.0,0.0,0.0,0.0,1
sample_14775.docx,10,66,0.0,0.0,60,0.0,0.0,0.0,0.0,0.0,0
sample_03123.docx,10,66,0.0,0.0,60,0.0,0.0,0.0,0.0,0.0,0
sample_06655.docx,10,66,0.0,0.0,60,0.0,0.0,0.0,0.0,0.0,0
sample_02492.docx,9,100,1.0,1.0,94,3.0,1.0,1.0,1.0,5.0,1
sample_19494.docx,0,0,0.0,0.0,0,0.0,0.0,0.0,0.0,0.0,1
sample_08761.docx,10,66,0.0,0.0,60,0.0,0.0,0.0,0.0,0.0,0
sample_15904.docx,9,100,1.0,1.0,94,3.0,1.0,1.0,1.0,5.0,1
sample_17212.docx,9,66,1.0,1.0,60,3.0,1.0,1.0,1.0,5.0,1
sample_15979.docx,0,0,0.0,0.0,0,0.0,0.0,0.0,0.0,0.0,1
sample_12344.docx,9,66,1.0,1.0,60,3.0,1.0,1.0,1.0,5.0,1
sample_03807.docx,10,66,0.0,0.0,60,0.0,0.0,0.0,0.0,0.0,0
sample_18505.docx,10,66,0.0,0.0,60,0.0,0.0,0.0,0.0,0.0,0
sample_16667.docx,10,66,0.0,0.0,60,0.0,0.0,0.0,0.0,0.0,0
sample_18573.docx,0,0,0.0,0.0,0,0.0,0.0,0.0,0.0,0.0,1
sample_10605.docx,0,0,0.0,0.0,0,0.0,0.0,0.0,0.0,0.0,1
sample_02963.docx,0,0,0.0,0.0,0,0.0,0.0,0.0,0.0,0.0,1
sample_01274.docx,10,66,0.0,0.0,60,0.0,0.0,0.0,0.0,0.0,0
sample_04968.docx,9,66,1.0,1.0,60,3.0,1.0,1.0,1.0,5.0,1
sample_06238.docx,10,66,0.0,0.0,60,0.0,0.0,0.0,0.0,0.0,0
sample_15473.docx,10,66,0.0,0.0,60,0.0,0.0,0.0,0.0,0.0,0
sample_05365.docx,10,66,0.0,0.0,60,0.0,0.0,0.0,0.0,0.0,0
sample_04669.docx,9,66,0.0,0.0,60,0.0,0.0,0.0,0.0,0.0,0
sample_12981.docx,10,66,0.0,0.0,60,0.0,0.0,0.0,0.0,0.0,0
sample_03766.docx,10,66,0.0,0.0,60,0.0,0.0,0.0,0.0,0.0,0
sample_13935.docx,0,0,0.0,0.0,0,0.0,0.0,0.0,0.0,0.0,1
sample_09981.docx,10,66,0.0,0.0,60,0.0,0.0,0.0,0.0,0.0,0
sample_17053.docx,9,66,1.0,1.0,60,3.0,1.0,1.0,1.0,5.0,1
sample_07905.docx,9,66,1.0,1.0,60,3.0,1.0,1.0,1.0,5.0,1
sample_01905.docx,9,100,1.0,1.0,94,3.0,1.0,1.0,1.0,5.0,1
sample_07182.docx,9,66,1.0,1.0,60,3.0,1.0,1.0,1.0,5.0,1
sample_19558.docx,10,66,0.0,0.0,60,0.0,0.0,0.0,0.0,0.0,0
sample_14236.docx,9,100,1.0,1.0,94,3.0,1.0,1.0,1.0,5.0,1
sample_11370.docx,10,66,0.0,0.0,60,0.0,0.0,0.0,0.0,0.0,0
sample_05471.docx,0,0,0.0,0.0,0,0.0,0.0,0.0,0.0,0.0,1
sample_07711.docx,10,66,0.0,0.0,60,0.0,0.0,0.0,0.0,0.0,0
sample_14673.docx,0,0,0.0,0.0,0,0.0,0.0,0.0,0.0,0.0,1
sample_07246.docx,11,64,0.0,0.0,58,0.0,0.0,0.0,0.0,0.0,0
sample_14128.docx,10,66,0.0,0.0,60,0.0,0.0,0.0,0.0,0.0,0
sample_18248.docx,9,66,1.0,1.0,60,3.0,1.0,1.0,1.0,5.0,1
sample_02651.docx,10,66,0.0,0.0,60,0.0,0.0,0.0,0.0,0.0,0
sample_06348.docx,0,0,0.0,0.0,0,0.0,0.0,0.0,0.0,0.0,1
sample_09188.docx,10,66,0.0,0.0,60,0.0,0.0,0.0,0.0,0.0,0
sample_19154.docx,10,66,0.0,0.0,60,0.0,0.0,0.0,0.0,0.0,0
sample_07773.docx,9,100,1.0,1.0,94,3.0,1.0,1.0,1.0,5.0,1
sample_12289.docx,10,66,0.0,0.0,60,0.0,0.0,0.0,0.0,0.0,0
sample_02716.docx,10,66,0.0,0.0,60,0.0,0.0,0.0,0.0,0.0,0
sample_06244.docx,0,0,0.0,0.0,0,0.0,0.0,0.0,0.0,0.0,1
sample_02796.docx,9,66,0.0,0.0,60,0.0,0.0,0.0,0.0,0.0,0
sample_12914.docx,0,0,0.0,0.0,0,0.0,0.0,0.0,0.0,0.0,1
sample_09554.docx,9,100,1.0,1.0,94,3.0,1.0,1.0,1.0,5.0,1
sample_16987.docx,9,66,1.0,1.0,60,3.0,1.0,1.0,1.0,5.0,1
sample_03525.docx,10,66,0.0,0.0,60,0.0,0.0,0.0,0.0,0.0,0
sample_08125.docx,9,66,1.0,1.0,60,3.0,1.0,1.0,1.0,5.0,1
sample_12342.docx,0,0,0.0,0.0,0,0.0,0.0,0.0,0.0,0.0,1
sample_05688.docx,10,66,0.0,0.0,60,0.0,0.0,0.0,0.0,0.0,0
sample_12419.docx,0,0,0.0,0.0,0,0.0,0.0,0.0,0.0,0.0,1
sample_06139.docx,9,100,1.0,1.0,94,3.0,1.0,1.0,1.0,5.0,1
sample_01752.docx,9,66,0.0,0.0,60,0.0,0.0,0.0,0.0,0.0,0
sample_03371.docx,10,66,0.0,0.0,60,0.0,0.0,0.0,0.0,0.0,0
sample_15565.docx,9,100,1.0,1.0,94,3.0,1.0,1.0,1.0,5.0,1
sample_05500.docx,10,66,0.0,0.0,60,0.0,0.0,0.0,0.0,0.0,0
sample_04291.docx,0,0,0.0,0.0,0,0.0,0.0,0.0,0.0,0.0,1
sample_10331.docx,0,0,0.0,0.0,0,0.0,0.0,0.0,0.0,0.0,1
sample_05451.docx,0,0,0.0,0.0,0,0.0,0.0,0.0,0.0,0.0,1
sample_19143.docx,0,0,0.0,0.0,0,0.0,0.0,0.0,0.0,0.0,1
sample_08097.docx,0,0,0.0,0.0,0,0.0,0.0,0.0,0.0,0.0,1
sample_19463.docx,0,0,0.0,0.0,0,0.0,0.0,0.0,0.0,0.0,1
sample_10394.docx,10,66,0.0,0.0,60,0.0,0.0,0.0,0.0,0.0,0
sample_14329.docx,10,66,0.0,0.0,60,0.0,0.0,0.0,0.0,0.0,0
sample_01272.docx,9,100,1.0,1.0,94,3.0,1.0,1.0,1.0,5.0,1
sample_04788.docx,0,0,0.0,0.0,0,0.0,0.0,0.0,0.0,0.0,1
sample_07529.docx,10,66,0.0,0.0,60,0.0,0.0,0.0,0.0,0.0,0
sample_12226.docx,9,100,1.0,1.0,94,3.0,1.0,1.0,1.0,5.0,1
sample_15434.docx,9,66,1.0,1.0,60,3.0,1.0,1.0,1.0,5.0,1
sample_00316.docx,10,66,0.0,0.0,60,0.0,0.0,0.0,0.0,0.0,0
sample_04872.docx,10,66,0.0,0.0,60,0.0,0.0,0.0,0.0,0.0,0
sample_00254.docx,10,66,0.0,0.0,60,0.0,0.0,0.0,0.0,0.0,0
sample_10936.docx,9,100,1.0,1.0,94,3.0,1.0,1.0,1.0,5.0,1
sample_01910.docx,9,66,1.0,1.0,60,3.0,1.0,1.0,1.0,5.0,1
sample_19354.docx,10,66,0.0,0.0,60,0.0,0.0,0.0,0.0,0.0,0
sample_10152.docx,9,100,1.0,1.0,94,3.0,1.0,1.0,1.0,5.0,1
sample_05111.docx,10,66,0.0,0.0,60,0.0,0.0,0.0,0.0,0.0,0
sample_14822.docx,0,0,0.0,0.0,0,0.0,0.0,0.0,0.0,0.0,1
sample_18883.docx,0,0,0.0,0.0,0,0.0,0.0,0.0,0.0,0.0,1
sample_08729.docx,0,0,0.0,0.0,0,0.0,0.0,0.0,0.0,0.0,1
sample_14780.docx,10,66,0.0,0.0,60,0.0,0.0,0.0,0.0,0.0,0
sample_17267.docx,10,66,0.0,0.0,60,0.0,0.0,0.0,0.0,0.0,0
sample_03593.docx,10,66,0.0,0.0,60,0.0,0.0,0.0,0.0,0.0,0
sample_06864.docx,0,0,0.0,0.0,0,0.0,0.0,0.0,0.0,0.0,1
sample_11491.docx,10,66,0.0,0.0,60,0.0,0.0,0.0,0.0,0.0,0
sample_03416.docx,0,0,0.0,0.0,0,0.0,0.0,0.0,0.0,0.0,1
sample_06290.docx,10,66,0.0,0.0,60,0.0,0.0,0.0,0.0,0.0,0
sample_01753.docx,10,66,0.0,0.0,60,0.0,0.0,0.0,0.0,0.0,0
sample_07425.docx,0,0,0.0,0.0,0,0.0,0.0,0.0,0.0,0.0,1
sample_12259.docx,10,66,0.0,0.0,60,0.0,0.0,0.0,0.0,0.0,0
sample_17484.docx,10,66,0.0,0.0,60,0.0,0.0,0.0,0.0,0.0,0
sample_15301.docx,0,0,0.0,0.0,0,0.0,0.0,0.0,0.0,0.0,1
sample_00984.docx,10,66,0.0,0.0,60,0.0,0.0,0.0,0.0,0.0,0
sample_06990.docx,9,100,1.0,1.0,94,3.0,1.0,1.0,1.0,5.0,1
sample_07360.docx,9,66,0.0,0.0,60,0.0,0.0,0.0,0.0,0.0,0
sample_13715.docx,9,66,1.0,1.0,60,3.0,1.0,1.0,1.0,5.0,1
sample_00412.docx,0,0,0.0,0.0,0,0.0,0.0,0.0,0.0,0.0,1
sample_06216.docx,10,66,0.0,0.0,60,0.0,0.0,0.0,0.0,0.0,0
sample_15610.docx,10,66,0.0,0.0,60,0.0,0.0,0.0,0.0,0.0,0
sample_08731.docx,0,0,0.0,0.0,0,0.0,0.0,0.0,0.0,0.0,1
sample_13176.docx,0,0,0.0,0.0,0,0.0,0.0,0.0,0.0,0.0,1
sample_01126.docx,10,66,0.0,0.0,60,0.0,0.0,0.0,0.0,0.0,0
sample_06616.docx,10,66,0.0,0.0,60,0.0,0.0,0.0,0.0,0.0,0
sample_19684.docx,10,66,0.0,0.0,60,0.0,0.0,0.0,0.0,0.0,0
sample_19623.docx,0,0,0.0,0.0,0,0.0,0.0,0.0,0.0,0.0,1
sample_16131.docx,10,66,0.0,0.0,60,0.0,0.0,0.0,0.0,0.0,0
sample_05828.docx,10,66,0.0,0.0,60,0.0,0.0,0.0,0.0,0.0,0
sample_04379.docx,11,64,0.0,0.0,58,0.0,0.0,0.0,0.0,0.0,0
sample_14400.docx,0,0,0.0,0.0,0,0.0,0.0,0.0,0.0,0.0,1
sample_17413.docx,0,0,0.0,0.0,0,0.0,0.0,0.0,0.0,0.0,1
sample_06416.docx,0,0,0.0,0.0,0,0.0,0.0,0.0,0.0,0.0,1
sample_11824.docx,10,66,0.0,0.0,60,0.0,0.0,0.0,0.0,0.0,0
sample_05760.docx,10,66,0.0,0.0,60,0.0,0.0,0.0,0.0,0.0,0
sample_10362.docx,10,66,0.0,0.0,60,0.0,0.0,0.0,0.0,0.0,0
sample_10785.docx,9,100,1.0,1.0,94,3.0,1.0,1.0,1.0,5.0,1
sample_15617.docx,0,0,0.0,0.0,0,0.0,0.0,0.0,0.0,0.0,1
sample_18769.docx,0,0,0.0,0.0,0,0.0,0.0,0.0,0.0,0.0,1
sample_13344.docx,10,66,0.0,0.0,60,0.0,0.0,0.0,0.0,0.0,0
sample_12553.docx,9,100,1.0,1.0,94,3.0,1.0,1.0,1.0,5.0,1
sample_14883.docx,10,66,0.0,0.0,60,0.0,0.0,0.0,0.0,0.0,0
sample_02284.docx,10,66,0.0,0.0,60,0.0,0.0,0.0,0.0,0.0,0
sample_19222.docx,9,100,1.0,1.0,94,3.0,1.0,1.0,1.0,5.0,1
sample_17903.docx,0,0,0.0,0.0,0,0.0,0.0,0.0,0.0,0.0,1
sample_12147.docx,0,0,0.0,0.0,0,0.0,0.0,0.0,0.0,0.0,1
sample_10029.docx,10,66,0.0,0.0,60,0.0,0.0,0.0,0.0,0.0,0
sample_08564.docx,0,0,0.0,0.0,0,0.0,0.0,0.0,0.0,0.0,1
sample_15297.docx,0,0,0.0,0.0,0,0.0,0.0,0.0,0.0,0.0,1
sample_16971.docx,0,0,0.0,0.0,0,0.0,0.0,0.0,0.0,0.0,1
sample_18108.docx,10,66,0.0,0.0,60,0.0,0.0,0.0,0.0,0.0,0
sample_11078.docx,9,100,1.0,1.0,94,3.0,1.0,1.0,1.0,5.0,1
sample_17192.docx,10,66,0.0,0.0,60,0.0,0.0,0.0,0.0,0.0,0
sample_07305.docx,0,0,0.0,0.0,0,0.0,0.0,0.0,0.0,0.0,1
sample_15594.docx,10,66,0.0,0.0,60,0.0,0.0,0.0,0.0,0.0,0
sample_00505.docx,10,66,0.0,0.0,60,0.0,0.0,0.0,0.0,0.0,0
sample_07034.docx,0,0,0.0,0.0,0,0.0,0.0,0.0,0.0,0.0,1
sample_13024.docx,10,66,0.0,0.0,60,0.0,0.0,0.0,0.0,0.0,0
sample_00726.docx,10,66,0.0,0.0,60,0.0,0.0,0.0,0.0,0.0,0
sample_13246.docx,9,100,1.0,1.0,94,3.0,1.0,1.0,1.0,5.0,1
sample_12555.docx,0,66,0.0,0.0,60,0.0,0.0,0.0,0.0,0.0,0
sample_03472.docx,9,100,1.0,1.0,94,3.0,1.0,1.0,1.0,5.0,1
sample_06204.docx,10,66,0.0,0.0,60,0.0,0.0,0.0,0.0,0.0,0
sample_13600.docx,10,66,0.0,0.0,60,0.0,0.0,0.0,0.0,0.0,0
sample_04720.docx,10,66,0.0,0.0,60,0.0,0.0,0.0,0.0,0.0,0
sample_04859.docx,10,66,0.0,0.0,60,0.0,0.0,0.0,0.0,0.0,0
sample_05695.docx,10,66,0.0,0.0,60,0.0,0.0,0.0,0.0,0.0,0
sample_15497.docx,9,66,1.0,1.0,60,3.0,1.0,1.0,1.0,5.0,1
sample_14646.docx,9,100,1.0,1.0,94,3.0,1.0,1.0,1.0,5.0,1
sample_01610.docx,0,0,0.0,0.0,0,0.0,0.0,0.0,0.0,0.0,1
sample_12471.docx,9,100,1.0,1.0,94,3.0,1.0,1.0,1.0,5.0,1
sample_05755.docx,0,0,0.0,0.0,0,0.0,0.0,0.0,0.0,0.0,1
sample_10441.docx,10,66,0.0,0.0,60,0.0,0.0,0.0,0.0,0.0,0
sample_16031.docx,10,66,0.0,0.0,60,0.0,0.0,0.0,0.0,0.0,0
sample_11517.docx,0,0,0.0,0.0,0,0.0,0.0,0.0,0.0,0.0,1
sample_16357.docx,9,66,1.0,1.0,60,3.0,1.0,1.0,1.0,5.0,1
sample_10771.docx,9,100,1.0,1.0,94,3.0,1.0,1.0,1.0,5.0,1
sample_00466.docx,9,100,1.0,1.0,94,3.0,1.0,1.0,1.0,5.0,1
sample_00203.docx,0,0,0.0,0.0,0,0.0,0.0,0.0,0.0,0.0,1
sample_06599.docx,0,0,0.0,0.0,0,0.0,0.0,0.0,0.0,0.0,1
sample_05199.docx,0,0,0.0,0.0,0,0.0,0.0,0.0,0.0,0.0,1
sample_11318.docx,9,66,1.0,1.0,60,3.0,1.0,1.0,1.0,5.0,1
sample_18125.docx,0,0,0.0,0.0,0,0.0,0.0,0.0,0.0,0.0,1
sample_13996.docx,10,66,0.0,0.0,60,0.0,0.0,0.0,0.0,0.0,0
sample_13054.docx,10,66,0.0,0.0,60,0.0,0.0,0.0,0.0,0.0,0
sample_14898.docx,10,66,0.0,0.0,60,0.0,0.0,0.0,0.0,0.0,0
sample_07572.docx,9,66,1.0,1.0,60,3.0,1.0,1.0,1.0,5.0,1
sample_01043.docx,9,66,1.0,1.0,60,3.0,1.0,1.0,1.0,5.0,1
sample_18265.docx,0,0,0.0,0.0,0,0.0,0.0,0.0,0.0,0.0,1
sample_09853.docx,0,0,0.0,0.0,0,0.0,0.0,0.0,0.0,0.0,1
sample_07731.docx,10,66,0.0,0.0,60,0.0,0.0,0.0,0.0,0.0,0
sample_08841.docx,0,0,0.0,0.0,0,0.0,0.0,0.0,0.0,0.0,1
sample_07142.docx,9,100,1.0,1.0,94,3.0,1.0,1.0,1.0,5.0,1
sample_17825.docx,10,66,0.0,0.0,60,0.0,0.0,0.0,0.0,0.0,0
sample_16246.docx,9,100,1.0,1.0,94,3.0,1.0,1.0,1.0,5.0,1
sample_17863.docx,9,100,1.0,1.0,94,3.0,1.0,1.0,1.0,5.0,1
sample_09825.docx,9,100,1.0,1.0,94,3.0,1.0,1.0,1.0,5.0,1
sample_05590.docx,9,100,1.0,1.0,94,3.0,1.0,1.0,1.0,5.0,1
sample_00752.docx,10,66,0.0,0.0,60,0.0,0.0,0.0,0.0,0.0,0
sample_04464.docx,9,100,1.0,1.0,94,3.0,1.0,1.0,1.0,5.0,1
sample_00616.docx,10,66,0.0,0.0,60,0.0,0.0,0.0,0.0,0.0,0
sample_12188.docx,0,0,0.0,0.0,0,0.0,0.0,0.0,0.0,0.0,1
sample_01732.docx,0,0,0.0,0.0,0,0.0,0.0,0.0,0.0,0.0,1
sample_19820.docx,10,66,0.0,0.0,60,0.0,0.0,0.0,0.0,0.0,0
sample_04082.docx,10,66,0.0,0.0,60,0.0,0.0,0.0,0.0,0.0,0
sample_18099.docx,0,0,0.0,0.0,0,0.0,0.0,0.0,0.0,0.0,1
sample_18603.docx,10,66,0.0,0.0,60,0.0,0.0,0.0,0.0,0.0,0
sample_17705.docx,0,0,0.0,0.0,0,0.0,0.0,0.0,0.0,0.0,1
sample_10794.docx,10,66,0.0,0.0,60,0.0,0.0,0.0,0.0,0.0,0
sample_02437.docx,0,0,0.0,0.0,0,0.0,0.0,0.0,0.0,0.0,1
sample_09151.docx,10,66,0.0,0.0,60,0.0,0.0,0.0,0.0,0.0,0
sample_16848.docx,0,0,0.0,0.0,0,0.0,0.0,0.0,0.0,0.0,1
sample_14085.docx,10,66,0.0,0.0,60,0.0,0.0,0.0,0.0,0.0,0
sample_01514.docx,10,66,0.0,0.0,60,0.0,0.0,0.0,0.0,0.0,0
sample_01766.docx,10,66,0.0,0.0,60,0.0,0.0,0.0,0.0,0.0,0
sample_07317.docx,9,100,1.0,1.0,94,3.0,1.0,1.0,1.0,5.0,1
sample_08081.docx,10,66,0.0,0.0,60,0.0,0.0,0.0,0.0,0.0,0
sample_07325.docx,10,66,0.0,0.0,60,0.0,0.0,0.0,0.0,0.0,0
sample_08077.docx,9,100,1.0,1.0,94,3.0,1.0,1.0,1.0,5.0,1
sample_08500.docx,10,66,0.0,0.0,60,0.0,0.0,0.0,0.0,0.0,0
sample_00157.docx,10,66,0.0,0.0,60,0.0,0.0,0.0,0.0,0.0,0
sample_10964.docx,10,66,0.0,0.0,60,0.0,0.0,0.0,0.0,0.0,0
sample_14026.docx,9,100,1.0,1.0,94,3.0,1.0,1.0,1.0,5.0,1
sample_02718.docx,9,100,1.0,1.0,94,3.0,1.0,1.0,1.0,5.0,1
sample_09169.docx,0,0,0.0,0.0,0,0.0,0.0,0.0,0.0,0.0,1
sample_15419.docx,9,100,1.0,1.0,94,3.0,1.0,1.0,1.0,5.0,1
sample_17583.docx,9,66,1.0,1.0,60,3.0,1.0,1.0,1.0,5.0,1
sample_17237.docx,0,0,0.0,0.0,0,0.0,0.0,0.0,0.0,0.0,1
sample_01613.docx,0,0,0.0,0.0,0,0.0,0.0,0.0,0.0,0.0,1
sample_12528.docx,0,0,0.0,0.0,0,0.0,0.0,0.0,0.0,0.0,1
sample_08413.docx,0,0,0.0,0.0,0,0.0,0.0,0.0,0.0,0.0,1
sample_01044.docx,0,0,0.0,0.0,0,0.0,0.0,0.0,0.0,0.0,1
sample_14411.docx,0,0,0.0,0.0,0,0.0,0.0,0.0,0.0,0.0,1
sample_15020.docx,0,0,0.0,0.0,0,0.0,0.0,0.0,0.0,0.0,1
sample_05895.docx,9,100,1.0,1.0,94,3.0,1.0,1.0,1.0,5.0,1
sample_00394.docx,0,0,0.0,0.0,0,0.0,0.0,0.0,0.0,0.0,1
sample_01672.docx,10,66,0.0,0.0,60,0.0,0.0,0.0,0.0,0.0,0
sample_09000.docx,0,0,0.0,0.0,0,0.0,0.0,0.0,0.0,0.0,1
sample_07912.docx,10,66,0.0,0.0,60,0.0,0.0,0.0,0.0,0.0,0
sample_08939.docx,10,66,0.0,0.0,60,0.0,0.0,0.0,0.0,0.0,0
sample_11051.docx,10,66,0.0,0.0,60,0.0,0.0,0.0,0.0,0.0,0
sample_00295.docx,9,66,1.0,1.0,60,3.0,1.0,1.0,1.0,5.0,1
sample_02877.docx,10,66,0.0,0.0,60,0.0,0.0,0.0,0.0,0.0,0
sample_11346.docx,0,0,0.0,0.0,0,0.0,0.0,0.0,0.0,0.0,1
sample_15518.docx,9,100,1.0,1.0,94,3.0,1.0,1.0,1.0,5.0,1
sample_07077.docx,9,100,1.0,1.0,94,3.0,1.0,1.0,1.0,5.0,1
sample_05279.docx,10,66,0.0,0.0,60,0.0,0.0,0.0,0.0,0.0,0
sample_19617.docx,9,100,1.0,1.0,94,3.0,1.0,1.0,1.0,5.0,1
sample_05984.docx,10,66,0.0,0.0,60,0.0,0.0,0.0,0.0,0.0,0
sample_00446.docx,0,0,0.0,0.0,0,0.0,0.0,0.0,0.0,0.0,1
sample_09534.docx,10,66,0.0,0.0,60,0.0,0.0,0.0,0.0,0.0,0
sample_01704.docx,0,0,0.0,0.0,0,0.0,0.0,0.0,0.0,0.0,1
sample_13588.docx,9,66,1.0,1.0,60,3.0,1.0,1.0,1.0,5.0,1
sample_10507.docx,9,100,1.0,1.0,94,3.0,1.0,1.0,1.0,5.0,1
sample_15426.docx,0,0,0.0,0.0,0,0.0,0.0,0.0,0.0,0.0,1
sample_08606.docx,10,66,0.0,0.0,60,0.0,0.0,0.0,0.0,0.0,0
sample_19761.docx,10,66,0.0,0.0,60,0.0,0.0,0.0,0.0,0.0,0
sample_03479.docx,10,66,0.0,0.0,60,0.0,0.0,0.0,0.0,0.0,0
sample_17596.docx,0,0,0.0,0.0,0,0.0,0.0,0.0,0.0,0.0,1
sample_08565.docx,10,66,0.0,0.0,60,0.0,0.0,0.0,0.0,0.0,0
sample_18251.docx,0,0,0.0,0.0,0,0.0,0.0,0.0,0.0,0.0,1
sample_16485.docx,0,0,0.0,0.0,0,0.0,0.0,0.0,0.0,0.0,1
sample_11696.docx,0,0,0.0,0.0,0,0.0,0.0,0.0,0.0,0.0,1
sample_10892.docx,10,66,0.0,0.0,60,0.0,0.0,0.0,0.0,0.0,0
sample_17666.docx,9,66,1.0,1.0,60,3.0,1.0,1.0,1.0,5.0,1
sample_01981.docx,9,100,1.0,1.0,94,3.0,1.0,1.0,1.0,5.0,1
sample_07254.docx,9,100,0.0,0.0,94,0.0,0.0,0.0,0.0,0.0,0
sample_09957.docx,10,66,0.0,0.0,60,0.0,0.0,0.0,0.0,0.0,0
sample_03144.docx,10,66,0.0,0.0,60,0.0,0.0,0.0,0.0,0.0,0
sample_04440.docx,0,0,0.0,0.0,0,0.0,0.0,0.0,0.0,0.0,1
sample_08555.docx,10,66,0.0,0.0,60,0.0,0.0,0.0,0.0,0.0,0
sample_17948.docx,10,66,0.0,0.0,60,0.0,0.0,0.0,0.0,0.0,0
sample_14559.docx,10,66,0.0,0.0,60,0.0,0.0,0.0,0.0,0.0,0
sample_05841.docx,10,66,0.0,0.0,60,0.0,0.0,0.0,0.0,0.0,0
sample_18779.docx,10,66,0.0,0.0,60,0.0,0.0,0.0,0.0,0.0,0
sample_16862.docx,10,66,0.0,0.0,60,0.0,0.0,0.0,0.0,0.0,0
sample_09115.docx,0,0,0.0,0.0,0,0.0,0.0,0.0,0.0,0.0,1
sample_11914.docx,10,66,0.0,0.0,60,0.0,0.0,0.0,0.0,0.0,0
sample_08033.docx,9,100,1.0,1.0,94,3.0,1.0,1.0,1.0,5.0,1
sample_17307.docx,10,66,0.0,0.0,60,0.0,0.0,0.0,0.0,0.0,0
sample_19364.docx,0,0,0.0,0.0,0,0.0,0.0,0.0,0.0,0.0,1
sample_18750.docx,10,66,0.0,0.0,60,0.0,0.0,0.0,0.0,0.0,0
sample_18627.docx,0,0,0.0,0.0,0,0.0,0.0,0.0,0.0,0.0,1
sample_16983.docx,10,66,0.0,0.0,60,0.0,0.0,0.0,0.0,0.0,0
sample_02819.docx,9,100,1.0,1.0,94,3.0,1.0,1.0,1.0,5.0,1
sample_05835.docx,10,66,0.0,0.0,60,0.0,0.0,0.0,0.0,0.0,0
sample_08723.docx,10,66,0.0,0.0,60,0.0,0.0,0.0,0.0,0.0,0
sample_08751.docx,10,66,0.0,0.0,60,0.0,0.0,0.0,0.0,0.0,0
sample_07875.docx,0,0,0.0,0.0,0,0.0,0.0,0.0,0.0,0.0,1
sample_04276.docx,0,0,0.0,0.0,0,0.0,0.0,0.0,0.0,0.0,1
sample_14387.docx,0,0,0.0,0.0,0,0.0,0.0,0.0,0.0,0.0,1
sample_19148.docx,9,100,1.0,1.0,94,3.0,1.0,1.0,1.0,5.0,1
sample_01878.docx,9,100,1.0,1.0,94,3.0,1.0,1.0,1.0,5.0,1
sample_18451.docx,9,66,0.0,0.0,60,0.0,0.0,0.0,0.0,0.0,0
sample_00173.docx,0,0,0.0,0.0,0,0.0,0.0,0.0,0.0,0.0,1
sample_10852.docx,0,0,0.0,0.0,0,0.0,0.0,0.0,0.0,0.0,1
sample_19096.docx,0,0,0.0,0.0,0,0.0,0.0,0.0,0.0,0.0,1
sample_19858.docx,10,66,0.0,0.0,60,0.0,0.0,0.0,0.0,0.0,0
sample_18559.docx,9,100,1.0,1.0,94,3.0,1.0,1.0,1.0,5.0,1
sample_15084.docx,9,100,1.0,1.0,94,3.0,1.0,1.0,1.0,5.0,1
sample_13224.docx,11,64,0.0,0.0,58,0.0,0.0,0.0,0.0,0.0,0
sample_01743.docx,0,0,0.0,0.0,0,0.0,0.0,0.0,0.0,0.0,1
sample_17411.docx,10,66,0.0,0.0,60,0.0,0.0,0.0,0.0,0.0,0
sample_17605.docx,0,0,0.0,0.0,0,0.0,0.0,0.0,0.0,0.0,1
sample_09142.docx,0,0,0.0,0.0,0,0.0,0.0,0.0,0.0,0.0,1
sample_17439.docx,10,66,0.0,0.0,60,0.0,0.0,0.0,0.0,0.0,0
sample_09699.docx,9,100,1.0,1.0,94,3.0,1.0,1.0,1.0,5.0,1
sample_03496.docx,10,66,0.0,0.0,60,0.0,0.0,0.0,0.0,0.0,0
sample_18463.docx,9,100,1.0,1.0,94,3.0,1.0,1.0,1.0,5.0,1
sample_11660.docx,0,0,0.0,0.0,0,0.0,0.0,0.0,0.0,0.0,1
sample_14926.docx,11,66,0.0,0.0,60,0.0,0.0,0.0,0.0,0.0,0
sample_08868.docx,10,66,0.0,0.0,60,0.0,0.0,0.0,0.0,0.0,0
sample_05819.docx,9,100,0.0,0.0,94,0.0,0.0,0.0,0.0,0.0,0
sample_07810.docx,0,0,0.0,0.0,0,0.0,0.0,0.0,0.0,0.0,1
sample_14965.docx,0,0,0.0,0.0,0,0.0,0.0,0.0,0.0,0.0,1
sample_13185.docx,9,100,1.0,1.0,94,3.0,1.0,1.0,1.0,5.0,1
sample_19491.docx,10,66,0.0,0.0,60,0.0,0.0,0.0,0.0,0.0,0
sample_09511.docx,10,66,0.0,0.0,60,0.0,0.0,0.0,0.0,0.0,0
sample_06727.docx,11,66,0.0,0.0,60,0.0,0.0,0.0,0.0,0.0,0
sample_17757.docx,0,0,0.0,0.0,0,0.0,0.0,0.0,0.0,0.0,1
sample_10903.docx,10,66,0.0,0.0,60,0.0,0.0,0.0,0.0,0.0,0
sample_04589.docx,10,66,0.0,0.0,60,0.0,0.0,0.0,0.0,0.0,0
sample_16937.docx,10,66,0.0,0.0,60,0.0,0.0,0.0,0.0,0.0,0
sample_19576.docx,10,66,0.0,0.0,60,0.0,0.0,0.0,0.0,0.0,0
sample_00859.docx,10,66,0.0,0.0,60,0.0,0.0,0.0,0.0,0.0,0
sample_08746.docx,0,0,0.0,0.0,0,0.0,0.0,0.0,0.0,0.0,1
sample_07695.docx,0,0,0.0,0.0,0,0.0,0.0,0.0,0.0,0.0,1
sample_10347.docx,10,66,0.0,0.0,60,0.0,0.0,0.0,0.0,0.0,0
sample_14981.docx,0,0,0.0,0.0,0,0.0,0.0,0.0,0.0,0.0,1
sample_02109.docx,10,66,0.0,0.0,60,0.0,0.0,0.0,0.0,0.0,0
sample_05052.docx,10,66,0.0,0.0,60,0.0,0.0,0.0,0.0,0.0,0
sample_13345.docx,9,66,0.0,0.0,60,0.0,0.0,0.0,0.0,0.0,0
sample_18042.docx,11,64,0.0,0.0,58,0.0,0.0,0.0,0.0,0.0,0
sample_04139.docx,10,66,0.0,0.0,60,0.0,0.0,0.0,0.0,0.0,0
sample_09720.docx,10,66,0.0,0.0,60,0.0,0.0,0.0,0.0,0.0,0
sample_18712.docx,9,100,1.0,1.0,94,3.0,1.0,1.0,1.0,5.0,1
sample_16730.docx,10,66,0.0,0.0,60,0.0,0.0,0.0,0.0,0.0,0
sample_19459.docx,9,100,1.0,1.0,94,3.0,1.0,1.0,1.0,5.0,1
sample_12379.docx,9,66,1.0,1.0,60,3.0,1.0,1.0,1.0,5.0,1
sample_05875.docx,10,66,0.0,0.0,60,0.0,0.0,0.0,0.0,0.0,0
sample_07814.docx,9,100,1.0,1.0,94,3.0,1.0,1.0,1.0,5.0,1
sample_04568.docx,0,0,0.0,0.0,0,0.0,0.0,0.0,0.0,0.0,1
sample_02075.docx,9,100,1.0,1.0,94,3.0,1.0,1.0,1.0,5.0,1
sample_05022.docx,10,66,0.0,0.0,60,0.0,0.0,0.0,0.0,0.0,0
sample_05890.docx,10,66,0.0,0.0,60,0.0,0.0,0.0,0.0,0.0,0
sample_07822.docx,10,66,0.0,0.0,60,0.0,0.0,0.0,0.0,0.0,0
sample_10576.docx,10,66,0.0,0.0,60,0.0,0.0,0.0,0.0,0.0,0
sample_02604.docx,10,66,0.0,0.0,60,0.0,0.0,0.0,0.0,0.0,0
sample_09923.docx,10,66,0.0,0.0,60,0.0,0.0,0.0,0.0,0.0,0
sample_14848.docx,0,0,0.0,0.0,0,0.0,0.0,0.0,0.0,0.0,1
sample_18638.docx,10,66,0.0,0.0,60,0.0,0.0,0.0,0.0,0.0,0
sample_11783.docx,10,66,0.0,0.0,60,0.0,0.0,0.0,0.0,0.0,0
sample_05712.docx,10,66,0.0,0.0,60,0.0,0.0,0.0,0.0,0.0,0
sample_14487.docx,10,66,0.0,0.0,60,0.0,0.0,0.0,0.0,0.0,0
sample_01112.docx,10,66,0.0,0.0,60,0.0,0.0,0.0,0.0,0.0,0
sample_14712.docx,0,0,0.0,0.0,0,0.0,0.0,0.0,0.0,0.0,1
sample_09176.docx,10,66,0.0,0.0,60,0.0,0.0,0.0,0.0,0.0,0
sample_11553.docx,10,66,0.0,0.0,60,0.0,0.0,0.0,0.0,0.0,0
sample_04399.docx,10,66,0.0,0.0,60,0.0,0.0,0.0,0.0,0.0,0
sample_19373.docx,10,66,0.0,0.0,60,0.0,0.0,0.0,0.0,0.0,0
sample_14516.docx,10,66,0.0,0.0,60,0.0,0.0,0.0,0.0,0.0,0
sample_09575.docx,0,0,0.0,0.0,0,0.0,0.0,0.0,0.0,0.0,1
sample_12258.docx,10,66,0.0,0.0,60,0.0,0.0,0.0,0.0,0.0,0
sample_04772.docx,10,66,0.0,0.0,60,0.0,0.0,0.0,0.0,0.0,0
sample_16005.docx,10,66,0.0,0.0,60,0.0,0.0,0.0,0.0,0.0,0
sample_10426.docx,10,66,0.0,0.0,60,0.0,0.0,0.0,0.0,0.0,0
sample_08975.docx,10,66,0.0,0.0,60,0.0,0.0,0.0,0.0,0.0,0
sample_03829.docx,0,0,0.0,0.0,0,0.0,0.0,0.0,0.0,0.0,1
sample_10363.docx,0,0,0.0,0.0,0,0.0,0.0,0.0,0.0,0.0,1
sample_02569.docx,9,100,1.0,1.0,94,3.0,1.0,1.0,1.0,5.0,1
sample_15189.docx,10,66,0.0,0.0,60,0.0,0.0,0.0,0.0,0.0,0
sample_05998.docx,0,0,0.0,0.0,0,0.0,0.0,0.0,0.0,0.0,1
sample_12088.docx,11,64,0.0,0.0,58,0.0,0.0,0.0,0.0,0.0,0
sample_05786.docx,9,100,1.0,1.0,94,3.0,1.0,1.0,1.0,5.0,1
sample_13971.docx,10,66,0.0,0.0,60,0.0,0.0,0.0,0.0,0.0,0
sample_08062.docx,10,66,0.0,0.0,60,0.0,0.0,0.0,0.0,0.0,0
sample_02927.docx,9,100,1.0,1.0,94,3.0,1.0,1.0,1.0,5.0,1
sample_07985.docx,0,0,0.0,0.0,0,0.0,0.0,0.0,0.0,0.0,1
sample_13297.docx,10,66,0.0,0.0,60,0.0,0.0,0.0,0.0,0.0,0
sample_09843.docx,10,66,0.0,0.0,60,0.0,0.0,0.0,0.0,0.0,0
sample_16313.docx,0,0,0.0,0.0,0,0.0,0.0,0.0,0.0,0.0,1
sample_08684.docx,0,0,0.0,0.0,0,0.0,0.0,0.0,0.0,0.0,1
sample_12589.docx,10,66,0.0,0.0,60,0.0,0.0,0.0,0.0,0.0,0
sample_01497.docx,10,66,0.0,0.0,60,0.0,0.0,0.0,0.0,0.0,0
sample_00389.docx,9,100,1.0,1.0,94,3.0,1.0,1.0,1.0,5.0,1
sample_02173.docx,9,66,0.0,0.0,60,0.0,0.0,0.0,0.0,0.0,0
sample_19728.docx,10,66,0.0,0.0,60,0.0,0.0,0.0,0.0,0.0,0
sample_01297.docx,10,66,0.0,0.0,60,0.0,0.0,0.0,0.0,0.0,0
sample_10974.docx,10,66,0.0,0.0,60,0.0,0.0,0.0,0.0,0.0,0
sample_12316.docx,0,0,0.0,0.0,0,0.0,0.0,0.0,0.0,0.0,1
sample_03361.docx,0,0,0.0,0.0,0,0.0,0.0,0.0,0.0,0.0,1
sample_02432.docx,0,0,0.0,0.0,0,0.0,0.0,0.0,0.0,0.0,1
sample_17876.docx,10,66,0.0,0.0,60,0.0,0.0,0.0,0.0,0.0,0
sample_15734.docx,0,0,0.0,0.0,0,0.0,0.0,0.0,0.0,0.0,1
sample_14869.docx,9,100,1.0,1.0,94,3.0,1.0,1.0,1.0,5.0,1
sample_09130.docx,10,66,0.0,0.0,60,0.0,0.0,0.0,0.0,0.0,0
sample_07355.docx,0,0,0.0,0.0,0,0.0,0.0,0.0,0.0,0.0,1
sample_12032.docx,10,66,0.0,0.0,60,0.0,0.0,0.0,0.0,0.0,0
sample_09134.docx,0,0,0.0,0.0,0,0.0,0.0,0.0,0.0,0.0,1
sample_19560.docx,9,66,0.0,0.0,60,0.0,0.0,0.0,0.0,0.0,0
sample_08970.docx,0,0,0.0,0.0,0,0.0,0.0,0.0,0.0,0.0,1
sample_11223.docx,10,66,0.0,0.0,60,0.0,0.0,0.0,0.0,0.0,0
sample_07303.docx,10,66,0.0,0.0,60,0.0,0.0,0.0,0.0,0.0,0
sample_07253.docx,10,66,0.0,0.0,60,0.0,0.0,0.0,0.0,0.0,0
sample_14514.docx,10,66,0.0,0.0,60,0.0,0.0,0.0,0.0,0.0,0
sample_18552.docx,10,66,0.0,0.0,60,0.0,0.0,0.0,0.0,0.0,0
sample_07925.docx,10,66,0.0,0.0,60,0.0,0.0,0.0,0.0,0.0,0
sample_17304.docx,0,0,0.0,0.0,0,0.0,0.0,0.0,0.0,0.0,1
sample_03082.docx,9,100,1.0,1.0,94,3.0,1.0,1.0,1.0,5.0,1
sample_06263.docx,10,66,0.0,0.0,60,0.0,0.0,0.0,0.0,0.0,0
sample_11519.docx,0,0,0.0,0.0,0,0.0,0.0,0.0,0.0,0.0,1
sample_02339.docx,9,100,1.0,1.0,94,3.0,1.0,1.0,1.0,5.0,1
sample_06439.docx,11,64,0.0,0.0,58,0.0,0.0,0.0,0.0,0.0,0
sample_01428.docx,0,0,0.0,0.0,0,0.0,0.0,0.0,0.0,0.0,1
sample_11300.docx,9,66,1.0,1.0,60,3.0,1.0,1.0,1.0,5.0,1
sample_04556.docx,10,66,0.0,0.0,60,0.0,0.0,0.0,0.0,0.0,0
sample_08255.docx,10,66,0.0,0.0,60,0.0,0.0,0.0,0.0,0.0,0
sample_18518.docx,9,100,1.0,1.0,94,3.0,1.0,1.0,1.0,5.0,1
sample_11912.docx,0,0,0.0,0.0,0,0.0,0.0,0.0,0.0,0.0,1
sample_09221.docx,9,100,1.0,1.0,94,3.0,1.0,1.0,1.0,5.0,1
sample_18199.docx,9,100,1.0,1.0,94,3.0,1.0,1.0,1.0,5.0,1
sample_17509.docx,0,0,0.0,0.0,0,0.0,0.0,0.0,0.0,0.0,1
sample_06877.docx,10,66,0.0,0.0,60,0.0,0.0,0.0,0.0,0.0,0
sample_13665.docx,0,0,0.0,0.0,0,0.0,0.0,0.0,0.0,0.0,1
sample_17665.docx,10,66,0.0,0.0,60,0.0,0.0,0.0,0.0,0.0,0
sample_19103.docx,10,66,0.0,0.0,60,0.0,0.0,0.0,0.0,0.0,0
sample_04668.docx,0,0,0.0,0.0,0,0.0,0.0,0.0,0.0,0.0,1
sample_09563.docx,0,0,0.0,0.0,0,0.0,0.0,0.0,0.0,0.0,1
sample_04992.docx,10,66,0.0,0.0,60,0.0,0.0,0.0,0.0,0.0,0
sample_18809.docx,9,100,1.0,1.0,94,3.0,1.0,1.0,1.0,5.0,1
sample_09477.docx,9,100,1.0,1.0,94,3.0,1.0,1.0,1.0,5.0,1
sample_14093.docx,0,0,0.0,0.0,0,0.0,0.0,0.0,0.0,0.0,1
sample_07453.docx,10,66,0.0,0.0,60,0.0,0.0,0.0,0.0,0.0,0
sample_02861.docx,9,100,1.0,1.0,94,3.0,1.0,1.0,1.0,5.0,1
sample_11292.docx,9,66,1.0,1.0,60,3.0,1.0,1.0,1.0,5.0,1
sample_13106.docx,0,0,0.0,0.0,0,0.0,0.0,0.0,0.0,0.0,1
sample_17057.docx,9,66,1.0,1.0,60,3.0,1.0,1.0,1.0,5.0,1
sample_12998.docx,10,66,0.0,0.0,60,0.0,0.0,0.0,0.0,0.0,0
sample_04025.docx,9,66,1.0,1.0,60,3.0,1.0,1.0,1.0,5.0,1
sample_17936.docx,0,0,0.0,0.0,0,0.0,0.0,0.0,0.0,0.0,1
sample_01729.docx,0,0,0.0,0.0,0,0.0,0.0,0.0,0.0,0.0,1
sample_12576.docx,0,0,0.0,0.0,0,0.0,0.0,0.0,0.0,0.0,1
sample_04630.docx,10,66,0.0,0.0,60,0.0,0.0,0.0,0.0,0.0,0
sample_08042.docx,10,66,0.0,0.0,60,0.0,0.0,0.0,0.0,0.0,0
sample_13615.docx,9,100,1.0,1.0,94,3.0,1.0,1.0,1.0,5.0,1
sample_01115.docx,0,0,0.0,0.0,0,0.0,0.0,0.0,0.0,0.0,1
sample_14594.docx,9,100,1.0,1.0,94,3.0,1.0,1.0,1.0,5.0,1
sample_00797.docx,10,66,0.0,0.0,60,0.0,0.0,0.0,0.0,0.0,0
sample_03889.docx,9,66,1.0,1.0,60,3.0,1.0,1.0,1.0,5.0,1
sample_02781.docx,0,0,0.0,0.0,0,0.0,0.0,0.0,0.0,0.0,1
sample_16789.docx,9,66,1.0,1.0,60,3.0,1.0,1.0,1.0,5.0,1
sample_08805.docx,0,0,0.0,0.0,0,0.0,0.0,0.0,0.0,0.0,1
sample_18218.docx,9,100,1.0,1.0,94,3.0,1.0,1.0,1.0,5.0,1
sample_06504.docx,10,66,0.0,0.0,60,0.0,0.0,0.0,0.0,0.0,0
sample_14553.docx,9,100,1.0,1.0,94,3.0,1.0,1.0,1.0,5.0,1
sample_01434.docx,0,0,0.0,0.0,0,0.0,0.0,0.0,0.0,0.0,1
sample_16914.docx,0,0,0.0,0.0,0,0.0,0.0,0.0,0.0,0.0,1
sample_10546.docx,10,66,0.0,0.0,60,0.0,0.0,0.0,0.0,0.0,0
sample_14718.docx,10,66,0.0,0.0,60,0.0,0.0,0.0,0.0,0.0,0
sample_16517.docx,9,100,1.0,1.0,94,3.0,1.0,1.0,1.0,5.0,1
sample_13046.docx,9,100,1.0,1.0,94,3.0,1.0,1.0,1.0,5.0,1
sample_06765.docx,9,100,1.0,1.0,94,3.0,1.0,1.0,1.0,5.0,1
sample_01473.docx,10,66,0.0,0.0,60,0.0,0.0,0.0,0.0,0.0,0
sample_09561.docx,0,0,0.0,0.0,0,0.0,0.0,0.0,0.0,0.0,1
sample_05483.docx,10,66,0.0,0.0,60,0.0,0.0,0.0,0.0,0.0,0
sample_12945.docx,10,66,0.0,0.0,60,0.0,0.0,0.0,0.0,0.0,0
sample_05849.docx,10,66,0.0,0.0,60,0.0,0.0,0.0,0.0,0.0,0
sample_15467.docx,10,66,0.0,0.0,60,0.0,0.0,0.0,0.0,0.0,0
sample_05221.docx,10,66,0.0,0.0,60,0.0,0.0,0.0,0.0,0.0,0
sample_00001.docx,0,0,0.0,0.0,0,0.0,0.0,0.0,0.0,0.0,1
sample_06661.docx,10,66,0.0,0.0,60,0.0,0.0,0.0,0.0,0.0,0
sample_08074.docx,0,0,0.0,0.0,0,0.0,0.0,0.0,0.0,0.0,1
sample_10487.docx,10,66,0.0,0.0,60,0.0,0.0,0.0,0.0,0.0,0
sample_18557.docx,10,66,0.0,0.0,60,0.0,0.0,0.0,0.0,0.0,0
sample_10195.docx,10,66,0.0,0.0,60,0.0,0.0,0.0,0.0,0.0,0
sample_09523.docx,10,66,0.0,0.0,60,0.0,0.0,0.0,0.0,0.0,0
sample_16639.docx,10,66,0.0,0.0,60,0.0,0.0,0.0,0.0,0.0,0
sample_05271.docx,9,66,1.0,1.0,60,3.0,1.0,1.0,1.0,5.0,1
sample_02357.docx,9,100,0.0,0.0,94,0.0,0.0,0.0,0.0,0.0,0
sample_06901.docx,10,66,0.0,0.0,60,0.0,0.0,0.0,0.0,0.0,0
sample_00995.docx,10,66,0.0,0.0,60,0.0,0.0,0.0,0.0,0.0,0
sample_14951.docx,10,66,0.0,0.0,60,0.0,0.0,0.0,0.0,0.0,0
sample_14069.docx,9,100,1.0,1.0,94,3.0,1.0,1.0,1.0,5.0,1
sample_18726.docx,9,100,1.0,1.0,94,3.0,1.0,1.0,1.0,5.0,1
sample_08691.docx,10,66,0.0,0.0,60,0.0,0.0,0.0,0.0,0.0,0
sample_04988.docx,9,100,1.0,1.0,94,3.0,1.0,1.0,1.0,5.0,1
sample_04687.docx,10,66,0.0,0.0,60,0.0,0.0,0.0,0.0,0.0,0
sample_01883.docx,0,0,0.0,0.0,0,0.0,0.0,0.0,0.0,0.0,1
sample_19518.docx,9,100,1.0,1.0,94,3.0,1.0,1.0,1.0,5.0,1
sample_11845.docx,10,66,0.0,0.0,60,0.0,0.0,0.0,0.0,0.0,0
sample_13518.docx,9,66,1.0,1.0,60,3.0,1.0,1.0,1.0,5.0,1
sample_03057.docx,10,66,0.0,0.0,60,0.0,0.0,0.0,0.0,0.0,0
sample_12426.docx,10,66,0.0,0.0,60,0.0,0.0,0.0,0.0,0.0,0
sample_19149.docx,10,66,0.0,0.0,60,0.0,0.0,0.0,0.0,0.0,0
sample_00226.docx,10,66,0.0,0.0,60,0.0,0.0,0.0,0.0,0.0,0
sample_00062.docx,0,0,0.0,0.0,0,0.0,0.0,0.0,0.0,0.0,1
sample_10769.docx,11,64,0.0,0.0,58,0.0,0.0,0.0,0.0,0.0,0
sample_02091.docx,10,66,0.0,0.0,60,0.0,0.0,0.0,0.0,0.0,0
sample_12522.docx,10,66,0.0,0.0,60,0.0,0.0,0.0,0.0,0.0,0
sample_13646.docx,10,66,0.0,0.0,60,0.0,0.0,0.0,0.0,0.0,0
sample_16338.docx,0,0,0.0,0.0,0,0.0,0.0,0.0,0.0,0.0,1
sample_12377.docx,10,66,0.0,0.0,60,0.0,0.0,0.0,0.0,0.0,0
sample_05848.docx,0,0,0.0,0.0,0,0.0,0.0,0.0,0.0,0.0,1
sample_05491.docx,10,66,0.0,0.0,60,0.0,0.0,0.0,0.0,0.0,0
sample_16694.docx,9,66,0.0,0.0,60,0.0,0.0,0.0,0.0,0.0,0
sample_09474.docx,0,0,0.0,0.0,0,0.0,0.0,0.0,0.0,0.0,1
sample_03004.docx,10,66,0.0,0.0,60,0.0,0.0,0.0,0.0,0.0,0
sample_15140.docx,9,100,1.0,1.0,94,3.0,1.0,1.0,1.0,5.0,1
sample_09473.docx,9,100,1.0,1.0,94,3.0,1.0,1.0,1.0,5.0,1
sample_08597.docx,10,66,0.0,0.0,60,0.0,0.0,0.0,0.0,0.0,0
sample_16002.docx,9,66,1.0,1.0,60,3.0,1.0,1.0,1.0,5.0,1
sample_08977.docx,0,0,0.0,0.0,0,0.0,0.0,0.0,0.0,0.0,1
sample_12974.docx,0,0,0.0,0.0,0,0.0,0.0,0.0,0.0,0.0,1
sample_16545.docx,10,66,0.0,0.0,60,0.0,0.0,0.0,0.0,0.0,0
sample_13742.docx,0,0,0.0,0.0,0,0.0,0.0,0.0,0.0,0.0,1
sample_13130.docx,10,66,0.0,0.0,60,0.0,0.0,0.0,0.0,0.0,0
sample_04401.docx,9,66,0.0,0.0,60,0.0,0.0,0.0,0.0,0.0,0
sample_12910.docx,0,0,0.0,0.0,0,0.0,0.0,0.0,0.0,0.0,1
sample_08180.docx,10,66,0.0,0.0,60,0.0,0.0,0.0,0.0,0.0,0
sample_01281.docx,10,66,0.0,0.0,60,0.0,0.0,0.0,0.0,0.0,0
sample_14380.docx,10,66,0.0,0.0,60,0.0,0.0,0.0,0.0,0.0,0
sample_05990.docx,10,66,0.0,0.0,60,0.0,0.0,0.0,0.0,0.0,0
sample_18264.docx,10,66,0.0,0.0,60,0.0,0.0,0.0,0.0,0.0,0
sample_06995.docx,10,66,0.0,0.0,60,0.0,0.0,0.0,0.0,0.0,0
sample_00244.docx,10,66,0.0,0.0,60,0.0,0.0,0.0,0.0,0.0,0
sample_19529.docx,9,100,1.0,1.0,94,3.0,1.0,1.0,1.0,5.0,1
sample_11636.docx,10,66,0.0,0.0,60,0.0,0.0,0.0,0.0,0.0,0
sample_05020.docx,10,66,0.0,0.0,60,0.0,0.0,0.0,0.0,0.0,0
sample_01403.docx,9,100,1.0,1.0,94,3.0,1.0,1.0,1.0,5.0,1
sample_18310.docx,9,100,1.0,1.0,94,3.0,1.0,1.0,1.0,5.0,1
sample_15935.docx,0,0,0.0,0.0,0,0.0,0.0,0.0,0.0,0.0,1
sample_03055.docx,10,66,0.0,0.0,60,0.0,0.0,0.0,0.0,0.0,0
sample_05560.docx,0,0,0.0,0.0,0,0.0,0.0,0.0,0.0,0.0,1
sample_15017.docx,0,0,0.0,0.0,0,0.0,0.0,0.0,0.0,0.0,1
sample_12086.docx,10,66,0.0,0.0,60,0.0,0.0,0.0,0.0,0.0,0
sample_02032.docx,10,66,0.0,0.0,60,0.0,0.0,0.0,0.0,0.0,0
sample_13941.docx,10,66,0.0,0.0,60,0.0,0.0,0.0,0.0,0.0,0
sample_02356.docx,0,0,0.0,0.0,0,0.0,0.0,0.0,0.0,0.0,1
sample_16958.docx,9,100,1.0,1.0,94,3.0,1.0,1.0,1.0,5.0,1
sample_14205.docx,10,66,0.0,0.0,60,0.0,0.0,0.0,0.0,0.0,0
sample_14442.docx,0,0,0.0,0.0,0,0.0,0.0,0.0,0.0,0.0,1
sample_10269.docx,9,66,1.0,1.0,60,3.0,1.0,1.0,1.0,5.0,1
sample_11302.docx,10,66,0.0,0.0,60,0.0,0.0,0.0,0.0,0.0,0
sample_15873.docx,10,66,0.0,0.0,60,0.0,0.0,0.0,0.0,0.0,0
sample_06291.docx,9,66,0.0,0.0,60,0.0,0.0,0.0,0.0,0.0,0
sample_06576.docx,10,66,0.0,0.0,60,0.0,0.0,0.0,0.0,0.0,0
sample_12374.docx,10,66,0.0,0.0,60,0.0,0.0,0.0,0.0,0.0,0
sample_15569.docx,10,66,0.0,0.0,60,0.0,0.0,0.0,0.0,0.0,0
sample_02698.docx,10,66,0.0,0.0,60,0.0,0.0,0.0,0.0,0.0,0
sample_05624.docx,9,100,1.0,1.0,94,3.0,1.0,1.0,1.0,5.0,1
sample_13670.docx,10,66,0.0,0.0,60,0.0,0.0,0.0,0.0,0.0,0
sample_09777.docx,0,0,0.0,0.0,0,0.0,0.0,0.0,0.0,0.0,1
sample_11705.docx,0,0,0.0,0.0,0,0.0,0.0,0.0,0.0,0.0,1
sample_07677.docx,0,0,0.0,0.0,0,0.0,0.0,0.0,0.0,0.0,1
sample_13380.docx,9,100,1.0,1.0,94,3.0,1.0,1.0,1.0,5.0,1
sample_11638.docx,9,100,1.0,1.0,94,3.0,1.0,1.0,1.0,5.0,1
sample_15905.docx,0,0,0.0,0.0,0,0.0,0.0,0.0,0.0,0.0,1
sample_01037.docx,10,66,0.0,0.0,60,0.0,0.0,0.0,0.0,0.0,0
sample_03524.docx,10,66,0.0,0.0,60,0.0,0.0,0.0,0.0,0.0,0
sample_16894.docx,10,66,0.0,0.0,60,0.0,0.0,0.0,0.0,0.0,0
sample_18026.docx,10,66,0.0,0.0,60,0.0,0.0,0.0,0.0,0.0,0
sample_19602.docx,9,100,1.0,1.0,94,3.0,1.0,1.0,1.0,5.0,1
sample_00306.docx,0,0,0.0,0.0,0,0.0,0.0,0.0,0.0,0.0,1
sample_16646.docx,10,66,0.0,0.0,60,0.0,0.0,0.0,0.0,0.0,0
sample_08376.docx,0,0,0.0,0.0,0,0.0,0.0,0.0,0.0,0.0,1
sample_19017.docx,10,66,0.0,0.0,60,0.0,0.0,0.0,0.0,0.0,0
sample_18428.docx,0,0,0.0,0.0,0,0.0,0.0,0.0,0.0,0.0,1
sample_06355.docx,9,100,1.0,1.0,94,3.0,1.0,1.0,1.0,5.0,1
sample_11305.docx,10,66,0.0,0.0,60,0.0,0.0,0.0,0.0,0.0,0
sample_03643.docx,10,66,0.0,0.0,60,0.0,0.0,0.0,0.0,0.0,0
sample_13570.docx,0,0,0.0,0.0,0,0.0,0.0,0.0,0.0,0.0,1
sample_16574.docx,10,66,0.0,0.0,60,0.0,0.0,0.0,0.0,0.0,0
sample_11181.docx,10,66,0.0,0.0,60,0.0,0.0,0.0,0.0,0.0,0
sample_06669.docx,10,66,0.0,0.0,60,0.0,0.0,0.0,0.0,0.0,0
sample_02071.docx,0,0,0.0,0.0,0,0.0,0.0,0.0,0.0,0.0,1
sample_02801.docx,0,0,0.0,0.0,0,0.0,0.0,0.0,0.0,0.0,1
sample_19925.docx,10,66,0.0,0.0,60,0.0,0.0,0.0,0.0,0.0,0
sample_09033.docx,10,66,0.0,0.0,60,0.0,0.0,0.0,0.0,0.0,0
sample_19059.docx,9,100,1.0,1.0,94,3.0,1.0,1.0,1.0,5.0,1
sample_10724.docx,0,0,0.0,0.0,0,0.0,0.0,0.0,0.0,0.0,1
sample_13661.docx,10,66,0.0,0.0,60,0.0,0.0,0.0,0.0,0.0,0
sample_18417.docx,10,66,0.0,0.0,60,0.0,0.0,0.0,0.0,0.0,0
sample_09167.docx,0,0,0.0,0.0,0,0.0,0.0,0.0,0.0,0.0,1
sample_11459.docx,10,66,0.0,0.0,60,0.0,0.0,0.0,0.0,0.0,0
sample_02742.docx,0,0,0.0,0.0,0,0.0,0.0,0.0,0.0,0.0,1
sample_19333.docx,10,66,0.0,0.0,60,0.0,0.0,0.0,0.0,0.0,0
sample_06164.docx,10,66,0.0,0.0,60,0.0,0.0,0.0,0.0,0.0,0
sample_10602.docx,10,66,0.0,0.0,60,0.0,0.0,0.0,0.0,0.0,0
sample_15772.docx,10,66,0.0,0.0,60,0.0,0.0,0.0,0.0,0.0,0
sample_11126.docx,10,66,0.0,0.0,60,0.0,0.0,0.0,0.0,0.0,0
sample_09455.docx,10,66,0.0,0.0,60,0.0,0.0,0.0,0.0,0.0,0
sample_19718.docx,9,100,1.0,1.0,94,3.0,1.0,1.0,1.0,5.0,1
sample_07111.docx,10,66,0.0,0.0,60,0.0,0.0,0.0,0.0,0.0,0
sample_03857.docx,10,66,0.0,0.0,60,0.0,0.0,0.0,0.0,0.0,0
sample_14053.docx,10,66,0.0,0.0,60,0.0,0.0,0.0,0.0,0.0,0
sample_10649.docx,10,66,0.0,0.0,60,0.0,0.0,0.0,0.0,0.0,0
sample_18105.docx,0,0,0.0,0.0,0,0.0,0.0,0.0,0.0,0.0,1
sample_11082.docx,10,66,0.0,0.0,60,0.0,0.0,0.0,0.0,0.0,0
sample_12867.docx,10,66,0.0,0.0,60,0.0,0.0,0.0,0.0,0.0,0
sample_03640.docx,0,0,0.0,0.0,0,0.0,0.0,0.0,0.0,0.0,1
sample_03808.docx,10,66,0.0,0.0,60,0.0,0.0,0.0,0.0,0.0,0
sample_00302.docx,10,66,0.0,0.0,60,0.0,0.0,0.0,0.0,0.0,0
sample_08742.docx,10,66,0.0,0.0,60,0.0,0.0,0.0,0.0,0.0,0
sample_05515.docx,0,0,0.0,0.0,0,0.0,0.0,0.0,0.0,0.0,1
sample_18628.docx,0,0,0.0,0.0,0,0.0,0.0,0.0,0.0,0.0,1
sample_14129.docx,10,66,0.0,0.0,60,0.0,0.0,0.0,0.0,0.0,0
sample_04392.docx,0,0,0.0,0.0,0,0.0,0.0,0.0,0.0,0.0,1
sample_09659.docx,10,66,0.0,0.0,60,0.0,0.0,0.0,0.0,0.0,0
sample_09382.docx,10,66,0.0,0.0,60,0.0,0.0,0.0,0.0,0.0,0
sample_13773.docx,10,66,0.0,0.0,60,0.0,0.0,0.0,0.0,0.0,0
sample_12749.docx,9,66,0.0,0.0,60,0.0,0.0,0.0,0.0,0.0,0
sample_16527.docx,10,66,0.0,0.0,60,0.0,0.0,0.0,0.0,0.0,0
sample_05345.docx,0,0,0.0,0.0,0,0.0,0.0,0.0,0.0,0.0,1
sample_16245.docx,10,66,0.0,0.0,60,0.0,0.0,0.0,0.0,0.0,0
sample_18688.docx,11,64,0.0,0.0,58,0.0,0.0,0.0,0.0,0.0,0
sample_11291.docx,9,66,1.0,1.0,60,3.0,1.0,1.0,1.0,5.0,1
sample_02542.docx,10,66,0.0,0.0,60,0.0,0.0,0.0,0.0,0.0,0
sample_08142.docx,10,66,0.0,0.0,60,0.0,0.0,0.0,0.0,0.0,0
sample_06798.docx,9,100,1.0,1.0,94,3.0,1.0,1.0,1.0,5.0,1
sample_03289.docx,9,100,1.0,1.0,94,3.0,1.0,1.0,1.0,5.0,1
sample_03908.docx,0,0,0.0,0.0,0,0.0,0.0,0.0,0.0,0.0,1
sample_06673.docx,9,100,1.0,1.0,94,3.0,1.0,1.0,1.0,5.0,1
sample_16549.docx,0,0,0.0,0.0,0,0.0,0.0,0.0,0.0,0.0,1
sample_16692.docx,10,66,0.0,0.0,60,0.0,0.0,0.0,0.0,0.0,0
sample_06418.docx,10,66,0.0,0.0,60,0.0,0.0,0.0,0.0,0.0,0
sample_07981.docx,10,66,0.0,0.0,60,0.0,0.0,0.0,0.0,0.0,0
sample_17765.docx,10,66,0.0,0.0,60,0.0,0.0,0.0,0.0,0.0,0
sample_02362.docx,9,100,1.0,1.0,94,3.0,1.0,1.0,1.0,5.0,1
sample_01181.docx,10,66,0.0,0.0,60,0.0,0.0,0.0,0.0,0.0,0
sample_16390.docx,10,66,0.0,0.0,60,0.0,0.0,0.0,0.0,0.0,0
sample_13136.docx,0,0,0.0,0.0,0,0.0,0.0,0.0,0.0,0.0,1
sample_16173.docx,9,100,1.0,1.0,94,3.0,1.0,1.0,1.0,5.0,1
sample_06007.docx,10,66,0.0,0.0,60,0.0,0.0,0.0,0.0,0.0,0
sample_19298.docx,9,100,1.0,1.0,94,3.0,1.0,1.0,1.0,5.0,1
sample_03001.docx,9,100,1.0,1.0,94,3.0,1.0,1.0,1.0,5.0,1
sample_11946.docx,0,0,0.0,0.0,0,0.0,0.0,0.0,0.0,0.0,1
sample_10440.docx,10,66,0.0,0.0,60,0.0,0.0,0.0,0.0,0.0,0
sample_10704.docx,9,100,1.0,1.0,94,3.0,1.0,1.0,1.0,5.0,1
sample_08673.docx,10,66,0.0,0.0,60,0.0,0.0,0.0,0.0,0.0,0
sample_19389.docx,10,66,0.0,0.0,60,0.0,0.0,0.0,0.0,0.0,0
sample_15661.docx,10,66,0.0,0.0,60,0.0,0.0,0.0,0.0,0.0,0
sample_05571.docx,10,66,0.0,0.0,60,0.0,0.0,0.0,0.0,0.0,0
sample_12937.docx,10,66,0.0,0.0,60,0.0,0.0,0.0,0.0,0.0,0
sample_07285.docx,10,66,0.0,0.0,60,0.0,0.0,0.0,0.0,0.0,0
sample_14486.docx,9,66,1.0,1.0,60,3.0,1.0,1.0,1.0,5.0,1
sample_15057.docx,0,0,0.0,0.0,0,0.0,0.0,0.0,0.0,0.0,1
sample_05178.docx,0,0,0.0,0.0,0,0.0,0.0,0.0,0.0,0.0,1
sample_15589.docx,9,100,1.0,1.0,94,3.0,1.0,1.0,1.0,5.0,1
sample_07287.docx,10,66,0.0,0.0,60,0.0,0.0,0.0,0.0,0.0,0
sample_08016.docx,0,0,0.0,0.0,0,0.0,0.0,0.0,0.0,0.0,1
sample_03607.docx,0,0,0.0,0.0,0,0.0,0.0,0.0,0.0,0.0,1
sample_08360.docx,0,0,0.0,0.0,0,0.0,0.0,0.0,0.0,0.0,1
sample_02769.docx,10,66,0.0,0.0,60,0.0,0.0,0.0,0.0,0.0,0
sample_03402.docx,9,100,1.0,1.0,94,3.0,1.0,1.0,1.0,5.0,1
sample_12626.docx,0,0,0.0,0.0,0,0.0,0.0,0.0,0.0,0.0,1
sample_15371.docx,10,66,0.0,0.0,60,0.0,0.0,0.0,0.0,0.0,0
sample_18506.docx,9,100,1.0,1.0,94,3.0,1.0,1.0,1.0,5.0,1
sample_06831.docx,0,0,0.0,0.0,0,0.0,0.0,0.0,0.0,0.0,1
sample_19610.docx,9,66,1.0,1.0,60,3.0,1.0,1.0,1.0,5.0,1
sample_16752.docx,0,0,0.0,0.0,0,0.0,0.0,0.0,0.0,0.0,1
sample_13161.docx,0,0,0.0,0.0,0,0.0,0.0,0.0,0.0,0.0,1
sample_07061.docx,0,0,0.0,0.0,0,0.0,0.0,0.0,0.0,0.0,1
sample_14653.docx,10,66,0.0,0.0,60,0.0,0.0,0.0,0.0,0.0,0
sample_09675.docx,0,0,0.0,0.0,0,0.0,0.0,0.0,0.0,0.0,1
sample_01212.docx,10,66,0.0,0.0,60,0.0,0.0,0.0,0.0,0.0,0
sample_14756.docx,10,66,0.0,0.0,60,0.0,0.0,0.0,0.0,0.0,0
sample_17020.docx,0,0,0.0,0.0,0,0.0,0.0,0.0,0.0,0.0,1
sample_12775.docx,0,0,0.0,0.0,0,0.0,0.0,0.0,0.0,0.0,1
sample_16528.docx,0,0,0.0,0.0,0,0.0,0.0,0.0,0.0,0.0,1
sample_12993.docx,0,0,0.0,0.0,0,0.0,0.0,0.0,0.0,0.0,1
sample_06520.docx,0,0,0.0,0.0,0,0.0,0.0,0.0,0.0,0.0,1
sample_19902.docx,0,0,0.0,0.0,0,0.0,0.0,0.0,0.0,0.0,1
sample_08864.docx,10,66,0.0,0.0,60,0.0,0.0,0.0,0.0,0.0,0
sample_04237.docx,9,66,1.0,1.0,60,3.0,1.0,1.0,1.0,5.0,1
sample_00851.docx,0,0,0.0,0.0,0,0.0,0.0,0.0,0.0,0.0,1
sample_07679.docx,9,100,1.0,1.0,94,3.0,1.0,1.0,1.0,5.0,1
sample_19581.docx,9,66,0.0,0.0,60,0.0,0.0,0.0,0.0,0.0,0
sample_14181.docx,10,66,0.0,0.0,60,0.0,0.0,0.0,0.0,0.0,0
sample_19521.docx,10,66,0.0,0.0,60,0.0,0.0,0.0,0.0,0.0,0
sample_00609.docx,10,66,0.0,0.0,60,0.0,0.0,0.0,0.0,0.0,0
sample_17291.docx,10,66,0.0,0.0,60,0.0,0.0,0.0,0.0,0.0,0
sample_16290.docx,10,66,0.0,0.0,60,0.0,0.0,0.0,0.0,0.0,0
sample_01647.docx,10,66,0.0,0.0,60,0.0,0.0,0.0,0.0,0.0,0
sample_17747.docx,0,0,0.0,0.0,0,0.0,0.0,0.0,0.0,0.0,1
sample_18266.docx,10,66,0.0,0.0,60,0.0,0.0,0.0,0.0,0.0,0
sample_12373.docx,9,66,1.0,1.0,60,3.0,1.0,1.0,1.0,5.0,1
sample_17101.docx,10,66,0.0,0.0,60,0.0,0.0,0.0,0.0,0.0,0
sample_01294.docx,10,66,0.0,0.0,60,0.0,0.0,0.0,0.0,0.0,0
sample_00422.docx,9,100,1.0,1.0,94,3.0,1.0,1.0,1.0,5.0,1
sample_13069.docx,10,66,0.0,0.0,60,0.0,0.0,0.0,0.0,0.0,0
sample_12401.docx,0,0,0.0,0.0,0,0.0,0.0,0.0,0.0,0.0,1
sample_07168.docx,0,0,0.0,0.0,0,0.0,0.0,0.0,0.0,0.0,1
sample_12038.docx,0,0,0.0,0.0,0,0.0,0.0,0.0,0.0,0.0,1
sample_09784.docx,10,66,0.0,0.0,60,0.0,0.0,0.0,0.0,0.0,0
sample_02561.docx,0,0,0.0,0.0,0,0.0,0.0,0.0,0.0,0.0,1
sample_02987.docx,10,66,0.0,0.0,60,0.0,0.0,0.0,0.0,0.0,0
sample_15566.docx,9,100,1.0,1.0,94,3.0,1.0,1.0,1.0,5.0,1
sample_08944.docx,0,0,0.0,0.0,0,0.0,0.0,0.0,0.0,0.0,1
sample_11646.docx,10,66,0.0,0.0,60,0.0,0.0,0.0,0.0,0.0,0
sample_10215.docx,10,66,0.0,0.0,60,0.0,0.0,0.0,0.0,0.0,0
sample_11574.docx,0,0,0.0,0.0,0,0.0,0.0,0.0,0.0,0.0,1
sample_12967.docx,9,100,0.0,0.0,94,0.0,0.0,0.0,0.0,0.0,0
sample_05856.docx,10,66,0.0,0.0,60,0.0,0.0,0.0,0.0,0.0,0
sample_01427.docx,0,0,0.0,0.0,0,0.0,0.0,0.0,0.0,0.0,1
sample_16176.docx,10,66,0.0,0.0,60,0.0,0.0,0.0,0.0,0.0,0
sample_16094.docx,10,66,0.0,0.0,60,0.0,0.0,0.0,0.0,0.0,0
sample_17440.docx,10,66,0.0,0.0,60,0.0,0.0,0.0,0.0,0.0,0
sample_03333.docx,0,0,0.0,0.0,0,0.0,0.0,0.0,0.0,0.0,1
sample_09441.docx,10,66,0.0,0.0,60,0.0,0.0,0.0,0.0,0.0,0
sample_03066.docx,11,66,0.0,0.0,60,0.0,0.0,0.0,0.0,0.0,0
sample_04029.docx,10,66,0.0,0.0,60,0.0,0.0,0.0,0.0,0.0,0
sample_00904.docx,10,66,0.0,0.0,60,0.0,0.0,0.0,0.0,0.0,0
sample_11117.docx,10,66,0.0,0.0,60,0.0,0.0,0.0,0.0,0.0,0
sample_16569.docx,0,0,0.0,0.0,0,0.0,0.0,0.0,0.0,0.0,1
sample_07042.docx,0,0,0.0,0.0,0,0.0,0.0,0.0,0.0,0.0,1
sample_08065.docx,9,100,1.0,1.0,94,3.0,1.0,1.0,1.0,5.0,1
sample_13820.docx,10,66,0.0,0.0,60,0.0,0.0,0.0,0.0,0.0,0
sample_14877.docx,10,66,0.0,0.0,60,0.0,0.0,0.0,0.0,0.0,0
sample_01226.docx,0,0,0.0,0.0,0,0.0,0.0,0.0,0.0,0.0,1
sample_05851.docx,10,66,0.0,0.0,60,0.0,0.0,0.0,0.0,0.0,0
sample_15039.docx,10,66,0.0,0.0,60,0.0,0.0,0.0,0.0,0.0,0
sample_13717.docx,10,66,0.0,0.0,60,0.0,0.0,0.0,0.0,0.0,0
sample_05671.docx,10,66,0.0,0.0,60,0.0,0.0,0.0,0.0,0.0,0
sample_14607.docx,10,66,0.0,0.0,60,0.0,0.0,0.0,0.0,0.0,0
sample_14232.docx,0,0,0.0,0.0,0,0.0,0.0,0.0,0.0,0.0,1
sample_00527.docx,0,0,0.0,0.0,0,0.0,0.0,0.0,0.0,0.0,1
sample_13850.docx,10,66,0.0,0.0,60,0.0,0.0,0.0,0.0,0.0,0
sample_14078.docx,10,66,0.0,0.0,60,0.0,0.0,0.0,0.0,0.0,0
sample_10691.docx,10,66,0.0,0.0,60,0.0,0.0,0.0,0.0,0.0,0
sample_07665.docx,10,66,0.0,0.0,60,0.0,0.0,0.0,0.0,0.0,0
sample_07922.docx,0,0,0.0,0.0,0,0.0,0.0,0.0,0.0,0.0,1
sample_02325.docx,0,0,0.0,0.0,0,0.0,0.0,0.0,0.0,0.0,1
sample_09908.docx,9,100,1.0,1.0,94,3.0,1.0,1.0,1.0,5.0,1
sample_03907.docx,0,0,0.0,0.0,0,0.0,0.0,0.0,0.0,0.0,1
sample_03527.docx,9,100,1.0,1.0,94,3.0,1.0,1.0,1.0,5.0,1
sample_04541.docx,0,0,0.0,0.0,0,0.0,0.0,0.0,0.0,0.0,1
sample_13824.docx,9,66,1.0,1.0,60,3.0,1.0,1.0,1.0,5.0,1
sample_17864.docx,0,0,0.0,0.0,0,0.0,0.0,0.0,0.0,0.0,1
sample_02496.docx,10,66,0.0,0.0,60,0.0,0.0,0.0,0.0,0.0,0
sample_14834.docx,0,0,0.0,0.0,0,0.0,0.0,0.0,0.0,0.0,1
sample_13711.docx,10,66,0.0,0.0,60,0.0,0.0,0.0,0.0,0.0,0
sample_00803.docx,10,66,0.0,0.0,60,0.0,0.0,0.0,0.0,0.0,0
sample_13475.docx,10,66,0.0,0.0,60,0.0,0.0,0.0,0.0,0.0,0
sample_13250.docx,10,66,0.0,0.0,60,0.0,0.0,0.0,0.0,0.0,0
sample_06006.docx,0,0,0.0,0.0,0,0.0,0.0,0.0,0.0,0.0,1
sample_18447.docx,10,66,0.0,0.0,60,0.0,0.0,0.0,0.0,0.0,0
sample_11680.docx,10,66,0.0,0.0,60,0.0,0.0,0.0,0.0,0.0,0
sample_00690.docx,0,0,0.0,0.0,0,0.0,0.0,0.0,0.0,0.0,1
sample_18217.docx,9,100,1.0,1.0,94,3.0,1.0,1.0,1.0,5.0,1
sample_05531.docx,10,66,0.0,0.0,60,0.0,0.0,0.0,0.0,0.0,0
sample_19933.docx,10,66,0.0,0.0,60,0.0,0.0,0.0,0.0,0.0,0
sample_02668.docx,0,0,0.0,0.0,0,0.0,0.0,0.0,0.0,0.0,1
sample_13760.docx,0,0,0.0,0.0,0,0.0,0.0,0.0,0.0,0.0,1
sample_09628.docx,9,100,1.0,1.0,94,3.0,1.0,1.0,1.0,5.0,1
sample_11307.docx,10,66,0.0,0.0,60,0.0,0.0,0.0,0.0,0.0,0
sample_08848.docx,10,66,0.0,0.0,60,0.0,0.0,0.0,0.0,0.0,0
sample_07470.docx,0,0,0.0,0.0,0,0.0,0.0,0.0,0.0,0.0,1
sample_18326.docx,0,0,0.0,0.0,0,0.0,0.0,0.0,0.0,0.0,1
sample_14061.docx,0,0,0.0,0.0,0,0.0,0.0,0.0,0.0,0.0,1
sample_17290.docx,0,0,0.0,0.0,0,0.0,0.0,0.0,0.0,0.0,1
sample_07546.docx,10,66,0.0,0.0,60,0.0,0.0,0.0,0.0,0.0,0
sample_08535.docx,10,66,0.0,0.0,60,0.0,0.0,0.0,0.0,0.0,0
sample_17381.docx,0,0,0.0,0.0,0,0.0,0.0,0.0,0.0,0.0,1
sample_02935.docx,0,0,0.0,0.0,0,0.0,0.0,0.0,0.0,0.0,1
sample_16462.docx,9,66,0.0,0.0,60,0.0,0.0,0.0,0.0,0.0,0
sample_10317.docx,10,66,0.0,0.0,60,0.0,0.0,0.0,0.0,0.0,0
sample_19396.docx,10,66,0.0,0.0,60,0.0,0.0,0.0,0.0,0.0,0
sample_10973.docx,10,66,0.0,0.0,60,0.0,0.0,0.0,0.0,0.0,0
sample_08570.docx,10,66,0.0,0.0,60,0.0,0.0,0.0,0.0,0.0,0
sample_02805.docx,10,66,0.0,0.0,60,0.0,0.0,0.0,0.0,0.0,0
sample_17387.docx,0,0,0.0,0.0,0,0.0,0.0,0.0,0.0,0.0,1
sample_14314.docx,10,66,0.0,0.0,60,0.0,0.0,0.0,0.0,0.0,0
sample_04494.docx,10,66,0.0,0.0,60,0.0,0.0,0.0,0.0,0.0,0
sample_06277.docx,0,0,0.0,0.0,0,0.0,0.0,0.0,0.0,0.0,1
sample_19819.docx,0,0,0.0,0.0,0,0.0,0.0,0.0,0.0,0.0,1
sample_03450.docx,0,0,0.0,0.0,0,0.0,0.0,0.0,0.0,0.0,1
sample_11155.docx,9,100,1.0,1.0,94,3.0,1.0,1.0,1.0,5.0,1
sample_17653.docx,9,100,1.0,1.0,94,3.0,1.0,1.0,1.0,5.0,1
sample_01414.docx,10,66,0.0,0.0,60,0.0,0.0,0.0,0.0,0.0,0
sample_04407.docx,10,66,0.0,0.0,60,0.0,0.0,0.0,0.0,0.0,0
sample_04563.docx,0,0,0.0,0.0,0,0.0,0.0,0.0,0.0,0.0,1
sample_01621.docx,10,66,0.0,0.0,60,0.0,0.0,0.0,0.0,0.0,0
sample_10733.docx,10,66,0.0,0.0,60,0.0,0.0,0.0,0.0,0.0,0
sample_09008.docx,0,0,0.0,0.0,0,0.0,0.0,0.0,0.0,0.0,1
sample_18288.docx,10,66,0.0,0.0,60,0.0,0.0,0.0,0.0,0.0,0
sample_07130.docx,10,66,0.0,0.0,60,0.0,0.0,0.0,0.0,0.0,0
sample_07217.docx,9,100,1.0,1.0,94,3.0,1.0,1.0,1.0,5.0,1
sample_04665.docx,10,66,0.0,0.0,60,0.0,0.0,0.0,0.0,0.0,0
sample_00725.docx,9,100,1.0,1.0,94,3.0,1.0,1.0,1.0,5.0,1
sample_13596.docx,10,66,0.0,0.0,60,0.0,0.0,0.0,0.0,0.0,0
sample_17535.docx,0,0,0.0,0.0,0,0.0,0.0,0.0,0.0,0.0,1
sample_08438.docx,10,66,0.0,0.0,60,0.0,0.0,0.0,0.0,0.0,0
sample_15338.docx,10,66,0.0,0.0,60,0.0,0.0,0.0,0.0,0.0,0
sample_10951.docx,9,100,1.0,1.0,94,3.0,1.0,1.0,1.0,5.0,1
sample_11875.docx,10,66,0.0,0.0,60,0.0,0.0,0.0,0.0,0.0,0
sample_16841.docx,9,66,1.0,1.0,60,3.0,1.0,1.0,1.0,5.0,1
sample_07861.docx,9,100,1.0,1.0,94,3.0,1.0,1.0,1.0,5.0,1
sample_13849.docx,10,66,0.0,0.0,60,0.0,0.0,0.0,0.0,0.0,0
sample_09181.docx,9,100,1.0,1.0,94,3.0,1.0,1.0,1.0,5.0,1
sample_12868.docx,0,0,0.0,0.0,0,0.0,0.0,0.0,0.0,0.0,1
sample_08588.docx,10,66,0.0,0.0,60,0.0,0.0,0.0,0.0,0.0,0
sample_17588.docx,9,100,1.0,1.0,94,3.0,1.0,1.0,1.0,5.0,1
sample_05066.docx,0,0,0.0,0.0,0,0.0,0.0,0.0,0.0,0.0,1
sample_01641.docx,9,100,1.0,1.0,94,3.0,1.0,1.0,1.0,5.0,1
sample_12267.docx,10,66,0.0,0.0,60,0.0,0.0,0.0,0.0,0.0,0
sample_13694.docx,10,66,0.0,0.0,60,0.0,0.0,0.0,0.0,0.0,0
sample_19967.docx,10,66,0.0,0.0,60,0.0,0.0,0.0,0.0,0.0,0
sample_04109.docx,0,0,0.0,0.0,0,0.0,0.0,0.0,0.0,0.0,1
sample_11991.docx,10,66,0.0,0.0,60,0.0,0.0,0.0,0.0,0.0,0
sample_11002.docx,0,0,0.0,0.0,0,0.0,0.0,0.0,0.0,0.0,1
sample_17224.docx,10,66,0.0,0.0,60,0.0,0.0,0.0,0.0,0.0,0
sample_08371.docx,0,0,0.0,0.0,0,0.0,0.0,0.0,0.0,0.0,1
sample_12656.docx,9,100,1.0,1.0,94,3.0,1.0,1.0,1.0,5.0,1
sample_03052.docx,10,66,0.0,0.0,60,0.0,0.0,0.0,0.0,0.0,0
sample_08838.docx,10,66,0.0,0.0,60,0.0,0.0,0.0,0.0,0.0,0
sample_12338.docx,0,0,0.0,0.0,0,0.0,0.0,0.0,0.0,0.0,1
sample_05952.docx,0,0,0.0,0.0,0,0.0,0.0,0.0,0.0,0.0,1
sample_06628.docx,9,100,1.0,1.0,94,3.0,1.0,1.0,1.0,5.0,1
sample_04247.docx,10,66,0.0,0.0,60,0.0,0.0,0.0,0.0,0.0,0
sample_18861.docx,0,0,0.0,0.0,0,0.0,0.0,0.0,0.0,0.0,1
sample_11288.docx,10,66,0.0,0.0,60,0.0,0.0,0.0,0.0,0.0,0
sample_16315.docx,0,0,0.0,0.0,0,0.0,0.0,0.0,0.0,0.0,1
sample_07783.docx,10,66,0.0,0.0,60,0.0,0.0,0.0,0.0,0.0,0
sample_09263.docx,10,66,0.0,0.0,60,0.0,0.0,0.0,0.0,0.0,0
sample_13969.docx,9,66,1.0,1.0,60,3.0,1.0,1.0,1.0,5.0,1
sample_11093.docx,0,0,0.0,0.0,0,0.0,0.0,0.0,0.0,0.0,1
sample_07326.docx,10,66,0.0,0.0,60,0.0,0.0,0.0,0.0,0.0,0
sample_01651.docx,0,0,0.0,0.0,0,0.0,0.0,0.0,0.0,0.0,1
sample_19128.docx,0,0,0.0,0.0,0,0.0,0.0,0.0,0.0,0.0,1
sample_00037.docx,9,66,1.0,1.0,60,3.0,1.0,1.0,1.0,5.0,1
sample_01626.docx,10,66,0.0,0.0,60,0.0,0.0,0.0,0.0,0.0,0
sample_12248.docx,10,66,0.0,0.0,60,0.0,0.0,0.0,0.0,0.0,0
sample_19571.docx,10,66,0.0,0.0,60,0.0,0.0,0.0,0.0,0.0,0
sample_04982.docx,10,66,0.0,0.0,60,0.0,0.0,0.0,0.0,0.0,0
sample_10463.docx,10,66,0.0,0.0,60,0.0,0.0,0.0,0.0,0.0,0
sample_12435.docx,10,66,0.0,0.0,60,0.0,0.0,0.0,0.0,0.0,0
sample_03106.docx,9,100,1.0,1.0,94,3.0,1.0,1.0,1.0,5.0,1
sample_04403.docx,0,0,0.0,0.0,0,0.0,0.0,0.0,0.0,0.0,1
sample_09636.docx,0,0,0.0,0.0,0,0.0,0.0,0.0,0.0,0.0,1
sample_17875.docx,9,100,1.0,1.0,94,3.0,1.0,1.0,1.0,5.0,1
sample_00027.docx,0,0,0.0,0.0,0,0.0,0.0,0.0,0.0,0.0,1
sample_07243.docx,10,66,0.0,0.0,60,0.0,0.0,0.0,0.0,0.0,0
sample_00274.docx,0,0,0.0,0.0,0,0.0,0.0,0.0,0.0,0.0,1
sample_08281.docx,9,100,1.0,1.0,94,3.0,1.0,1.0,1.0,5.0,1
sample_13892.docx,10,66,0.0,0.0,60,0.0,0.0,0.0,0.0,0.0,0
sample_12002.docx,0,0,0.0,0.0,0,0.0,0.0,0.0,0.0,0.0,1
sample_00069.docx,9,100,1.0,1.0,94,3.0,1.0,1.0,1.0,5.0,1
sample_15591.docx,0,0,0.0,0.0,0,0.0,0.0,0.0,0.0,0.0,1
sample_12253.docx,9,100,1.0,1.0,94,3.0,1.0,1.0,1.0,5.0,1
sample_19841.docx,10,66,0.0,0.0,60,0.0,0.0,0.0,0.0,0.0,0
sample_08436.docx,0,0,0.0,0.0,0,0.0,0.0,0.0,0.0,0.0,1
sample_07154.docx,0,0,0.0,0.0,0,0.0,0.0,0.0,0.0,0.0,1
sample_17808.docx,0,0,0.0,0.0,0,0.0,0.0,0.0,0.0,0.0,1
sample_10714.docx,9,100,1.0,1.0,94,3.0,1.0,1.0,1.0,5.0,1
sample_09510.docx,0,0,0.0,0.0,0,0.0,0.0,0.0,0.0,0.0,1
sample_18637.docx,9,100,1.0,1.0,94,3.0,1.0,1.0,1.0,5.0,1
sample_06789.docx,10,66,0.0,0.0,60,0.0,0.0,0.0,0.0,0.0,0
sample_04748.docx,10,66,0.0,0.0,60,0.0,0.0,0.0,0.0,0.0,0
sample_11400.docx,10,66,0.0,0.0,60,0.0,0.0,0.0,0.0,0.0,0
sample_07701.docx,10,66,0.0,0.0,60,0.0,0.0,0.0,0.0,0.0,0
sample_00429.docx,0,0,0.0,0.0,0,0.0,0.0,0.0,0.0,0.0,1
sample_14721.docx,0,0,0.0,0.0,0,0.0,0.0,0.0,0.0,0.0,1
sample_16120.docx,9,66,1.0,1.0,60,3.0,1.0,1.0,1.0,5.0,1
sample_13714.docx,0,0,0.0,0.0,0,0.0,0.0,0.0,0.0,0.0,1
sample_12312.docx,10,66,0.0,0.0,60,0.0,0.0,0.0,0.0,0.0,0
sample_15457.docx,0,0,0.0,0.0,0,0.0,0.0,0.0,0.0,0.0,1
sample_12533.docx,0,0,0.0,0.0,0,0.0,0.0,0.0,0.0,0.0,1
sample_16823.docx,10,66,0.0,0.0,60,0.0,0.0,0.0,0.0,0.0,0
sample_06312.docx,10,66,0.0,0.0,60,0.0,0.0,0.0,0.0,0.0,0
sample_10520.docx,9,100,1.0,1.0,94,3.0,1.0,1.0,1.0,5.0,1
sample_15030.docx,0,0,0.0,0.0,0,0.0,0.0,0.0,0.0,0.0,1
sample_11381.docx,0,0,0.0,0.0,0,0.0,0.0,0.0,0.0,0.0,1
sample_10360.docx,10,66,0.0,0.0,60,0.0,0.0,0.0,0.0,0.0,0
sample_00388.docx,10,66,0.0,0.0,60,0.0,0.0,0.0,0.0,0.0,0
sample_04475.docx,9,100,1.0,1.0,94,3.0,1.0,1.0,1.0,5.0,1
sample_18847.docx,10,66,0.0,0.0,60,0.0,0.0,0.0,0.0,0.0,0
sample_16672.docx,10,66,0.0,0.0,60,0.0,0.0,0.0,0.0,0.0,0
sample_08769.docx,10,66,0.0,0.0,60,0.0,0.0,0.0,0.0,0.0,0
sample_04421.docx,9,66,0.0,0.0,60,0.0,0.0,0.0,0.0,0.0,0
sample_08278.docx,10,66,0.0,0.0,60,0.0,0.0,0.0,0.0,0.0,0
sample_05939.docx,10,66,0.0,0.0,60,0.0,0.0,0.0,0.0,0.0,0
sample_01394.docx,10,66,0.0,0.0,60,0.0,0.0,0.0,0.0,0.0,0
sample_13382.docx,10,66,0.0,0.0,60,0.0,0.0,0.0,0.0,0.0,0
sample_16407.docx,10,66,0.0,0.0,60,0.0,0.0,0.0,0.0,0.0,0
sample_06611.docx,9,100,1.0,1.0,94,3.0,1.0,1.0,1.0,5.0,1
sample_11296.docx,0,0,0.0,0.0,0,0.0,0.0,0.0,0.0,0.0,1
sample_10124.docx,10,66,0.0,0.0,60,0.0,0.0,0.0,0.0,0.0,0
sample_01353.docx,10,66,0.0,0.0,60,0.0,0.0,0.0,0.0,0.0,0
sample_13684.docx,10,66,0.0,0.0,60,0.0,0.0,0.0,0.0,0.0,0
sample_02277.docx,0,0,0.0,0.0,0,0.0,0.0,0.0,0.0,0.0,1
sample_02754.docx,9,66,1.0,1.0,60,3.0,1.0,1.0,1.0,5.0,1
sample_07854.docx,10,66,0.0,0.0,60,0.0,0.0,0.0,0.0,0.0,0
sample_16702.docx,10,66,0.0,0.0,60,0.0,0.0,0.0,0.0,0.0,0
sample_11128.docx,10,66,0.0,0.0,60,0.0,0.0,0.0,0.0,0.0,0
sample_09807.docx,0,0,0.0,0.0,0,0.0,0.0,0.0,0.0,0.0,1
sample_00579.docx,0,0,0.0,0.0,0,0.0,0.0,0.0,0.0,0.0,1
sample_05936.docx,0,0,0.0,0.0,0,0.0,0.0,0.0,0.0,0.0,1
sample_08571.docx,10,66,0.0,0.0,60,0.0,0.0,0.0,0.0,0.0,0
sample_02478.docx,0,0,0.0,0.0,0,0.0,0.0,0.0,0.0,0.0,1
sample_15391.docx,10,66,0.0,0.0,60,0.0,0.0,0.0,0.0,0.0,0
sample_15411.docx,9,100,1.0,1.0,94,3.0,1.0,1.0,1.0,5.0,1
sample_08863.docx,0,0,0.0,0.0,0,0.0,0.0,0.0,0.0,0.0,1
sample_15156.docx,0,0,0.0,0.0,0,0.0,0.0,0.0,0.0,0.0,1
sample_00606.docx,9,100,1.0,1.0,94,3.0,1.0,1.0,1.0,5.0,1
sample_03319.docx,0,0,0.0,0.0,0,0.0,0.0,0.0,0.0,0.0,1
sample_13253.docx,0,0,0.0,0.0,0,0.0,0.0,0.0,0.0,0.0,1
sample_19928.docx,10,66,0.0,0.0,60,0.0,0.0,0.0,0.0,0.0,0
sample_03198.docx,10,66,0.0,0.0,60,0.0,0.0,0.0,0.0,0.0,0
sample_01108.docx,9,66,1.0,1.0,60,3.0,1.0,1.0,1.0,5.0,1
sample_06458.docx,10,66,0.0,0.0,60,0.0,0.0,0.0,0.0,0.0,0
sample_19207.docx,9,100,1.0,1.0,94,3.0,1.0,1.0,1.0,5.0,1
sample_17331.docx,10,66,0.0,0.0,60,0.0,0.0,0.0,0.0,0.0,0
sample_04282.docx,0,0,0.0,0.0,0,0.0,0.0,0.0,0.0,0.0,1
sample_17565.docx,0,0,0.0,0.0,0,0.0,0.0,0.0,0.0,0.0,1
sample_06239.docx,0,0,0.0,0.0,0,0.0,0.0,0.0,0.0,0.0,1
sample_11023.docx,9,66,1.0,1.0,60,3.0,1.0,1.0,1.0,5.0,1
sample_09259.docx,0,0,0.0,0.0,0,0.0,0.0,0.0,0.0,0.0,1
sample_13535.docx,9,100,1.0,1.0,94,3.0,1.0,1.0,1.0,5.0,1
sample_00623.docx,10,66,0.0,0.0,60,0.0,0.0,0.0,0.0,0.0,0
sample_15938.docx,10,66,0.0,0.0,60,0.0,0.0,0.0,0.0,0.0,0
sample_11339.docx,10,66,0.0,0.0,60,0.0,0.0,0.0,0.0,0.0,0
sample_12720.docx,11,64,0.0,0.0,58,0.0,0.0,0.0,0.0,0.0,0
sample_06825.docx,9,100,1.0,1.0,94,3.0,1.0,1.0,1.0,5.0,1
sample_01665.docx,0,0,0.0,0.0,0,0.0,0.0,0.0,0.0,0.0,1
sample_07891.docx,9,100,1.0,1.0,94,3.0,1.0,1.0,1.0,5.0,1
sample_06870.docx,0,0,0.0,0.0,0,0.0,0.0,0.0,0.0,0.0,1
sample_14672.docx,10,66,0.0,0.0,60,0.0,0.0,0.0,0.0,0.0,0
sample_07004.docx,0,0,0.0,0.0,0,0.0,0.0,0.0,0.0,0.0,1
sample_18301.docx,10,66,0.0,0.0,60,0.0,0.0,0.0,0.0,0.0,0
sample_11294.docx,10,66,0.0,0.0,60,0.0,0.0,0.0,0.0,0.0,0
sample_13612.docx,10,66,0.0,0.0,60,0.0,0.0,0.0,0.0,0.0,0
sample_01605.docx,11,66,0.0,0.0,60,0.0,0.0,0.0,0.0,0.0,0
sample_18884.docx,9,100,1.0,1.0,94,3.0,1.0,1.0,1.0,5.0,1
sample_04910.docx,10,66,0.0,0.0,60,0.0,0.0,0.0,0.0,0.0,0
sample_06398.docx,9,100,1.0,1.0,94,3.0,1.0,1.0,1.0,5.0,1
sample_10675.docx,9,100,1.0,1.0,94,3.0,1.0,1.0,1.0,5.0,1
sample_16147.docx,9,100,1.0,1.0,94,3.0,1.0,1.0,1.0,5.0,1
sample_18462.docx,10,66,0.0,0.0,60,0.0,0.0,0.0,0.0,0.0,0
sample_19601.docx,9,100,1.0,1.0,94,3.0,1.0,1.0,1.0,5.0,1
sample_12313.docx,10,66,0.0,0.0,60,0.0,0.0,0.0,0.0,0.0,0
sample_11359.docx,0,0,0.0,0.0,0,0.0,0.0,0.0,0.0,0.0,1
sample_09124.docx,10,66,0.0,0.0,60,0.0,0.0,0.0,0.0,0.0,0
sample_13963.docx,9,100,1.0,1.0,94,3.0,1.0,1.0,1.0,5.0,1
sample_10411.docx,10,66,0.0,0.0,60,0.0,0.0,0.0,0.0,0.0,0
sample_13581.docx,9,100,1.0,1.0,94,3.0,1.0,1.0,1.0,5.0,1
sample_19052.docx,10,66,0.0,0.0,60,0.0,0.0,0.0,0.0,0.0,0
sample_08976.docx,0,0,0.0,0.0,0,0.0,0.0,0.0,0.0,0.0,1
sample_14538.docx,10,66,0.0,0.0,60,0.0,0.0,0.0,0.0,0.0,0
sample_05117.docx,10,66,0.0,0.0,60,0.0,0.0,0.0,0.0,0.0,0
sample_19267.docx,9,100,0.0,0.0,94,0.0,0.0,0.0,0.0,0.0,0
sample_15804.docx,9,100,1.0,1.0,94,3.0,1.0,1.0,1.0,5.0,1
sample_06231.docx,0,0,0.0,0.0,0,0.0,0.0,0.0,0.0,0.0,1
sample_15541.docx,10,66,0.0,0.0,60,0.0,0.0,0.0,0.0,0.0,0
sample_10663.docx,0,0,0.0,0.0,0,0.0,0.0,0.0,0.0,0.0,1
sample_08858.docx,0,0,0.0,0.0,0,0.0,0.0,0.0,0.0,0.0,1
sample_00358.docx,10,66,0.0,0.0,60,0.0,0.0,0.0,0.0,0.0,0
sample_01574.docx,10,66,0.0,0.0,60,0.0,0.0,0.0,0.0,0.0,0
sample_05463.docx,9,100,1.0,1.0,94,3.0,1.0,1.0,1.0,5.0,1
sample_06763.docx,9,100,1.0,1.0,94,3.0,1.0,1.0,1.0,5.0,1
sample_01156.docx,10,66,0.0,0.0,60,0.0,0.0,0.0,0.0,0.0,0
sample_19532.docx,0,0,0.0,0.0,0,0.0,0.0,0.0,0.0,0.0,1
sample_10791.docx,0,0,0.0,0.0,0,0.0,0.0,0.0,0.0,0.0,1
sample_02816.docx,0,0,0.0,0.0,0,0.0,0.0,0.0,0.0,0.0,1
sample_04049.docx,0,0,0.0,0.0,0,0.0,0.0,0.0,0.0,0.0,1
sample_17587.docx,10,66,0.0,0.0,60,0.0,0.0,0.0,0.0,0.0,0
sample_12802.docx,10,66,0.0,0.0,60,0.0,0.0,0.0,0.0,0.0,0
sample_17823.docx,10,66,0.0,0.0,60,0.0,0.0,0.0,0.0,0.0,0
sample_14596.docx,10,66,0.0,0.0,60,0.0,0.0,0.0,0.0,0.0,0
sample_11672.docx,10,66,0.0,0.0,60,0.0,0.0,0.0,0.0,0.0,0
sample_13275.docx,9,100,1.0,1.0,94,3.0,1.0,1.0,1.0,5.0,1
sample_10108.docx,9,100,1.0,1.0,94,3.0,1.0,1.0,1.0,4.0,1
sample_00265.docx,0,0,0.0,0.0,0,0.0,0.0,0.0,0.0,0.0,1
sample_16126.docx,10,66,0.0,0.0,60,0.0,0.0,0.0,0.0,0.0,0
sample_08193.docx,10,66,0.0,0.0,60,0.0,0.0,0.0,0.0,0.0,0
sample_13900.docx,0,0,0.0,0.0,0,0.0,0.0,0.0,0.0,0.0,1
sample_13644.docx,0,0,0.0,0.0,0,0.0,0.0,0.0,0.0,0.0,1
sample_03721.docx,10,66,0.0,0.0,60,0.0,0.0,0.0,0.0,0.0,0
sample_19347.docx,10,66,0.0,0.0,60,0.0,0.0,0.0,0.0,0.0,0
sample_10747.docx,0,0,0.0,0.0,0,0.0,0.0,0.0,0.0,0.0,1
sample_09366.docx,0,0,0.0,0.0,0,0.0,0.0,0.0,0.0,0.0,1
sample_14220.docx,9,100,1.0,1.0,94,3.0,1.0,1.0,1.0,5.0,1
sample_13987.docx,0,0,0.0,0.0,0,0.0,0.0,0.0,0.0,0.0,1
sample_06585.docx,10,66,0.0,0.0,60,0.0,0.0,0.0,0.0,0.0,0
sample_10207.docx,0,0,0.0,0.0,0,0.0,0.0,0.0,0.0,0.0,1
sample_02556.docx,10,66,0.0,0.0,60,0.0,0.0,0.0,0.0,0.0,0
sample_19777.docx,0,0,0.0,0.0,0,0.0,0.0,0.0,0.0,0.0,1
sample_17712.docx,9,100,1.0,1.0,94,3.0,1.0,1.0,1.0,5.0,1
sample_07860.docx,10,66,0.0,0.0,60,0.0,0.0,0.0,0.0,0.0,0
sample_16045.docx,10,66,0.0,0.0,60,0.0,0.0,0.0,0.0,0.0,0
sample_15525.docx,0,0,0.0,0.0,0,0.0,0.0,0.0,0.0,0.0,1
sample_17301.docx,0,0,0.0,0.0,0,0.0,0.0,0.0,0.0,0.0,1
sample_19416.docx,10,66,0.0,0.0,60,0.0,0.0,0.0,0.0,0.0,0
sample_07153.docx,0,0,0.0,0.0,0,0.0,0.0,0.0,0.0,0.0,1
sample_00678.docx,10,66,0.0,0.0,60,0.0,0.0,0.0,0.0,0.0,0
sample_07837.docx,0,0,0.0,0.0,0,0.0,0.0,0.0,0.0,0.0,1
sample_11688.docx,10,66,0.0,0.0,60,0.0,0.0,0.0,0.0,0.0,0
sample_17124.docx,11,64,0.0,0.0,58,0.0,0.0,0.0,0.0,0.0,0
sample_12612.docx,9,100,1.0,1.0,94,3.0,1.0,1.0,1.0,5.0,1
sample_19296.docx,9,100,1.0,1.0,94,3.0,1.0,1.0,1.0,5.0,1
sample_17066.docx,10,66,0.0,0.0,60,0.0,0.0,0.0,0.0,0.0,0
sample_04550.docx,10,66,0.0,0.0,60,0.0,0.0,0.0,0.0,0.0,0
sample_08296.docx,9,100,1.0,1.0,94,3.0,1.0,1.0,1.0,5.0,1
sample_15136.docx,10,66,0.0,0.0,60,0.0,0.0,0.0,0.0,0.0,0
sample_06423.docx,0,0,0.0,0.0,0,0.0,0.0,0.0,0.0,0.0,1
sample_03370.docx,10,66,0.0,0.0,60,0.0,0.0,0.0,0.0,0.0,0
sample_12287.docx,10,66,0.0,0.0,60,0.0,0.0,0.0,0.0,0.0,0
sample_05651.docx,10,66,0.0,0.0,60,0.0,0.0,0.0,0.0,0.0,0
sample_01663.docx,10,66,0.0,0.0,60,0.0,0.0,0.0,0.0,0.0,0
sample_19542.docx,9,100,1.0,1.0,94,3.0,1.0,1.0,1.0,5.0,1
sample_11602.docx,9,100,1.0,1.0,94,3.0,1.0,1.0,1.0,5.0,1
sample_01159.docx,9,66,1.0,1.0,60,3.0,1.0,1.0,1.0,5.0,1
sample_05739.docx,9,66,1.0,1.0,60,3.0,1.0,1.0,1.0,5.0,1
sample_02681.docx,9,66,1.0,1.0,60,3.0,1.0,1.0,1.0,5.0,1
sample_11141.docx,0,0,0.0,0.0,0,0.0,0.0,0.0,0.0,0.0,1
sample_13745.docx,10,66,0.0,0.0,60,0.0,0.0,0.0,0.0,0.0,0
sample_12339.docx,0,0,0.0,0.0,0,0.0,0.0,0.0,0.0,0.0,1
sample_03403.docx,9,100,1.0,1.0,94,3.0,1.0,1.0,1.0,5.0,1
sample_10933.docx,0,0,0.0,0.0,0,0.0,0.0,0.0,0.0,0.0,1
sample_05305.docx,10,66,0.0,0.0,60,0.0,0.0,0.0,0.0,0.0,0
sample_08860.docx,10,66,0.0,0.0,60,0.0,0.0,0.0,0.0,0.0,0
sample_11990.docx,10,66,0.0,0.0,60,0.0,0.0,0.0,0.0,0.0,0
sample_17978.docx,10,66,0.0,0.0,60,0.0,0.0,0.0,0.0,0.0,0
sample_15222.docx,10,66,0.0,0.0,60,0.0,0.0,0.0,0.0,0.0,0
sample_13018.docx,0,0,0.0,0.0,0,0.0,0.0,0.0,0.0,0.0,1
sample_11968.docx,9,100,1.0,1.0,94,3.0,1.0,1.0,1.0,5.0,1
sample_11778.docx,9,100,1.0,1.0,94,3.0,1.0,1.0,1.0,5.0,1
sample_08688.docx,10,66,0.0,0.0,60,0.0,0.0,0.0,0.0,0.0,0
sample_05464.docx,0,0,0.0,0.0,0,0.0,0.0,0.0,0.0,0.0,1
sample_12995.docx,10,66,0.0,0.0,60,0.0,0.0,0.0,0.0,0.0,0
sample_02453.docx,9,66,1.0,1.0,60,3.0,1.0,1.0,1.0,5.0,1
sample_09323.docx,10,66,0.0,0.0,60,0.0,0.0,0.0,0.0,0.0,0
sample_13051.docx,0,0,0.0,0.0,0,0.0,0.0,0.0,0.0,0.0,1
sample_16352.docx,10,66,0.0,0.0,60,0.0,0.0,0.0,0.0,0.0,0
sample_07486.docx,10,66,0.0,0.0,60,0.0,0.0,0.0,0.0,0.0,0
sample_06461.docx,0,0,0.0,0.0,0,0.0,0.0,0.0,0.0,0.0,1
sample_11404.docx,10,66,0.0,0.0,60,0.0,0.0,0.0,0.0,0.0,0
sample_17268.docx,0,66,0.0,0.0,60,0.0,0.0,0.0,0.0,0.0,0
sample_01230.docx,10,66,0.0,0.0,60,0.0,0.0,0.0,0.0,0.0,0
sample_19965.docx,0,0,0.0,0.0,0,0.0,0.0,0.0,0.0,0.0,1
sample_13034.docx,10,66,0.0,0.0,60,0.0,0.0,0.0,0.0,0.0,0
sample_16471.docx,9,100,1.0,1.0,94,3.0,1.0,1.0,1.0,5.0,1
sample_00423.docx,0,0,0.0,0.0,0,0.0,0.0,0.0,0.0,0.0,1
sample_14304.docx,0,0,0.0,0.0,0,0.0,0.0,0.0,0.0,0.0,1
sample_17782.docx,10,66,0.0,0.0,60,0.0,0.0,0.0,0.0,0.0,0
sample_02233.docx,10,66,0.0,0.0,60,0.0,0.0,0.0,0.0,0.0,0
sample_04133.docx,10,66,0.0,0.0,60,0.0,0.0,0.0,0.0,0.0,0
sample_10264.docx,9,100,1.0,1.0,94,3.0,1.0,1.0,1.0,5.0,1
sample_06228.docx,10,66,0.0,0.0,60,0.0,0.0,0.0,0.0,0.0,0
sample_10653.docx,10,66,0.0,0.0,60,0.0,0.0,0.0,0.0,0.0,0
sample_12349.docx,10,66,0.0,0.0,60,0.0,0.0,0.0,0.0,0.0,0
sample_03481.docx,10,66,0.0,0.0,60,0.0,0.0,0.0,0.0,0.0,0
sample_19600.docx,0,0,0.0,0.0,0,0.0,0.0,0.0,0.0,0.0,1
sample_16272.docx,10,66,0.0,0.0,60,0.0,0.0,0.0,0.0,0.0,0
sample_10120.docx,10,66,0.0,0.0,60,0.0,0.0,0.0,0.0,0.0,0
sample_05677.docx,10,66,0.0,0.0,60,0.0,0.0,0.0,0.0,0.0,0
sample_00481.docx,0,0,0.0,0.0,0,0.0,0.0,0.0,0.0,0.0,1
sample_09812.docx,10,66,0.0,0.0,60,0.0,0.0,0.0,0.0,0.0,0
sample_01122.docx,10,66,0.0,0.0,60,0.0,0.0,0.0,0.0,0.0,0
sample_14046.docx,10,66,0.0,0.0,60,0.0,0.0,0.0,0.0,0.0,0
sample_12766.docx,10,66,0.0,0.0,60,0.0,0.0,0.0,0.0,0.0,0
sample_06108.docx,0,0,0.0,0.0,0,0.0,0.0,0.0,0.0,0.0,1
sample_03877.docx,9,66,1.0,1.0,60,3.0,1.0,1.0,1.0,5.0,1
sample_14706.docx,0,0,0.0,0.0,0,0.0,0.0,0.0,0.0,0.0,1
sample_10490.docx,0,0,0.0,0.0,0,0.0,0.0,0.0,0.0,0.0,1
sample_13494.docx,10,66,0.0,0.0,60,0.0,0.0,0.0,0.0,0.0,0
sample_01093.docx,10,66,0.0,0.0,60,0.0,0.0,0.0,0.0,0.0,0
sample_07737.docx,10,66,0.0,0.0,60,0.0,0.0,0.0,0.0,0.0,0
sample_08407.docx,0,0,0.0,0.0,0,0.0,0.0,0.0,0.0,0.0,1
sample_11053.docx,9,66,1.0,1.0,60,3.0,1.0,1.0,1.0,5.0,1
sample_19712.docx,0,0,0.0,0.0,0,0.0,0.0,0.0,0.0,0.0,1
sample_11640.docx,10,66,0.0,0.0,60,0.0,0.0,0.0,0.0,0.0,0
sample_11873.docx,10,66,0.0,0.0,60,0.0,0.0,0.0,0.0,0.0,0
sample_06107.docx,10,66,0.0,0.0,60,0.0,0.0,0.0,0.0,0.0,0
sample_17899.docx,0,0,0.0,0.0,0,0.0,0.0,0.0,0.0,0.0,1
sample_14073.docx,0,0,0.0,0.0,0,0.0,0.0,0.0,0.0,0.0,1
sample_05350.docx,10,66,0.0,0.0,60,0.0,0.0,0.0,0.0,0.0,0
sample_12441.docx,10,66,0.0,0.0,60,0.0,0.0,0.0,0.0,0.0,0
sample_13512.docx,9,100,1.0,1.0,94,3.0,1.0,1.0,1.0,5.0,1
sample_01061.docx,0,0,0.0,0.0,0,0.0,0.0,0.0,0.0,0.0,1
sample_05425.docx,10,66,0.0,0.0,60,0.0,0.0,0.0,0.0,0.0,0
sample_00751.docx,10,66,0.0,0.0,60,0.0,0.0,0.0,0.0,0.0,0
sample_01124.docx,10,66,0.0,0.0,60,0.0,0.0,0.0,0.0,0.0,0
sample_01233.docx,10,66,0.0,0.0,60,0.0,0.0,0.0,0.0,0.0,0
sample_06069.docx,9,66,1.0,1.0,60,3.0,1.0,1.0,1.0,5.0,1
sample_16535.docx,10,66,0.0,0.0,60,0.0,0.0,0.0,0.0,0.0,0
sample_01854.docx,10,66,0.0,0.0,60,0.0,0.0,0.0,0.0,0.0,0
sample_07201.docx,9,100,1.0,1.0,94,3.0,1.0,1.0,1.0,5.0,1
sample_18548.docx,9,66,1.0,1.0,60,3.0,1.0,1.0,1.0,5.0,1
sample_00377.docx,9,100,0.0,0.0,94,0.0,0.0,0.0,0.0,0.0,0
sample_14957.docx,10,66,0.0,0.0,60,0.0,0.0,0.0,0.0,0.0,0
sample_02589.docx,10,66,0.0,0.0,60,0.0,0.0,0.0,0.0,0.0,0
sample_10445.docx,0,0,0.0,0.0,0,0.0,0.0,0.0,0.0,0.0,1
sample_19786.docx,9,66,1.0,1.0,60,3.0,1.0,1.0,1.0,5.0,1
sample_07245.docx,9,100,0.0,0.0,94,0.0,0.0,0.0,0.0,0.0,0
sample_13086.docx,0,0,0.0,0.0,0,0.0,0.0,0.0,0.0,0.0,1
sample_13650.docx,9,100,1.0,1.0,94,3.0,1.0,1.0,1.0,5.0,1
sample_10812.docx,0,0,0.0,0.0,0,0.0,0.0,0.0,0.0,0.0,1
sample_07848.docx,10,66,0.0,0.0,60,0.0,0.0,0.0,0.0,0.0,0
sample_17627.docx,10,66,0.0,0.0,60,0.0,0.0,0.0,0.0,0.0,0
sample_04497.docx,0,0,0.0,0.0,0,0.0,0.0,0.0,0.0,0.0,1
sample_18797.docx,0,0,0.0,0.0,0,0.0,0.0,0.0,0.0,0.0,1
sample_15513.docx,0,0,0.0,0.0,0,0.0,0.0,0.0,0.0,0.0,1
sample_18770.docx,10,66,0.0,0.0,60,0.0,0.0,0.0,0.0,0.0,0
sample_01740.docx,0,0,0.0,0.0,0,0.0,0.0,0.0,0.0,0.0,1
sample_04761.docx,9,100,1.0,1.0,94,3.0,1.0,1.0,1.0,5.0,1
sample_08224.docx,0,0,0.0,0.0,0,0.0,0.0,0.0,0.0,0.0,1
sample_11708.docx,0,0,0.0,0.0,0,0.0,0.0,0.0,0.0,0.0,1
sample_12911.docx,0,0,0.0,0.0,0,0.0,0.0,0.0,0.0,0.0,1
sample_09249.docx,0,0,0.0,0.0,0,0.0,0.0,0.0,0.0,0.0,1
sample_07676.docx,0,0,0.0,0.0,0,0.0,0.0,0.0,0.0,0.0,1
sample_05954.docx,9,100,1.0,1.0,94,3.0,1.0,1.0,1.0,5.0,1
sample_11973.docx,10,66,0.0,0.0,60,0.0,0.0,0.0,0.0,0.0,0
sample_14015.docx,9,100,1.0,1.0,94,3.0,1.0,1.0,1.0,5.0,1
sample_10578.docx,10,66,0.0,0.0,60,0.0,0.0,0.0,0.0,0.0,0
sample_02510.docx,10,66,0.0,0.0,60,0.0,0.0,0.0,0.0,0.0,0
sample_02436.docx,10,66,0.0,0.0,60,0.0,0.0,0.0,0.0,0.0,0
sample_01795.docx,10,66,0.0,0.0,60,0.0,0.0,0.0,0.0,0.0,0
sample_02903.docx,10,66,0.0,0.0,60,0.0,0.0,0.0,0.0,0.0,0
sample_15106.docx,9,66,1.0,1.0,60,3.0,1.0,1.0,1.0,5.0,1
sample_15166.docx,0,0,0.0,0.0,0,0.0,0.0,0.0,0.0,0.0,1
sample_18210.docx,0,0,0.0,0.0,0,0.0,0.0,0.0,0.0,0.0,1
sample_13896.docx,0,0,0.0,0.0,0,0.0,0.0,0.0,0.0,0.0,1
sample_18550.docx,0,0,0.0,0.0,0,0.0,0.0,0.0,0.0,0.0,1
sample_16174.docx,0,0,0.0,0.0,0,0.0,0.0,0.0,0.0,0.0,1
sample_11522.docx,0,0,0.0,0.0,0,0.0,0.0,0.0,0.0,0.0,1
sample_01401.docx,9,100,1.0,1.0,94,3.0,1.0,1.0,1.0,5.0,1
sample_05177.docx,10,66,0.0,0.0,60,0.0,0.0,0.0,0.0,0.0,0
sample_00635.docx,9,100,1.0,1.0,94,3.0,1.0,1.0,1.0,5.0,1
sample_12554.docx,9,66,1.0,1.0,60,3.0,1.0,1.0,1.0,5.0,1
sample_02439.docx,10,66,0.0,0.0,60,0.0,0.0,0.0,0.0,0.0,0
sample_03619.docx,0,0,0.0,0.0,0,0.0,0.0,0.0,0.0,0.0,1
sample_14117.docx,10,66,0.0,0.0,60,0.0,0.0,0.0,0.0,0.0,0
sample_10904.docx,0,0,0.0,0.0,0,0.0,0.0,0.0,0.0,0.0,1
sample_11810.docx,9,66,1.0,1.0,60,3.0,1.0,1.0,1.0,5.0,1
sample_10446.docx,10,66,0.0,0.0,60,0.0,0.0,0.0,0.0,0.0,0
sample_03692.docx,10,66,0.0,0.0,60,0.0,0.0,0.0,0.0,0.0,0
sample_19141.docx,0,0,0.0,0.0,0,0.0,0.0,0.0,0.0,0.0,1
sample_11312.docx,0,0,0.0,0.0,0,0.0,0.0,0.0,0.0,0.0,1
sample_04358.docx,0,0,0.0,0.0,0,0.0,0.0,0.0,0.0,0.0,1
sample_15888.docx,10,66,0.0,0.0,60,0.0,0.0,0.0,0.0,0.0,0
sample_03487.docx,0,0,0.0,0.0,0,0.0,0.0,0.0,0.0,0.0,1
sample_05552.docx,10,66,0.0,0.0,60,0.0,0.0,0.0,0.0,0.0,0
sample_10295.docx,9,100,1.0,1.0,94,3.0,1.0,1.0,1.0,5.0,1
sample_18190.docx,10,66,0.0,0.0,60,0.0,0.0,0.0,0.0,0.0,0
sample_17631.docx,10,66,0.0,0.0,60,0.0,0.0,0.0,0.0,0.0,0
sample_00857.docx,10,66,0.0,0.0,60,0.0,0.0,0.0,0.0,0.0,0
sample_08869.docx,0,0,0.0,0.0,0,0.0,0.0,0.0,0.0,0.0,1
sample_02507.docx,0,0,0.0,0.0,0,0.0,0.0,0.0,0.0,0.0,1
sample_01259.docx,10,66,0.0,0.0,60,0.0,0.0,0.0,0.0,0.0,0
sample_08768.docx,10,66,0.0,0.0,60,0.0,0.0,0.0,0.0,0.0,0
sample_16617.docx,9,66,1.0,1.0,60,3.0,1.0,1.0,1.0,5.0,1
sample_06785.docx,10,66,0.0,0.0,60,0.0,0.0,0.0,0.0,0.0,0
sample_16852.docx,10,66,0.0,0.0,60,0.0,0.0,0.0,0.0,0.0,0
sample_07946.docx,0,0,0.0,0.0,0,0.0,0.0,0.0,0.0,0.0,1
sample_09260.docx,0,0,0.0,0.0,0,0.0,0.0,0.0,0.0,0.0,1
sample_04952.docx,9,100,1.0,1.0,94,3.0,1.0,1.0,1.0,5.0,1
sample_02943.docx,0,0,0.0,0.0,0,0.0,0.0,0.0,0.0,0.0,1
sample_16951.docx,0,0,0.0,0.0,0,0.0,0.0,0.0,0.0,0.0,1
sample_05912.docx,10,66,0.0,0.0,60,0.0,0.0,0.0,0.0,0.0,0
sample_10496.docx,0,0,0.0,0.0,0,0.0,0.0,0.0,0.0,0.0,1
sample_08955.docx,0,0,0.0,0.0,0,0.0,0.0,0.0,0.0,0.0,1
sample_17084.docx,0,0,0.0,0.0,0,0.0,0.0,0.0,0.0,0.0,1
sample_07687.docx,10,66,0.0,0.0,60,0.0,0.0,0.0,0.0,0.0,0
sample_06906.docx,0,0,0.0,0.0,0,0.0,0.0,0.0,0.0,0.0,1
sample_13572.docx,10,66,0.0,0.0,60,0.0,0.0,0.0,0.0,0.0,0
sample_12517.docx,0,0,0.0,0.0,0,0.0,0.0,0.0,0.0,0.0,1
sample_00243.docx,10,66,0.0,0.0,60,0.0,0.0,0.0,0.0,0.0,0
sample_13542.docx,9,100,1.0,1.0,94,3.0,1.0,1.0,1.0,5.0,1
sample_04694.docx,10,66,0.0,0.0,60,0.0,0.0,0.0,0.0,0.0,0
sample_06270.docx,10,66,0.0,0.0,60,0.0,0.0,0.0,0.0,0.0,0
sample_02297.docx,0,0,0.0,0.0,0,0.0,0.0,0.0,0.0,0.0,1
sample_11345.docx,9,66,1.0,1.0,60,3.0,1.0,1.0,1.0,5.0,1
sample_13691.docx,0,0,0.0,0.0,0,0.0,0.0,0.0,0.0,0.0,1
sample_02182.docx,10,66,0.0,0.0,60,0.0,0.0,0.0,0.0,0.0,0
sample_13305.docx,10,66,0.0,0.0,60,0.0,0.0,0.0,0.0,0.0,0
sample_16030.docx,10,66,0.0,0.0,60,0.0,0.0,0.0,0.0,0.0,0
sample_06700.docx,10,66,0.0,0.0,60,0.0,0.0,0.0,0.0,0.0,0
sample_10872.docx,9,100,1.0,1.0,94,3.0,1.0,1.0,1.0,5.0,1
sample_01742.docx,0,0,0.0,0.0,0,0.0,0.0,0.0,0.0,0.0,1
sample_14549.docx,10,66,0.0,0.0,60,0.0,0.0,0.0,0.0,0.0,0
sample_04938.docx,9,100,1.0,1.0,94,3.0,1.0,1.0,1.0,5.0,1
sample_02246.docx,10,66,0.0,0.0,60,0.0,0.0,0.0,0.0,0.0,0
sample_00497.docx,10,66,0.0,0.0,60,0.0,0.0,0.0,0.0,0.0,0
sample_10499.docx,10,66,0.0,0.0,60,0.0,0.0,0.0,0.0,0.0,0
sample_05158.docx,0,0,0.0,0.0,0,0.0,0.0,0.0,0.0,0.0,1
sample_04332.docx,9,100,1.0,1.0,94,3.0,1.0,1.0,1.0,5.0,1
sample_07517.docx,10,66,0.0,0.0,60,0.0,0.0,0.0,0.0,0.0,0
sample_01791.docx,10,66,0.0,0.0,60,0.0,0.0,0.0,0.0,0.0,0
sample_04964.docx,10,66,0.0,0.0,60,0.0,0.0,0.0,0.0,0.0,0
sample_05854.docx,10,66,0.0,0.0,60,0.0,0.0,0.0,0.0,0.0,0
sample_16374.docx,0,0,0.0,0.0,0,0.0,0.0,0.0,0.0,0.0,1
sample_03558.docx,9,100,1.0,1.0,94,3.0,1.0,1.0,1.0,5.0,1
sample_11868.docx,10,66,0.0,0.0,60,0.0,0.0,0.0,0.0,0.0,0
sample_05587.docx,0,0,0.0,0.0,0,0.0,0.0,0.0,0.0,0.0,1
sample_08321.docx,10,66,0.0,0.0,60,0.0,0.0,0.0,0.0,0.0,0
sample_11971.docx,10,66,0.0,0.0,60,0.0,0.0,0.0,0.0,0.0,0
sample_02305.docx,9,100,1.0,1.0,94,3.0,1.0,1.0,1.0,5.0,1
sample_01319.docx,0,0,0.0,0.0,0,0.0,0.0,0.0,0.0,0.0,1
sample_19439.docx,10,66,0.0,0.0,60,0.0,0.0,0.0,0.0,0.0,0
sample_06828.docx,0,0,0.0,0.0,0,0.0,0.0,0.0,0.0,0.0,1
sample_09622.docx,10,66,0.0,0.0,60,0.0,0.0,0.0,0.0,0.0,0
sample_07455.docx,0,0,0.0,0.0,0,0.0,0.0,0.0,0.0,0.0,1
sample_02420.docx,10,66,0.0,0.0,60,0.0,0.0,0.0,0.0,0.0,0
sample_08521.docx,0,0,0.0,0.0,0,0.0,0.0,0.0,0.0,0.0,1
sample_04180.docx,10,66,0.0,0.0,60,0.0,0.0,0.0,0.0,0.0,0
sample_18785.docx,10,66,0.0,0.0,60,0.0,0.0,0.0,0.0,0.0,0
sample_09129.docx,0,0,0.0,0.0,0,0.0,0.0,0.0,0.0,0.0,1
sample_11393.docx,10,66,0.0,0.0,60,0.0,0.0,0.0,0.0,0.0,0
sample_19503.docx,0,0,0.0,0.0,0,0.0,0.0,0.0,0.0,0.0,1
sample_14459.docx,10,66,0.0,0.0,60,0.0,0.0,0.0,0.0,0.0,0
sample_16142.docx,10,66,0.0,0.0,60,0.0,0.0,0.0,0.0,0.0,0
sample_10635.docx,10,66,0.0,0.0,60,0.0,0.0,0.0,0.0,0.0,0
sample_12362.docx,9,100,1.0,1.0,94,3.0,1.0,1.0,1.0,5.0,1
sample_03902.docx,10,66,0.0,0.0,60,0.0,0.0,0.0,0.0,0.0,0
sample_13529.docx,10,66,0.0,0.0,60,0.0,0.0,0.0,0.0,0.0,0
sample_04505.docx,9,100,1.0,1.0,94,3.0,1.0,1.0,1.0,5.0,1
sample_15940.docx,10,66,0.0,0.0,60,0.0,0.0,0.0,0.0,0.0,0
sample_16029.docx,9,66,1.0,1.0,60,3.0,1.0,1.0,1.0,5.0,1
sample_18498.docx,10,66,0.0,0.0,60,0.0,0.0,0.0,0.0,0.0,0
sample_06004.docx,9,100,1.0,1.0,94,3.0,1.0,1.0,1.0,5.0,1
sample_06469.docx,0,0,0.0,0.0,0,0.0,0.0,0.0,0.0,0.0,1
sample_03220.docx,11,66,0.0,0.0,60,0.0,0.0,0.0,0.0,0.0,0
sample_07871.docx,10,66,0.0,0.0,60,0.0,0.0,0.0,0.0,0.0,0
sample_14741.docx,9,66,1.0,1.0,60,3.0,1.0,1.0,1.0,5.0,1
sample_18735.docx,0,0,0.0,0.0,0,0.0,0.0,0.0,0.0,0.0,1
sample_02038.docx,9,100,1.0,1.0,94,3.0,1.0,1.0,1.0,5.0,1
sample_13710.docx,10,66,0.0,0.0,60,0.0,0.0,0.0,0.0,0.0,0
sample_05747.docx,10,66,0.0,0.0,60,0.0,0.0,0.0,0.0,0.0,0
sample_06918.docx,0,0,0.0,0.0,0,0.0,0.0,0.0,0.0,0.0,1
sample_15198.docx,10,66,0.0,0.0,60,0.0,0.0,0.0,0.0,0.0,0
sample_09670.docx,9,100,1.0,1.0,94,3.0,1.0,1.0,1.0,5.0,1
sample_17789.docx,10,66,0.0,0.0,60,0.0,0.0,0.0,0.0,0.0,0
sample_00818.docx,9,100,1.0,1.0,94,3.0,1.0,1.0,1.0,5.0,1
sample_00754.docx,0,0,0.0,0.0,0,0.0,0.0,0.0,0.0,0.0,1
sample_15494.docx,9,100,1.0,1.0,94,3.0,1.0,1.0,1.0,5.0,1
sample_15671.docx,10,66,0.0,0.0,60,0.0,0.0,0.0,0.0,0.0,0
sample_09890.docx,0,0,0.0,0.0,0,0.0,0.0,0.0,0.0,0.0,1
sample_16596.docx,0,0,0.0,0.0,0,0.0,0.0,0.0,0.0,0.0,1
sample_17626.docx,0,0,0.0,0.0,0,0.0,0.0,0.0,0.0,0.0,1
sample_16655.docx,0,0,0.0,0.0,0,0.0,0.0,0.0,0.0,0.0,1
sample_01967.docx,10,66,0.0,0.0,60,0.0,0.0,0.0,0.0,0.0,0
sample_04233.docx,10,66,0.0,0.0,60,0.0,0.0,0.0,0.0,0.0,0
sample_19030.docx,10,66,0.0,0.0,60,0.0,0.0,0.0,0.0,0.0,0
sample_00901.docx,9,100,1.0,1.0,94,3.0,1.0,1.0,1.0,5.0,1
sample_05203.docx,0,0,0.0,0.0,0,0.0,0.0,0.0,0.0,0.0,1
sample_13683.docx,0,0,0.0,0.0,0,0.0,0.0,0.0,0.0,0.0,1
sample_06280.docx,10,66,0.0,0.0,60,0.0,0.0,0.0,0.0,0.0,0
sample_07597.docx,0,0,0.0,0.0,0,0.0,0.0,0.0,0.0,0.0,1
sample_19969.docx,9,100,1.0,1.0,94,3.0,1.0,1.0,1.0,5.0,1
sample_01022.docx,0,0,0.0,0.0,0,0.0,0.0,0.0,0.0,0.0,1
sample_14870.docx,0,0,0.0,0.0,0,0.0,0.0,0.0,0.0,0.0,0
sample_09317.docx,0,0,0.0,0.0,0,0.0,0.0,0.0,0.0,0.0,1
sample_17313.docx,0,0,0.0,0.0,0,0.0,0.0,0.0,0.0,0.0,1
sample_02359.docx,10,66,0.0,0.0,60,0.0,0.0,0.0,0.0,0.0,0
sample_03238.docx,10,66,0.0,0.0,60,0.0,0.0,0.0,0.0,0.0,0
sample_05809.docx,9,66,1.0,1.0,60,3.0,1.0,1.0,1.0,5.0,1
sample_12971.docx,10,66,0.0,0.0,60,0.0,0.0,0.0,0.0,0.0,0
sample_02803.docx,10,66,0.0,0.0,60,0.0,0.0,0.0,0.0,0.0,0
sample_01692.docx,9,100,1.0,1.0,94,3.0,1.0,1.0,1.0,5.0,1
sample_18502.docx,0,0,0.0,0.0,0,0.0,0.0,0.0,0.0,0.0,1
sample_10366.docx,10,66,0.0,0.0,60,0.0,0.0,0.0,0.0,0.0,0
sample_18158.docx,0,0,0.0,0.0,0,0.0,0.0,0.0,0.0,0.0,1
sample_18100.docx,0,0,0.0,0.0,0,0.0,0.0,0.0,0.0,0.0,1
sample_16180.docx,0,0,0.0,0.0,0,0.0,0.0,0.0,0.0,0.0,1
sample_01295.docx,10,66,0.0,0.0,60,0.0,0.0,0.0,0.0,0.0,0
sample_09037.docx,10,66,0.0,0.0,60,0.0,0.0,0.0,0.0,0.0,0
sample_19248.docx,0,0,0.0,0.0,0,0.0,0.0,0.0,0.0,0.0,1
sample_13956.docx,10,66,0.0,0.0,60,0.0,0.0,0.0,0.0,0.0,0
sample_16335.docx,9,100,1.0,1.0,94,3.0,1.0,1.0,1.0,5.0,1
sample_09740.docx,10,66,0.0,0.0,60,0.0,0.0,0.0,0.0,0.0,0
sample_03732.docx,10,66,0.0,0.0,60,0.0,0.0,0.0,0.0,0.0,0
sample_13855.docx,10,66,0.0,0.0,60,0.0,0.0,0.0,0.0,0.0,0
sample_11099.docx,10,66,0.0,0.0,60,0.0,0.0,0.0,0.0,0.0,0
sample_15220.docx,10,66,0.0,0.0,60,0.0,0.0,0.0,0.0,0.0,0
sample_01288.docx,9,100,1.0,1.0,94,3.0,1.0,1.0,1.0,5.0,1
sample_10597.docx,9,66,0.0,0.0,60,0.0,0.0,0.0,0.0,0.0,0
sample_05793.docx,0,0,0.0,0.0,0,0.0,0.0,0.0,0.0,0.0,1
sample_02256.docx,10,66,0.0,0.0,60,0.0,0.0,0.0,0.0,0.0,0
sample_18003.docx,10,66,0.0,0.0,60,0.0,0.0,0.0,0.0,0.0,0
sample_05576.docx,10,66,0.0,0.0,60,0.0,0.0,0.0,0.0,0.0,0
sample_15007.docx,10,66,0.0,0.0,60,0.0,0.0,0.0,0.0,0.0,0
sample_17661.docx,0,0,0.0,0.0,0,0.0,0.0,0.0,0.0,0.0,1
sample_02016.docx,9,100,1.0,1.0,94,3.0,1.0,1.0,1.0,5.0,1
sample_09770.docx,0,0,0.0,0.0,0,0.0,0.0,0.0,0.0,0.0,1
sample_03425.docx,0,0,0.0,0.0,0,0.0,0.0,0.0,0.0,0.0,1
sample_10716.docx,10,66,0.0,0.0,60,0.0,0.0,0.0,0.0,0.0,0
sample_06568.docx,0,0,0.0,0.0,0,0.0,0.0,0.0,0.0,0.0,1
sample_07277.docx,0,0,0.0,0.0,0,0.0,0.0,0.0,0.0,0.0,1
sample_13879.docx,10,66,0.0,0.0,60,0.0,0.0,0.0,0.0,0.0,0
sample_07560.docx,9,66,1.0,1.0,60,3.0,1.0,1.0,1.0,5.0,1
sample_06471.docx,10,66,0.0,0.0,60,0.0,0.0,0.0,0.0,0.0,0
sample_05270.docx,9,66,1.0,1.0,60,3.0,1.0,1.0,1.0,5.0,1
sample_19366.docx,0,0,0.0,0.0,0,0.0,0.0,0.0,0.0,0.0,1
sample_01775.docx,0,0,0.0,0.0,0,0.0,0.0,0.0,0.0,0.0,1
sample_14518.docx,10,66,0.0,0.0,60,0.0,0.0,0.0,0.0,0.0,0
sample_10022.docx,10,66,0.0,0.0,60,0.0,0.0,0.0,0.0,0.0,0
sample_05748.docx,9,66,0.0,0.0,60,0.0,0.0,0.0,0.0,0.0,0
sample_14589.docx,0,0,0.0,0.0,0,0.0,0.0,0.0,0.0,0.0,1
sample_17811.docx,0,0,0.0,0.0,0,0.0,0.0,0.0,0.0,0.0,1
sample_04288.docx,10,66,0.0,0.0,60,0.0,0.0,0.0,0.0,0.0,0
sample_15033.docx,0,0,0.0,0.0,0,0.0,0.0,0.0,0.0,0.0,1
sample_08543.docx,0,0,0.0,0.0,0,0.0,0.0,0.0,0.0,0.0,1
sample_12783.docx,10,66,0.0,0.0,60,0.0,0.0,0.0,0.0,0.0,0
sample_10922.docx,0,0,0.0,0.0,0,0.0,0.0,0.0,0.0,0.0,1
sample_10460.docx,0,0,0.0,0.0,0,0.0,0.0,0.0,0.0,0.0,1
sample_06179.docx,10,66,0.0,0.0,60,0.0,0.0,0.0,0.0,0.0,0
sample_11916.docx,0,0,0.0,0.0,0,0.0,0.0,0.0,0.0,0.0,1
sample_13825.docx,0,0,0.0,0.0,0,0.0,0.0,0.0,0.0,0.0,1
sample_12352.docx,10,66,0.0,0.0,60,0.0,0.0,0.0,0.0,0.0,0
sample_13763.docx,10,66,0.0,0.0,60,0.0,0.0,0.0,0.0,0.0,0
sample_13007.docx,9,66,1.0,1.0,60,3.0,1.0,1.0,1.0,5.0,1
sample_13063.docx,10,66,0.0,0.0,60,0.0,0.0,0.0,0.0,0.0,0
sample_03495.docx,9,66,1.0,1.0,60,3.0,1.0,1.0,1.0,5.0,1
sample_13607.docx,10,66,0.0,0.0,60,0.0,0.0,0.0,0.0,0.0,0
sample_12107.docx,0,0,0.0,0.0,0,0.0,0.0,0.0,0.0,0.0,1
sample_11780.docx,0,0,0.0,0.0,0,0.0,0.0,0.0,0.0,0.0,1
sample_04259.docx,10,66,0.0,0.0,60,0.0,0.0,0.0,0.0,0.0,0
sample_14027.docx,9,66,1.0,1.0,60,3.0,1.0,1.0,1.0,5.0,1
sample_16446.docx,9,100,1.0,1.0,94,3.0,1.0,1.0,1.0,5.0,1
sample_19239.docx,10,66,0.0,0.0,60,0.0,0.0,0.0,0.0,0.0,0
sample_03926.docx,10,66,0.0,0.0,60,0.0,0.0,0.0,0.0,0.0,0
sample_09053.docx,10,66,0.0,0.0,60,0.0,0.0,0.0,0.0,0.0,0
sample_02064.docx,10,66,0.0,0.0,60,0.0,0.0,0.0,0.0,0.0,0
sample_00646.docx,10,66,0.0,0.0,60,0.0,0.0,0.0,0.0,0.0,0
sample_09071.docx,0,0,0.0,0.0,0,0.0,0.0,0.0,0.0,0.0,1
sample_08203.docx,0,0,0.0,0.0,0,0.0,0.0,0.0,0.0,0.0,1
sample_00362.docx,10,66,0.0,0.0,60,0.0,0.0,0.0,0.0,0.0,0
sample_17501.docx,0,0,0.0,0.0,0,0.0,0.0,0.0,0.0,0.0,1
sample_17000.docx,10,66,0.0,0.0,60,0.0,0.0,0.0,0.0,0.0,0
sample_08835.docx,10,66,0.0,0.0,60,0.0,0.0,0.0,0.0,0.0,0
sample_12600.docx,0,0,0.0,0.0,0,0.0,0.0,0.0,0.0,0.0,1
sample_15862.docx,0,0,0.0,0.0,0,0.0,0.0,0.0,0.0,0.0,1
sample_01668.docx,10,66,0.0,0.0,60,0.0,0.0,0.0,0.0,0.0,0
sample_05962.docx,9,100,1.0,1.0,94,3.0,1.0,1.0,1.0,5.0,1
sample_00252.docx,0,0,0.0,0.0,0,0.0,0.0,0.0,0.0,0.0,1
sample_11221.docx,10,66,0.0,0.0,60,0.0,0.0,0.0,0.0,0.0,0
sample_08095.docx,9,100,1.0,1.0,94,3.0,1.0,1.0,1.0,5.0,1
sample_09070.docx,9,100,1.0,1.0,94,3.0,1.0,1.0,1.0,5.0,1
sample_10989.docx,0,0,0.0,0.0,0,0.0,0.0,0.0,0.0,0.0,1
sample_00738.docx,9,100,1.0,1.0,94,3.0,1.0,1.0,1.0,5.0,1
sample_07387.docx,0,0,0.0,0.0,0,0.0,0.0,0.0,0.0,0.0,1
sample_08981.docx,0,0,0.0,0.0,0,0.0,0.0,0.0,0.0,0.0,1
sample_07361.docx,0,0,0.0,0.0,0,0.0,0.0,0.0,0.0,0.0,1
sample_04595.docx,10,66,0.0,0.0,60,0.0,0.0,0.0,0.0,0.0,0
sample_15641.docx,0,0,0.0,0.0,0,0.0,0.0,0.0,0.0,0.0,1
sample_14698.docx,10,66,0.0,0.0,60,0.0,0.0,0.0,0.0,0.0,0
sample_00280.docx,0,0,0.0,0.0,0,0.0,0.0,0.0,0.0,0.0,1
sample_05696.docx,9,66,1.0,1.0,60,3.0,1.0,1.0,1.0,5.0,1
sample_08593.docx,10,66,0.0,0.0,60,0.0,0.0,0.0,0.0,0.0,0
sample_16017.docx,0,0,0.0,0.0,0,0.0,0.0,0.0,0.0,0.0,1
sample_00217.docx,10,66,0.0,0.0,60,0.0,0.0,0.0,0.0,0.0,0
sample_19139.docx,10,66,0.0,0.0,60,0.0,0.0,0.0,0.0,0.0,0
sample_00310.docx,9,100,1.0,1.0,94,3.0,1.0,1.0,1.0,4.0,1
sample_18081.docx,0,0,0.0,0.0,0,0.0,0.0,0.0,0.0,0.0,1
sample_10569.docx,10,66,0.0,0.0,60,0.0,0.0,0.0,0.0,0.0,0
sample_19167.docx,0,0,0.0,0.0,0,0.0,0.0,0.0,0.0,0.0,1
sample_09741.docx,0,0,0.0,0.0,0,0.0,0.0,0.0,0.0,0.0,1
sample_01234.docx,0,0,0.0,0.0,0,0.0,0.0,0.0,0.0,0.0,1
sample_09131.docx,10,66,0.0,0.0,60,0.0,0.0,0.0,0.0,0.0,0
sample_19193.docx,9,66,1.0,1.0,60,3.0,1.0,1.0,1.0,5.0,1
sample_00305.docx,0,0,0.0,0.0,0,0.0,0.0,0.0,0.0,0.0,1
sample_12524.docx,10,66,0.0,0.0,60,0.0,0.0,0.0,0.0,0.0,0
sample_18610.docx,10,66,0.0,0.0,60,0.0,0.0,0.0,0.0,0.0,0
sample_05746.docx,10,66,0.0,0.0,60,0.0,0.0,0.0,0.0,0.0,0
sample_19116.docx,10,66,0.0,0.0,60,0.0,0.0,0.0,0.0,0.0,0
sample_12761.docx,9,100,1.0,1.0,94,3.0,1.0,1.0,1.0,5.0,1
sample_00179.docx,0,0,0.0,0.0,0,0.0,0.0,0.0,0.0,0.0,1
sample_14735.docx,10,66,0.0,0.0,60,0.0,0.0,0.0,0.0,0.0,0
sample_13397.docx,0,0,0.0,0.0,0,0.0,0.0,0.0,0.0,0.0,1
sample_02810.docx,10,66,0.0,0.0,60,0.0,0.0,0.0,0.0,0.0,0
sample_18091.docx,10,66,0.0,0.0,60,0.0,0.0,0.0,0.0,0.0,0
sample_07156.docx,0,0,0.0,0.0,0,0.0,0.0,0.0,0.0,0.0,1
sample_16748.docx,10,66,0.0,0.0,60,0.0,0.0,0.0,0.0,0.0,0
sample_03507.docx,9,66,1.0,1.0,60,3.0,1.0,1.0,1.0,5.0,1
sample_10823.docx,9,100,1.0,1.0,94,3.0,1.0,1.0,1.0,5.0,1
sample_12340.docx,9,100,0.0,0.0,94,0.0,0.0,0.0,0.0,0.0,0
sample_13416.docx,10,66,0.0,0.0,60,0.0,0.0,0.0,0.0,0.0,0
sample_06462.docx,10,66,0.0,0.0,60,0.0,0.0,0.0,0.0,0.0,0
sample_08666.docx,10,66,0.0,0.0,60,0.0,0.0,0.0,0.0,0.0,0
sample_17131.docx,10,66,0.0,0.0,60,0.0,0.0,0.0,0.0,0.0,0
sample_19264.docx,9,100,1.0,1.0,94,3.0,1.0,1.0,1.0,5.0,1
sample_02926.docx,9,100,1.0,1.0,94,3.0,1.0,1.0,1.0,5.0,1
sample_12043.docx,0,0,0.0,0.0,0,0.0,0.0,0.0,0.0,0.0,1
sample_07029.docx,0,0,0.0,0.0,0,0.0,0.0,0.0,0.0,0.0,1
sample_15620.docx,10,66,0.0,0.0,60,0.0,0.0,0.0,0.0,0.0,0
sample_10255.docx,0,0,0.0,0.0,0,0.0,0.0,0.0,0.0,0.0,1
sample_07620.docx,9,66,1.0,1.0,60,3.0,1.0,1.0,1.0,5.0,1
sample_12759.docx,10,66,0.0,0.0,60,0.0,0.0,0.0,0.0,0.0,0
sample_00574.docx,10,66,0.0,0.0,60,0.0,0.0,0.0,0.0,0.0,0
sample_14769.docx,10,66,0.0,0.0,60,0.0,0.0,0.0,0.0,0.0,0
sample_12449.docx,0,0,0.0,0.0,0,0.0,0.0,0.0,0.0,0.0,1
sample_02830.docx,10,66,0.0,0.0,60,0.0,0.0,0.0,0.0,0.0,0
sample_17690.docx,10,66,0.0,0.0,60,0.0,0.0,0.0,0.0,0.0,0
sample_04548.docx,0,0,0.0,0.0,0,0.0,0.0,0.0,0.0,0.0,1
sample_08355.docx,10,66,0.0,0.0,60,0.0,0.0,0.0,0.0,0.0,0
sample_05277.docx,10,66,0.0,0.0,60,0.0,0.0,0.0,0.0,0.0,0
sample_10804.docx,10,66,0.0,0.0,60,0.0,0.0,0.0,0.0,0.0,0
sample_03086.docx,9,66,1.0,1.0,60,3.0,1.0,1.0,1.0,5.0,1
sample_03843.docx,10,66,0.0,0.0,60,0.0,0.0,0.0,0.0,0.0,0
sample_02194.docx,10,66,0.0,0.0,60,0.0,0.0,0.0,0.0,0.0,0
sample_14444.docx,10,66,0.0,0.0,60,0.0,0.0,0.0,0.0,0.0,0
sample_05298.docx,0,0,0.0,0.0,0,0.0,0.0,0.0,0.0,0.0,1
sample_10780.docx,9,100,1.0,1.0,94,3.0,1.0,1.0,1.0,5.0,1
sample_04037.docx,9,66,1.0,1.0,60,3.0,1.0,1.0,1.0,5.0,1
sample_02148.docx,10,66,0.0,0.0,60,0.0,0.0,0.0,0.0,0.0,0
sample_04681.docx,0,0,0.0,0.0,0,0.0,0.0,0.0,0.0,0.0,1
sample_12227.docx,10,66,0.0,0.0,60,0.0,0.0,0.0,0.0,0.0,0
sample_08811.docx,10,66,0.0,0.0,60,0.0,0.0,0.0,0.0,0.0,0
sample_19475.docx,10,66,0.0,0.0,60,0.0,0.0,0.0,0.0,0.0,0
sample_08836.docx,10,66,0.0,0.0,60,0.0,0.0,0.0,0.0,0.0,0
sample_12605.docx,0,0,0.0,0.0,0,0.0,0.0,0.0,0.0,0.0,1
sample_05407.docx,0,0,0.0,0.0,0,0.0,0.0,0.0,0.0,0.0,1
sample_17127.docx,0,0,0.0,0.0,0,0.0,0.0,0.0,0.0,0.0,1
sample_10278.docx,10,66,0.0,0.0,60,0.0,0.0,0.0,0.0,0.0,0
sample_06449.docx,9,100,1.0,1.0,94,3.0,1.0,1.0,1.0,5.0,1
sample_16439.docx,0,0,0.0,0.0,0,0.0,0.0,0.0,0.0,0.0,1
sample_10469.docx,0,0,0.0,0.0,0,0.0,0.0,0.0,0.0,0.0,1
sample_00428.docx,10,66,0.0,0.0,60,0.0,0.0,0.0,0.0,0.0,0
sample_03304.docx,10,66,0.0,0.0,60,0.0,0.0,0.0,0.0,0.0,0
sample_07653.docx,10,66,0.0,0.0,60,0.0,0.0,0.0,0.0,0.0,0
sample_03018.docx,10,66,0.0,0.0,60,0.0,0.0,0.0,0.0,0.0,0
sample_12472.docx,10,66,0.0,0.0,60,0.0,0.0,0.0,0.0,0.0,0
sample_13537.docx,10,66,0.0,0.0,60,0.0,0.0,0.0,0.0,0.0,0
sample_18966.docx,0,0,0.0,0.0,0,0.0,0.0,0.0,0.0,0.0,1
sample_09168.docx,10,66,0.0,0.0,60,0.0,0.0,0.0,0.0,0.0,0
sample_13068.docx,0,0,0.0,0.0,0,0.0,0.0,0.0,0.0,0.0,1
sample_05357.docx,0,0,0.0,0.0,0,0.0,0.0,0.0,0.0,0.0,1
sample_14495.docx,10,66,0.0,0.0,60,0.0,0.0,0.0,0.0,0.0,0
sample_19895.docx,10,66,0.0,0.0,60,0.0,0.0,0.0,0.0,0.0,0
sample_04659.docx,0,0,0.0,0.0,0,0.0,0.0,0.0,0.0,0.0,1
sample_17629.docx,0,0,0.0,0.0,0,0.0,0.0,0.0,0.0,0.0,1
sample_07175.docx,0,0,0.0,0.0,0,0.0,0.0,0.0,0.0,0.0,1
sample_09369.docx,10,66,0.0,0.0,60,0.0,0.0,0.0,0.0,0.0,0
sample_16341.docx,10,66,0.0,0.0,60,0.0,0.0,0.0,0.0,0.0,0
sample_10574.docx,10,66,0.0,0.0,60,0.0,0.0,0.0,0.0,0.0,0
sample_10050.docx,9,66,1.0,1.0,60,3.0,1.0,1.0,1.0,5.0,1
sample_12219.docx,10,66,0.0,0.0,60,0.0,0.0,0.0,0.0,0.0,0
sample_19793.docx,10,66,0.0,0.0,60,0.0,0.0,0.0,0.0,0.0,0
sample_02208.docx,0,0,0.0,0.0,0,0.0,0.0,0.0,0.0,0.0,1
sample_10850.docx,0,0,0.0,0.0,0,0.0,0.0,0.0,0.0,0.0,1
sample_18612.docx,9,100,1.0,1.0,94,3.0,1.0,1.0,1.0,5.0,1
sample_08338.docx,10,66,0.0,0.0,60,0.0,0.0,0.0,0.0,0.0,0
sample_09141.docx,10,66,0.0,0.0,60,0.0,0.0,0.0,0.0,0.0,0
sample_17296.docx,0,0,0.0,0.0,0,0.0,0.0,0.0,0.0,0.0,1
sample_05166.docx,0,0,0.0,0.0,0,0.0,0.0,0.0,0.0,0.0,1
sample_15652.docx,10,66,0.0,0.0,60,0.0,0.0,0.0,0.0,0.0,0
sample_05716.docx,10,66,0.0,0.0,60,0.0,0.0,0.0,0.0,0.0,0
sample_11626.docx,10,66,0.0,0.0,60,0.0,0.0,0.0,0.0,0.0,0
sample_12205.docx,10,66,0.0,0.0,60,0.0,0.0,0.0,0.0,0.0,0
sample_07001.docx,9,66,1.0,1.0,60,3.0,1.0,1.0,1.0,5.0,1
sample_02480.docx,0,0,0.0,0.0,0,0.0,0.0,0.0,0.0,0.0,1
sample_16053.docx,10,66,0.0,0.0,60,0.0,0.0,0.0,0.0,0.0,0
sample_04101.docx,10,66,0.0,0.0,60,0.0,0.0,0.0,0.0,0.0,0
sample_17853.docx,10,66,0.0,0.0,60,0.0,0.0,0.0,0.0,0.0,0
sample_19363.docx,10,66,0.0,0.0,60,0.0,0.0,0.0,0.0,0.0,0
sample_15008.docx,9,100,1.0,1.0,94,3.0,1.0,1.0,1.0,5.0,1
sample_04252.docx,0,0,0.0,0.0,0,0.0,0.0,0.0,0.0,0.0,1
sample_19088.docx,9,100,1.0,1.0,94,3.0,1.0,1.0,1.0,5.0,1
sample_02870.docx,10,66,0.0,0.0,60,0.0,0.0,0.0,0.0,0.0,0
sample_00234.docx,10,66,0.0,0.0,60,0.0,0.0,0.0,0.0,0.0,0
sample_02030.docx,9,66,1.0,1.0,60,3.0,1.0,1.0,1.0,5.0,1
sample_13419.docx,0,0,0.0,0.0,0,0.0,0.0,0.0,0.0,0.0,1
sample_06281.docx,10,66,0.0,0.0,60,0.0,0.0,0.0,0.0,0.0,0
sample_16607.docx,9,66,1.0,1.0,60,3.0,1.0,1.0,1.0,5.0,1
sample_02152.docx,10,66,0.0,0.0,60,0.0,0.0,0.0,0.0,0.0,0
sample_16454.docx,0,0,0.0,0.0,0,0.0,0.0,0.0,0.0,0.0,1
sample_14782.docx,0,0,0.0,0.0,0,0.0,0.0,0.0,0.0,0.0,1
sample_19632.docx,10,66,0.0,0.0,60,0.0,0.0,0.0,0.0,0.0,0
sample_19762.docx,0,0,0.0,0.0,0,0.0,0.0,0.0,0.0,0.0,1
sample_12784.docx,10,66,0.0,0.0,60,0.0,0.0,0.0,0.0,0.0,0
sample_08922.docx,9,66,0.0,0.0,60,0.0,0.0,0.0,0.0,0.0,0
sample_11052.docx,9,100,1.0,1.0,94,3.0,1.0,1.0,1.0,4.0,1
sample_05237.docx,9,100,1.0,1.0,94,3.0,1.0,1.0,1.0,5.0,1
sample_15503.docx,10,66,0.0,0.0,60,0.0,0.0,0.0,0.0,0.0,0
sample_00810.docx,10,66,0.0,0.0,60,0.0,0.0,0.0,0.0,0.0,0
sample_18568.docx,0,0,0.0,0.0,0,0.0,0.0,0.0,0.0,0.0,1
sample_04808.docx,10,66,0.0,0.0,60,0.0,0.0,0.0,0.0,0.0,0
sample_05908.docx,10,66,0.0,0.0,60,0.0,0.0,0.0,0.0,0.0,0
sample_00883.docx,9,100,1.0,1.0,94,3.0,1.0,1.0,1.0,5.0,1
sample_00831.docx,11,64,0.0,0.0,58,0.0,0.0,0.0,0.0,0.0,0
sample_04368.docx,9,100,1.0,1.0,94,3.0,1.0,1.0,1.0,5.0,1
sample_08156.docx,10,66,0.0,0.0,60,0.0,0.0,0.0,0.0,0.0,0
sample_08840.docx,0,0,0.0,0.0,0,0.0,0.0,0.0,0.0,0.0,1
sample_00050.docx,10,66,0.0,0.0,60,0.0,0.0,0.0,0.0,0.0,0
sample_02880.docx,0,0,0.0,0.0,0,0.0,0.0,0.0,0.0,0.0,1
sample_11220.docx,10,66,0.0,0.0,60,0.0,0.0,0.0,0.0,0.0,0
sample_19722.docx,0,0,0.0,0.0,0,0.0,0.0,0.0,0.0,0.0,1
sample_11651.docx,0,0,0.0,0.0,0,0.0,0.0,0.0,0.0,0.0,1
sample_09537.docx,10,66,0.0,0.0,60,0.0,0.0,0.0,0.0,0.0,0
sample_10921.docx,10,66,0.0,0.0,60,0.0,0.0,0.0,0.0,0.0,0
sample_17134.docx,0,0,0.0,0.0,0,0.0,0.0,0.0,0.0,0.0,1
sample_11098.docx,9,100,1.0,1.0,94,3.0,1.0,1.0,1.0,5.0,1
sample_07270.docx,0,0,0.0,0.0,0,0.0,0.0,0.0,0.0,0.0,1
sample_05211.docx,10,66,0.0,0.0,60,0.0,0.0,0.0,0.0,0.0,0
sample_16273.docx,11,66,0.0,0.0,60,0.0,0.0,0.0,0.0,0.0,0
sample_08963.docx,10,66,0.0,0.0,60,0.0,0.0,0.0,0.0,0.0,0
sample_11396.docx,0,0,0.0,0.0,0,0.0,0.0,0.0,0.0,0.0,1
sample_18599.docx,10,66,0.0,0.0,60,0.0,0.0,0.0,0.0,0.0,0
sample_14473.docx,10,66,0.0,0.0,60,0.0,0.0,0.0,0.0,0.0,0
sample_17729.docx,0,0,0.0,0.0,0,0.0,0.0,0.0,0.0,0.0,1
sample_00879.docx,0,0,0.0,0.0,0,0.0,0.0,0.0,0.0,0.0,1
sample_03112.docx,10,66,0.0,0.0,60,0.0,0.0,0.0,0.0,0.0,0
sample_15129.docx,10,66,0.0,0.0,60,0.0,0.0,0.0,0.0,0.0,0
sample_07895.docx,10,66,0.0,0.0,60,0.0,0.0,0.0,0.0,0.0,0
sample_01498.docx,9,100,1.0,1.0,94,3.0,1.0,1.0,1.0,5.0,1
sample_09702.docx,10,66,0.0,0.0,60,0.0,0.0,0.0,0.0,0.0,0
sample_16637.docx,10,66,0.0,0.0,60,0.0,0.0,0.0,0.0,0.0,0
sample_06011.docx,10,66,0.0,0.0,60,0.0,0.0,0.0,0.0,0.0,0
sample_11798.docx,0,0,0.0,0.0,0,0.0,0.0,0.0,0.0,0.0,1
sample_18984.docx,10,66,0.0,0.0,60,0.0,0.0,0.0,0.0,0.0,0
sample_17342.docx,10,66,0.0,0.0,60,0.0,0.0,0.0,0.0,0.0,0
sample_04713.docx,10,66,0.0,0.0,60,0.0,0.0,0.0,0.0,0.0,0
sample_03759.docx,0,0,0.0,0.0,0,0.0,0.0,0.0,0.0,0.0,1
sample_04525.docx,10,66,0.0,0.0,60,0.0,0.0,0.0,0.0,0.0,0
sample_01031.docx,10,66,0.0,0.0,60,0.0,0.0,0.0,0.0,0.0,0
sample_12678.docx,9,100,1.0,1.0,94,3.0,1.0,1.0,1.0,5.0,1
sample_06569.docx,9,100,1.0,1.0,94,3.0,1.0,1.0,1.0,5.0,1
sample_03227.docx,10,66,0.0,0.0,60,0.0,0.0,0.0,0.0,0.0,0
sample_01355.docx,0,0,0.0,0.0,0,0.0,0.0,0.0,0.0,0.0,1
sample_19599.docx,9,66,1.0,1.0,60,3.0,1.0,1.0,1.0,5.0,1
sample_16630.docx,0,0,0.0,0.0,0,0.0,0.0,0.0,0.0,0.0,1
sample_14428.docx,10,66,0.0,0.0,60,0.0,0.0,0.0,0.0,0.0,0
sample_08236.docx,10,66,0.0,0.0,60,0.0,0.0,0.0,0.0,0.0,0
sample_15121.docx,9,100,1.0,1.0,94,3.0,1.0,1.0,1.0,5.0,1
sample_17549.docx,10,66,0.0,0.0,60,0.0,0.0,0.0,0.0,0.0,0
sample_13469.docx,10,66,0.0,0.0,60,0.0,0.0,0.0,0.0,0.0,0
sample_11033.docx,9,66,1.0,1.0,60,3.0,1.0,1.0,1.0,5.0,1
sample_05964.docx,10,66,0.0,0.0,60,0.0,0.0,0.0,0.0,0.0,0
sample_16802.docx,0,0,0.0,0.0,0,0.0,0.0,0.0,0.0,0.0,1
sample_08925.docx,10,66,0.0,0.0,60,0.0,0.0,0.0,0.0,0.0,0
sample_12609.docx,10,66,0.0,0.0,60,0.0,0.0,0.0,0.0,0.0,0
sample_07806.docx,11,64,0.0,0.0,58,0.0,0.0,0.0,0.0,0.0,0
sample_17884.docx,0,0,0.0,0.0,0,0.0,0.0,0.0,0.0,0.0,1
sample_17230.docx,9,66,1.0,1.0,60,3.0,1.0,1.0,1.0,5.0,1
sample_07032.docx,9,66,1.0,1.0,60,3.0,1.0,1.0,1.0,5.0,1
sample_01074.docx,9,66,0.0,0.0,60,0.0,0.0,0.0,0.0,0.0,0
sample_03803.docx,9,100,1.0,1.0,94,3.0,1.0,1.0,1.0,5.0,1
sample_06761.docx,10,66,0.0,0.0,60,0.0,0.0,0.0,0.0,0.0,0
sample_07797.docx,10,66,0.0,0.0,60,0.0,0.0,0.0,0.0,0.0,0
sample_02794.docx,9,100,1.0,1.0,94,3.0,1.0,1.0,1.0,5.0,1
sample_11496.docx,0,0,0.0,0.0,0,0.0,0.0,0.0,0.0,0.0,1
sample_10525.docx,0,0,0.0,0.0,0,0.0,0.0,0.0,0.0,0.0,1
sample_00296.docx,10,66,0.0,0.0,60,0.0,0.0,0.0,0.0,0.0,0
sample_06501.docx,10,66,0.0,0.0,60,0.0,0.0,0.0,0.0,0.0,0
sample_02345.docx,0,0,0.0,0.0,0,0.0,0.0,0.0,0.0,0.0,1
sample_07380.docx,10,66,0.0,0.0,60,0.0,0.0,0.0,0.0,0.0,0
sample_12903.docx,10,66,0.0,0.0,60,0.0,0.0,0.0,0.0,0.0,0
sample_13602.docx,11,66,0.0,0.0,60,0.0,0.0,0.0,0.0,0.0,0
sample_09578.docx,10,66,0.0,0.0,60,0.0,0.0,0.0,0.0,0.0,0
sample_13050.docx,0,0,0.0,0.0,0,0.0,0.0,0.0,0.0,0.0,1
sample_14034.docx,0,0,0.0,0.0,0,0.0,0.0,0.0,0.0,0.0,1
sample_17934.docx,10,66,0.0,0.0,60,0.0,0.0,0.0,0.0,0.0,0
sample_17108.docx,0,0,0.0,0.0,0,0.0,0.0,0.0,0.0,0.0,1
sample_07903.docx,0,0,0.0,0.0,0,0.0,0.0,0.0,0.0,0.0,1
sample_12407.docx,0,0,0.0,0.0,0,0.0,0.0,0.0,0.0,0.0,1
sample_14963.docx,10,66,0.0,0.0,60,0.0,0.0,0.0,0.0,0.0,0
sample_19873.docx,0,0,0.0,0.0,0,0.0,0.0,0.0,0.0,0.0,1
sample_01019.docx,10,66,0.0,0.0,60,0.0,0.0,0.0,0.0,0.0,0
sample_06048.docx,10,66,0.0,0.0,60,0.0,0.0,0.0,0.0,0.0,0
sample_01411.docx,0,0,0.0,0.0,0,0.0,0.0,0.0,0.0,0.0,1
sample_16521.docx,9,100,1.0,1.0,94,3.0,1.0,1.0,1.0,5.0,1
sample_11375.docx,0,0,0.0,0.0,0,0.0,0.0,0.0,0.0,0.0,1
sample_12464.docx,10,66,0.0,0.0,60,0.0,0.0,0.0,0.0,0.0,0
sample_08634.docx,9,100,1.0,1.0,94,3.0,1.0,1.0,1.0,5.0,1
sample_08018.docx,10,66,0.0,0.0,60,0.0,0.0,0.0,0.0,0.0,0
sample_14682.docx,0,0,0.0,0.0,0,0.0,0.0,0.0,0.0,0.0,1
sample_12747.docx,9,100,1.0,1.0,94,3.0,1.0,1.0,1.0,5.0,1
sample_01929.docx,10,66,0.0,0.0,60,0.0,0.0,0.0,0.0,0.0,0
sample_17003.docx,11,64,0.0,0.0,58,0.0,0.0,0.0,0.0,0.0,0
sample_16985.docx,9,100,1.0,1.0,94,3.0,1.0,1.0,1.0,5.0,1
sample_18133.docx,0,0,0.0,0.0,0,0.0,0.0,0.0,0.0,0.0,1
sample_09635.docx,9,66,0.0,0.0,60,0.0,0.0,0.0,0.0,0.0,0
sample_19046.docx,10,66,0.0,0.0,60,0.0,0.0,0.0,0.0,0.0,0
sample_07234.docx,10,66,0.0,0.0,60,0.0,0.0,0.0,0.0,0.0,0
sample_03049.docx,0,0,0.0,0.0,0,0.0,0.0,0.0,0.0,0.0,1
sample_13370.docx,9,100,1.0,1.0,94,3.0,1.0,1.0,1.0,5.0,1
sample_17727.docx,10,66,0.0,0.0,60,0.0,0.0,0.0,0.0,0.0,0
sample_10877.docx,9,66,1.0,1.0,60,3.0,1.0,1.0,1.0,5.0,1
sample_17649.docx,10,66,0.0,0.0,60,0.0,0.0,0.0,0.0,0.0,0
sample_00170.docx,10,66,0.0,0.0,60,0.0,0.0,0.0,0.0,0.0,0
sample_18651.docx,10,66,0.0,0.0,60,0.0,0.0,0.0,0.0,0.0,0
sample_03436.docx,0,0,0.0,0.0,0,0.0,0.0,0.0,0.0,0.0,1
sample_18958.docx,0,0,0.0,0.0,0,0.0,0.0,0.0,0.0,0.0,1
sample_16478.docx,0,0,0.0,0.0,0,0.0,0.0,0.0,0.0,0.0,1
sample_09378.docx,9,100,1.0,1.0,94,3.0,1.0,1.0,1.0,5.0,1
sample_00614.docx,9,100,1.0,1.0,94,3.0,1.0,1.0,1.0,5.0,1
sample_10763.docx,9,100,1.0,1.0,94,3.0,1.0,1.0,1.0,5.0,1
sample_10300.docx,0,0,0.0,0.0,0,0.0,0.0,0.0,0.0,0.0,1
sample_05494.docx,10,66,0.0,0.0,60,0.0,0.0,0.0,0.0,0.0,0
sample_12844.docx,9,66,1.0,1.0,60,3.0,1.0,1.0,1.0,5.0,1
sample_00523.docx,9,100,1.0,1.0,94,3.0,1.0,1.0,1.0,5.0,1
sample_11619.docx,10,66,0.0,0.0,60,0.0,0.0,0.0,0.0,0.0,0
sample_07244.docx,0,0,0.0,0.0,0,0.0,0.0,0.0,0.0,0.0,1
sample_03050.docx,9,100,1.0,1.0,94,3.0,1.0,1.0,1.0,5.0,1
sample_07805.docx,10,66,0.0,0.0,60,0.0,0.0,0.0,0.0,0.0,0
sample_04045.docx,0,0,0.0,0.0,0,0.0,0.0,0.0,0.0,0.0,1
sample_18075.docx,10,66,0.0,0.0,60,0.0,0.0,0.0,0.0,0.0,0
sample_00828.docx,10,66,0.0,0.0,60,0.0,0.0,0.0,0.0,0.0,0
sample_00165.docx,10,66,0.0,0.0,60,0.0,0.0,0.0,0.0,0.0,0
sample_09595.docx,10,66,0.0,0.0,60,0.0,0.0,0.0,0.0,0.0,0
sample_17060.docx,0,0,0.0,0.0,0,0.0,0.0,0.0,0.0,0.0,1
sample_02981.docx,0,0,0.0,0.0,0,0.0,0.0,0.0,0.0,0.0,1
sample_06028.docx,9,100,1.0,1.0,94,3.0,1.0,1.0,1.0,5.0,1
sample_06894.docx,10,66,0.0,0.0,60,0.0,0.0,0.0,0.0,0.0,0
sample_02633.docx,10,66,0.0,0.0,60,0.0,0.0,0.0,0.0,0.0,0
sample_03415.docx,10,66,0.0,0.0,60,0.0,0.0,0.0,0.0,0.0,0
sample_05839.docx,0,0,0.0,0.0,0,0.0,0.0,0.0,0.0,0.0,1
sample_01187.docx,0,0,0.0,0.0,0,0.0,0.0,0.0,0.0,0.0,1
sample_01673.docx,10,66,0.0,0.0,60,0.0,0.0,0.0,0.0,0.0,0
sample_01360.docx,10,66,0.0,0.0,60,0.0,0.0,0.0,0.0,0.0,0
sample_10720.docx,10,66,0.0,0.0,60,0.0,0.0,0.0,0.0,0.0,0
sample_11415.docx,9,100,1.0,1.0,94,3.0,1.0,1.0,1.0,5.0,1
sample_08480.docx,9,66,1.0,1.0,60,3.0,1.0,1.0,1.0,5.0,1
sample_00808.docx,9,66,1.0,1.0,60,3.0,1.0,1.0,1.0,5.0,1
sample_18359.docx,10,66,0.0,0.0,60,0.0,0.0,0.0,0.0,0.0,0
sample_01894.docx,0,0,0.0,0.0,0,0.0,0.0,0.0,0.0,0.0,1
sample_14906.docx,10,66,0.0,0.0,60,0.0,0.0,0.0,0.0,0.0,0
sample_04199.docx,0,0,0.0,0.0,0,0.0,0.0,0.0,0.0,0.0,1
sample_14610.docx,10,66,0.0,0.0,60,0.0,0.0,0.0,0.0,0.0,0
sample_15651.docx,0,0,0.0,0.0,0,0.0,0.0,0.0,0.0,0.0,1
sample_10005.docx,9,100,1.0,1.0,94,3.0,1.0,1.0,1.0,5.0,1
sample_19184.docx,10,66,0.0,0.0,60,0.0,0.0,0.0,0.0,0.0,0
sample_19098.docx,9,100,1.0,1.0,94,3.0,1.0,1.0,1.0,5.0,1
sample_05044.docx,9,100,1.0,1.0,94,3.0,1.0,1.0,1.0,5.0,1
sample_19711.docx,0,0,0.0,0.0,0,0.0,0.0,0.0,0.0,0.0,1
sample_06324.docx,10,66,0.0,0.0,60,0.0,0.0,0.0,0.0,0.0,0
sample_08362.docx,9,100,1.0,1.0,94,3.0,1.0,1.0,1.0,5.0,1
sample_15348.docx,10,66,0.0,0.0,60,0.0,0.0,0.0,0.0,0.0,0
sample_08735.docx,9,100,1.0,1.0,94,3.0,1.0,1.0,1.0,5.0,1
sample_19919.docx,10,66,0.0,0.0,60,0.0,0.0,0.0,0.0,0.0,0
sample_00735.docx,10,66,0.0,0.0,60,0.0,0.0,0.0,0.0,0.0,0
sample_13988.docx,0,0,0.0,0.0,0,0.0,0.0,0.0,0.0,0.0,1
sample_04206.docx,9,100,1.0,1.0,94,3.0,1.0,1.0,1.0,5.0,1
sample_11102.docx,0,0,0.0,0.0,0,0.0,0.0,0.0,0.0,0.0,1
sample_14605.docx,10,66,0.0,0.0,60,0.0,0.0,0.0,0.0,0.0,0
sample_02650.docx,0,0,0.0,0.0,0,0.0,0.0,0.0,0.0,0.0,1
sample_08627.docx,0,0,0.0,0.0,0,0.0,0.0,0.0,0.0,0.0,1
sample_06959.docx,10,66,0.0,0.0,60,0.0,0.0,0.0,0.0,0.0,0
sample_05273.docx,0,0,0.0,0.0,0,0.0,0.0,0.0,0.0,0.0,1
sample_09074.docx,10,66,0.0,0.0,60,0.0,0.0,0.0,0.0,0.0,0
sample_08585.docx,10,66,0.0,0.0,60,0.0,0.0,0.0,0.0,0.0,0
sample_09270.docx,0,0,0.0,0.0,0,0.0,0.0,0.0,0.0,0.0,1
sample_19901.docx,0,0,0.0,0.0,0,0.0,0.0,0.0,0.0,0.0,1
sample_10046.docx,0,0,0.0,0.0,0,0.0,0.0,0.0,0.0,0.0,1
sample_00215.docx,10,66,0.0,0.0,60,0.0,0.0,0.0,0.0,0.0,0
sample_00976.docx,0,0,0.0,0.0,0,0.0,0.0,0.0,0.0,0.0,1
sample_18398.docx,10,66,0.0,0.0,60,0.0,0.0,0.0,0.0,0.0,0
sample_05663.docx,9,100,1.0,1.0,94,3.0,1.0,1.0,1.0,5.0,1
sample_00372.docx,10,66,0.0,0.0,60,0.0,0.0,0.0,0.0,0.0,0
sample_07754.docx,9,100,1.0,1.0,94,3.0,1.0,1.0,1.0,5.0,1
sample_16318.docx,9,66,1.0,1.0,60,3.0,1.0,1.0,1.0,5.0,1
sample_08375.docx,10,66,0.0,0.0,60,0.0,0.0,0.0,0.0,0.0,0
sample_14346.docx,10,66,0.0,0.0,60,0.0,0.0,0.0,0.0,0.0,0
sample_19827.docx,9,100,1.0,1.0,94,3.0,1.0,1.0,1.0,5.0,1
sample_14109.docx,10,66,0.0,0.0,60,0.0,0.0,0.0,0.0,0.0,0
sample_01242.docx,10,66,0.0,0.0,60,0.0,0.0,0.0,0.0,0.0,0
sample_16458.docx,0,0,0.0,0.0,0,0.0,0.0,0.0,0.0,0.0,1
sample_00373.docx,10,66,0.0,0.0,60,0.0,0.0,0.0,0.0,0.0,0
sample_14539.docx,0,0,0.0,0.0,0,0.0,0.0,0.0,0.0,0.0,1
sample_19872.docx,0,0,0.0,0.0,0,0.0,0.0,0.0,0.0,0.0,1
sample_08685.docx,10,66,0.0,0.0,60,0.0,0.0,0.0,0.0,0.0,0
sample_11384.docx,10,66,0.0,0.0,60,0.0,0.0,0.0,0.0,0.0,0
sample_02069.docx,9,100,1.0,1.0,94,3.0,1.0,1.0,1.0,5.0,1
sample_01243.docx,0,0,0.0,0.0,0,0.0,0.0,0.0,0.0,0.0,1
sample_09328.docx,10,66,0.0,0.0,60,0.0,0.0,0.0,0.0,0.0,0
sample_00819.docx,10,66,0.0,0.0,60,0.0,0.0,0.0,0.0,0.0,0
sample_01783.docx,10,66,0.0,0.0,60,0.0,0.0,0.0,0.0,0.0,0
sample_06346.docx,10,66,0.0,0.0,60,0.0,0.0,0.0,0.0,0.0,0
sample_10808.docx,9,100,1.0,1.0,94,3.0,1.0,1.0,1.0,5.0,1
sample_15116.docx,9,100,1.0,1.0,94,3.0,1.0,1.0,1.0,5.0,1
sample_13418.docx,0,0,0.0,0.0,0,0.0,0.0,0.0,0.0,0.0,1
sample_16080.docx,10,66,0.0,0.0,60,0.0,0.0,0.0,0.0,0.0,0
sample_13129.docx,0,0,0.0,0.0,0,0.0,0.0,0.0,0.0,0.0,1
sample_19715.docx,0,0,0.0,0.0,0,0.0,0.0,0.0,0.0,0.0,1
sample_11586.docx,10,66,0.0,0.0,60,0.0,0.0,0.0,0.0,0.0,0
sample_12085.docx,10,66,0.0,0.0,60,0.0,0.0,0.0,0.0,0.0,0
sample_10955.docx,9,100,1.0,1.0,94,3.0,1.0,1.0,1.0,5.0,1
sample_14243.docx,0,0,0.0,0.0,0,0.0,0.0,0.0,0.0,0.0,1
sample_08943.docx,10,66,0.0,0.0,60,0.0,0.0,0.0,0.0,0.0,0
sample_18281.docx,10,66,0.0,0.0,60,0.0,0.0,0.0,0.0,0.0,0
sample_01292.docx,10,66,0.0,0.0,60,0.0,0.0,0.0,0.0,0.0,0
sample_06594.docx,10,66,0.0,0.0,60,0.0,0.0,0.0,0.0,0.0,0
sample_16887.docx,10,66,0.0,0.0,60,0.0,0.0,0.0,0.0,0.0,0
sample_08501.docx,10,66,0.0,0.0,60,0.0,0.0,0.0,0.0,0.0,0
sample_04967.docx,10,66,0.0,0.0,60,0.0,0.0,0.0,0.0,0.0,0
sample_01540.docx,10,66,0.0,0.0,60,0.0,0.0,0.0,0.0,0.0,0
sample_15739.docx,10,66,0.0,0.0,60,0.0,0.0,0.0,0.0,0.0,0
sample_12819.docx,10,66,0.0,0.0,60,0.0,0.0,0.0,0.0,0.0,0
sample_10817.docx,10,66,0.0,0.0,60,0.0,0.0,0.0,0.0,0.0,0
sample_02255.docx,9,66,1.0,1.0,60,3.0,1.0,1.0,1.0,5.0,1
sample_15657.docx,10,66,0.0,0.0,60,0.0,0.0,0.0,0.0,0.0,0
sample_11953.docx,0,0,0.0,0.0,0,0.0,0.0,0.0,0.0,0.0,1
sample_15283.docx,0,0,0.0,0.0,0,0.0,0.0,0.0,0.0,0.0,1
sample_11839.docx,0,0,0.0,0.0,0,0.0,0.0,0.0,0.0,0.0,1
sample_00589.docx,10,66,0.0,0.0,60,0.0,0.0,0.0,0.0,0.0,0
sample_04096.docx,0,0,0.0,0.0,0,0.0,0.0,0.0,0.0,0.0,1
sample_10125.docx,9,66,1.0,1.0,60,3.0,1.0,1.0,1.0,5.0,1
sample_05942.docx,10,66,0.0,0.0,60,0.0,0.0,0.0,0.0,0.0,0
sample_11606.docx,0,0,0.0,0.0,0,0.0,0.0,0.0,0.0,0.0,1
sample_11516.docx,0,0,0.0,0.0,0,0.0,0.0,0.0,0.0,0.0,1
sample_08025.docx,10,66,0.0,0.0,60,0.0,0.0,0.0,0.0,0.0,0
sample_01660.docx,10,66,0.0,0.0,60,0.0,0.0,0.0,0.0,0.0,0
sample_02400.docx,0,0,0.0,0.0,0,0.0,0.0,0.0,0.0,0.0,1
sample_15377.docx,10,66,0.0,0.0,60,0.0,0.0,0.0,0.0,0.0,0
sample_16812.docx,0,0,0.0,0.0,0,0.0,0.0,0.0,0.0,0.0,1
sample_02739.docx,9,100,1.0,1.0,94,3.0,1.0,1.0,1.0,5.0,1
sample_00239.docx,10,66,0.0,0.0,60,0.0,0.0,0.0,0.0,0.0,0
sample_15758.docx,0,0,0.0,0.0,0,0.0,0.0,0.0,0.0,0.0,1
sample_16199.docx,10,66,0.0,0.0,60,0.0,0.0,0.0,0.0,0.0,0
sample_11198.docx,0,0,0.0,0.0,0,0.0,0.0,0.0,0.0,0.0,1
sample_06592.docx,9,100,1.0,1.0,94,3.0,1.0,1.0,1.0,5.0,1
sample_07840.docx,0,0,0.0,0.0,0,0.0,0.0,0.0,0.0,0.0,1
sample_06335.docx,0,0,0.0,0.0,0,0.0,0.0,0.0,0.0,0.0,1
sample_05927.docx,10,66,0.0,0.0,60,0.0,0.0,0.0,0.0,0.0,0
sample_11907.docx,10,66,0.0,0.0,60,0.0,0.0,0.0,0.0,0.0,0
sample_17190.docx,10,66,0.0,0.0,60,0.0,0.0,0.0,0.0,0.0,0
sample_08951.docx,10,66,0.0,0.0,60,0.0,0.0,0.0,0.0,0.0,0
sample_01495.docx,9,66,1.0,1.0,60,3.0,1.0,1.0,1.0,5.0,1
sample_10118.docx,0,0,0.0,0.0,0,0.0,0.0,0.0,0.0,0.0,1
sample_18937.docx,10,66,0.0,0.0,60,0.0,0.0,0.0,0.0,0.0,0
sample_08707.docx,10,66,0.0,0.0,60,0.0,0.0,0.0,0.0,0.0,0
sample_00682.docx,10,66,0.0,0.0,60,0.0,0.0,0.0,0.0,0.0,0
sample_00259.docx,0,0,0.0,0.0,0,0.0,0.0,0.0,0.0,0.0,1
sample_19401.docx,10,66,0.0,0.0,60,0.0,0.0,0.0,0.0,0.0,0
sample_09247.docx,0,0,0.0,0.0,0,0.0,0.0,0.0,0.0,0.0,1
sample_18827.docx,0,0,0.0,0.0,0,0.0,0.0,0.0,0.0,0.0,1
sample_15725.docx,9,66,1.0,1.0,60,3.0,1.0,1.0,1.0,5.0,1
sample_16649.docx,10,66,0.0,0.0,60,0.0,0.0,0.0,0.0,0.0,0
sample_06256.docx,9,100,1.0,1.0,94,3.0,1.0,1.0,1.0,5.0,1
sample_15854.docx,10,66,0.0,0.0,60,0.0,0.0,0.0,0.0,0.0,0
sample_02383.docx,10,66,0.0,0.0,60,0.0,0.0,0.0,0.0,0.0,0
sample_19864.docx,0,0,0.0,0.0,0,0.0,0.0,0.0,0.0,0.0,1
sample_08714.docx,10,66,0.0,0.0,60,0.0,0.0,0.0,0.0,0.0,0
sample_11937.docx,0,0,0.0,0.0,0,0.0,0.0,0.0,0.0,0.0,1
sample_15797.docx,10,66,0.0,0.0,60,0.0,0.0,0.0,0.0,0.0,0
sample_05073.docx,10,66,0.0,0.0,60,0.0,0.0,0.0,0.0,0.0,0
sample_05650.docx,0,0,0.0,0.0,0,0.0,0.0,0.0,0.0,0.0,1
sample_18718.docx,10,66,0.0,0.0,60,0.0,0.0,0.0,0.0,0.0,0
sample_10537.docx,9,100,1.0,1.0,94,3.0,1.0,1.0,1.0,5.0,1
sample_08370.docx,10,66,0.0,0.0,60,0.0,0.0,0.0,0.0,0.0,0
sample_05328.docx,0,0,0.0,0.0,0,0.0,0.0,0.0,0.0,0.0,1
sample_11910.docx,0,0,0.0,0.0,0,0.0,0.0,0.0,0.0,0.0,1
sample_01592.docx,10,66,0.0,0.0,60,0.0,0.0,0.0,0.0,0.0,0
sample_16062.docx,9,66,0.0,0.0,60,0.0,0.0,0.0,0.0,0.0,0
sample_05774.docx,10,66,0.0,0.0,60,0.0,0.0,0.0,0.0,0.0,0
sample_04447.docx,0,0,0.0,0.0,0,0.0,0.0,0.0,0.0,0.0,1
sample_09112.docx,9,100,1.0,1.0,94,3.0,1.0,1.0,1.0,5.0,1
sample_07073.docx,10,66,0.0,0.0,60,0.0,0.0,0.0,0.0,0.0,0
sample_04616.docx,10,66,0.0,0.0,60,0.0,0.0,0.0,0.0,0.0,0
sample_12865.docx,0,0,0.0,0.0,0,0.0,0.0,0.0,0.0,0.0,1
sample_00350.docx,10,66,0.0,0.0,60,0.0,0.0,0.0,0.0,0.0,0
sample_05046.docx,0,0,0.0,0.0,0,0.0,0.0,0.0,0.0,0.0,1
sample_19008.docx,0,0,0.0,0.0,0,0.0,0.0,0.0,0.0,0.0,1
sample_16960.docx,0,0,0.0,0.0,0,0.0,0.0,0.0,0.0,0.0,1
sample_00076.docx,0,0,0.0,0.0,0,0.0,0.0,0.0,0.0,0.0,1
sample_07600.docx,0,0,0.0,0.0,0,0.0,0.0,0.0,0.0,0.0,1
sample_13525.docx,10,66,0.0,0.0,60,0.0,0.0,0.0,0.0,0.0,0
sample_07330.docx,10,66,0.0,0.0,60,0.0,0.0,0.0,0.0,0.0,0
sample_19199.docx,0,0,0.0,0.0,0,0.0,0.0,0.0,0.0,0.0,1
sample_19422.docx,10,66,0.0,0.0,60,0.0,0.0,0.0,0.0,0.0,0
sample_02291.docx,0,0,0.0,0.0,0,0.0,0.0,0.0,0.0,0.0,1
sample_08165.docx,0,0,0.0,0.0,0,0.0,0.0,0.0,0.0,0.0,1
sample_05535.docx,10,66,0.0,0.0,60,0.0,0.0,0.0,0.0,0.0,0
sample_06071.docx,10,66,0.0,0.0,60,0.0,0.0,0.0,0.0,0.0,0
sample_11605.docx,9,66,1.0,1.0,60,3.0,1.0,1.0,1.0,5.0,1
sample_00099.docx,0,0,0.0,0.0,0,0.0,0.0,0.0,0.0,0.0,1
sample_13167.docx,10,66,0.0,0.0,60,0.0,0.0,0.0,0.0,0.0,0
sample_05162.docx,0,0,0.0,0.0,0,0.0,0.0,0.0,0.0,0.0,1
sample_17887.docx,0,0,0.0,0.0,0,0.0,0.0,0.0,0.0,0.0,1
sample_05107.docx,0,0,0.0,0.0,0,0.0,0.0,0.0,0.0,0.0,1
sample_09214.docx,0,0,0.0,0.0,0,0.0,0.0,0.0,0.0,0.0,1
sample_15253.docx,10,66,0.0,0.0,60,0.0,0.0,0.0,0.0,0.0,0
sample_18280.docx,10,66,0.0,0.0,60,0.0,0.0,0.0,0.0,0.0,0
sample_05733.docx,10,66,0.0,0.0,60,0.0,0.0,0.0,0.0,0.0,0
sample_04471.docx,9,100,1.0,1.0,94,3.0,1.0,1.0,1.0,5.0,1
sample_03120.docx,9,100,1.0,1.0,94,3.0,1.0,1.0,1.0,5.0,1
sample_00788.docx,9,66,1.0,1.0,60,3.0,1.0,1.0,1.0,5.0,1
sample_13603.docx,10,66,0.0,0.0,60,0.0,0.0,0.0,0.0,0.0,0
sample_19025.docx,10,66,0.0,0.0,60,0.0,0.0,0.0,0.0,0.0,0
sample_09775.docx,10,66,0.0,0.0,60,0.0,0.0,0.0,0.0,0.0,0
sample_08796.docx,10,66,0.0,0.0,60,0.0,0.0,0.0,0.0,0.0,0
sample_12717.docx,10,66,0.0,0.0,60,0.0,0.0,0.0,0.0,0.0,0
sample_07466.docx,0,0,0.0,0.0,0,0.0,0.0,0.0,0.0,0.0,1
sample_09393.docx,10,66,0.0,0.0,60,0.0,0.0,0.0,0.0,0.0,0
sample_14009.docx,10,66,0.0,0.0,60,0.0,0.0,0.0,0.0,0.0,0
sample_03191.docx,9,100,1.0,1.0,94,3.0,1.0,1.0,1.0,5.0,1
sample_13032.docx,10,66,0.0,0.0,60,0.0,0.0,0.0,0.0,0.0,0
sample_03085.docx,9,100,1.0,1.0,94,3.0,1.0,1.0,1.0,5.0,1
sample_18525.docx,9,66,1.0,1.0,60,3.0,1.0,1.0,1.0,5.0,1
sample_02784.docx,9,100,1.0,1.0,94,3.0,1.0,1.0,1.0,5.0,1
sample_11898.docx,10,66,0.0,0.0,60,0.0,0.0,0.0,0.0,0.0,0
sample_11303.docx,10,66,0.0,0.0,60,0.0,0.0,0.0,0.0,0.0,0
sample_14771.docx,10,66,0.0,0.0,60,0.0,0.0,0.0,0.0,0.0,0
sample_03296.docx,0,0,0.0,0.0,0,0.0,0.0,0.0,0.0,0.0,1
sample_01719.docx,10,66,0.0,0.0,60,0.0,0.0,0.0,0.0,0.0,0
sample_16388.docx,10,66,0.0,0.0,60,0.0,0.0,0.0,0.0,0.0,0
sample_02970.docx,10,66,0.0,0.0,60,0.0,0.0,0.0,0.0,0.0,0
sample_06474.docx,0,0,0.0,0.0,0,0.0,0.0,0.0,0.0,0.0,1
sample_19888.docx,0,0,0.0,0.0,0,0.0,0.0,0.0,0.0,0.0,1
sample_09987.docx,10,66,0.0,0.0,60,0.0,0.0,0.0,0.0,0.0,0
sample_07132.docx,9,100,1.0,1.0,94,3.0,1.0,1.0,1.0,5.0,1
sample_01529.docx,9,100,1.0,1.0,94,3.0,1.0,1.0,1.0,5.0,1
sample_00600.docx,10,66,0.0,0.0,60,0.0,0.0,0.0,0.0,0.0,0
sample_19737.docx,10,66,0.0,0.0,60,0.0,0.0,0.0,0.0,0.0,0
sample_09310.docx,0,0,0.0,0.0,0,0.0,0.0,0.0,0.0,0.0,1
sample_02058.docx,0,0,0.0,0.0,0,0.0,0.0,0.0,0.0,0.0,1
sample_06037.docx,0,0,0.0,0.0,0,0.0,0.0,0.0,0.0,0.0,1
sample_12358.docx,9,66,1.0,1.0,60,3.0,1.0,1.0,1.0,5.0,1
sample_00312.docx,10,66,0.0,0.0,60,0.0,0.0,0.0,0.0,0.0,0
sample_09857.docx,9,66,1.0,1.0,60,3.0,1.0,1.0,1.0,5.0,1
sample_08682.docx,0,0,0.0,0.0,0,0.0,0.0,0.0,0.0,0.0,1
sample_10759.docx,10,66,0.0,0.0,60,0.0,0.0,0.0,0.0,0.0,0
sample_12136.docx,11,66,0.0,0.0,60,0.0,0.0,0.0,0.0,0.0,0
sample_17788.docx,10,66,0.0,0.0,60,0.0,0.0,0.0,0.0,0.0,0
sample_18120.docx,9,100,1.0,1.0,94,3.0,1.0,1.0,1.0,5.0,1
sample_02017.docx,9,100,1.0,1.0,94,3.0,1.0,1.0,1.0,5.0,1
sample_08949.docx,9,66,1.0,1.0,60,3.0,1.0,1.0,1.0,5.0,1
sample_12682.docx,10,66,0.0,0.0,60,0.0,0.0,0.0,0.0,0.0,0
sample_10493.docx,10,66,0.0,0.0,60,0.0,0.0,0.0,0.0,0.0,0
sample_02088.docx,0,0,0.0,0.0,0,0.0,0.0,0.0,0.0,0.0,1
sample_05054.docx,9,100,1.0,1.0,94,3.0,1.0,1.0,1.0,5.0,1
sample_14550.docx,0,0,0.0,0.0,0,0.0,0.0,0.0,0.0,0.0,1
sample_09236.docx,9,100,1.0,1.0,94,3.0,1.0,1.0,1.0,5.0,1
sample_19603.docx,0,0,0.0,0.0,0,0.0,0.0,0.0,0.0,0.0,1
sample_11583.docx,10,66,0.0,0.0,60,0.0,0.0,0.0,0.0,0.0,0
sample_15271.docx,0,0,0.0,0.0,0,0.0,0.0,0.0,0.0,0.0,1
sample_04874.docx,0,0,0.0,0.0,0,0.0,0.0,0.0,0.0,0.0,1
sample_10370.docx,10,66,0.0,0.0,60,0.0,0.0,0.0,0.0,0.0,0
sample_05649.docx,0,0,0.0,0.0,0,0.0,0.0,0.0,0.0,0.0,1
sample_17914.docx,10,66,0.0,0.0,60,0.0,0.0,0.0,0.0,0.0,0
sample_03208.docx,0,0,0.0,0.0,0,0.0,0.0,0.0,0.0,0.0,1
sample_08800.docx,10,66,0.0,0.0,60,0.0,0.0,0.0,0.0,0.0,0
sample_13244.docx,10,66,0.0,0.0,60,0.0,0.0,0.0,0.0,0.0,0
sample_14888.docx,10,66,0.0,0.0,60,0.0,0.0,0.0,0.0,0.0,0
sample_14573.docx,10,66,0.0,0.0,60,0.0,0.0,0.0,0.0,0.0,0
sample_04989.docx,10,66,0.0,0.0,60,0.0,0.0,0.0,0.0,0.0,0
sample_11997.docx,11,66,0.0,0.0,60,0.0,0.0,0.0,0.0,0.0,0
sample_01720.docx,0,0,0.0,0.0,0,0.0,0.0,0.0,0.0,0.0,1
sample_15061.docx,10,66,0.0,0.0,60,0.0,0.0,0.0,0.0,0.0,0
sample_05195.docx,9,66,1.0,1.0,60,3.0,1.0,1.0,1.0,5.0,1
sample_10382.docx,0,0,0.0,0.0,0,0.0,0.0,0.0,0.0,0.0,1
sample_08210.docx,9,66,0.0,0.0,60,0.0,0.0,0.0,0.0,0.0,0
sample_07579.docx,0,0,0.0,0.0,0,0.0,0.0,0.0,0.0,0.0,1
sample_19352.docx,9,100,1.0,1.0,94,3.0,1.0,1.0,1.0,5.0,1
sample_11788.docx,9,100,1.0,1.0,94,3.0,1.0,1.0,1.0,5.0,1
sample_18195.docx,9,100,1.0,1.0,94,3.0,1.0,1.0,1.0,5.0,1
sample_00564.docx,9,100,1.0,1.0,94,3.0,1.0,1.0,1.0,5.0,1
sample_11901.docx,10,66,0.0,0.0,60,0.0,0.0,0.0,0.0,0.0,0
sample_18622.docx,10,66,0.0,0.0,60,0.0,0.0,0.0,0.0,0.0,0
sample_10829.docx,10,66,0.0,0.0,60,0.0,0.0,0.0,0.0,0.0,0
sample_03600.docx,10,66,0.0,0.0,60,0.0,0.0,0.0,0.0,0.0,0
sample_07271.docx,0,0,0.0,0.0,0,0.0,0.0,0.0,0.0,0.0,1
sample_13974.docx,9,100,1.0,1.0,94,3.0,1.0,1.0,1.0,5.0,1
sample_17536.docx,0,0,0.0,0.0,0,0.0,0.0,0.0,0.0,0.0,1
sample_09399.docx,10,66,0.0,0.0,60,0.0,0.0,0.0,0.0,0.0,0
sample_09786.docx,0,0,0.0,0.0,0,0.0,0.0,0.0,0.0,0.0,1
sample_06364.docx,10,66,0.0,0.0,60,0.0,0.0,0.0,0.0,0.0,0
sample_17300.docx,9,100,1.0,1.0,94,3.0,1.0,1.0,1.0,5.0,1
sample_17056.docx,0,0,0.0,0.0,0,0.0,0.0,0.0,0.0,0.0,1
sample_16820.docx,10,66,0.0,0.0,60,0.0,0.0,0.0,0.0,0.0,0
sample_01060.docx,10,66,0.0,0.0,60,0.0,0.0,0.0,0.0,0.0,0
sample_01642.docx,9,100,1.0,1.0,94,3.0,1.0,1.0,1.0,5.0,1
sample_09365.docx,0,0,0.0,0.0,0,0.0,0.0,0.0,0.0,0.0,1
sample_02307.docx,9,66,1.0,1.0,60,3.0,1.0,1.0,1.0,5.0,1
sample_07109.docx,0,0,0.0,0.0,0,0.0,0.0,0.0,0.0,0.0,1
sample_03521.docx,9,100,1.0,1.0,94,3.0,1.0,1.0,1.0,5.0,1
sample_08322.docx,10,66,0.0,0.0,60,0.0,0.0,0.0,0.0,0.0,0
sample_12063.docx,10,66,0.0,0.0,60,0.0,0.0,0.0,0.0,0.0,0
sample_18441.docx,10,66,0.0,0.0,60,0.0,0.0,0.0,0.0,0.0,0
sample_17221.docx,10,66,0.0,0.0,60,0.0,0.0,0.0,0.0,0.0,0
sample_04816.docx,10,66,0.0,0.0,60,0.0,0.0,0.0,0.0,0.0,0
sample_18889.docx,0,0,0.0,0.0,0,0.0,0.0,0.0,0.0,0.0,1
sample_17029.docx,10,66,0.0,0.0,60,0.0,0.0,0.0,0.0,0.0,0
sample_04198.docx,10,66,0.0,0.0,60,0.0,0.0,0.0,0.0,0.0,0
sample_00846.docx,0,0,0.0,0.0,0,0.0,0.0,0.0,0.0,0.0,1
sample_19015.docx,0,0,0.0,0.0,0,0.0,0.0,0.0,0.0,0.0,1
sample_03105.docx,0,0,0.0,0.0,0,0.0,0.0,0.0,0.0,0.0,1
sample_04134.docx,10,66,0.0,0.0,60,0.0,0.0,0.0,0.0,0.0,0
sample_03883.docx,0,0,0.0,0.0,0,0.0,0.0,0.0,0.0,0.0,1
sample_08192.docx,10,66,0.0,0.0,60,0.0,0.0,0.0,0.0,0.0,0
sample_05487.docx,10,66,0.0,0.0,60,0.0,0.0,0.0,0.0,0.0,0
sample_08411.docx,0,0,0.0,0.0,0,0.0,0.0,0.0,0.0,0.0,1
sample_08129.docx,10,66,0.0,0.0,60,0.0,0.0,0.0,0.0,0.0,0
sample_04912.docx,10,66,0.0,0.0,60,0.0,0.0,0.0,0.0,0.0,0
sample_16799.docx,9,100,1.0,1.0,94,3.0,1.0,1.0,1.0,5.0,1
sample_17533.docx,9,66,1.0,1.0,60,3.0,1.0,1.0,1.0,5.0,1
sample_09731.docx,9,66,1.0,1.0,60,3.0,1.0,1.0,1.0,5.0,1
sample_07864.docx,10,66,0.0,0.0,60,0.0,0.0,0.0,0.0,0.0,0
sample_09089.docx,10,66,0.0,0.0,60,0.0,0.0,0.0,0.0,0.0,0
sample_08544.docx,9,100,1.0,1.0,94,3.0,1.0,1.0,1.0,5.0,1
sample_07150.docx,9,100,1.0,1.0,94,3.0,1.0,1.0,1.0,5.0,1
sample_11567.docx,10,66,0.0,0.0,60,0.0,0.0,0.0,0.0,0.0,0
sample_17818.docx,10,66,0.0,0.0,60,0.0,0.0,0.0,0.0,0.0,0
sample_00363.docx,10,66,0.0,0.0,60,0.0,0.0,0.0,0.0,0.0,0
sample_01960.docx,10,66,0.0,0.0,60,0.0,0.0,0.0,0.0,0.0,0
sample_01089.docx,10,66,0.0,0.0,60,0.0,0.0,0.0,0.0,0.0,0
sample_19166.docx,0,0,0.0,0.0,0,0.0,0.0,0.0,0.0,0.0,1
sample_16608.docx,10,66,0.0,0.0,60,0.0,0.0,0.0,0.0,0.0,0
sample_08642.docx,9,100,1.0,1.0,94,3.0,1.0,1.0,1.0,5.0,1
sample_06564.docx,0,0,0.0,0.0,0,0.0,0.0,0.0,0.0,0.0,1
sample_13690.docx,10,66,0.0,0.0,60,0.0,0.0,0.0,0.0,0.0,0
sample_17786.docx,0,0,0.0,0.0,0,0.0,0.0,0.0,0.0,0.0,1
sample_06652.docx,0,0,0.0,0.0,0,0.0,0.0,0.0,0.0,0.0,1
sample_01023.docx,10,66,0.0,0.0,60,0.0,0.0,0.0,0.0,0.0,0
sample_18429.docx,9,100,1.0,1.0,94,3.0,1.0,1.0,1.0,5.0,1
sample_03658.docx,9,66,1.0,1.0,60,3.0,1.0,1.0,1.0,5.0,1
sample_07573.docx,0,0,0.0,0.0,0,0.0,0.0,0.0,0.0,0.0,1
sample_16072.docx,10,66,0.0,0.0,60,0.0,0.0,0.0,0.0,0.0,0
sample_13255.docx,0,0,0.0,0.0,0,0.0,0.0,0.0,0.0,0.0,1
sample_03039.docx,0,0,0.0,0.0,0,0.0,0.0,0.0,0.0,0.0,1
sample_11848.docx,0,0,0.0,0.0,0,0.0,0.0,0.0,0.0,0.0,1
sample_10723.docx,0,0,0.0,0.0,0,0.0,0.0,0.0,0.0,0.0,1
sample_09389.docx,10,66,0.0,0.0,60,0.0,0.0,0.0,0.0,0.0,0
sample_06095.docx,10,66,0.0,0.0,60,0.0,0.0,0.0,0.0,0.0,0
sample_00403.docx,9,100,1.0,1.0,94,3.0,1.0,1.0,1.0,5.0,1
sample_17615.docx,0,0,0.0,0.0,0,0.0,0.0,0.0,0.0,0.0,1
sample_10788.docx,10,66,0.0,0.0,60,0.0,0.0,0.0,0.0,0.0,0
sample_04016.docx,9,100,1.0,1.0,94,3.0,1.0,1.0,1.0,5.0,1
sample_06276.docx,10,66,0.0,0.0,60,0.0,0.0,0.0,0.0,0.0,0
sample_06840.docx,0,0,0.0,0.0,0,0.0,0.0,0.0,0.0,0.0,1
sample_05844.docx,10,66,0.0,0.0,60,0.0,0.0,0.0,0.0,0.0,0
sample_15694.docx,0,0,0.0,0.0,0,0.0,0.0,0.0,0.0,0.0,1
sample_00603.docx,10,66,0.0,0.0,60,0.0,0.0,0.0,0.0,0.0,0
sample_10241.docx,10,66,0.0,0.0,60,0.0,0.0,0.0,0.0,0.0,0
sample_14171.docx,10,66,0.0,0.0,60,0.0,0.0,0.0,0.0,0.0,0
sample_10132.docx,0,0,0.0,0.0,0,0.0,0.0,0.0,0.0,0.0,1
sample_07983.docx,10,66,0.0,0.0,60,0.0,0.0,0.0,0.0,0.0,0
sample_04365.docx,10,66,0.0,0.0,60,0.0,0.0,0.0,0.0,0.0,0
sample_15895.docx,0,0,0.0,0.0,0,0.0,0.0,0.0,0.0,0.0,1
sample_02984.docx,10,66,0.0,0.0,60,0.0,0.0,0.0,0.0,0.0,0
sample_07418.docx,0,0,0.0,0.0,0,0.0,0.0,0.0,0.0,0.0,1
sample_03672.docx,9,66,1.0,1.0,60,3.0,1.0,1.0,1.0,5.0,1
sample_09175.docx,0,0,0.0,0.0,0,0.0,0.0,0.0,0.0,0.0,1
sample_09611.docx,10,66,0.0,0.0,60,0.0,0.0,0.0,0.0,0.0,0
sample_16411.docx,0,0,0.0,0.0,0,0.0,0.0,0.0,0.0,0.0,1
sample_05991.docx,10,66,0.0,0.0,60,0.0,0.0,0.0,0.0,0.0,0
sample_17540.docx,10,66,0.0,0.0,60,0.0,0.0,0.0,0.0,0.0,0
sample_18716.docx,9,100,1.0,1.0,94,3.0,1.0,1.0,1.0,5.0,1
sample_12103.docx,0,0,0.0,0.0,0,0.0,0.0,0.0,0.0,0.0,1
sample_08391.docx,0,0,0.0,0.0,0,0.0,0.0,0.0,0.0,0.0,1
sample_16325.docx,10,66,0.0,0.0,60,0.0,0.0,0.0,0.0,0.0,0
sample_13877.docx,10,66,0.0,0.0,60,0.0,0.0,0.0,0.0,0.0,0
sample_04209.docx,0,0,0.0,0.0,0,0.0,0.0,0.0,0.0,0.0,1
sample_16242.docx,9,100,1.0,1.0,94,3.0,1.0,1.0,1.0,5.0,1
sample_06641.docx,10,66,0.0,0.0,60,0.0,0.0,0.0,0.0,0.0,0
sample_19857.docx,10,66,0.0,0.0,60,0.0,0.0,0.0,0.0,0.0,0
sample_01858.docx,10,66,0.0,0.0,60,0.0,0.0,0.0,0.0,0.0,0
sample_08954.docx,0,0,0.0,0.0,0,0.0,0.0,0.0,0.0,0.0,1
sample_06344.docx,10,66,0.0,0.0,60,0.0,0.0,0.0,0.0,0.0,0
sample_01923.docx,10,66,0.0,0.0,60,0.0,0.0,0.0,0.0,0.0,0
sample_05136.docx,0,0,0.0,0.0,0,0.0,0.0,0.0,0.0,0.0,1
sample_05656.docx,0,0,0.0,0.0,0,0.0,0.0,0.0,0.0,0.0,1
sample_10863.docx,10,66,0.0,0.0,60,0.0,0.0,0.0,0.0,0.0,0
sample_10695.docx,9,100,1.0,1.0,94,3.0,1.0,1.0,1.0,5.0,1
sample_17932.docx,10,66,0.0,0.0,60,0.0,0.0,0.0,0.0,0.0,0
sample_04055.docx,0,0,0.0,0.0,0,0.0,0.0,0.0,0.0,0.0,1
sample_07343.docx,10,66,0.0,0.0,60,0.0,0.0,0.0,0.0,0.0,0
sample_11048.docx,10,66,0.0,0.0,60,0.0,0.0,0.0,0.0,0.0,0
sample_08121.docx,0,0,0.0,0.0,0,0.0,0.0,0.0,0.0,0.0,1
sample_02921.docx,0,0,0.0,0.0,0,0.0,0.0,0.0,0.0,0.0,1
sample_15132.docx,10,66,0.0,0.0,60,0.0,0.0,0.0,0.0,0.0,0
sample_07133.docx,11,66,0.0,0.0,60,0.0,0.0,0.0,0.0,0.0,0
sample_13805.docx,10,66,0.0,0.0,60,0.0,0.0,0.0,0.0,0.0,0
sample_00716.docx,9,100,1.0,1.0,94,3.0,1.0,1.0,1.0,5.0,1
sample_00147.docx,0,0,0.0,0.0,0,0.0,0.0,0.0,0.0,0.0,1
sample_03581.docx,11,64,0.0,0.0,58,0.0,0.0,0.0,0.0,0.0,0
sample_12736.docx,0,0,0.0,0.0,0,0.0,0.0,0.0,0.0,0.0,1
sample_02288.docx,10,66,0.0,0.0,60,0.0,0.0,0.0,0.0,0.0,0
sample_10807.docx,10,66,0.0,0.0,60,0.0,0.0,0.0,0.0,0.0,0
sample_18946.docx,0,0,0.0,0.0,0,0.0,0.0,0.0,0.0,0.0,1
sample_18063.docx,10,66,0.0,0.0,60,0.0,0.0,0.0,0.0,0.0,0
sample_02374.docx,0,0,0.0,0.0,0,0.0,0.0,0.0,0.0,0.0,1
sample_02646.docx,0,0,0.0,0.0,0,0.0,0.0,0.0,0.0,0.0,1
sample_17869.docx,10,66,0.0,0.0,60,0.0,0.0,0.0,0.0,0.0,0
sample_18124.docx,9,100,1.0,1.0,94,3.0,1.0,1.0,1.0,5.0,1
sample_06924.docx,10,66,0.0,0.0,60,0.0,0.0,0.0,0.0,0.0,0
sample_14630.docx,10,66,0.0,0.0,60,0.0,0.0,0.0,0.0,0.0,0
sample_12902.docx,10,66,0.0,0.0,60,0.0,0.0,0.0,0.0,0.0,0
sample_11827.docx,10,66,0.0,0.0,60,0.0,0.0,0.0,0.0,0.0,0
sample_11852.docx,0,0,0.0,0.0,0,0.0,0.0,0.0,0.0,0.0,1
sample_00989.docx,10,66,0.0,0.0,60,0.0,0.0,0.0,0.0,0.0,0
sample_06837.docx,0,0,0.0,0.0,0,0.0,0.0,0.0,0.0,0.0,1
sample_05850.docx,10,66,0.0,0.0,60,0.0,0.0,0.0,0.0,0.0,0
sample_09324.docx,9,100,1.0,1.0,94,3.0,1.0,1.0,1.0,5.0,1
sample_19177.docx,10,66,0.0,0.0,60,0.0,0.0,0.0,0.0,0.0,0
sample_06648.docx,9,66,1.0,1.0,60,3.0,1.0,1.0,1.0,5.0,1
sample_17384.docx,10,66,0.0,0.0,60,0.0,0.0,0.0,0.0,0.0,0
sample_14740.docx,10,66,0.0,0.0,60,0.0,0.0,0.0,0.0,0.0,0
sample_02579.docx,10,66,0.0,0.0,60,0.0,0.0,0.0,0.0,0.0,0
sample_10439.docx,0,0,0.0,0.0,0,0.0,0.0,0.0,0.0,0.0,1
sample_10045.docx,9,100,1.0,1.0,94,3.0,1.0,1.0,1.0,5.0,1
sample_07567.docx,10,66,0.0,0.0,60,0.0,0.0,0.0,0.0,0.0,0
sample_01844.docx,10,66,0.0,0.0,60,0.0,0.0,0.0,0.0,0.0,0
sample_04914.docx,0,0,0.0,0.0,0,0.0,0.0,0.0,0.0,0.0,1
sample_19392.docx,9,100,1.0,1.0,94,3.0,1.0,1.0,1.0,5.0,1
sample_04552.docx,10,66,0.0,0.0,60,0.0,0.0,0.0,0.0,0.0,0
sample_10686.docx,0,66,0.0,0.0,60,0.0,0.0,0.0,0.0,0.0,0
sample_02338.docx,9,100,1.0,1.0,94,3.0,1.0,1.0,1.0,5.0,1
sample_06539.docx,10,66,0.0,0.0,60,0.0,0.0,0.0,0.0,0.0,0
sample_17671.docx,0,0,0.0,0.0,0,0.0,0.0,0.0,0.0,0.0,1
sample_14323.docx,10,66,0.0,0.0,60,0.0,0.0,0.0,0.0,0.0,0
sample_13047.docx,0,0,0.0,0.0,0,0.0,0.0,0.0,0.0,0.0,1
sample_02465.docx,0,0,0.0,0.0,0,0.0,0.0,0.0,0.0,0.0,1
sample_06645.docx,0,0,0.0,0.0,0,0.0,0.0,0.0,0.0,0.0,1
sample_19990.docx,0,0,0.0,0.0,0,0.0,0.0,0.0,0.0,0.0,1
sample_09331.docx,0,0,0.0,0.0,0,0.0,0.0,0.0,0.0,0.0,1
sample_07024.docx,10,66,0.0,0.0,60,0.0,0.0,0.0,0.0,0.0,0
sample_00550.docx,0,0,0.0,0.0,0,0.0,0.0,0.0,0.0,0.0,1
sample_12334.docx,10,66,0.0,0.0,60,0.0,0.0,0.0,0.0,0.0,0
sample_06546.docx,10,66,0.0,0.0,60,0.0,0.0,0.0,0.0,0.0,0
sample_12128.docx,9,100,1.0,1.0,94,3.0,1.0,1.0,1.0,5.0,1
sample_18005.docx,10,66,0.0,0.0,60,0.0,0.0,0.0,0.0,0.0,0
sample_04502.docx,0,0,0.0,0.0,0,0.0,0.0,0.0,0.0,0.0,1
sample_15955.docx,9,100,0.0,0.0,94,0.0,0.0,0.0,0.0,0.0,0
sample_14728.docx,9,66,1.0,1.0,60,3.0,1.0,1.0,1.0,5.0,1
sample_18261.docx,10,66,0.0,0.0,60,0.0,0.0,0.0,0.0,0.0,0
sample_18981.docx,9,100,1.0,1.0,94,3.0,1.0,1.0,1.0,5.0,1
sample_12627.docx,9,66,0.0,0.0,60,0.0,0.0,0.0,0.0,0.0,0
sample_07907.docx,10,66,0.0,0.0,60,0.0,0.0,0.0,0.0,0.0,0
sample_00232.docx,10,66,0.0,0.0,60,0.0,0.0,0.0,0.0,0.0,0
sample_13433.docx,0,0,0.0,0.0,0,0.0,0.0,0.0,0.0,0.0,1
sample_14908.docx,10,66,0.0,0.0,60,0.0,0.0,0.0,0.0,0.0,0
sample_05418.docx,0,0,0.0,0.0,0,0.0,0.0,0.0,0.0,0.0,1
sample_09237.docx,0,0,0.0,0.0,0,0.0,0.0,0.0,0.0,0.0,1
sample_01838.docx,10,66,0.0,0.0,60,0.0,0.0,0.0,0.0,0.0,0
sample_09482.docx,0,0,0.0,0.0,0,0.0,0.0,0.0,0.0,0.0,1
sample_14303.docx,0,0,0.0,0.0,0,0.0,0.0,0.0,0.0,0.0,1
sample_10251.docx,10,66,0.0,0.0,60,0.0,0.0,0.0,0.0,0.0,0
sample_12841.docx,10,66,0.0,0.0,60,0.0,0.0,0.0,0.0,0.0,0
sample_07272.docx,0,0,0.0,0.0,0,0.0,0.0,0.0,0.0,0.0,1
sample_13118.docx,0,0,0.0,0.0,0,0.0,0.0,0.0,0.0,0.0,1
sample_16483.docx,9,66,1.0,1.0,60,3.0,1.0,1.0,1.0,5.0,1
sample_18329.docx,10,66,0.0,0.0,60,0.0,0.0,0.0,0.0,0.0,0
sample_15437.docx,10,66,0.0,0.0,60,0.0,0.0,0.0,0.0,0.0,0
sample_06882.docx,9,66,1.0,1.0,60,3.0,1.0,1.0,1.0,5.0,1
sample_05278.docx,9,100,1.0,1.0,94,3.0,1.0,1.0,1.0,5.0,1
sample_02503.docx,0,0,0.0,0.0,0,0.0,0.0,0.0,0.0,0.0,1
sample_17749.docx,9,100,1.0,1.0,94,3.0,1.0,1.0,1.0,5.0,1
sample_12118.docx,9,100,1.0,1.0,94,3.0,1.0,1.0,1.0,5.0,1
sample_17641.docx,10,66,0.0,0.0,60,0.0,0.0,0.0,0.0,0.0,0
sample_18976.docx,10,66,0.0,0.0,60,0.0,0.0,0.0,0.0,0.0,0
sample_08150.docx,9,66,1.0,1.0,60,3.0,1.0,1.0,1.0,5.0,1
sample_02577.docx,0,0,0.0,0.0,0,0.0,0.0,0.0,0.0,0.0,1
sample_13647.docx,10,66,0.0,0.0,60,0.0,0.0,0.0,0.0,0.0,0
sample_09789.docx,10,66,0.0,0.0,60,0.0,0.0,0.0,0.0,0.0,0
sample_04607.docx,9,100,0.0,0.0,94,0.0,0.0,0.0,0.0,0.0,0
sample_17573.docx,10,66,0.0,0.0,60,0.0,0.0,0.0,0.0,0.0,0
sample_04926.docx,0,0,0.0,0.0,0,0.0,0.0,0.0,0.0,0.0,1
sample_02239.docx,10,66,0.0,0.0,60,0.0,0.0,0.0,0.0,0.0,0
sample_18934.docx,0,0,0.0,0.0,0,0.0,0.0,0.0,0.0,0.0,0
sample_01484.docx,9,100,1.0,1.0,94,3.0,1.0,1.0,1.0,5.0,1
sample_12191.docx,0,0,0.0,0.0,0,0.0,0.0,0.0,0.0,0.0,1
sample_06905.docx,10,66,0.0,0.0,60,0.0,0.0,0.0,0.0,0.0,0
sample_19897.docx,10,66,0.0,0.0,60,0.0,0.0,0.0,0.0,0.0,0
sample_10302.docx,11,66,0.0,0.0,60,0.0,0.0,0.0,0.0,0.0,0
sample_00937.docx,0,0,0.0,0.0,0,0.0,0.0,0.0,0.0,0.0,1
sample_13203.docx,10,66,0.0,0.0,60,0.0,0.0,0.0,0.0,0.0,0
sample_04222.docx,10,66,0.0,0.0,60,0.0,0.0,0.0,0.0,0.0,0
sample_04087.docx,9,100,1.0,1.0,94,3.0,1.0,1.0,1.0,5.0,1
sample_14349.docx,9,100,1.0,1.0,94,3.0,1.0,1.0,1.0,5.0,1
sample_13637.docx,0,0,0.0,0.0,0,0.0,0.0,0.0,0.0,0.0,1
sample_02566.docx,0,0,0.0,0.0,0,0.0,0.0,0.0,0.0,0.0,1
sample_10392.docx,10,66,0.0,0.0,60,0.0,0.0,0.0,0.0,0.0,0
sample_00375.docx,10,66,0.0,0.0,60,0.0,0.0,0.0,0.0,0.0,0
sample_09334.docx,10,66,0.0,0.0,60,0.0,0.0,0.0,0.0,0.0,0
sample_05240.docx,0,0,0.0,0.0,0,0.0,0.0,0.0,0.0,0.0,1
sample_01806.docx,9,66,1.0,1.0,60,3.0,1.0,1.0,1.0,5.0,1
sample_00331.docx,10,66,0.0,0.0,60,0.0,0.0,0.0,0.0,0.0,0
sample_15459.docx,10,66,0.0,0.0,60,0.0,0.0,0.0,0.0,0.0,0
sample_00197.docx,10,66,0.0,0.0,60,0.0,0.0,0.0,0.0,0.0,0
sample_09691.docx,10,66,0.0,0.0,60,0.0,0.0,0.0,0.0,0.0,0
sample_12495.docx,9,100,1.0,1.0,94,3.0,1.0,1.0,1.0,5.0,1
sample_03642.docx,10,66,0.0,0.0,60,0.0,0.0,0.0,0.0,0.0,0
sample_06059.docx,10,66,0.0,0.0,60,0.0,0.0,0.0,0.0,0.0,0
sample_18473.docx,0,0,0.0,0.0,0,0.0,0.0,0.0,0.0,0.0,1
sample_11005.docx,10,66,0.0,0.0,60,0.0,0.0,0.0,0.0,0.0,0
sample_09029.docx,9,100,1.0,1.0,94,3.0,1.0,1.0,1.0,5.0,1
sample_01504.docx,10,66,0.0,0.0,60,0.0,0.0,0.0,0.0,0.0,0
sample_18644.docx,10,66,0.0,0.0,60,0.0,0.0,0.0,0.0,0.0,0
sample_12530.docx,10,66,0.0,0.0,60,0.0,0.0,0.0,0.0,0.0,0
sample_09190.docx,9,100,1.0,1.0,94,3.0,1.0,1.0,1.0,5.0,1
sample_08032.docx,9,100,1.0,1.0,94,3.0,1.0,1.0,1.0,5.0,1
sample_09861.docx,10,66,0.0,0.0,60,0.0,0.0,0.0,0.0,0.0,0
sample_08804.docx,0,0,0.0,0.0,0,0.0,0.0,0.0,0.0,0.0,1
sample_16906.docx,10,66,0.0,0.0,60,0.0,0.0,0.0,0.0,0.0,0
sample_00465.docx,0,0,0.0,0.0,0,0.0,0.0,0.0,0.0,0.0,1
sample_11244.docx,10,66,0.0,0.0,60,0.0,0.0,0.0,0.0,0.0,0
sample_03777.docx,0,0,0.0,0.0,0,0.0,0.0,0.0,0.0,0.0,1
sample_11951.docx,10,66,0.0,0.0,60,0.0,0.0,0.0,0.0,0.0,0
sample_12209.docx,0,0,0.0,0.0,0,0.0,0.0,0.0,0.0,0.0,1
sample_00992.docx,0,0,0.0,0.0,0,0.0,0.0,0.0,0.0,0.0,1
sample_02964.docx,0,0,0.0,0.0,0,0.0,0.0,0.0,0.0,0.0,1
sample_00996.docx,10,66,0.0,0.0,60,0.0,0.0,0.0,0.0,0.0,0
sample_15334.docx,10,66,0.0,0.0,60,0.0,0.0,0.0,0.0,0.0,0
sample_09309.docx,9,66,1.0,1.0,60,3.0,1.0,1.0,1.0,5.0,1
sample_13981.docx,9,66,1.0,1.0,60,3.0,1.0,1.0,1.0,5.0,1
sample_08701.docx,10,66,0.0,0.0,60,0.0,0.0,0.0,0.0,0.0,0
sample_19785.docx,0,0,0.0,0.0,0,0.0,0.0,0.0,0.0,0.0,1
sample_04178.docx,0,0,0.0,0.0,0,0.0,0.0,0.0,0.0,0.0,1
sample_07881.docx,10,66,0.0,0.0,60,0.0,0.0,0.0,0.0,0.0,0
sample_10516.docx,10,66,0.0,0.0,60,0.0,0.0,0.0,0.0,0.0,0
sample_06824.docx,10,66,0.0,0.0,60,0.0,0.0,0.0,0.0,0.0,0
sample_17135.docx,0,0,0.0,0.0,0,0.0,0.0,0.0,0.0,0.0,1
sample_08417.docx,10,66,0.0,0.0,60,0.0,0.0,0.0,0.0,0.0,0
sample_10335.docx,0,0,0.0,0.0,0,0.0,0.0,0.0,0.0,0.0,1
sample_13536.docx,0,0,0.0,0.0,0,0.0,0.0,0.0,0.0,0.0,1
sample_03861.docx,10,66,0.0,0.0,60,0.0,0.0,0.0,0.0,0.0,0
sample_10772.docx,10,66,0.0,0.0,60,0.0,0.0,0.0,0.0,0.0,0
sample_18135.docx,10,66,0.0,0.0,60,0.0,0.0,0.0,0.0,0.0,0
sample_00507.docx,10,66,0.0,0.0,60,0.0,0.0,0.0,0.0,0.0,0
sample_05394.docx,0,0,0.0,0.0,0,0.0,0.0,0.0,0.0,0.0,1
sample_06135.docx,0,0,0.0,0.0,0,0.0,0.0,0.0,0.0,0.0,1
sample_02232.docx,9,66,1.0,1.0,60,3.0,1.0,1.0,1.0,5.0,1
sample_05210.docx,10,66,0.0,0.0,60,0.0,0.0,0.0,0.0,0.0,0
sample_18211.docx,10,66,0.0,0.0,60,0.0,0.0,0.0,0.0,0.0,0
sample_10816.docx,0,0,0.0,0.0,0,0.0,0.0,0.0,0.0,0.0,1
sample_11134.docx,0,0,0.0,0.0,0,0.0,0.0,0.0,0.0,0.0,1
sample_01382.docx,10,66,0.0,0.0,60,0.0,0.0,0.0,0.0,0.0,0
sample_03638.docx,10,66,0.0,0.0,60,0.0,0.0,0.0,0.0,0.0,0
sample_10991.docx,9,100,1.0,1.0,94,3.0,1.0,1.0,1.0,5.0,1
sample_00272.docx,9,100,1.0,1.0,94,3.0,1.0,1.0,1.0,5.0,1
sample_12368.docx,9,66,1.0,1.0,60,3.0,1.0,1.0,1.0,5.0,1
sample_03737.docx,10,66,0.0,0.0,60,0.0,0.0,0.0,0.0,0.0,0
sample_03998.docx,10,66,0.0,0.0,60,0.0,0.0,0.0,0.0,0.0,0
sample_17396.docx,0,0,0.0,0.0,0,0.0,0.0,0.0,0.0,0.0,1
sample_17908.docx,0,0,0.0,0.0,0,0.0,0.0,0.0,0.0,0.0,1
sample_13404.docx,9,100,1.0,1.0,94,3.0,1.0,1.0,1.0,5.0,1
sample_15965.docx,9,66,0.0,0.0,60,0.0,0.0,0.0,0.0,0.0,0
sample_09308.docx,10,66,0.0,0.0,60,0.0,0.0,0.0,0.0,0.0,0
sample_10992.docx,10,66,0.0,0.0,60,0.0,0.0,0.0,0.0,0.0,0
sample_13292.docx,9,100,1.0,1.0,94,3.0,1.0,1.0,1.0,5.0,1
sample_12029.docx,9,100,1.0,1.0,94,3.0,1.0,1.0,1.0,5.0,1
sample_06196.docx,10,66,0.0,0.0,60,0.0,0.0,0.0,0.0,0.0,0
sample_18510.docx,9,66,1.0,1.0,60,3.0,1.0,1.0,1.0,5.0,1
sample_06522.docx,10,66,0.0,0.0,60,0.0,0.0,0.0,0.0,0.0,0
sample_18323.docx,0,0,0.0,0.0,0,0.0,0.0,0.0,0.0,0.0,1
sample_02049.docx,9,100,0.0,0.0,94,0.0,0.0,0.0,0.0,0.0,0
sample_16661.docx,10,66,0.0,0.0,60,0.0,0.0,0.0,0.0,0.0,0
sample_04592.docx,9,100,1.0,1.0,94,3.0,1.0,1.0,1.0,5.0,1
sample_01566.docx,10,66,0.0,0.0,60,0.0,0.0,0.0,0.0,0.0,0
sample_09081.docx,0,0,0.0,0.0,0,0.0,0.0,0.0,0.0,0.0,1
sample_10238.docx,9,66,1.0,1.0,60,3.0,1.0,1.0,1.0,5.0,1
sample_04367.docx,9,100,1.0,1.0,94,3.0,1.0,1.0,1.0,5.0,1
sample_12369.docx,10,66,0.0,0.0,60,0.0,0.0,0.0,0.0,0.0,0
sample_00768.docx,10,66,0.0,0.0,60,0.0,0.0,0.0,0.0,0.0,0
sample_07045.docx,9,100,1.0,1.0,94,3.0,1.0,1.0,1.0,5.0,1
sample_12240.docx,9,100,1.0,1.0,94,3.0,1.0,1.0,1.0,5.0,1
sample_12830.docx,10,66,0.0,0.0,60,0.0,0.0,0.0,0.0,0.0,0
sample_12733.docx,9,66,1.0,1.0,60,3.0,1.0,1.0,1.0,5.0,1
sample_15340.docx,9,100,1.0,1.0,94,3.0,1.0,1.0,1.0,5.0,1
sample_18734.docx,0,0,0.0,0.0,0,0.0,0.0,0.0,0.0,0.0,1
sample_12798.docx,10,66,0.0,0.0,60,0.0,0.0,0.0,0.0,0.0,0
sample_11333.docx,0,0,0.0,0.0,0,0.0,0.0,0.0,0.0,0.0,1
sample_00544.docx,10,66,0.0,0.0,60,0.0,0.0,0.0,0.0,0.0,0
sample_02734.docx,9,100,1.0,1.0,94,3.0,1.0,1.0,1.0,5.0,1
sample_13003.docx,10,66,0.0,0.0,60,0.0,0.0,0.0,0.0,0.0,0
sample_13317.docx,9,100,1.0,1.0,94,3.0,1.0,1.0,1.0,5.0,1
sample_04521.docx,10,66,0.0,0.0,60,0.0,0.0,0.0,0.0,0.0,0
sample_12792.docx,9,66,1.0,1.0,60,3.0,1.0,1.0,1.0,5.0,1
sample_04125.docx,10,66,0.0,0.0,60,0.0,0.0,0.0,0.0,0.0,0
sample_17283.docx,9,100,1.0,1.0,94,3.0,1.0,1.0,1.0,5.0,1
sample_00520.docx,10,66,0.0,0.0,60,0.0,0.0,0.0,0.0,0.0,0
sample_10070.docx,10,66,0.0,0.0,60,0.0,0.0,0.0,0.0,0.0,0
sample_00041.docx,0,0,0.0,0.0,0,0.0,0.0,0.0,0.0,0.0,1
sample_09054.docx,10,66,0.0,0.0,60,0.0,0.0,0.0,0.0,0.0,0
sample_06010.docx,0,0,0.0,0.0,0,0.0,0.0,0.0,0.0,0.0,1
sample_19782.docx,0,0,0.0,0.0,0,0.0,0.0,0.0,0.0,0.0,1
sample_06617.docx,0,0,0.0,0.0,0,0.0,0.0,0.0,0.0,0.0,1
sample_19960.docx,10,66,0.0,0.0,60,0.0,0.0,0.0,0.0,0.0,0
sample_15317.docx,0,0,0.0,0.0,0,0.0,0.0,0.0,0.0,0.0,1
sample_19563.docx,10,66,0.0,0.0,60,0.0,0.0,0.0,0.0,0.0,0
sample_17544.docx,10,66,0.0,0.0,60,0.0,0.0,0.0,0.0,0.0,0
sample_16869.docx,9,100,1.0,1.0,94,3.0,1.0,1.0,1.0,5.0,1
sample_02076.docx,9,66,1.0,1.0,60,3.0,1.0,1.0,1.0,5.0,1
sample_12617.docx,0,0,0.0,0.0,0,0.0,0.0,0.0,0.0,0.0,1
sample_15330.docx,0,0,0.0,0.0,0,0.0,0.0,0.0,0.0,0.0,1
sample_13090.docx,0,0,0.0,0.0,0,0.0,0.0,0.0,0.0,0.0,1
sample_04949.docx,9,100,1.0,1.0,94,3.0,1.0,1.0,1.0,5.0,1
sample_11615.docx,10,66,0.0,0.0,60,0.0,0.0,0.0,0.0,0.0,0
sample_02063.docx,10,66,0.0,0.0,60,0.0,0.0,0.0,0.0,0.0,0
sample_08472.docx,0,0,0.0,0.0,0,0.0,0.0,0.0,0.0,0.0,1
sample_08252.docx,10,66,0.0,0.0,60,0.0,0.0,0.0,0.0,0.0,0
sample_02214.docx,10,66,0.0,0.0,60,0.0,0.0,0.0,0.0,0.0,0
sample_11514.docx,0,0,0.0,0.0,0,0.0,0.0,0.0,0.0,0.0,1
sample_19012.docx,9,66,1.0,1.0,60,3.0,1.0,1.0,1.0,5.0,1
sample_04011.docx,0,0,0.0,0.0,0,0.0,0.0,0.0,0.0,0.0,1
sample_05021.docx,10,66,0.0,0.0,60,0.0,0.0,0.0,0.0,0.0,0
sample_18787.docx,0,0,0.0,0.0,0,0.0,0.0,0.0,0.0,0.0,1
sample_05508.docx,10,66,0.0,0.0,60,0.0,0.0,0.0,0.0,0.0,0
sample_12331.docx,10,66,0.0,0.0,60,0.0,0.0,0.0,0.0,0.0,0
sample_09810.docx,9,100,1.0,1.0,94,3.0,1.0,1.0,1.0,5.0,1
sample_17200.docx,0,0,0.0,0.0,0,0.0,0.0,0.0,0.0,0.0,1
sample_09565.docx,0,0,0.0,0.0,0,0.0,0.0,0.0,0.0,0.0,1
sample_08711.docx,0,0,0.0,0.0,0,0.0,0.0,0.0,0.0,0.0,1
sample_05455.docx,10,66,0.0,0.0,60,0.0,0.0,0.0,0.0,0.0,0
sample_10966.docx,10,66,0.0,0.0,60,0.0,0.0,0.0,0.0,0.0,0
sample_06583.docx,0,0,0.0,0.0,0,0.0,0.0,0.0,0.0,0.0,1
sample_13945.docx,0,0,0.0,0.0,0,0.0,0.0,0.0,0.0,0.0,1
sample_12178.docx,0,0,0.0,0.0,0,0.0,0.0,0.0,0.0,0.0,1
sample_13120.docx,0,0,0.0,0.0,0,0.0,0.0,0.0,0.0,0.0,1
sample_17960.docx,10,66,0.0,0.0,60,0.0,0.0,0.0,0.0,0.0,0
sample_09375.docx,10,66,0.0,0.0,60,0.0,0.0,0.0,0.0,0.0,0
sample_07610.docx,9,66,1.0,1.0,60,3.0,1.0,1.0,1.0,5.0,1
sample_16034.docx,0,0,0.0,0.0,0,0.0,0.0,0.0,0.0,0.0,1
sample_02743.docx,0,0,0.0,0.0,0,0.0,0.0,0.0,0.0,0.0,1
sample_06177.docx,0,0,0.0,0.0,0,0.0,0.0,0.0,0.0,0.0,1
sample_09686.docx,10,66,0.0,0.0,60,0.0,0.0,0.0,0.0,0.0,0
sample_17947.docx,0,0,0.0,0.0,0,0.0,0.0,0.0,0.0,0.0,1
sample_17292.docx,0,0,0.0,0.0,0,0.0,0.0,0.0,0.0,0.0,1
sample_18719.docx,10,66,0.0,0.0,60,0.0,0.0,0.0,0.0,0.0,0
sample_12719.docx,10,66,0.0,0.0,60,0.0,0.0,0.0,0.0,0.0,0
sample_07544.docx,10,66,0.0,0.0,60,0.0,0.0,0.0,0.0,0.0,0
sample_19854.docx,10,66,0.0,0.0,60,0.0,0.0,0.0,0.0,0.0,0
sample_01676.docx,0,0,0.0,0.0,0,0.0,0.0,0.0,0.0,0.0,1
sample_18246.docx,10,66,0.0,0.0,60,0.0,0.0,0.0,0.0,0.0,0
sample_06556.docx,10,66,0.0,0.0,60,0.0,0.0,0.0,0.0,0.0,0
sample_15727.docx,0,0,0.0,0.0,0,0.0,0.0,0.0,0.0,0.0,1
sample_05256.docx,10,66,0.0,0.0,60,0.0,0.0,0.0,0.0,0.0,0
sample_00304.docx,10,66,0.0,0.0,60,0.0,0.0,0.0,0.0,0.0,0
sample_19462.docx,0,0,0.0,0.0,0,0.0,0.0,0.0,0.0,0.0,1
sample_17832.docx,0,0,0.0,0.0,0,0.0,0.0,0.0,0.0,0.0,1
sample_13264.docx,9,66,1.0,1.0,60,3.0,1.0,1.0,1.0,5.0,1
sample_00002.docx,10,66,0.0,0.0,60,0.0,0.0,0.0,0.0,0.0,0
sample_05375.docx,10,66,0.0,0.0,60,0.0,0.0,0.0,0.0,0.0,0
sample_08111.docx,0,0,0.0,0.0,0,0.0,0.0,0.0,0.0,0.0,1
sample_18116.docx,9,100,1.0,1.0,94,3.0,1.0,1.0,1.0,5.0,1
sample_09796.docx,10,66,0.0,0.0,60,0.0,0.0,0.0,0.0,0.0,0
sample_15328.docx,0,0,0.0,0.0,0,0.0,0.0,0.0,0.0,0.0,1
sample_02772.docx,9,66,1.0,1.0,60,3.0,1.0,1.0,1.0,5.0,1
sample_10462.docx,0,0,0.0,0.0,0,0.0,0.0,0.0,0.0,0.0,1
sample_10417.docx,9,100,1.0,1.0,94,3.0,1.0,1.0,1.0,5.0,1
sample_08573.docx,10,66,0.0,0.0,60,0.0,0.0,0.0,0.0,0.0,0
sample_01300.docx,0,0,0.0,0.0,0,0.0,0.0,0.0,0.0,0.0,1
sample_10272.docx,10,66,0.0,0.0,60,0.0,0.0,0.0,0.0,0.0,0
sample_10905.docx,0,0,0.0,0.0,0,0.0,0.0,0.0,0.0,0.0,1
sample_15521.docx,0,0,0.0,0.0,0,0.0,0.0,0.0,0.0,0.0,1
sample_01912.docx,10,66,0.0,0.0,60,0.0,0.0,0.0,0.0,0.0,0
sample_10318.docx,9,100,1.0,1.0,94,3.0,1.0,1.0,1.0,5.0,1
sample_16192.docx,10,66,0.0,0.0,60,0.0,0.0,0.0,0.0,0.0,0
sample_12780.docx,0,0,0.0,0.0,0,0.0,0.0,0.0,0.0,0.0,1
sample_19256.docx,10,66,0.0,0.0,60,0.0,0.0,0.0,0.0,0.0,0
sample_10781.docx,10,66,0.0,0.0,60,0.0,0.0,0.0,0.0,0.0,0
sample_12592.docx,9,66,1.0,1.0,60,3.0,1.0,1.0,1.0,5.0,1
sample_13113.docx,9,66,1.0,1.0,60,3.0,1.0,1.0,1.0,5.0,1
sample_04289.docx,0,0,0.0,0.0,0,0.0,0.0,0.0,0.0,0.0,1
sample_12834.docx,0,0,0.0,0.0,0,0.0,0.0,0.0,0.0,0.0,1
sample_03895.docx,10,66,0.0,0.0,60,0.0,0.0,0.0,0.0,0.0,0
sample_11253.docx,0,0,0.0,0.0,0,0.0,0.0,0.0,0.0,0.0,1
sample_16836.docx,10,66,0.0,0.0,60,0.0,0.0,0.0,0.0,0.0,0
sample_19250.docx,0,66,0.0,0.0,60,0.0,0.0,0.0,0.0,0.0,0
sample_10779.docx,9,100,1.0,1.0,94,3.0,1.0,1.0,1.0,5.0,1
sample_04205.docx,9,100,1.0,1.0,94,3.0,1.0,1.0,1.0,5.0,1
sample_18511.docx,0,0,0.0,0.0,0,0.0,0.0,0.0,0.0,0.0,1
sample_04280.docx,10,66,0.0,0.0,60,0.0,0.0,0.0,0.0,0.0,0
sample_12620.docx,10,66,0.0,0.0,60,0.0,0.0,0.0,0.0,0.0,0
sample_03202.docx,10,66,0.0,0.0,60,0.0,0.0,0.0,0.0,0.0,0
sample_02904.docx,0,0,0.0,0.0,0,0.0,0.0,0.0,0.0,0.0,1
sample_07908.docx,10,66,0.0,0.0,60,0.0,0.0,0.0,0.0,0.0,0
sample_03718.docx,10,66,0.0,0.0,60,0.0,0.0,0.0,0.0,0.0,0
sample_08372.docx,0,0,0.0,0.0,0,0.0,0.0,0.0,0.0,0.0,1
sample_03204.docx,10,66,0.0,0.0,60,0.0,0.0,0.0,0.0,0.0,0
sample_08206.docx,10,66,0.0,0.0,60,0.0,0.0,0.0,0.0,0.0,0
sample_14177.docx,9,100,1.0,1.0,94,3.0,1.0,1.0,1.0,5.0,1
sample_05727.docx,0,0,0.0,0.0,0,0.0,0.0,0.0,0.0,0.0,1
sample_02308.docx,0,0,0.0,0.0,0,0.0,0.0,0.0,0.0,0.0,1
sample_01190.docx,10,66,0.0,0.0,60,0.0,0.0,0.0,0.0,0.0,0
sample_11673.docx,0,0,0.0,0.0,0,0.0,0.0,0.0,0.0,0.0,1
sample_17977.docx,0,0,0.0,0.0,0,0.0,0.0,0.0,0.0,0.0,1
sample_02332.docx,0,0,0.0,0.0,0,0.0,0.0,0.0,0.0,0.0,1
sample_02488.docx,10,66,0.0,0.0,60,0.0,0.0,0.0,0.0,0.0,0
sample_01183.docx,10,66,0.0,0.0,60,0.0,0.0,0.0,0.0,0.0,0
sample_05639.docx,10,66,0.0,0.0,60,0.0,0.0,0.0,0.0,0.0,0
sample_17516.docx,0,0,0.0,0.0,0,0.0,0.0,0.0,0.0,0.0,1
sample_18283.docx,10,66,0.0,0.0,60,0.0,0.0,0.0,0.0,0.0,0
sample_02752.docx,0,0,0.0,0.0,0,0.0,0.0,0.0,0.0,0.0,1
sample_16405.docx,0,0,0.0,0.0,0,0.0,0.0,0.0,0.0,0.0,1
sample_09289.docx,0,0,0.0,0.0,0,0.0,0.0,0.0,0.0,0.0,1
sample_08395.docx,10,66,0.0,0.0,60,0.0,0.0,0.0,0.0,0.0,0
sample_05621.docx,10,66,0.0,0.0,60,0.0,0.0,0.0,0.0,0.0,0
sample_12849.docx,10,66,0.0,0.0,60,0.0,0.0,0.0,0.0,0.0,0
sample_11702.docx,10,66,0.0,0.0,60,0.0,0.0,0.0,0.0,0.0,0
sample_06372.docx,9,100,1.0,1.0,94,3.0,1.0,1.0,1.0,5.0,1
sample_18578.docx,0,0,0.0,0.0,0,0.0,0.0,0.0,0.0,0.0,1
sample_17901.docx,0,0,0.0,0.0,0,0.0,0.0,0.0,0.0,0.0,1
sample_06635.docx,9,100,1.0,1.0,94,3.0,1.0,1.0,1.0,5.0,1
sample_03353.docx,9,100,1.0,1.0,94,3.0,1.0,1.0,1.0,5.0,1
sample_10210.docx,0,0,0.0,0.0,0,0.0,0.0,0.0,0.0,0.0,1
sample_15151.docx,9,66,1.0,1.0,60,3.0,1.0,1.0,1.0,5.0,1
sample_10965.docx,9,100,1.0,1.0,94,3.0,1.0,1.0,1.0,5.0,1
sample_11140.docx,0,0,0.0,0.0,0,0.0,0.0,0.0,0.0,0.0,1
sample_03957.docx,10,66,0.0,0.0,60,0.0,0.0,0.0,0.0,0.0,0
sample_17620.docx,10,66,0.0,0.0,60,0.0,0.0,0.0,0.0,0.0,0
sample_02015.docx,0,0,0.0,0.0,0,0.0,0.0,0.0,0.0,0.0,1
sample_13124.docx,10,66,0.0,0.0,60,0.0,0.0,0.0,0.0,0.0,0
sample_01255.docx,10,66,0.0,0.0,60,0.0,0.0,0.0,0.0,0.0,0
sample_04845.docx,10,66,0.0,0.0,60,0.0,0.0,0.0,0.0,0.0,0
sample_17754.docx,0,0,0.0,0.0,0,0.0,0.0,0.0,0.0,0.0,1
sample_03467.docx,0,0,0.0,0.0,0,0.0,0.0,0.0,0.0,0.0,1
sample_07672.docx,10,66,0.0,0.0,60,0.0,0.0,0.0,0.0,0.0,0
sample_15431.docx,9,66,1.0,1.0,60,3.0,1.0,1.0,1.0,5.0,1
sample_14577.docx,10,66,0.0,0.0,60,0.0,0.0,0.0,0.0,0.0,0
sample_08652.docx,10,66,0.0,0.0,60,0.0,0.0,0.0,0.0,0.0,0
sample_04179.docx,10,66,0.0,0.0,60,0.0,0.0,0.0,0.0,0.0,0
sample_14915.docx,10,66,0.0,0.0,60,0.0,0.0,0.0,0.0,0.0,0
sample_16277.docx,10,66,0.0,0.0,60,0.0,0.0,0.0,0.0,0.0,0
sample_09607.docx,9,66,1.0,1.0,60,3.0,1.0,1.0,1.0,5.0,1
sample_02434.docx,10,66,0.0,0.0,60,0.0,0.0,0.0,0.0,0.0,0
sample_09184.docx,10,66,0.0,0.0,60,0.0,0.0,0.0,0.0,0.0,0
sample_03088.docx,0,0,0.0,0.0,0,0.0,0.0,0.0,0.0,0.0,1
sample_04840.docx,0,0,0.0,0.0,0,0.0,0.0,0.0,0.0,0.0,1
sample_01909.docx,10,66,0.0,0.0,60,0.0,0.0,0.0,0.0,0.0,0
sample_15990.docx,0,0,0.0,0.0,0,0.0,0.0,0.0,0.0,0.0,1
sample_08704.docx,10,66,0.0,0.0,60,0.0,0.0,0.0,0.0,0.0,0
sample_19700.docx,10,66,0.0,0.0,60,0.0,0.0,0.0,0.0,0.0,0
sample_19735.docx,11,64,0.0,0.0,58,0.0,0.0,0.0,0.0,0.0,0
sample_11540.docx,0,0,0.0,0.0,0,0.0,0.0,0.0,0.0,0.0,1
sample_08727.docx,0,0,0.0,0.0,0,0.0,0.0,0.0,0.0,0.0,1
sample_09566.docx,10,66,0.0,0.0,60,0.0,0.0,0.0,0.0,0.0,0
sample_04419.docx,0,0,0.0,0.0,0,0.0,0.0,0.0,0.0,0.0,1
sample_10786.docx,10,66,0.0,0.0,60,0.0,0.0,0.0,0.0,0.0,0
sample_15991.docx,0,0,0.0,0.0,0,0.0,0.0,0.0,0.0,0.0,1
sample_11525.docx,9,100,1.0,1.0,94,3.0,1.0,1.0,1.0,5.0,1
sample_16209.docx,9,100,1.0,1.0,94,3.0,1.0,1.0,1.0,5.0,1
sample_19385.docx,0,0,0.0,0.0,0,0.0,0.0,0.0,0.0,0.0,1
sample_09359.docx,9,66,1.0,1.0,60,3.0,1.0,1.0,1.0,5.0,1
sample_01168.docx,10,66,0.0,0.0,60,0.0,0.0,0.0,0.0,0.0,0
sample_00748.docx,10,66,0.0,0.0,60,0.0,0.0,0.0,0.0,0.0,0
sample_14156.docx,10,66,0.0,0.0,60,0.0,0.0,0.0,0.0,0.0,0
sample_04132.docx,0,0,0.0,0.0,0,0.0,0.0,0.0,0.0,0.0,1
sample_00083.docx,0,0,0.0,0.0,0,0.0,0.0,0.0,0.0,0.0,1
sample_19775.docx,9,100,1.0,1.0,94,3.0,1.0,1.0,1.0,5.0,1
sample_02967.docx,10,66,0.0,0.0,60,0.0,0.0,0.0,0.0,0.0,0
sample_00922.docx,10,66,0.0,0.0,60,0.0,0.0,0.0,0.0,0.0,0
sample_19054.docx,0,0,0.0,0.0,0,0.0,0.0,0.0,0.0,0.0,1
sample_00368.docx,9,100,1.0,1.0,94,3.0,1.0,1.0,1.0,5.0,1
sample_13079.docx,0,0,0.0,0.0,0,0.0,0.0,0.0,0.0,0.0,1
sample_05565.docx,10,66,0.0,0.0,60,0.0,0.0,0.0,0.0,0.0,0
sample_02147.docx,10,66,0.0,0.0,60,0.0,0.0,0.0,0.0,0.0,0
sample_19235.docx,9,100,0.0,0.0,94,0.0,0.0,0.0,0.0,0.0,0
sample_10801.docx,0,0,0.0,0.0,0,0.0,0.0,0.0,0.0,0.0,1
sample_11826.docx,0,0,0.0,0.0,0,0.0,0.0,0.0,0.0,0.0,1
sample_00379.docx,10,66,0.0,0.0,60,0.0,0.0,0.0,0.0,0.0,0
sample_12133.docx,9,100,1.0,1.0,94,3.0,1.0,1.0,1.0,5.0,1
sample_07118.docx,0,0,0.0,0.0,0,0.0,0.0,0.0,0.0,0.0,1
sample_00916.docx,0,0,0.0,0.0,0,0.0,0.0,0.0,0.0,0.0,1
sample_10214.docx,9,100,1.0,1.0,94,3.0,1.0,1.0,1.0,5.0,1
sample_02999.docx,9,66,1.0,1.0,60,3.0,1.0,1.0,1.0,5.0,1
sample_18119.docx,10,66,0.0,0.0,60,0.0,0.0,0.0,0.0,0.0,0
sample_02930.docx,0,0,0.0,0.0,0,0.0,0.0,0.0,0.0,0.0,1
sample_07101.docx,10,66,0.0,0.0,60,0.0,0.0,0.0,0.0,0.0,0
sample_01917.docx,10,66,0.0,0.0,60,0.0,0.0,0.0,0.0,0.0,0
sample_11509.docx,0,0,0.0,0.0,0,0.0,0.0,0.0,0.0,0.0,1
sample_12689.docx,10,66,0.0,0.0,60,0.0,0.0,0.0,0.0,0.0,0
sample_11472.docx,10,66,0.0,0.0,60,0.0,0.0,0.0,0.0,0.0,0
sample_15761.docx,10,66,0.0,0.0,60,0.0,0.0,0.0,0.0,0.0,0
sample_00231.docx,9,66,1.0,1.0,60,3.0,1.0,1.0,1.0,5.0,1
sample_17383.docx,0,0,0.0,0.0,0,0.0,0.0,0.0,0.0,0.0,1
sample_02677.docx,0,0,0.0,0.0,0,0.0,0.0,0.0,0.0,0.0,1
sample_19027.docx,9,66,1.0,1.0,60,3.0,1.0,1.0,1.0,5.0,1
sample_07522.docx,10,66,0.0,0.0,60,0.0,0.0,0.0,0.0,0.0,0
sample_08794.docx,10,66,0.0,0.0,60,0.0,0.0,0.0,0.0,0.0,0
sample_16436.docx,10,66,0.0,0.0,60,0.0,0.0,0.0,0.0,0.0,0
sample_07750.docx,10,66,0.0,0.0,60,0.0,0.0,0.0,0.0,0.0,0
sample_13480.docx,10,66,0.0,0.0,60,0.0,0.0,0.0,0.0,0.0,0
sample_12463.docx,0,0,0.0,0.0,0,0.0,0.0,0.0,0.0,0.0,1
sample_16065.docx,0,0,0.0,0.0,0,0.0,0.0,0.0,0.0,0.0,1
sample_04858.docx,9,66,1.0,1.0,60,3.0,1.0,1.0,1.0,5.0,1
sample_16456.docx,0,0,0.0,0.0,0,0.0,0.0,0.0,0.0,0.0,1
sample_14280.docx,10,66,0.0,0.0,60,0.0,0.0,0.0,0.0,0.0,0
sample_10886.docx,10,66,0.0,0.0,60,0.0,0.0,0.0,0.0,0.0,0
sample_04302.docx,11,64,0.0,0.0,58,0.0,0.0,0.0,0.0,0.0,0
sample_19285.docx,0,0,0.0,0.0,0,0.0,0.0,0.0,0.0,0.0,1
sample_11591.docx,0,0,0.0,0.0,0,0.0,0.0,0.0,0.0,0.0,1
sample_05324.docx,10,66,0.0,0.0,60,0.0,0.0,0.0,0.0,0.0,0
sample_07761.docx,10,66,0.0,0.0,60,0.0,0.0,0.0,0.0,0.0,0
sample_06333.docx,10,66,0.0,0.0,60,0.0,0.0,0.0,0.0,0.0,0
sample_02753.docx,10,66,0.0,0.0,60,0.0,0.0,0.0,0.0,0.0,0
sample_13881.docx,0,0,0.0,0.0,0,0.0,0.0,0.0,0.0,0.0,1
sample_08110.docx,9,66,1.0,1.0,60,3.0,1.0,1.0,1.0,5.0,1
sample_10629.docx,10,66,0.0,0.0,60,0.0,0.0,0.0,0.0,0.0,0
sample_11269.docx,10,66,0.0,0.0,60,0.0,0.0,0.0,0.0,0.0,0
sample_06142.docx,0,0,0.0,0.0,0,0.0,0.0,0.0,0.0,0.0,1
sample_13114.docx,10,66,0.0,0.0,60,0.0,0.0,0.0,0.0,0.0,0
sample_03959.docx,0,0,0.0,0.0,0,0.0,0.0,0.0,0.0,0.0,1
sample_18364.docx,10,66,0.0,0.0,60,0.0,0.0,0.0,0.0,0.0,0
sample_07180.docx,0,0,0.0,0.0,0,0.0,0.0,0.0,0.0,0.0,1
sample_06169.docx,11,64,0.0,0.0,58,0.0,0.0,0.0,0.0,0.0,0
sample_19419.docx,10,66,0.0,0.0,60,0.0,0.0,0.0,0.0,0.0,0
sample_13788.docx,0,0,0.0,0.0,0,0.0,0.0,0.0,0.0,0.0,1
sample_13153.docx,9,100,1.0,1.0,94,3.0,1.0,1.0,1.0,5.0,1
sample_14649.docx,0,0,0.0,0.0,0,0.0,0.0,0.0,0.0,0.0,1
sample_02627.docx,10,66,0.0,0.0,60,0.0,0.0,0.0,0.0,0.0,0
sample_06420.docx,0,0,0.0,0.0,0,0.0,0.0,0.0,0.0,0.0,1
sample_06517.docx,9,66,1.0,1.0,60,3.0,1.0,1.0,1.0,5.0,1
sample_04175.docx,10,66,0.0,0.0,60,0.0,0.0,0.0,0.0,0.0,0
sample_15381.docx,10,66,0.0,0.0,60,0.0,0.0,0.0,0.0,0.0,0
sample_09230.docx,9,100,1.0,1.0,94,3.0,1.0,1.0,1.0,5.0,1
sample_10513.docx,9,100,1.0,1.0,94,3.0,1.0,1.0,1.0,5.0,1
sample_11580.docx,10,66,0.0,0.0,60,0.0,0.0,0.0,0.0,0.0,0
sample_09936.docx,0,0,0.0,0.0,0,0.0,0.0,0.0,0.0,0.0,1
sample_16511.docx,10,66,0.0,0.0,60,0.0,0.0,0.0,0.0,0.0,0
sample_15683.docx,0,0,0.0,0.0,0,0.0,0.0,0.0,0.0,0.0,1
sample_11422.docx,10,66,0.0,0.0,60,0.0,0.0,0.0,0.0,0.0,0
sample_09240.docx,10,66,0.0,0.0,60,0.0,0.0,0.0,0.0,0.0,0
sample_07406.docx,10,66,0.0,0.0,60,0.0,0.0,0.0,0.0,0.0,0
sample_16372.docx,0,0,0.0,0.0,0,0.0,0.0,0.0,0.0,0.0,1
sample_16551.docx,10,66,0.0,0.0,60,0.0,0.0,0.0,0.0,0.0,0
sample_08357.docx,0,0,0.0,0.0,0,0.0,0.0,0.0,0.0,0.0,1
sample_04145.docx,9,100,1.0,1.0,94,3.0,1.0,1.0,1.0,5.0,1
sample_01756.docx,10,66,0.0,0.0,60,0.0,0.0,0.0,0.0,0.0,0
sample_17482.docx,0,0,0.0,0.0,0,0.0,0.0,0.0,0.0,0.0,1
sample_07435.docx,9,66,1.0,1.0,60,3.0,1.0,1.0,1.0,5.0,1
sample_02066.docx,0,0,0.0,0.0,0,0.0,0.0,0.0,0.0,0.0,1
sample_07214.docx,0,0,0.0,0.0,0,0.0,0.0,0.0,0.0,0.0,1
sample_00947.docx,10,66,0.0,0.0,60,0.0,0.0,0.0,0.0,0.0,0
sample_01185.docx,10,66,0.0,0.0,60,0.0,0.0,0.0,0.0,0.0,0
sample_12604.docx,10,66,0.0,0.0,60,0.0,0.0,0.0,0.0,0.0,0
sample_16278.docx,10,66,0.0,0.0,60,0.0,0.0,0.0,0.0,0.0,0
sample_15375.docx,0,0,0.0,0.0,0,0.0,0.0,0.0,0.0,0.0,1
sample_04832.docx,9,100,1.0,1.0,94,3.0,1.0,1.0,1.0,5.0,1
sample_10055.docx,10,66,0.0,0.0,60,0.0,0.0,0.0,0.0,0.0,0
sample_13157.docx,10,66,0.0,0.0,60,0.0,0.0,0.0,0.0,0.0,0
sample_07936.docx,10,66,0.0,0.0,60,0.0,0.0,0.0,0.0,0.0,0
sample_09329.docx,9,100,1.0,1.0,94,3.0,1.0,1.0,1.0,5.0,1
sample_05009.docx,9,100,1.0,1.0,94,3.0,1.0,1.0,1.0,5.0,1
sample_15219.docx,10,66,0.0,0.0,60,0.0,0.0,0.0,0.0,0.0,0
sample_05460.docx,0,0,0.0,0.0,0,0.0,0.0,0.0,0.0,0.0,1
sample_18989.docx,10,66,0.0,0.0,60,0.0,0.0,0.0,0.0,0.0,0
sample_14526.docx,10,66,0.0,0.0,60,0.0,0.0,0.0,0.0,0.0,0
sample_09487.docx,9,100,1.0,1.0,94,3.0,1.0,1.0,1.0,5.0,1
sample_05433.docx,9,66,1.0,1.0,60,3.0,1.0,1.0,1.0,5.0,1
sample_17086.docx,10,66,0.0,0.0,60,0.0,0.0,0.0,0.0,0.0,0
sample_14793.docx,0,0,0.0,0.0,0,0.0,0.0,0.0,0.0,0.0,1
sample_17708.docx,10,66,0.0,0.0,60,0.0,0.0,0.0,0.0,0.0,0
sample_11216.docx,0,0,0.0,0.0,0,0.0,0.0,0.0,0.0,0.0,1
sample_14693.docx,0,0,0.0,0.0,0,0.0,0.0,0.0,0.0,0.0,1
sample_08133.docx,10,66,0.0,0.0,60,0.0,0.0,0.0,0.0,0.0,0
sample_04674.docx,0,0,0.0,0.0,0,0.0,0.0,0.0,0.0,0.0,1
sample_07847.docx,0,0,0.0,0.0,0,0.0,0.0,0.0,0.0,0.0,1
sample_15626.docx,10,66,0.0,0.0,60,0.0,0.0,0.0,0.0,0.0,0
sample_05790.docx,0,0,0.0,0.0,0,0.0,0.0,0.0,0.0,0.0,1
sample_03815.docx,10,66,0.0,0.0,60,0.0,0.0,0.0,0.0,0.0,0
sample_08015.docx,10,66,0.0,0.0,60,0.0,0.0,0.0,0.0,0.0,0
sample_13306.docx,10,66,0.0,0.0,60,0.0,0.0,0.0,0.0,0.0,0
sample_02044.docx,0,0,0.0,0.0,0,0.0,0.0,0.0,0.0,0.0,1
sample_08764.docx,10,66,0.0,0.0,60,0.0,0.0,0.0,0.0,0.0,0
sample_14977.docx,9,100,0.0,0.0,94,0.0,0.0,0.0,0.0,0.0,0
sample_19496.docx,10,66,0.0,0.0,60,0.0,0.0,0.0,0.0,0.0,0
sample_12431.docx,9,100,1.0,1.0,94,3.0,1.0,1.0,1.0,5.0,1
sample_15392.docx,10,66,0.0,0.0,60,0.0,0.0,0.0,0.0,0.0,0
sample_05548.docx,0,0,0.0,0.0,0,0.0,0.0,0.0,0.0,0.0,1
sample_15516.docx,10,66,0.0,0.0,60,0.0,0.0,0.0,0.0,0.0,0
sample_18639.docx,10,66,0.0,0.0,60,0.0,0.0,0.0,0.0,0.0,0
sample_07395.docx,0,0,0.0,0.0,0,0.0,0.0,0.0,0.0,0.0,1
sample_15035.docx,10,66,0.0,0.0,60,0.0,0.0,0.0,0.0,0.0,0
sample_08738.docx,0,0,0.0,0.0,0,0.0,0.0,0.0,0.0,0.0,1
sample_18808.docx,0,0,0.0,0.0,0,0.0,0.0,0.0,0.0,0.0,1
sample_05788.docx,0,0,0.0,0.0,0,0.0,0.0,0.0,0.0,0.0,1
sample_14846.docx,9,66,1.0,1.0,60,3.0,1.0,1.0,1.0,5.0,1
sample_09706.docx,0,0,0.0,0.0,0,0.0,0.0,0.0,0.0,0.0,1
sample_04080.docx,10,66,0.0,0.0,60,0.0,0.0,0.0,0.0,0.0,0
sample_14820.docx,10,66,0.0,0.0,60,0.0,0.0,0.0,0.0,0.0,0
sample_19587.docx,10,66,0.0,0.0,60,0.0,0.0,0.0,0.0,0.0,0
sample_08502.docx,0,0,0.0,0.0,0,0.0,0.0,0.0,0.0,0.0,1
sample_17803.docx,0,0,0.0,0.0,0,0.0,0.0,0.0,0.0,0.0,1
sample_02676.docx,9,100,1.0,1.0,94,3.0,1.0,1.0,1.0,5.0,1
sample_08272.docx,0,0,0.0,0.0,0,0.0,0.0,0.0,0.0,0.0,1
sample_00525.docx,0,0,0.0,0.0,0,0.0,0.0,0.0,0.0,0.0,1
sample_19522.docx,10,66,0.0,0.0,60,0.0,0.0,0.0,0.0,0.0,0
sample_18401.docx,0,0,0.0,0.0,0,0.0,0.0,0.0,0.0,0.0,1
sample_12499.docx,9,66,1.0,1.0,60,3.0,1.0,1.0,1.0,5.0,1
sample_02310.docx,10,66,0.0,0.0,60,0.0,0.0,0.0,0.0,0.0,0
sample_12900.docx,10,66,0.0,0.0,60,0.0,0.0,0.0,0.0,0.0,0
sample_13519.docx,0,0,0.0,0.0,0,0.0,0.0,0.0,0.0,0.0,1
sample_00827.docx,0,0,0.0,0.0,0,0.0,0.0,0.0,0.0,0.0,1
sample_16916.docx,0,0,0.0,0.0,0,0.0,0.0,0.0,0.0,0.0,1
sample_17675.docx,10,66,0.0,0.0,60,0.0,0.0,0.0,0.0,0.0,0
sample_08533.docx,10,66,0.0,0.0,60,0.0,0.0,0.0,0.0,0.0,0
sample_00990.docx,0,0,0.0,0.0,0,0.0,0.0,0.0,0.0,0.0,1
sample_15550.docx,10,66,0.0,0.0,60,0.0,0.0,0.0,0.0,0.0,0
sample_04879.docx,9,66,1.0,1.0,60,3.0,1.0,1.0,1.0,5.0,1
sample_07327.docx,10,66,0.0,0.0,60,0.0,0.0,0.0,0.0,0.0,0
sample_17942.docx,0,0,0.0,0.0,0,0.0,0.0,0.0,0.0,0.0,1
sample_16350.docx,9,66,1.0,1.0,60,3.0,1.0,1.0,1.0,5.0,1
sample_03618.docx,10,66,0.0,0.0,60,0.0,0.0,0.0,0.0,0.0,0
sample_02055.docx,10,66,0.0,0.0,60,0.0,0.0,0.0,0.0,0.0,0
sample_18425.docx,0,0,0.0,0.0,0,0.0,0.0,0.0,0.0,0.0,1
sample_06707.docx,10,66,0.0,0.0,60,0.0,0.0,0.0,0.0,0.0,0
sample_02354.docx,10,66,0.0,0.0,60,0.0,0.0,0.0,0.0,0.0,0
sample_19989.docx,10,66,0.0,0.0,60,0.0,0.0,0.0,0.0,0.0,0
sample_08041.docx,11,64,0.0,0.0,58,0.0,0.0,0.0,0.0,0.0,0
sample_05160.docx,0,0,0.0,0.0,0,0.0,0.0,0.0,0.0,0.0,1
sample_03285.docx,10,66,0.0,0.0,60,0.0,0.0,0.0,0.0,0.0,0
sample_16397.docx,10,66,0.0,0.0,60,0.0,0.0,0.0,0.0,0.0,0
sample_13162.docx,0,0,0.0,0.0,0,0.0,0.0,0.0,0.0,0.0,1
sample_14530.docx,0,0,0.0,0.0,0,0.0,0.0,0.0,0.0,0.0,1
sample_17321.docx,0,0,0.0,0.0,0,0.0,0.0,0.0,0.0,0.0,1
sample_06626.docx,0,0,0.0,0.0,0,0.0,0.0,0.0,0.0,0.0,1
sample_00998.docx,0,0,0.0,0.0,0,0.0,0.0,0.0,0.0,0.0,1
sample_15414.docx,9,66,1.0,1.0,60,3.0,1.0,1.0,1.0,5.0,1
sample_13077.docx,10,66,0.0,0.0,60,0.0,0.0,0.0,0.0,0.0,0
sample_03102.docx,10,66,0.0,0.0,60,0.0,0.0,0.0,0.0,0.0,0
sample_18289.docx,10,66,0.0,0.0,60,0.0,0.0,0.0,0.0,0.0,0
sample_06735.docx,0,0,0.0,0.0,0,0.0,0.0,0.0,0.0,0.0,1
sample_01002.docx,10,66,0.0,0.0,60,0.0,0.0,0.0,0.0,0.0,0
sample_01120.docx,0,66,0.0,0.0,60,0.0,0.0,0.0,0.0,0.0,0
sample_05955.docx,10,66,0.0,0.0,60,0.0,0.0,0.0,0.0,0.0,0
sample_00256.docx,9,100,1.0,1.0,94,3.0,1.0,1.0,1.0,5.0,1
sample_06257.docx,0,0,0.0,0.0,0,0.0,0.0,0.0,0.0,0.0,1
sample_06230.docx,10,66,0.0,0.0,60,0.0,0.0,0.0,0.0,0.0,0
sample_06800.docx,10,66,0.0,0.0,60,0.0,0.0,0.0,0.0,0.0,0
sample_00462.docx,0,0,0.0,0.0,0,0.0,0.0,0.0,0.0,0.0,1
sample_18751.docx,10,66,0.0,0.0,60,0.0,0.0,0.0,0.0,0.0,0
sample_13774.docx,0,0,0.0,0.0,0,0.0,0.0,0.0,0.0,0.0,1
sample_10081.docx,0,0,0.0,0.0,0,0.0,0.0,0.0,0.0,0.0,1
sample_08306.docx,10,66,0.0,0.0,60,0.0,0.0,0.0,0.0,0.0,0
sample_05741.docx,0,0,0.0,0.0,0,0.0,0.0,0.0,0.0,0.0,1
sample_08782.docx,10,66,0.0,0.0,60,0.0,0.0,0.0,0.0,0.0,0
sample_16161.docx,9,66,1.0,1.0,60,3.0,1.0,1.0,1.0,5.0,1
sample_18228.docx,10,66,0.0,0.0,60,0.0,0.0,0.0,0.0,0.0,0
sample_12070.docx,0,0,0.0,0.0,0,0.0,0.0,0.0,0.0,0.0,1
sample_06349.docx,0,0,0.0,0.0,0,0.0,0.0,0.0,0.0,0.0,1
sample_01409.docx,10,66,0.0,0.0,60,0.0,0.0,0.0,0.0,0.0,0
sample_04486.docx,10,66,0.0,0.0,60,0.0,0.0,0.0,0.0,0.0,0
sample_07000.docx,10,66,0.0,0.0,60,0.0,0.0,0.0,0.0,0.0,0
sample_19795.docx,10,66,0.0,0.0,60,0.0,0.0,0.0,0.0,0.0,0
sample_05769.docx,10,66,0.0,0.0,60,0.0,0.0,0.0,0.0,0.0,0
sample_09995.docx,10,66,0.0,0.0,60,0.0,0.0,0.0,0.0,0.0,0
sample_13353.docx,10,66,0.0,0.0,60,0.0,0.0,0.0,0.0,0.0,0
sample_07613.docx,0,0,0.0,0.0,0,0.0,0.0,0.0,0.0,0.0,1
sample_14480.docx,9,100,1.0,1.0,94,3.0,1.0,1.0,1.0,5.0,1
sample_19232.docx,9,66,1.0,1.0,60,3.0,1.0,1.0,1.0,5.0,1
sample_00163.docx,0,0,0.0,0.0,0,0.0,0.0,0.0,0.0,0.0,1
sample_11756.docx,10,66,0.0,0.0,60,0.0,0.0,0.0,0.0,0.0,0
sample_04110.docx,0,0,0.0,0.0,0,0.0,0.0,0.0,0.0,0.0,1
sample_03561.docx,10,66,0.0,0.0,60,0.0,0.0,0.0,0.0,0.0,0
sample_15958.docx,11,66,0.0,0.0,60,0.0,0.0,0.0,0.0,0.0,0
sample_13360.docx,9,100,1.0,1.0,94,3.0,1.0,1.0,1.0,5.0,1
sample_15659.docx,10,66,0.0,0.0,60,0.0,0.0,0.0,0.0,0.0,0
sample_18427.docx,0,0,0.0,0.0,0,0.0,0.0,0.0,0.0,0.0,1
sample_01897.docx,10,66,0.0,0.0,60,0.0,0.0,0.0,0.0,0.0,0
sample_04314.docx,0,0,0.0,0.0,0,0.0,0.0,0.0,0.0,0.0,1
sample_14359.docx,10,66,0.0,0.0,60,0.0,0.0,0.0,0.0,0.0,0
sample_18379.docx,10,66,0.0,0.0,60,0.0,0.0,0.0,0.0,0.0,0
sample_01347.docx,0,0,0.0,0.0,0,0.0,0.0,0.0,0.0,0.0,1
sample_14261.docx,9,100,1.0,1.0,94,3.0,1.0,1.0,1.0,5.0,1
sample_03189.docx,0,0,0.0,0.0,0,0.0,0.0,0.0,0.0,0.0,1
sample_14488.docx,0,0,0.0,0.0,0,0.0,0.0,0.0,0.0,0.0,1
sample_02594.docx,0,0,0.0,0.0,0,0.0,0.0,0.0,0.0,0.0,1
sample_14862.docx,11,66,0.0,0.0,60,0.0,0.0,0.0,0.0,0.0,0
sample_06506.docx,10,66,0.0,0.0,60,0.0,0.0,0.0,0.0,0.0,0
sample_18349.docx,0,0,0.0,0.0,0,0.0,0.0,0.0,0.0,0.0,1
sample_19374.docx,9,100,1.0,1.0,94,3.0,1.0,1.0,1.0,5.0,1
sample_19111.docx,10,66,0.0,0.0,60,0.0,0.0,0.0,0.0,0.0,0
sample_13886.docx,10,66,0.0,0.0,60,0.0,0.0,0.0,0.0,0.0,0
sample_14340.docx,10,66,0.0,0.0,60,0.0,0.0,0.0,0.0,0.0,0
sample_08749.docx,10,66,0.0,0.0,60,0.0,0.0,0.0,0.0,0.0,0
sample_02347.docx,10,66,0.0,0.0,60,0.0,0.0,0.0,0.0,0.0,0
sample_13383.docx,10,66,0.0,0.0,60,0.0,0.0,0.0,0.0,0.0,0
sample_09271.docx,0,0,0.0,0.0,0,0.0,0.0,0.0,0.0,0.0,1
sample_10485.docx,0,0,0.0,0.0,0,0.0,0.0,0.0,0.0,0.0,1
sample_07802.docx,0,0,0.0,0.0,0,0.0,0.0,0.0,0.0,0.0,1
sample_07879.docx,0,0,0.0,0.0,0,0.0,0.0,0.0,0.0,0.0,1
sample_11838.docx,10,66,0.0,0.0,60,0.0,0.0,0.0,0.0,0.0,0
sample_03968.docx,0,0,0.0,0.0,0,0.0,0.0,0.0,0.0,0.0,1
sample_06242.docx,9,100,1.0,1.0,94,3.0,1.0,1.0,1.0,4.0,1
sample_17502.docx,9,100,1.0,1.0,94,3.0,1.0,1.0,1.0,5.0,1
sample_17385.docx,0,0,0.0,0.0,0,0.0,0.0,0.0,0.0,0.0,1
sample_14640.docx,10,66,0.0,0.0,60,0.0,0.0,0.0,0.0,0.0,0
sample_00021.docx,10,66,0.0,0.0,60,0.0,0.0,0.0,0.0,0.0,0
sample_04113.docx,9,100,1.0,1.0,94,3.0,1.0,1.0,1.0,5.0,1
sample_08932.docx,9,100,1.0,1.0,94,3.0,1.0,1.0,1.0,5.0,1
sample_07794.docx,0,0,0.0,0.0,0,0.0,0.0,0.0,0.0,0.0,1
sample_10468.docx,10,66,0.0,0.0,60,0.0,0.0,0.0,0.0,0.0,0
sample_14829.docx,10,66,0.0,0.0,60,0.0,0.0,0.0,0.0,0.0,0
sample_07887.docx,9,66,1.0,1.0,60,3.0,1.0,1.0,1.0,5.0,1
sample_14375.docx,0,0,0.0,0.0,0,0.0,0.0,0.0,0.0,0.0,1
sample_16693.docx,0,0,0.0,0.0,0,0.0,0.0,0.0,0.0,0.0,1
sample_18321.docx,0,0,0.0,0.0,0,0.0,0.0,0.0,0.0,0.0,1
sample_01622.docx,10,66,0.0,0.0,60,0.0,0.0,0.0,0.0,0.0,0
sample_07722.docx,10,66,0.0,0.0,60,0.0,0.0,0.0,0.0,0.0,0
sample_00908.docx,10,66,0.0,0.0,60,0.0,0.0,0.0,0.0,0.0,0
sample_08741.docx,9,66,1.0,1.0,60,3.0,1.0,1.0,1.0,5.0,1
sample_04818.docx,9,100,1.0,1.0,94,3.0,1.0,1.0,1.0,5.0,1
sample_03727.docx,10,66,0.0,0.0,60,0.0,0.0,0.0,0.0,0.0,0
sample_18828.docx,0,0,0.0,0.0,0,0.0,0.0,0.0,0.0,0.0,1
sample_14557.docx,10,66,0.0,0.0,60,0.0,0.0,0.0,0.0,0.0,0
sample_08636.docx,0,0,0.0,0.0,0,0.0,0.0,0.0,0.0,0.0,1
sample_17695.docx,10,66,0.0,0.0,60,0.0,0.0,0.0,0.0,0.0,0
sample_07006.docx,9,100,1.0,1.0,94,3.0,1.0,1.0,1.0,5.0,1
sample_01974.docx,10,66,0.0,0.0,60,0.0,0.0,0.0,0.0,0.0,0
sample_08815.docx,10,66,0.0,0.0,60,0.0,0.0,0.0,0.0,0.0,0
sample_19836.docx,10,66,0.0,0.0,60,0.0,0.0,0.0,0.0,0.0,0
sample_15386.docx,0,0,0.0,0.0,0,0.0,0.0,0.0,0.0,0.0,1
sample_13527.docx,0,0,0.0,0.0,0,0.0,0.0,0.0,0.0,0.0,1
sample_10149.docx,10,66,0.0,0.0,60,0.0,0.0,0.0,0.0,0.0,0
sample_04481.docx,9,100,1.0,1.0,94,3.0,1.0,1.0,1.0,5.0,1
sample_07607.docx,9,100,1.0,1.0,94,3.0,1.0,1.0,1.0,5.0,1
sample_04307.docx,0,0,0.0,0.0,0,0.0,0.0,0.0,0.0,0.0,1
sample_03695.docx,10,66,0.0,0.0,60,0.0,0.0,0.0,0.0,0.0,0
sample_03761.docx,0,0,0.0,0.0,0,0.0,0.0,0.0,0.0,0.0,1
sample_18547.docx,10,66,0.0,0.0,60,0.0,0.0,0.0,0.0,0.0,0
sample_02590.docx,0,0,0.0,0.0,0,0.0,0.0,0.0,0.0,0.0,1
sample_11819.docx,10,66,0.0,0.0,60,0.0,0.0,0.0,0.0,0.0,0
sample_00202.docx,0,66,0.0,0.0,60,0.0,0.0,0.0,0.0,0.0,0
sample_01876.docx,0,0,0.0,0.0,0,0.0,0.0,0.0,0.0,0.0,1
sample_10351.docx,0,0,0.0,0.0,0,0.0,0.0,0.0,0.0,0.0,1
sample_17723.docx,0,0,0.0,0.0,0,0.0,0.0,0.0,0.0,0.0,1
sample_13693.docx,10,66,0.0,0.0,60,0.0,0.0,0.0,0.0,0.0,0
sample_14353.docx,0,0,0.0,0.0,0,0.0,0.0,0.0,0.0,0.0,1
sample_05734.docx,10,66,0.0,0.0,60,0.0,0.0,0.0,0.0,0.0,0
sample_11989.docx,10,66,0.0,0.0,60,0.0,0.0,0.0,0.0,0.0,0
sample_07578.docx,10,66,0.0,0.0,60,0.0,0.0,0.0,0.0,0.0,0
sample_15897.docx,9,100,1.0,1.0,94,3.0,1.0,1.0,1.0,5.0,1
sample_01744.docx,10,66,0.0,0.0,60,0.0,0.0,0.0,0.0,0.0,0
sample_08994.docx,10,66,0.0,0.0,60,0.0,0.0,0.0,0.0,0.0,0
sample_17162.docx,0,0,0.0,0.0,0,0.0,0.0,0.0,0.0,0.0,1
sample_05870.docx,10,66,0.0,0.0,60,0.0,0.0,0.0,0.0,0.0,0
sample_06150.docx,10,66,0.0,0.0,60,0.0,0.0,0.0,0.0,0.0,0
sample_08873.docx,0,0,0.0,0.0,0,0.0,0.0,0.0,0.0,0.0,1
sample_01491.docx,10,66,0.0,0.0,60,0.0,0.0,0.0,0.0,0.0,0
sample_12836.docx,10,66,0.0,0.0,60,0.0,0.0,0.0,0.0,0.0,0
sample_02156.docx,9,66,1.0,1.0,60,3.0,1.0,1.0,1.0,5.0,1
sample_13579.docx,0,0,0.0,0.0,0,0.0,0.0,0.0,0.0,0.0,1
sample_07076.docx,10,66,0.0,0.0,60,0.0,0.0,0.0,0.0,0.0,0
sample_06369.docx,0,0,0.0,0.0,0,0.0,0.0,0.0,0.0,0.0,1
sample_17785.docx,10,66,0.0,0.0,60,0.0,0.0,0.0,0.0,0.0,0
sample_02117.docx,9,100,1.0,1.0,94,3.0,1.0,1.0,1.0,5.0,1
sample_06903.docx,0,0,0.0,0.0,0,0.0,0.0,0.0,0.0,0.0,1
sample_08610.docx,11,64,0.0,0.0,58,0.0,0.0,0.0,0.0,0.0,0
sample_11265.docx,10,66,0.0,0.0,60,0.0,0.0,0.0,0.0,0.0,0
sample_11721.docx,0,0,0.0,0.0,0,0.0,0.0,0.0,0.0,0.0,1
sample_17379.docx,0,0,0.0,0.0,0,0.0,0.0,0.0,0.0,0.0,1
sample_06347.docx,10,66,0.0,0.0,60,0.0,0.0,0.0,0.0,0.0,0
sample_10932.docx,0,0,0.0,0.0,0,0.0,0.0,0.0,0.0,0.0,1
sample_09644.docx,10,66,0.0,0.0,60,0.0,0.0,0.0,0.0,0.0,0
sample_12639.docx,0,0,0.0,0.0,0,0.0,0.0,0.0,0.0,0.0,1
sample_17648.docx,0,0,0.0,0.0,0,0.0,0.0,0.0,0.0,0.0,1
sample_04923.docx,10,66,0.0,0.0,60,0.0,0.0,0.0,0.0,0.0,0
sample_00987.docx,10,66,0.0,0.0,60,0.0,0.0,0.0,0.0,0.0,0
sample_10044.docx,0,0,0.0,0.0,0,0.0,0.0,0.0,0.0,0.0,1
sample_01501.docx,10,66,0.0,0.0,60,0.0,0.0,0.0,0.0,0.0,0
sample_07638.docx,0,0,0.0,0.0,0,0.0,0.0,0.0,0.0,0.0,1
sample_11348.docx,10,66,0.0,0.0,60,0.0,0.0,0.0,0.0,0.0,0
sample_00248.docx,10,66,0.0,0.0,60,0.0,0.0,0.0,0.0,0.0,0
sample_15107.docx,10,66,0.0,0.0,60,0.0,0.0,0.0,0.0,0.0,0
sample_18680.docx,10,66,0.0,0.0,60,0.0,0.0,0.0,0.0,0.0,0
sample_06478.docx,0,0,0.0,0.0,0,0.0,0.0,0.0,0.0,0.0,1
sample_15265.docx,10,66,0.0,0.0,60,0.0,0.0,0.0,0.0,0.0,0
sample_02380.docx,0,0,0.0,0.0,0,0.0,0.0,0.0,0.0,0.0,1
sample_10030.docx,9,66,1.0,1.0,60,3.0,1.0,1.0,1.0,5.0,1
sample_05931.docx,0,0,0.0,0.0,0,0.0,0.0,0.0,0.0,0.0,1
sample_05050.docx,0,0,0.0,0.0,0,0.0,0.0,0.0,0.0,0.0,1
sample_11913.docx,0,0,0.0,0.0,0,0.0,0.0,0.0,0.0,0.0,1
sample_18440.docx,10,66,0.0,0.0,60,0.0,0.0,0.0,0.0,0.0,0
sample_06541.docx,0,0,0.0,0.0,0,0.0,0.0,0.0,0.0,0.0,1
sample_08814.docx,10,66,0.0,0.0,60,0.0,0.0,0.0,0.0,0.0,0
sample_02774.docx,10,66,0.0,0.0,60,0.0,0.0,0.0,0.0,0.0,0
sample_07329.docx,9,100,1.0,1.0,94,3.0,1.0,1.0,1.0,5.0,1
sample_16244.docx,9,66,1.0,1.0,60,3.0,1.0,1.0,1.0,5.0,1
sample_16239.docx,0,0,0.0,0.0,0,0.0,0.0,0.0,0.0,0.0,1
sample_03534.docx,0,0,0.0,0.0,0,0.0,0.0,0.0,0.0,0.0,1
sample_00587.docx,10,66,0.0,0.0,60,0.0,0.0,0.0,0.0,0.0,0
sample_16770.docx,0,0,0.0,0.0,0,0.0,0.0,0.0,0.0,0.0,1
sample_11229.docx,9,66,1.0,1.0,60,3.0,1.0,1.0,1.0,5.0,1
sample_04979.docx,10,66,0.0,0.0,60,0.0,0.0,0.0,0.0,0.0,0
sample_06701.docx,0,0,0.0,0.0,0,0.0,0.0,0.0,0.0,0.0,1
sample_13858.docx,0,0,0.0,0.0,0,0.0,0.0,0.0,0.0,0.0,1
sample_13251.docx,0,0,0.0,0.0,0,0.0,0.0,0.0,0.0,0.0,1
sample_12295.docx,10,66,0.0,0.0,60,0.0,0.0,0.0,0.0,0.0,0
sample_15535.docx,10,66,0.0,0.0,60,0.0,0.0,0.0,0.0,0.0,0
sample_02379.docx,9,100,1.0,1.0,94,3.0,1.0,1.0,1.0,5.0,1
sample_14748.docx,0,0,0.0,0.0,0,0.0,0.0,0.0,0.0,0.0,1
sample_10263.docx,0,0,0.0,0.0,0,0.0,0.0,0.0,0.0,0.0,1
sample_00944.docx,0,0,0.0,0.0,0,0.0,0.0,0.0,0.0,0.0,1
sample_04976.docx,0,0,0.0,0.0,0,0.0,0.0,0.0,0.0,0.0,1
sample_13919.docx,10,66,0.0,0.0,60,0.0,0.0,0.0,0.0,0.0,0
sample_16831.docx,0,0,0.0,0.0,0,0.0,0.0,0.0,0.0,0.0,1
sample_03788.docx,9,100,1.0,1.0,94,3.0,1.0,1.0,1.0,5.0,1
sample_05704.docx,0,0,0.0,0.0,0,0.0,0.0,0.0,0.0,0.0,1
sample_02340.docx,10,66,0.0,0.0,60,0.0,0.0,0.0,0.0,0.0,0
sample_05179.docx,9,100,1.0,1.0,94,3.0,1.0,1.0,1.0,5.0,1
sample_07294.docx,0,0,0.0,0.0,0,0.0,0.0,0.0,0.0,0.0,1
sample_05207.docx,9,100,1.0,1.0,94,3.0,1.0,1.0,1.0,5.0,1
sample_12157.docx,10,66,0.0,0.0,60,0.0,0.0,0.0,0.0,0.0,0
sample_07089.docx,10,66,0.0,0.0,60,0.0,0.0,0.0,0.0,0.0,0
sample_01902.docx,0,0,0.0,0.0,0,0.0,0.0,0.0,0.0,0.0,1
sample_06323.docx,0,0,0.0,0.0,0,0.0,0.0,0.0,0.0,0.0,1
sample_04828.docx,10,66,0.0,0.0,60,0.0,0.0,0.0,0.0,0.0,0
sample_19998.docx,10,66,0.0,0.0,60,0.0,0.0,0.0,0.0,0.0,0
sample_10984.docx,0,0,0.0,0.0,0,0.0,0.0,0.0,0.0,0.0,1
sample_10188.docx,0,0,0.0,0.0,0,0.0,0.0,0.0,0.0,0.0,1
sample_10518.docx,10,66,0.0,0.0,60,0.0,0.0,0.0,0.0,0.0,0
sample_03464.docx,9,100,1.0,1.0,94,3.0,1.0,1.0,1.0,5.0,1
sample_09749.docx,9,66,1.0,1.0,60,3.0,1.0,1.0,1.0,5.0,1
sample_17806.docx,0,0,0.0,0.0,0,0.0,0.0,0.0,0.0,0.0,1
sample_06961.docx,11,66,0.0,0.0,60,0.0,0.0,0.0,0.0,0.0,0
sample_03999.docx,10,66,0.0,0.0,60,0.0,0.0,0.0,0.0,0.0,0
sample_02041.docx,0,0,0.0,0.0,0,0.0,0.0,0.0,0.0,0.0,1
sample_15915.docx,0,0,0.0,0.0,0,0.0,0.0,0.0,0.0,0.0,1
sample_02818.docx,10,66,0.0,0.0,60,0.0,0.0,0.0,0.0,0.0,0
sample_10917.docx,10,66,0.0,0.0,60,0.0,0.0,0.0,0.0,0.0,0
sample_01449.docx,9,100,1.0,1.0,94,3.0,1.0,1.0,1.0,5.0,1
sample_12523.docx,10,66,0.0,0.0,60,0.0,0.0,0.0,0.0,0.0,0
sample_12025.docx,10,66,0.0,0.0,60,0.0,0.0,0.0,0.0,0.0,0
sample_06792.docx,10,66,0.0,0.0,60,0.0,0.0,0.0,0.0,0.0,0
sample_13366.docx,9,100,1.0,1.0,94,3.0,1.0,1.0,1.0,5.0,1
sample_09364.docx,10,66,0.0,0.0,60,0.0,0.0,0.0,0.0,0.0,0
sample_08966.docx,0,0,0.0,0.0,0,0.0,0.0,0.0,0.0,0.0,1
sample_12698.docx,10,66,0.0,0.0,60,0.0,0.0,0.0,0.0,0.0,0
sample_11634.docx,10,66,0.0,0.0,60,0.0,0.0,0.0,0.0,0.0,0
sample_12997.docx,10,66,0.0,0.0,60,0.0,0.0,0.0,0.0,0.0,0
sample_03040.docx,0,0,0.0,0.0,0,0.0,0.0,0.0,0.0,0.0,1
sample_19908.docx,0,0,0.0,0.0,0,0.0,0.0,0.0,0.0,0.0,1
sample_11035.docx,10,66,0.0,0.0,60,0.0,0.0,0.0,0.0,0.0,0
sample_17478.docx,10,66,0.0,0.0,60,0.0,0.0,0.0,0.0,0.0,0
sample_03827.docx,0,0,0.0,0.0,0,0.0,0.0,0.0,0.0,0.0,1
sample_15549.docx,10,66,0.0,0.0,60,0.0,0.0,0.0,0.0,0.0,0
sample_15937.docx,9,66,1.0,1.0,60,3.0,1.0,1.0,1.0,5.0,1
sample_18896.docx,10,66,0.0,0.0,60,0.0,0.0,0.0,0.0,0.0,0
sample_06507.docx,0,0,0.0,0.0,0,0.0,0.0,0.0,0.0,0.0,1
sample_18969.docx,10,66,0.0,0.0,60,0.0,0.0,0.0,0.0,0.0,0
sample_06057.docx,10,66,0.0,0.0,60,0.0,0.0,0.0,0.0,0.0,0
sample_14397.docx,10,66,0.0,0.0,60,0.0,0.0,0.0,0.0,0.0,0
sample_18516.docx,0,0,0.0,0.0,0,0.0,0.0,0.0,0.0,0.0,1
sample_11467.docx,9,66,1.0,1.0,60,3.0,1.0,1.0,1.0,5.0,1
sample_18560.docx,9,66,0.0,0.0,60,0.0,0.0,0.0,0.0,0.0,0
sample_02704.docx,0,0,0.0,0.0,0,0.0,0.0,0.0,0.0,0.0,1
sample_02902.docx,10,66,0.0,0.0,60,0.0,0.0,0.0,0.0,0.0,0
sample_09388.docx,0,0,0.0,0.0,0,0.0,0.0,0.0,0.0,0.0,1
sample_01568.docx,0,0,0.0,0.0,0,0.0,0.0,0.0,0.0,0.0,1
sample_08739.docx,10,66,0.0,0.0,60,0.0,0.0,0.0,0.0,0.0,0
sample_04561.docx,10,66,0.0,0.0,60,0.0,0.0,0.0,0.0,0.0,0
sample_19695.docx,10,66,0.0,0.0,60,0.0,0.0,0.0,0.0,0.0,0
sample_19431.docx,0,0,0.0,0.0,0,0.0,0.0,0.0,0.0,0.0,1
sample_06736.docx,10,66,0.0,0.0,60,0.0,0.0,0.0,0.0,0.0,0
sample_13172.docx,9,100,1.0,1.0,94,3.0,1.0,1.0,1.0,5.0,1
sample_08153.docx,10,66,0.0,0.0,60,0.0,0.0,0.0,0.0,0.0,0
sample_08273.docx,10,66,0.0,0.0,60,0.0,0.0,0.0,0.0,0.0,0
sample_05933.docx,0,0,0.0,0.0,0,0.0,0.0,0.0,0.0,0.0,1
sample_06054.docx,0,0,0.0,0.0,0,0.0,0.0,0.0,0.0,0.0,1
sample_07324.docx,10,66,0.0,0.0,60,0.0,0.0,0.0,0.0,0.0,0
sample_07902.docx,10,66,0.0,0.0,60,0.0,0.0,0.0,0.0,0.0,0
sample_17263.docx,0,0,0.0,0.0,0,0.0,0.0,0.0,0.0,0.0,1
sample_07954.docx,10,66,0.0,0.0,60,0.0,0.0,0.0,0.0,0.0,0
sample_04672.docx,0,0,0.0,0.0,0,0.0,0.0,0.0,0.0,0.0,1
sample_04031.docx,10,66,0.0,0.0,60,0.0,0.0,0.0,0.0,0.0,0
sample_18101.docx,9,66,1.0,1.0,60,3.0,1.0,1.0,1.0,5.0,1
sample_12181.docx,10,66,0.0,0.0,60,0.0,0.0,0.0,0.0,0.0,0
sample_01864.docx,0,0,0.0,0.0,0,0.0,0.0,0.0,0.0,0.0,1
sample_14441.docx,0,66,0.0,0.0,60,0.0,0.0,0.0,0.0,0.0,0
sample_14825.docx,10,66,0.0,0.0,60,0.0,0.0,0.0,0.0,0.0,0
sample_12827.docx,0,0,0.0,0.0,0,0.0,0.0,0.0,0.0,0.0,1
sample_12354.docx,0,0,0.0,0.0,0,0.0,0.0,0.0,0.0,0.0,1
sample_16626.docx,0,0,0.0,0.0,0,0.0,0.0,0.0,0.0,0.0,1
sample_08363.docx,9,66,1.0,1.0,60,3.0,1.0,1.0,1.0,5.0,1
sample_03110.docx,10,66,0.0,0.0,60,0.0,0.0,0.0,0.0,0.0,0
sample_13984.docx,9,66,1.0,1.0,60,3.0,1.0,1.0,1.0,5.0,1
sample_08381.docx,9,100,1.0,1.0,94,3.0,1.0,1.0,1.0,5.0,1
sample_08789.docx,10,66,0.0,0.0,60,0.0,0.0,0.0,0.0,0.0,0
sample_09288.docx,9,66,1.0,1.0,60,3.0,1.0,1.0,1.0,5.0,1
sample_12305.docx,11,64,0.0,0.0,58,0.0,0.0,0.0,0.0,0.0,0
sample_11676.docx,10,66,0.0,0.0,60,0.0,0.0,0.0,0.0,0.0,0
sample_10313.docx,9,100,1.0,1.0,94,3.0,1.0,1.0,1.0,5.0,1
sample_15013.docx,0,0,0.0,0.0,0,0.0,0.0,0.0,0.0,0.0,1
sample_14112.docx,0,0,0.0,0.0,0,0.0,0.0,0.0,0.0,0.0,1
sample_17450.docx,0,0,0.0,0.0,0,0.0,0.0,0.0,0.0,0.0,1
sample_17078.docx,10,66,0.0,0.0,60,0.0,0.0,0.0,0.0,0.0,0
sample_07685.docx,9,66,1.0,1.0,60,3.0,1.0,1.0,1.0,5.0,1
sample_08008.docx,0,0,0.0,0.0,0,0.0,0.0,0.0,0.0,0.0,1
sample_00136.docx,10,66,0.0,0.0,60,0.0,0.0,0.0,0.0,0.0,0
sample_12628.docx,0,0,0.0,0.0,0,0.0,0.0,0.0,0.0,0.0,1
sample_00581.docx,9,100,1.0,1.0,94,3.0,1.0,1.0,1.0,5.0,1
sample_10661.docx,0,0,0.0,0.0,0,0.0,0.0,0.0,0.0,0.0,1
sample_07619.docx,10,66,0.0,0.0,60,0.0,0.0,0.0,0.0,0.0,0
sample_13712.docx,9,100,1.0,1.0,94,3.0,1.0,1.0,1.0,5.0,1
sample_03431.docx,9,100,1.0,1.0,94,3.0,1.0,1.0,1.0,5.0,1
sample_14867.docx,10,66,0.0,0.0,60,0.0,0.0,0.0,0.0,0.0,0
sample_11921.docx,0,0,0.0,0.0,0,0.0,0.0,0.0,0.0,0.0,1
sample_05740.docx,0,0,0.0,0.0,0,0.0,0.0,0.0,0.0,0.0,1
sample_09532.docx,0,0,0.0,0.0,0,0.0,0.0,0.0,0.0,0.0,1
sample_09200.docx,10,66,0.0,0.0,60,0.0,0.0,0.0,0.0,0.0,0
sample_03290.docx,10,66,0.0,0.0,60,0.0,0.0,0.0,0.0,0.0,0
sample_04572.docx,0,0,0.0,0.0,0,0.0,0.0,0.0,0.0,0.0,1
sample_13924.docx,0,0,0.0,0.0,0,0.0,0.0,0.0,0.0,0.0,1
sample_04755.docx,0,0,0.0,0.0,0,0.0,0.0,0.0,0.0,0.0,1
sample_10040.docx,9,100,1.0,1.0,94,3.0,1.0,1.0,1.0,5.0,1
sample_06013.docx,10,66,0.0,0.0,60,0.0,0.0,0.0,0.0,0.0,0
sample_17646.docx,0,0,0.0,0.0,0,0.0,0.0,0.0,0.0,0.0,1
sample_14267.docx,9,100,1.0,1.0,94,3.0,1.0,1.0,1.0,5.0,1
sample_09031.docx,10,66,0.0,0.0,60,0.0,0.0,0.0,0.0,0.0,0
sample_02405.docx,10,66,0.0,0.0,60,0.0,0.0,0.0,0.0,0.0,0
sample_11267.docx,10,66,0.0,0.0,60,0.0,0.0,0.0,0.0,0.0,0
sample_17550.docx,0,0,0.0,0.0,0,0.0,0.0,0.0,0.0,0.0,1
sample_13933.docx,10,66,0.0,0.0,60,0.0,0.0,0.0,0.0,0.0,0
sample_18169.docx,0,0,0.0,0.0,0,0.0,0.0,0.0,0.0,0.0,1
sample_00914.docx,9,100,1.0,1.0,94,3.0,1.0,1.0,1.0,5.0,1
sample_14384.docx,0,0,0.0,0.0,0,0.0,0.0,0.0,0.0,0.0,1
sample_17359.docx,10,66,0.0,0.0,60,0.0,0.0,0.0,0.0,0.0,0
sample_01950.docx,10,66,0.0,0.0,60,0.0,0.0,0.0,0.0,0.0,0
sample_16269.docx,9,100,1.0,1.0,94,3.0,1.0,1.0,1.0,5.0,1
sample_06623.docx,9,100,1.0,1.0,94,3.0,1.0,1.0,1.0,5.0,1
sample_09793.docx,10,66,0.0,0.0,60,0.0,0.0,0.0,0.0,0.0,0
sample_17005.docx,10,66,0.0,0.0,60,0.0,0.0,0.0,0.0,0.0,0
sample_18961.docx,0,0,0.0,0.0,0,0.0,0.0,0.0,0.0,0.0,1
sample_02358.docx,0,0,0.0,0.0,0,0.0,0.0,0.0,0.0,0.0,1
sample_01947.docx,0,0,0.0,0.0,0,0.0,0.0,0.0,0.0,0.0,1
sample_18356.docx,10,66,0.0,0.0,60,0.0,0.0,0.0,0.0,0.0,0
sample_13210.docx,9,100,1.0,1.0,94,3.0,1.0,1.0,1.0,5.0,1
sample_10222.docx,10,66,0.0,0.0,60,0.0,0.0,0.0,0.0,0.0,0
sample_08626.docx,0,0,0.0,0.0,0,0.0,0.0,0.0,0.0,0.0,1
sample_16484.docx,0,0,0.0,0.0,0,0.0,0.0,0.0,0.0,0.0,1
sample_15622.docx,9,66,1.0,1.0,60,3.0,1.0,1.0,1.0,5.0,1
sample_01199.docx,0,0,0.0,0.0,0,0.0,0.0,0.0,0.0,0.0,1
sample_15433.docx,10,66,0.0,0.0,60,0.0,0.0,0.0,0.0,0.0,0
sample_00352.docx,10,66,0.0,0.0,60,0.0,0.0,0.0,0.0,0.0,0
sample_16391.docx,0,0,0.0,0.0,0,0.0,0.0,0.0,0.0,0.0,1
sample_12773.docx,0,0,0.0,0.0,0,0.0,0.0,0.0,0.0,0.0,1
sample_15333.docx,9,66,1.0,1.0,60,3.0,1.0,1.0,1.0,5.0,1
sample_10800.docx,0,0,0.0,0.0,0,0.0,0.0,0.0,0.0,0.0,1
sample_19552.docx,10,66,0.0,0.0,60,0.0,0.0,0.0,0.0,0.0,0
sample_00552.docx,10,66,0.0,0.0,60,0.0,0.0,0.0,0.0,0.0,0
sample_08090.docx,0,0,0.0,0.0,0,0.0,0.0,0.0,0.0,0.0,1
sample_09427.docx,10,66,0.0,0.0,60,0.0,0.0,0.0,0.0,0.0,0
sample_08633.docx,0,0,0.0,0.0,0,0.0,0.0,0.0,0.0,0.0,1
sample_03247.docx,10,66,0.0,0.0,60,0.0,0.0,0.0,0.0,0.0,0
sample_07485.docx,10,66,0.0,0.0,60,0.0,0.0,0.0,0.0,0.0,0
sample_16973.docx,9,100,1.0,1.0,94,3.0,1.0,1.0,1.0,5.0,1
sample_03213.docx,0,0,0.0,0.0,0,0.0,0.0,0.0,0.0,0.0,1
sample_06233.docx,10,66,0.0,0.0,60,0.0,0.0,0.0,0.0,0.0,0
sample_15695.docx,0,0,0.0,0.0,0,0.0,0.0,0.0,0.0,0.0,1
sample_05545.docx,0,0,0.0,0.0,0,0.0,0.0,0.0,0.0,0.0,1
sample_04951.docx,9,100,0.0,0.0,94,0.0,0.0,0.0,0.0,0.0,0
sample_17820.docx,10,66,0.0,0.0,60,0.0,0.0,0.0,0.0,0.0,0
sample_16743.docx,10,66,0.0,0.0,60,0.0,0.0,0.0,0.0,0.0,0
sample_16838.docx,10,66,0.0,0.0,60,0.0,0.0,0.0,0.0,0.0,0
sample_18839.docx,0,0,0.0,0.0,0,0.0,0.0,0.0,0.0,0.0,1
sample_02783.docx,0,0,0.0,0.0,0,0.0,0.0,0.0,0.0,0.0,1
sample_02533.docx,0,0,0.0,0.0,0,0.0,0.0,0.0,0.0,0.0,1
sample_10376.docx,0,0,0.0,0.0,0,0.0,0.0,0.0,0.0,0.0,1
sample_08885.docx,10,66,0.0,0.0,60,0.0,0.0,0.0,0.0,0.0,0
sample_18863.docx,10,66,0.0,0.0,60,0.0,0.0,0.0,0.0,0.0,0
sample_08072.docx,10,66,0.0,0.0,60,0.0,0.0,0.0,0.0,0.0,0
sample_17841.docx,0,0,0.0,0.0,0,0.0,0.0,0.0,0.0,0.0,1
sample_02825.docx,10,66,0.0,0.0,60,0.0,0.0,0.0,0.0,0.0,0
sample_17008.docx,10,66,0.0,0.0,60,0.0,0.0,0.0,0.0,0.0,0
sample_19444.docx,9,100,1.0,1.0,94,3.0,1.0,1.0,1.0,5.0,1
sample_12808.docx,10,66,0.0,0.0,60,0.0,0.0,0.0,0.0,0.0,0
sample_07707.docx,9,66,1.0,1.0,60,3.0,1.0,1.0,1.0,5.0,1
sample_12015.docx,9,100,1.0,1.0,94,3.0,1.0,1.0,1.0,5.0,1
sample_06663.docx,10,66,0.0,0.0,60,0.0,0.0,0.0,0.0,0.0,0
sample_04391.docx,10,66,0.0,0.0,60,0.0,0.0,0.0,0.0,0.0,0
sample_15696.docx,0,0,0.0,0.0,0,0.0,0.0,0.0,0.0,0.0,1
sample_19814.docx,0,0,0.0,0.0,0,0.0,0.0,0.0,0.0,0.0,1
sample_08635.docx,10,66,0.0,0.0,60,0.0,0.0,0.0,0.0,0.0,0
sample_09325.docx,0,0,0.0,0.0,0,0.0,0.0,0.0,0.0,0.0,1
sample_19124.docx,0,0,0.0,0.0,0,0.0,0.0,0.0,0.0,0.0,1
sample_06637.docx,9,100,1.0,1.0,94,3.0,1.0,1.0,1.0,5.0,1
sample_06000.docx,10,66,0.0,0.0,60,0.0,0.0,0.0,0.0,0.0,0
sample_04555.docx,0,0,0.0,0.0,0,0.0,0.0,0.0,0.0,0.0,1
sample_15891.docx,10,66,0.0,0.0,60,0.0,0.0,0.0,0.0,0.0,0
sample_15512.docx,9,66,1.0,1.0,60,3.0,1.0,1.0,1.0,5.0,1
sample_17165.docx,9,100,1.0,1.0,94,3.0,1.0,1.0,1.0,5.0,1
sample_18602.docx,9,66,1.0,1.0,60,3.0,1.0,1.0,1.0,5.0,1
sample_17015.docx,0,0,0.0,0.0,0,0.0,0.0,0.0,0.0,0.0,1
sample_01650.docx,10,66,0.0,0.0,60,0.0,0.0,0.0,0.0,0.0,0
sample_13452.docx,0,0,0.0,0.0,0,0.0,0.0,0.0,0.0,0.0,1
sample_07943.docx,10,66,0.0,0.0,60,0.0,0.0,0.0,0.0,0.0,0
sample_00760.docx,0,0,0.0,0.0,0,0.0,0.0,0.0,0.0,0.0,1
sample_06171.docx,9,100,1.0,1.0,94,3.0,1.0,1.0,1.0,5.0,1
sample_10018.docx,10,66,0.0,0.0,60,0.0,0.0,0.0,0.0,0.0,0
sample_02770.docx,10,66,0.0,0.0,60,0.0,0.0,0.0,0.0,0.0,0
sample_00424.docx,10,66,0.0,0.0,60,0.0,0.0,0.0,0.0,0.0,0
sample_15453.docx,0,0,0.0,0.0,0,0.0,0.0,0.0,0.0,0.0,1
sample_15545.docx,9,100,1.0,1.0,94,3.0,1.0,1.0,1.0,5.0,1
sample_08006.docx,0,0,0.0,0.0,0,0.0,0.0,0.0,0.0,0.0,1
sample_01898.docx,10,66,0.0,0.0,60,0.0,0.0,0.0,0.0,0.0,0
sample_03699.docx,10,66,0.0,0.0,60,0.0,0.0,0.0,0.0,0.0,0
sample_05622.docx,0,0,0.0,0.0,0,0.0,0.0,0.0,0.0,0.0,1
sample_03015.docx,9,66,1.0,1.0,60,3.0,1.0,1.0,1.0,5.0,1
sample_19092.docx,0,66,0.0,0.0,60,0.0,0.0,0.0,0.0,0.0,0
sample_02161.docx,10,66,0.0,0.0,60,0.0,0.0,0.0,0.0,0.0,0
sample_00376.docx,0,0,0.0,0.0,0,0.0,0.0,0.0,0.0,0.0,1
sample_13400.docx,0,0,0.0,0.0,0,0.0,0.0,0.0,0.0,0.0,1
sample_06020.docx,0,0,0.0,0.0,0,0.0,0.0,0.0,0.0,0.0,1
sample_03059.docx,9,100,1.0,1.0,94,3.0,1.0,1.0,1.0,5.0,1
sample_17738.docx,10,66,0.0,0.0,60,0.0,0.0,0.0,0.0,0.0,0
sample_18591.docx,10,66,0.0,0.0,60,0.0,0.0,0.0,0.0,0.0,0
sample_02986.docx,10,66,0.0,0.0,60,0.0,0.0,0.0,0.0,0.0,0
sample_08531.docx,10,66,0.0,0.0,60,0.0,0.0,0.0,0.0,0.0,0
sample_06993.docx,10,66,0.0,0.0,60,0.0,0.0,0.0,0.0,0.0,0
sample_08809.docx,9,66,1.0,1.0,60,3.0,1.0,1.0,1.0,5.0,1
sample_02634.docx,0,0,0.0,0.0,0,0.0,0.0,0.0,0.0,0.0,1
sample_07686.docx,9,66,1.0,1.0,60,3.0,1.0,1.0,1.0,5.0,1
sample_13697.docx,10,66,0.0,0.0,60,0.0,0.0,0.0,0.0,0.0,0
sample_17998.docx,10,66,0.0,0.0,60,0.0,0.0,0.0,0.0,0.0,0
sample_01769.docx,10,66,0.0,0.0,60,0.0,0.0,0.0,0.0,0.0,0
sample_03700.docx,0,0,0.0,0.0,0,0.0,0.0,0.0,0.0,0.0,1
sample_18865.docx,0,0,0.0,0.0,0,0.0,0.0,0.0,0.0,0.0,1
sample_13222.docx,10,66,0.0,0.0,60,0.0,0.0,0.0,0.0,0.0,0
sample_11069.docx,9,100,1.0,1.0,94,3.0,1.0,1.0,1.0,5.0,1
sample_11902.docx,0,0,0.0,0.0,0,0.0,0.0,0.0,0.0,0.0,1
sample_17404.docx,9,100,1.0,1.0,94,3.0,1.0,1.0,1.0,5.0,1
sample_06021.docx,10,66,0.0,0.0,60,0.0,0.0,0.0,0.0,0.0,0
sample_01945.docx,0,0,0.0,0.0,0,0.0,0.0,0.0,0.0,0.0,1
sample_07388.docx,0,0,0.0,0.0,0,0.0,0.0,0.0,0.0,0.0,1
sample_08400.docx,0,0,0.0,0.0,0,0.0,0.0,0.0,0.0,0.0,1
sample_07164.docx,0,0,0.0,0.0,0,0.0,0.0,0.0,0.0,0.0,1
sample_10428.docx,10,66,0.0,0.0,60,0.0,0.0,0.0,0.0,0.0,0
sample_06391.docx,9,66,1.0,1.0,60,3.0,1.0,1.0,1.0,5.0,1
sample_14781.docx,0,0,0.0,0.0,0,0.0,0.0,0.0,0.0,0.0,1
sample_19072.docx,10,66,0.0,0.0,60,0.0,0.0,0.0,0.0,0.0,0
sample_18975.docx,9,100,1.0,1.0,94,3.0,1.0,1.0,1.0,5.0,1
sample_14462.docx,0,0,0.0,0.0,0,0.0,0.0,0.0,0.0,0.0,1
sample_00128.docx,10,66,0.0,0.0,60,0.0,0.0,0.0,0.0,0.0,0
sample_16167.docx,0,0,0.0,0.0,0,0.0,0.0,0.0,0.0,0.0,1
sample_02184.docx,9,66,0.0,0.0,60,0.0,0.0,0.0,0.0,0.0,0
sample_06176.docx,0,0,0.0,0.0,0,0.0,0.0,0.0,0.0,0.0,1
sample_09785.docx,0,0,0.0,0.0,0,0.0,0.0,0.0,0.0,0.0,1
sample_05976.docx,10,66,0.0,0.0,60,0.0,0.0,0.0,0.0,0.0,0
sample_16698.docx,10,66,0.0,0.0,60,0.0,0.0,0.0,0.0,0.0,0
sample_15287.docx,9,66,1.0,1.0,60,3.0,1.0,1.0,1.0,5.0,1
sample_04213.docx,10,66,0.0,0.0,60,0.0,0.0,0.0,0.0,0.0,0
sample_10729.docx,10,66,0.0,0.0,60,0.0,0.0,0.0,0.0,0.0,0
sample_03080.docx,10,66,0.0,0.0,60,0.0,0.0,0.0,0.0,0.0,0
sample_19667.docx,10,66,0.0,0.0,60,0.0,0.0,0.0,0.0,0.0,0
sample_03819.docx,9,66,1.0,1.0,60,3.0,1.0,1.0,1.0,5.0,1
sample_04917.docx,10,66,0.0,0.0,60,0.0,0.0,0.0,0.0,0.0,0
sample_06746.docx,10,66,0.0,0.0,60,0.0,0.0,0.0,0.0,0.0,0
sample_08234.docx,10,66,0.0,0.0,60,0.0,0.0,0.0,0.0,0.0,0
sample_18790.docx,0,0,0.0,0.0,0,0.0,0.0,0.0,0.0,0.0,1
sample_05318.docx,9,100,1.0,1.0,94,3.0,1.0,1.0,1.0,5.0,1
sample_14850.docx,0,0,0.0,0.0,0,0.0,0.0,0.0,0.0,0.0,1
sample_03702.docx,10,66,0.0,0.0,60,0.0,0.0,0.0,0.0,0.0,0
sample_12422.docx,10,66,0.0,0.0,60,0.0,0.0,0.0,0.0,0.0,0
sample_15312.docx,0,0,0.0,0.0,0,0.0,0.0,0.0,0.0,0.0,1
sample_19489.docx,0,0,0.0,0.0,0,0.0,0.0,0.0,0.0,0.0,1
sample_14423.docx,0,0,0.0,0.0,0,0.0,0.0,0.0,0.0,0.0,1
sample_05902.docx,0,0,0.0,0.0,0,0.0,0.0,0.0,0.0,0.0,1
sample_16532.docx,0,0,0.0,0.0,0,0.0,0.0,0.0,0.0,0.0,1
sample_02603.docx,9,66,1.0,1.0,60,3.0,1.0,1.0,1.0,5.0,1
sample_04558.docx,9,66,1.0,1.0,60,3.0,1.0,1.0,1.0,5.0,1
sample_01468.docx,10,66,0.0,0.0,60,0.0,0.0,0.0,0.0,0.0,0
sample_10688.docx,0,0,0.0,0.0,0,0.0,0.0,0.0,0.0,0.0,1
sample_15014.docx,0,0,0.0,0.0,0,0.0,0.0,0.0,0.0,0.0,1
sample_16322.docx,10,66,0.0,0.0,60,0.0,0.0,0.0,0.0,0.0,0
sample_14777.docx,10,66,0.0,0.0,60,0.0,0.0,0.0,0.0,0.0,0
sample_09657.docx,10,66,0.0,0.0,60,0.0,0.0,0.0,0.0,0.0,0
sample_17019.docx,0,0,0.0,0.0,0,0.0,0.0,0.0,0.0,0.0,1
sample_00313.docx,0,0,0.0,0.0,0,0.0,0.0,0.0,0.0,0.0,1
sample_17418.docx,10,66,0.0,0.0,60,0.0,0.0,0.0,0.0,0.0,0
sample_15517.docx,10,66,0.0,0.0,60,0.0,0.0,0.0,0.0,0.0,0
sample_02280.docx,9,100,1.0,1.0,94,3.0,1.0,1.0,1.0,5.0,1
sample_10700.docx,10,66,0.0,0.0,60,0.0,0.0,0.0,0.0,0.0,0
sample_04853.docx,10,66,0.0,0.0,60,0.0,0.0,0.0,0.0,0.0,0
sample_12611.docx,0,0,0.0,0.0,0,0.0,0.0,0.0,0.0,0.0,1
sample_09044.docx,0,0,0.0,0.0,0,0.0,0.0,0.0,0.0,0.0,1
sample_15608.docx,10,66,0.0,0.0,60,0.0,0.0,0.0,0.0,0.0,0
sample_01595.docx,0,0,0.0,0.0,0,0.0,0.0,0.0,0.0,0.0,1
sample_08611.docx,10,66,0.0,0.0,60,0.0,0.0,0.0,0.0,0.0,0
sample_01342.docx,0,0,0.0,0.0,0,0.0,0.0,0.0,0.0,0.0,1
sample_04540.docx,10,66,0.0,0.0,60,0.0,0.0,0.0,0.0,0.0,0
sample_05262.docx,0,0,0.0,0.0,0,0.0,0.0,0.0,0.0,0.0,1
sample_14872.docx,0,0,0.0,0.0,0,0.0,0.0,0.0,0.0,0.0,1
sample_11463.docx,0,0,0.0,0.0,0,0.0,0.0,0.0,0.0,0.0,1
sample_15428.docx,10,66,0.0,0.0,60,0.0,0.0,0.0,0.0,0.0,0
sample_16298.docx,10,66,0.0,0.0,60,0.0,0.0,0.0,0.0,0.0,0
sample_08455.docx,9,66,1.0,1.0,60,3.0,1.0,1.0,1.0,5.0,1
sample_00500.docx,10,66,0.0,0.0,60,0.0,0.0,0.0,0.0,0.0,0
sample_01556.docx,10,66,0.0,0.0,60,0.0,0.0,0.0,0.0,0.0,0
sample_07457.docx,0,0,0.0,0.0,0,0.0,0.0,0.0,0.0,0.0,1
sample_08586.docx,10,66,0.0,0.0,60,0.0,0.0,0.0,0.0,0.0,0
sample_18565.docx,10,66,0.0,0.0,60,0.0,0.0,0.0,0.0,0.0,0
sample_01991.docx,10,66,0.0,0.0,60,0.0,0.0,0.0,0.0,0.0,0
sample_10706.docx,10,66,0.0,0.0,60,0.0,0.0,0.0,0.0,0.0,0
sample_16124.docx,0,0,0.0,0.0,0,0.0,0.0,0.0,0.0,0.0,1
sample_00356.docx,0,0,0.0,0.0,0,0.0,0.0,0.0,0.0,0.0,1
sample_00184.docx,0,0,0.0,0.0,0,0.0,0.0,0.0,0.0,0.0,1
sample_06404.docx,9,66,1.0,1.0,60,3.0,1.0,1.0,1.0,5.0,1
sample_12067.docx,9,100,1.0,1.0,94,3.0,1.0,1.0,1.0,5.0,1
sample_06943.docx,10,66,0.0,0.0,60,0.0,0.0,0.0,0.0,0.0,0
sample_11020.docx,10,66,0.0,0.0,60,0.0,0.0,0.0,0.0,0.0,0
sample_16004.docx,10,66,0.0,0.0,60,0.0,0.0,0.0,0.0,0.0,0
sample_17041.docx,10,66,0.0,0.0,60,0.0,0.0,0.0,0.0,0.0,0
sample_14763.docx,11,66,0.0,0.0,60,0.0,0.0,0.0,0.0,0.0,0
sample_12012.docx,9,66,1.0,1.0,60,3.0,1.0,1.0,1.0,5.0,1
sample_18089.docx,9,100,1.0,1.0,94,3.0,1.0,1.0,1.0,5.0,1
sample_19090.docx,10,66,0.0,0.0,60,0.0,0.0,0.0,0.0,0.0,0
sample_14571.docx,0,0,0.0,0.0,0,0.0,0.0,0.0,0.0,0.0,1
sample_09063.docx,10,66,0.0,0.0,60,0.0,0.0,0.0,0.0,0.0,0
sample_16600.docx,0,0,0.0,0.0,0,0.0,0.0,0.0,0.0,0.0,1
sample_16762.docx,0,0,0.0,0.0,0,0.0,0.0,0.0,0.0,0.0,1
sample_06086.docx,10,66,0.0,0.0,60,0.0,0.0,0.0,0.0,0.0,0
sample_11877.docx,11,66,0.0,0.0,60,0.0,0.0,0.0,0.0,0.0,0
sample_00392.docx,0,66,0.0,0.0,60,0.0,0.0,0.0,0.0,0.0,0
sample_00263.docx,0,0,0.0,0.0,0,0.0,0.0,0.0,0.0,0.0,1
sample_05680.docx,9,100,1.0,1.0,94,3.0,1.0,1.0,1.0,5.0,1
sample_17071.docx,10,66,0.0,0.0,60,0.0,0.0,0.0,0.0,0.0,0
sample_04491.docx,0,0,0.0,0.0,0,0.0,0.0,0.0,0.0,0.0,1
sample_03235.docx,10,66,0.0,0.0,60,0.0,0.0,0.0,0.0,0.0,0
sample_03193.docx,0,0,0.0,0.0,0,0.0,0.0,0.0,0.0,0.0,1
sample_16018.docx,10,66,0.0,0.0,60,0.0,0.0,0.0,0.0,0.0,0
sample_08218.docx,9,66,1.0,1.0,60,3.0,1.0,1.0,1.0,5.0,1
sample_13719.docx,9,100,1.0,1.0,94,3.0,1.0,1.0,1.0,5.0,1
sample_04050.docx,9,100,1.0,1.0,94,3.0,1.0,1.0,1.0,5.0,1
sample_03357.docx,11,66,0.0,0.0,60,0.0,0.0,0.0,0.0,0.0,0
sample_01687.docx,9,66,1.0,1.0,60,3.0,1.0,1.0,1.0,5.0,1
sample_13641.docx,0,0,0.0,0.0,0,0.0,0.0,0.0,0.0,0.0,1
sample_08919.docx,9,100,1.0,1.0,94,3.0,1.0,1.0,1.0,5.0,1
sample_14907.docx,0,0,0.0,0.0,0,0.0,0.0,0.0,0.0,0.0,1
sample_02200.docx,10,66,0.0,0.0,60,0.0,0.0,0.0,0.0,0.0,0
sample_01067.docx,10,66,0.0,0.0,60,0.0,0.0,0.0,0.0,0.0,0
sample_04700.docx,10,66,0.0,0.0,60,0.0,0.0,0.0,0.0,0.0,0
sample_12457.docx,0,0,0.0,0.0,0,0.0,0.0,0.0,0.0,0.0,1
sample_00918.docx,0,0,0.0,0.0,0,0.0,0.0,0.0,0.0,0.0,1
sample_17744.docx,10,66,0.0,0.0,60,0.0,0.0,0.0,0.0,0.0,0
sample_13954.docx,0,0,0.0,0.0,0,0.0,0.0,0.0,0.0,0.0,1
sample_18782.docx,10,66,0.0,0.0,60,0.0,0.0,0.0,0.0,0.0,0
sample_01689.docx,10,66,0.0,0.0,60,0.0,0.0,0.0,0.0,0.0,0
sample_03675.docx,10,66,0.0,0.0,60,0.0,0.0,0.0,0.0,0.0,0
sample_07576.docx,9,66,1.0,1.0,60,3.0,1.0,1.0,1.0,5.0,1
sample_19850.docx,10,66,0.0,0.0,60,0.0,0.0,0.0,0.0,0.0,0
sample_13777.docx,10,66,0.0,0.0,60,0.0,0.0,0.0,0.0,0.0,0
sample_06758.docx,9,66,1.0,1.0,60,3.0,1.0,1.0,1.0,5.0,1
sample_13726.docx,0,0,0.0,0.0,0,0.0,0.0,0.0,0.0,0.0,1
sample_09312.docx,0,0,0.0,0.0,0,0.0,0.0,0.0,0.0,0.0,1
sample_02172.docx,9,66,1.0,1.0,60,3.0,1.0,1.0,1.0,5.0,1
sample_08048.docx,10,66,0.0,0.0,60,0.0,0.0,0.0,0.0,0.0,0
sample_02185.docx,10,66,0.0,0.0,60,0.0,0.0,0.0,0.0,0.0,0
sample_18492.docx,0,0,0.0,0.0,0,0.0,0.0,0.0,0.0,0.0,1
sample_01352.docx,10,66,0.0,0.0,60,0.0,0.0,0.0,0.0,0.0,0
sample_03273.docx,0,0,0.0,0.0,0,0.0,0.0,0.0,0.0,0.0,1
sample_19878.docx,10,66,0.0,0.0,60,0.0,0.0,0.0,0.0,0.0,0
sample_18115.docx,0,0,0.0,0.0,0,0.0,0.0,0.0,0.0,0.0,1
sample_19367.docx,0,0,0.0,0.0,0,0.0,0.0,0.0,0.0,0.0,1
sample_10848.docx,10,66,0.0,0.0,60,0.0,0.0,0.0,0.0,0.0,0
sample_06031.docx,10,66,0.0,0.0,60,0.0,0.0,0.0,0.0,0.0,0
sample_14176.docx,0,0,0.0,0.0,0,0.0,0.0,0.0,0.0,0.0,1
sample_09888.docx,10,66,0.0,0.0,60,0.0,0.0,0.0,0.0,0.0,0
sample_07309.docx,10,66,0.0,0.0,60,0.0,0.0,0.0,0.0,0.0,0
sample_01804.docx,0,0,0.0,0.0,0,0.0,0.0,0.0,0.0,0.0,1
sample_13899.docx,0,0,0.0,0.0,0,0.0,0.0,0.0,0.0,0.0,1
sample_14382.docx,9,100,1.0,1.0,94,3.0,1.0,1.0,1.0,5.0,1
sample_18011.docx,10,66,0.0,0.0,60,0.0,0.0,0.0,0.0,0.0,0
sample_17774.docx,0,0,0.0,0.0,0,0.0,0.0,0.0,0.0,0.0,1
sample_03967.docx,0,0,0.0,0.0,0,0.0,0.0,0.0,0.0,0.0,1
sample_16685.docx,0,0,0.0,0.0,0,0.0,0.0,0.0,0.0,0.0,1
sample_17670.docx,10,66,0.0,0.0,60,0.0,0.0,0.0,0.0,0.0,0
sample_10379.docx,0,0,0.0,0.0,0,0.0,0.0,0.0,0.0,0.0,1
sample_16984.docx,9,100,0.0,0.0,94,0.0,0.0,0.0,0.0,0.0,0
sample_15686.docx,10,66,0.0,0.0,60,0.0,0.0,0.0,0.0,0.0,0
sample_13336.docx,0,0,0.0,0.0,0,0.0,0.0,0.0,0.0,0.0,1
sample_19268.docx,0,0,0.0,0.0,0,0.0,0.0,0.0,0.0,0.0,1
sample_04852.docx,0,0,0.0,0.0,0,0.0,0.0,0.0,0.0,0.0,1
sample_04516.docx,9,100,1.0,1.0,94,3.0,1.0,1.0,1.0,5.0,1
sample_14410.docx,0,0,0.0,0.0,0,0.0,0.0,0.0,0.0,0.0,1
sample_00783.docx,10,66,0.0,0.0,60,0.0,0.0,0.0,0.0,0.0,0
sample_08766.docx,0,0,0.0,0.0,0,0.0,0.0,0.0,0.0,0.0,1
sample_02301.docx,9,100,1.0,1.0,94,3.0,1.0,1.0,1.0,5.0,1
sample_18032.docx,10,66,0.0,0.0,60,0.0,0.0,0.0,0.0,0.0,0
sample_16709.docx,0,0,0.0,0.0,0,0.0,0.0,0.0,0.0,0.0,1
sample_06676.docx,0,0,0.0,0.0,0,0.0,0.0,0.0,0.0,0.0,1
sample_11842.docx,9,100,1.0,1.0,94,3.0,1.0,1.0,1.0,5.0,1
sample_05041.docx,0,0,0.0,0.0,0,0.0,0.0,0.0,0.0,0.0,1
sample_17651.docx,0,0,0.0,0.0,0,0.0,0.0,0.0,0.0,0.0,1
sample_19294.docx,10,66,0.0,0.0,60,0.0,0.0,0.0,0.0,0.0,0
sample_09433.docx,10,66,0.0,0.0,60,0.0,0.0,0.0,0.0,0.0,0
sample_12237.docx,0,0,0.0,0.0,0,0.0,0.0,0.0,0.0,0.0,1
sample_08513.docx,0,0,0.0,0.0,0,0.0,0.0,0.0,0.0,0.0,1
sample_09098.docx,10,66,0.0,0.0,60,0.0,0.0,0.0,0.0,0.0,0
sample_18118.docx,11,66,0.0,0.0,60,0.0,0.0,0.0,0.0,0.0,0
sample_03734.docx,10,66,0.0,0.0,60,0.0,0.0,0.0,0.0,0.0,0
sample_05777.docx,10,66,0.0,0.0,60,0.0,0.0,0.0,0.0,0.0,0
sample_12647.docx,0,0,0.0,0.0,0,0.0,0.0,0.0,0.0,0.0,1
sample_01597.docx,10,66,0.0,0.0,60,0.0,0.0,0.0,0.0,0.0,0
sample_13776.docx,9,100,1.0,1.0,94,3.0,1.0,1.0,1.0,5.0,1
sample_05616.docx,0,0,0.0,0.0,0,0.0,0.0,0.0,0.0,0.0,1
sample_04144.docx,9,100,1.0,1.0,94,3.0,1.0,1.0,1.0,5.0,1
sample_17218.docx,10,66,0.0,0.0,60,0.0,0.0,0.0,0.0,0.0,0
sample_08865.docx,10,66,0.0,0.0,60,0.0,0.0,0.0,0.0,0.0,0
sample_06288.docx,0,0,0.0,0.0,0,0.0,0.0,0.0,0.0,0.0,1
sample_04821.docx,0,0,0.0,0.0,0,0.0,0.0,0.0,0.0,0.0,1
sample_17476.docx,10,66,0.0,0.0,60,0.0,0.0,0.0,0.0,0.0,0
sample_02070.docx,0,0,0.0,0.0,0,0.0,0.0,0.0,0.0,0.0,1
sample_13838.docx,10,66,0.0,0.0,60,0.0,0.0,0.0,0.0,0.0,0
sample_15456.docx,0,0,0.0,0.0,0,0.0,0.0,0.0,0.0,0.0,1
sample_05647.docx,10,66,0.0,0.0,60,0.0,0.0,0.0,0.0,0.0,0
sample_05430.docx,10,66,0.0,0.0,60,0.0,0.0,0.0,0.0,0.0,0
sample_13321.docx,10,66,0.0,0.0,60,0.0,0.0,0.0,0.0,0.0,0
sample_18950.docx,9,100,1.0,1.0,94,3.0,1.0,1.0,1.0,5.0,1
sample_02292.docx,10,66,0.0,0.0,60,0.0,0.0,0.0,0.0,0.0,0
sample_14337.docx,10,66,0.0,0.0,60,0.0,0.0,0.0,0.0,0.0,0
sample_18953.docx,10,66,0.0,0.0,60,0.0,0.0,0.0,0.0,0.0,0
sample_16563.docx,10,66,0.0,0.0,60,0.0,0.0,0.0,0.0,0.0,0
sample_08732.docx,10,66,0.0,0.0,60,0.0,0.0,0.0,0.0,0.0,0
sample_13734.docx,0,0,0.0,0.0,0,0.0,0.0,0.0,0.0,0.0,1
sample_05706.docx,0,0,0.0,0.0,0,0.0,0.0,0.0,0.0,0.0,1
sample_12822.docx,0,66,0.0,0.0,60,0.0,0.0,0.0,0.0,0.0,0
sample_16822.docx,0,0,0.0,0.0,0,0.0,0.0,0.0,0.0,0.0,1
sample_00584.docx,10,66,0.0,0.0,60,0.0,0.0,0.0,0.0,0.0,0
sample_05626.docx,9,100,1.0,1.0,94,3.0,1.0,1.0,1.0,5.0,1
sample_09486.docx,0,0,0.0,0.0,0,0.0,0.0,0.0,0.0,0.0,1
sample_07718.docx,9,100,1.0,1.0,94,3.0,1.0,1.0,1.0,5.0,1
sample_09528.docx,9,66,1.0,1.0,60,3.0,1.0,1.0,1.0,5.0,1
sample_03869.docx,9,66,0.0,0.0,60,0.0,0.0,0.0,0.0,0.0,0
sample_13884.docx,10,66,0.0,0.0,60,0.0,0.0,0.0,0.0,0.0,0
sample_13485.docx,10,66,0.0,0.0,60,0.0,0.0,0.0,0.0,0.0,0
sample_16648.docx,9,100,1.0,1.0,94,3.0,1.0,1.0,1.0,5.0,1
sample_00750.docx,9,100,1.0,1.0,94,3.0,1.0,1.0,1.0,5.0,1
sample_17703.docx,0,0,0.0,0.0,0,0.0,0.0,0.0,0.0,0.0,1
sample_12007.docx,9,100,1.0,1.0,94,3.0,1.0,1.0,1.0,5.0,1
sample_00369.docx,0,0,0.0,0.0,0,0.0,0.0,0.0,0.0,0.0,1
sample_06595.docx,9,100,1.0,1.0,94,3.0,1.0,1.0,1.0,5.0,1
sample_14934.docx,9,100,1.0,1.0,94,3.0,1.0,1.0,1.0,5.0,1
sample_13702.docx,9,100,0.0,0.0,94,0.0,0.0,0.0,0.0,0.0,0
sample_05507.docx,10,66,0.0,0.0,60,0.0,0.0,0.0,0.0,0.0,0
sample_05503.docx,0,0,0.0,0.0,0,0.0,0.0,0.0,0.0,0.0,1
sample_03398.docx,10,66,0.0,0.0,60,0.0,0.0,0.0,0.0,0.0,0
sample_18062.docx,10,66,0.0,0.0,60,0.0,0.0,0.0,0.0,0.0,0
sample_07443.docx,0,0,0.0,0.0,0,0.0,0.0,0.0,0.0,0.0,1
sample_18964.docx,10,66,0.0,0.0,60,0.0,0.0,0.0,0.0,0.0,0
sample_19533.docx,10,66,0.0,0.0,60,0.0,0.0,0.0,0.0,0.0,0
sample_06274.docx,10,66,0.0,0.0,60,0.0,0.0,0.0,0.0,0.0,0
sample_04409.docx,0,0,0.0,0.0,0,0.0,0.0,0.0,0.0,0.0,1
sample_09306.docx,9,100,1.0,1.0,94,3.0,1.0,1.0,1.0,5.0,1
sample_14269.docx,10,66,0.0,0.0,60,0.0,0.0,0.0,0.0,0.0,0
sample_11465.docx,9,100,1.0,1.0,94,3.0,1.0,1.0,1.0,5.0,1
sample_05715.docx,0,0,0.0,0.0,0,0.0,0.0,0.0,0.0,0.0,1
sample_05903.docx,10,66,0.0,0.0,60,0.0,0.0,0.0,0.0,0.0,0
sample_01250.docx,0,0,0.0,0.0,0,0.0,0.0,0.0,0.0,0.0,1
sample_03773.docx,9,100,1.0,1.0,94,3.0,1.0,1.0,1.0,5.0,1
sample_08002.docx,0,0,0.0,0.0,0,0.0,0.0,0.0,0.0,0.0,1
sample_11600.docx,0,0,0.0,0.0,0,0.0,0.0,0.0,0.0,0.0,1
sample_00347.docx,0,0,0.0,0.0,0,0.0,0.0,0.0,0.0,0.0,1
sample_08489.docx,10,66,0.0,0.0,60,0.0,0.0,0.0,0.0,0.0,0
sample_14815.docx,10,66,0.0,0.0,60,0.0,0.0,0.0,0.0,0.0,0
sample_19983.docx,10,66,0.0,0.0,60,0.0,0.0,0.0,0.0,0.0,0
sample_15167.docx,0,0,0.0,0.0,0,0.0,0.0,0.0,0.0,0.0,1
sample_03382.docx,10,66,0.0,0.0,60,0.0,0.0,0.0,0.0,0.0,0
sample_14029.docx,0,0,0.0,0.0,0,0.0,0.0,0.0,0.0,0.0,1
sample_07429.docx,0,0,0.0,0.0,0,0.0,0.0,0.0,0.0,0.0,1
sample_08029.docx,11,66,0.0,0.0,60,0.0,0.0,0.0,0.0,0.0,0
sample_02540.docx,9,100,1.0,1.0,94,3.0,1.0,1.0,1.0,5.0,1
sample_11932.docx,0,0,0.0,0.0,0,0.0,0.0,0.0,0.0,0.0,1
sample_19160.docx,10,66,0.0,0.0,60,0.0,0.0,0.0,0.0,0.0,0
sample_19585.docx,10,66,0.0,0.0,60,0.0,0.0,0.0,0.0,0.0,0
sample_10065.docx,11,64,0.0,0.0,58,0.0,0.0,0.0,0.0,0.0,0
sample_13164.docx,0,0,0.0,0.0,0,0.0,0.0,0.0,0.0,0.0,1
sample_07311.docx,9,100,1.0,1.0,94,3.0,1.0,1.0,1.0,5.0,1
sample_18346.docx,10,66,0.0,0.0,60,0.0,0.0,0.0,0.0,0.0,0
sample_06698.docx,10,66,0.0,0.0,60,0.0,0.0,0.0,0.0,0.0,0
sample_12470.docx,0,0,0.0,0.0,0,0.0,0.0,0.0,0.0,0.0,1
sample_13651.docx,10,66,0.0,0.0,60,0.0,0.0,0.0,0.0,0.0,0
sample_04357.docx,10,66,0.0,0.0,60,0.0,0.0,0.0,0.0,0.0,0
sample_02225.docx,10,66,0.0,0.0,60,0.0,0.0,0.0,0.0,0.0,0
sample_17363.docx,9,66,0.0,0.0,60,0.0,0.0,0.0,0.0,0.0,0
sample_10173.docx,9,100,1.0,1.0,94,3.0,1.0,1.0,1.0,5.0,1
sample_14091.docx,10,66,0.0,0.0,60,0.0,0.0,0.0,0.0,0.0,0
sample_07251.docx,9,100,1.0,1.0,94,3.0,1.0,1.0,1.0,5.0,1
sample_04248.docx,10,66,0.0,0.0,60,0.0,0.0,0.0,0.0,0.0,0
sample_00437.docx,10,66,0.0,0.0,60,0.0,0.0,0.0,0.0,0.0,0
sample_18353.docx,10,66,0.0,0.0,60,0.0,0.0,0.0,0.0,0.0,0
sample_09458.docx,10,66,0.0,0.0,60,0.0,0.0,0.0,0.0,0.0,0
sample_18678.docx,0,0,0.0,0.0,0,0.0,0.0,0.0,0.0,0.0,1
sample_09450.docx,10,66,0.0,0.0,60,0.0,0.0,0.0,0.0,0.0,0
sample_11130.docx,0,0,0.0,0.0,0,0.0,0.0,0.0,0.0,0.0,1
sample_11301.docx,9,100,1.0,1.0,94,3.0,1.0,1.0,1.0,5.0,1
sample_00849.docx,0,0,0.0,0.0,0,0.0,0.0,0.0,0.0,0.0,1
sample_18206.docx,10,66,0.0,0.0,60,0.0,0.0,0.0,0.0,0.0,0
sample_15344.docx,9,66,1.0,1.0,60,3.0,1.0,1.0,1.0,5.0,1
sample_03367.docx,0,0,0.0,0.0,0,0.0,0.0,0.0,0.0,0.0,1
sample_04632.docx,10,66,0.0,0.0,60,0.0,0.0,0.0,0.0,0.0,0
sample_11538.docx,9,100,1.0,1.0,94,3.0,1.0,1.0,1.0,5.0,1
sample_08839.docx,10,66,0.0,0.0,60,0.0,0.0,0.0,0.0,0.0,0
sample_02982.docx,9,100,1.0,1.0,94,3.0,1.0,1.0,1.0,5.0,1
sample_12402.docx,10,66,0.0,0.0,60,0.0,0.0,0.0,0.0,0.0,0
sample_02385.docx,10,66,0.0,0.0,60,0.0,0.0,0.0,0.0,0.0,0
sample_05700.docx,10,66,0.0,0.0,60,0.0,0.0,0.0,0.0,0.0,0
sample_06508.docx,10,66,0.0,0.0,60,0.0,0.0,0.0,0.0,0.0,0
sample_13831.docx,11,66,0.0,0.0,60,0.0,0.0,0.0,0.0,0.0,0
sample_02671.docx,0,0,0.0,0.0,0,0.0,0.0,0.0,0.0,0.0,1
sample_16557.docx,10,66,0.0,0.0,60,0.0,0.0,0.0,0.0,0.0,0
sample_03196.docx,0,0,0.0,0.0,0,0.0,0.0,0.0,0.0,0.0,1
sample_10980.docx,9,66,1.0,1.0,60,3.0,1.0,1.0,1.0,5.0,1
sample_14812.docx,0,0,0.0,0.0,0,0.0,0.0,0.0,0.0,0.0,1
sample_16821.docx,0,0,0.0,0.0,0,0.0,0.0,0.0,0.0,0.0,1
sample_02755.docx,10,66,0.0,0.0,60,0.0,0.0,0.0,0.0,0.0,0
sample_18844.docx,9,100,1.0,1.0,94,3.0,1.0,1.0,1.0,5.0,1
sample_18553.docx,10,66,0.0,0.0,60,0.0,0.0,0.0,0.0,0.0,0
sample_09102.docx,0,0,0.0,0.0,0,0.0,0.0,0.0,0.0,0.0,1
sample_07114.docx,0,0,0.0,0.0,0,0.0,0.0,0.0,0.0,0.0,1
sample_02682.docx,9,100,1.0,1.0,94,3.0,1.0,1.0,1.0,5.0,1
sample_16715.docx,9,100,1.0,1.0,94,3.0,1.0,1.0,1.0,5.0,1
sample_07185.docx,0,0,0.0,0.0,0,0.0,0.0,0.0,0.0,0.0,1
sample_06328.docx,10,66,0.0,0.0,60,0.0,0.0,0.0,0.0,0.0,0
sample_12789.docx,9,66,1.0,1.0,60,3.0,1.0,1.0,1.0,5.0,1
sample_19930.docx,10,66,0.0,0.0,60,0.0,0.0,0.0,0.0,0.0,0
sample_19325.docx,10,66,0.0,0.0,60,0.0,0.0,0.0,0.0,0.0,0
sample_16874.docx,0,0,0.0,0.0,0,0.0,0.0,0.0,0.0,0.0,1
sample_15247.docx,10,66,0.0,0.0,60,0.0,0.0,0.0,0.0,0.0,0
sample_07940.docx,10,66,0.0,0.0,60,0.0,0.0,0.0,0.0,0.0,0
sample_07947.docx,10,66,0.0,0.0,60,0.0,0.0,0.0,0.0,0.0,0
sample_10166.docx,0,0,0.0,0.0,0,0.0,0.0,0.0,0.0,0.0,1
sample_13630.docx,10,66,0.0,0.0,60,0.0,0.0,0.0,0.0,0.0,0
sample_08179.docx,9,100,1.0,1.0,94,3.0,1.0,1.0,1.0,5.0,1
sample_17633.docx,10,66,0.0,0.0,60,0.0,0.0,0.0,0.0,0.0,0
sample_13025.docx,9,66,0.0,0.0,60,0.0,0.0,0.0,0.0,0.0,0
sample_18479.docx,9,100,1.0,1.0,94,3.0,1.0,1.0,1.0,5.0,1
sample_14024.docx,0,0,0.0,0.0,0,0.0,0.0,0.0,0.0,0.0,1
sample_02853.docx,10,66,0.0,0.0,60,0.0,0.0,0.0,0.0,0.0,0
sample_01441.docx,0,0,0.0,0.0,0,0.0,0.0,0.0,0.0,0.0,1
sample_00034.docx,0,0,0.0,0.0,0,0.0,0.0,0.0,0.0,0.0,1
sample_18470.docx,9,100,1.0,1.0,94,3.0,1.0,1.0,1.0,5.0,1
sample_05462.docx,9,100,1.0,1.0,94,3.0,1.0,1.0,1.0,5.0,1
sample_00367.docx,0,0,0.0,0.0,0,0.0,0.0,0.0,0.0,0.0,1
sample_07239.docx,0,0,0.0,0.0,0,0.0,0.0,0.0,0.0,0.0,1
sample_16185.docx,10,66,0.0,0.0,60,0.0,0.0,0.0,0.0,0.0,0
sample_11849.docx,0,0,0.0,0.0,0,0.0,0.0,0.0,0.0,0.0,1
sample_15789.docx,10,66,0.0,0.0,60,0.0,0.0,0.0,0.0,0.0,0
sample_11813.docx,0,0,0.0,0.0,0,0.0,0.0,0.0,0.0,0.0,1
sample_13115.docx,0,0,0.0,0.0,0,0.0,0.0,0.0,0.0,0.0,1
sample_05337.docx,9,66,0.0,0.0,60,0.0,0.0,0.0,0.0,0.0,0
sample_11187.docx,10,66,0.0,0.0,60,0.0,0.0,0.0,0.0,0.0,0
sample_06986.docx,0,0,0.0,0.0,0,0.0,0.0,0.0,0.0,0.0,1
sample_07400.docx,10,66,0.0,0.0,60,0.0,0.0,0.0,0.0,0.0,0
sample_05832.docx,10,66,0.0,0.0,60,0.0,0.0,0.0,0.0,0.0,0
sample_09990.docx,10,66,0.0,0.0,60,0.0,0.0,0.0,0.0,0.0,0
sample_17600.docx,10,66,0.0,0.0,60,0.0,0.0,0.0,0.0,0.0,0
sample_01310.docx,0,0,0.0,0.0,0,0.0,0.0,0.0,0.0,0.0,1
sample_02042.docx,0,0,0.0,0.0,0,0.0,0.0,0.0,0.0,0.0,1
sample_02259.docx,10,66,0.0,0.0,60,0.0,0.0,0.0,0.0,0.0,0
sample_08327.docx,10,66,0.0,0.0,60,0.0,0.0,0.0,0.0,0.0,0
sample_14222.docx,10,66,0.0,0.0,60,0.0,0.0,0.0,0.0,0.0,0
sample_09091.docx,10,66,0.0,0.0,60,0.0,0.0,0.0,0.0,0.0,0
sample_07975.docx,10,66,0.0,0.0,60,0.0,0.0,0.0,0.0,0.0,0
sample_01298.docx,10,66,0.0,0.0,60,0.0,0.0,0.0,0.0,0.0,0
sample_08993.docx,10,66,0.0,0.0,60,0.0,0.0,0.0,0.0,0.0,0
sample_11097.docx,9,100,1.0,1.0,94,3.0,1.0,1.0,1.0,5.0,1
sample_00433.docx,10,66,0.0,0.0,60,0.0,0.0,0.0,0.0,0.0,0
sample_19739.docx,9,66,1.0,1.0,60,3.0,1.0,1.0,1.0,5.0,1
sample_03439.docx,9,100,1.0,1.0,94,3.0,1.0,1.0,1.0,5.0,1
sample_17438.docx,0,0,0.0,0.0,0,0.0,0.0,0.0,0.0,0.0,1
sample_09824.docx,0,0,0.0,0.0,0,0.0,0.0,0.0,0.0,0.0,1
sample_19270.docx,0,0,0.0,0.0,0,0.0,0.0,0.0,0.0,0.0,1
sample_09632.docx,10,66,0.0,0.0,60,0.0,0.0,0.0,0.0,0.0,0
sample_17317.docx,10,66,0.0,0.0,60,0.0,0.0,0.0,0.0,0.0,0
sample_13430.docx,10,66,0.0,0.0,60,0.0,0.0,0.0,0.0,0.0,0
sample_17889.docx,9,66,1.0,1.0,60,3.0,1.0,1.0,1.0,5.0,1
sample_00806.docx,10,66,0.0,0.0,60,0.0,0.0,0.0,0.0,0.0,0
sample_13065.docx,10,66,0.0,0.0,60,0.0,0.0,0.0,0.0,0.0,0
sample_01154.docx,10,66,0.0,0.0,60,0.0,0.0,0.0,0.0,0.0,0
sample_16708.docx,10,66,0.0,0.0,60,0.0,0.0,0.0,0.0,0.0,0
sample_15432.docx,9,100,1.0,1.0,94,3.0,1.0,1.0,1.0,5.0,1
sample_06016.docx,10,66,0.0,0.0,60,0.0,0.0,0.0,0.0,0.0,0
sample_17157.docx,9,100,1.0,1.0,94,3.0,1.0,1.0,1.0,5.0,1
sample_17545.docx,10,66,0.0,0.0,60,0.0,0.0,0.0,0.0,0.0,0
sample_19326.docx,9,100,0.0,0.0,94,0.0,0.0,0.0,0.0,0.0,0
sample_18571.docx,9,66,1.0,1.0,60,3.0,1.0,1.0,1.0,5.0,1
sample_04564.docx,9,100,1.0,1.0,94,3.0,1.0,1.0,1.0,5.0,1
sample_15542.docx,0,0,0.0,0.0,0,0.0,0.0,0.0,0.0,0.0,1
sample_01833.docx,10,66,0.0,0.0,60,0.0,0.0,0.0,0.0,0.0,0
sample_13778.docx,10,66,0.0,0.0,60,0.0,0.0,0.0,0.0,0.0,0
sample_16171.docx,0,0,0.0,0.0,0,0.0,0.0,0.0,0.0,0.0,1
sample_19633.docx,0,0,0.0,0.0,0,0.0,0.0,0.0,0.0,0.0,1
sample_00291.docx,0,0,0.0,0.0,0,0.0,0.0,0.0,0.0,0.0,1
sample_04422.docx,10,66,0.0,0.0,60,0.0,0.0,0.0,0.0,0.0,0
sample_03492.docx,0,0,0.0,0.0,0,0.0,0.0,0.0,0.0,0.0,1
sample_13862.docx,0,0,0.0,0.0,0,0.0,0.0,0.0,0.0,0.0,1
sample_06181.docx,0,66,0.0,0.0,60,0.0,0.0,0.0,0.0,0.0,0
sample_18670.docx,10,66,0.0,0.0,60,0.0,0.0,0.0,0.0,0.0,0
sample_16003.docx,11,64,0.0,0.0,58,0.0,0.0,0.0,0.0,0.0,0
sample_02406.docx,10,66,0.0,0.0,60,0.0,0.0,0.0,0.0,0.0,0
sample_11731.docx,9,100,1.0,1.0,94,3.0,1.0,1.0,1.0,5.0,1
sample_04177.docx,0,0,0.0,0.0,0,0.0,0.0,0.0,0.0,0.0,1
sample_13750.docx,0,0,0.0,0.0,0,0.0,0.0,0.0,0.0,0.0,1
sample_08678.docx,0,0,0.0,0.0,0,0.0,0.0,0.0,0.0,0.0,1
sample_05698.docx,10,66,0.0,0.0,60,0.0,0.0,0.0,0.0,0.0,0
sample_19263.docx,10,66,0.0,0.0,60,0.0,0.0,0.0,0.0,0.0,0
sample_09407.docx,10,66,0.0,0.0,60,0.0,0.0,0.0,0.0,0.0,0
sample_03822.docx,10,66,0.0,0.0,60,0.0,0.0,0.0,0.0,0.0,0
sample_10430.docx,10,66,0.0,0.0,60,0.0,0.0,0.0,0.0,0.0,0
sample_14481.docx,0,0,0.0,0.0,0,0.0,0.0,0.0,0.0,0.0,1
sample_10588.docx,10,66,0.0,0.0,60,0.0,0.0,0.0,0.0,0.0,0
sample_10326.docx,9,100,1.0,1.0,94,3.0,1.0,1.0,1.0,5.0,1
sample_19282.docx,9,100,1.0,1.0,94,3.0,1.0,1.0,1.0,5.0,1
sample_19032.docx,10,66,0.0,0.0,60,0.0,0.0,0.0,0.0,0.0,0
sample_08957.docx,0,0,0.0,0.0,0,0.0,0.0,0.0,0.0,0.0,1
sample_08020.docx,10,66,0.0,0.0,60,0.0,0.0,0.0,0.0,0.0,0
sample_07524.docx,10,66,0.0,0.0,60,0.0,0.0,0.0,0.0,0.0,0
sample_12602.docx,10,66,0.0,0.0,60,0.0,0.0,0.0,0.0,0.0,0
sample_17517.docx,9,66,1.0,1.0,60,3.0,1.0,1.0,1.0,5.0,1
sample_06345.docx,10,66,0.0,0.0,60,0.0,0.0,0.0,0.0,0.0,0
sample_01508.docx,10,66,0.0,0.0,60,0.0,0.0,0.0,0.0,0.0,0
sample_08689.docx,10,66,0.0,0.0,60,0.0,0.0,0.0,0.0,0.0,0
sample_17658.docx,10,66,0.0,0.0,60,0.0,0.0,0.0,0.0,0.0,0
sample_12485.docx,10,66,0.0,0.0,60,0.0,0.0,0.0,0.0,0.0,0
sample_16513.docx,9,100,1.0,1.0,94,3.0,1.0,1.0,1.0,5.0,1
sample_09318.docx,0,0,0.0,0.0,0,0.0,0.0,0.0,0.0,0.0,1
sample_03286.docx,0,0,0.0,0.0,0,0.0,0.0,0.0,0.0,0.0,1
sample_04126.docx,0,0,0.0,0.0,0,0.0,0.0,0.0,0.0,0.0,1
sample_19649.docx,0,0,0.0,0.0,0,0.0,0.0,0.0,0.0,0.0,1
sample_18082.docx,10,66,0.0,0.0,60,0.0,0.0,0.0,0.0,0.0,0
sample_04760.docx,10,66,0.0,0.0,60,0.0,0.0,0.0,0.0,0.0,0
sample_01351.docx,10,66,0.0,0.0,60,0.0,0.0,0.0,0.0,0.0,0
sample_19329.docx,10,66,0.0,0.0,60,0.0,0.0,0.0,0.0,0.0,0
sample_14469.docx,0,0,0.0,0.0,0,0.0,0.0,0.0,0.0,0.0,1
sample_17133.docx,10,66,0.0,0.0,60,0.0,0.0,0.0,0.0,0.0,0
sample_18395.docx,10,66,0.0,0.0,60,0.0,0.0,0.0,0.0,0.0,0
sample_04226.docx,10,66,0.0,0.0,60,0.0,0.0,0.0,0.0,0.0,0
sample_09597.docx,10,66,0.0,0.0,60,0.0,0.0,0.0,0.0,0.0,0
sample_17389.docx,0,0,0.0,0.0,0,0.0,0.0,0.0,0.0,0.0,1
sample_08644.docx,9,66,1.0,1.0,60,3.0,1.0,1.0,1.0,5.0,1
sample_19322.docx,10,66,0.0,0.0,60,0.0,0.0,0.0,0.0,0.0,0
sample_08857.docx,10,66,0.0,0.0,60,0.0,0.0,0.0,0.0,0.0,0
sample_13811.docx,0,0,0.0,0.0,0,0.0,0.0,0.0,0.0,0.0,1
sample_04316.docx,10,66,0.0,0.0,60,0.0,0.0,0.0,0.0,0.0,0
sample_19770.docx,0,0,0.0,0.0,0,0.0,0.0,0.0,0.0,0.0,1
sample_09412.docx,9,66,1.0,1.0,60,3.0,1.0,1.0,1.0,5.0,1
sample_16612.docx,9,100,1.0,1.0,94,3.0,1.0,1.0,1.0,5.0,1
sample_15444.docx,10,66,0.0,0.0,60,0.0,0.0,0.0,0.0,0.0,0
sample_14679.docx,9,100,0.0,0.0,94,0.0,0.0,0.0,0.0,0.0,0
sample_11342.docx,0,0,0.0,0.0,0,0.0,0.0,0.0,0.0,0.0,1
sample_06294.docx,9,66,1.0,1.0,60,3.0,1.0,1.0,1.0,5.0,1
sample_04140.docx,10,66,0.0,0.0,60,0.0,0.0,0.0,0.0,0.0,0
sample_14933.docx,10,66,0.0,0.0,60,0.0,0.0,0.0,0.0,0.0,0
sample_05731.docx,10,66,0.0,0.0,60,0.0,0.0,0.0,0.0,0.0,0
sample_03277.docx,10,66,0.0,0.0,60,0.0,0.0,0.0,0.0,0.0,0
sample_03291.docx,9,100,1.0,1.0,94,3.0,1.0,1.0,1.0,5.0,1
sample_12201.docx,10,66,0.0,0.0,60,0.0,0.0,0.0,0.0,0.0,0
sample_08854.docx,10,66,0.0,0.0,60,0.0,0.0,0.0,0.0,0.0,0
sample_05709.docx,0,0,0.0,0.0,0,0.0,0.0,0.0,0.0,0.0,1
sample_12987.docx,9,66,1.0,1.0,60,3.0,1.0,1.0,1.0,5.0,1
sample_13587.docx,10,66,0.0,0.0,60,0.0,0.0,0.0,0.0,0.0,0
sample_17215.docx,0,0,0.0,0.0,0,0.0,0.0,0.0,0.0,0.0,1
sample_10472.docx,9,100,1.0,1.0,94,3.0,1.0,1.0,1.0,5.0,1
sample_13476.docx,9,100,1.0,1.0,94,3.0,1.0,1.0,1.0,5.0,1
sample_13606.docx,10,66,0.0,0.0,60,0.0,0.0,0.0,0.0,0.0,0
sample_03056.docx,10,66,0.0,0.0,60,0.0,0.0,0.0,0.0,0.0,0
sample_03458.docx,0,0,0.0,0.0,0,0.0,0.0,0.0,0.0,0.0,1
sample_05728.docx,10,66,0.0,0.0,60,0.0,0.0,0.0,0.0,0.0,0
sample_09311.docx,10,66,0.0,0.0,60,0.0,0.0,0.0,0.0,0.0,0
sample_14452.docx,10,66,0.0,0.0,60,0.0,0.0,0.0,0.0,0.0,0
sample_09739.docx,10,66,0.0,0.0,60,0.0,0.0,0.0,0.0,0.0,0
sample_00736.docx,0,0,0.0,0.0,0,0.0,0.0,0.0,0.0,0.0,1
sample_14606.docx,9,66,1.0,1.0,60,3.0,1.0,1.0,1.0,5.0,1
sample_12034.docx,0,0,0.0,0.0,0,0.0,0.0,0.0,0.0,0.0,1
sample_09813.docx,10,66,0.0,0.0,60,0.0,0.0,0.0,0.0,0.0,0
sample_05737.docx,0,0,0.0,0.0,0,0.0,0.0,0.0,0.0,0.0,1
sample_14665.docx,10,66,0.0,0.0,60,0.0,0.0,0.0,0.0,0.0,0
sample_18575.docx,0,0,0.0,0.0,0,0.0,0.0,0.0,0.0,0.0,1
sample_00266.docx,10,66,0.0,0.0,60,0.0,0.0,0.0,0.0,0.0,0
sample_08288.docx,0,0,0.0,0.0,0,0.0,0.0,0.0,0.0,0.0,1
sample_07144.docx,10,66,0.0,0.0,60,0.0,0.0,0.0,0.0,0.0,0
sample_18903.docx,10,66,0.0,0.0,60,0.0,0.0,0.0,0.0,0.0,0
sample_01946.docx,10,66,0.0,0.0,60,0.0,0.0,0.0,0.0,0.0,0
sample_17924.docx,10,66,0.0,0.0,60,0.0,0.0,0.0,0.0,0.0,0
sample_04266.docx,10,66,0.0,0.0,60,0.0,0.0,0.0,0.0,0.0,0
sample_17728.docx,0,0,0.0,0.0,0,0.0,0.0,0.0,0.0,0.0,1
sample_06562.docx,9,100,0.0,0.0,94,0.0,0.0,0.0,0.0,0.0,0
sample_16988.docx,0,0,0.0,0.0,0,0.0,0.0,0.0,0.0,0.0,1
sample_13149.docx,10,66,0.0,0.0,60,0.0,0.0,0.0,0.0,0.0,0
sample_04676.docx,0,0,0.0,0.0,0,0.0,0.0,0.0,0.0,0.0,1
sample_05150.docx,0,0,0.0,0.0,0,0.0,0.0,0.0,0.0,0.0,1
sample_16583.docx,10,66,0.0,0.0,60,0.0,0.0,0.0,0.0,0.0,0
sample_13488.docx,0,0,0.0,0.0,0,0.0,0.0,0.0,0.0,0.0,1
sample_19874.docx,10,66,0.0,0.0,60,0.0,0.0,0.0,0.0,0.0,0
sample_10789.docx,0,0,0.0,0.0,0,0.0,0.0,0.0,0.0,0.0,1
sample_10151.docx,10,66,0.0,0.0,60,0.0,0.0,0.0,0.0,0.0,0
sample_04878.docx,9,100,1.0,1.0,94,3.0,1.0,1.0,1.0,5.0,1
sample_12487.docx,10,66,0.0,0.0,60,0.0,0.0,0.0,0.0,0.0,0
sample_03728.docx,10,66,0.0,0.0,60,0.0,0.0,0.0,0.0,0.0,0
sample_13308.docx,0,0,0.0,0.0,0,0.0,0.0,0.0,0.0,0.0,1
sample_15723.docx,0,0,0.0,0.0,0,0.0,0.0,0.0,0.0,0.0,1
sample_10038.docx,0,0,0.0,0.0,0,0.0,0.0,0.0,0.0,0.0,1
sample_03879.docx,9,100,1.0,1.0,94,3.0,1.0,1.0,1.0,5.0,1
sample_04657.docx,10,66,0.0,0.0,60,0.0,0.0,0.0,0.0,0.0,0
sample_03862.docx,9,66,1.0,1.0,60,3.0,1.0,1.0,1.0,5.0,1
sample_18247.docx,0,0,0.0,0.0,0,0.0,0.0,0.0,0.0,0.0,1
sample_16854.docx,9,100,1.0,1.0,94,3.0,1.0,1.0,1.0,5.0,1
sample_08114.docx,10,66,0.0,0.0,60,0.0,0.0,0.0,0.0,0.0,0
sample_07846.docx,0,0,0.0,0.0,0,0.0,0.0,0.0,0.0,0.0,1
sample_11482.docx,9,100,1.0,1.0,94,3.0,1.0,1.0,1.0,5.0,1
sample_08783.docx,10,66,0.0,0.0,60,0.0,0.0,0.0,0.0,0.0,0
sample_14579.docx,10,66,0.0,0.0,60,0.0,0.0,0.0,0.0,0.0,0
sample_02001.docx,0,0,0.0,0.0,0,0.0,0.0,0.0,0.0,0.0,1
sample_15764.docx,9,100,1.0,1.0,94,3.0,1.0,1.0,1.0,5.0,1
sample_04793.docx,0,0,0.0,0.0,0,0.0,0.0,0.0,0.0,0.0,1
sample_05549.docx,0,0,0.0,0.0,0,0.0,0.0,0.0,0.0,0.0,1
sample_00720.docx,0,0,0.0,0.0,0,0.0,0.0,0.0,0.0,0.0,1
sample_03280.docx,10,66,0.0,0.0,60,0.0,0.0,0.0,0.0,0.0,0
sample_17906.docx,0,0,0.0,0.0,0,0.0,0.0,0.0,0.0,0.0,1
sample_16880.docx,10,66,0.0,0.0,60,0.0,0.0,0.0,0.0,0.0,0
sample_16130.docx,11,64,0.0,0.0,58,0.0,0.0,0.0,0.0,0.0,0
sample_12013.docx,0,0,0.0,0.0,0,0.0,0.0,0.0,0.0,0.0,1
sample_08481.docx,0,0,0.0,0.0,0,0.0,0.0,0.0,0.0,0.0,1
sample_00778.docx,0,0,0.0,0.0,0,0.0,0.0,0.0,0.0,0.0,1
sample_08175.docx,10,66,0.0,0.0,60,0.0,0.0,0.0,0.0,0.0,0
sample_00482.docx,10,66,0.0,0.0,60,0.0,0.0,0.0,0.0,0.0,0
sample_11966.docx,10,66,0.0,0.0,60,0.0,0.0,0.0,0.0,0.0,0
sample_18835.docx,10,66,0.0,0.0,60,0.0,0.0,0.0,0.0,0.0,0
sample_18661.docx,0,0,0.0,0.0,0,0.0,0.0,0.0,0.0,0.0,1
sample_06786.docx,10,66,0.0,0.0,60,0.0,0.0,0.0,0.0,0.0,0
sample_00378.docx,0,0,0.0,0.0,0,0.0,0.0,0.0,0.0,0.0,1
sample_00911.docx,0,0,0.0,0.0,0,0.0,0.0,0.0,0.0,0.0,1
sample_09342.docx,10,66,0.0,0.0,60,0.0,0.0,0.0,0.0,0.0,0
sample_14404.docx,10,66,0.0,0.0,60,0.0,0.0,0.0,0.0,0.0,0
sample_08235.docx,0,0,0.0,0.0,0,0.0,0.0,0.0,0.0,0.0,1
sample_01700.docx,9,100,1.0,1.0,94,3.0,1.0,1.0,1.0,5.0,1
sample_15128.docx,0,0,0.0,0.0,0,0.0,0.0,0.0,0.0,0.0,1
sample_10738.docx,0,0,0.0,0.0,0,0.0,0.0,0.0,0.0,0.0,1
sample_16503.docx,0,0,0.0,0.0,0,0.0,0.0,0.0,0.0,0.0,1
sample_14450.docx,0,0,0.0,0.0,0,0.0,0.0,0.0,0.0,0.0,1
sample_03812.docx,10,66,0.0,0.0,60,0.0,0.0,0.0,0.0,0.0,0
sample_05116.docx,0,0,0.0,0.0,0,0.0,0.0,0.0,0.0,0.0,1
sample_11443.docx,10,66,0.0,0.0,60,0.0,0.0,0.0,0.0,0.0,0
sample_00957.docx,0,0,0.0,0.0,0,0.0,0.0,0.0,0.0,0.0,1
sample_05692.docx,9,100,1.0,1.0,94,3.0,1.0,1.0,1.0,5.0,1
sample_19485.docx,10,66,0.0,0.0,60,0.0,0.0,0.0,0.0,0.0,0
sample_19974.docx,0,0,0.0,0.0,0,0.0,0.0,0.0,0.0,0.0,1
sample_03212.docx,0,0,0.0,0.0,0,0.0,0.0,0.0,0.0,0.0,1
sample_07203.docx,10,66,0.0,0.0,60,0.0,0.0,0.0,0.0,0.0,0
sample_07583.docx,10,66,0.0,0.0,60,0.0,0.0,0.0,0.0,0.0,0
sample_01175.docx,10,66,0.0,0.0,60,0.0,0.0,0.0,0.0,0.0,0
sample_05249.docx,10,66,0.0,0.0,60,0.0,0.0,0.0,0.0,0.0,0
sample_04740.docx,10,66,0.0,0.0,60,0.0,0.0,0.0,0.0,0.0,0
sample_19203.docx,10,66,0.0,0.0,60,0.0,0.0,0.0,0.0,0.0,0
sample_17430.docx,10,66,0.0,0.0,60,0.0,0.0,0.0,0.0,0.0,0
sample_02597.docx,0,0,0.0,0.0,0,0.0,0.0,0.0,0.0,0.0,1
sample_03116.docx,9,100,1.0,1.0,94,3.0,1.0,1.0,1.0,5.0,1
sample_14474.docx,0,0,0.0,0.0,0,0.0,0.0,0.0,0.0,0.0,1
sample_04046.docx,9,100,1.0,1.0,94,3.0,1.0,1.0,1.0,5.0,1
sample_05200.docx,0,0,0.0,0.0,0,0.0,0.0,0.0,0.0,0.0,1
sample_16922.docx,9,100,1.0,1.0,94,3.0,1.0,1.0,1.0,5.0,1
sample_15176.docx,0,0,0.0,0.0,0,0.0,0.0,0.0,0.0,0.0,1
sample_16263.docx,10,66,0.0,0.0,60,0.0,0.0,0.0,0.0,0.0,0
sample_11510.docx,9,100,1.0,1.0,94,3.0,1.0,1.0,1.0,5.0,1
sample_17568.docx,10,66,0.0,0.0,60,0.0,0.0,0.0,0.0,0.0,0
sample_15257.docx,9,66,1.0,1.0,60,3.0,1.0,1.0,1.0,5.0,1
sample_08445.docx,10,66,0.0,0.0,60,0.0,0.0,0.0,0.0,0.0,0
sample_15440.docx,9,100,1.0,1.0,94,3.0,1.0,1.0,1.0,5.0,1
sample_02549.docx,10,66,0.0,0.0,60,0.0,0.0,0.0,0.0,0.0,0
sample_06195.docx,0,0,0.0,0.0,0,0.0,0.0,0.0,0.0,0.0,1
sample_12578.docx,0,0,0.0,0.0,0,0.0,0.0,0.0,0.0,0.0,1
sample_09745.docx,10,66,0.0,0.0,60,0.0,0.0,0.0,0.0,0.0,0
sample_00508.docx,10,66,0.0,0.0,60,0.0,0.0,0.0,0.0,0.0,0
sample_09766.docx,10,66,0.0,0.0,60,0.0,0.0,0.0,0.0,0.0,0
sample_01158.docx,10,66,0.0,0.0,60,0.0,0.0,0.0,0.0,0.0,0
sample_03617.docx,0,66,0.0,0.0,60,0.0,0.0,0.0,0.0,0.0,0
sample_11478.docx,0,0,0.0,0.0,0,0.0,0.0,0.0,0.0,0.0,1
sample_13816.docx,10,66,0.0,0.0,60,0.0,0.0,0.0,0.0,0.0,0
sample_14512.docx,10,66,0.0,0.0,60,0.0,0.0,0.0,0.0,0.0,0
sample_18497.docx,0,0,0.0,0.0,0,0.0,0.0,0.0,0.0,0.0,1
sample_16201.docx,0,0,0.0,0.0,0,0.0,0.0,0.0,0.0,0.0,1
sample_05861.docx,9,100,1.0,1.0,94,3.0,1.0,1.0,1.0,5.0,1
sample_03880.docx,10,66,0.0,0.0,60,0.0,0.0,0.0,0.0,0.0,0
sample_03578.docx,10,66,0.0,0.0,60,0.0,0.0,0.0,0.0,0.0,0
sample_02715.docx,0,0,0.0,0.0,0,0.0,0.0,0.0,0.0,0.0,1
sample_01477.docx,0,0,0.0,0.0,0,0.0,0.0,0.0,0.0,0.0,1
sample_10880.docx,10,66,0.0,0.0,60,0.0,0.0,0.0,0.0,0.0,0
sample_16110.docx,10,66,0.0,0.0,60,0.0,0.0,0.0,0.0,0.0,0
sample_02217.docx,9,100,1.0,1.0,94,3.0,1.0,1.0,1.0,5.0,1
sample_02414.docx,10,66,0.0,0.0,60,0.0,0.0,0.0,0.0,0.0,0
sample_08329.docx,10,66,0.0,0.0,60,0.0,0.0,0.0,0.0,0.0,0
sample_01949.docx,0,0,0.0,0.0,0,0.0,0.0,0.0,0.0,0.0,1
sample_17260.docx,10,66,0.0,0.0,60,0.0,0.0,0.0,0.0,0.0,0
sample_09346.docx,0,0,0.0,0.0,0,0.0,0.0,0.0,0.0,0.0,1
sample_00578.docx,9,100,1.0,1.0,94,3.0,1.0,1.0,1.0,5.0,1
sample_01413.docx,10,66,0.0,0.0,60,0.0,0.0,0.0,0.0,0.0,0
sample_01087.docx,10,66,0.0,0.0,60,0.0,0.0,0.0,0.0,0.0,0
sample_04176.docx,10,66,0.0,0.0,60,0.0,0.0,0.0,0.0,0.0,0
sample_07092.docx,10,66,0.0,0.0,60,0.0,0.0,0.0,0.0,0.0,0
sample_12800.docx,0,0,0.0,0.0,0,0.0,0.0,0.0,0.0,0.0,1
sample_12662.docx,0,0,0.0,0.0,0,0.0,0.0,0.0,0.0,0.0,1
sample_07480.docx,9,100,1.0,1.0,94,3.0,1.0,1.0,1.0,5.0,1
sample_05582.docx,0,0,0.0,0.0,0,0.0,0.0,0.0,0.0,0.0,1
sample_10175.docx,9,100,1.0,1.0,94,3.0,1.0,1.0,1.0,5.0,1
sample_18320.docx,0,0,0.0,0.0,0,0.0,0.0,0.0,0.0,0.0,1
sample_17554.docx,0,0,0.0,0.0,0,0.0,0.0,0.0,0.0,0.0,1
sample_15776.docx,10,66,0.0,0.0,60,0.0,0.0,0.0,0.0,0.0,0
sample_13720.docx,0,0,0.0,0.0,0,0.0,0.0,0.0,0.0,0.0,1
sample_06077.docx,11,64,0.0,0.0,58,0.0,0.0,0.0,0.0,0.0,0
sample_14671.docx,10,66,0.0,0.0,60,0.0,0.0,0.0,0.0,0.0,0
sample_10715.docx,10,66,0.0,0.0,60,0.0,0.0,0.0,0.0,0.0,0
sample_05676.docx,10,66,0.0,0.0,60,0.0,0.0,0.0,0.0,0.0,0
sample_02502.docx,9,100,1.0,1.0,94,3.0,1.0,1.0,1.0,5.0,1
sample_04586.docx,10,66,0.0,0.0,60,0.0,0.0,0.0,0.0,0.0,0
sample_14730.docx,10,66,0.0,0.0,60,0.0,0.0,0.0,0.0,0.0,0
sample_00399.docx,10,66,0.0,0.0,60,0.0,0.0,0.0,0.0,0.0,0
sample_13446.docx,10,66,0.0,0.0,60,0.0,0.0,0.0,0.0,0.0,0
sample_12582.docx,9,100,1.0,1.0,94,3.0,1.0,1.0,1.0,5.0,1
sample_17965.docx,9,100,1.0,1.0,94,3.0,1.0,1.0,1.0,5.0,1
sample_19720.docx,9,100,1.0,1.0,94,3.0,1.0,1.0,1.0,5.0,1
sample_07870.docx,10,66,0.0,0.0,60,0.0,0.0,0.0,0.0,0.0,0
sample_01787.docx,10,66,0.0,0.0,60,0.0,0.0,0.0,0.0,0.0,0
sample_16207.docx,10,66,0.0,0.0,60,0.0,0.0,0.0,0.0,0.0,0
sample_08135.docx,10,66,0.0,0.0,60,0.0,0.0,0.0,0.0,0.0,0
sample_11016.docx,10,66,0.0,0.0,60,0.0,0.0,0.0,0.0,0.0,0
sample_00421.docx,0,0,0.0,0.0,0,0.0,0.0,0.0,0.0,0.0,1
sample_18507.docx,9,100,1.0,1.0,94,3.0,1.0,1.0,1.0,5.0,1
sample_12770.docx,10,66,0.0,0.0,60,0.0,0.0,0.0,0.0,0.0,0
sample_18450.docx,10,66,0.0,0.0,60,0.0,0.0,0.0,0.0,0.0,0
sample_00338.docx,9,100,1.0,1.0,94,3.0,1.0,1.0,1.0,5.0,1
sample_10707.docx,0,0,0.0,0.0,0,0.0,0.0,0.0,0.0,0.0,1
sample_12950.docx,10,66,0.0,0.0,60,0.0,0.0,0.0,0.0,0.0,0
sample_13135.docx,9,100,1.0,1.0,94,3.0,1.0,1.0,1.0,5.0,1
sample_08655.docx,10,66,0.0,0.0,60,0.0,0.0,0.0,0.0,0.0,0
sample_17787.docx,10,66,0.0,0.0,60,0.0,0.0,0.0,0.0,0.0,0
sample_06793.docx,10,66,0.0,0.0,60,0.0,0.0,0.0,0.0,0.0,0
sample_13491.docx,9,100,1.0,1.0,94,3.0,1.0,1.0,1.0,5.0,1
sample_00416.docx,10,66,0.0,0.0,60,0.0,0.0,0.0,0.0,0.0,0
sample_15882.docx,9,100,1.0,1.0,94,3.0,1.0,1.0,1.0,5.0,1
sample_18491.docx,10,66,0.0,0.0,60,0.0,0.0,0.0,0.0,0.0,0
sample_12758.docx,0,0,0.0,0.0,0,0.0,0.0,0.0,0.0,0.0,1
sample_02725.docx,10,66,0.0,0.0,60,0.0,0.0,0.0,0.0,0.0,0
sample_07348.docx,10,66,0.0,0.0,60,0.0,0.0,0.0,0.0,0.0,0
sample_00351.docx,10,66,0.0,0.0,60,0.0,0.0,0.0,0.0,0.0,0
sample_10456.docx,10,66,0.0,0.0,60,0.0,0.0,0.0,0.0,0.0,0
sample_19890.docx,0,0,0.0,0.0,0,0.0,0.0,0.0,0.0,0.0,1
sample_19028.docx,10,66,0.0,0.0,60,0.0,0.0,0.0,0.0,0.0,0
sample_00605.docx,0,0,0.0,0.0,0,0.0,0.0,0.0,0.0,0.0,1
sample_17436.docx,10,66,0.0,0.0,60,0.0,0.0,0.0,0.0,0.0,0
sample_15044.docx,9,100,1.0,1.0,94,3.0,1.0,1.0,1.0,5.0,1
sample_06078.docx,10,66,0.0,0.0,60,0.0,0.0,0.0,0.0,0.0,0
sample_17068.docx,10,66,0.0,0.0,60,0.0,0.0,0.0,0.0,0.0,0
sample_04437.docx,10,66,0.0,0.0,60,0.0,0.0,0.0,0.0,0.0,0
sample_14105.docx,9,100,1.0,1.0,94,3.0,1.0,1.0,1.0,5.0,1
sample_12244.docx,10,66,0.0,0.0,60,0.0,0.0,0.0,0.0,0.0,0
sample_11132.docx,10,66,0.0,0.0,60,0.0,0.0,0.0,0.0,0.0,0
sample_15254.docx,10,66,0.0,0.0,60,0.0,0.0,0.0,0.0,0.0,0
sample_08696.docx,11,66,0.0,0.0,60,0.0,0.0,0.0,0.0,0.0,0
sample_15248.docx,10,66,0.0,0.0,60,0.0,0.0,0.0,0.0,0.0,0
sample_02957.docx,9,100,1.0,1.0,94,3.0,1.0,1.0,1.0,5.0,1
sample_02169.docx,0,0,0.0,0.0,0,0.0,0.0,0.0,0.0,0.0,1
sample_19342.docx,10,66,0.0,0.0,60,0.0,0.0,0.0,0.0,0.0,0
sample_03765.docx,0,0,0.0,0.0,0,0.0,0.0,0.0,0.0,0.0,1
sample_06543.docx,10,66,0.0,0.0,60,0.0,0.0,0.0,0.0,0.0,0
sample_14004.docx,10,66,0.0,0.0,60,0.0,0.0,0.0,0.0,0.0,0
sample_07219.docx,0,0,0.0,0.0,0,0.0,0.0,0.0,0.0,0.0,1
sample_09313.docx,0,0,0.0,0.0,0,0.0,0.0,0.0,0.0,0.0,1
sample_11926.docx,10,66,0.0,0.0,60,0.0,0.0,0.0,0.0,0.0,0
sample_08726.docx,10,66,0.0,0.0,60,0.0,0.0,0.0,0.0,0.0,0
sample_07137.docx,10,66,0.0,0.0,60,0.0,0.0,0.0,0.0,0.0,0
sample_19003.docx,0,0,0.0,0.0,0,0.0,0.0,0.0,0.0,0.0,1
sample_12741.docx,0,0,0.0,0.0,0,0.0,0.0,0.0,0.0,0.0,1
sample_17443.docx,10,66,0.0,0.0,60,0.0,0.0,0.0,0.0,0.0,0
sample_05025.docx,0,0,0.0,0.0,0,0.0,0.0,0.0,0.0,0.0,1
sample_03054.docx,9,100,1.0,1.0,94,3.0,1.0,1.0,1.0,5.0,1
sample_03150.docx,11,64,0.0,0.0,58,0.0,0.0,0.0,0.0,0.0,0
sample_11095.docx,0,0,0.0,0.0,0,0.0,0.0,0.0,0.0,0.0,1
sample_16920.docx,10,66,0.0,0.0,60,0.0,0.0,0.0,0.0,0.0,0
sample_06747.docx,0,0,0.0,0.0,0,0.0,0.0,0.0,0.0,0.0,1
sample_17783.docx,0,0,0.0,0.0,0,0.0,0.0,0.0,0.0,0.0,1
sample_02053.docx,10,66,0.0,0.0,60,0.0,0.0,0.0,0.0,0.0,0
sample_09381.docx,10,66,0.0,0.0,60,0.0,0.0,0.0,0.0,0.0,0
sample_09231.docx,9,100,1.0,1.0,94,3.0,1.0,1.0,1.0,5.0,1
sample_09955.docx,0,0,0.0,0.0,0,0.0,0.0,0.0,0.0,0.0,1
sample_11677.docx,0,0,0.0,0.0,0,0.0,0.0,0.0,0.0,0.0,1
sample_18083.docx,10,66,0.0,0.0,60,0.0,0.0,0.0,0.0,0.0,0
sample_16386.docx,0,0,0.0,0.0,0,0.0,0.0,0.0,0.0,0.0,1
sample_04759.docx,0,0,0.0,0.0,0,0.0,0.0,0.0,0.0,0.0,1
sample_19915.docx,10,66,0.0,0.0,60,0.0,0.0,0.0,0.0,0.0,0
sample_04697.docx,11,64,0.0,0.0,58,0.0,0.0,0.0,0.0,0.0,0
sample_13495.docx,10,66,0.0,0.0,60,0.0,0.0,0.0,0.0,0.0,0
sample_07102.docx,10,66,0.0,0.0,60,0.0,0.0,0.0,0.0,0.0,0
sample_07830.docx,10,66,0.0,0.0,60,0.0,0.0,0.0,0.0,0.0,0
sample_14266.docx,0,0,0.0,0.0,0,0.0,0.0,0.0,0.0,0.0,1
sample_18521.docx,10,66,0.0,0.0,60,0.0,0.0,0.0,0.0,0.0,0
sample_04523.docx,10,66,0.0,0.0,60,0.0,0.0,0.0,0.0,0.0,0
sample_00931.docx,10,66,0.0,0.0,60,0.0,0.0,0.0,0.0,0.0,0
sample_00871.docx,0,0,0.0,0.0,0,0.0,0.0,0.0,0.0,0.0,1
sample_06841.docx,10,66,0.0,0.0,60,0.0,0.0,0.0,0.0,0.0,0
sample_14773.docx,0,0,0.0,0.0,0,0.0,0.0,0.0,0.0,0.0,1
sample_06787.docx,0,0,0.0,0.0,0,0.0,0.0,0.0,0.0,0.0,1
sample_02732.docx,9,100,1.0,1.0,94,3.0,1.0,1.0,1.0,5.0,1
sample_19922.docx,0,0,0.0,0.0,0,0.0,0.0,0.0,0.0,0.0,1
sample_02213.docx,10,66,0.0,0.0,60,0.0,0.0,0.0,0.0,0.0,0
sample_11719.docx,10,66,0.0,0.0,60,0.0,0.0,0.0,0.0,0.0,0
sample_00599.docx,10,66,0.0,0.0,60,0.0,0.0,0.0,0.0,0.0,0
sample_18446.docx,10,66,0.0,0.0,60,0.0,0.0,0.0,0.0,0.0,0
sample_03980.docx,10,66,0.0,0.0,60,0.0,0.0,0.0,0.0,0.0,0
sample_02489.docx,0,0,0.0,0.0,0,0.0,0.0,0.0,0.0,0.0,1
sample_19391.docx,9,100,1.0,1.0,94,3.0,1.0,1.0,1.0,5.0,1
sample_02975.docx,10,66,0.0,0.0,60,0.0,0.0,0.0,0.0,0.0,0
sample_00346.docx,10,66,0.0,0.0,60,0.0,0.0,0.0,0.0,0.0,0
sample_07999.docx,10,66,0.0,0.0,60,0.0,0.0,0.0,0.0,0.0,0
sample_09435.docx,10,66,0.0,0.0,60,0.0,0.0,0.0,0.0,0.0,0
sample_17976.docx,0,0,0.0,0.0,0,0.0,0.0,0.0,0.0,0.0,1
sample_18767.docx,0,0,0.0,0.0,0,0.0,0.0,0.0,0.0,0.0,1
sample_19383.docx,9,100,1.0,1.0,94,3.0,1.0,1.0,1.0,5.0,1
sample_03539.docx,9,66,1.0,1.0,60,3.0,1.0,1.0,1.0,5.0,1
sample_05484.docx,9,66,1.0,1.0,60,3.0,1.0,1.0,1.0,5.0,1
sample_00615.docx,0,0,0.0,0.0,0,0.0,0.0,0.0,0.0,0.0,1
sample_02250.docx,10,66,0.0,0.0,60,0.0,0.0,0.0,0.0,0.0,0
sample_12982.docx,0,0,0.0,0.0,0,0.0,0.0,0.0,0.0,0.0,1
sample_17622.docx,9,66,1.0,1.0,60,3.0,1.0,1.0,1.0,5.0,1
sample_18237.docx,0,0,0.0,0.0,0,0.0,0.0,0.0,0.0,0.0,1
sample_05295.docx,0,0,0.0,0.0,0,0.0,0.0,0.0,0.0,0.0,1
sample_08061.docx,10,66,0.0,0.0,60,0.0,0.0,0.0,0.0,0.0,0
sample_06685.docx,10,66,0.0,0.0,60,0.0,0.0,0.0,0.0,0.0,0
sample_11349.docx,10,66,0.0,0.0,60,0.0,0.0,0.0,0.0,0.0,0
sample_16963.docx,10,66,0.0,0.0,60,0.0,0.0,0.0,0.0,0.0,0
sample_11034.docx,10,66,0.0,0.0,60,0.0,0.0,0.0,0.0,0.0,0
sample_13799.docx,10,66,0.0,0.0,60,0.0,0.0,0.0,0.0,0.0,0
sample_10646.docx,10,66,0.0,0.0,60,0.0,0.0,0.0,0.0,0.0,0
sample_11508.docx,0,0,0.0,0.0,0,0.0,0.0,0.0,0.0,0.0,1
sample_07393.docx,10,66,0.0,0.0,60,0.0,0.0,0.0,0.0,0.0,0
sample_18418.docx,0,0,0.0,0.0,0,0.0,0.0,0.0,0.0,0.0,1
sample_05124.docx,10,66,0.0,0.0,60,0.0,0.0,0.0,0.0,0.0,0
sample_16690.docx,0,0,0.0,0.0,0,0.0,0.0,0.0,0.0,0.0,1
sample_08889.docx,9,100,1.0,1.0,94,3.0,1.0,1.0,1.0,5.0,1
sample_14527.docx,0,0,0.0,0.0,0,0.0,0.0,0.0,0.0,0.0,1
sample_16060.docx,10,66,0.0,0.0,60,0.0,0.0,0.0,0.0,0.0,0
sample_08709.docx,0,0,0.0,0.0,0,0.0,0.0,0.0,0.0,0.0,1
sample_15607.docx,11,64,0.0,0.0,58,0.0,0.0,0.0,0.0,0.0,0
sample_04463.docx,10,66,0.0,0.0,60,0.0,0.0,0.0,0.0,0.0,0
sample_07872.docx,10,66,0.0,0.0,60,0.0,0.0,0.0,0.0,0.0,0
sample_04038.docx,10,66,0.0,0.0,60,0.0,0.0,0.0,0.0,0.0,0
sample_10727.docx,0,0,0.0,0.0,0,0.0,0.0,0.0,0.0,0.0,1
sample_12122.docx,0,0,0.0,0.0,0,0.0,0.0,0.0,0.0,0.0,1
sample_05126.docx,10,66,0.0,0.0,60,0.0,0.0,0.0,0.0,0.0,0
sample_00450.docx,0,0,0.0,0.0,0,0.0,0.0,0.0,0.0,0.0,1
sample_13634.docx,10,66,0.0,0.0,60,0.0,0.0,0.0,0.0,0.0,0
sample_18821.docx,9,66,1.0,1.0,60,3.0,1.0,1.0,1.0,5.0,1
sample_16760.docx,0,0,0.0,0.0,0,0.0,0.0,0.0,0.0,0.0,1
sample_01792.docx,10,66,0.0,0.0,60,0.0,0.0,0.0,0.0,0.0,0
sample_00939.docx,9,100,1.0,1.0,94,3.0,1.0,1.0,1.0,5.0,1
sample_07656.docx,10,66,0.0,0.0,60,0.0,0.0,0.0,0.0,0.0,0
sample_05738.docx,10,66,0.0,0.0,60,0.0,0.0,0.0,0.0,0.0,0
sample_05894.docx,10,66,0.0,0.0,60,0.0,0.0,0.0,0.0,0.0,0
sample_18775.docx,0,0,0.0,0.0,0,0.0,0.0,0.0,0.0,0.0,1
sample_08132.docx,0,0,0.0,0.0,0,0.0,0.0,0.0,0.0,0.0,1
sample_17249.docx,9,100,1.0,1.0,94,3.0,1.0,1.0,1.0,5.0,1
sample_14796.docx,0,0,0.0,0.0,0,0.0,0.0,0.0,0.0,0.0,1
sample_16406.docx,10,66,0.0,0.0,60,0.0,0.0,0.0,0.0,0.0,0
sample_10475.docx,10,66,0.0,0.0,60,0.0,0.0,0.0,0.0,0.0,0
sample_00821.docx,0,0,0.0,0.0,0,0.0,0.0,0.0,0.0,0.0,1
sample_17038.docx,10,66,0.0,0.0,60,0.0,0.0,0.0,0.0,0.0,0
sample_06295.docx,10,66,0.0,0.0,60,0.0,0.0,0.0,0.0,0.0,0
sample_04559.docx,10,66,0.0,0.0,60,0.0,0.0,0.0,0.0,0.0,0
sample_04990.docx,10,66,0.0,0.0,60,0.0,0.0,0.0,0.0,0.0,0
sample_14874.docx,9,66,1.0,1.0,60,3.0,1.0,1.0,1.0,5.0,1
sample_04817.docx,10,66,0.0,0.0,60,0.0,0.0,0.0,0.0,0.0,0
sample_15417.docx,10,66,0.0,0.0,60,0.0,0.0,0.0,0.0,0.0,0
sample_13927.docx,9,100,1.0,1.0,94,3.0,1.0,1.0,1.0,5.0,1
sample_10227.docx,10,66,0.0,0.0,60,0.0,0.0,0.0,0.0,0.0,0
sample_09930.docx,9,100,1.0,1.0,94,3.0,1.0,1.0,1.0,5.0,1
sample_08230.docx,11,66,0.0,0.0,60,0.0,0.0,0.0,0.0,0.0,0
sample_16329.docx,10,66,0.0,0.0,60,0.0,0.0,0.0,0.0,0.0,0
sample_15447.docx,10,66,0.0,0.0,60,0.0,0.0,0.0,0.0,0.0,0
sample_16723.docx,10,66,0.0,0.0,60,0.0,0.0,0.0,0.0,0.0,0
sample_02863.docx,10,66,0.0,0.0,60,0.0,0.0,0.0,0.0,0.0,0
sample_03915.docx,0,0,0.0,0.0,0,0.0,0.0,0.0,0.0,0.0,1
sample_15501.docx,0,0,0.0,0.0,0,0.0,0.0,0.0,0.0,0.0,1
sample_02313.docx,10,66,0.0,0.0,60,0.0,0.0,0.0,0.0,0.0,0
sample_10774.docx,10,66,0.0,0.0,60,0.0,0.0,0.0,0.0,0.0,0
sample_05369.docx,9,100,0.0,0.0,94,0.0,0.0,0.0,0.0,0.0,0
sample_18127.docx,0,0,0.0,0.0,0,0.0,0.0,0.0,0.0,0.0,1
sample_05176.docx,0,0,0.0,0.0,0,0.0,0.0,0.0,0.0,0.0,1
sample_02918.docx,0,0,0.0,0.0,0,0.0,0.0,0.0,0.0,0.0,1
sample_19798.docx,0,0,0.0,0.0,0,0.0,0.0,0.0,0.0,0.0,1
sample_18076.docx,10,66,0.0,0.0,60,0.0,0.0,0.0,0.0,0.0,0
sample_17258.docx,10,66,0.0,0.0,60,0.0,0.0,0.0,0.0,0.0,0
sample_14113.docx,0,0,0.0,0.0,0,0.0,0.0,0.0,0.0,0.0,1
sample_14369.docx,10,66,0.0,0.0,60,0.0,0.0,0.0,0.0,0.0,0
sample_11892.docx,10,66,0.0,0.0,60,0.0,0.0,0.0,0.0,0.0,0
sample_16978.docx,10,66,0.0,0.0,60,0.0,0.0,0.0,0.0,0.0,0
sample_16373.docx,9,66,1.0,1.0,60,3.0,1.0,1.0,1.0,5.0,1
sample_02014.docx,9,100,1.0,1.0,94,3.0,1.0,1.0,1.0,5.0,1
sample_14967.docx,9,100,1.0,1.0,94,3.0,1.0,1.0,1.0,5.0,1
sample_05522.docx,0,66,0.0,0.0,60,0.0,0.0,0.0,0.0,0.0,0
sample_08779.docx,9,100,1.0,1.0,94,3.0,1.0,1.0,1.0,5.0,1
sample_14856.docx,0,0,0.0,0.0,0,0.0,0.0,0.0,0.0,0.0,1
sample_07749.docx,9,66,1.0,1.0,60,3.0,1.0,1.0,1.0,5.0,1
sample_14633.docx,10,66,0.0,0.0,60,0.0,0.0,0.0,0.0,0.0,0
sample_12521.docx,0,0,0.0,0.0,0,0.0,0.0,0.0,0.0,0.0,1
sample_12412.docx,10,66,0.0,0.0,60,0.0,0.0,0.0,0.0,0.0,0
sample_07145.docx,9,100,1.0,1.0,94,3.0,1.0,1.0,1.0,5.0,1
sample_12327.docx,10,66,0.0,0.0,60,0.0,0.0,0.0,0.0,0.0,0
sample_10871.docx,10,66,0.0,0.0,60,0.0,0.0,0.0,0.0,0.0,0
sample_03840.docx,9,66,1.0,1.0,60,3.0,1.0,1.0,1.0,5.0,1
sample_14572.docx,9,100,1.0,1.0,94,3.0,1.0,1.0,1.0,5.0,1
sample_10413.docx,9,66,1.0,1.0,60,3.0,1.0,1.0,1.0,5.0,1
sample_11503.docx,10,66,0.0,0.0,60,0.0,0.0,0.0,0.0,0.0,0
sample_02241.docx,9,66,1.0,1.0,60,3.0,1.0,1.0,1.0,5.0,1
sample_18985.docx,10,66,0.0,0.0,60,0.0,0.0,0.0,0.0,0.0,0
sample_18788.docx,10,66,0.0,0.0,60,0.0,0.0,0.0,0.0,0.0,0
sample_17420.docx,9,100,1.0,1.0,94,3.0,1.0,1.0,1.0,5.0,1
sample_09269.docx,10,66,0.0,0.0,60,0.0,0.0,0.0,0.0,0.0,0
sample_17477.docx,10,66,0.0,0.0,60,0.0,0.0,0.0,0.0,0.0,0
sample_07553.docx,10,66,0.0,0.0,60,0.0,0.0,0.0,0.0,0.0,0
sample_04958.docx,0,0,0.0,0.0,0,0.0,0.0,0.0,0.0,0.0,1
sample_13109.docx,10,66,0.0,0.0,60,0.0,0.0,0.0,0.0,0.0,0
sample_04613.docx,0,0,0.0,0.0,0,0.0,0.0,0.0,0.0,0.0,1
sample_05480.docx,10,66,0.0,0.0,60,0.0,0.0,0.0,0.0,0.0,0
sample_02656.docx,10,66,0.0,0.0,60,0.0,0.0,0.0,0.0,0.0,0
sample_10561.docx,9,100,1.0,1.0,94,3.0,1.0,1.0,1.0,5.0,1
sample_03044.docx,9,100,1.0,1.0,94,3.0,1.0,1.0,1.0,5.0,1
sample_04786.docx,10,66,0.0,0.0,60,0.0,0.0,0.0,0.0,0.0,0
sample_05687.docx,10,66,0.0,0.0,60,0.0,0.0,0.0,0.0,0.0,0
sample_12752.docx,10,66,0.0,0.0,60,0.0,0.0,0.0,0.0,0.0,0
sample_15364.docx,10,66,0.0,0.0,60,0.0,0.0,0.0,0.0,0.0,0
sample_16955.docx,9,66,1.0,1.0,60,3.0,1.0,1.0,1.0,5.0,1
sample_02033.docx,0,0,0.0,0.0,0,0.0,0.0,0.0,0.0,0.0,1
sample_01236.docx,0,0,0.0,0.0,0,0.0,0.0,0.0,0.0,0.0,1
sample_01275.docx,0,0,0.0,0.0,0,0.0,0.0,0.0,0.0,0.0,1
sample_08890.docx,0,0,0.0,0.0,0,0.0,0.0,0.0,0.0,0.0,1
sample_15875.docx,0,0,0.0,0.0,0,0.0,0.0,0.0,0.0,0.0,1
sample_02764.docx,10,66,0.0,0.0,60,0.0,0.0,0.0,0.0,0.0,0
sample_02142.docx,10,66,0.0,0.0,60,0.0,0.0,0.0,0.0,0.0,0
sample_16283.docx,9,66,1.0,1.0,60,3.0,1.0,1.0,1.0,5.0,1
sample_16468.docx,10,66,0.0,0.0,60,0.0,0.0,0.0,0.0,0.0,0
sample_08498.docx,0,0,0.0,0.0,0,0.0,0.0,0.0,0.0,0.0,1
sample_17679.docx,0,0,0.0,0.0,0,0.0,0.0,0.0,0.0,0.0,1
sample_18036.docx,0,0,0.0,0.0,0,0.0,0.0,0.0,0.0,0.0,1
sample_08995.docx,9,100,1.0,1.0,94,3.0,1.0,1.0,1.0,5.0,1
sample_18263.docx,0,0,0.0,0.0,0,0.0,0.0,0.0,0.0,0.0,1
sample_04573.docx,10,66,0.0,0.0,60,0.0,0.0,0.0,0.0,0.0,0
sample_09673.docx,0,0,0.0,0.0,0,0.0,0.0,0.0,0.0,0.0,1
sample_07932.docx,10,66,0.0,0.0,60,0.0,0.0,0.0,0.0,0.0,0
sample_17179.docx,10,66,0.0,0.0,60,0.0,0.0,0.0,0.0,0.0,0
sample_10987.docx,0,0,0.0,0.0,0,0.0,0.0,0.0,0.0,0.0,1
sample_00897.docx,9,66,1.0,1.0,60,3.0,1.0,1.0,1.0,5.0,1
sample_02062.docx,10,66,0.0,0.0,60,0.0,0.0,0.0,0.0,0.0,0
sample_06034.docx,10,66,0.0,0.0,60,0.0,0.0,0.0,0.0,0.0,0
sample_10261.docx,9,100,1.0,1.0,94,3.0,1.0,1.0,1.0,5.0,1
sample_19757.docx,0,0,0.0,0.0,0,0.0,0.0,0.0,0.0,0.0,1
sample_06132.docx,9,66,1.0,1.0,60,3.0,1.0,1.0,1.0,5.0,1
sample_15040.docx,10,66,0.0,0.0,60,0.0,0.0,0.0,0.0,0.0,0
sample_10090.docx,0,0,0.0,0.0,0,0.0,0.0,0.0,0.0,0.0,1
sample_12975.docx,10,66,0.0,0.0,60,0.0,0.0,0.0,0.0,0.0,0
sample_02691.docx,0,0,0.0,0.0,0,0.0,0.0,0.0,0.0,0.0,1
sample_19101.docx,9,66,0.0,0.0,60,0.0,0.0,0.0,0.0,0.0,0
sample_10793.docx,10,66,0.0,0.0,60,0.0,0.0,0.0,0.0,0.0,0
sample_01922.docx,0,0,0.0,0.0,0,0.0,0.0,0.0,0.0,0.0,1
sample_07596.docx,10,66,0.0,0.0,60,0.0,0.0,0.0,0.0,0.0,0
sample_07632.docx,10,66,0.0,0.0,60,0.0,0.0,0.0,0.0,0.0,0
sample_04638.docx,0,0,0.0,0.0,0,0.0,0.0,0.0,0.0,0.0,1
sample_19099.docx,0,0,0.0,0.0,0,0.0,0.0,0.0,0.0,0.0,1
sample_12781.docx,10,66,0.0,0.0,60,0.0,0.0,0.0,0.0,0.0,0
sample_12220.docx,10,66,0.0,0.0,60,0.0,0.0,0.0,0.0,0.0,0
sample_05391.docx,10,66,0.0,0.0,60,0.0,0.0,0.0,0.0,0.0,0
sample_15583.docx,9,100,1.0,1.0,94,3.0,1.0,1.0,1.0,5.0,1
sample_08982.docx,0,0,0.0,0.0,0,0.0,0.0,0.0,0.0,0.0,1
sample_00330.docx,10,66,0.0,0.0,60,0.0,0.0,0.0,0.0,0.0,0
sample_12429.docx,0,0,0.0,0.0,0,0.0,0.0,0.0,0.0,0.0,1
sample_12731.docx,9,100,1.0,1.0,94,3.0,1.0,1.0,1.0,5.0,1
sample_08024.docx,10,66,0.0,0.0,60,0.0,0.0,0.0,0.0,0.0,0
sample_11643.docx,0,0,0.0,0.0,0,0.0,0.0,0.0,0.0,0.0,1
sample_17926.docx,10,66,0.0,0.0,60,0.0,0.0,0.0,0.0,0.0,0
sample_16944.docx,10,66,0.0,0.0,60,0.0,0.0,0.0,0.0,0.0,0
sample_09133.docx,0,0,0.0,0.0,0,0.0,0.0,0.0,0.0,0.0,1
sample_12644.docx,10,66,0.0,0.0,60,0.0,0.0,0.0,0.0,0.0,0
sample_12380.docx,10,66,0.0,0.0,60,0.0,0.0,0.0,0.0,0.0,0
sample_04612.docx,0,0,0.0,0.0,0,0.0,0.0,0.0,0.0,0.0,1
sample_03158.docx,9,100,1.0,1.0,94,3.0,1.0,1.0,1.0,5.0,1
sample_08149.docx,10,66,0.0,0.0,60,0.0,0.0,0.0,0.0,0.0,0
sample_12474.docx,0,0,0.0,0.0,0,0.0,0.0,0.0,0.0,0.0,1
sample_03627.docx,10,66,0.0,0.0,60,0.0,0.0,0.0,0.0,0.0,0
sample_10386.docx,10,66,0.0,0.0,60,0.0,0.0,0.0,0.0,0.0,0
sample_05068.docx,9,100,1.0,1.0,94,3.0,1.0,1.0,1.0,5.0,1
sample_11865.docx,9,100,1.0,1.0,94,3.0,1.0,1.0,1.0,5.0,1
sample_15984.docx,9,100,1.0,1.0,94,3.0,1.0,1.0,1.0,5.0,1
sample_02647.docx,10,66,0.0,0.0,60,0.0,0.0,0.0,0.0,0.0,0
sample_16695.docx,10,66,0.0,0.0,60,0.0,0.0,0.0,0.0,0.0,0
sample_13744.docx,0,0,0.0,0.0,0,0.0,0.0,0.0,0.0,0.0,1
sample_01267.docx,9,66,1.0,1.0,60,3.0,1.0,1.0,1.0,5.0,1
sample_14941.docx,0,0,0.0,0.0,0,0.0,0.0,0.0,0.0,0.0,1
sample_16764.docx,0,0,0.0,0.0,0,0.0,0.0,0.0,0.0,0.0,1
sample_15173.docx,0,0,0.0,0.0,0,0.0,0.0,0.0,0.0,0.0,1
sample_08527.docx,10,66,0.0,0.0,60,0.0,0.0,0.0,0.0,0.0,0
sample_18503.docx,9,100,1.0,1.0,94,3.0,1.0,1.0,1.0,5.0,1
sample_07770.docx,10,66,0.0,0.0,60,0.0,0.0,0.0,0.0,0.0,0
sample_14631.docx,0,0,0.0,0.0,0,0.0,0.0,0.0,0.0,0.0,1
sample_09872.docx,10,66,0.0,0.0,60,0.0,0.0,0.0,0.0,0.0,0
sample_14277.docx,9,100,1.0,1.0,94,3.0,1.0,1.0,1.0,5.0,1
sample_07299.docx,11,66,0.0,0.0,60,0.0,0.0,0.0,0.0,0.0,0
sample_02360.docx,10,66,0.0,0.0,60,0.0,0.0,0.0,0.0,0.0,0
sample_16155.docx,0,0,0.0,0.0,0,0.0,0.0,0.0,0.0,0.0,1
sample_18243.docx,10,66,0.0,0.0,60,0.0,0.0,0.0,0.0,0.0,0
sample_12896.docx,10,66,0.0,0.0,60,0.0,0.0,0.0,0.0,0.0,0
sample_17437.docx,0,0,0.0,0.0,0,0.0,0.0,0.0,0.0,0.0,1
sample_05843.docx,0,0,0.0,0.0,0,0.0,0.0,0.0,0.0,0.0,1
sample_03663.docx,9,100,1.0,1.0,94,3.0,1.0,1.0,1.0,5.0,1
sample_01322.docx,10,66,0.0,0.0,60,0.0,0.0,0.0,0.0,0.0,0
sample_05723.docx,10,66,0.0,0.0,60,0.0,0.0,0.0,0.0,0.0,0
sample_10043.docx,0,0,0.0,0.0,0,0.0,0.0,0.0,0.0,0.0,1
sample_19412.docx,0,0,0.0,0.0,0,0.0,0.0,0.0,0.0,0.0,1
sample_17030.docx,10,66,0.0,0.0,60,0.0,0.0,0.0,0.0,0.0,0
sample_17618.docx,10,66,0.0,0.0,60,0.0,0.0,0.0,0.0,0.0,0
sample_03308.docx,10,66,0.0,0.0,60,0.0,0.0,0.0,0.0,0.0,0
sample_05333.docx,0,0,0.0,0.0,0,0.0,0.0,0.0,0.0,0.0,1
sample_06605.docx,10,66,0.0,0.0,60,0.0,0.0,0.0,0.0,0.0,0
sample_06455.docx,10,66,0.0,0.0,60,0.0,0.0,0.0,0.0,0.0,0
sample_11833.docx,9,100,0.0,0.0,94,0.0,0.0,0.0,0.0,0.0,0
sample_11498.docx,9,100,1.0,1.0,94,3.0,1.0,1.0,1.0,5.0,1
sample_00530.docx,10,66,0.0,0.0,60,0.0,0.0,0.0,0.0,0.0,0
sample_17158.docx,9,100,1.0,1.0,94,3.0,1.0,1.0,1.0,5.0,1
sample_03140.docx,0,0,0.0,0.0,0,0.0,0.0,0.0,0.0,0.0,1
sample_18522.docx,9,66,1.0,1.0,60,3.0,1.0,1.0,1.0,5.0,1
sample_19175.docx,9,100,1.0,1.0,94,3.0,1.0,1.0,1.0,5.0,1
sample_04350.docx,9,66,0.0,0.0,60,0.0,0.0,0.0,0.0,0.0,0
sample_04810.docx,0,0,0.0,0.0,0,0.0,0.0,0.0,0.0,0.0,1
sample_09768.docx,0,0,0.0,0.0,0,0.0,0.0,0.0,0.0,0.0,1
sample_10797.docx,10,66,0.0,0.0,60,0.0,0.0,0.0,0.0,0.0,0
sample_18196.docx,10,66,0.0,0.0,60,0.0,0.0,0.0,0.0,0.0,0
sample_01995.docx,10,66,0.0,0.0,60,0.0,0.0,0.0,0.0,0.0,0
sample_01332.docx,11,64,0.0,0.0,58,0.0,0.0,0.0,0.0,0.0,0
sample_07499.docx,0,0,0.0,0.0,0,0.0,0.0,0.0,0.0,0.0,1
sample_18019.docx,0,0,0.0,0.0,0,0.0,0.0,0.0,0.0,0.0,1
sample_01664.docx,9,100,1.0,1.0,94,3.0,1.0,1.0,1.0,5.0,1
sample_07229.docx,11,64,0.0,0.0,58,0.0,0.0,0.0,0.0,0.0,0
sample_17180.docx,9,100,1.0,1.0,94,3.0,1.0,1.0,1.0,5.0,1
sample_14179.docx,10,66,0.0,0.0,60,0.0,0.0,0.0,0.0,0.0,0
sample_01723.docx,10,66,0.0,0.0,60,0.0,0.0,0.0,0.0,0.0,0
sample_15063.docx,0,0,0.0,0.0,0,0.0,0.0,0.0,0.0,0.0,1
sample_00970.docx,10,66,0.0,0.0,60,0.0,0.0,0.0,0.0,0.0,0
sample_03305.docx,0,0,0.0,0.0,0,0.0,0.0,0.0,0.0,0.0,1
sample_00951.docx,0,0,0.0,0.0,0,0.0,0.0,0.0,0.0,0.0,1
sample_04518.docx,10,66,0.0,0.0,60,0.0,0.0,0.0,0.0,0.0,0
sample_18029.docx,9,66,1.0,1.0,60,3.0,1.0,1.0,1.0,5.0,1
sample_03860.docx,9,100,1.0,1.0,94,3.0,1.0,1.0,1.0,5.0,1
sample_15816.docx,10,66,0.0,0.0,60,0.0,0.0,0.0,0.0,0.0,0
sample_06415.docx,0,0,0.0,0.0,0,0.0,0.0,0.0,0.0,0.0,1
sample_03207.docx,0,0,0.0,0.0,0,0.0,0.0,0.0,0.0,0.0,1
sample_19432.docx,10,66,0.0,0.0,60,0.0,0.0,0.0,0.0,0.0,0
sample_16781.docx,0,0,0.0,0.0,0,0.0,0.0,0.0,0.0,0.0,1
sample_02886.docx,10,66,0.0,0.0,60,0.0,0.0,0.0,0.0,0.0,0
sample_18117.docx,10,66,0.0,0.0,60,0.0,0.0,0.0,0.0,0.0,0
sample_09075.docx,10,66,0.0,0.0,60,0.0,0.0,0.0,0.0,0.0,0
sample_19583.docx,10,66,0.0,0.0,60,0.0,0.0,0.0,0.0,0.0,0
sample_02611.docx,11,66,0.0,0.0,60,0.0,0.0,0.0,0.0,0.0,0
sample_03831.docx,9,66,0.0,0.0,60,0.0,0.0,0.0,0.0,0.0,0
sample_17555.docx,10,66,0.0,0.0,60,0.0,0.0,0.0,0.0,0.0,0
sample_05862.docx,0,0,0.0,0.0,0,0.0,0.0,0.0,0.0,0.0,1
sample_05943.docx,0,0,0.0,0.0,0,0.0,0.0,0.0,0.0,0.0,1
sample_18881.docx,9,66,1.0,1.0,60,3.0,1.0,1.0,1.0,5.0,1
sample_09970.docx,0,0,0.0,0.0,0,0.0,0.0,0.0,0.0,0.0,1
sample_07892.docx,9,100,1.0,1.0,94,3.0,1.0,1.0,1.0,5.0,1
sample_09662.docx,9,66,1.0,1.0,60,3.0,1.0,1.0,1.0,5.0,1
sample_02509.docx,0,0,0.0,0.0,0,0.0,0.0,0.0,0.0,0.0,1
sample_15361.docx,10,66,0.0,0.0,60,0.0,0.0,0.0,0.0,0.0,0
sample_12140.docx,0,0,0.0,0.0,0,0.0,0.0,0.0,0.0,0.0,1
sample_04263.docx,10,66,0.0,0.0,60,0.0,0.0,0.0,0.0,0.0,0
sample_06269.docx,10,66,0.0,0.0,60,0.0,0.0,0.0,0.0,0.0,0
sample_07602.docx,10,66,0.0,0.0,60,0.0,0.0,0.0,0.0,0.0,0
sample_02731.docx,9,100,1.0,1.0,94,3.0,1.0,1.0,1.0,5.0,1
sample_11669.docx,10,66,0.0,0.0,60,0.0,0.0,0.0,0.0,0.0,0
sample_01615.docx,10,66,0.0,0.0,60,0.0,0.0,0.0,0.0,0.0,0
sample_08004.docx,0,0,0.0,0.0,0,0.0,0.0,0.0,0.0,0.0,1
sample_11736.docx,10,66,0.0,0.0,60,0.0,0.0,0.0,0.0,0.0,0
sample_07487.docx,0,0,0.0,0.0,0,0.0,0.0,0.0,0.0,0.0,1
sample_15001.docx,0,0,0.0,0.0,0,0.0,0.0,0.0,0.0,0.0,1
sample_15956.docx,0,0,0.0,0.0,0,0.0,0.0,0.0,0.0,0.0,1
sample_14809.docx,0,0,0.0,0.0,0,0.0,0.0,0.0,0.0,0.0,1
sample_05528.docx,10,66,0.0,0.0,60,0.0,0.0,0.0,0.0,0.0,0
sample_04452.docx,0,0,0.0,0.0,0,0.0,0.0,0.0,0.0,0.0,1
sample_01515.docx,10,66,0.0,0.0,60,0.0,0.0,0.0,0.0,0.0,0
sample_12004.docx,10,66,0.0,0.0,60,0.0,0.0,0.0,0.0,0.0,0
sample_00192.docx,10,66,0.0,0.0,60,0.0,0.0,0.0,0.0,0.0,0
sample_09753.docx,10,66,0.0,0.0,60,0.0,0.0,0.0,0.0,0.0,0
sample_06679.docx,0,0,0.0,0.0,0,0.0,0.0,0.0,0.0,0.0,1
sample_07719.docx,10,66,0.0,0.0,60,0.0,0.0,0.0,0.0,0.0,0
sample_09475.docx,9,100,1.0,1.0,94,3.0,1.0,1.0,1.0,5.0,1
sample_12888.docx,0,0,0.0,0.0,0,0.0,0.0,0.0,0.0,0.0,1
sample_14970.docx,10,66,0.0,0.0,60,0.0,0.0,0.0,0.0,0.0,0
sample_19788.docx,10,66,0.0,0.0,60,0.0,0.0,0.0,0.0,0.0,0
sample_17953.docx,0,0,0.0,0.0,0,0.0,0.0,0.0,0.0,0.0,1
sample_01469.docx,10,66,0.0,0.0,60,0.0,0.0,0.0,0.0,0.0,0
sample_01839.docx,0,0,0.0,0.0,0,0.0,0.0,0.0,0.0,0.0,1
sample_06854.docx,0,0,0.0,0.0,0,0.0,0.0,0.0,0.0,0.0,1
sample_02947.docx,10,66,0.0,0.0,60,0.0,0.0,0.0,0.0,0.0,0
sample_00887.docx,10,66,0.0,0.0,60,0.0,0.0,0.0,0.0,0.0,0
sample_12751.docx,9,100,1.0,1.0,94,3.0,1.0,1.0,1.0,5.0,1
sample_05558.docx,9,100,1.0,1.0,94,3.0,1.0,1.0,1.0,5.0,1
sample_17338.docx,10,66,0.0,0.0,60,0.0,0.0,0.0,0.0,0.0,0
sample_09683.docx,10,66,0.0,0.0,60,0.0,0.0,0.0,0.0,0.0,0
sample_04867.docx,0,0,0.0,0.0,0,0.0,0.0,0.0,0.0,0.0,1
sample_01463.docx,0,0,0.0,0.0,0,0.0,0.0,0.0,0.0,0.0,1
sample_01702.docx,10,66,0.0,0.0,60,0.0,0.0,0.0,0.0,0.0,0
sample_06970.docx,0,0,0.0,0.0,0,0.0,0.0,0.0,0.0,0.0,1
sample_01035.docx,0,0,0.0,0.0,0,0.0,0.0,0.0,0.0,0.0,1
sample_05751.docx,0,0,0.0,0.0,0,0.0,0.0,0.0,0.0,0.0,1
sample_03036.docx,0,0,0.0,0.0,0,0.0,0.0,0.0,0.0,0.0,1
sample_05526.docx,10,66,0.0,0.0,60,0.0,0.0,0.0,0.0,0.0,0
sample_03252.docx,9,100,1.0,1.0,94,3.0,1.0,1.0,1.0,5.0,1
sample_16530.docx,11,66,0.0,0.0,60,0.0,0.0,0.0,0.0,0.0,0
sample_03460.docx,0,0,0.0,0.0,0,0.0,0.0,0.0,0.0,0.0,1
sample_04522.docx,0,0,0.0,0.0,0,0.0,0.0,0.0,0.0,0.0,1
sample_00096.docx,0,0,0.0,0.0,0,0.0,0.0,0.0,0.0,0.0,1
sample_02459.docx,10,66,0.0,0.0,60,0.0,0.0,0.0,0.0,0.0,0
sample_04381.docx,10,66,0.0,0.0,60,0.0,0.0,0.0,0.0,0.0,0
sample_08019.docx,10,66,0.0,0.0,60,0.0,0.0,0.0,0.0,0.0,0
sample_01014.docx,9,100,1.0,1.0,94,3.0,1.0,1.0,1.0,5.0,1
sample_03976.docx,10,66,0.0,0.0,60,0.0,0.0,0.0,0.0,0.0,0
sample_10594.docx,10,66,0.0,0.0,60,0.0,0.0,0.0,0.0,0.0,0
sample_19605.docx,0,0,0.0,0.0,0,0.0,0.0,0.0,0.0,0.0,1
sample_18150.docx,0,0,0.0,0.0,0,0.0,0.0,0.0,0.0,0.0,1
sample_10079.docx,10,66,0.0,0.0,60,0.0,0.0,0.0,0.0,0.0,0
sample_19314.docx,10,66,0.0,0.0,60,0.0,0.0,0.0,0.0,0.0,0
sample_13966.docx,10,66,0.0,0.0,60,0.0,0.0,0.0,0.0,0.0,0
sample_16109.docx,10,66,0.0,0.0,60,0.0,0.0,0.0,0.0,0.0,0
sample_15561.docx,9,100,1.0,1.0,94,3.0,1.0,1.0,1.0,5.0,1
sample_19905.docx,0,0,0.0,0.0,0,0.0,0.0,0.0,0.0,0.0,1
sample_12092.docx,10,66,0.0,0.0,60,0.0,0.0,0.0,0.0,0.0,0
sample_14491.docx,10,66,0.0,0.0,60,0.0,0.0,0.0,0.0,0.0,0
sample_00562.docx,0,0,0.0,0.0,0,0.0,0.0,0.0,0.0,0.0,1
sample_08935.docx,10,66,0.0,0.0,60,0.0,0.0,0.0,0.0,0.0,0
sample_02282.docx,10,66,0.0,0.0,60,0.0,0.0,0.0,0.0,0.0,0
sample_01058.docx,9,66,1.0,1.0,60,3.0,1.0,1.0,1.0,5.0,1
sample_12646.docx,10,66,0.0,0.0,60,0.0,0.0,0.0,0.0,0.0,0
sample_08933.docx,9,66,0.0,0.0,60,0.0,0.0,0.0,0.0,0.0,0
sample_02398.docx,10,66,0.0,0.0,60,0.0,0.0,0.0,0.0,0.0,0
sample_11841.docx,10,66,0.0,0.0,60,0.0,0.0,0.0,0.0,0.0,0
sample_12661.docx,0,0,0.0,0.0,0,0.0,0.0,0.0,0.0,0.0,1
sample_15076.docx,10,66,0.0,0.0,60,0.0,0.0,0.0,0.0,0.0,0
sample_15262.docx,10,66,0.0,0.0,60,0.0,0.0,0.0,0.0,0.0,0
sample_05474.docx,0,0,0.0,0.0,0,0.0,0.0,0.0,0.0,0.0,1
sample_15251.docx,10,66,0.0,0.0,60,0.0,0.0,0.0,0.0,0.0,0
sample_16452.docx,10,66,0.0,0.0,60,0.0,0.0,0.0,0.0,0.0,0
sample_01811.docx,10,66,0.0,0.0,60,0.0,0.0,0.0,0.0,0.0,0
sample_01080.docx,10,66,0.0,0.0,60,0.0,0.0,0.0,0.0,0.0,0
sample_17933.docx,9,100,1.0,1.0,94,3.0,1.0,1.0,1.0,5.0,1
sample_14321.docx,9,66,1.0,1.0,60,3.0,1.0,1.0,1.0,5.0,1
sample_06092.docx,0,0,0.0,0.0,0,0.0,0.0,0.0,0.0,0.0,1
sample_17773.docx,0,0,0.0,0.0,0,0.0,0.0,0.0,0.0,0.0,1
sample_06862.docx,0,0,0.0,0.0,0,0.0,0.0,0.0,0.0,0.0,1
sample_09587.docx,10,66,0.0,0.0,60,0.0,0.0,0.0,0.0,0.0,0
sample_06362.docx,0,0,0.0,0.0,0,0.0,0.0,0.0,0.0,0.0,1
sample_08068.docx,9,100,0.0,0.0,94,0.0,0.0,0.0,0.0,0.0,0
sample_19253.docx,10,66,0.0,0.0,60,0.0,0.0,0.0,0.0,0.0,0
sample_03912.docx,10,66,0.0,0.0,60,0.0,0.0,0.0,0.0,0.0,0
sample_04105.docx,10,66,0.0,0.0,60,0.0,0.0,0.0,0.0,0.0,0
sample_00595.docx,10,66,0.0,0.0,60,0.0,0.0,0.0,0.0,0.0,0
sample_17602.docx,9,100,1.0,1.0,94,3.0,1.0,1.0,1.0,5.0,1
sample_16321.docx,10,66,0.0,0.0,60,0.0,0.0,0.0,0.0,0.0,0
sample_03225.docx,10,66,0.0,0.0,60,0.0,0.0,0.0,0.0,0.0,0
sample_18295.docx,10,66,0.0,0.0,60,0.0,0.0,0.0,0.0,0.0,0
sample_13911.docx,0,0,0.0,0.0,0,0.0,0.0,0.0,0.0,0.0,1
sample_03901.docx,10,66,0.0,0.0,60,0.0,0.0,0.0,0.0,0.0,0
sample_18112.docx,9,100,1.0,1.0,94,3.0,1.0,1.0,1.0,5.0,1
sample_18184.docx,9,100,1.0,1.0,94,3.0,1.0,1.0,1.0,5.0,1
sample_12059.docx,9,100,1.0,1.0,94,3.0,1.0,1.0,1.0,5.0,1
sample_05268.docx,10,66,0.0,0.0,60,0.0,0.0,0.0,0.0,0.0,0
sample_18234.docx,9,66,1.0,1.0,60,3.0,1.0,1.0,1.0,5.0,1
sample_01358.docx,10,66,0.0,0.0,60,0.0,0.0,0.0,0.0,0.0,0
sample_11929.docx,0,0,0.0,0.0,0,0.0,0.0,0.0,0.0,0.0,1
sample_13363.docx,10,66,0.0,0.0,60,0.0,0.0,0.0,0.0,0.0,0
sample_13873.docx,10,66,0.0,0.0,60,0.0,0.0,0.0,0.0,0.0,0
sample_12970.docx,10,66,0.0,0.0,60,0.0,0.0,0.0,0.0,0.0,0
sample_17075.docx,0,0,0.0,0.0,0,0.0,0.0,0.0,0.0,0.0,1
sample_19427.docx,10,66,0.0,0.0,60,0.0,0.0,0.0,0.0,0.0,0
sample_14273.docx,10,66,0.0,0.0,60,0.0,0.0,0.0,0.0,0.0,0
sample_04838.docx,9,66,1.0,1.0,60,3.0,1.0,1.0,1.0,5.0,1
sample_03936.docx,0,0,0.0,0.0,0,0.0,0.0,0.0,0.0,0.0,1
sample_10476.docx,0,0,0.0,0.0,0,0.0,0.0,0.0,0.0,0.0,1
sample_02620.docx,9,100,1.0,1.0,94,3.0,1.0,1.0,1.0,5.0,1
sample_12211.docx,9,66,1.0,1.0,60,3.0,1.0,1.0,1.0,5.0,1
sample_15152.docx,10,66,0.0,0.0,60,0.0,0.0,0.0,0.0,0.0,0
sample_10163.docx,0,0,0.0,0.0,0,0.0,0.0,0.0,0.0,0.0,1
sample_10436.docx,0,0,0.0,0.0,0,0.0,0.0,0.0,0.0,0.0,1
sample_02747.docx,10,66,0.0,0.0,60,0.0,0.0,0.0,0.0,0.0,0
sample_18038.docx,10,66,0.0,0.0,60,0.0,0.0,0.0,0.0,0.0,0
sample_08201.docx,0,0,0.0,0.0,0,0.0,0.0,0.0,0.0,0.0,1
sample_08386.docx,11,64,0.0,0.0,58,0.0,0.0,0.0,0.0,0.0,0
sample_16418.docx,10,66,0.0,0.0,60,0.0,0.0,0.0,0.0,0.0,0
sample_11228.docx,9,66,1.0,1.0,60,3.0,1.0,1.0,1.0,5.0,1
sample_16744.docx,10,66,0.0,0.0,60,0.0,0.0,0.0,0.0,0.0,0
sample_15721.docx,9,100,1.0,1.0,94,3.0,1.0,1.0,1.0,5.0,1
sample_03406.docx,10,66,0.0,0.0,60,0.0,0.0,0.0,0.0,0.0,0
sample_11372.docx,0,0,0.0,0.0,0,0.0,0.0,0.0,0.0,0.0,1
sample_06777.docx,0,0,0.0,0.0,0,0.0,0.0,0.0,0.0,0.0,1
sample_13532.docx,9,66,1.0,1.0,60,3.0,1.0,1.0,1.0,5.0,1
sample_10225.docx,10,66,0.0,0.0,60,0.0,0.0,0.0,0.0,0.0,0
sample_07828.docx,10,66,0.0,0.0,60,0.0,0.0,0.0,0.0,0.0,0
sample_15051.docx,9,66,1.0,1.0,60,3.0,1.0,1.0,1.0,5.0,1
sample_08301.docx,0,0,0.0,0.0,0,0.0,0.0,0.0,0.0,0.0,1
sample_03566.docx,10,66,0.0,0.0,60,0.0,0.0,0.0,0.0,0.0,0
sample_16099.docx,10,66,0.0,0.0,60,0.0,0.0,0.0,0.0,0.0,0
sample_04023.docx,9,100,1.0,1.0,94,3.0,1.0,1.0,1.0,5.0,1
sample_11236.docx,0,0,0.0,0.0,0,0.0,0.0,0.0,0.0,0.0,1
sample_14858.docx,10,66,0.0,0.0,60,0.0,0.0,0.0,0.0,0.0,0
sample_12630.docx,9,100,1.0,1.0,94,3.0,1.0,1.0,1.0,5.0,1
sample_17938.docx,0,0,0.0,0.0,0,0.0,0.0,0.0,0.0,0.0,1
sample_07262.docx,9,66,1.0,1.0,60,3.0,1.0,1.0,1.0,5.0,1
sample_08600.docx,0,0,0.0,0.0,0,0.0,0.0,0.0,0.0,0.0,1
sample_15163.docx,0,0,0.0,0.0,0,0.0,0.0,0.0,0.0,0.0,1
sample_01214.docx,10,66,0.0,0.0,60,0.0,0.0,0.0,0.0,0.0,0
sample_19362.docx,0,0,0.0,0.0,0,0.0,0.0,0.0,0.0,0.0,1
sample_17144.docx,0,0,0.0,0.0,0,0.0,0.0,0.0,0.0,0.0,1
sample_00322.docx,10,66,0.0,0.0,60,0.0,0.0,0.0,0.0,0.0,0
sample_12294.docx,10,66,0.0,0.0,60,0.0,0.0,0.0,0.0,0.0,0
sample_08947.docx,9,100,0.0,0.0,94,0.0,0.0,0.0,0.0,0.0,0
sample_09201.docx,0,0,0.0,0.0,0,0.0,0.0,0.0,0.0,0.0,1
sample_08958.docx,10,66,0.0,0.0,60,0.0,0.0,0.0,0.0,0.0,0
sample_06083.docx,10,66,0.0,0.0,60,0.0,0.0,0.0,0.0,0.0,0
sample_12104.docx,10,66,0.0,0.0,60,0.0,0.0,0.0,0.0,0.0,0
sample_01153.docx,0,0,0.0,0.0,0,0.0,0.0,0.0,0.0,0.0,1
sample_08576.docx,9,66,1.0,1.0,60,3.0,1.0,1.0,1.0,5.0,1
sample_11724.docx,10,66,0.0,0.0,60,0.0,0.0,0.0,0.0,0.0,0
sample_09845.docx,10,66,0.0,0.0,60,0.0,0.0,0.0,0.0,0.0,0
sample_13175.docx,10,66,0.0,0.0,60,0.0,0.0,0.0,0.0,0.0,0
sample_08637.docx,0,0,0.0,0.0,0,0.0,0.0,0.0,0.0,0.0,1
sample_18791.docx,0,0,0.0,0.0,0,0.0,0.0,0.0,0.0,0.0,1
sample_16259.docx,9,66,1.0,1.0,60,3.0,1.0,1.0,1.0,5.0,1
sample_11700.docx,0,0,0.0,0.0,0,0.0,0.0,0.0,0.0,0.0,1
sample_01000.docx,10,66,0.0,0.0,60,0.0,0.0,0.0,0.0,0.0,0
sample_02841.docx,9,66,1.0,1.0,60,3.0,1.0,1.0,1.0,5.0,1
sample_12941.docx,10,66,0.0,0.0,60,0.0,0.0,0.0,0.0,0.0,0
sample_12183.docx,10,66,0.0,0.0,60,0.0,0.0,0.0,0.0,0.0,0
sample_02756.docx,9,66,1.0,1.0,60,3.0,1.0,1.0,1.0,5.0,1
sample_16633.docx,0,0,0.0,0.0,0,0.0,0.0,0.0,0.0,0.0,1
sample_03047.docx,10,66,0.0,0.0,60,0.0,0.0,0.0,0.0,0.0,0
sample_12566.docx,0,0,0.0,0.0,0,0.0,0.0,0.0,0.0,0.0,1
sample_11850.docx,9,100,1.0,1.0,94,3.0,1.0,1.0,1.0,5.0,1
sample_05197.docx,10,66,0.0,0.0,60,0.0,0.0,0.0,0.0,0.0,0
sample_03746.docx,10,66,0.0,0.0,60,0.0,0.0,0.0,0.0,0.0,0
sample_10628.docx,9,66,1.0,1.0,60,3.0,1.0,1.0,1.0,5.0,1
sample_16592.docx,0,0,0.0,0.0,0,0.0,0.0,0.0,0.0,0.0,1
sample_19323.docx,10,66,0.0,0.0,60,0.0,0.0,0.0,0.0,0.0,0
sample_10282.docx,10,66,0.0,0.0,60,0.0,0.0,0.0,0.0,0.0,0
sample_05604.docx,0,0,0.0,0.0,0,0.0,0.0,0.0,0.0,0.0,1
sample_17880.docx,10,66,0.0,0.0,60,0.0,0.0,0.0,0.0,0.0,0
sample_00065.docx,10,66,0.0,0.0,60,0.0,0.0,0.0,0.0,0.0,0
sample_14407.docx,0,0,0.0,0.0,0,0.0,0.0,0.0,0.0,0.0,1
sample_00125.docx,11,66,0.0,0.0,60,0.0,0.0,0.0,0.0,0.0,0
sample_13441.docx,0,0,0.0,0.0,0,0.0,0.0,0.0,0.0,0.0,1
sample_19194.docx,0,0,0.0,0.0,0,0.0,0.0,0.0,0.0,0.0,1
sample_16423.docx,10,66,0.0,0.0,60,0.0,0.0,0.0,0.0,0.0,0
sample_15241.docx,11,66,0.0,0.0,60,0.0,0.0,0.0,0.0,0.0,0
sample_11148.docx,10,66,0.0,0.0,60,0.0,0.0,0.0,0.0,0.0,0
sample_06237.docx,11,66,0.0,0.0,60,0.0,0.0,0.0,0.0,0.0,0
sample_17831.docx,9,100,1.0,1.0,94,3.0,1.0,1.0,1.0,5.0,1
sample_12245.docx,10,66,0.0,0.0,60,0.0,0.0,0.0,0.0,0.0,0
sample_15752.docx,10,66,0.0,0.0,60,0.0,0.0,0.0,0.0,0.0,0
sample_17039.docx,9,100,1.0,1.0,94,3.0,1.0,1.0,1.0,5.0,1
sample_15689.docx,0,0,0.0,0.0,0,0.0,0.0,0.0,0.0,0.0,1
sample_14938.docx,10,66,0.0,0.0,60,0.0,0.0,0.0,0.0,0.0,0
sample_06033.docx,9,100,1.0,1.0,94,3.0,1.0,1.0,1.0,5.0,1
sample_13432.docx,9,66,0.0,0.0,60,0.0,0.0,0.0,0.0,0.0,0
sample_08176.docx,0,0,0.0,0.0,0,0.0,0.0,0.0,0.0,0.0,1
sample_02009.docx,10,66,0.0,0.0,60,0.0,0.0,0.0,0.0,0.0,0
sample_14634.docx,10,66,0.0,0.0,60,0.0,0.0,0.0,0.0,0.0,0
sample_04984.docx,0,0,0.0,0.0,0,0.0,0.0,0.0,0.0,0.0,1
sample_08539.docx,0,0,0.0,0.0,0,0.0,0.0,0.0,0.0,0.0,1
sample_08948.docx,10,66,0.0,0.0,60,0.0,0.0,0.0,0.0,0.0,0
sample_02866.docx,0,0,0.0,0.0,0,0.0,0.0,0.0,0.0,0.0,1
sample_07550.docx,10,66,0.0,0.0,60,0.0,0.0,0.0,0.0,0.0,0
sample_01271.docx,0,0,0.0,0.0,0,0.0,0.0,0.0,0.0,0.0,1
sample_09198.docx,10,66,0.0,0.0,60,0.0,0.0,0.0,0.0,0.0,0
sample_00491.docx,0,0,0.0,0.0,0,0.0,0.0,0.0,0.0,0.0,1
sample_12660.docx,10,66,0.0,0.0,60,0.0,0.0,0.0,0.0,0.0,0
sample_19525.docx,0,0,0.0,0.0,0,0.0,0.0,0.0,0.0,0.0,1
sample_04718.docx,10,66,0.0,0.0,60,0.0,0.0,0.0,0.0,0.0,0
sample_13341.docx,0,0,0.0,0.0,0,0.0,0.0,0.0,0.0,0.0,1
sample_09460.docx,9,100,1.0,1.0,94,3.0,1.0,1.0,1.0,5.0,1
sample_16398.docx,0,0,0.0,0.0,0,0.0,0.0,0.0,0.0,0.0,1
sample_19026.docx,10,66,0.0,0.0,60,0.0,0.0,0.0,0.0,0.0,0
sample_17871.docx,0,0,0.0,0.0,0,0.0,0.0,0.0,0.0,0.0,1
sample_17609.docx,9,100,1.0,1.0,94,3.0,1.0,1.0,1.0,5.0,1
sample_10514.docx,10,66,0.0,0.0,60,0.0,0.0,0.0,0.0,0.0,0
sample_11564.docx,9,66,1.0,1.0,60,3.0,1.0,1.0,1.0,5.0,1
sample_19554.docx,10,66,0.0,0.0,60,0.0,0.0,0.0,0.0,0.0,0
sample_12228.docx,11,64,0.0,0.0,58,0.0,0.0,0.0,0.0,0.0,0
sample_09437.docx,9,66,1.0,1.0,60,3.0,1.0,1.0,1.0,5.0,1
sample_11920.docx,10,66,0.0,0.0,60,0.0,0.0,0.0,0.0,0.0,0
sample_19780.docx,10,66,0.0,0.0,60,0.0,0.0,0.0,0.0,0.0,0
sample_08198.docx,10,66,0.0,0.0,60,0.0,0.0,0.0,0.0,0.0,0
sample_12009.docx,9,100,1.0,1.0,94,3.0,1.0,1.0,1.0,5.0,1
sample_01865.docx,10,66,0.0,0.0,60,0.0,0.0,0.0,0.0,0.0,0
sample_00902.docx,10,66,0.0,0.0,60,0.0,0.0,0.0,0.0,0.0,0
sample_06109.docx,10,66,0.0,0.0,60,0.0,0.0,0.0,0.0,0.0,0
sample_14580.docx,0,0,0.0,0.0,0,0.0,0.0,0.0,0.0,0.0,1
sample_00013.docx,0,0,0.0,0.0,0,0.0,0.0,0.0,0.0,0.0,1
sample_09850.docx,0,0,0.0,0.0,0,0.0,0.0,0.0,0.0,0.0,1
sample_12683.docx,10,66,0.0,0.0,60,0.0,0.0,0.0,0.0,0.0,0
sample_07028.docx,10,66,0.0,0.0,60,0.0,0.0,0.0,0.0,0.0,0
sample_09968.docx,10,66,0.0,0.0,60,0.0,0.0,0.0,0.0,0.0,0
sample_18862.docx,0,0,0.0,0.0,0,0.0,0.0,0.0,0.0,0.0,1
sample_12468.docx,0,0,0.0,0.0,0,0.0,0.0,0.0,0.0,0.0,1
sample_06032.docx,10,66,0.0,0.0,60,0.0,0.0,0.0,0.0,0.0,0
sample_07490.docx,10,66,0.0,0.0,60,0.0,0.0,0.0,0.0,0.0,0
sample_13533.docx,10,66,0.0,0.0,60,0.0,0.0,0.0,0.0,0.0,0
sample_00427.docx,0,0,0.0,0.0,0,0.0,0.0,0.0,0.0,0.0,1
sample_06502.docx,10,66,0.0,0.0,60,0.0,0.0,0.0,0.0,0.0,0
sample_02458.docx,10,66,0.0,0.0,60,0.0,0.0,0.0,0.0,0.0,0
sample_12921.docx,10,66,0.0,0.0,60,0.0,0.0,0.0,0.0,0.0,0
sample_12546.docx,10,66,0.0,0.0,60,0.0,0.0,0.0,0.0,0.0,0
sample_14297.docx,0,0,0.0,0.0,0,0.0,0.0,0.0,0.0,0.0,1
sample_17638.docx,10,66,0.0,0.0,60,0.0,0.0,0.0,0.0,0.0,0
sample_00339.docx,0,0,0.0,0.0,0,0.0,0.0,0.0,0.0,0.0,1
sample_01655.docx,10,66,0.0,0.0,60,0.0,0.0,0.0,0.0,0.0,0
sample_19664.docx,9,66,1.0,1.0,60,3.0,1.0,1.0,1.0,5.0,1
sample_06956.docx,0,0,0.0,0.0,0,0.0,0.0,0.0,0.0,0.0,1
sample_07084.docx,0,0,0.0,0.0,0,0.0,0.0,0.0,0.0,0.0,1
sample_16023.docx,9,66,1.0,1.0,60,3.0,1.0,1.0,1.0,5.0,1
sample_15394.docx,9,66,1.0,1.0,60,3.0,1.0,1.0,1.0,5.0,1
sample_16251.docx,0,0,0.0,0.0,0,0.0,0.0,0.0,0.0,0.0,1
sample_11859.docx,10,66,0.0,0.0,60,0.0,0.0,0.0,0.0,0.0,0
sample_00250.docx,0,0,0.0,0.0,0,0.0,0.0,0.0,0.0,0.0,1
sample_03309.docx,0,0,0.0,0.0,0,0.0,0.0,0.0,0.0,0.0,1
sample_11330.docx,11,64,0.0,0.0,58,0.0,0.0,0.0,0.0,0.0,0
sample_09909.docx,10,66,0.0,0.0,60,0.0,0.0,0.0,0.0,0.0,0
sample_13160.docx,10,66,0.0,0.0,60,0.0,0.0,0.0,0.0,0.0,0
sample_07841.docx,0,0,0.0,0.0,0,0.0,0.0,0.0,0.0,0.0,1
sample_02758.docx,10,66,0.0,0.0,60,0.0,0.0,0.0,0.0,0.0,0
sample_17489.docx,0,0,0.0,0.0,0,0.0,0.0,0.0,0.0,0.0,1
sample_00830.docx,10,66,0.0,0.0,60,0.0,0.0,0.0,0.0,0.0,0
sample_06138.docx,10,66,0.0,0.0,60,0.0,0.0,0.0,0.0,0.0,0
sample_05473.docx,0,0,0.0,0.0,0,0.0,0.0,0.0,0.0,0.0,1
sample_14593.docx,0,0,0.0,0.0,0,0.0,0.0,0.0,0.0,0.0,1
sample_14432.docx,10,66,0.0,0.0,60,0.0,0.0,0.0,0.0,0.0,0
sample_11387.docx,0,0,0.0,0.0,0,0.0,0.0,0.0,0.0,0.0,1
sample_07836.docx,10,66,0.0,0.0,60,0.0,0.0,0.0,0.0,0.0,0
sample_16057.docx,9,100,1.0,1.0,94,3.0,1.0,1.0,1.0,5.0,1
sample_03848.docx,9,100,1.0,1.0,94,3.0,1.0,1.0,1.0,5.0,1
sample_10731.docx,10,66,0.0,0.0,60,0.0,0.0,0.0,0.0,0.0,0
sample_18784.docx,0,0,0.0,0.0,0,0.0,0.0,0.0,0.0,0.0,1
sample_18031.docx,10,66,0.0,0.0,60,0.0,0.0,0.0,0.0,0.0,0
sample_16754.docx,10,66,0.0,0.0,60,0.0,0.0,0.0,0.0,0.0,0
sample_09980.docx,0,0,0.0,0.0,0,0.0,0.0,0.0,0.0,0.0,1
sample_09600.docx,10,66,0.0,0.0,60,0.0,0.0,0.0,0.0,0.0,0
sample_01030.docx,9,66,1.0,1.0,60,3.0,1.0,1.0,1.0,5.0,1
sample_19063.docx,10,66,0.0,0.0,60,0.0,0.0,0.0,0.0,0.0,0
sample_04538.docx,0,0,0.0,0.0,0,0.0,0.0,0.0,0.0,0.0,1
sample_11176.docx,9,100,1.0,1.0,94,3.0,1.0,1.0,1.0,5.0,1
sample_19604.docx,10,66,0.0,0.0,60,0.0,0.0,0.0,0.0,0.0,0
sample_00966.docx,0,0,0.0,0.0,0,0.0,0.0,0.0,0.0,0.0,1
sample_10197.docx,10,66,0.0,0.0,60,0.0,0.0,0.0,0.0,0.0,0
sample_17093.docx,0,0,0.0,0.0,0,0.0,0.0,0.0,0.0,0.0,1
sample_10536.docx,0,0,0.0,0.0,0,0.0,0.0,0.0,0.0,0.0,1
sample_11073.docx,0,0,0.0,0.0,0,0.0,0.0,0.0,0.0,0.0,1
sample_13261.docx,0,0,0.0,0.0,0,0.0,0.0,0.0,0.0,0.0,1
sample_13867.docx,10,66,0.0,0.0,60,0.0,0.0,0.0,0.0,0.0,0
sample_13978.docx,10,66,0.0,0.0,60,0.0,0.0,0.0,0.0,0.0,0
sample_05754.docx,9,100,1.0,1.0,94,3.0,1.0,1.0,1.0,5.0,1
sample_16212.docx,10,66,0.0,0.0,60,0.0,0.0,0.0,0.0,0.0,0
sample_11382.docx,0,0,0.0,0.0,0,0.0,0.0,0.0,0.0,0.0,1
sample_05910.docx,0,0,0.0,0.0,0,0.0,0.0,0.0,0.0,0.0,1
sample_15753.docx,9,100,1.0,1.0,94,3.0,1.0,1.0,1.0,5.0,1
sample_06485.docx,10,66,0.0,0.0,60,0.0,0.0,0.0,0.0,0.0,0
sample_02793.docx,10,66,0.0,0.0,60,0.0,0.0,0.0,0.0,0.0,0
sample_02248.docx,10,66,0.0,0.0,60,0.0,0.0,0.0,0.0,0.0,0
sample_08457.docx,0,0,0.0,0.0,0,0.0,0.0,0.0,0.0,0.0,1
sample_18832.docx,10,66,0.0,0.0,60,0.0,0.0,0.0,0.0,0.0,0
sample_05371.docx,0,0,0.0,0.0,0,0.0,0.0,0.0,0.0,0.0,1
sample_15650.docx,9,100,1.0,1.0,94,3.0,1.0,1.0,1.0,5.0,1
sample_15638.docx,0,0,0.0,0.0,0,0.0,0.0,0.0,0.0,0.0,1
sample_08157.docx,9,66,1.0,1.0,60,3.0,1.0,1.0,1.0,5.0,1
sample_19861.docx,0,0,0.0,0.0,0,0.0,0.0,0.0,0.0,0.0,1
sample_08750.docx,10,66,0.0,0.0,60,0.0,0.0,0.0,0.0,0.0,0
sample_17483.docx,0,0,0.0,0.0,0,0.0,0.0,0.0,0.0,0.0,1
sample_13916.docx,0,0,0.0,0.0,0,0.0,0.0,0.0,0.0,0.0,1
sample_09966.docx,0,0,0.0,0.0,0,0.0,0.0,0.0,0.0,0.0,1
sample_05968.docx,10,66,0.0,0.0,60,0.0,0.0,0.0,0.0,0.0,0
sample_15571.docx,0,0,0.0,0.0,0,0.0,0.0,0.0,0.0,0.0,1
sample_06262.docx,10,66,0.0,0.0,60,0.0,0.0,0.0,0.0,0.0,0
sample_11109.docx,10,66,0.0,0.0,60,0.0,0.0,0.0,0.0,0.0,0
sample_17051.docx,10,66,0.0,0.0,60,0.0,0.0,0.0,0.0,0.0,0
sample_05965.docx,0,0,0.0,0.0,0,0.0,0.0,0.0,0.0,0.0,1
sample_08671.docx,10,66,0.0,0.0,60,0.0,0.0,0.0,0.0,0.0,0
sample_19948.docx,9,66,1.0,1.0,60,3.0,1.0,1.0,1.0,5.0,1
sample_14260.docx,10,66,0.0,0.0,60,0.0,0.0,0.0,0.0,0.0,0
sample_02536.docx,9,100,0.0,0.0,94,0.0,0.0,0.0,0.0,0.0,0
sample_06387.docx,9,66,1.0,1.0,60,3.0,1.0,1.0,1.0,5.0,1
sample_05925.docx,9,100,1.0,1.0,94,3.0,1.0,1.0,1.0,5.0,1
sample_14654.docx,0,0,0.0,0.0,0,0.0,0.0,0.0,0.0,0.0,1
sample_02299.docx,10,66,0.0,0.0,60,0.0,0.0,0.0,0.0,0.0,0
sample_16375.docx,0,0,0.0,0.0,0,0.0,0.0,0.0,0.0,0.0,1
sample_03563.docx,0,0,0.0,0.0,0,0.0,0.0,0.0,0.0,0.0,1
sample_16476.docx,10,66,0.0,0.0,60,0.0,0.0,0.0,0.0,0.0,0
sample_11282.docx,10,66,0.0,0.0,60,0.0,0.0,0.0,0.0,0.0,0
sample_15642.docx,10,66,0.0,0.0,60,0.0,0.0,0.0,0.0,0.0,0
sample_05980.docx,0,0,0.0,0.0,0,0.0,0.0,0.0,0.0,0.0,1
sample_07385.docx,9,100,1.0,1.0,94,3.0,1.0,1.0,1.0,5.0,1
sample_05125.docx,0,0,0.0,0.0,0,0.0,0.0,0.0,0.0,0.0,1
sample_01799.docx,0,0,0.0,0.0,0,0.0,0.0,0.0,0.0,0.0,1
sample_08680.docx,10,66,0.0,0.0,60,0.0,0.0,0.0,0.0,0.0,0
sample_02077.docx,0,0,0.0,0.0,0,0.0,0.0,0.0,0.0,0.0,1
sample_17702.docx,0,0,0.0,0.0,0,0.0,0.0,0.0,0.0,0.0,1
sample_15841.docx,10,66,0.0,0.0,60,0.0,0.0,0.0,0.0,0.0,0
sample_18439.docx,0,0,0.0,0.0,0,0.0,0.0,0.0,0.0,0.0,1
sample_09373.docx,10,66,0.0,0.0,60,0.0,0.0,0.0,0.0,0.0,0
sample_05701.docx,10,66,0.0,0.0,60,0.0,0.0,0.0,0.0,0.0,0
sample_12938.docx,9,100,1.0,1.0,94,3.0,1.0,1.0,1.0,5.0,1
sample_15037.docx,0,0,0.0,0.0,0,0.0,0.0,0.0,0.0,0.0,1
sample_19043.docx,0,0,0.0,0.0,0,0.0,0.0,0.0,0.0,0.0,1
sample_04785.docx,10,66,0.0,0.0,60,0.0,0.0,0.0,0.0,0.0,0
sample_08965.docx,9,66,1.0,1.0,60,3.0,1.0,1.0,1.0,5.0,1
sample_09633.docx,10,66,0.0,0.0,60,0.0,0.0,0.0,0.0,0.0,0
sample_08233.docx,0,0,0.0,0.0,0,0.0,0.0,0.0,0.0,0.0,1
sample_06533.docx,0,0,0.0,0.0,0,0.0,0.0,0.0,0.0,0.0,1
sample_02494.docx,10,66,0.0,0.0,60,0.0,0.0,0.0,0.0,0.0,0
sample_09281.docx,10,66,0.0,0.0,60,0.0,0.0,0.0,0.0,0.0,0
sample_19674.docx,9,66,0.0,0.0,60,0.0,0.0,0.0,0.0,0.0,0
sample_12923.docx,11,64,0.0,0.0,58,0.0,0.0,0.0,0.0,0.0,0
sample_18526.docx,0,0,0.0,0.0,0,0.0,0.0,0.0,0.0,0.0,1
sample_16334.docx,0,0,0.0,0.0,0,0.0,0.0,0.0,0.0,0.0,1
sample_13815.docx,10,66,0.0,0.0,60,0.0,0.0,0.0,0.0,0.0,0
sample_14658.docx,10,66,0.0,0.0,60,0.0,0.0,0.0,0.0,0.0,0
sample_18209.docx,10,66,0.0,0.0,60,0.0,0.0,0.0,0.0,0.0,0
sample_06973.docx,0,0,0.0,0.0,0,0.0,0.0,0.0,0.0,0.0,1
sample_04693.docx,0,0,0.0,0.0,0,0.0,0.0,0.0,0.0,0.0,1
sample_10130.docx,9,100,1.0,1.0,94,3.0,1.0,1.0,1.0,4.0,1
sample_04131.docx,0,0,0.0,0.0,0,0.0,0.0,0.0,0.0,0.0,1
sample_08912.docx,0,0,0.0,0.0,0,0.0,0.0,0.0,0.0,0.0,1
sample_16064.docx,9,66,1.0,1.0,60,3.0,1.0,1.0,1.0,5.0,1
sample_14055.docx,0,0,0.0,0.0,0,0.0,0.0,0.0,0.0,0.0,1
sample_06451.docx,10,66,0.0,0.0,60,0.0,0.0,0.0,0.0,0.0,0
sample_01596.docx,10,66,0.0,0.0,60,0.0,0.0,0.0,0.0,0.0,0
sample_01109.docx,0,0,0.0,0.0,0,0.0,0.0,0.0,0.0,0.0,1
sample_14075.docx,10,66,0.0,0.0,60,0.0,0.0,0.0,0.0,0.0,0
sample_00199.docx,10,66,0.0,0.0,60,0.0,0.0,0.0,0.0,0.0,0
sample_01500.docx,10,66,0.0,0.0,60,0.0,0.0,0.0,0.0,0.0,0
sample_15226.docx,9,100,1.0,1.0,94,3.0,1.0,1.0,1.0,5.0,1
sample_06388.docx,10,66,0.0,0.0,60,0.0,0.0,0.0,0.0,0.0,0
sample_04322.docx,0,0,0.0,0.0,0,0.0,0.0,0.0,0.0,0.0,1
sample_11894.docx,0,0,0.0,0.0,0,0.0,0.0,0.0,0.0,0.0,1
sample_12870.docx,0,0,0.0,0.0,0,0.0,0.0,0.0,0.0,0.0,1
sample_00366.docx,0,0,0.0,0.0,0,0.0,0.0,0.0,0.0,0.0,1
sample_08028.docx,9,66,0.0,0.0,60,0.0,0.0,0.0,0.0,0.0,0
sample_04243.docx,9,100,1.0,1.0,94,3.0,1.0,1.0,1.0,5.0,1
sample_19290.docx,0,0,0.0,0.0,0,0.0,0.0,0.0,0.0,0.0,1
sample_04488.docx,10,66,0.0,0.0,60,0.0,0.0,0.0,0.0,0.0,0
sample_16785.docx,0,0,0.0,0.0,0,0.0,0.0,0.0,0.0,0.0,1
sample_03655.docx,9,100,1.0,1.0,94,3.0,1.0,1.0,1.0,5.0,1
sample_15977.docx,10,66,0.0,0.0,60,0.0,0.0,0.0,0.0,0.0,0
sample_16537.docx,0,0,0.0,0.0,0,0.0,0.0,0.0,0.0,0.0,1
sample_04216.docx,9,100,1.0,1.0,94,3.0,1.0,1.0,1.0,5.0,1
sample_16115.docx,10,66,0.0,0.0,60,0.0,0.0,0.0,0.0,0.0,0
sample_19703.docx,9,100,1.0,1.0,94,3.0,1.0,1.0,1.0,5.0,1
sample_09223.docx,0,0,0.0,0.0,0,0.0,0.0,0.0,0.0,0.0,1
sample_15462.docx,0,0,0.0,0.0,0,0.0,0.0,0.0,0.0,0.0,1
sample_14541.docx,0,0,0.0,0.0,0,0.0,0.0,0.0,0.0,0.0,1
sample_14585.docx,10,66,0.0,0.0,60,0.0,0.0,0.0,0.0,0.0,0
sample_15830.docx,0,0,0.0,0.0,0,0.0,0.0,0.0,0.0,0.0,1
sample_12381.docx,10,66,0.0,0.0,60,0.0,0.0,0.0,0.0,0.0,0
sample_15706.docx,10,66,0.0,0.0,60,0.0,0.0,0.0,0.0,0.0,0
sample_04799.docx,10,66,0.0,0.0,60,0.0,0.0,0.0,0.0,0.0,0
sample_19328.docx,0,0,0.0,0.0,0,0.0,0.0,0.0,0.0,0.0,1
sample_12125.docx,10,66,0.0,0.0,60,0.0,0.0,0.0,0.0,0.0,0
sample_18996.docx,0,0,0.0,0.0,0,0.0,0.0,0.0,0.0,0.0,1
sample_05525.docx,9,66,1.0,1.0,60,3.0,1.0,1.0,1.0,5.0,1
sample_18850.docx,10,66,0.0,0.0,60,0.0,0.0,0.0,0.0,0.0,0
sample_19186.docx,0,0,0.0,0.0,0,0.0,0.0,0.0,0.0,0.0,1
sample_01083.docx,0,0,0.0,0.0,0,0.0,0.0,0.0,0.0,0.0,1
sample_04047.docx,10,66,0.0,0.0,60,0.0,0.0,0.0,0.0,0.0,0
sample_11862.docx,0,0,0.0,0.0,0,0.0,0.0,0.0,0.0,0.0,1
sample_02618.docx,0,0,0.0,0.0,0,0.0,0.0,0.0,0.0,0.0,1
sample_13005.docx,0,0,0.0,0.0,0,0.0,0.0,0.0,0.0,0.0,1
sample_18789.docx,9,100,1.0,1.0,94,3.0,1.0,1.0,1.0,5.0,1
sample_01778.docx,10,66,0.0,0.0,60,0.0,0.0,0.0,0.0,0.0,0
sample_08313.docx,10,66,0.0,0.0,60,0.0,0.0,0.0,0.0,0.0,0
sample_11182.docx,0,0,0.0,0.0,0,0.0,0.0,0.0,0.0,0.0,1
sample_10381.docx,0,0,0.0,0.0,0,0.0,0.0,0.0,0.0,0.0,1
sample_12948.docx,9,66,1.0,1.0,60,3.0,1.0,1.0,1.0,5.0,1
sample_06978.docx,10,66,0.0,0.0,60,0.0,0.0,0.0,0.0,0.0,0
sample_05212.docx,9,100,1.0,1.0,94,3.0,1.0,1.0,1.0,5.0,1
sample_09700.docx,10,66,0.0,0.0,60,0.0,0.0,0.0,0.0,0.0,0
sample_15324.docx,10,66,0.0,0.0,60,0.0,0.0,0.0,0.0,0.0,0
sample_04123.docx,0,0,0.0,0.0,0,0.0,0.0,0.0,0.0,0.0,1
sample_06768.docx,0,0,0.0,0.0,0,0.0,0.0,0.0,0.0,0.0,1
sample_07428.docx,10,66,0.0,0.0,60,0.0,0.0,0.0,0.0,0.0,0
sample_08188.docx,9,100,1.0,1.0,94,3.0,1.0,1.0,1.0,5.0,1
sample_08763.docx,10,66,0.0,0.0,60,0.0,0.0,0.0,0.0,0.0,0
sample_03321.docx,10,66,0.0,0.0,60,0.0,0.0,0.0,0.0,0.0,0
sample_07087.docx,0,0,0.0,0.0,0,0.0,0.0,0.0,0.0,0.0,1
sample_08323.docx,10,66,0.0,0.0,60,0.0,0.0,0.0,0.0,0.0,0
sample_09617.docx,9,100,1.0,1.0,94,3.0,1.0,1.0,1.0,5.0,1
sample_07699.docx,10,66,0.0,0.0,60,0.0,0.0,0.0,0.0,0.0,0
sample_03021.docx,10,66,0.0,0.0,60,0.0,0.0,0.0,0.0,0.0,0
sample_09518.docx,10,66,0.0,0.0,60,0.0,0.0,0.0,0.0,0.0,0
sample_04354.docx,0,0,0.0,0.0,0,0.0,0.0,0.0,0.0,0.0,1
sample_19855.docx,10,66,0.0,0.0,60,0.0,0.0,0.0,0.0,0.0,0
sample_17498.docx,9,100,0.0,0.0,94,0.0,0.0,0.0,0.0,0.0,0
sample_17680.docx,10,66,0.0,0.0,60,0.0,0.0,0.0,0.0,0.0,0
sample_08287.docx,10,66,0.0,0.0,60,0.0,0.0,0.0,0.0,0.0,0
sample_02582.docx,10,66,0.0,0.0,60,0.0,0.0,0.0,0.0,0.0,0
sample_16767.docx,9,66,1.0,1.0,60,3.0,1.0,1.0,1.0,5.0,1
sample_01239.docx,10,66,0.0,0.0,60,0.0,0.0,0.0,0.0,0.0,0
sample_16949.docx,10,66,0.0,0.0,60,0.0,0.0,0.0,0.0,0.0,0
sample_16759.docx,10,66,0.0,0.0,60,0.0,0.0,0.0,0.0,0.0,0
sample_11047.docx,0,0,0.0,0.0,0,0.0,0.0,0.0,0.0,0.0,1
sample_12622.docx,10,66,0.0,0.0,60,0.0,0.0,0.0,0.0,0.0,0
sample_13060.docx,0,0,0.0,0.0,0,0.0,0.0,0.0,0.0,0.0,1
sample_13976.docx,10,66,0.0,0.0,60,0.0,0.0,0.0,0.0,0.0,0
sample_12756.docx,9,100,1.0,1.0,94,3.0,1.0,1.0,1.0,5.0,1
sample_19080.docx,9,100,1.0,1.0,94,3.0,1.0,1.0,1.0,5.0,1
sample_19185.docx,0,0,0.0,0.0,0,0.0,0.0,0.0,0.0,0.0,1
sample_04997.docx,10,66,0.0,0.0,60,0.0,0.0,0.0,0.0,0.0,0
sample_15029.docx,0,0,0.0,0.0,0,0.0,0.0,0.0,0.0,0.0,1
sample_01196.docx,0,0,0.0,0.0,0,0.0,0.0,0.0,0.0,0.0,1
sample_12821.docx,10,66,0.0,0.0,60,0.0,0.0,0.0,0.0,0.0,0
sample_09630.docx,0,0,0.0,0.0,0,0.0,0.0,0.0,0.0,0.0,1
sample_05901.docx,0,0,0.0,0.0,0,0.0,0.0,0.0,0.0,0.0,1
sample_15963.docx,10,66,0.0,0.0,60,0.0,0.0,0.0,0.0,0.0,0
sample_07520.docx,9,100,1.0,1.0,94,3.0,1.0,1.0,1.0,5.0,1
sample_07673.docx,9,100,0.0,0.0,94,0.0,0.0,0.0,0.0,0.0,0
sample_08040.docx,0,0,0.0,0.0,0,0.0,0.0,0.0,0.0,0.0,1
sample_07280.docx,0,0,0.0,0.0,0,0.0,0.0,0.0,0.0,0.0,1
sample_09599.docx,10,66,0.0,0.0,60,0.0,0.0,0.0,0.0,0.0,0
sample_18823.docx,10,66,0.0,0.0,60,0.0,0.0,0.0,0.0,0.0,0
sample_12141.docx,9,100,1.0,1.0,94,3.0,1.0,1.0,1.0,5.0,1
sample_16039.docx,10,66,0.0,0.0,60,0.0,0.0,0.0,0.0,0.0,0
sample_06393.docx,11,66,0.0,0.0,60,0.0,0.0,0.0,0.0,0.0,0
sample_00381.docx,0,0,0.0,0.0,0,0.0,0.0,0.0,0.0,0.0,1
sample_14576.docx,10,66,0.0,0.0,60,0.0,0.0,0.0,0.0,0.0,0
sample_04384.docx,10,66,0.0,0.0,60,0.0,0.0,0.0,0.0,0.0,0
sample_10107.docx,9,66,1.0,1.0,60,3.0,1.0,1.0,1.0,5.0,1
sample_06495.docx,10,66,0.0,0.0,60,0.0,0.0,0.0,0.0,0.0,0
sample_13842.docx,10,66,0.0,0.0,60,0.0,0.0,0.0,0.0,0.0,0
sample_17465.docx,10,66,0.0,0.0,60,0.0,0.0,0.0,0.0,0.0,0
sample_01176.docx,9,100,1.0,1.0,94,3.0,1.0,1.0,1.0,5.0,1
sample_14695.docx,0,0,0.0,0.0,0,0.0,0.0,0.0,0.0,0.0,1
sample_12966.docx,10,66,0.0,0.0,60,0.0,0.0,0.0,0.0,0.0,0
sample_08983.docx,0,0,0.0,0.0,0,0.0,0.0,0.0,0.0,0.0,1
sample_13248.docx,0,0,0.0,0.0,0,0.0,0.0,0.0,0.0,0.0,1
sample_16866.docx,0,0,0.0,0.0,0,0.0,0.0,0.0,0.0,0.0,1
sample_15111.docx,0,0,0.0,0.0,0,0.0,0.0,0.0,0.0,0.0,1
sample_00360.docx,9,100,1.0,1.0,94,3.0,1.0,1.0,1.0,5.0,1
sample_04849.docx,0,0,0.0,0.0,0,0.0,0.0,0.0,0.0,0.0,1
sample_03753.docx,0,0,0.0,0.0,0,0.0,0.0,0.0,0.0,0.0,1
sample_06857.docx,0,0,0.0,0.0,0,0.0,0.0,0.0,0.0,0.0,1
sample_05944.docx,10,66,0.0,0.0,60,0.0,0.0,0.0,0.0,0.0,0
sample_01228.docx,0,0,0.0,0.0,0,0.0,0.0,0.0,0.0,0.0,1
sample_10342.docx,0,0,0.0,0.0,0,0.0,0.0,0.0,0.0,0.0,1
sample_07079.docx,9,100,1.0,1.0,94,3.0,1.0,1.0,1.0,5.0,1
sample_16593.docx,10,66,0.0,0.0,60,0.0,0.0,0.0,0.0,0.0,0
sample_04996.docx,10,66,0.0,0.0,60,0.0,0.0,0.0,0.0,0.0,0
sample_09760.docx,0,0,0.0,0.0,0,0.0,0.0,0.0,0.0,0.0,1
sample_16156.docx,0,0,0.0,0.0,0,0.0,0.0,0.0,0.0,0.0,1
sample_07172.docx,0,0,0.0,0.0,0,0.0,0.0,0.0,0.0,0.0,1
sample_15950.docx,9,100,1.0,1.0,94,3.0,1.0,1.0,1.0,5.0,1
sample_17674.docx,10,66,0.0,0.0,60,0.0,0.0,0.0,0.0,0.0,0
sample_18587.docx,10,66,0.0,0.0,60,0.0,0.0,0.0,0.0,0.0,0
sample_14785.docx,0,0,0.0,0.0,0,0.0,0.0,0.0,0.0,0.0,1
sample_05630.docx,10,66,0.0,0.0,60,0.0,0.0,0.0,0.0,0.0,0
sample_00079.docx,10,66,0.0,0.0,60,0.0,0.0,0.0,0.0,0.0,0
sample_14865.docx,10,66,0.0,0.0,60,0.0,0.0,0.0,0.0,0.0,0
sample_01698.docx,10,66,0.0,0.0,60,0.0,0.0,0.0,0.0,0.0,0
sample_08753.docx,10,66,0.0,0.0,60,0.0,0.0,0.0,0.0,0.0,0
sample_18097.docx,0,0,0.0,0.0,0,0.0,0.0,0.0,0.0,0.0,1
sample_07795.docx,10,66,0.0,0.0,60,0.0,0.0,0.0,0.0,0.0,0
sample_06202.docx,10,66,0.0,0.0,60,0.0,0.0,0.0,0.0,0.0,0
sample_15438.docx,0,0,0.0,0.0,0,0.0,0.0,0.0,0.0,0.0,1
sample_07577.docx,0,0,0.0,0.0,0,0.0,0.0,0.0,0.0,0.0,1
sample_19292.docx,0,0,0.0,0.0,0,0.0,0.0,0.0,0.0,0.0,1
sample_11610.docx,0,0,0.0,0.0,0,0.0,0.0,0.0,0.0,0.0,1
sample_04943.docx,0,0,0.0,0.0,0,0.0,0.0,0.0,0.0,0.0,1
sample_00674.docx,10,66,0.0,0.0,60,0.0,0.0,0.0,0.0,0.0,0
sample_07733.docx,0,0,0.0,0.0,0,0.0,0.0,0.0,0.0,0.0,1
sample_03260.docx,0,0,0.0,0.0,0,0.0,0.0,0.0,0.0,0.0,1
sample_18852.docx,0,0,0.0,0.0,0,0.0,0.0,0.0,0.0,0.0,1
sample_06660.docx,9,100,1.0,1.0,94,3.0,1.0,1.0,1.0,5.0,1
sample_18405.docx,10,66,0.0,0.0,60,0.0,0.0,0.0,0.0,0.0,0
sample_08755.docx,10,66,0.0,0.0,60,0.0,0.0,0.0,0.0,0.0,0
sample_17881.docx,9,66,1.0,1.0,60,3.0,1.0,1.0,1.0,5.0,1
sample_04141.docx,10,66,0.0,0.0,60,0.0,0.0,0.0,0.0,0.0,0
sample_04587.docx,10,66,0.0,0.0,60,0.0,0.0,0.0,0.0,0.0,0
sample_05127.docx,10,66,0.0,0.0,60,0.0,0.0,0.0,0.0,0.0,0
sample_16606.docx,9,100,1.0,1.0,94,3.0,1.0,1.0,1.0,5.0,1
sample_06379.docx,10,66,0.0,0.0,60,0.0,0.0,0.0,0.0,0.0,0
sample_08938.docx,10,66,0.0,0.0,60,0.0,0.0,0.0,0.0,0.0,0
sample_07883.docx,0,0,0.0,0.0,0,0.0,0.0,0.0,0.0,0.0,1
sample_17116.docx,10,66,0.0,0.0,60,0.0,0.0,0.0,0.0,0.0,0
sample_10459.docx,9,100,1.0,1.0,94,3.0,1.0,1.0,1.0,5.0,1
sample_09971.docx,10,66,0.0,0.0,60,0.0,0.0,0.0,0.0,0.0,0
sample_09316.docx,10,66,0.0,0.0,60,0.0,0.0,0.0,0.0,0.0,0
sample_19102.docx,10,66,0.0,0.0,60,0.0,0.0,0.0,0.0,0.0,0
sample_00891.docx,9,66,0.0,0.0,60,0.0,0.0,0.0,0.0,0.0,0
sample_10072.docx,10,66,0.0,0.0,60,0.0,0.0,0.0,0.0,0.0,0
sample_01482.docx,10,66,0.0,0.0,60,0.0,0.0,0.0,0.0,0.0,0
sample_10237.docx,0,0,0.0,0.0,0,0.0,0.0,0.0,0.0,0.0,1
sample_05713.docx,10,66,0.0,0.0,60,0.0,0.0,0.0,0.0,0.0,0
sample_16562.docx,10,66,0.0,0.0,60,0.0,0.0,0.0,0.0,0.0,0
sample_05555.docx,0,0,0.0,0.0,0,0.0,0.0,0.0,0.0,0.0,1
sample_06885.docx,0,0,0.0,0.0,0,0.0,0.0,0.0,0.0,0.0,1
sample_06936.docx,10,66,0.0,0.0,60,0.0,0.0,0.0,0.0,0.0,0
sample_04514.docx,0,0,0.0,0.0,0,0.0,0.0,0.0,0.0,0.0,1
sample_03377.docx,0,0,0.0,0.0,0,0.0,0.0,0.0,0.0,0.0,1
sample_15606.docx,10,66,0.0,0.0,60,0.0,0.0,0.0,0.0,0.0,0
sample_12146.docx,10,66,0.0,0.0,60,0.0,0.0,0.0,0.0,0.0,0
sample_03662.docx,0,0,0.0,0.0,0,0.0,0.0,0.0,0.0,0.0,1
sample_13590.docx,10,66,0.0,0.0,60,0.0,0.0,0.0,0.0,0.0,0
sample_02240.docx,0,0,0.0,0.0,0,0.0,0.0,0.0,0.0,0.0,1
sample_14126.docx,9,66,1.0,1.0,60,3.0,1.0,1.0,1.0,5.0,1
sample_08612.docx,0,0,0.0,0.0,0,0.0,0.0,0.0,0.0,0.0,1
sample_15782.docx,10,66,0.0,0.0,60,0.0,0.0,0.0,0.0,0.0,0
sample_03735.docx,9,100,1.0,1.0,94,3.0,1.0,1.0,1.0,5.0,1
sample_16054.docx,9,100,1.0,1.0,94,3.0,1.0,1.0,1.0,5.0,1
sample_10321.docx,10,66,0.0,0.0,60,0.0,0.0,0.0,0.0,0.0,0
sample_02720.docx,0,0,0.0,0.0,0,0.0,0.0,0.0,0.0,0.0,1
sample_00089.docx,10,66,0.0,0.0,60,0.0,0.0,0.0,0.0,0.0,0
sample_14992.docx,10,66,0.0,0.0,60,0.0,0.0,0.0,0.0,0.0,0
sample_06500.docx,10,66,0.0,0.0,60,0.0,0.0,0.0,0.0,0.0,0
sample_09886.docx,9,100,1.0,1.0,94,3.0,1.0,1.0,1.0,5.0,1
sample_05814.docx,0,0,0.0,0.0,0,0.0,0.0,0.0,0.0,0.0,1
sample_10209.docx,10,66,0.0,0.0,60,0.0,0.0,0.0,0.0,0.0,0
sample_08207.docx,10,66,0.0,0.0,60,0.0,0.0,0.0,0.0,0.0,0
sample_11502.docx,10,66,0.0,0.0,60,0.0,0.0,0.0,0.0,0.0,0
sample_13396.docx,0,100,0.0,0.0,94,0.0,0.0,0.0,0.0,0.0,0
sample_15914.docx,0,0,0.0,0.0,0,0.0,0.0,0.0,0.0,0.0,1
sample_07454.docx,10,66,0.0,0.0,60,0.0,0.0,0.0,0.0,0.0,0
sample_13617.docx,0,0,0.0,0.0,0,0.0,0.0,0.0,0.0,0.0,1
sample_12458.docx,0,0,0.0,0.0,0,0.0,0.0,0.0,0.0,0.0,1
sample_01572.docx,10,66,0.0,0.0,60,0.0,0.0,0.0,0.0,0.0,0
sample_00974.docx,10,66,0.0,0.0,60,0.0,0.0,0.0,0.0,0.0,0
sample_03475.docx,10,66,0.0,0.0,60,0.0,0.0,0.0,0.0,0.0,0
sample_18040.docx,0,0,0.0,0.0,0,0.0,0.0,0.0,0.0,0.0,1
sample_10109.docx,0,0,0.0,0.0,0,0.0,0.0,0.0,0.0,0.0,1
sample_00935.docx,10,66,0.0,0.0,60,0.0,0.0,0.0,0.0,0.0,0
sample_04359.docx,0,0,0.0,0.0,0,0.0,0.0,0.0,0.0,0.0,1
sample_09934.docx,0,0,0.0,0.0,0,0.0,0.0,0.0,0.0,0.0,1
sample_05782.docx,10,66,0.0,0.0,60,0.0,0.0,0.0,0.0,0.0,0
sample_08494.docx,10,66,0.0,0.0,60,0.0,0.0,0.0,0.0,0.0,0
sample_05303.docx,10,66,0.0,0.0,60,0.0,0.0,0.0,0.0,0.0,0
sample_17399.docx,9,66,1.0,1.0,60,3.0,1.0,1.0,1.0,5.0,1
sample_00702.docx,0,0,0.0,0.0,0,0.0,0.0,0.0,0.0,0.0,1
sample_06482.docx,0,0,0.0,0.0,0,0.0,0.0,0.0,0.0,0.0,1
sample_17768.docx,9,100,1.0,1.0,94,3.0,1.0,1.0,1.0,5.0,1
sample_03925.docx,10,66,0.0,0.0,60,0.0,0.0,0.0,0.0,0.0,0
sample_04856.docx,10,66,0.0,0.0,60,0.0,0.0,0.0,0.0,0.0,0
sample_00143.docx,10,66,0.0,0.0,60,0.0,0.0,0.0,0.0,0.0,0
sample_09503.docx,10,66,0.0,0.0,60,0.0,0.0,0.0,0.0,0.0,0
sample_09975.docx,10,66,0.0,0.0,60,0.0,0.0,0.0,0.0,0.0,0
sample_08034.docx,10,66,0.0,0.0,60,0.0,0.0,0.0,0.0,0.0,0
sample_07389.docx,0,0,0.0,0.0,0,0.0,0.0,0.0,0.0,0.0,1
sample_14371.docx,0,0,0.0,0.0,0,0.0,0.0,0.0,0.0,0.0,1
sample_09852.docx,10,66,0.0,0.0,60,0.0,0.0,0.0,0.0,0.0,0
sample_08850.docx,9,100,1.0,1.0,94,3.0,1.0,1.0,1.0,5.0,1
sample_06665.docx,0,0,0.0,0.0,0,0.0,0.0,0.0,0.0,0.0,1
sample_17996.docx,0,0,0.0,0.0,0,0.0,0.0,0.0,0.0,0.0,1
sample_12351.docx,11,64,0.0,0.0,58,0.0,0.0,0.0,0.0,0.0,0
sample_16340.docx,10,66,0.0,0.0,60,0.0,0.0,0.0,0.0,0.0,0
sample_13890.docx,0,0,0.0,0.0,0,0.0,0.0,0.0,0.0,0.0,1
sample_19305.docx,10,66,0.0,0.0,60,0.0,0.0,0.0,0.0,0.0,0
sample_10479.docx,0,66,0.0,0.0,60,0.0,0.0,0.0,0.0,0.0,0
sample_13156.docx,9,100,1.0,1.0,94,3.0,1.0,1.0,1.0,5.0,1
sample_01144.docx,10,66,0.0,0.0,60,0.0,0.0,0.0,0.0,0.0,0
sample_18249.docx,9,100,1.0,1.0,94,3.0,1.0,1.0,1.0,5.0,1
sample_09103.docx,10,66,0.0,0.0,60,0.0,0.0,0.0,0.0,0.0,0
sample_04185.docx,10,66,0.0,0.0,60,0.0,0.0,0.0,0.0,0.0,0
sample_07216.docx,10,66,0.0,0.0,60,0.0,0.0,0.0,0.0,0.0,0
sample_07863.docx,10,66,0.0,0.0,60,0.0,0.0,0.0,0.0,0.0,0
sample_03169.docx,10,66,0.0,0.0,60,0.0,0.0,0.0,0.0,0.0,0
sample_17193.docx,10,66,0.0,0.0,60,0.0,0.0,0.0,0.0,0.0,0
sample_02831.docx,10,66,0.0,0.0,60,0.0,0.0,0.0,0.0,0.0,0
sample_01935.docx,10,66,0.0,0.0,60,0.0,0.0,0.0,0.0,0.0,0
sample_00577.docx,10,66,0.0,0.0,60,0.0,0.0,0.0,0.0,0.0,0
sample_07362.docx,9,66,1.0,1.0,60,3.0,1.0,1.0,1.0,5.0,1
sample_11782.docx,10,66,0.0,0.0,60,0.0,0.0,0.0,0.0,0.0,0
sample_01691.docx,0,0,0.0,0.0,0,0.0,0.0,0.0,0.0,0.0,1
sample_16755.docx,0,0,0.0,0.0,0,0.0,0.0,0.0,0.0,0.0,1
sample_17886.docx,0,0,0.0,0.0,0,0.0,0.0,0.0,0.0,0.0,1
sample_06716.docx,0,0,0.0,0.0,0,0.0,0.0,0.0,0.0,0.0,1
sample_09219.docx,9,100,1.0,1.0,94,3.0,1.0,1.0,1.0,5.0,1
sample_10062.docx,10,66,0.0,0.0,60,0.0,0.0,0.0,0.0,0.0,0
sample_02601.docx,10,66,0.0,0.0,60,0.0,0.0,0.0,0.0,0.0,0
sample_16779.docx,9,100,1.0,1.0,94,3.0,1.0,1.0,1.0,5.0,1
sample_17472.docx,9,66,1.0,1.0,60,3.0,1.0,1.0,1.0,5.0,1
sample_01361.docx,10,66,0.0,0.0,60,0.0,0.0,0.0,0.0,0.0,0
sample_00942.docx,10,66,0.0,0.0,60,0.0,0.0,0.0,0.0,0.0,0
sample_00644.docx,10,66,0.0,0.0,60,0.0,0.0,0.0,0.0,0.0,0
sample_08710.docx,0,0,0.0,0.0,0,0.0,0.0,0.0,0.0,0.0,1
sample_06441.docx,0,0,0.0,0.0,0,0.0,0.0,0.0,0.0,0.0,1
sample_11144.docx,10,66,0.0,0.0,60,0.0,0.0,0.0,0.0,0.0,0
sample_01235.docx,10,66,0.0,0.0,60,0.0,0.0,0.0,0.0,0.0,0
sample_16699.docx,0,0,0.0,0.0,0,0.0,0.0,0.0,0.0,0.0,1
sample_15059.docx,0,0,0.0,0.0,0,0.0,0.0,0.0,0.0,0.0,1
sample_01688.docx,9,100,1.0,1.0,94,3.0,1.0,1.0,1.0,5.0,1
sample_03787.docx,10,66,0.0,0.0,60,0.0,0.0,0.0,0.0,0.0,0
sample_19987.docx,10,66,0.0,0.0,60,0.0,0.0,0.0,0.0,0.0,0
sample_15468.docx,0,0,0.0,0.0,0,0.0,0.0,0.0,0.0,0.0,1
sample_06982.docx,0,66,0.0,0.0,60,0.0,0.0,0.0,0.0,0.0,0
sample_00044.docx,10,66,0.0,0.0,60,0.0,0.0,0.0,0.0,0.0,0
sample_14582.docx,10,66,0.0,0.0,60,0.0,0.0,0.0,0.0,0.0,0
sample_15775.docx,10,66,0.0,0.0,60,0.0,0.0,0.0,0.0,0.0,0
sample_06527.docx,10,66,0.0,0.0,60,0.0,0.0,0.0,0.0,0.0,0
sample_18885.docx,10,66,0.0,0.0,60,0.0,0.0,0.0,0.0,0.0,0
sample_17857.docx,0,0,0.0,0.0,0,0.0,0.0,0.0,0.0,0.0,1
sample_19136.docx,10,66,0.0,0.0,60,0.0,0.0,0.0,0.0,0.0,0
sample_19568.docx,0,0,0.0,0.0,0,0.0,0.0,0.0,0.0,0.0,1
sample_12192.docx,0,0,0.0,0.0,0,0.0,0.0,0.0,0.0,0.0,1
sample_12044.docx,0,0,0.0,0.0,0,0.0,0.0,0.0,0.0,0.0,1
sample_03691.docx,9,100,0.0,0.0,94,0.0,0.0,0.0,0.0,0.0,0
sample_03073.docx,0,0,0.0,0.0,0,0.0,0.0,0.0,0.0,0.0,1
sample_08173.docx,0,0,0.0,0.0,0,0.0,0.0,0.0,0.0,0.0,1
sample_03223.docx,9,100,1.0,1.0,94,3.0,1.0,1.0,1.0,5.0,1
sample_18679.docx,10,66,0.0,0.0,60,0.0,0.0,0.0,0.0,0.0,0
sample_16310.docx,0,0,0.0,0.0,0,0.0,0.0,0.0,0.0,0.0,1
sample_00413.docx,10,66,0.0,0.0,60,0.0,0.0,0.0,0.0,0.0,0
sample_03283.docx,10,66,0.0,0.0,60,0.0,0.0,0.0,0.0,0.0,0
sample_02835.docx,0,0,0.0,0.0,0,0.0,0.0,0.0,0.0,0.0,1
sample_17214.docx,10,66,0.0,0.0,60,0.0,0.0,0.0,0.0,0.0,0
sample_07691.docx,0,0,0.0,0.0,0,0.0,0.0,0.0,0.0,0.0,1
sample_10393.docx,10,66,0.0,0.0,60,0.0,0.0,0.0,0.0,0.0,0
sample_14800.docx,0,0,0.0,0.0,0,0.0,0.0,0.0,0.0,0.0,1
sample_08640.docx,10,66,0.0,0.0,60,0.0,0.0,0.0,0.0,0.0,0
sample_17839.docx,0,0,0.0,0.0,0,0.0,0.0,0.0,0.0,0.0,1
sample_03693.docx,10,66,0.0,0.0,60,0.0,0.0,0.0,0.0,0.0,0
sample_15047.docx,10,66,0.0,0.0,60,0.0,0.0,0.0,0.0,0.0,0
sample_14619.docx,10,66,0.0,0.0,60,0.0,0.0,0.0,0.0,0.0,0
sample_04533.docx,0,0,0.0,0.0,0,0.0,0.0,0.0,0.0,0.0,1
sample_06810.docx,0,0,0.0,0.0,0,0.0,0.0,0.0,0.0,0.0,1
sample_06424.docx,10,66,0.0,0.0,60,0.0,0.0,0.0,0.0,0.0,0
sample_05234.docx,10,66,0.0,0.0,60,0.0,0.0,0.0,0.0,0.0,0
sample_17807.docx,9,100,1.0,1.0,94,3.0,1.0,1.0,1.0,5.0,1
sample_15747.docx,0,0,0.0,0.0,0,0.0,0.0,0.0,0.0,0.0,1
sample_03374.docx,10,66,0.0,0.0,60,0.0,0.0,0.0,0.0,0.0,0
sample_00246.docx,0,0,0.0,0.0,0,0.0,0.0,0.0,0.0,0.0,1
sample_08067.docx,10,66,0.0,0.0,60,0.0,0.0,0.0,0.0,0.0,0
sample_12442.docx,9,66,0.0,0.0,60,0.0,0.0,0.0,0.0,0.0,0
sample_03570.docx,10,66,0.0,0.0,60,0.0,0.0,0.0,0.0,0.0,0
sample_19274.docx,0,0,0.0,0.0,0,0.0,0.0,0.0,0.0,0.0,1
sample_03013.docx,0,0,0.0,0.0,0,0.0,0.0,0.0,0.0,0.0,1
sample_06917.docx,10,66,0.0,0.0,60,0.0,0.0,0.0,0.0,0.0,0
sample_08946.docx,10,66,0.0,0.0,60,0.0,0.0,0.0,0.0,0.0,0
sample_13571.docx,10,66,0.0,0.0,60,0.0,0.0,0.0,0.0,0.0,0
sample_03298.docx,10,66,0.0,0.0,60,0.0,0.0,0.0,0.0,0.0,0
sample_17424.docx,10,66,0.0,0.0,60,0.0,0.0,0.0,0.0,0.0,0
sample_02898.docx,10,66,0.0,0.0,60,0.0,0.0,0.0,0.0,0.0,0
sample_14302.docx,9,100,1.0,1.0,94,3.0,1.0,1.0,1.0,5.0,1
sample_02020.docx,0,0,0.0,0.0,0,0.0,0.0,0.0,0.0,0.0,1
sample_11817.docx,10,66,0.0,0.0,60,0.0,0.0,0.0,0.0,0.0,0
sample_10560.docx,10,66,0.0,0.0,60,0.0,0.0,0.0,0.0,0.0,0
sample_06909.docx,10,66,0.0,0.0,60,0.0,0.0,0.0,0.0,0.0,0
sample_01648.docx,9,66,1.0,1.0,60,3.0,1.0,1.0,1.0,5.0,1
sample_14461.docx,0,0,0.0,0.0,0,0.0,0.0,0.0,0.0,0.0,1
sample_17235.docx,0,0,0.0,0.0,0,0.0,0.0,0.0,0.0,0.0,1
sample_06273.docx,10,66,0.0,0.0,60,0.0,0.0,0.0,0.0,0.0,0
sample_12831.docx,10,66,0.0,0.0,60,0.0,0.0,0.0,0.0,0.0,0
sample_00522.docx,0,0,0.0,0.0,0,0.0,0.0,0.0,0.0,0.0,1
sample_05529.docx,0,0,0.0,0.0,0,0.0,0.0,0.0,0.0,0.0,1
sample_18468.docx,10,66,0.0,0.0,60,0.0,0.0,0.0,0.0,0.0,0
sample_04333.docx,9,100,1.0,1.0,94,3.0,1.0,1.0,1.0,5.0,1
sample_02878.docx,10,66,0.0,0.0,60,0.0,0.0,0.0,0.0,0.0,0
sample_17352.docx,10,66,0.0,0.0,60,0.0,0.0,0.0,0.0,0.0,0
sample_08616.docx,0,0,0.0,0.0,0,0.0,0.0,0.0,0.0,0.0,1
sample_12180.docx,0,0,0.0,0.0,0,0.0,0.0,0.0,0.0,0.0,1
sample_19685.docx,10,66,0.0,0.0,60,0.0,0.0,0.0,0.0,0.0,0
sample_10741.docx,0,0,0.0,0.0,0,0.0,0.0,0.0,0.0,0.0,1
sample_10825.docx,10,66,0.0,0.0,60,0.0,0.0,0.0,0.0,0.0,0
sample_12454.docx,0,0,0.0,0.0,0,0.0,0.0,0.0,0.0,0.0,1
sample_16680.docx,10,66,0.0,0.0,60,0.0,0.0,0.0,0.0,0.0,0
sample_09392.docx,0,0,0.0,0.0,0,0.0,0.0,0.0,0.0,0.0,1
sample_14294.docx,0,0,0.0,0.0,0,0.0,0.0,0.0,0.0,0.0,1
sample_05106.docx,10,66,0.0,0.0,60,0.0,0.0,0.0,0.0,0.0,0
sample_14199.docx,10,66,0.0,0.0,60,0.0,0.0,0.0,0.0,0.0,0
sample_13753.docx,10,66,0.0,0.0,60,0.0,0.0,0.0,0.0,0.0,0
sample_04606.docx,0,0,0.0,0.0,0,0.0,0.0,0.0,0.0,0.0,1
sample_11107.docx,0,0,0.0,0.0,0,0.0,0.0,0.0,0.0,0.0,1
sample_06532.docx,0,0,0.0,0.0,0,0.0,0.0,0.0,0.0,0.0,1
sample_16288.docx,0,0,0.0,0.0,0,0.0,0.0,0.0,0.0,0.0,1
sample_15943.docx,10,66,0.0,0.0,60,0.0,0.0,0.0,0.0,0.0,0
sample_13284.docx,0,0,0.0,0.0,0,0.0,0.0,0.0,0.0,0.0,1
sample_00025.docx,10,66,0.0,0.0,60,0.0,0.0,0.0,0.0,0.0,0
sample_00877.docx,0,0,0.0,0.0,0,0.0,0.0,0.0,0.0,0.0,1
sample_06100.docx,10,66,0.0,0.0,60,0.0,0.0,0.0,0.0,0.0,0
sample_16928.docx,10,66,0.0,0.0,60,0.0,0.0,0.0,0.0,0.0,0
sample_15605.docx,0,0,0.0,0.0,0,0.0,0.0,0.0,0.0,0.0,1
sample_18949.docx,0,0,0.0,0.0,0,0.0,0.0,0.0,0.0,0.0,1
sample_17216.docx,9,100,1.0,1.0,94,3.0,1.0,1.0,1.0,4.0,1
sample_07301.docx,9,100,1.0,1.0,94,3.0,1.0,1.0,1.0,5.0,1
sample_16665.docx,9,100,1.0,1.0,94,3.0,1.0,1.0,1.0,5.0,1
sample_12321.docx,0,0,0.0,0.0,0,0.0,0.0,0.0,0.0,0.0,1
sample_15177.docx,10,66,0.0,0.0,60,0.0,0.0,0.0,0.0,0.0,0
sample_13636.docx,10,66,0.0,0.0,60,0.0,0.0,0.0,0.0,0.0,0
sample_11074.docx,9,100,1.0,1.0,94,3.0,1.0,1.0,1.0,5.0,1
sample_16241.docx,10,66,0.0,0.0,60,0.0,0.0,0.0,0.0,0.0,0
sample_05803.docx,10,66,0.0,0.0,60,0.0,0.0,0.0,0.0,0.0,0
sample_03764.docx,10,66,0.0,0.0,60,0.0,0.0,0.0,0.0,0.0,0
sample_00545.docx,10,66,0.0,0.0,60,0.0,0.0,0.0,0.0,0.0,0
sample_18620.docx,0,0,0.0,0.0,0,0.0,0.0,0.0,0.0,0.0,1
sample_09552.docx,0,0,0.0,0.0,0,0.0,0.0,0.0,0.0,0.0,1
sample_08005.docx,0,0,0.0,0.0,0,0.0,0.0,0.0,0.0,0.0,1
sample_08829.docx,10,66,0.0,0.0,60,0.0,0.0,0.0,0.0,0.0,0
sample_09698.docx,0,0,0.0,0.0,0,0.0,0.0,0.0,0.0,0.0,1
sample_00888.docx,10,66,0.0,0.0,60,0.0,0.0,0.0,0.0,0.0,0
sample_07035.docx,10,66,0.0,0.0,60,0.0,0.0,0.0,0.0,0.0,0
sample_16884.docx,10,66,0.0,0.0,60,0.0,0.0,0.0,0.0,0.0,0
sample_19433.docx,10,66,0.0,0.0,60,0.0,0.0,0.0,0.0,0.0,0
sample_04142.docx,10,66,0.0,0.0,60,0.0,0.0,0.0,0.0,0.0,0
sample_15783.docx,0,0,0.0,0.0,0,0.0,0.0,0.0,0.0,0.0,1
sample_05865.docx,0,0,0.0,0.0,0,0.0,0.0,0.0,0.0,0.0,1
sample_15785.docx,9,100,1.0,1.0,94,3.0,1.0,1.0,1.0,5.0,1
sample_06017.docx,10,66,0.0,0.0,60,0.0,0.0,0.0,0.0,0.0,0
sample_14338.docx,10,66,0.0,0.0,60,0.0,0.0,0.0,0.0,0.0,0
sample_16214.docx,0,0,0.0,0.0,0,0.0,0.0,0.0,0.0,0.0,1
sample_15809.docx,10,66,0.0,0.0,60,0.0,0.0,0.0,0.0,0.0,0
sample_00625.docx,0,0,0.0,0.0,0,0.0,0.0,0.0,0.0,0.0,1
sample_09964.docx,10,66,0.0,0.0,60,0.0,0.0,0.0,0.0,0.0,0
sample_13331.docx,10,66,0.0,0.0,60,0.0,0.0,0.0,0.0,0.0,0
sample_11024.docx,9,100,1.0,1.0,94,3.0,1.0,1.0,1.0,5.0,1
sample_18724.docx,9,100,1.0,1.0,94,3.0,1.0,1.0,1.0,5.0,1
sample_08238.docx,10,66,0.0,0.0,60,0.0,0.0,0.0,0.0,0.0,0
sample_04438.docx,0,0,0.0,0.0,0,0.0,0.0,0.0,0.0,0.0,1
sample_15159.docx,0,0,0.0,0.0,0,0.0,0.0,0.0,0.0,0.0,1
sample_03806.docx,0,0,0.0,0.0,0,0.0,0.0,0.0,0.0,0.0,1
sample_05164.docx,10,66,0.0,0.0,60,0.0,0.0,0.0,0.0,0.0,0
sample_19501.docx,10,66,0.0,0.0,60,0.0,0.0,0.0,0.0,0.0,0
sample_00845.docx,10,66,0.0,0.0,60,0.0,0.0,0.0,0.0,0.0,0
sample_11933.docx,10,66,0.0,0.0,60,0.0,0.0,0.0,0.0,0.0,0
sample_00792.docx,10,66,0.0,0.0,60,0.0,0.0,0.0,0.0,0.0,0
sample_04281.docx,10,66,0.0,0.0,60,0.0,0.0,0.0,0.0,0.0,0
sample_17564.docx,10,66,0.0,0.0,60,0.0,0.0,0.0,0.0,0.0,0
sample_12397.docx,0,0,0.0,0.0,0,0.0,0.0,0.0,0.0,0.0,1
sample_17762.docx,0,0,0.0,0.0,0,0.0,0.0,0.0,0.0,0.0,1
sample_16238.docx,10,66,0.0,0.0,60,0.0,0.0,0.0,0.0,0.0,0
sample_04699.docx,10,66,0.0,0.0,60,0.0,0.0,0.0,0.0,0.0,0
sample_03312.docx,9,100,1.0,1.0,94,3.0,1.0,1.0,1.0,5.0,1
sample_02585.docx,10,66,0.0,0.0,60,0.0,0.0,0.0,0.0,0.0,0
sample_13138.docx,9,66,1.0,1.0,60,3.0,1.0,1.0,1.0,5.0,1
sample_13193.docx,10,66,0.0,0.0,60,0.0,0.0,0.0,0.0,0.0,0
sample_05830.docx,0,0,0.0,0.0,0,0.0,0.0,0.0,0.0,0.0,1
sample_02606.docx,0,0,0.0,0.0,0,0.0,0.0,0.0,0.0,0.0,1
sample_13027.docx,0,0,0.0,0.0,0,0.0,0.0,0.0,0.0,0.0,1
sample_02516.docx,10,66,0.0,0.0,60,0.0,0.0,0.0,0.0,0.0,0
sample_06115.docx,0,0,0.0,0.0,0,0.0,0.0,0.0,0.0,0.0,1
sample_08881.docx,10,66,0.0,0.0,60,0.0,0.0,0.0,0.0,0.0,0
sample_19825.docx,10,66,0.0,0.0,60,0.0,0.0,0.0,0.0,0.0,0
sample_15736.docx,10,66,0.0,0.0,60,0.0,0.0,0.0,0.0,0.0,0
sample_15127.docx,10,66,0.0,0.0,60,0.0,0.0,0.0,0.0,0.0,0
sample_16520.docx,0,0,0.0,0.0,0,0.0,0.0,0.0,0.0,0.0,1
sample_17925.docx,9,100,1.0,1.0,94,3.0,1.0,1.0,1.0,5.0,1
sample_02851.docx,0,0,0.0,0.0,0,0.0,0.0,0.0,0.0,0.0,1
sample_15953.docx,10,66,0.0,0.0,60,0.0,0.0,0.0,0.0,0.0,0
sample_17181.docx,10,66,0.0,0.0,60,0.0,0.0,0.0,0.0,0.0,0
sample_18058.docx,10,66,0.0,0.0,60,0.0,0.0,0.0,0.0,0.0,0
sample_14697.docx,0,0,0.0,0.0,0,0.0,0.0,0.0,0.0,0.0,1
sample_16976.docx,10,66,0.0,0.0,60,0.0,0.0,0.0,0.0,0.0,0
sample_07897.docx,10,66,0.0,0.0,60,0.0,0.0,0.0,0.0,0.0,0
sample_02028.docx,0,0,0.0,0.0,0,0.0,0.0,0.0,0.0,0.0,1
sample_04543.docx,10,66,0.0,0.0,60,0.0,0.0,0.0,0.0,0.0,0
sample_14433.docx,10,66,0.0,0.0,60,0.0,0.0,0.0,0.0,0.0,0
sample_18700.docx,9,100,1.0,1.0,94,3.0,1.0,1.0,1.0,5.0,1
sample_15448.docx,10,66,0.0,0.0,60,0.0,0.0,0.0,0.0,0.0,0
sample_15756.docx,9,100,1.0,1.0,94,3.0,1.0,1.0,1.0,5.0,1
sample_05635.docx,0,0,0.0,0.0,0,0.0,0.0,0.0,0.0,0.0,1
sample_16858.docx,10,66,0.0,0.0,60,0.0,0.0,0.0,0.0,0.0,0
sample_02667.docx,11,64,1.0,1.0,58,2.0,3.0,3.0,1.0,4.0,1
sample_01725.docx,0,0,0.0,0.0,0,0.0,0.0,0.0,0.0,0.0,1
sample_08271.docx,10,66,0.0,0.0,60,0.0,0.0,0.0,0.0,0.0,0
sample_10505.docx,9,100,1.0,1.0,94,3.0,1.0,1.0,1.0,5.0,1
sample_18377.docx,11,64,0.0,0.0,58,0.0,0.0,0.0,0.0,0.0,0
sample_17175.docx,0,0,0.0,0.0,0,0.0,0.0,0.0,0.0,0.0,1
sample_03615.docx,0,0,0.0,0.0,0,0.0,0.0,0.0,0.0,0.0,1
sample_18868.docx,10,66,0.0,0.0,60,0.0,0.0,0.0,0.0,0.0,0
sample_10639.docx,9,100,1.0,1.0,94,3.0,1.0,1.0,1.0,5.0,1
sample_03448.docx,9,100,1.0,1.0,94,3.0,1.0,1.0,1.0,5.0,1
sample_18292.docx,10,66,0.0,0.0,60,0.0,0.0,0.0,0.0,0.0,0
sample_14234.docx,0,0,0.0,0.0,0,0.0,0.0,0.0,0.0,0.0,1
sample_00782.docx,10,66,0.0,0.0,60,0.0,0.0,0.0,0.0,0.0,0
sample_19866.docx,9,66,1.0,1.0,60,3.0,1.0,1.0,1.0,5.0,1
sample_04371.docx,10,66,0.0,0.0,60,0.0,0.0,0.0,0.0,0.0,0
sample_00406.docx,10,66,0.0,0.0,60,0.0,0.0,0.0,0.0,0.0,0
sample_09593.docx,0,0,0.0,0.0,0,0.0,0.0,0.0,0.0,0.0,1
sample_04327.docx,9,100,1.0,1.0,94,3.0,1.0,1.0,1.0,5.0,1
sample_06029.docx,9,100,1.0,1.0,94,3.0,1.0,1.0,1.0,5.0,1
sample_19755.docx,0,0,0.0,0.0,0,0.0,0.0,0.0,0.0,0.0,1
sample_05541.docx,10,66,0.0,0.0,60,0.0,0.0,0.0,0.0,0.0,0
sample_03867.docx,0,0,0.0,0.0,0,0.0,0.0,0.0,0.0,0.0,1
sample_10683.docx,0,0,0.0,0.0,0,0.0,0.0,0.0,0.0,0.0,1
sample_19165.docx,10,66,0.0,0.0,60,0.0,0.0,0.0,0.0,0.0,0
sample_02666.docx,0,0,0.0,0.0,0,0.0,0.0,0.0,0.0,0.0,1
sample_09885.docx,0,0,0.0,0.0,0,0.0,0.0,0.0,0.0,0.0,1
sample_02149.docx,10,66,0.0,0.0,60,0.0,0.0,0.0,0.0,0.0,0
sample_17046.docx,10,66,0.0,0.0,60,0.0,0.0,0.0,0.0,0.0,0
sample_08361.docx,0,0,0.0,0.0,0,0.0,0.0,0.0,0.0,0.0,1
sample_12436.docx,10,66,0.0,0.0,60,0.0,0.0,0.0,0.0,0.0,0
sample_12625.docx,10,66,0.0,0.0,60,0.0,0.0,0.0,0.0,0.0,0
sample_16385.docx,10,66,0.0,0.0,60,0.0,0.0,0.0,0.0,0.0,0
sample_14708.docx,10,66,0.0,0.0,60,0.0,0.0,0.0,0.0,0.0,0
sample_17979.docx,10,66,0.0,0.0,60,0.0,0.0,0.0,0.0,0.0,0
sample_03248.docx,10,66,0.0,0.0,60,0.0,0.0,0.0,0.0,0.0,0
sample_19069.docx,0,0,0.0,0.0,0,0.0,0.0,0.0,0.0,0.0,1
sample_15763.docx,9,100,1.0,1.0,94,3.0,1.0,1.0,1.0,5.0,1
sample_12306.docx,0,0,0.0,0.0,0,0.0,0.0,0.0,0.0,0.0,1
sample_04724.docx,9,100,1.0,1.0,94,3.0,1.0,1.0,1.0,5.0,1
sample_14574.docx,0,0,0.0,0.0,0,0.0,0.0,0.0,0.0,0.0,1
sample_09802.docx,10,66,0.0,0.0,60,0.0,0.0,0.0,0.0,0.0,0
sample_07869.docx,10,66,0.0,0.0,60,0.0,0.0,0.0,0.0,0.0,0
sample_04896.docx,0,0,0.0,0.0,0,0.0,0.0,0.0,0.0,0.0,1
sample_11234.docx,0,0,0.0,0.0,0,0.0,0.0,0.0,0.0,0.0,1
sample_18273.docx,10,66,0.0,0.0,60,0.0,0.0,0.0,0.0,0.0,0
sample_01948.docx,10,66,0.0,0.0,60,0.0,0.0,0.0,0.0,0.0,0
sample_08625.docx,9,100,1.0,1.0,94,3.0,1.0,1.0,1.0,5.0,1
sample_17763.docx,10,66,0.0,0.0,60,0.0,0.0,0.0,0.0,0.0,0
sample_18818.docx,10,66,0.0,0.0,60,0.0,0.0,0.0,0.0,0.0,0
sample_06537.docx,10,66,0.0,0.0,60,0.0,0.0,0.0,0.0,0.0,0
sample_01512.docx,10,66,0.0,0.0,60,0.0,0.0,0.0,0.0,0.0,0
sample_02396.docx,0,0,0.0,0.0,0,0.0,0.0,0.0,0.0,0.0,1
sample_12091.docx,10,66,0.0,0.0,60,0.0,0.0,0.0,0.0,0.0,0
sample_14844.docx,10,66,0.0,0.0,60,0.0,0.0,0.0,0.0,0.0,0
sample_05847.docx,0,0,0.0,0.0,0,0.0,0.0,0.0,0.0,0.0,1
sample_02157.docx,10,66,0.0,0.0,60,0.0,0.0,0.0,0.0,0.0,0
sample_02283.docx,10,66,0.0,0.0,60,0.0,0.0,0.0,0.0,0.0,0
sample_04196.docx,10,66,0.0,0.0,60,0.0,0.0,0.0,0.0,0.0,0
sample_05568.docx,9,100,1.0,1.0,94,3.0,1.0,1.0,1.0,5.0,1
sample_04834.docx,0,0,0.0,0.0,0,0.0,0.0,0.0,0.0,0.0,1
sample_09592.docx,10,66,0.0,0.0,60,0.0,0.0,0.0,0.0,0.0,0
sample_04904.docx,10,66,0.0,0.0,60,0.0,0.0,0.0,0.0,0.0,0
sample_00047.docx,9,100,1.0,1.0,94,3.0,1.0,1.0,1.0,5.0,1
sample_16106.docx,10,66,0.0,0.0,60,0.0,0.0,0.0,0.0,0.0,0
sample_15917.docx,0,0,0.0,0.0,0,0.0,0.0,0.0,0.0,0.0,1
sample_16231.docx,10,66,0.0,0.0,60,0.0,0.0,0.0,0.0,0.0,0
sample_00004.docx,10,66,0.0,0.0,60,0.0,0.0,0.0,0.0,0.0,0
sample_19508.docx,9,66,1.0,1.0,60,3.0,1.0,1.0,1.0,5.0,1
sample_14470.docx,10,66,0.0,0.0,60,0.0,0.0,0.0,0.0,0.0,0
sample_08147.docx,0,0,0.0,0.0,0,0.0,0.0,0.0,0.0,0.0,1
sample_09616.docx,9,100,1.0,1.0,94,3.0,1.0,1.0,1.0,5.0,1
sample_06647.docx,0,0,0.0,0.0,0,0.0,0.0,0.0,0.0,0.0,1
sample_06523.docx,0,0,0.0,0.0,0,0.0,0.0,0.0,0.0,0.0,1
sample_11361.docx,0,0,0.0,0.0,0,0.0,0.0,0.0,0.0,0.0,1
sample_04869.docx,10,66,0.0,0.0,60,0.0,0.0,0.0,0.0,0.0,0
sample_07364.docx,0,0,0.0,0.0,0,0.0,0.0,0.0,0.0,0.0,1
sample_14159.docx,0,0,0.0,0.0,0,0.0,0.0,0.0,0.0,0.0,1
sample_04014.docx,0,0,0.0,0.0,0,0.0,0.0,0.0,0.0,0.0,1
sample_13604.docx,0,0,0.0,0.0,0,0.0,0.0,0.0,0.0,0.0,1
sample_05846.docx,0,0,0.0,0.0,0,0.0,0.0,0.0,0.0,0.0,1
sample_04695.docx,0,0,0.0,0.0,0,0.0,0.0,0.0,0.0,0.0,1
sample_18780.docx,10,66,0.0,0.0,60,0.0,0.0,0.0,0.0,0.0,0
sample_16088.docx,10,66,0.0,0.0,60,0.0,0.0,0.0,0.0,0.0,0
sample_15558.docx,0,0,0.0,0.0,0,0.0,0.0,0.0,0.0,0.0,1
sample_19849.docx,10,66,0.0,0.0,60,0.0,0.0,0.0,0.0,0.0,0
sample_15755.docx,10,66,0.0,0.0,60,0.0,0.0,0.0,0.0,0.0,0
sample_01815.docx,10,66,0.0,0.0,60,0.0,0.0,0.0,0.0,0.0,0
sample_16902.docx,0,0,0.0,0.0,0,0.0,0.0,0.0,0.0,0.0,1
sample_03380.docx,10,66,0.0,0.0,60,0.0,0.0,0.0,0.0,0.0,0
sample_02150.docx,10,66,0.0,0.0,60,0.0,0.0,0.0,0.0,0.0,0
sample_02690.docx,0,0,0.0,0.0,0,0.0,0.0,0.0,0.0,0.0,1
sample_00440.docx,10,66,0.0,0.0,60,0.0,0.0,0.0,0.0,0.0,0
sample_11081.docx,0,0,0.0,0.0,0,0.0,0.0,0.0,0.0,0.0,1
sample_01915.docx,10,66,0.0,0.0,60,0.0,0.0,0.0,0.0,0.0,0
sample_15399.docx,10,66,0.0,0.0,60,0.0,0.0,0.0,0.0,0.0,0
sample_01571.docx,10,66,0.0,0.0,60,0.0,0.0,0.0,0.0,0.0,0
sample_12856.docx,9,100,1.0,1.0,94,3.0,1.0,1.0,1.0,5.0,1
sample_03084.docx,0,0,0.0,0.0,0,0.0,0.0,0.0,0.0,0.0,1
sample_12196.docx,10,66,0.0,0.0,60,0.0,0.0,0.0,0.0,0.0,0
sample_01819.docx,0,0,0.0,0.0,0,0.0,0.0,0.0,0.0,0.0,1
sample_17202.docx,0,0,0.0,0.0,0,0.0,0.0,0.0,0.0,0.0,1
sample_03636.docx,0,0,0.0,0.0,0,0.0,0.0,0.0,0.0,0.0,1
sample_08813.docx,0,0,0.0,0.0,0,0.0,0.0,0.0,0.0,0.0,1
sample_12723.docx,10,66,0.0,0.0,60,0.0,0.0,0.0,0.0,0.0,0
sample_00144.docx,10,66,0.0,0.0,60,0.0,0.0,0.0,0.0,0.0,0
sample_01863.docx,9,100,1.0,1.0,94,3.0,1.0,1.0,1.0,5.0,1
sample_12239.docx,10,66,0.0,0.0,60,0.0,0.0,0.0,0.0,0.0,0
sample_01674.docx,10,66,0.0,0.0,60,0.0,0.0,0.0,0.0,0.0,0
sample_06627.docx,10,66,0.0,0.0,60,0.0,0.0,0.0,0.0,0.0,0
sample_03555.docx,10,66,0.0,0.0,60,0.0,0.0,0.0,0.0,0.0,0
sample_03594.docx,10,66,0.0,0.0,60,0.0,0.0,0.0,0.0,0.0,0
sample_07469.docx,9,66,1.0,1.0,60,3.0,1.0,1.0,1.0,5.0,1
sample_05592.docx,10,66,0.0,0.0,60,0.0,0.0,0.0,0.0,0.0,0
sample_12718.docx,10,66,0.0,0.0,60,0.0,0.0,0.0,0.0,0.0,0
sample_02882.docx,0,0,0.0,0.0,0,0.0,0.0,0.0,0.0,0.0,1
sample_04229.docx,9,66,0.0,0.0,60,0.0,0.0,0.0,0.0,0.0,0
sample_18776.docx,10,66,0.0,0.0,60,0.0,0.0,0.0,0.0,0.0,0
sample_07053.docx,10,66,0.0,0.0,60,0.0,0.0,0.0,0.0,0.0,0
sample_11797.docx,10,66,0.0,0.0,60,0.0,0.0,0.0,0.0,0.0,0
sample_03278.docx,10,66,0.0,0.0,60,0.0,0.0,0.0,0.0,0.0,0
sample_10233.docx,0,0,0.0,0.0,0,0.0,0.0,0.0,0.0,0.0,1
sample_06206.docx,0,0,0.0,0.0,0,0.0,0.0,0.0,0.0,0.0,1
sample_10131.docx,10,66,0.0,0.0,60,0.0,0.0,0.0,0.0,0.0,0
sample_11122.docx,10,66,0.0,0.0,60,0.0,0.0,0.0,0.0,0.0,0
sample_00153.docx,10,66,0.0,0.0,60,0.0,0.0,0.0,0.0,0.0,0
sample_08086.docx,9,100,1.0,1.0,94,3.0,1.0,1.0,1.0,5.0,1
sample_06668.docx,0,0,0.0,0.0,0,0.0,0.0,0.0,0.0,0.0,1
sample_11872.docx,10,66,0.0,0.0,60,0.0,0.0,0.0,0.0,0.0,0
sample_00328.docx,9,100,1.0,1.0,94,3.0,1.0,1.0,1.0,5.0,1
sample_09954.docx,10,66,0.0,0.0,60,0.0,0.0,0.0,0.0,0.0,0
sample_08952.docx,10,66,0.0,0.0,60,0.0,0.0,0.0,0.0,0.0,0
sample_09272.docx,0,0,0.0,0.0,0,0.0,0.0,0.0,0.0,0.0,1
sample_05596.docx,0,0,0.0,0.0,0,0.0,0.0,0.0,0.0,0.0,1
sample_09010.docx,9,100,1.0,1.0,94,3.0,1.0,1.0,1.0,5.0,1
sample_02262.docx,0,0,0.0,0.0,0,0.0,0.0,0.0,0.0,0.0,1
sample_13992.docx,0,0,0.0,0.0,0,0.0,0.0,0.0,0.0,0.0,1
sample_17001.docx,9,100,1.0,1.0,94,3.0,1.0,1.0,1.0,5.0,1
sample_09232.docx,10,66,0.0,0.0,60,0.0,0.0,0.0,0.0,0.0,0
sample_01564.docx,10,66,0.0,0.0,60,0.0,0.0,0.0,0.0,0.0,0
sample_19359.docx,9,100,1.0,1.0,94,3.0,1.0,1.0,1.0,5.0,1
sample_07995.docx,9,100,1.0,1.0,94,3.0,1.0,1.0,1.0,5.0,1
sample_10187.docx,9,100,1.0,1.0,94,3.0,1.0,1.0,1.0,5.0,1
sample_11111.docx,10,66,0.0,0.0,60,0.0,0.0,0.0,0.0,0.0,0
sample_00122.docx,10,66,0.0,0.0,60,0.0,0.0,0.0,0.0,0.0,0
sample_03249.docx,0,0,0.0,0.0,0,0.0,0.0,0.0,0.0,0.0,1
sample_05312.docx,0,0,0.0,0.0,0,0.0,0.0,0.0,0.0,0.0,1
sample_10897.docx,9,100,1.0,1.0,94,3.0,1.0,1.0,1.0,5.0,1
sample_14895.docx,10,66,0.0,0.0,60,0.0,0.0,0.0,0.0,0.0,0
sample_19504.docx,9,66,1.0,1.0,60,3.0,1.0,1.0,1.0,5.0,1
sample_10611.docx,0,0,0.0,0.0,0,0.0,0.0,0.0,0.0,0.0,1
sample_14364.docx,9,100,1.0,1.0,94,3.0,1.0,1.0,1.0,5.0,1
sample_04822.docx,9,100,1.0,1.0,94,3.0,1.0,1.0,1.0,5.0,1
sample_12453.docx,0,0,0.0,0.0,0,0.0,0.0,0.0,0.0,0.0,1
sample_17692.docx,10,66,0.0,0.0,60,0.0,0.0,0.0,0.0,0.0,0
sample_02940.docx,0,0,0.0,0.0,0,0.0,0.0,0.0,0.0,0.0,1
sample_16962.docx,10,66,0.0,0.0,60,0.0,0.0,0.0,0.0,0.0,0
sample_12284.docx,0,0,0.0,0.0,0,0.0,0.0,0.0,0.0,0.0,1
sample_15825.docx,9,100,1.0,1.0,94,3.0,1.0,1.0,1.0,5.0,1
sample_09118.docx,10,66,0.0,0.0,60,0.0,0.0,0.0,0.0,0.0,0
sample_05863.docx,0,0,0.0,0.0,0,0.0,0.0,0.0,0.0,0.0,1
sample_03071.docx,10,66,0.0,0.0,60,0.0,0.0,0.0,0.0,0.0,0
sample_12889.docx,9,66,1.0,1.0,60,3.0,1.0,1.0,1.0,5.0,1
sample_04565.docx,10,66,0.0,0.0,60,0.0,0.0,0.0,0.0,0.0,0
sample_14995.docx,10,66,0.0,0.0,60,0.0,0.0,0.0,0.0,0.0,0
sample_16129.docx,0,100,0.0,0.0,94,0.0,0.0,0.0,0.0,0.0,0
sample_08433.docx,0,66,0.0,0.0,60,0.0,0.0,0.0,0.0,0.0,0
sample_10144.docx,10,66,0.0,0.0,60,0.0,0.0,0.0,0.0,0.0,0
sample_08474.docx,10,66,0.0,0.0,60,0.0,0.0,0.0,0.0,0.0,0
sample_10452.docx,10,66,0.0,0.0,60,0.0,0.0,0.0,0.0,0.0,0
sample_15390.docx,0,0,0.0,0.0,0,0.0,0.0,0.0,0.0,0.0,1
sample_18102.docx,10,66,0.0,0.0,60,0.0,0.0,0.0,0.0,0.0,0
sample_08956.docx,0,0,0.0,0.0,0,0.0,0.0,0.0,0.0,0.0,1
sample_14761.docx,9,100,1.0,1.0,94,3.0,1.0,1.0,1.0,5.0,1
sample_08929.docx,9,100,1.0,1.0,94,3.0,1.0,1.0,1.0,5.0,1
sample_09642.docx,9,66,1.0,1.0,60,3.0,1.0,1.0,1.0,5.0,1
sample_05316.docx,0,0,0.0,0.0,0,0.0,0.0,0.0,0.0,0.0,1
sample_13698.docx,0,0,0.0,0.0,0,0.0,0.0,0.0,0.0,0.0,1
sample_00078.docx,10,66,0.0,0.0,60,0.0,0.0,0.0,0.0,0.0,0
sample_15213.docx,9,100,1.0,1.0,94,3.0,1.0,1.0,1.0,5.0,1
sample_07739.docx,9,100,1.0,1.0,94,3.0,1.0,1.0,1.0,5.0,1
sample_17072.docx,9,100,1.0,1.0,94,3.0,1.0,1.0,1.0,5.0,1
sample_19535.docx,9,100,1.0,1.0,94,3.0,1.0,1.0,1.0,5.0,1
sample_08767.docx,0,66,0.0,0.0,60,0.0,0.0,0.0,0.0,0.0,0
sample_06902.docx,10,66,0.0,0.0,60,0.0,0.0,0.0,0.0,0.0,0
sample_05341.docx,0,0,0.0,0.0,0,0.0,0.0,0.0,0.0,0.0,1
sample_13925.docx,0,0,0.0,0.0,0,0.0,0.0,0.0,0.0,0.0,1
sample_06566.docx,0,0,0.0,0.0,0,0.0,0.0,0.0,0.0,0.0,1
sample_09301.docx,10,66,0.0,0.0,60,0.0,0.0,0.0,0.0,0.0,0
sample_15711.docx,0,0,0.0,0.0,0,0.0,0.0,0.0,0.0,0.0,1
sample_01937.docx,9,66,0.0,0.0,60,0.0,0.0,0.0,0.0,0.0,0
sample_18922.docx,0,0,0.0,0.0,0,0.0,0.0,0.0,0.0,0.0,1
sample_02471.docx,10,66,0.0,0.0,60,0.0,0.0,0.0,0.0,0.0,0
sample_15072.docx,0,0,0.0,0.0,0,0.0,0.0,0.0,0.0,0.0,1
sample_06436.docx,10,66,0.0,0.0,60,0.0,0.0,0.0,0.0,0.0,0
sample_18255.docx,0,0,0.0,0.0,0,0.0,0.0,0.0,0.0,0.0,1
sample_05236.docx,0,0,0.0,0.0,0,0.0,0.0,0.0,0.0,0.0,1
sample_06760.docx,10,66,0.0,0.0,60,0.0,0.0,0.0,0.0,0.0,0
sample_15080.docx,0,0,0.0,0.0,0,0.0,0.0,0.0,0.0,0.0,1
sample_11690.docx,10,66,0.0,0.0,60,0.0,0.0,0.0,0.0,0.0,0
sample_01173.docx,10,66,0.0,0.0,60,0.0,0.0,0.0,0.0,0.0,0
sample_02416.docx,10,66,0.0,0.0,60,0.0,0.0,0.0,0.0,0.0,0
sample_18699.docx,0,0,0.0,0.0,0,0.0,0.0,0.0,0.0,0.0,1
sample_13585.docx,0,0,0.0,0.0,0,0.0,0.0,0.0,0.0,0.0,1
sample_05417.docx,11,64,0.0,0.0,58,0.0,0.0,0.0,0.0,0.0,0
sample_17095.docx,0,0,0.0,0.0,0,0.0,0.0,0.0,0.0,0.0,1
sample_01731.docx,0,0,0.0,0.0,0,0.0,0.0,0.0,0.0,0.0,1
sample_18413.docx,9,100,1.0,1.0,94,3.0,1.0,1.0,1.0,5.0,1
sample_12400.docx,10,66,0.0,0.0,60,0.0,0.0,0.0,0.0,0.0,0
sample_09705.docx,10,66,0.0,0.0,60,0.0,0.0,0.0,0.0,0.0,0
sample_07537.docx,10,66,0.0,0.0,60,0.0,0.0,0.0,0.0,0.0,0
sample_18252.docx,0,0,0.0,0.0,0,0.0,0.0,0.0,0.0,0.0,1
sample_12591.docx,0,0,0.0,0.0,0,0.0,0.0,0.0,0.0,0.0,1
sample_00734.docx,10,66,0.0,0.0,60,0.0,0.0,0.0,0.0,0.0,0
sample_14166.docx,10,66,0.0,0.0,60,0.0,0.0,0.0,0.0,0.0,0
sample_05304.docx,10,66,0.0,0.0,60,0.0,0.0,0.0,0.0,0.0,0
sample_18223.docx,0,0,0.0,0.0,0,0.0,0.0,0.0,0.0,0.0,1
sample_05586.docx,9,100,1.0,1.0,94,3.0,1.0,1.0,1.0,5.0,1
sample_10076.docx,0,0,0.0,0.0,0,0.0,0.0,0.0,0.0,0.0,1
sample_07314.docx,10,66,0.0,0.0,60,0.0,0.0,0.0,0.0,0.0,0
sample_16146.docx,10,66,0.0,0.0,60,0.0,0.0,0.0,0.0,0.0,0
sample_17205.docx,10,66,0.0,0.0,60,0.0,0.0,0.0,0.0,0.0,0
sample_18927.docx,9,100,1.0,1.0,94,3.0,1.0,1.0,1.0,5.0,1
sample_10584.docx,9,100,1.0,1.0,94,3.0,1.0,1.0,1.0,5.0,1
sample_06704.docx,9,100,1.0,1.0,94,3.0,1.0,1.0,1.0,5.0,1
sample_02778.docx,9,100,1.0,1.0,94,3.0,1.0,1.0,1.0,5.0,1
sample_03067.docx,9,100,1.0,1.0,94,3.0,1.0,1.0,1.0,5.0,1
sample_04239.docx,10,66,0.0,0.0,60,0.0,0.0,0.0,0.0,0.0,0
sample_10784.docx,9,66,1.0,1.0,60,3.0,1.0,1.0,1.0,5.0,1
sample_17303.docx,10,66,0.0,0.0,60,0.0,0.0,0.0,0.0,0.0,0
sample_07230.docx,10,66,0.0,0.0,60,0.0,0.0,0.0,0.0,0.0,0
sample_18493.docx,10,66,0.0,0.0,60,0.0,0.0,0.0,0.0,0.0,0
sample_04800.docx,10,66,0.0,0.0,60,0.0,0.0,0.0,0.0,0.0,0
sample_02274.docx,10,66,0.0,0.0,60,0.0,0.0,0.0,0.0,0.0,0
sample_15157.docx,9,100,1.0,1.0,94,3.0,1.0,1.0,1.0,5.0,1
sample_02879.docx,10,66,0.0,0.0,60,0.0,0.0,0.0,0.0,0.0,0
sample_19952.docx,0,0,0.0,0.0,0,0.0,0.0,0.0,0.0,0.0,1
sample_03263.docx,10,66,0.0,0.0,60,0.0,0.0,0.0,0.0,0.0,0
sample_07785.docx,10,66,0.0,0.0,60,0.0,0.0,0.0,0.0,0.0,0
sample_05566.docx,0,0,0.0,0.0,0,0.0,0.0,0.0,0.0,0.0,1
sample_05772.docx,10,66,0.0,0.0,60,0.0,0.0,0.0,0.0,0.0,0
sample_18698.docx,10,66,0.0,0.0,60,0.0,0.0,0.0,0.0,0.0,0
sample_05612.docx,10,66,0.0,0.0,60,0.0,0.0,0.0,0.0,0.0,0
sample_09703.docx,0,0,0.0,0.0,0,0.0,0.0,0.0,0.0,0.0,1
sample_04382.docx,0,0,0.0,0.0,0,0.0,0.0,0.0,0.0,0.0,1
sample_15406.docx,10,66,0.0,0.0,60,0.0,0.0,0.0,0.0,0.0,0
sample_07178.docx,10,66,0.0,0.0,60,0.0,0.0,0.0,0.0,0.0,0
sample_15281.docx,10,66,0.0,0.0,60,0.0,0.0,0.0,0.0,0.0,0
sample_02475.docx,0,0,0.0,0.0,0,0.0,0.0,0.0,0.0,0.0,1
sample_03540.docx,10,66,0.0,0.0,60,0.0,0.0,0.0,0.0,0.0,0
sample_13192.docx,0,0,0.0,0.0,0,0.0,0.0,0.0,0.0,0.0,1
sample_02039.docx,10,66,0.0,0.0,60,0.0,0.0,0.0,0.0,0.0,0
sample_04191.docx,0,0,0.0,0.0,0,0.0,0.0,0.0,0.0,0.0,1
sample_13584.docx,9,100,1.0,1.0,94,3.0,1.0,1.0,1.0,5.0,1
sample_02813.docx,10,66,0.0,0.0,60,0.0,0.0,0.0,0.0,0.0,0
sample_17013.docx,10,66,0.0,0.0,60,0.0,0.0,0.0,0.0,0.0,0
sample_14172.docx,9,100,1.0,1.0,94,3.0,1.0,1.0,1.0,5.0,1
sample_03948.docx,0,0,0.0,0.0,0,0.0,0.0,0.0,0.0,0.0,1
sample_08073.docx,0,0,0.0,0.0,0,0.0,0.0,0.0,0.0,0.0,1
sample_11692.docx,10,66,0.0,0.0,60,0.0,0.0,0.0,0.0,0.0,0
sample_17673.docx,9,66,1.0,1.0,60,3.0,1.0,1.0,1.0,5.0,1
sample_04138.docx,0,0,0.0,0.0,0,0.0,0.0,0.0,0.0,0.0,1
sample_14399.docx,10,66,0.0,0.0,60,0.0,0.0,0.0,0.0,0.0,0
sample_15982.docx,0,0,0.0,0.0,0,0.0,0.0,0.0,0.0,0.0,1
sample_06141.docx,10,66,0.0,0.0,60,0.0,0.0,0.0,0.0,0.0,0
sample_00090.docx,0,0,0.0,0.0,0,0.0,0.0,0.0,0.0,0.0,1
sample_03878.docx,0,0,0.0,0.0,0,0.0,0.0,0.0,0.0,0.0,1
sample_11014.docx,10,66,0.0,0.0,60,0.0,0.0,0.0,0.0,0.0,0
sample_11730.docx,0,0,0.0,0.0,0,0.0,0.0,0.0,0.0,0.0,1
sample_10178.docx,9,100,0.0,0.0,94,0.0,0.0,0.0,0.0,0.0,0
sample_16682.docx,0,0,0.0,0.0,0,0.0,0.0,0.0,0.0,0.0,1
sample_08170.docx,10,66,0.0,0.0,60,0.0,0.0,0.0,0.0,0.0,0
sample_05421.docx,10,66,0.0,0.0,60,0.0,0.0,0.0,0.0,0.0,0
sample_00872.docx,10,66,0.0,0.0,60,0.0,0.0,0.0,0.0,0.0,0
sample_01011.docx,0,0,0.0,0.0,0,0.0,0.0,0.0,0.0,0.0,1
sample_16291.docx,0,0,0.0,0.0,0,0.0,0.0,0.0,0.0,0.0,1
sample_19281.docx,10,66,0.0,0.0,60,0.0,0.0,0.0,0.0,0.0,0
sample_13326.docx,11,66,0.0,0.0,60,0.0,0.0,0.0,0.0,0.0,0
sample_05454.docx,10,66,0.0,0.0,60,0.0,0.0,0.0,0.0,0.0,0
sample_18499.docx,0,0,0.0,0.0,0,0.0,0.0,0.0,0.0,0.0,1
sample_02871.docx,10,66,0.0,0.0,60,0.0,0.0,0.0,0.0,0.0,0
sample_04130.docx,9,100,1.0,1.0,94,3.0,1.0,1.0,1.0,5.0,1
sample_12579.docx,0,0,0.0,0.0,0,0.0,0.0,0.0,0.0,0.0,1
sample_10521.docx,0,0,0.0,0.0,0,0.0,0.0,0.0,0.0,0.0,1
sample_18245.docx,9,100,1.0,1.0,94,3.0,1.0,1.0,1.0,5.0,1
sample_04466.docx,9,66,1.0,1.0,60,3.0,1.0,1.0,1.0,5.0,1
sample_14948.docx,11,64,0.0,0.0,58,0.0,0.0,0.0,0.0,0.0,0
sample_15073.docx,9,66,1.0,1.0,60,3.0,1.0,1.0,1.0,5.0,1
sample_11413.docx,0,0,0.0,0.0,0,0.0,0.0,0.0,0.0,0.0,1
sample_12728.docx,10,66,0.0,0.0,60,0.0,0.0,0.0,0.0,0.0,0
sample_02727.docx,10,66,0.0,0.0,60,0.0,0.0,0.0,0.0,0.0,0
sample_06243.docx,10,66,0.0,0.0,60,0.0,0.0,0.0,0.0,0.0,0
sample_10357.docx,9,66,1.0,1.0,60,3.0,1.0,1.0,1.0,5.0,1
sample_17865.docx,9,66,1.0,1.0,60,3.0,1.0,1.0,1.0,5.0,1
sample_14025.docx,0,0,0.0,0.0,0,0.0,0.0,0.0,0.0,0.0,1
sample_08258.docx,0,0,0.0,0.0,0,0.0,0.0,0.0,0.0,0.0,1
sample_06292.docx,10,66,0.0,0.0,60,0.0,0.0,0.0,0.0,0.0,0
sample_04394.docx,9,100,0.0,0.0,94,0.0,0.0,0.0,0.0,0.0,0
sample_01581.docx,0,0,0.0,0.0,0,0.0,0.0,0.0,0.0,0.0,1
sample_09159.docx,0,0,0.0,0.0,0,0.0,0.0,0.0,0.0,0.0,1
sample_16961.docx,10,66,0.0,0.0,60,0.0,0.0,0.0,0.0,0.0,0
sample_12734.docx,10,66,0.0,0.0,60,0.0,0.0,0.0,0.0,0.0,0
sample_14536.docx,9,100,1.0,1.0,94,3.0,1.0,1.0,1.0,5.0,1
sample_19036.docx,0,66,0.0,0.0,60,0.0,0.0,0.0,0.0,0.0,0
sample_12920.docx,10,66,0.0,0.0,60,0.0,0.0,0.0,0.0,0.0,0
sample_11630.docx,0,0,0.0,0.0,0,0.0,0.0,0.0,0.0,0.0,1
sample_12290.docx,0,0,0.0,0.0,0,0.0,0.0,0.0,0.0,0.0,1
sample_08225.docx,0,0,0.0,0.0,0,0.0,0.0,0.0,0.0,0.0,1
sample_05297.docx,0,0,0.0,0.0,0,0.0,0.0,0.0,0.0,0.0,1
sample_10035.docx,0,0,0.0,0.0,0,0.0,0.0,0.0,0.0,0.0,1
sample_15093.docx,10,66,0.0,0.0,60,0.0,0.0,0.0,0.0,0.0,0
sample_00031.docx,10,66,0.0,0.0,60,0.0,0.0,0.0,0.0,0.0,0
sample_01627.docx,10,66,0.0,0.0,60,0.0,0.0,0.0,0.0,0.0,0
sample_19398.docx,0,0,0.0,0.0,0,0.0,0.0,0.0,0.0,0.0,1
sample_13975.docx,0,0,0.0,0.0,0,0.0,0.0,0.0,0.0,0.0,1
sample_08194.docx,0,0,0.0,0.0,0,0.0,0.0,0.0,0.0,0.0,1
sample_05829.docx,10,66,0.0,0.0,60,0.0,0.0,0.0,0.0,0.0,0
sample_15799.docx,0,0,0.0,0.0,0,0.0,0.0,0.0,0.0,0.0,1
sample_15480.docx,10,66,0.0,0.0,60,0.0,0.0,0.0,0.0,0.0,0
sample_19520.docx,9,100,1.0,1.0,94,3.0,1.0,1.0,1.0,5.0,1
sample_09093.docx,0,0,0.0,0.0,0,0.0,0.0,0.0,0.0,0.0,1
sample_03455.docx,0,0,0.0,0.0,0,0.0,0.0,0.0,0.0,0.0,1
sample_18080.docx,10,66,0.0,0.0,60,0.0,0.0,0.0,0.0,0.0,0
sample_10687.docx,10,66,0.0,0.0,60,0.0,0.0,0.0,0.0,0.0,0
sample_13391.docx,10,66,0.0,0.0,60,0.0,0.0,0.0,0.0,0.0,0
sample_13236.docx,9,100,1.0,1.0,94,3.0,1.0,1.0,1.0,5.0,1
sample_16938.docx,10,66,0.0,0.0,60,0.0,0.0,0.0,0.0,0.0,0
sample_15147.docx,10,66,0.0,0.0,60,0.0,0.0,0.0,0.0,0.0,0
sample_07236.docx,10,66,0.0,0.0,60,0.0,0.0,0.0,0.0,0.0,0
sample_13786.docx,10,66,0.0,0.0,60,0.0,0.0,0.0,0.0,0.0,0
sample_17970.docx,10,66,0.0,0.0,60,0.0,0.0,0.0,0.0,0.0,0
sample_15889.docx,9,100,1.0,1.0,94,3.0,1.0,1.0,1.0,5.0,1
sample_05551.docx,9,100,1.0,1.0,94,3.0,1.0,1.0,1.0,5.0,1
sample_02995.docx,10,66,0.0,0.0,60,0.0,0.0,0.0,0.0,0.0,0
sample_14843.docx,11,66,0.0,0.0,60,0.0,0.0,0.0,0.0,0.0,0
sample_11866.docx,10,66,0.0,0.0,60,0.0,0.0,0.0,0.0,0.0,0
sample_10837.docx,10,66,0.0,0.0,60,0.0,0.0,0.0,0.0,0.0,0
sample_07065.docx,10,66,0.0,0.0,60,0.0,0.0,0.0,0.0,0.0,0
sample_13110.docx,10,66,0.0,0.0,60,0.0,0.0,0.0,0.0,0.0,0
sample_10049.docx,10,66,0.0,0.0,60,0.0,0.0,0.0,0.0,0.0,0
sample_02145.docx,10,66,0.0,0.0,60,0.0,0.0,0.0,0.0,0.0,0
sample_15145.docx,9,100,1.0,1.0,94,3.0,1.0,1.0,1.0,5.0,1
sample_10403.docx,0,0,0.0,0.0,0,0.0,0.0,0.0,0.0,0.0,1
sample_05702.docx,9,66,1.0,1.0,60,3.0,1.0,1.0,1.0,5.0,1
sample_13721.docx,10,66,0.0,0.0,60,0.0,0.0,0.0,0.0,0.0,0
sample_08416.docx,10,66,0.0,0.0,60,0.0,0.0,0.0,0.0,0.0,0
sample_16473.docx,9,100,1.0,1.0,94,3.0,1.0,1.0,1.0,5.0,1
sample_10442.docx,9,100,1.0,1.0,94,3.0,1.0,1.0,1.0,5.0,1
sample_11647.docx,10,66,0.0,0.0,60,0.0,0.0,0.0,0.0,0.0,0
sample_07041.docx,9,66,1.0,1.0,60,3.0,1.0,1.0,1.0,5.0,1
sample_17505.docx,9,100,1.0,1.0,94,3.0,1.0,1.0,1.0,5.0,1
sample_16905.docx,10,66,0.0,0.0,60,0.0,0.0,0.0,0.0,0.0,0
sample_12011.docx,0,0,0.0,0.0,0,0.0,0.0,0.0,0.0,0.0,1
sample_12329.docx,10,66,0.0,0.0,60,0.0,0.0,0.0,0.0,0.0,0
sample_06365.docx,10,66,0.0,0.0,60,0.0,0.0,0.0,0.0,0.0,0
sample_05149.docx,11,64,0.0,0.0,58,0.0,0.0,0.0,0.0,0.0,0
sample_04398.docx,0,0,0.0,0.0,0,0.0,0.0,0.0,0.0,0.0,1
sample_16647.docx,9,66,1.0,1.0,60,3.0,1.0,1.0,1.0,5.0,1
sample_13501.docx,9,66,1.0,1.0,60,3.0,1.0,1.0,1.0,5.0,1
sample_15218.docx,0,0,0.0,0.0,0,0.0,0.0,0.0,0.0,0.0,1
sample_15229.docx,10,66,0.0,0.0,60,0.0,0.0,0.0,0.0,0.0,0
sample_13681.docx,9,100,1.0,1.0,94,3.0,1.0,1.0,1.0,5.0,1
sample_09497.docx,10,66,0.0,0.0,60,0.0,0.0,0.0,0.0,0.0,0
sample_15546.docx,10,66,0.0,0.0,60,0.0,0.0,0.0,0.0,0.0,0
sample_08730.docx,11,66,0.0,0.0,60,0.0,0.0,0.0,0.0,0.0,0
sample_17578.docx,10,66,0.0,0.0,60,0.0,0.0,0.0,0.0,0.0,0
sample_17962.docx,0,0,0.0,0.0,0,0.0,0.0,0.0,0.0,0.0,1
sample_02375.docx,0,0,0.0,0.0,0,0.0,0.0,0.0,0.0,0.0,1
sample_01424.docx,9,100,1.0,1.0,94,3.0,1.0,1.0,1.0,5.0,1
sample_12968.docx,10,66,0.0,0.0,60,0.0,0.0,0.0,0.0,0.0,0
sample_04012.docx,10,66,0.0,0.0,60,0.0,0.0,0.0,0.0,0.0,0
sample_01404.docx,10,66,0.0,0.0,60,0.0,0.0,0.0,0.0,0.0,0
sample_08506.docx,10,66,0.0,0.0,60,0.0,0.0,0.0,0.0,0.0,0
sample_07730.docx,9,100,1.0,1.0,94,3.0,1.0,1.0,1.0,5.0,1
sample_09530.docx,9,100,1.0,1.0,94,3.0,1.0,1.0,1.0,5.0,1
sample_08712.docx,9,66,0.0,0.0,60,0.0,0.0,0.0,0.0,0.0,0
sample_05640.docx,10,66,0.0,0.0,60,0.0,0.0,0.0,0.0,0.0,0
sample_03711.docx,0,0,0.0,0.0,0,0.0,0.0,0.0,0.0,0.0,1
sample_12835.docx,10,66,0.0,0.0,60,0.0,0.0,0.0,0.0,0.0,0
sample_12310.docx,10,66,0.0,0.0,60,0.0,0.0,0.0,0.0,0.0,0
sample_11368.docx,10,66,0.0,0.0,60,0.0,0.0,0.0,0.0,0.0,0
sample_05373.docx,10,66,0.0,0.0,60,0.0,0.0,0.0,0.0,0.0,0
sample_05071.docx,9,100,1.0,1.0,94,3.0,1.0,1.0,1.0,5.0,1
sample_04535.docx,10,66,0.0,0.0,60,0.0,0.0,0.0,0.0,0.0,0
sample_17822.docx,9,100,1.0,1.0,94,3.0,1.0,1.0,1.0,5.0,1
sample_19482.docx,0,0,0.0,0.0,0,0.0,0.0,0.0,0.0,0.0,1
sample_05168.docx,9,100,1.0,1.0,94,3.0,1.0,1.0,1.0,5.0,1
sample_10810.docx,0,0,0.0,0.0,0,0.0,0.0,0.0,0.0,0.0,1
sample_15735.docx,10,66,0.0,0.0,60,0.0,0.0,0.0,0.0,0.0,0
sample_18529.docx,10,66,0.0,0.0,60,0.0,0.0,0.0,0.0,0.0,0
sample_11882.docx,10,66,0.0,0.0,60,0.0,0.0,0.0,0.0,0.0,0
sample_10941.docx,10,66,0.0,0.0,60,0.0,0.0,0.0,0.0,0.0,0
sample_04085.docx,10,66,0.0,0.0,60,0.0,0.0,0.0,0.0,0.0,0
sample_08647.docx,10,66,0.0,0.0,60,0.0,0.0,0.0,0.0,0.0,0
sample_07876.docx,0,0,0.0,0.0,0,0.0,0.0,0.0,0.0,0.0,1
sample_19386.docx,10,66,0.0,0.0,60,0.0,0.0,0.0,0.0,0.0,0
sample_11587.docx,10,66,0.0,0.0,60,0.0,0.0,0.0,0.0,0.0,0
sample_17725.docx,10,66,0.0,0.0,60,0.0,0.0,0.0,0.0,0.0,0
sample_11386.docx,10,66,0.0,0.0,60,0.0,0.0,0.0,0.0,0.0,0
sample_01952.docx,0,0,0.0,0.0,0,0.0,0.0,0.0,0.0,0.0,1
sample_19750.docx,10,66,0.0,0.0,60,0.0,0.0,0.0,0.0,0.0,0
sample_02170.docx,9,100,1.0,1.0,94,3.0,1.0,1.0,1.0,5.0,1
sample_06371.docx,0,0,0.0,0.0,0,0.0,0.0,0.0,0.0,0.0,1
sample_01460.docx,0,0,0.0,0.0,0,0.0,0.0,0.0,0.0,0.0,1
sample_07690.docx,9,100,1.0,1.0,94,3.0,1.0,1.0,1.0,5.0,1
sample_11173.docx,0,0,0.0,0.0,0,0.0,0.0,0.0,0.0,0.0,1
sample_10869.docx,10,66,0.0,0.0,60,0.0,0.0,0.0,0.0,0.0,0
sample_04094.docx,0,0,0.0,0.0,0,0.0,0.0,0.0,0.0,0.0,1
sample_07920.docx,0,0,0.0,0.0,0,0.0,0.0,0.0,0.0,0.0,1
sample_12026.docx,10,66,0.0,0.0,60,0.0,0.0,0.0,0.0,0.0,0
sample_14210.docx,10,66,0.0,0.0,60,0.0,0.0,0.0,0.0,0.0,0
sample_03434.docx,10,66,0.0,0.0,60,0.0,0.0,0.0,0.0,0.0,0
sample_18438.docx,9,66,1.0,1.0,60,3.0,1.0,1.0,1.0,5.0,1
sample_00098.docx,0,0,0.0,0.0,0,0.0,0.0,0.0,0.0,0.0,1
sample_14508.docx,10,66,0.0,0.0,60,0.0,0.0,0.0,0.0,0.0,0
sample_08454.docx,0,0,0.0,0.0,0,0.0,0.0,0.0,0.0,0.0,1
sample_18152.docx,10,66,0.0,0.0,60,0.0,0.0,0.0,0.0,0.0,0
sample_04235.docx,10,66,0.0,0.0,60,0.0,0.0,0.0,0.0,0.0,0
sample_14223.docx,10,66,0.0,0.0,60,0.0,0.0,0.0,0.0,0.0,0
sample_14419.docx,0,0,0.0,0.0,0,0.0,0.0,0.0,0.0,0.0,1
sample_12190.docx,10,66,0.0,0.0,60,0.0,0.0,0.0,0.0,0.0,0
sample_10758.docx,9,100,1.0,1.0,94,3.0,1.0,1.0,1.0,5.0,1
sample_08722.docx,10,66,0.0,0.0,60,0.0,0.0,0.0,0.0,0.0,0
sample_00920.docx,0,0,0.0,0.0,0,0.0,0.0,0.0,0.0,0.0,1
sample_08525.docx,10,66,0.0,0.0,60,0.0,0.0,0.0,0.0,0.0,0
sample_09750.docx,10,66,0.0,0.0,60,0.0,0.0,0.0,0.0,0.0,0
sample_11972.docx,0,0,0.0,0.0,0,0.0,0.0,0.0,0.0,0.0,1
sample_18924.docx,0,0,0.0,0.0,0,0.0,0.0,0.0,0.0,0.0,1
sample_07275.docx,0,0,0.0,0.0,0,0.0,0.0,0.0,0.0,0.0,1
sample_02506.docx,9,100,1.0,1.0,94,3.0,1.0,1.0,1.0,5.0,1
sample_18000.docx,10,66,0.0,0.0,60,0.0,0.0,0.0,0.0,0.0,0
sample_16890.docx,0,0,0.0,0.0,0,0.0,0.0,0.0,0.0,0.0,1
sample_07769.docx,0,0,0.0,0.0,0,0.0,0.0,0.0,0.0,0.0,1
sample_13343.docx,0,0,0.0,0.0,0,0.0,0.0,0.0,0.0,0.0,1
sample_13934.docx,10,66,0.0,0.0,60,0.0,0.0,0.0,0.0,0.0,0
sample_00836.docx,10,66,0.0,0.0,60,0.0,0.0,0.0,0.0,0.0,0
sample_06403.docx,9,66,1.0,1.0,60,3.0,1.0,1.0,1.0,5.0,1
sample_05789.docx,10,66,0.0,0.0,60,0.0,0.0,0.0,0.0,0.0,0
sample_14842.docx,9,66,1.0,1.0,60,3.0,1.0,1.0,1.0,5.0,1
sample_10972.docx,10,66,0.0,0.0,60,0.0,0.0,0.0,0.0,0.0,0
sample_14969.docx,0,0,0.0,0.0,0,0.0,0.0,0.0,0.0,0.0,1
sample_06651.docx,0,0,0.0,0.0,0,0.0,0.0,0.0,0.0,0.0,1
sample_10193.docx,10,66,0.0,0.0,60,0.0,0.0,0.0,0.0,0.0,0
sample_03313.docx,10,66,0.0,0.0,60,0.0,0.0,0.0,0.0,0.0,0
sample_01550.docx,10,66,0.0,0.0,60,0.0,0.0,0.0,0.0,0.0,0
sample_08431.docx,10,66,0.0,0.0,60,0.0,0.0,0.0,0.0,0.0,0
sample_09763.docx,0,0,0.0,0.0,0,0.0,0.0,0.0,0.0,0.0,1
sample_04636.docx,10,66,0.0,0.0,60,0.0,0.0,0.0,0.0,0.0,0
sample_07323.docx,0,0,0.0,0.0,0,0.0,0.0,0.0,0.0,0.0,1
sample_04427.docx,9,100,1.0,1.0,94,3.0,1.0,1.0,1.0,5.0,1
sample_01343.docx,10,66,0.0,0.0,60,0.0,0.0,0.0,0.0,0.0,0
sample_04903.docx,10,66,0.0,0.0,60,0.0,0.0,0.0,0.0,0.0,0
sample_05013.docx,0,0,0.0,0.0,0,0.0,0.0,0.0,0.0,0.0,1
sample_03984.docx,0,0,0.0,0.0,0,0.0,0.0,0.0,0.0,0.0,1
sample_14347.docx,0,0,0.0,0.0,0,0.0,0.0,0.0,0.0,0.0,1
sample_00631.docx,10,66,0.0,0.0,60,0.0,0.0,0.0,0.0,0.0,0
sample_14546.docx,10,66,0.0,0.0,60,0.0,0.0,0.0,0.0,0.0,0
sample_18613.docx,10,66,0.0,0.0,60,0.0,0.0,0.0,0.0,0.0,0
sample_09933.docx,10,66,0.0,0.0,60,0.0,0.0,0.0,0.0,0.0,0
sample_08536.docx,10,66,0.0,0.0,60,0.0,0.0,0.0,0.0,0.0,0
sample_18371.docx,10,66,0.0,0.0,60,0.0,0.0,0.0,0.0,0.0,0
sample_05482.docx,10,66,0.0,0.0,60,0.0,0.0,0.0,0.0,0.0,0
sample_19949.docx,10,66,0.0,0.0,60,0.0,0.0,0.0,0.0,0.0,0
sample_15910.docx,9,100,1.0,1.0,94,3.0,1.0,1.0,1.0,5.0,1
sample_00120.docx,10,66,0.0,0.0,60,0.0,0.0,0.0,0.0,0.0,0
sample_14683.docx,0,0,0.0,0.0,0,0.0,0.0,0.0,0.0,0.0,1
sample_19078.docx,10,66,0.0,0.0,60,0.0,0.0,0.0,0.0,0.0,0
sample_03811.docx,10,66,0.0,0.0,60,0.0,0.0,0.0,0.0,0.0,0
sample_16982.docx,9,66,1.0,1.0,60,3.0,1.0,1.0,1.0,5.0,1
sample_06780.docx,10,66,0.0,0.0,60,0.0,0.0,0.0,0.0,0.0,0
sample_15269.docx,0,0,0.0,0.0,0,0.0,0.0,0.0,0.0,0.0,1
sample_03096.docx,0,0,0.0,0.0,0,0.0,0.0,0.0,0.0,0.0,1
sample_01509.docx,9,66,0.0,0.0,60,0.0,0.0,0.0,0.0,0.0,0
sample_05352.docx,0,0,0.0,0.0,0,0.0,0.0,0.0,0.0,0.0,1
sample_18709.docx,10,66,0.0,0.0,60,0.0,0.0,0.0,0.0,0.0,0
sample_13936.docx,10,66,0.0,0.0,60,0.0,0.0,0.0,0.0,0.0,0
sample_10213.docx,0,0,0.0,0.0,0,0.0,0.0,0.0,0.0,0.0,1
sample_07884.docx,10,66,0.0,0.0,60,0.0,0.0,0.0,0.0,0.0,0
sample_13635.docx,10,66,0.0,0.0,60,0.0,0.0,0.0,0.0,0.0,0
sample_05493.docx,0,0,0.0,0.0,0,0.0,0.0,0.0,0.0,0.0,1
sample_08694.docx,0,0,0.0,0.0,0,0.0,0.0,0.0,0.0,0.0,1
sample_00196.docx,0,0,0.0,0.0,0,0.0,0.0,0.0,0.0,0.0,1
sample_10809.docx,0,0,0.0,0.0,0,0.0,0.0,0.0,0.0,0.0,1
sample_08045.docx,0,0,0.0,0.0,0,0.0,0.0,0.0,0.0,0.0,1
sample_19061.docx,0,0,0.0,0.0,0,0.0,0.0,0.0,0.0,0.0,1
sample_07627.docx,0,0,0.0,0.0,0,0.0,0.0,0.0,0.0,0.0,1
sample_14799.docx,0,0,0.0,0.0,0,0.0,0.0,0.0,0.0,0.0,1
sample_13031.docx,9,66,1.0,1.0,60,3.0,1.0,1.0,1.0,5.0,1
sample_15988.docx,9,100,1.0,1.0,94,3.0,1.0,1.0,1.0,5.0,1
sample_08670.docx,10,66,0.0,0.0,60,0.0,0.0,0.0,0.0,0.0,0
sample_12456.docx,10,66,0.0,0.0,60,0.0,0.0,0.0,0.0,0.0,0
sample_08043.docx,10,66,0.0,0.0,60,0.0,0.0,0.0,0.0,0.0,0
sample_05140.docx,0,0,0.0,0.0,0,0.0,0.0,0.0,0.0,0.0,1
sample_01919.docx,9,66,1.0,1.0,60,3.0,1.0,1.0,1.0,5.0,1
sample_10548.docx,10,66,0.0,0.0,60,0.0,0.0,0.0,0.0,0.0,0
sample_04108.docx,10,66,0.0,0.0,60,0.0,0.0,0.0,0.0,0.0,0
sample_14396.docx,10,66,0.0,0.0,60,0.0,0.0,0.0,0.0,0.0,0
sample_19332.docx,9,100,1.0,1.0,94,3.0,1.0,1.0,1.0,5.0,1
sample_04408.docx,11,64,0.0,0.0,58,0.0,0.0,0.0,0.0,0.0,0
sample_11644.docx,9,66,1.0,1.0,60,3.0,1.0,1.0,1.0,5.0,1
sample_17527.docx,10,66,0.0,0.0,60,0.0,0.0,0.0,0.0,0.0,0
sample_17590.docx,9,100,1.0,1.0,94,3.0,1.0,1.0,1.0,5.0,1
sample_04468.docx,0,0,0.0,0.0,0,0.0,0.0,0.0,0.0,0.0,1
sample_05349.docx,10,66,0.0,0.0,60,0.0,0.0,0.0,0.0,0.0,0
sample_11655.docx,0,0,0.0,0.0,0,0.0,0.0,0.0,0.0,0.0,1
sample_10027.docx,9,100,1.0,1.0,94,3.0,1.0,1.0,1.0,5.0,1
sample_07990.docx,0,0,0.0,0.0,0,0.0,0.0,0.0,0.0,0.0,1
sample_02013.docx,0,0,0.0,0.0,0,0.0,0.0,0.0,0.0,0.0,1
sample_11637.docx,0,0,0.0,0.0,0,0.0,0.0,0.0,0.0,0.0,1
sample_08245.docx,10,66,0.0,0.0,60,0.0,0.0,0.0,0.0,0.0,0
sample_09423.docx,10,66,0.0,0.0,60,0.0,0.0,0.0,0.0,0.0,0
sample_01042.docx,10,66,0.0,0.0,60,0.0,0.0,0.0,0.0,0.0,0
sample_03292.docx,10,66,0.0,0.0,60,0.0,0.0,0.0,0.0,0.0,0
sample_17745.docx,10,66,0.0,0.0,60,0.0,0.0,0.0,0.0,0.0,0
sample_11881.docx,10,66,0.0,0.0,60,0.0,0.0,0.0,0.0,0.0,0
sample_08618.docx,10,66,0.0,0.0,60,0.0,0.0,0.0,0.0,0.0,0
sample_07582.docx,9,100,1.0,1.0,94,3.0,1.0,1.0,1.0,5.0,1
sample_09276.docx,10,66,0.0,0.0,60,0.0,0.0,0.0,0.0,0.0,0
sample_02247.docx,10,66,0.0,0.0,60,0.0,0.0,0.0,0.0,0.0,0
sample_16327.docx,11,64,0.0,0.0,58,0.0,0.0,0.0,0.0,0.0,0
sample_01745.docx,10,66,0.0,0.0,60,0.0,0.0,0.0,0.0,0.0,0
sample_06563.docx,9,100,1.0,1.0,94,3.0,1.0,1.0,1.0,5.0,1
sample_00088.docx,10,66,0.0,0.0,60,0.0,0.0,0.0,0.0,0.0,0
sample_11775.docx,9,100,1.0,1.0,94,3.0,1.0,1.0,1.0,5.0,1
sample_02694.docx,0,0,0.0,0.0,0,0.0,0.0,0.0,0.0,0.0,1
sample_06513.docx,9,66,1.0,1.0,60,3.0,1.0,1.0,1.0,5.0,1
sample_02703.docx,10,66,0.0,0.0,60,0.0,0.0,0.0,0.0,0.0,0
sample_09172.docx,9,66,1.0,1.0,60,3.0,1.0,1.0,1.0,5.0,1
sample_06297.docx,10,66,0.0,0.0,60,0.0,0.0,0.0,0.0,0.0,0
sample_08503.docx,10,66,0.0,0.0,60,0.0,0.0,0.0,0.0,0.0,0
sample_19279.docx,0,0,0.0,0.0,0,0.0,0.0,0.0,0.0,0.0,1
sample_11123.docx,10,66,0.0,0.0,60,0.0,0.0,0.0,0.0,0.0,0
sample_12927.docx,9,66,1.0,1.0,60,3.0,1.0,1.0,1.0,5.0,1
sample_08452.docx,9,66,1.0,1.0,60,3.0,1.0,1.0,1.0,5.0,1
sample_16264.docx,0,0,0.0,0.0,0,0.0,0.0,0.0,0.0,0.0,1
sample_05697.docx,10,66,0.0,0.0,60,0.0,0.0,0.0,0.0,0.0,0
sample_14376.docx,9,100,1.0,1.0,94,3.0,1.0,1.0,1.0,5.0,1
sample_18908.docx,10,66,0.0,0.0,60,0.0,0.0,0.0,0.0,0.0,0
sample_02377.docx,10,66,0.0,0.0,60,0.0,0.0,0.0,0.0,0.0,0
sample_13229.docx,0,0,0.0,0.0,0,0.0,0.0,0.0,0.0,0.0,1
sample_13687.docx,0,0,0.0,0.0,0,0.0,0.0,0.0,0.0,0.0,1
sample_02817.docx,10,66,0.0,0.0,60,0.0,0.0,0.0,0.0,0.0,0
sample_07190.docx,9,66,1.0,1.0,60,3.0,1.0,1.0,1.0,5.0,1
sample_00242.docx,10,66,0.0,0.0,60,0.0,0.0,0.0,0.0,0.0,0
sample_15625.docx,10,66,0.0,0.0,60,0.0,0.0,0.0,0.0,0.0,0
sample_08221.docx,10,66,0.0,0.0,60,0.0,0.0,0.0,0.0,0.0,0
sample_11507.docx,10,66,0.0,0.0,60,0.0,0.0,0.0,0.0,0.0,0
sample_12159.docx,0,0,0.0,0.0,0,0.0,0.0,0.0,0.0,0.0,1
sample_05872.docx,10,66,0.0,0.0,60,0.0,0.0,0.0,0.0,0.0,0
sample_09338.docx,9,66,0.0,0.0,60,0.0,0.0,0.0,0.0,0.0,0
sample_07735.docx,0,0,0.0,0.0,0,0.0,0.0,0.0,0.0,0.0,1
sample_07224.docx,10,66,0.0,0.0,60,0.0,0.0,0.0,0.0,0.0,0
sample_06240.docx,10,66,0.0,0.0,60,0.0,0.0,0.0,0.0,0.0,0
sample_04002.docx,9,66,0.0,0.0,60,0.0,0.0,0.0,0.0,0.0,0
sample_03564.docx,0,0,0.0,0.0,0,0.0,0.0,0.0,0.0,0.0,1
sample_02808.docx,0,0,0.0,0.0,0,0.0,0.0,0.0,0.0,0.0,1
sample_16083.docx,0,0,0.0,0.0,0,0.0,0.0,0.0,0.0,0.0,1
sample_05175.docx,10,66,0.0,0.0,60,0.0,0.0,0.0,0.0,0.0,0
sample_17425.docx,10,66,0.0,0.0,60,0.0,0.0,0.0,0.0,0.0,0
sample_15792.docx,10,66,0.0,0.0,60,0.0,0.0,0.0,0.0,0.0,0
sample_15540.docx,10,66,0.0,0.0,60,0.0,0.0,0.0,0.0,0.0,0
sample_07746.docx,9,100,1.0,1.0,94,3.0,1.0,1.0,1.0,5.0,1
sample_07433.docx,10,66,0.0,0.0,60,0.0,0.0,0.0,0.0,0.0,0
sample_14445.docx,10,66,0.0,0.0,60,0.0,0.0,0.0,0.0,0.0,0
sample_10959.docx,10,66,0.0,0.0,60,0.0,0.0,0.0,0.0,0.0,0
sample_01150.docx,9,100,1.0,1.0,94,3.0,1.0,1.0,1.0,5.0,1
sample_05361.docx,9,100,1.0,1.0,94,3.0,1.0,1.0,1.0,5.0,1
sample_14754.docx,0,0,0.0,0.0,0,0.0,0.0,0.0,0.0,0.0,1
sample_12335.docx,0,0,0.0,0.0,0,0.0,0.0,0.0,0.0,0.0,1
sample_04716.docx,0,0,0.0,0.0,0,0.0,0.0,0.0,0.0,0.0,1
sample_11631.docx,0,0,0.0,0.0,0,0.0,0.0,0.0,0.0,0.0,1
sample_06219.docx,10,66,0.0,0.0,60,0.0,0.0,0.0,0.0,0.0,0
sample_14193.docx,9,100,1.0,1.0,94,3.0,1.0,1.0,1.0,5.0,1
sample_12348.docx,10,66,0.0,0.0,60,0.0,0.0,0.0,0.0,0.0,0
sample_08283.docx,10,66,0.0,0.0,60,0.0,0.0,0.0,0.0,0.0,0
sample_03932.docx,10,66,0.0,0.0,60,0.0,0.0,0.0,0.0,0.0,0
sample_03159.docx,0,0,0.0,0.0,0,0.0,0.0,0.0,0.0,0.0,1
sample_11451.docx,0,0,0.0,0.0,0,0.0,0.0,0.0,0.0,0.0,1
sample_14308.docx,10,66,0.0,0.0,60,0.0,0.0,0.0,0.0,0.0,0
sample_19144.docx,10,66,0.0,0.0,60,0.0,0.0,0.0,0.0,0.0,0
sample_07559.docx,10,66,0.0,0.0,60,0.0,0.0,0.0,0.0,0.0,0
sample_13378.docx,0,0,0.0,0.0,0,0.0,0.0,0.0,0.0,0.0,1
sample_06326.docx,9,66,1.0,1.0,60,3.0,1.0,1.0,1.0,5.0,1
sample_01041.docx,9,100,1.0,1.0,94,3.0,1.0,1.0,1.0,5.0,1
sample_03418.docx,0,0,0.0,0.0,0,0.0,0.0,0.0,0.0,0.0,1
sample_16577.docx,10,66,0.0,0.0,60,0.0,0.0,0.0,0.0,0.0,0
sample_05822.docx,10,66,0.0,0.0,60,0.0,0.0,0.0,0.0,0.0,0
sample_19799.docx,10,66,0.0,0.0,60,0.0,0.0,0.0,0.0,0.0,0
sample_18730.docx,10,66,0.0,0.0,60,0.0,0.0,0.0,0.0,0.0,0
sample_19726.docx,10,66,0.0,0.0,60,0.0,0.0,0.0,0.0,0.0,0
sample_03610.docx,10,66,0.0,0.0,60,0.0,0.0,0.0,0.0,0.0,0
sample_03224.docx,10,66,0.0,0.0,60,0.0,0.0,0.0,0.0,0.0,0
sample_03653.docx,10,66,0.0,0.0,60,0.0,0.0,0.0,0.0,0.0,0
sample_16427.docx,10,66,0.0,0.0,60,0.0,0.0,0.0,0.0,0.0,0
sample_03751.docx,0,0,0.0,0.0,0,0.0,0.0,0.0,0.0,0.0,1
sample_06450.docx,0,0,0.0,0.0,0,0.0,0.0,0.0,0.0,0.0,1
sample_12979.docx,10,66,0.0,0.0,60,0.0,0.0,0.0,0.0,0.0,0
sample_13660.docx,9,100,1.0,1.0,94,3.0,1.0,1.0,1.0,5.0,1
sample_09394.docx,0,0,0.0,0.0,0,0.0,0.0,0.0,0.0,0.0,1
sample_08320.docx,10,66,0.0,0.0,60,0.0,0.0,0.0,0.0,0.0,0
sample_15264.docx,9,100,1.0,1.0,94,3.0,1.0,1.0,1.0,5.0,1
sample_07570.docx,0,0,0.0,0.0,0,0.0,0.0,0.0,0.0,0.0,1
sample_02932.docx,10,66,0.0,0.0,60,0.0,0.0,0.0,0.0,0.0,0
sample_15568.docx,10,66,0.0,0.0,60,0.0,0.0,0.0,0.0,0.0,0
sample_17713.docx,0,0,0.0,0.0,0,0.0,0.0,0.0,0.0,0.0,1
sample_16883.docx,9,100,1.0,1.0,94,3.0,1.0,1.0,1.0,5.0,1
sample_10901.docx,9,100,1.0,1.0,94,3.0,1.0,1.0,1.0,5.0,1
sample_01737.docx,9,66,1.0,1.0,60,3.0,1.0,1.0,1.0,5.0,1
sample_05395.docx,0,0,0.0,0.0,0,0.0,0.0,0.0,0.0,0.0,1
sample_13749.docx,0,0,0.0,0.0,0,0.0,0.0,0.0,0.0,0.0,1
sample_18994.docx,9,66,1.0,1.0,60,3.0,1.0,1.0,1.0,5.0,1
sample_08781.docx,10,66,0.0,0.0,60,0.0,0.0,0.0,0.0,0.0,0
sample_16211.docx,10,66,0.0,0.0,60,0.0,0.0,0.0,0.0,0.0,0
sample_05498.docx,10,66,0.0,0.0,60,0.0,0.0,0.0,0.0,0.0,0
sample_19117.docx,0,0,0.0,0.0,0,0.0,0.0,0.0,0.0,0.0,1
sample_09222.docx,0,0,0.0,0.0,0,0.0,0.0,0.0,0.0,0.0,1
sample_02005.docx,10,66,0.0,0.0,60,0.0,0.0,0.0,0.0,0.0,0
sample_00386.docx,10,66,0.0,0.0,60,0.0,0.0,0.0,0.0,0.0,0
sample_00434.docx,10,66,0.0,0.0,60,0.0,0.0,0.0,0.0,0.0,0
sample_09348.docx,0,0,0.0,0.0,0,0.0,0.0,0.0,0.0,0.0,1
sample_10681.docx,0,0,0.0,0.0,0,0.0,0.0,0.0,0.0,0.0,1
sample_07958.docx,10,66,0.0,0.0,60,0.0,0.0,0.0,0.0,0.0,0
sample_19064.docx,0,0,0.0,0.0,0,0.0,0.0,0.0,0.0,0.0,1
sample_00154.docx,9,100,1.0,1.0,94,3.0,1.0,1.0,1.0,5.0,1
sample_06866.docx,0,0,0.0,0.0,0,0.0,0.0,0.0,0.0,0.0,1
sample_11157.docx,10,66,0.0,0.0,60,0.0,0.0,0.0,0.0,0.0,0
sample_03532.docx,10,66,0.0,0.0,60,0.0,0.0,0.0,0.0,0.0,0
sample_00963.docx,0,0,0.0,0.0,0,0.0,0.0,0.0,0.0,0.0,1
sample_09502.docx,10,66,0.0,0.0,60,0.0,0.0,0.0,0.0,0.0,0
sample_14664.docx,0,0,0.0,0.0,0,0.0,0.0,0.0,0.0,0.0,1
sample_06460.docx,10,66,0.0,0.0,60,0.0,0.0,0.0,0.0,0.0,0
sample_01845.docx,10,66,0.0,0.0,60,0.0,0.0,0.0,0.0,0.0,0
sample_11729.docx,10,66,0.0,0.0,60,0.0,0.0,0.0,0.0,0.0,0
sample_04062.docx,0,0,0.0,0.0,0,0.0,0.0,0.0,0.0,0.0,1
sample_03476.docx,9,66,0.0,0.0,60,0.0,0.0,0.0,0.0,0.0,0
sample_04814.docx,9,66,1.0,1.0,60,3.0,1.0,1.0,1.0,5.0,1
sample_14768.docx,10,66,0.0,0.0,60,0.0,0.0,0.0,0.0,0.0,0
sample_19049.docx,0,0,0.0,0.0,0,0.0,0.0,0.0,0.0,0.0,1
sample_12150.docx,0,0,0.0,0.0,0,0.0,0.0,0.0,0.0,0.0,1
sample_17245.docx,9,100,0.0,0.0,94,0.0,0.0,0.0,0.0,0.0,0
sample_04150.docx,10,66,0.0,0.0,60,0.0,0.0,0.0,0.0,0.0,0
sample_01084.docx,0,0,0.0,0.0,0,0.0,0.0,0.0,0.0,0.0,1
sample_12115.docx,9,66,1.0,1.0,60,3.0,1.0,1.0,1.0,5.0,1
sample_18476.docx,0,0,0.0,0.0,0,0.0,0.0,0.0,0.0,0.0,1
sample_19284.docx,0,0,0.0,0.0,0,0.0,0.0,0.0,0.0,0.0,1
sample_08324.docx,10,66,0.0,0.0,60,0.0,0.0,0.0,0.0,0.0,0
sample_17250.docx,10,66,0.0,0.0,60,0.0,0.0,0.0,0.0,0.0,0
sample_11424.docx,10,66,0.0,0.0,60,0.0,0.0,0.0,0.0,0.0,0
sample_04717.docx,10,66,0.0,0.0,60,0.0,0.0,0.0,0.0,0.0,0
sample_16993.docx,10,66,0.0,0.0,60,0.0,0.0,0.0,0.0,0.0,0
sample_19945.docx,0,0,0.0,0.0,0,0.0,0.0,0.0,0.0,0.0,1
sample_09351.docx,10,66,0.0,0.0,60,0.0,0.0,0.0,0.0,0.0,0
sample_11961.docx,0,0,0.0,0.0,0,0.0,0.0,0.0,0.0,0.0,1
sample_07640.docx,10,66,0.0,0.0,60,0.0,0.0,0.0,0.0,0.0,0
sample_19894.docx,0,0,0.0,0.0,0,0.0,0.0,0.0,0.0,0.0,1
sample_14342.docx,10,66,0.0,0.0,60,0.0,0.0,0.0,0.0,0.0,0
sample_02640.docx,9,100,1.0,1.0,94,3.0,1.0,1.0,1.0,5.0,1
sample_10176.docx,0,0,0.0,0.0,0,0.0,0.0,0.0,0.0,0.0,1
sample_01483.docx,10,66,0.0,0.0,60,0.0,0.0,0.0,0.0,0.0,0
sample_10736.docx,10,66,0.0,0.0,60,0.0,0.0,0.0,0.0,0.0,0
sample_03205.docx,10,66,0.0,0.0,60,0.0,0.0,0.0,0.0,0.0,0
sample_17182.docx,10,66,0.0,0.0,60,0.0,0.0,0.0,0.0,0.0,0
sample_09016.docx,10,66,0.0,0.0,60,0.0,0.0,0.0,0.0,0.0,0
sample_15861.docx,10,66,0.0,0.0,60,0.0,0.0,0.0,0.0,0.0,0
sample_00435.docx,9,100,1.0,1.0,94,3.0,1.0,1.0,1.0,5.0,1
sample_12924.docx,10,66,0.0,0.0,60,0.0,0.0,0.0,0.0,0.0,0
sample_15852.docx,10,66,0.0,0.0,60,0.0,0.0,0.0,0.0,0.0,0
sample_13116.docx,9,100,1.0,1.0,94,3.0,1.0,1.0,1.0,5.0,1
sample_09938.docx,0,0,0.0,0.0,0,0.0,0.0,0.0,0.0,0.0,1
sample_06487.docx,9,100,1.0,1.0,94,3.0,1.0,1.0,1.0,5.0,1
sample_05502.docx,9,66,1.0,1.0,60,3.0,1.0,1.0,1.0,5.0,1
sample_04673.docx,10,66,0.0,0.0,60,0.0,0.0,0.0,0.0,0.0,0
sample_09178.docx,0,0,0.0,0.0,0,0.0,0.0,0.0,0.0,0.0,1
sample_03697.docx,0,0,0.0,0.0,0,0.0,0.0,0.0,0.0,0.0,1
sample_03781.docx,9,66,0.0,0.0,60,0.0,0.0,0.0,0.0,0.0,0
sample_07552.docx,10,66,0.0,0.0,60,0.0,0.0,0.0,0.0,0.0,0
sample_01466.docx,10,66,0.0,0.0,60,0.0,0.0,0.0,0.0,0.0,0
sample_13369.docx,10,66,0.0,0.0,60,0.0,0.0,0.0,0.0,0.0,0
sample_11976.docx,10,66,0.0,0.0,60,0.0,0.0,0.0,0.0,0.0,0
sample_04197.docx,10,66,0.0,0.0,60,0.0,0.0,0.0,0.0,0.0,0
sample_11209.docx,0,0,0.0,0.0,0,0.0,0.0,0.0,0.0,0.0,1
sample_19692.docx,0,0,0.0,0.0,0,0.0,0.0,0.0,0.0,0.0,1
sample_18403.docx,10,66,0.0,0.0,60,0.0,0.0,0.0,0.0,0.0,0
sample_03670.docx,0,0,0.0,0.0,0,0.0,0.0,0.0,0.0,0.0,1
sample_14238.docx,0,0,0.0,0.0,0,0.0,0.0,0.0,0.0,0.0,1
sample_14372.docx,0,0,0.0,0.0,0,0.0,0.0,0.0,0.0,0.0,1
sample_06609.docx,0,0,0.0,0.0,0,0.0,0.0,0.0,0.0,0.0,1
sample_00159.docx,10,66,0.0,0.0,60,0.0,0.0,0.0,0.0,0.0,0
sample_10398.docx,10,66,0.0,0.0,60,0.0,0.0,0.0,0.0,0.0,0
sample_10185.docx,10,66,0.0,0.0,60,0.0,0.0,0.0,0.0,0.0,0
sample_07009.docx,10,66,0.0,0.0,60,0.0,0.0,0.0,0.0,0.0,0
sample_13576.docx,0,0,0.0,0.0,0,0.0,0.0,0.0,0.0,0.0,1
sample_03554.docx,9,100,1.0,1.0,94,3.0,1.0,1.0,1.0,5.0,1
sample_05088.docx,0,0,0.0,0.0,0,0.0,0.0,0.0,0.0,0.0,1
sample_01471.docx,10,66,0.0,0.0,60,0.0,0.0,0.0,0.0,0.0,0
sample_04937.docx,0,0,0.0,0.0,0,0.0,0.0,0.0,0.0,0.0,1
sample_00384.docx,10,66,0.0,0.0,60,0.0,0.0,0.0,0.0,0.0,0
sample_06360.docx,9,66,0.0,0.0,60,0.0,0.0,0.0,0.0,0.0,0
sample_16196.docx,0,0,0.0,0.0,0,0.0,0.0,0.0,0.0,0.0,1
sample_19225.docx,10,66,0.0,0.0,60,0.0,0.0,0.0,0.0,0.0,0
sample_17678.docx,0,0,0.0,0.0,0,0.0,0.0,0.0,0.0,0.0,1
sample_14689.docx,0,0,0.0,0.0,0,0.0,0.0,0.0,0.0,0.0,1
sample_02176.docx,10,66,0.0,0.0,60,0.0,0.0,0.0,0.0,0.0,0
sample_09470.docx,0,0,0.0,0.0,0,0.0,0.0,0.0,0.0,0.0,1
sample_15528.docx,10,66,0.0,0.0,60,0.0,0.0,0.0,0.0,0.0,0
sample_17138.docx,0,0,0.0,0.0,0,0.0,0.0,0.0,0.0,0.0,1
sample_19023.docx,0,0,0.0,0.0,0,0.0,0.0,0.0,0.0,0.0,1
sample_16028.docx,10,66,0.0,0.0,60,0.0,0.0,0.0,0.0,0.0,0
sample_04928.docx,10,66,0.0,0.0,60,0.0,0.0,0.0,0.0,0.0,0
sample_06957.docx,0,0,0.0,0.0,0,0.0,0.0,0.0,0.0,0.0,1
sample_00997.docx,0,0,0.0,0.0,0,0.0,0.0,0.0,0.0,0.0,1
sample_03544.docx,10,66,0.0,0.0,60,0.0,0.0,0.0,0.0,0.0,0
sample_08031.docx,10,66,0.0,0.0,60,0.0,0.0,0.0,0.0,0.0,0
sample_12740.docx,10,66,0.0,0.0,60,0.0,0.0,0.0,0.0,0.0,0
sample_17993.docx,9,100,1.0,1.0,94,3.0,1.0,1.0,1.0,5.0,1
sample_14086.docx,10,66,0.0,0.0,60,0.0,0.0,0.0,0.0,0.0,0
sample_02123.docx,0,0,0.0,0.0,0,0.0,0.0,0.0,0.0,0.0,1
sample_06249.docx,0,0,0.0,0.0,0,0.0,0.0,0.0,0.0,0.0,1
sample_05958.docx,10,66,0.0,0.0,60,0.0,0.0,0.0,0.0,0.0,0
sample_08051.docx,0,0,0.0,0.0,0,0.0,0.0,0.0,0.0,0.0,1
sample_07198.docx,9,100,1.0,1.0,94,3.0,1.0,1.0,1.0,5.0,1
sample_08106.docx,10,66,0.0,0.0,60,0.0,0.0,0.0,0.0,0.0,0
sample_17220.docx,10,66,0.0,0.0,60,0.0,0.0,0.0,0.0,0.0,0
sample_05004.docx,9,66,1.0,1.0,60,3.0,1.0,1.0,1.0,5.0,1
sample_02495.docx,0,0,0.0,0.0,0,0.0,0.0,0.0,0.0,0.0,1
sample_04729.docx,9,100,1.0,1.0,94,3.0,1.0,1.0,1.0,5.0,1
sample_13070.docx,10,66,0.0,0.0,60,0.0,0.0,0.0,0.0,0.0,0
sample_07808.docx,9,66,1.0,1.0,60,3.0,1.0,1.0,1.0,5.0,1
sample_19018.docx,10,66,0.0,0.0,60,0.0,0.0,0.0,0.0,0.0,0
sample_12514.docx,9,66,1.0,1.0,60,3.0,1.0,1.0,1.0,5.0,1
sample_10224.docx,0,0,0.0,0.0,0,0.0,0.0,0.0,0.0,0.0,1
sample_18965.docx,0,0,0.0,0.0,0,0.0,0.0,0.0,0.0,0.0,1
sample_15370.docx,0,0,0.0,0.0,0,0.0,0.0,0.0,0.0,0.0,1
sample_02653.docx,9,100,1.0,1.0,94,3.0,1.0,1.0,1.0,5.0,1
sample_02060.docx,10,66,0.0,0.0,60,0.0,0.0,0.0,0.0,0.0,0
sample_07556.docx,0,0,0.0,0.0,0,0.0,0.0,0.0,0.0,0.0,1
sample_13623.docx,0,0,0.0,0.0,0,0.0,0.0,0.0,0.0,0.0,1
sample_19087.docx,0,0,0.0,0.0,0,0.0,0.0,0.0,0.0,0.0,1
sample_14038.docx,9,66,1.0,1.0,60,3.0,1.0,1.0,1.0,5.0,1
sample_16845.docx,9,66,1.0,1.0,60,3.0,1.0,1.0,1.0,5.0,1
sample_00651.docx,10,66,0.0,0.0,60,0.0,0.0,0.0,0.0,0.0,0
sample_11855.docx,9,100,1.0,1.0,94,3.0,1.0,1.0,1.0,5.0,1
sample_02392.docx,0,0,0.0,0.0,0,0.0,0.0,0.0,0.0,0.0,1
sample_18181.docx,9,100,1.0,1.0,94,3.0,1.0,1.0,1.0,5.0,1
sample_13062.docx,10,66,0.0,0.0,60,0.0,0.0,0.0,0.0,0.0,0
sample_04909.docx,9,100,1.0,1.0,94,3.0,1.0,1.0,1.0,5.0,1
sample_01781.docx,9,100,1.0,1.0,94,3.0,1.0,1.0,1.0,5.0,1
sample_08972.docx,0,0,0.0,0.0,0,0.0,0.0,0.0,0.0,0.0,1
sample_01416.docx,11,66,0.0,0.0,60,0.0,0.0,0.0,0.0,0.0,0
sample_16128.docx,0,0,0.0,0.0,0,0.0,0.0,0.0,0.0,0.0,1
sample_18998.docx,9,100,1.0,1.0,94,3.0,1.0,1.0,1.0,5.0,1
sample_18313.docx,0,0,0.0,0.0,0,0.0,0.0,0.0,0.0,0.0,1
sample_10814.docx,0,0,0.0,0.0,0,0.0,0.0,0.0,0.0,0.0,1
sample_10701.docx,0,0,0.0,0.0,0,0.0,0.0,0.0,0.0,0.0,1
sample_15050.docx,10,66,0.0,0.0,60,0.0,0.0,0.0,0.0,0.0,0
sample_01405.docx,10,66,0.0,0.0,60,0.0,0.0,0.0,0.0,0.0,0
sample_10969.docx,10,66,0.0,0.0,60,0.0,0.0,0.0,0.0,0.0,0
sample_17801.docx,10,66,0.0,0.0,60,0.0,0.0,0.0,0.0,0.0,0
sample_01733.docx,0,0,0.0,0.0,0,0.0,0.0,0.0,0.0,0.0,1
sample_08895.docx,0,0,0.0,0.0,0,0.0,0.0,0.0,0.0,0.0,1
sample_04545.docx,9,100,1.0,1.0,94,3.0,1.0,1.0,1.0,5.0,1
sample_06827.docx,10,66,0.0,0.0,60,0.0,0.0,0.0,0.0,0.0,0
sample_11022.docx,9,100,1.0,1.0,94,3.0,1.0,1.0,1.0,5.0,1
sample_09551.docx,9,66,1.0,1.0,60,3.0,1.0,1.0,1.0,5.0,1
sample_00402.docx,9,100,1.0,1.0,94,3.0,1.0,1.0,1.0,5.0,1
sample_08523.docx,9,100,1.0,1.0,94,3.0,1.0,1.0,1.0,5.0,1
sample_08168.docx,10,66,0.0,0.0,60,0.0,0.0,0.0,0.0,0.0,0
sample_03885.docx,10,66,0.0,0.0,60,0.0,0.0,0.0,0.0,0.0,0
sample_19509.docx,10,66,0.0,0.0,60,0.0,0.0,0.0,0.0,0.0,0
sample_12413.docx,0,0,0.0,0.0,0,0.0,0.0,0.0,0.0,0.0,1
sample_05039.docx,9,100,1.0,1.0,94,3.0,1.0,1.0,1.0,5.0,1
sample_07427.docx,10,66,0.0,0.0,60,0.0,0.0,0.0,0.0,0.0,0
sample_12249.docx,9,100,1.0,1.0,94,3.0,1.0,1.0,1.0,5.0,1
sample_09953.docx,11,64,0.0,0.0,58,0.0,0.0,0.0,0.0,0.0,0
sample_09315.docx,10,66,0.0,0.0,60,0.0,0.0,0.0,0.0,0.0,0
sample_03657.docx,9,66,1.0,1.0,60,3.0,1.0,1.0,1.0,5.0,1
sample_00919.docx,10,66,0.0,0.0,60,0.0,0.0,0.0,0.0,0.0,0
sample_11993.docx,9,100,1.0,1.0,94,3.0,1.0,1.0,1.0,5.0,1
sample_09465.docx,10,66,0.0,0.0,60,0.0,0.0,0.0,0.0,0.0,0
sample_00221.docx,10,66,0.0,0.0,60,0.0,0.0,0.0,0.0,0.0,0
sample_11185.docx,10,66,0.0,0.0,60,0.0,0.0,0.0,0.0,0.0,0
sample_03707.docx,9,66,0.0,0.0,60,0.0,0.0,0.0,0.0,0.0,0
sample_01315.docx,0,0,0.0,0.0,0,0.0,0.0,0.0,0.0,0.0,1
sample_01307.docx,11,64,0.0,0.0,58,0.0,0.0,0.0,0.0,0.0,0
sample_19198.docx,10,66,0.0,0.0,60,0.0,0.0,0.0,0.0,0.0,0
sample_07988.docx,10,66,0.0,0.0,60,0.0,0.0,0.0,0.0,0.0,0
sample_06913.docx,9,100,1.0,1.0,94,3.0,1.0,1.0,1.0,5.0,1
sample_07062.docx,10,66,0.0,0.0,60,0.0,0.0,0.0,0.0,0.0,0
sample_01070.docx,10,66,0.0,0.0,60,0.0,0.0,0.0,0.0,0.0,0
sample_04875.docx,10,66,0.0,0.0,60,0.0,0.0,0.0,0.0,0.0,0
sample_18607.docx,9,66,1.0,1.0,60,3.0,1.0,1.0,1.0,5.0,1
sample_09685.docx,0,0,0.0,0.0,0,0.0,0.0,0.0,0.0,0.0,1
sample_16790.docx,10,66,0.0,0.0,60,0.0,0.0,0.0,0.0,0.0,0
sample_16317.docx,0,0,0.0,0.0,0,0.0,0.0,0.0,0.0,0.0,1
sample_12307.docx,10,66,0.0,0.0,60,0.0,0.0,0.0,0.0,0.0,0
sample_18683.docx,10,66,0.0,0.0,60,0.0,0.0,0.0,0.0,0.0,0
sample_13205.docx,10,66,0.0,0.0,60,0.0,0.0,0.0,0.0,0.0,0
sample_13767.docx,9,100,1.0,1.0,94,3.0,1.0,1.0,1.0,5.0,1
sample_01197.docx,10,66,0.0,0.0,60,0.0,0.0,0.0,0.0,0.0,0
sample_11444.docx,0,0,0.0,0.0,0,0.0,0.0,0.0,0.0,0.0,1
sample_17735.docx,10,66,0.0,0.0,60,0.0,0.0,0.0,0.0,0.0,0
sample_18132.docx,10,66,0.0,0.0,60,0.0,0.0,0.0,0.0,0.0,0
sample_08595.docx,0,0,0.0,0.0,0,0.0,0.0,0.0,0.0,0.0,1
sample_07843.docx,10,66,0.0,0.0,60,0.0,0.0,0.0,0.0,0.0,0
sample_02525.docx,10,66,0.0,0.0,60,0.0,0.0,0.0,0.0,0.0,0
sample_16912.docx,10,66,0.0,0.0,60,0.0,0.0,0.0,0.0,0.0,0
sample_12769.docx,10,66,0.0,0.0,60,0.0,0.0,0.0,0.0,0.0,0
sample_14632.docx,9,66,1.0,1.0,60,3.0,1.0,1.0,1.0,5.0,1
sample_05879.docx,10,66,0.0,0.0,60,0.0,0.0,0.0,0.0,0.0,0
sample_09571.docx,10,66,0.0,0.0,60,0.0,0.0,0.0,0.0,0.0,0
sample_03864.docx,10,66,0.0,0.0,60,0.0,0.0,0.0,0.0,0.0,0
sample_11627.docx,0,0,0.0,0.0,0,0.0,0.0,0.0,0.0,0.0,1
sample_12214.docx,0,0,0.0,0.0,0,0.0,0.0,0.0,0.0,0.0,1
sample_07590.docx,10,66,0.0,0.0,60,0.0,0.0,0.0,0.0,0.0,0
sample_00395.docx,0,0,0.0,0.0,0,0.0,0.0,0.0,0.0,0.0,1
sample_10248.docx,0,0,0.0,0.0,0,0.0,0.0,0.0,0.0,0.0,1
sample_13801.docx,0,0,0.0,0.0,0,0.0,0.0,0.0,0.0,0.0,1
sample_13556.docx,0,0,0.0,0.0,0,0.0,0.0,0.0,0.0,0.0,1
sample_02869.docx,10,66,0.0,0.0,60,0.0,0.0,0.0,0.0,0.0,0
sample_16480.docx,0,0,0.0,0.0,0,0.0,0.0,0.0,0.0,0.0,1
sample_12956.docx,0,0,0.0,0.0,0,0.0,0.0,0.0,0.0,0.0,1
sample_13613.docx,9,100,1.0,1.0,94,3.0,1.0,1.0,1.0,5.0,1
sample_06352.docx,10,66,0.0,0.0,60,0.0,0.0,0.0,0.0,0.0,0
sample_03172.docx,9,100,1.0,1.0,94,3.0,1.0,1.0,1.0,5.0,1
sample_00317.docx,9,100,1.0,1.0,94,3.0,1.0,1.0,1.0,5.0,1
sample_02850.docx,9,100,1.0,1.0,94,3.0,1.0,1.0,1.0,5.0,1
sample_08337.docx,10,66,0.0,0.0,60,0.0,0.0,0.0,0.0,0.0,0
sample_08309.docx,0,0,0.0,0.0,0,0.0,0.0,0.0,0.0,0.0,1
sample_02768.docx,9,100,1.0,1.0,94,3.0,1.0,1.0,1.0,5.0,1
sample_19262.docx,10,66,0.0,0.0,60,0.0,0.0,0.0,0.0,0.0,0
sample_14746.docx,10,66,0.0,0.0,60,0.0,0.0,0.0,0.0,0.0,0
sample_10685.docx,9,66,1.0,1.0,60,3.0,1.0,1.0,1.0,5.0,1
sample_02497.docx,10,66,0.0,0.0,60,0.0,0.0,0.0,0.0,0.0,0
sample_12886.docx,10,66,0.0,0.0,60,0.0,0.0,0.0,0.0,0.0,0
sample_11121.docx,9,100,1.0,1.0,94,3.0,1.0,1.0,1.0,5.0,1
sample_06378.docx,9,100,1.0,1.0,94,3.0,1.0,1.0,1.0,5.0,1
sample_17358.docx,0,0,0.0,0.0,0,0.0,0.0,0.0,0.0,0.0,1
sample_03562.docx,0,0,0.0,0.0,0,0.0,0.0,0.0,0.0,0.0,1
sample_08690.docx,9,100,1.0,1.0,94,3.0,1.0,1.0,1.0,5.0,1
sample_06799.docx,10,66,0.0,0.0,60,0.0,0.0,0.0,0.0,0.0,0
sample_10861.docx,0,0,0.0,0.0,0,0.0,0.0,0.0,0.0,0.0,1
sample_16186.docx,10,66,0.0,0.0,60,0.0,0.0,0.0,0.0,0.0,0
sample_02679.docx,10,66,0.0,0.0,60,0.0,0.0,0.0,0.0,0.0,0
sample_02961.docx,10,66,0.0,0.0,60,0.0,0.0,0.0,0.0,0.0,0
sample_14720.docx,0,0,0.0,0.0,0,0.0,0.0,0.0,0.0,0.0,1
sample_16420.docx,10,66,0.0,0.0,60,0.0,0.0,0.0,0.0,0.0,0
sample_14033.docx,10,66,0.0,0.0,60,0.0,0.0,0.0,0.0,0.0,0
sample_19917.docx,0,0,0.0,0.0,0,0.0,0.0,0.0,0.0,0.0,1
sample_18046.docx,0,0,0.0,0.0,0,0.0,0.0,0.0,0.0,0.0,1
sample_19461.docx,10,66,0.0,0.0,60,0.0,0.0,0.0,0.0,0.0,0
sample_11613.docx,0,0,0.0,0.0,0,0.0,0.0,0.0,0.0,0.0,1
sample_17233.docx,10,66,0.0,0.0,60,0.0,0.0,0.0,0.0,0.0,0
sample_10601.docx,10,66,0.0,0.0,60,0.0,0.0,0.0,0.0,0.0,0
sample_10971.docx,9,100,1.0,1.0,94,3.0,1.0,1.0,1.0,5.0,1
sample_02018.docx,0,0,0.0,0.0,0,0.0,0.0,0.0,0.0,0.0,1
sample_12951.docx,0,0,0.0,0.0,0,0.0,0.0,0.0,0.0,0.0,1
sample_07445.docx,10,66,0.0,0.0,60,0.0,0.0,0.0,0.0,0.0,0
