file_name,TARGET
sample_03145.pdf,0.12667725544976052
sample_01837.pdf,0.06463943184928744
sample_07763.pdf,0.025991069084104878
sample_06463.pdf,0.05055081812757814
sample_16394.pdf,0.9991061462878377
sample_00647.pdf,0.01726036638332205
sample_14892.pdf,0.9994198287298834
sample_08212.pdf,0.0018704088636594316
sample_11991.pdf,0.99941088838721
sample_09817.pdf,0.020505171258654017
sample_15972.pdf,0.8225147855438055
sample_06524.pdf,0.07685926005049427
sample_08796.pdf,0.06975001052816497
sample_00763.pdf,0.00539307356513256
sample_18002.pdf,0.9744854884485061
sample_18208.pdf,0.5828782155364488
sample_16316.pdf,0.9991072324603315
sample_03362.pdf,0.000158845746203157
sample_10887.pdf,0.9991081338980679
sample_18551.pdf,0.8799714194246987
sample_12224.pdf,0.9215895101414399
sample_07565.pdf,0.012238576072853759
sample_07781.pdf,0.012705817190036224
sample_09850.pdf,0.9994097750982158
sample_15973.pdf,0.9991082411849721
sample_10576.pdf,0.4757221083504251
sample_00530.pdf,0.00033527344956266056
sample_09775.pdf,0.9990192024861212
sample_03595.pdf,0.04612173608854008
sample_18538.pdf,0.9994109405415404
sample_01623.pdf,0.07823100262701486
sample_10195.pdf,0.9994092091669092
sample_04700.pdf,0.006847432894704404
sample_06972.pdf,0.0004727282453411748
sample_04084.pdf,0.00021897599596756842
sample_16965.pdf,0.9911279791714485
sample_10239.pdf,0.999411004424314
sample_17681.pdf,0.9994109861727987
sample_07944.pdf,0.0012256244910072388
sample_07901.pdf,0.02817420308578153
sample_04493.pdf,0.021424574397869527
sample_05780.pdf,0.07562703678363045
sample_07228.pdf,0.01182260624260494
sample_03229.pdf,0.006414336996345569
sample_06095.pdf,0.049708962664741674
sample_00773.pdf,0.0895614358051653
sample_19280.pdf,0.7478359164080505
sample_16591.pdf,0.9994090352270965
sample_10687.pdf,0.9994112090633607
sample_02337.pdf,0.0018075455545419497
sample_14654.pdf,0.9991069670737528
sample_04584.pdf,0.023747427012836577
sample_15369.pdf,0.9994096588193538
sample_00934.pdf,0.14136758680834233
sample_15330.pdf,0.999409448414097
sample_05001.pdf,0.020648987811034393
sample_04172.pdf,0.00020715235590411117
sample_09790.pdf,0.725179311914356
sample_07638.pdf,0.0053750231428138255
sample_07778.pdf,0.0027585778463615055
sample_10968.pdf,0.9994112377332259
sample_06097.pdf,0.021390109323541743
sample_03730.pdf,0.029194908405537248
sample_04836.pdf,0.05185458009560678
sample_10022.pdf,0.9991052551720555
sample_05511.pdf,0.0024449513728511865
sample_08469.pdf,0.008844388101547989
sample_18235.pdf,0.3794163004348346
sample_07254.pdf,0.12438193984660427
sample_11243.pdf,0.9994110018169892
sample_11189.pdf,0.9994197080061012
sample_16064.pdf,0.7009366632210469
sample_07789.pdf,0.07011956715701702
sample_11947.pdf,0.9994090705423213
sample_10038.pdf,0.9990248558052315
sample_11293.pdf,0.9994092170126133
sample_01242.pdf,0.011593201661955222
sample_09667.pdf,0.700937727207251
sample_15174.pdf,0.9994089070282084
sample_05660.pdf,0.09742616282467857
sample_01629.pdf,0.08400091305347544
sample_14837.pdf,0.7169786586301453
sample_02013.pdf,0.11041036324735774
sample_14294.pdf,0.9994090666185116
sample_09371.pdf,0.9994109001223362
sample_17521.pdf,0.9994091594750354
sample_17580.pdf,0.9991120710154378
sample_06497.pdf,0.08861843656273799
sample_06528.pdf,0.06812527842563516
sample_00387.pdf,0.10492545902938027
sample_18463.pdf,0.9994094627919937
sample_06464.pdf,0.0022612574272131113
sample_07692.pdf,0.015471663664961721
sample_12581.pdf,0.9994095582000906
sample_00632.pdf,0.007957932402106556
sample_03100.pdf,0.006374164076726488
sample_13585.pdf,0.9991054601124469
sample_05802.pdf,0.00018097442112592534
sample_11957.pdf,0.9994191027251699
sample_06699.pdf,0.0077717418275497
sample_00825.pdf,0.22518492170918047
sample_18018.pdf,0.9994112716139972
sample_15783.pdf,0.9994181685097097
sample_05177.pdf,0.25503609615225487
sample_15457.pdf,0.9994098090630062
sample_14576.pdf,0.8784486113260147
sample_17984.pdf,0.874561482326247
sample_03751.pdf,0.0012152356301048453
sample_00672.pdf,0.006845802055216185
sample_12842.pdf,0.9991123117855673
sample_09542.pdf,0.7155173200160853
sample_00190.pdf,0.04113898295048073
sample_01547.pdf,0.00990334644320255
sample_09886.pdf,0.999409283696898
sample_18894.pdf,0.9994090875451969
sample_06607.pdf,0.03727033775662473
sample_12328.pdf,0.9991084927702866
sample_15581.pdf,0.9994090221468491
sample_15270.pdf,0.9991123302011317
sample_01866.pdf,0.23914733045758121
sample_00028.pdf,0.15312213795269716
sample_19194.pdf,0.9990774271660788
sample_05496.pdf,0.003047194010463415
sample_08136.pdf,0.09869376113635349
sample_15505.pdf,0.905640302007336
sample_14430.pdf,0.9994118668160598
sample_09446.pdf,0.9994091921675272
sample_08846.pdf,0.1266451476910452
sample_08892.pdf,0.029914684575039527
sample_17494.pdf,0.8225017565459628
sample_13173.pdf,0.8224701864939643
sample_10136.pdf,0.8224827137071645
sample_03365.pdf,0.003586570413458674
sample_12316.pdf,0.9994092850043579
sample_14682.pdf,0.9991028358786963
sample_18502.pdf,0.906703672642499
sample_10454.pdf,0.9994109509718534
sample_09309.pdf,0.700937017881699
sample_15845.pdf,0.9994103913861029
sample_14503.pdf,0.9994108988184448
sample_04446.pdf,0.02870845036045662
sample_08569.pdf,0.0010694538473462326
sample_09530.pdf,0.9994091882445235
sample_18296.pdf,0.9911322033918522
sample_03057.pdf,0.04453333301831303
sample_02429.pdf,0.0007736971042848184
sample_01317.pdf,0.00015828129792553033
sample_04875.pdf,0.027500831799737804
sample_04812.pdf,0.0009255675954912456
sample_03293.pdf,0.00015783107673703644
sample_10892.pdf,0.8224721771207332
sample_02391.pdf,0.0003462967682066537
sample_06761.pdf,0.004247199940848957
sample_14339.pdf,0.9994111061009935
sample_04312.pdf,0.00017198279212888453
sample_10288.pdf,0.9991070997817002
sample_04958.pdf,0.006367282692668574
sample_06708.pdf,0.1210659494115695
sample_09738.pdf,0.8778939408404648
sample_01843.pdf,0.14763121079136335
sample_05368.pdf,0.016852227728023483
sample_06574.pdf,0.26093964970426836
sample_17065.pdf,0.8812980098260365
sample_11899.pdf,0.9991056929146339
sample_01764.pdf,0.0007813560678651717
sample_13615.pdf,0.8916710153305404
sample_15237.pdf,0.9994111295623543
sample_01246.pdf,0.0020928216172342185
sample_08727.pdf,0.0001574028021569471
sample_19017.pdf,0.9991073040946054
sample_06893.pdf,0.06473359714592161
sample_13680.pdf,0.9994109509718534
sample_13009.pdf,0.9991068661961022
sample_10290.pdf,0.8225176562411294
sample_10222.pdf,0.9994110813352114
sample_04682.pdf,0.00017214280099121188
sample_11923.pdf,0.9994111908181754
sample_16912.pdf,0.9994111738757123
sample_07368.pdf,0.009149722173248932
sample_14273.pdf,0.9728346518879337
sample_01487.pdf,0.0004449750785683203
sample_05924.pdf,0.12917263980899815
sample_09837.pdf,0.8954882563159439
sample_03809.pdf,0.05086752702489364
sample_07891.pdf,0.0028494525246441373
sample_16160.pdf,0.9994186267971094
sample_05733.pdf,0.12638350504916013
sample_02773.pdf,0.004910578967552827
sample_08429.pdf,0.023503180464660253
sample_05612.pdf,0.09188347967796041
sample_07372.pdf,0.11640598119951233
sample_05219.pdf,0.0495604009161888
sample_05011.pdf,0.13682362324729566
sample_03325.pdf,0.000184851800509182
sample_02366.pdf,0.048463053678308554
sample_04094.pdf,0.1298682643613033
sample_18526.pdf,0.9994096078584898
sample_01125.pdf,0.0006188624657631556
sample_07297.pdf,0.08977978530453949
sample_16897.pdf,0.999106564789619
sample_04667.pdf,0.043396270580619595
sample_07862.pdf,0.037804761172315036
sample_18747.pdf,0.999419109153966
sample_12714.pdf,0.9994095320624163
sample_06017.pdf,0.13190082322616695
sample_03437.pdf,0.13784702426288986
sample_07782.pdf,0.05549590574736716
sample_04758.pdf,0.14550940899844347
sample_14206.pdf,0.9991083868524996
sample_06894.pdf,0.13259915049218382
sample_10993.pdf,0.9994167036966419
sample_01712.pdf,0.0003017660770098603
sample_02191.pdf,0.01472906761837208
sample_10147.pdf,0.9994198338665093
sample_16151.pdf,0.9994095072305561
sample_11965.pdf,0.9065476385946516
sample_04066.pdf,0.13061274616255036
sample_10877.pdf,0.8224719032582639
sample_09893.pdf,0.9994093137677446
sample_00650.pdf,0.010431544268664508
sample_08785.pdf,0.014264866594820689
sample_13831.pdf,0.9994110800317205
sample_08253.pdf,0.01676114228525546
sample_17240.pdf,0.9368562769075028
sample_19265.pdf,0.9994164867571128
sample_12910.pdf,0.9991080040684898
sample_04420.pdf,0.0004633308380039374
sample_13139.pdf,0.999410961401982
sample_18622.pdf,0.9991071395883675
sample_14251.pdf,0.9994092274733902
sample_01268.pdf,0.2916800160757184
sample_15603.pdf,0.9990204607840801
sample_17048.pdf,0.9990192511587438
sample_05180.pdf,0.02909086104921634
sample_08247.pdf,0.0008410605513375168
sample_17595.pdf,0.999108271645655
sample_10242.pdf,0.9994091620905013
sample_13360.pdf,0.9994112950687758
sample_15942.pdf,0.9994107684147563
sample_14354.pdf,0.9991124775051435
sample_17697.pdf,0.9991077695091296
sample_10918.pdf,0.9991076342976637
sample_15829.pdf,0.8225009709811335
sample_08155.pdf,0.0966649897952937
sample_10744.pdf,0.9994095098444852
sample_02236.pdf,0.004700696149197434
sample_13071.pdf,0.9994088324507802
sample_09607.pdf,0.9991089202230249
sample_12078.pdf,0.9994088651613349
sample_03764.pdf,0.0008421959416815087
sample_12201.pdf,0.9994093961278905
sample_17265.pdf,0.999107900714652
sample_06986.pdf,0.14155362940799585
sample_16649.pdf,0.9994112051537257
sample_04893.pdf,0.012831807090185741
sample_10811.pdf,0.9994109640094854
sample_10907.pdf,0.9994093869773293
sample_00276.pdf,0.12425997257713982
sample_08728.pdf,0.019010190607514157
sample_07385.pdf,0.0023508699927690985
sample_11232.pdf,0.9994094549495479
sample_14723.pdf,0.9994111021906761
sample_17367.pdf,0.9994107658063885
sample_07977.pdf,0.001186814309881445
sample_09072.pdf,0.03698129351656961
sample_15752.pdf,0.999105690254546
sample_17593.pdf,0.9994112768262507
sample_11477.pdf,0.9994091777830533
sample_17788.pdf,0.9994191194398923
sample_00391.pdf,0.016647186762051753
sample_04385.pdf,0.003813289918211223
sample_04789.pdf,0.15718436786253445
sample_01001.pdf,0.08757979069221816
sample_05941.pdf,0.08852538247873114
sample_03187.pdf,0.038269707530193466
sample_19075.pdf,0.999416349837161
sample_10302.pdf,0.9994095307555023
sample_07212.pdf,0.1427801053501447
sample_17276.pdf,0.9991073438877313
sample_05302.pdf,0.007824626291054397
sample_12626.pdf,0.9994108557884127
sample_18977.pdf,0.9994094706343355
sample_06140.pdf,0.08944110134954462
sample_08668.pdf,0.08255952863842436
sample_10614.pdf,0.9994110487470721
sample_15208.pdf,0.9402402816376779
sample_11049.pdf,0.9518111705054277
sample_00513.pdf,0.013505310280249622
sample_16760.pdf,0.999409942290652
sample_13088.pdf,0.9994110161571328
sample_02872.pdf,0.12739016736419154
sample_13221.pdf,0.9991058977061179
sample_07737.pdf,0.04521262827446962
sample_00527.pdf,0.010194245461621218
sample_02422.pdf,0.13990784769277423
sample_06317.pdf,0.015057333262551877
sample_00267.pdf,0.006599431016001142
sample_19014.pdf,0.9994191438682382
sample_11910.pdf,0.9990203074192144
sample_09791.pdf,0.9994097999188315
sample_05424.pdf,0.0012022459623659211
sample_16558.pdf,0.9991126694717251
sample_00343.pdf,0.00015749217160479132
sample_10249.pdf,0.6701396601007632
sample_17031.pdf,0.9994089920611829
sample_14073.pdf,0.999112282845672
sample_00278.pdf,0.0010426676630420977
sample_05335.pdf,0.0001574078642538568
sample_05891.pdf,0.000803181882140686
sample_14330.pdf,0.999408954124903
sample_01664.pdf,0.00041911925841210413
sample_11713.pdf,0.999418435029674
sample_13964.pdf,0.9994191387255137
sample_17405.pdf,0.8098884216641745
sample_10584.pdf,0.7009359539039902
sample_04165.pdf,0.002503511832825623
sample_08512.pdf,0.11139438679093366
sample_04178.pdf,0.09006230281475747
sample_12871.pdf,0.8225154780963629
sample_01905.pdf,0.09168190061463168
sample_10476.pdf,0.9994110304969279
sample_17734.pdf,0.9994094392643444
sample_07949.pdf,0.0049922675031128455
sample_14749.pdf,0.9994109509718534
sample_10086.pdf,0.9994092274733902
sample_11213.pdf,0.9991080756107141
sample_01475.pdf,0.0027436533073234553
sample_07987.pdf,0.012570522750581306
sample_12977.pdf,0.9994093373003846
sample_01493.pdf,0.00057717768512735
sample_09921.pdf,0.9994113107047765
sample_10379.pdf,0.9991084835032275
sample_18755.pdf,0.999409262777147
sample_00346.pdf,0.0017188163882343819
sample_15486.pdf,0.9994096797251046
sample_18810.pdf,0.9994085157191995
sample_08567.pdf,0.001418052313784342
sample_05234.pdf,0.0004904823020060381
sample_04601.pdf,0.003100283397171323
sample_08389.pdf,0.19661041736000137
sample_14672.pdf,0.9994112194889274
sample_14960.pdf,0.8225023806078843
sample_08000.pdf,0.005852594772281873
sample_02344.pdf,0.0012723672566029105
sample_04898.pdf,0.007224471548735862
sample_04720.pdf,0.1404705836645941
sample_04009.pdf,0.08690551868043755
sample_17422.pdf,0.9991081100539262
sample_14491.pdf,0.7507675609846496
sample_06458.pdf,0.0008959205719858716
sample_00395.pdf,0.003405693001640979
sample_09882.pdf,0.8224818884588974
sample_07233.pdf,0.20738291391647812
sample_10558.pdf,0.9994180577457611
sample_11758.pdf,0.9308378955222564
sample_10163.pdf,0.9994094601778567
sample_13548.pdf,0.8224834754782534
sample_18757.pdf,0.9994113458842625
sample_10053.pdf,0.9994109679207188
sample_17185.pdf,0.8225083965569832
sample_15073.pdf,0.9919984176723121
sample_01997.pdf,0.0004926605694832837
sample_07893.pdf,0.0023256460556816496
sample_12295.pdf,0.9994114370805646
sample_02768.pdf,0.09306411991019231
sample_02505.pdf,0.00016341467108825015
sample_03757.pdf,0.00435062863887697
sample_13857.pdf,0.8989733834580478
sample_13598.pdf,0.9990729091560556
sample_04350.pdf,0.09361095638588217
sample_10682.pdf,0.8225112052865851
sample_14602.pdf,0.8224831473806229
sample_18387.pdf,0.9994110943699632
sample_17780.pdf,0.9991070347584694
sample_01680.pdf,0.09230331892953436
sample_04698.pdf,0.04377519485046174
sample_07791.pdf,0.12536336888488633
sample_10537.pdf,0.9994191477252516
sample_18049.pdf,0.9994108244918732
sample_00594.pdf,0.024926076174746608
sample_02008.pdf,0.04383513735795911
sample_06617.pdf,0.14025722913735936
sample_07178.pdf,0.0006253886549859176
sample_02258.pdf,0.002045586792948925
sample_17067.pdf,0.9994115582195505
sample_12665.pdf,0.999411090459568
sample_03447.pdf,0.06324193788765928
sample_04573.pdf,0.13055712073506293
sample_10039.pdf,0.9990731769699024
sample_09617.pdf,0.8225009855870168
sample_07675.pdf,0.002201894938764964
sample_17153.pdf,0.9994107345050777
sample_02556.pdf,0.06975116910201418
sample_02045.pdf,0.0019934583782507125
sample_15018.pdf,0.9994111295623543
sample_10435.pdf,0.8224770944790892
sample_16007.pdf,0.999411004424314
sample_02753.pdf,0.0009100178266922696
sample_00892.pdf,0.005553067179290997
sample_02832.pdf,0.10180198399709926
sample_18938.pdf,0.9994108623083161
sample_07351.pdf,0.002723052049659339
sample_18588.pdf,0.9994107384178322
sample_06668.pdf,0.001883539934810886
sample_18161.pdf,0.999419241571367
sample_01994.pdf,0.0007435315920796939
sample_12827.pdf,0.9994110474435093
sample_01467.pdf,0.031223339858151383
sample_00460.pdf,0.03707487756297707
sample_02558.pdf,0.12311440251642487
sample_07872.pdf,0.002849520893250824
sample_04689.pdf,0.09972626060865053
sample_03322.pdf,0.0013855774091992643
sample_16509.pdf,0.6166037795080636
sample_11084.pdf,0.9994090613867247
sample_08811.pdf,0.0007664677021027318
sample_12401.pdf,0.9994090836214996
sample_02508.pdf,0.08228047493122788
sample_03491.pdf,0.022917265752161114
sample_17222.pdf,0.9994189291208239
sample_08320.pdf,0.13007280988508244
sample_15547.pdf,0.38994353899128636
sample_11091.pdf,0.8028362430077166
sample_01626.pdf,0.13632457600556602
sample_07130.pdf,0.07955238380244843
sample_06282.pdf,0.03099212485541665
sample_14378.pdf,0.999411107404427
sample_17140.pdf,0.9994110422292284
sample_12642.pdf,0.9990193241612296
sample_15628.pdf,0.981559223235636
sample_10770.pdf,0.9994093046159097
sample_02712.pdf,0.10805101672348423
sample_09741.pdf,0.999112760174112
sample_08174.pdf,0.1338212904102087
sample_01274.pdf,0.11827296831929174
sample_13990.pdf,0.999409673192137
sample_11698.pdf,0.9994191181541613
sample_01313.pdf,0.02775737750939795
sample_00930.pdf,0.0016124685868066167
sample_11572.pdf,0.999107822524917
sample_02047.pdf,0.008417431597123914
sample_06347.pdf,0.13002127893483154
sample_14966.pdf,0.9991122867921042
sample_06234.pdf,0.000807280195032733
sample_04896.pdf,0.039726499949281846
sample_11320.pdf,0.9994191130112098
sample_02867.pdf,0.02246841524050038
sample_17271.pdf,0.9990217258766018
sample_06468.pdf,0.0005979731181764972
sample_15391.pdf,0.9990194275681734
sample_07993.pdf,0.0019509279099796833
sample_17146.pdf,0.9994092052440183
sample_17978.pdf,0.9991066218958445
sample_10675.pdf,0.9383743085429433
sample_06107.pdf,0.05237466675813316
sample_06564.pdf,0.0030999344002103587
sample_18015.pdf,0.48344175503720144
sample_06357.pdf,0.002405333446561718
sample_12740.pdf,0.9994110878526233
sample_07822.pdf,0.015388119563095354
sample_12166.pdf,0.9994109587944672
sample_19272.pdf,0.9991080451400695
sample_06759.pdf,0.005626229229165548
sample_08947.pdf,0.0026304661617567882
sample_10279.pdf,0.9991077575799318
sample_02734.pdf,0.033226875495145185
sample_05777.pdf,0.056180643223977506
sample_12324.pdf,0.9288191900599257
sample_15879.pdf,0.9991122420643412
sample_01529.pdf,0.37126567067222466
sample_15359.pdf,0.999409295463933
sample_09865.pdf,0.9991079060152822
sample_16062.pdf,0.9994089829043724
sample_03720.pdf,0.05070946887122454
sample_14112.pdf,0.9994091830138115
sample_14933.pdf,0.9994089972935826
sample_11675.pdf,0.999409145089767
sample_13811.pdf,0.9994110813352114
sample_00987.pdf,0.025919163933605327
sample_16855.pdf,0.9991077933668137
sample_10276.pdf,0.9994198274457197
sample_18613.pdf,0.999105966840755
sample_04346.pdf,0.0012621242502480069
sample_17925.pdf,0.9132285765423082
sample_07955.pdf,0.2114270609042054
sample_08911.pdf,0.9523727161989736
sample_15667.pdf,0.4062930981824382
sample_01496.pdf,0.008148099513579142
sample_03138.pdf,0.4163561271247243
sample_18914.pdf,0.9994095072305561
sample_07165.pdf,0.0019104034375906093
sample_18703.pdf,0.9994097790173296
sample_10414.pdf,0.9994110148534978
sample_07451.pdf,0.09186485105794412
sample_07375.pdf,0.01818405890404868
sample_14490.pdf,0.9994112325206267
sample_16589.pdf,0.9994096392195412
sample_06760.pdf,0.05850120578225371
sample_12442.pdf,0.9990715627689731
sample_02924.pdf,0.05482812394943324
sample_06838.pdf,0.00994923851318189
sample_11201.pdf,0.9994091594750354
sample_05902.pdf,0.0763742170967263
sample_15255.pdf,0.9896990972018008
sample_02563.pdf,0.00019871316778960385
sample_04781.pdf,0.020840764149412768
sample_04797.pdf,0.019090721831810892
sample_17236.pdf,0.999408901795011
sample_00785.pdf,0.003343445694567249
sample_00925.pdf,0.043139593515486026
sample_10112.pdf,0.9994093020010736
sample_01986.pdf,0.02020470285725908
sample_18429.pdf,0.9994094183500929
sample_14346.pdf,0.6651426974980804
sample_07387.pdf,0.13384825377260898
sample_15966.pdf,0.9994163459616012
sample_15041.pdf,0.3099266552845712
sample_01933.pdf,0.09361634896219471
sample_07156.pdf,0.02808307220903288
sample_11505.pdf,0.8008124055148143
sample_09814.pdf,0.9994107997142692
sample_12247.pdf,0.9994092601621261
sample_06482.pdf,0.013956645379053516
sample_15911.pdf,0.999409155551815
sample_14693.pdf,0.9994191065824563
sample_04434.pdf,0.05301814217917014
sample_03237.pdf,0.0005118192627727227
sample_18485.pdf,0.9991051460194994
sample_16005.pdf,0.9994141599378762
sample_18355.pdf,0.9991123841291513
sample_13135.pdf,0.9991084186298013
sample_06611.pdf,0.12719236544756074
sample_11583.pdf,0.9312801825730498
sample_18647.pdf,0.7709567626711177
sample_18348.pdf,0.9994093830556169
sample_16657.pdf,0.999418234185366
sample_10060.pdf,0.9991083444801427
sample_02098.pdf,0.12216811406884585
sample_12335.pdf,0.9994092510094621
sample_11626.pdf,0.9994111100112851
sample_11755.pdf,0.8225053577911784
sample_00921.pdf,0.00015888137397741751
sample_18880.pdf,0.9994181543434019
sample_08650.pdf,0.1957397443978699
sample_08605.pdf,0.09450512695337972
sample_04753.pdf,0.0176667070187771
sample_07169.pdf,0.04771426917839025
sample_16820.pdf,0.9994093020010736
sample_15151.pdf,0.9994092915416141
sample_00553.pdf,0.11161480744917666
sample_15831.pdf,0.9990773324701362
sample_08968.pdf,0.012363574240927237
sample_11048.pdf,0.999409003834017
sample_18293.pdf,0.9991122960003441
sample_08076.pdf,0.15346645270341863
sample_17028.pdf,0.9991087283702077
sample_13947.pdf,0.992750527429559
sample_12428.pdf,0.9994093948206761
sample_04474.pdf,0.0009784243488682282
sample_12092.pdf,0.9994111230454031
sample_00376.pdf,0.0049119149010221535
sample_11715.pdf,0.9994095137653572
sample_06175.pdf,0.041683923036541885
sample_05388.pdf,0.13187813440701013
sample_18673.pdf,0.880240686524632
sample_04840.pdf,0.1402919550272487
sample_13405.pdf,0.9994093255341815
sample_14437.pdf,0.9994183011411608
sample_02713.pdf,0.017542504316297034
sample_00615.pdf,0.0011590623953602755
sample_11636.pdf,0.9994092274733902
sample_13880.pdf,0.9994096470595442
sample_06938.pdf,0.010910613079216196
sample_13410.pdf,0.9994093712903238
sample_12963.pdf,0.9994093987423106
sample_08572.pdf,0.17712716947457843
sample_07001.pdf,0.11811404845074087
sample_07864.pdf,0.0017543680400450162
sample_13968.pdf,0.7262365197375787
sample_01734.pdf,0.00423346020642353
sample_06764.pdf,0.00823795324860408
sample_13036.pdf,0.9994112194889274
sample_02131.pdf,0.06516361064139643
sample_04352.pdf,0.012932589171667903
sample_08003.pdf,0.13365738422007278
sample_03448.pdf,0.00279921807772907
sample_16042.pdf,0.9994191040109349
sample_17541.pdf,0.8224987793265809
sample_10326.pdf,0.9990198440800345
sample_07480.pdf,0.0007996663050566797
sample_19247.pdf,0.9991081749607559
sample_18455.pdf,0.9994111582360837
sample_16595.pdf,0.9991089506492038
sample_08689.pdf,0.0005368921118863236
sample_19095.pdf,0.999411164752646
sample_19231.pdf,0.9994110122462191
sample_11506.pdf,0.8774577013737539
sample_16577.pdf,0.9994093987423106
sample_16722.pdf,0.9991123946511221
sample_01248.pdf,0.1456391369645003
sample_14406.pdf,0.8225174117021791
sample_02449.pdf,0.00697069696143984
sample_07000.pdf,0.001753971525589281
sample_03340.pdf,0.03598620160163176
sample_15632.pdf,0.9994110122462191
sample_08103.pdf,0.00034675408256780357
sample_12074.pdf,0.9991130230014695
sample_07442.pdf,0.019817835141786602
sample_00936.pdf,0.000207757552234513
sample_03070.pdf,0.011003871650731885
sample_00314.pdf,0.023141103504475485
sample_16326.pdf,0.9994091372431096
sample_07844.pdf,0.06363431819584989
sample_12908.pdf,0.9994112207921103
sample_16891.pdf,0.9994109366301256
sample_05807.pdf,0.0026004259907093314
sample_05005.pdf,0.01973854089100896
sample_04365.pdf,0.08379397655840193
sample_14479.pdf,0.9994108570923991
sample_08972.pdf,0.12731918665807662
sample_11137.pdf,0.9994108023224871
sample_19035.pdf,0.8225022745949743
sample_07152.pdf,0.011501470317310617
sample_13866.pdf,0.9990424816131442
sample_16666.pdf,0.9990235118401806
sample_09601.pdf,0.8225153347618345
sample_09389.pdf,0.9994112103665667
sample_03388.pdf,0.1439726211144097
sample_16636.pdf,0.9991077403484495
sample_04992.pdf,0.13222403586310927
sample_02980.pdf,0.045811901884797425
sample_12936.pdf,0.8224826513690231
sample_02792.pdf,0.0002904077073531748
sample_13789.pdf,0.9991052405307879
sample_15984.pdf,0.9991124735599755
sample_16157.pdf,0.9994091411664513
sample_07809.pdf,0.06892144589103268
sample_03089.pdf,0.0014637834605159986
sample_09698.pdf,0.9994096888711383
sample_12283.pdf,0.7798465228725037
sample_07767.pdf,0.00033627615368753773
sample_15177.pdf,0.9994093307636341
sample_17793.pdf,0.9991055253061324
sample_09379.pdf,0.9994155974974581
sample_02001.pdf,0.0016406516727390573
sample_05331.pdf,0.0008185817460452546
sample_00700.pdf,0.057091067675000474
sample_14777.pdf,0.8225172569708555
sample_09506.pdf,0.9994095229139575
sample_11015.pdf,0.8417973498421523
sample_16347.pdf,0.9991067400752177
sample_09890.pdf,0.9994112220952904
sample_15409.pdf,0.9991115562567732
sample_10353.pdf,0.9994151963716179
sample_00636.pdf,0.1325166268281042
sample_04883.pdf,0.0028168582230145562
sample_02547.pdf,0.0007609582440755323
sample_03030.pdf,0.001507433366088928
sample_19153.pdf,0.7448090770895885
sample_08142.pdf,0.17126032220260845
sample_07705.pdf,0.05389680426852724
sample_11929.pdf,0.8224849096537414
sample_13378.pdf,0.8225028762504608
sample_11918.pdf,0.9994114748577578
sample_00283.pdf,0.0017205237467125493
sample_01263.pdf,0.1288706763147643
sample_05976.pdf,0.07191030113735256
sample_11143.pdf,0.999112072331386
sample_07420.pdf,0.10507626218508498
sample_09313.pdf,0.9994089750555649
sample_13325.pdf,0.9994095738821408
sample_08971.pdf,0.02050725467764782
sample_10167.pdf,0.9994088586193683
sample_12033.pdf,0.9994089345017354
sample_01354.pdf,0.003625726419057347
sample_12527.pdf,0.9994189677040429
sample_17615.pdf,0.9991092045813392
sample_05674.pdf,0.09457789707966767
sample_14858.pdf,0.9994094196572553
sample_06618.pdf,0.9991033675134333
sample_04485.pdf,0.026837759897329852
sample_04362.pdf,0.0012467386059073608
sample_13635.pdf,0.9994091398586736
sample_18242.pdf,0.8298181159902679
sample_00570.pdf,0.0012304193514605785
sample_00630.pdf,0.15478270854013046
sample_10011.pdf,0.9991061888155962
sample_07197.pdf,0.05037719801752341
sample_12781.pdf,0.9991076979303845
sample_10775.pdf,0.9994093320709899
sample_09268.pdf,0.002423525795369338
sample_18233.pdf,0.9994094301144504
sample_01482.pdf,0.0010312566274706763
sample_16084.pdf,0.9994113458842625
sample_18205.pdf,0.9990799661055293
sample_07750.pdf,0.0008894749013155047
sample_17677.pdf,0.9991130059212202
sample_18760.pdf,0.9994097777109613
sample_11142.pdf,0.9991084252498604
sample_07331.pdf,0.0853687509974453
sample_01608.pdf,0.04434829399066856
sample_02959.pdf,0.13364350507782413
sample_07615.pdf,0.12929583045264267
sample_12973.pdf,0.9994109196803613
sample_04827.pdf,0.004452040936231416
sample_03611.pdf,0.0006007723832022552
sample_07275.pdf,0.08009107853249792
sample_12350.pdf,0.9994090796977765
sample_17676.pdf,0.9994109666169771
sample_10208.pdf,0.9994182959909882
sample_13983.pdf,0.9994113133107363
sample_13064.pdf,0.9994090914688679
sample_17258.pdf,0.929803384985553
sample_16243.pdf,0.9994104931684219
sample_05239.pdf,0.005620839399414566
sample_01682.pdf,0.04290966607529106
sample_08721.pdf,0.00016038366009383547
sample_03736.pdf,0.014386272797681102
sample_17835.pdf,0.8225121769072397
sample_07631.pdf,0.007706883782302751
sample_00601.pdf,0.13686329317193666
sample_12292.pdf,0.9991126891908114
sample_03191.pdf,0.060045912800130045
sample_17918.pdf,0.8224785955813095
sample_17303.pdf,0.9994094667131775
sample_17012.pdf,0.8225147717687786
sample_15401.pdf,0.999411622035456
sample_17057.pdf,0.9991083656666957
sample_02902.pdf,0.0001612852446430501
sample_02497.pdf,0.0018288799050529764
sample_01595.pdf,0.0035174924997339097
sample_03713.pdf,0.02207650849614196
sample_10646.pdf,0.7009384365384662
sample_09702.pdf,0.9991054614430009
sample_05123.pdf,0.00021054407958129824
sample_04838.pdf,0.0017334118114139966
sample_16443.pdf,0.9990776513159508
sample_16744.pdf,0.9994096810316897
sample_08628.pdf,0.07457277408591702
sample_10658.pdf,0.053108065088791435
sample_13475.pdf,0.9994191400111991
sample_08636.pdf,0.004626468253824646
sample_05477.pdf,0.02274601111700156
sample_14670.pdf,0.9994107814564218
sample_03688.pdf,0.01215665950949702
sample_18962.pdf,0.9994198441396254
sample_07159.pdf,0.12729162120329227
sample_14359.pdf,0.9994094549495479
sample_16391.pdf,0.999411130865736
sample_04941.pdf,0.09660258003605442
sample_06105.pdf,0.08715743383952528
sample_15170.pdf,0.9223342064486776
sample_11202.pdf,0.9991068330089622
sample_09569.pdf,0.999418302428697
sample_17778.pdf,0.9994096209257965
sample_08349.pdf,0.02496253165016181
sample_06184.pdf,0.09750442695296141
sample_07102.pdf,0.2779761653415609
sample_17795.pdf,0.9991089638774949
sample_13801.pdf,0.9994115530097837
sample_01760.pdf,0.016107257364455205
sample_15399.pdf,0.7009355992475855
sample_12068.pdf,0.8775458893713526
sample_02929.pdf,0.0029510678594278413
sample_12778.pdf,0.999107980219185
sample_15248.pdf,0.9994166326836383
sample_00022.pdf,0.0017176596440575866
sample_03062.pdf,0.0005262015531150903
sample_11044.pdf,0.999112774632635
sample_06610.pdf,0.0003476636335249068
sample_16458.pdf,0.9994106901587122
sample_08703.pdf,0.14348058534685498
sample_07185.pdf,0.0004558404356348656
sample_12287.pdf,0.9994112416426452
sample_13407.pdf,0.999107855657405
sample_10204.pdf,0.9994088206745383
sample_18509.pdf,0.9991069352194825
sample_17347.pdf,0.9994097032431911
sample_18203.pdf,0.9994106953761047
sample_05133.pdf,0.00046934990138368734
sample_05543.pdf,0.04227147606405088
sample_12398.pdf,0.9994110865491468
sample_08425.pdf,0.10061111523071392
sample_13701.pdf,0.9991074977296724
sample_03607.pdf,0.018903406776330383
sample_05433.pdf,0.01196775130013996
sample_19171.pdf,0.8589784358960709
sample_18705.pdf,0.9994109027301104
sample_01126.pdf,0.007541023621961425
sample_07042.pdf,0.028002184472938476
sample_00914.pdf,0.10836216925056369
sample_07332.pdf,0.00017760022697252872
sample_12245.pdf,0.9994191412968817
sample_00667.pdf,0.05922937729822561
sample_02312.pdf,0.08874667081680408
sample_09129.pdf,0.0780077201018319
sample_02951.pdf,0.29371604819044783
sample_04063.pdf,0.0022680914181842414
sample_14360.pdf,0.9994112116697697
sample_12484.pdf,0.8225185157921203
sample_11677.pdf,0.8791394574644897
sample_08690.pdf,0.00015744827371505762
sample_02397.pdf,0.03641490784272967
sample_13482.pdf,0.999109287879353
sample_09064.pdf,0.016798977861588963
sample_19076.pdf,0.7668730543891882
sample_15126.pdf,0.6629139128891965
sample_17529.pdf,0.946010525359586
sample_09473.pdf,0.9994092470868484
sample_07655.pdf,0.002614248506517663
sample_15698.pdf,0.9994094235787251
sample_14487.pdf,0.9994110213716442
sample_17502.pdf,0.8954102454393822
sample_14151.pdf,0.9994090600787707
sample_06029.pdf,0.12298424502876353
sample_09477.pdf,0.7009384365384662
sample_10944.pdf,0.9994115894771838
sample_17601.pdf,0.9991067506969445
sample_11322.pdf,0.9994090927767525
sample_18835.pdf,0.7800128908502404
sample_09836.pdf,0.999419831298202
sample_06231.pdf,0.035135839920104814
sample_11031.pdf,0.9994092431642088
sample_01686.pdf,0.03600788038208604
sample_11513.pdf,0.999106717503425
sample_14260.pdf,0.6731598156013995
sample_15081.pdf,0.9994185161202531
sample_11835.pdf,0.8225300951509018
sample_15048.pdf,0.9994111882116744
sample_03217.pdf,0.1283597128091449
sample_12537.pdf,0.9991121118084832
sample_06878.pdf,0.0015810287661185889
sample_02876.pdf,0.006410421990767165
sample_01357.pdf,0.0004639228180003514
sample_16369.pdf,0.9991075388359292
sample_07242.pdf,0.13400648321350778
sample_04572.pdf,0.0002783372118708796
sample_01203.pdf,0.00016601119217982057
sample_04400.pdf,0.13142971698430292
sample_06024.pdf,0.022768175891522344
sample_17348.pdf,0.9991121960175461
sample_10457.pdf,0.9990798218540146
sample_19061.pdf,0.9994108701321053
sample_16289.pdf,0.9994184942397801
sample_06586.pdf,0.02861587968723821
sample_19253.pdf,0.9994088272169238
sample_15286.pdf,0.9994198030460723
sample_11433.pdf,0.999408999909765
sample_19288.pdf,0.32673303579383645
sample_03431.pdf,0.009766987994641797
sample_02057.pdf,0.13582954323273846
sample_13536.pdf,0.5526306757103245
sample_05705.pdf,0.13245273115970377
sample_05908.pdf,0.04727806497941081
sample_05201.pdf,0.0002537974616833676
sample_14622.pdf,0.9991083603701276
sample_05803.pdf,0.13039160471332195
sample_05384.pdf,0.055173048833021814
sample_02175.pdf,0.007448065901687576
sample_09903.pdf,0.9994198210248592
sample_06131.pdf,0.10233664066700114
sample_05637.pdf,0.11183628963634672
sample_03047.pdf,0.03290326344497552
sample_14674.pdf,0.9994092915416141
sample_17250.pdf,0.9994112624924426
sample_04010.pdf,0.0007253475435644919
sample_08656.pdf,0.05761029909342761
sample_13362.pdf,0.9994112768262507
sample_04858.pdf,0.0013484891669748704
sample_09469.pdf,0.99911119658355
sample_19111.pdf,0.9991067480415304
sample_00404.pdf,0.01644313500624583
sample_06671.pdf,0.12983939071649198
sample_01061.pdf,0.04230277416378325
sample_01876.pdf,0.006244772099491057
sample_17487.pdf,0.8871532756370105
sample_01995.pdf,0.00783267438236435
sample_11578.pdf,0.8225170364678142
sample_12196.pdf,0.9990233984639839
sample_14471.pdf,0.9994109353263149
sample_12525.pdf,0.98155922194701
sample_13247.pdf,0.9991060266623961
sample_02475.pdf,0.07805527951831637
sample_11510.pdf,0.9994182560756069
sample_02605.pdf,0.12681681804618397
sample_08747.pdf,0.0001889498716174382
sample_19228.pdf,0.999409298078798
sample_02939.pdf,0.0012896149467571396
sample_05731.pdf,0.1348062746018103
sample_17782.pdf,0.9991110871893393
sample_00375.pdf,0.06949800764076312
sample_10130.pdf,0.8224781873386126
sample_07398.pdf,0.0023634284598663302
sample_06851.pdf,0.048510291707743326
sample_02327.pdf,0.0010199204479723904
sample_02498.pdf,0.00024068968244691258
sample_06485.pdf,0.037427430102180734
sample_18272.pdf,0.999409298078798
sample_06813.pdf,0.053091450764283614
sample_09613.pdf,0.9991071979667071
sample_14617.pdf,0.9994113120077578
sample_06732.pdf,0.05488776903095827
sample_13710.pdf,0.8073734936664678
sample_10415.pdf,0.9994191117254646
sample_04749.pdf,0.06837255625217474
sample_01768.pdf,0.0027088232660331737
sample_13007.pdf,0.9994197131437942
sample_12725.pdf,0.9994093569102032
sample_16945.pdf,0.9994091673213982
sample_14039.pdf,0.9994089881368527
sample_09638.pdf,0.9994093516809818
sample_12529.pdf,0.999105966840755
sample_00807.pdf,0.008990603989229918
sample_02849.pdf,0.05125741920139581
sample_08850.pdf,0.05728762479749539
sample_18157.pdf,0.9994111816953711
sample_08926.pdf,0.0014781863832965686
sample_18401.pdf,0.9994109001223362
sample_17269.pdf,0.9994090352270965
sample_06380.pdf,0.002317034623168117
sample_14861.pdf,0.9994091280885443
sample_19137.pdf,0.9990201843989118
sample_10213.pdf,0.999409145089767
sample_12753.pdf,0.8225100175962199
sample_00730.pdf,0.0891724331718166
sample_15143.pdf,0.9991074433590085
sample_13301.pdf,0.9994110239788824
sample_09838.pdf,0.999409410507058
sample_07347.pdf,0.05192542697086481
sample_10589.pdf,0.9994110448363746
sample_14784.pdf,0.9991058046277171
sample_09616.pdf,0.9054389715936654
sample_17871.pdf,0.9994109418453396
sample_08912.pdf,0.0006420829032123266
sample_12989.pdf,0.9994112976748046
sample_04738.pdf,0.03995629032534855
sample_02386.pdf,0.001879620200171915
sample_05739.pdf,0.02442330195770299
sample_12557.pdf,0.92181076231248
sample_04179.pdf,0.07588678924431008
sample_01442.pdf,0.04859449926991725
sample_13904.pdf,0.9990205640203688
sample_16922.pdf,0.9994089959854869
sample_12797.pdf,0.9994109744393835
sample_09363.pdf,0.9994097999188315
sample_17418.pdf,0.9994110252824973
sample_15218.pdf,0.9994093634466649
sample_00598.pdf,0.01203775113425364
sample_08225.pdf,0.14677159922390917
sample_14958.pdf,0.9994189522710623
sample_12912.pdf,0.9994190898673646
sample_15653.pdf,0.8224857877142869
sample_07358.pdf,0.057462349519566865
sample_16254.pdf,0.9991054534596332
sample_05342.pdf,0.006526064143690054
sample_13181.pdf,0.8581592922904274
sample_03230.pdf,0.03355179537291323
sample_12384.pdf,0.9994109809579763
sample_02426.pdf,0.0024379220841088877
sample_09645.pdf,0.9994111582360837
sample_11508.pdf,0.9994109288072179
sample_16141.pdf,0.9991062246960539
sample_03601.pdf,0.13429743959587126
sample_18959.pdf,0.999411353701641
sample_18374.pdf,0.9994104305352245
sample_03268.pdf,0.15693714455507227
sample_04071.pdf,0.0003908822565968698
sample_06737.pdf,0.001245995040588148
sample_17446.pdf,0.64188573370768
sample_00277.pdf,0.0023596788336778013
sample_04736.pdf,0.11622313752163464
sample_07170.pdf,0.00589045521932654
sample_05569.pdf,0.0016695831179091368
sample_14292.pdf,0.999414959448977
sample_17747.pdf,0.9994090849294016
sample_04537.pdf,0.0011665878353771806
sample_10066.pdf,0.9991072085803411
sample_12514.pdf,0.9991077323952906
sample_00407.pdf,0.034265370623345996
sample_04168.pdf,0.02852144666230459
sample_00068.pdf,0.08677220480633661
sample_10801.pdf,0.9990241871730063
sample_09892.pdf,0.8959475953263354
sample_00116.pdf,0.0016869591985893874
sample_13885.pdf,0.9994094052783101
sample_12304.pdf,0.9994113367638566
sample_00126.pdf,0.13445844696315834
sample_09395.pdf,0.9994092640846531
sample_15917.pdf,0.8224758696809172
sample_05190.pdf,0.1253228049960505
sample_04866.pdf,0.09234812810537663
sample_17870.pdf,0.9991083060776068
sample_05464.pdf,0.0022239737024925244
sample_15456.pdf,0.8785476528727006
sample_11461.pdf,0.9994113458842625
sample_12025.pdf,0.9991081246254586
sample_14889.pdf,0.999409333378343
sample_03790.pdf,0.13192548313085947
sample_01978.pdf,0.09482596232204817
sample_18529.pdf,0.9994112520676359
sample_07151.pdf,0.003415018777693218
sample_03010.pdf,0.0017264216750283786
sample_17282.pdf,0.9087786860507864
sample_18416.pdf,0.9994109066417499
sample_18814.pdf,0.9994093255341815
sample_04486.pdf,0.0008896727204163526
sample_16310.pdf,0.9994109874764971
sample_05202.pdf,0.13250970114704227
sample_14627.pdf,0.9994093255341815
sample_00588.pdf,0.056434597484973786
sample_14511.pdf,0.9994093229194382
sample_18048.pdf,0.9994089776718457
sample_15677.pdf,0.9994109183765132
sample_19007.pdf,0.8210737904275551
sample_00918.pdf,0.07490900650369603
sample_04811.pdf,0.12545566359430338
sample_12027.pdf,0.8534944404352323
sample_12761.pdf,0.999419093724736
sample_02636.pdf,0.09637650610644989
sample_03159.pdf,0.001768444211198596
sample_06286.pdf,0.006167484348855517
sample_01561.pdf,0.0005462954308818794
sample_08621.pdf,0.012591788512068188
sample_10244.pdf,0.999409812981895
sample_06328.pdf,0.014376976343785805
sample_02947.pdf,0.07293686249902852
sample_19184.pdf,0.9994109248957254
sample_07669.pdf,0.002580213061165098
sample_00690.pdf,0.024512954861656593
sample_18689.pdf,0.9994198274457197
sample_00118.pdf,0.04234022220046537
sample_14174.pdf,0.7250853468000135
sample_16371.pdf,0.9994096431395557
sample_04931.pdf,0.0011050087393204213
sample_03941.pdf,0.069674687324059
sample_15675.pdf,0.9994091163181812
sample_11469.pdf,0.9991070692614684
sample_02557.pdf,0.0001699644285507795
sample_16367.pdf,0.9991127982912783
sample_12006.pdf,0.45549832789857075
sample_05756.pdf,0.1504279203594377
sample_03599.pdf,0.03353946319779727
sample_11107.pdf,0.8224646980188326
sample_01207.pdf,0.010787903739965396
sample_09035.pdf,0.1283030419926621
sample_18173.pdf,0.8224743564806444
sample_16642.pdf,0.9990778656455971
sample_19179.pdf,0.9991077920414116
sample_16274.pdf,0.45108750511720275
sample_08897.pdf,0.07086065482679586
sample_04970.pdf,0.023319663299573124
sample_01141.pdf,0.1302376913606336
sample_07787.pdf,0.0026098296691362873
sample_01767.pdf,0.024439244962748
sample_18014.pdf,0.9990263627305153
sample_01526.pdf,0.0002627004695076656
sample_01368.pdf,0.017719915522440316
sample_07064.pdf,0.002624453601635806
sample_16796.pdf,0.8225112629259437
sample_16109.pdf,0.9991121302302334
sample_13147.pdf,0.9991122460110438
sample_00917.pdf,0.13027830279042288
sample_10905.pdf,0.9994095294485854
sample_15999.pdf,0.999410844052405
sample_07849.pdf,0.0001574028021569408
sample_01998.pdf,0.09133725450559133
sample_15563.pdf,0.9994093046159097
sample_10587.pdf,0.9991063097374789
sample_15267.pdf,0.9994151420043996
sample_08933.pdf,0.005142985430108338
sample_16942.pdf,0.9994112637955305
sample_03877.pdf,0.01773976604565624
sample_12948.pdf,0.9994093020010736
sample_16155.pdf,0.9991124775051435
sample_08039.pdf,0.02441305229543188
sample_01638.pdf,0.08318016248632391
sample_18427.pdf,0.9994109275033899
sample_13874.pdf,0.9994089986016751
sample_00951.pdf,0.0036370868427601983
sample_01999.pdf,0.1077033358195333
sample_18480.pdf,0.999409054846926
sample_08998.pdf,0.012563378232277692
sample_19277.pdf,0.9994110709072027
sample_13562.pdf,0.9994109822616862
sample_07235.pdf,0.09246448429110195
sample_10316.pdf,0.999411424053385
sample_09145.pdf,0.13239348406242835
sample_02494.pdf,0.0007493996395724899
sample_05386.pdf,0.005564449907489504
sample_01349.pdf,0.0010974668513052627
sample_12687.pdf,0.8964181912100818
sample_10735.pdf,0.9991056290692777
sample_03745.pdf,0.00015743283150593804
sample_14395.pdf,0.8224831238044676
sample_06000.pdf,0.10140372156232919
sample_12896.pdf,0.822481884881307
sample_02611.pdf,0.0001830963911469178
sample_01432.pdf,0.004278052733427188
sample_06549.pdf,0.0009141179752665214
sample_10482.pdf,0.9994189201177047
sample_00837.pdf,0.00358287125397129
sample_17599.pdf,0.999411356307411
sample_12163.pdf,0.9994189702761664
sample_10529.pdf,0.9994094706343355
sample_09842.pdf,0.7251743722909308
sample_18064.pdf,0.9991114601016647
sample_03898.pdf,0.00516209905935774
sample_04259.pdf,0.11839260339499834
sample_06040.pdf,0.0013069396950909353
sample_08729.pdf,0.0039634578964149
sample_14902.pdf,0.999411009638929
sample_03692.pdf,0.006547942344865957
sample_08019.pdf,0.016825720066057488
sample_08910.pdf,0.0009697030279919852
sample_02201.pdf,0.00015741190979658986
sample_18969.pdf,0.8746604992147867
sample_01987.pdf,0.002744031776866681
sample_04593.pdf,0.0001773329121494202
sample_12661.pdf,0.9994191014394023
sample_14826.pdf,0.9991050501619254
sample_09841.pdf,0.8535999274527417
sample_04089.pdf,0.10652907586047551
sample_17513.pdf,0.9994189291208239
sample_05641.pdf,0.0008422686869332007
sample_00537.pdf,0.10622496765272242
sample_14091.pdf,0.9994108270999815
sample_15600.pdf,0.7009384365384662
sample_12186.pdf,0.8224828588382023
sample_10087.pdf,0.9994179933384405
sample_07458.pdf,0.24441100695034076
sample_11897.pdf,0.9994179572672325
sample_07425.pdf,0.05157090276119397
sample_17156.pdf,0.9994111373826006
sample_07391.pdf,0.09291785000998015
sample_09773.pdf,0.9994182431990941
sample_11047.pdf,0.9460104929500335
sample_11757.pdf,0.9991061449587967
sample_00957.pdf,0.010843422736927814
sample_02607.pdf,0.0026285486664633056
sample_03331.pdf,0.01007646636972572
sample_11200.pdf,0.7503141364792479
sample_01081.pdf,0.1049426797551244
sample_11108.pdf,0.9994107879771463
sample_18135.pdf,0.9994091568595581
sample_06136.pdf,0.03612059703259112
sample_09963.pdf,0.9156201080428898
sample_02044.pdf,0.1318982154471621
sample_00413.pdf,0.008587261653738566
sample_10679.pdf,0.9994109992096529
sample_18978.pdf,0.9994198210248592
sample_09222.pdf,0.00037828730401423256
sample_15468.pdf,0.9991127259980245
sample_08863.pdf,0.12184700737728121
sample_09278.pdf,0.0010847028779475488
sample_06628.pdf,0.08996021736468651
sample_19096.pdf,0.9991068661961022
sample_12556.pdf,0.7256925118233949
sample_17055.pdf,0.9965873592329709
sample_09800.pdf,0.9907623082873078
sample_02063.pdf,0.11392140710030198
sample_01089.pdf,0.06198170076196433
sample_16110.pdf,0.999411169965844
sample_01219.pdf,0.09165211208373057
sample_09954.pdf,0.22899682175910682
sample_00383.pdf,0.0070233093206886026
sample_07224.pdf,0.0011629266548587411
sample_17727.pdf,0.667736597605399
sample_11316.pdf,0.9994097829364175
sample_17200.pdf,0.9994112390363684
sample_06100.pdf,0.000161013024271793
sample_08575.pdf,0.016122315936208
sample_09719.pdf,0.9991123841291513
sample_03587.pdf,0.000592186781013612
sample_10439.pdf,0.455509682145041
sample_14555.pdf,0.9994163446697423
sample_15470.pdf,0.9908727507642365
sample_15341.pdf,0.9991060931239112
sample_05450.pdf,0.012403285178324614
sample_18184.pdf,0.9994094196572553
sample_05979.pdf,0.0010533509457553393
sample_17612.pdf,0.9991079696191895
sample_05300.pdf,0.03482235001512466
sample_02746.pdf,0.05686893086164418
sample_09098.pdf,0.00046902283314457523
sample_09891.pdf,0.8225190135023883
sample_18557.pdf,0.9990194625405376
sample_15285.pdf,0.9994091895521944
sample_11273.pdf,0.9991079669691615
sample_03655.pdf,0.2333292539511003
sample_07569.pdf,0.004426492551330819
sample_12903.pdf,0.9994094693272858
sample_07421.pdf,0.12916005044904338
sample_14390.pdf,0.9994091503208141
sample_09252.pdf,0.0018995556596318912
sample_07084.pdf,0.12874273351369875
sample_04379.pdf,0.04852096820606507
sample_00017.pdf,0.12717750775442208
sample_15274.pdf,0.9907623082873078
sample_01853.pdf,0.005928821631336844
sample_10853.pdf,0.9994106445045622
sample_13073.pdf,0.9994096052449937
sample_06765.pdf,0.010132651955938444
sample_16078.pdf,0.9994090025259359
sample_14606.pdf,0.9991046412647213
sample_00952.pdf,0.005435619578295526
sample_18282.pdf,0.9994095098444852
sample_14439.pdf,0.905634895781957
sample_14131.pdf,0.9991086132290129
sample_11848.pdf,0.9994092026287432
sample_01479.pdf,0.056018622623806226
sample_04821.pdf,0.1471830651572409
sample_08307.pdf,0.002427254828357641
sample_05526.pdf,0.022224407567103616
sample_13210.pdf,0.9994109692244576
sample_17622.pdf,0.9994095725753191
sample_05882.pdf,0.008489781127381114
sample_16917.pdf,0.9991067692845146
sample_08214.pdf,0.3544952263993381
sample_05281.pdf,0.08190312192580465
sample_13114.pdf,0.9994090862373005
sample_06447.pdf,0.30321947387924486
sample_16121.pdf,0.8868443067934901
sample_11042.pdf,0.9994094405714605
sample_11176.pdf,0.99910533768891
sample_10798.pdf,0.5283547218477445
sample_01377.pdf,0.004389965039324697
sample_16428.pdf,0.9728372643329707
sample_11139.pdf,0.9728563331023895
sample_17760.pdf,0.9991024522237656
sample_09441.pdf,0.912144447167842
sample_13419.pdf,0.9991054760789
sample_12436.pdf,0.9994093320709899
sample_08165.pdf,0.0028129728165630936
sample_14774.pdf,0.9994191605817786
sample_00607.pdf,0.058959893087129206
sample_10862.pdf,0.9994191130112098
sample_14705.pdf,0.9994166055673057
sample_09853.pdf,0.7797187522775925
sample_18994.pdf,0.6354924918588942
sample_06489.pdf,0.046313214478930546
sample_05252.pdf,0.04536708684788229
sample_03588.pdf,0.004229315121254007
sample_17970.pdf,0.9994092274733902
sample_12214.pdf,0.9994113315521327
sample_08834.pdf,0.002430360112685719
sample_07127.pdf,0.13081486138316864
sample_10702.pdf,0.9991073346029045
sample_09670.pdf,0.9994110956734225
sample_07122.pdf,0.0004868034235600289
sample_11184.pdf,0.9994112116697697
sample_09794.pdf,0.9994094118142377
sample_08537.pdf,0.0007844453771393159
sample_12315.pdf,0.9994184865170642
sample_17499.pdf,0.999411103494118
sample_10493.pdf,0.9991056742937712
sample_11953.pdf,0.8225168696348684
sample_05792.pdf,0.017058330402485066
sample_11964.pdf,0.5623937419849038
sample_18900.pdf,0.9994091071632925
sample_11687.pdf,0.9994089161861922
sample_01038.pdf,0.13212066916488274
sample_18601.pdf,0.9991118196159933
sample_16217.pdf,0.8225106088498187
sample_17900.pdf,0.9994111660559498
sample_04784.pdf,0.10476893847391999
sample_01101.pdf,0.1373714999402875
sample_01305.pdf,0.0012194816515514915
sample_12951.pdf,0.9991078384287396
sample_15639.pdf,0.9994186692605526
sample_10175.pdf,0.999409705856254
sample_00127.pdf,0.08642171697881884
sample_01932.pdf,0.0007126878439060211
sample_07099.pdf,0.0002801324621247027
sample_01066.pdf,0.016225958355031125
sample_14451.pdf,0.9965813515354939
sample_02957.pdf,0.05795780301855616
sample_05346.pdf,0.1424366169985443
sample_12584.pdf,0.8799278800762766
sample_16152.pdf,0.9994093294562753
sample_15933.pdf,0.8225066824892941
sample_05438.pdf,0.14653237552686008
sample_07464.pdf,0.014585643027983543
sample_09918.pdf,0.9994094575637081
sample_02362.pdf,0.039775163584553734
sample_11819.pdf,0.9991054414843834
sample_15634.pdf,0.9991065793987047
sample_06465.pdf,0.031666666679114226
sample_15597.pdf,0.8954916450093063
sample_12647.pdf,0.7009355992475855
sample_14237.pdf,0.8225095562851538
sample_07695.pdf,0.04778362994253229
sample_14880.pdf,0.9991056410407978
sample_02383.pdf,0.0010278221544698866
sample_02103.pdf,0.016702871026946963
sample_13690.pdf,0.9991127641173804
sample_06695.pdf,0.006567607617913431
sample_11496.pdf,0.9991055958138064
sample_05579.pdf,0.0026247633578010063
sample_03603.pdf,0.12644108044769062
sample_15527.pdf,0.9991058392013751
sample_11129.pdf,0.9994090522309863
sample_11299.pdf,0.9994092170126133
sample_03526.pdf,0.07438258982202577
sample_04283.pdf,0.02460495650960962
sample_14982.pdf,0.9994109887801925
sample_04590.pdf,0.001848878712743831
sample_00547.pdf,0.08935212480781148
sample_14547.pdf,0.9994111660559498
sample_02109.pdf,0.08687377359170351
sample_07410.pdf,0.16601092659932812
sample_03163.pdf,0.0036981627351924573
sample_02097.pdf,0.0021500809996686052
sample_01575.pdf,0.01037057998931893
sample_15211.pdf,0.9994112247016417
sample_17201.pdf,0.9994107801522681
sample_01460.pdf,0.0035883492206666514
sample_00986.pdf,0.04225425197251014
sample_03629.pdf,0.15413261227523137
sample_00885.pdf,0.09427039824580512
sample_01799.pdf,0.12375357490847168
sample_02417.pdf,0.0011545789275210414
sample_14638.pdf,0.8224782863978449
sample_16837.pdf,0.9994095830298114
sample_00546.pdf,0.005836959736448141
sample_06368.pdf,0.0011313750428612742
sample_01805.pdf,0.09309993501354723
sample_07438.pdf,0.17775182747468285
sample_18565.pdf,0.9994110578719327
sample_04851.pdf,0.13247318706360056
sample_12184.pdf,0.9994093542955982
sample_02126.pdf,0.05069861901314968
sample_17372.pdf,0.8761504161032118
sample_04358.pdf,0.00015926502047227474
sample_09343.pdf,0.9990780701649845
sample_02502.pdf,0.0004186589707964501
sample_06514.pdf,0.07853143176504689
sample_05316.pdf,0.0010879687332104337
sample_14111.pdf,0.8224590329709921
sample_04284.pdf,0.14346813482377926
sample_06285.pdf,0.04191786733112777
sample_00021.pdf,0.05532106119517543
sample_14559.pdf,0.9994115933842714
sample_12625.pdf,0.9991059960876337
sample_13617.pdf,0.9991122854766297
sample_00073.pdf,0.14397793730291075
sample_04250.pdf,0.02767075371788816
sample_19245.pdf,0.9991077429994789
sample_08312.pdf,0.14116703127576888
sample_09088.pdf,0.06061490722066096
sample_09246.pdf,0.0013788247398608634
sample_13837.pdf,0.9990200142605143
sample_07658.pdf,0.04740677628647164
sample_17543.pdf,0.9991055585654979
sample_08069.pdf,0.0791604242199697
sample_02783.pdf,0.0895888651254717
sample_10531.pdf,0.9994112103665667
sample_10137.pdf,0.7009384365384662
sample_09854.pdf,0.9994110956734225
sample_02248.pdf,0.09304806665941034
sample_04806.pdf,0.007685355715757247
sample_05039.pdf,0.34852888987266023
sample_17391.pdf,0.9991057713819428
sample_00366.pdf,0.003409444211976842
sample_03250.pdf,0.02528769781315143
sample_01461.pdf,0.08725797690207741
sample_19124.pdf,0.9292104489209407
sample_01907.pdf,0.02610693867415463
sample_09579.pdf,0.9991070865122248
sample_18772.pdf,0.9991126839324523
sample_17559.pdf,0.8763212145303924
sample_05797.pdf,0.028262668145136574
sample_09740.pdf,0.9994191014394023
sample_01390.pdf,0.0003081679558721599
sample_09868.pdf,0.9991130019795545
sample_07450.pdf,0.06512202939262633
sample_08814.pdf,0.0008872428229074747
sample_19225.pdf,0.9994114006037362
sample_14304.pdf,0.9994090299950322
sample_07394.pdf,0.0014216261361543903
sample_07312.pdf,0.020432695029666062
sample_02937.pdf,0.130679768447695
sample_03021.pdf,0.1270536501685184
sample_11308.pdf,0.9994111021906761
sample_09544.pdf,0.9991069033635233
sample_12427.pdf,0.87910008807876
sample_01981.pdf,0.00037090018134835497
sample_02080.pdf,0.0775445503535228
sample_13959.pdf,0.999409705856254
sample_09731.pdf,0.9994093830556169
sample_19149.pdf,0.9994093895917898
sample_00205.pdf,0.09705342024697211
sample_00736.pdf,0.000761154424511897
sample_17767.pdf,0.9994095856434054
sample_13657.pdf,0.8224746883012322
sample_12637.pdf,0.9994091071632925
sample_04638.pdf,0.029938185492136216
sample_08331.pdf,0.00565729004516843
sample_14942.pdf,0.8036766529709017
sample_11190.pdf,0.9991124722449136
sample_07116.pdf,0.1207712604195716
sample_01209.pdf,0.0017980587088239327
sample_15515.pdf,0.8862413628572119
sample_03181.pdf,0.00135959635225605
sample_08706.pdf,0.0005591864886094787
sample_08983.pdf,0.0007890598281148081
sample_09372.pdf,0.9994087316909188
sample_09514.pdf,0.9994092470868484
sample_18668.pdf,0.9230984134281673
sample_00581.pdf,0.09442668223540816
sample_05719.pdf,0.12197992818758806
sample_00029.pdf,0.0013643122133717275
sample_07941.pdf,0.001186272737020225
sample_17218.pdf,0.999411169965844
sample_11638.pdf,0.9994094144285884
sample_10187.pdf,0.9994112312174698
sample_09795.pdf,0.37633655866177995
sample_10113.pdf,0.999410960098226
sample_08426.pdf,0.1314640785732046
sample_17378.pdf,0.9990773658938578
sample_01388.pdf,0.04296972335482668
sample_13508.pdf,0.9994109131610918
sample_11884.pdf,0.9991045719777901
sample_00911.pdf,0.08546166002557991
sample_08997.pdf,0.01685730099694387
sample_15907.pdf,0.9994110969768789
sample_12894.pdf,0.999110497697147
sample_12993.pdf,0.6603980266388626
sample_03728.pdf,0.056545852063091255
sample_02807.pdf,0.1281683985672701
sample_12117.pdf,0.9994091320119468
sample_11159.pdf,0.9994089502003215
sample_06213.pdf,0.0002082327889982483
sample_00620.pdf,0.024207992611156595
sample_03216.pdf,0.004664876103482352
sample_09258.pdf,0.13179979019415555
sample_10789.pdf,0.9994111829986375
sample_12268.pdf,0.9994110995837833
sample_00078.pdf,0.008385039920057649
sample_06303.pdf,0.0016669682438287294
sample_02809.pdf,0.09788776706408969
sample_05109.pdf,0.011487824069330362
sample_16618.pdf,0.9991068993814095
sample_12681.pdf,0.9994095960976668
sample_12808.pdf,0.9991123473007888
sample_18714.pdf,0.9994094091998754
sample_13045.pdf,0.9994109053378729
sample_09069.pdf,0.003534506956648017
sample_15331.pdf,0.9991123486161267
sample_07925.pdf,0.006362812466615919
sample_18437.pdf,0.9994108988184448
sample_04796.pdf,0.004721919258599553
sample_15355.pdf,0.9994096548994432
sample_09321.pdf,0.9994112220952904
sample_01890.pdf,0.028588027965632163
sample_14076.pdf,0.9991109092161418
sample_04778.pdf,0.13457360976570598
sample_14863.pdf,0.9994093778266265
sample_12840.pdf,0.9994111126181316
sample_18328.pdf,0.78117156088989
sample_07513.pdf,0.05172869624688037
sample_01022.pdf,0.003460000333181538
sample_00960.pdf,0.02616328843002329
sample_13178.pdf,0.9991061143900456
sample_09183.pdf,0.04046953760067592
sample_13314.pdf,0.8224696866524215
sample_18034.pdf,0.9990778127658365
sample_00476.pdf,0.0011390711506738974
sample_00226.pdf,0.00028359173341539344
sample_16935.pdf,0.7822547035011381
sample_01275.pdf,0.04040761812146399
sample_11846.pdf,0.9991086039638167
sample_02531.pdf,0.06428615236304083
sample_07896.pdf,0.0012806590923558764
sample_15010.pdf,0.9994091882445235
sample_07867.pdf,0.11505343117437351
sample_04219.pdf,0.2038305655810705
sample_05327.pdf,0.006751643617605857
sample_08733.pdf,0.0037320482627408304
sample_14214.pdf,0.9991068661961022
sample_17484.pdf,0.9991126615839074
sample_02445.pdf,0.036470839843791764
sample_05644.pdf,0.016530183076941127
sample_16104.pdf,0.7009363085618107
sample_11654.pdf,0.9994092536245235
sample_13406.pdf,0.9990932010189937
sample_19008.pdf,0.9991070666074618
sample_04999.pdf,0.1536341266851451
sample_15200.pdf,0.9991081206514395
sample_02291.pdf,0.001324296117818857
sample_09251.pdf,0.012064781945571154
sample_00949.pdf,0.22856794743198897
sample_00900.pdf,0.13510717936969627
sample_16775.pdf,0.9991124775051435
sample_10719.pdf,0.9994095281416656
sample_02443.pdf,0.004131261301488155
sample_17092.pdf,0.9994107397220781
sample_09223.pdf,0.04277707924698652
sample_06942.pdf,0.0004997019643708564
sample_13954.pdf,0.9994109053378729
sample_13540.pdf,0.9994113993009507
sample_00041.pdf,0.033223927869787936
sample_00846.pdf,0.0004157857908180273
sample_08678.pdf,0.005992125768955449
sample_05106.pdf,0.02597498402495965
sample_07180.pdf,0.00420045228408561
sample_03201.pdf,0.03604744604718354
sample_13093.pdf,0.8225195406559664
sample_03636.pdf,0.13565957622064145
sample_16921.pdf,0.999419240285906
sample_05745.pdf,0.0026126816998541524
sample_17393.pdf,0.9994091830138115
sample_10857.pdf,0.9991060505893873
sample_17321.pdf,0.8578816174396299
sample_06166.pdf,0.11542045833430518
sample_16673.pdf,0.6725406368474057
sample_11368.pdf,0.9994113159166846
sample_11104.pdf,0.9728516830610734
sample_00300.pdf,0.10360260943065318
sample_03638.pdf,0.03027780513876128
sample_01312.pdf,0.16265960650561986
sample_05241.pdf,0.009477975174905071
sample_06229.pdf,0.010988140170202458
sample_02275.pdf,0.06435164954028035
sample_01172.pdf,0.0060758987906594725
sample_09374.pdf,0.9990796650816263
sample_14711.pdf,0.8225094796643475
sample_00191.pdf,0.024184183344563796
sample_05038.pdf,0.0866377912578493
sample_10539.pdf,0.8790767162245707
sample_04545.pdf,0.0011342122217191076
sample_11380.pdf,0.9994085981904206
sample_11788.pdf,0.9994109848690974
sample_06964.pdf,0.00661677537377
sample_06369.pdf,0.0520203938910229
sample_00302.pdf,0.0910173286490532
sample_12812.pdf,0.9994107814564218
sample_08723.pdf,0.0025749353182227892
sample_12610.pdf,0.9994090522309863
sample_15423.pdf,0.9994092889267202
sample_08746.pdf,0.0012256301049131015
sample_07309.pdf,0.04360852854138004
sample_15480.pdf,0.9341545237664254
sample_18774.pdf,0.9994112312174698
sample_08167.pdf,0.03496688412546595
sample_13309.pdf,0.9994095137653572
sample_11707.pdf,0.9860448616199418
sample_17912.pdf,0.9994190975820819
sample_18297.pdf,0.7009384365384662
sample_16680.pdf,0.9994091987058088
sample_10707.pdf,0.9990245253441877
sample_03912.pdf,0.0955136095667089
sample_13627.pdf,0.8225108578519861
sample_10771.pdf,0.9991082835646313
sample_00365.pdf,0.0010854928993004147
sample_09917.pdf,0.8225170632550539
sample_02769.pdf,0.0006140131446219655
sample_13253.pdf,0.9994096444462214
sample_15036.pdf,0.9994094876257194
sample_03421.pdf,0.06215243518236894
sample_11563.pdf,0.9991125866444253
sample_00895.pdf,0.0016588795589033273
sample_18870.pdf,0.9744768721804148
sample_07009.pdf,0.035231143120810535
sample_00668.pdf,0.01199276810463011
sample_11442.pdf,0.999411538682688
sample_17164.pdf,0.999107789390599
sample_06792.pdf,0.0028200447439215293
sample_17247.pdf,0.9991076780458842
sample_02791.pdf,0.06413199823981759
sample_15953.pdf,0.9991070214875574
sample_07065.pdf,0.01953350471981514
sample_17486.pdf,0.9991082199940188
sample_16124.pdf,0.9994114214479145
sample_16247.pdf,0.8769643635502047
sample_03864.pdf,0.1295652033049294
sample_18726.pdf,0.9994095699616672
sample_09454.pdf,0.999409287619269
sample_11007.pdf,0.999411093066501
sample_10946.pdf,0.9994095359831411
sample_12968.pdf,0.9728309473025091
sample_17396.pdf,0.9885803430534068
sample_00931.pdf,0.0014106585970846389
sample_02462.pdf,0.00015797307242603416
sample_01543.pdf,0.00034181404216416015
sample_15210.pdf,0.9991063522536824
sample_09877.pdf,0.9994095137653572
sample_14223.pdf,0.9991051779686358
sample_00166.pdf,0.0755177983197335
sample_10686.pdf,0.9597039270480922
sample_16048.pdf,0.9990780339963213
sample_01688.pdf,0.00036634142408494696
sample_03767.pdf,0.12239138318921448
sample_15548.pdf,0.9994110630860753
sample_02254.pdf,0.009762487510309075
sample_02726.pdf,0.001338601175437125
sample_12851.pdf,0.8990506850402243
sample_13538.pdf,0.9994093752121141
sample_08565.pdf,0.0897970970254413
sample_18446.pdf,0.9991089956242015
sample_11039.pdf,0.9225805647434204
sample_03677.pdf,0.1473547301953259
sample_13390.pdf,0.9994091620905013
sample_16469.pdf,0.9991085404271834
sample_14824.pdf,0.9991054481373295
sample_15596.pdf,0.5906619709923505
sample_15510.pdf,0.8225294753819442
sample_12748.pdf,0.8705538269514624
sample_16905.pdf,0.9994096091652335
sample_04936.pdf,0.00815842783263745
sample_07295.pdf,0.005652009351469026
sample_05922.pdf,0.25608399123950015
sample_04885.pdf,0.05121994655726117
sample_00036.pdf,0.016163498516163846
sample_12983.pdf,0.9994091803984381
sample_07194.pdf,0.08717218121038396
sample_07209.pdf,0.11592505168706951
sample_14015.pdf,0.9991119907370929
sample_04799.pdf,0.016451792721251825
sample_09168.pdf,0.08849285918330453
sample_01846.pdf,0.005601960425339881
sample_06820.pdf,0.0018213408442379056
sample_03391.pdf,0.011126694944174129
sample_14775.pdf,0.999108177609865
sample_04083.pdf,0.07729898838907648
sample_05658.pdf,0.15017029667516732
sample_18867.pdf,0.999410907945624
sample_06800.pdf,0.00349065638288206
sample_13120.pdf,0.9994111608427173
sample_12926.pdf,0.999409705856254
sample_03849.pdf,0.0048114978951310115
sample_00521.pdf,0.2337796905421059
sample_15273.pdf,0.9991076104336537
sample_05626.pdf,0.2216234241734093
sample_11968.pdf,0.9991127733182382
sample_05558.pdf,0.018912984812970015
sample_09120.pdf,0.054610541326889715
sample_04294.pdf,0.012944602554570169
sample_02350.pdf,0.030826644820691904
sample_14005.pdf,0.9994095412107337
sample_13525.pdf,0.9994090927767525
sample_08111.pdf,0.11405448423595797
sample_15111.pdf,0.3672502308960101
sample_01286.pdf,0.0011003949449362208
sample_11328.pdf,0.9994107958019208
sample_06976.pdf,0.005704655810855272
sample_06414.pdf,0.05634005129340219
sample_02650.pdf,0.051045346081879585
sample_11890.pdf,0.9991085126277875
sample_15429.pdf,0.9991067440583873
sample_17891.pdf,0.9994110982803326
sample_11154.pdf,0.8224705200142193
sample_08724.pdf,0.11738846572864657
sample_10969.pdf,0.999411107404427
sample_19011.pdf,0.9994089371181953
sample_06041.pdf,0.00015777955910232892
sample_13994.pdf,0.9994089789799817
sample_11271.pdf,0.9991068569038878
sample_01369.pdf,0.006221036262058734
sample_10109.pdf,0.9994094850116921
sample_01614.pdf,0.14515917536137396
sample_08759.pdf,0.0008379397897352657
sample_02369.pdf,0.1330948719145353
sample_17954.pdf,0.9994092444717583
sample_05620.pdf,0.06547674819499816
sample_15701.pdf,0.9994091006239995
sample_02542.pdf,0.13211685760669428
sample_13292.pdf,0.9991083206443756
sample_03084.pdf,0.0033014476773738353
sample_06949.pdf,0.00035115187087524525
sample_10943.pdf,0.9994191194398923
sample_17056.pdf,0.9991123052084419
sample_03803.pdf,0.0004251847334139187
sample_08116.pdf,0.005379206690897306
sample_04744.pdf,0.004455967989947462
sample_01606.pdf,0.0001823243032394948
sample_13022.pdf,0.8225256047511951
sample_18797.pdf,0.9994094013567191
sample_15645.pdf,0.8092423487979232
sample_06182.pdf,0.0043692620510063195
sample_03005.pdf,0.13663924199789512
sample_17024.pdf,0.9994109874764971
sample_09227.pdf,0.13028348908507353
sample_12107.pdf,0.9990470585081993
sample_05761.pdf,0.00502721839125499
sample_18329.pdf,0.904446670434948
sample_04489.pdf,0.08771318913236031
sample_11205.pdf,0.9991126773594381
sample_15620.pdf,0.9994108753479072
sample_06666.pdf,0.00022064833006094837
sample_14718.pdf,0.9994098090630062
sample_08819.pdf,0.017089573070665737
sample_02990.pdf,0.049376105517370185
sample_17461.pdf,0.9994092013211014
sample_16645.pdf,0.999410807538888
sample_14257.pdf,0.9994088769366921
sample_08196.pdf,0.021248109850331348
sample_03826.pdf,0.06376910955210933
sample_13427.pdf,0.999408747394882
sample_16374.pdf,0.9994094876257194
sample_06704.pdf,0.2757356763213017
sample_09431.pdf,0.9994095124584028
sample_11468.pdf,0.8813847051542997
sample_15851.pdf,0.9213913060443808
sample_11629.pdf,0.9991070944739452
sample_18288.pdf,0.8225100175962199
sample_05656.pdf,0.004335736141568546
sample_04643.pdf,0.007023339639559222
sample_09818.pdf,0.9994198235932119
sample_04729.pdf,0.06213864693573092
sample_13397.pdf,0.9991080199674994
sample_18916.pdf,0.8225171431113566
sample_14425.pdf,0.9994092575470938
sample_16492.pdf,0.9915929500050482
sample_02170.pdf,0.024386721348937282
sample_05627.pdf,0.0013701720870126076
sample_13412.pdf,0.9994110135498598
sample_11775.pdf,0.9991071674514648
sample_03494.pdf,0.00021366671517500033
sample_11284.pdf,0.9994097019366553
sample_18470.pdf,0.9994090469990722
sample_13902.pdf,0.9994110813352114
sample_00055.pdf,0.03458113646582246
sample_05374.pdf,0.0003366387167868437
sample_00459.pdf,0.05926968214471017
sample_09967.pdf,0.7718992328139888
sample_07784.pdf,0.179168508529121
sample_02394.pdf,0.0429948910047828
sample_06547.pdf,0.05265932944766002
sample_15955.pdf,0.9991078834872807
sample_09152.pdf,0.003918548101144161
sample_03954.pdf,0.09621989161816713
sample_15585.pdf,0.9991118564769986
sample_00557.pdf,0.005229206068005913
sample_07887.pdf,0.0008259318074528066
sample_05151.pdf,0.4662324921471479
sample_14335.pdf,0.9990255102195292
sample_18687.pdf,0.8225194266391408
sample_17791.pdf,0.9990982913282501
sample_07935.pdf,0.12120066241921405
sample_12174.pdf,0.9991061303391531
sample_08881.pdf,0.0006321752463694551
sample_06842.pdf,0.03860420302106433
sample_04325.pdf,0.030557451910589423
sample_13982.pdf,0.9994186538196587
sample_02326.pdf,0.009286393283754893
sample_03301.pdf,0.02026067819943715
sample_02820.pdf,0.001193885738136971
sample_05773.pdf,0.0011733123428741621
sample_10908.pdf,0.999409321612062
sample_08417.pdf,0.06673171746127103
sample_12895.pdf,0.9994092915416141
sample_08339.pdf,0.0006681415973067421
sample_00303.pdf,0.0416310743843445
sample_07521.pdf,0.11104801919915368
sample_01901.pdf,0.14186763719770265
sample_02602.pdf,0.0015429778782621248
sample_01448.pdf,0.014857107025423547
sample_00378.pdf,0.0011242536947345312
sample_14136.pdf,0.9994096039382413
sample_05463.pdf,0.03609225808228415
sample_14939.pdf,0.9994112690078532
sample_03305.pdf,0.09993573306264958
sample_07716.pdf,0.008553799892622583
sample_00208.pdf,0.035168521967436826
sample_07576.pdf,0.0035568832223568376
sample_06923.pdf,0.011691092525003484
sample_17459.pdf,0.9994095359831411
sample_04062.pdf,0.0016379933924669694
sample_07815.pdf,0.10151010589938886
sample_01389.pdf,0.0005163371743309616
sample_01180.pdf,0.00016171821951509286
sample_17563.pdf,0.9991075600509604
sample_08023.pdf,0.13796479040308443
sample_03891.pdf,0.05514292505217657
sample_03176.pdf,0.0007370241665304932
sample_05766.pdf,0.012382317841077926
sample_01713.pdf,0.11695347139912567
sample_16206.pdf,0.8989991569611417
sample_16016.pdf,0.9994109952986269
sample_03975.pdf,0.07941876648240297
sample_05481.pdf,0.0018242084260803341
sample_12342.pdf,0.8795382112494741
sample_18743.pdf,0.8225144577353216
sample_02469.pdf,0.005899770459377614
sample_01586.pdf,0.09144412826603841
sample_13692.pdf,0.09556803219470765
sample_00854.pdf,0.13639326443691377
sample_15949.pdf,0.999409287619269
sample_08903.pdf,0.012092282893798876
sample_06441.pdf,0.003958173136846475
sample_08093.pdf,0.0015323091120725708
sample_06535.pdf,0.0024499438380623656
sample_10783.pdf,0.9994111517194494
sample_17562.pdf,0.9994086466205493
sample_17425.pdf,0.9994114149341881
sample_10334.pdf,0.999107895413975
sample_01532.pdf,0.0006015664021607191
sample_04496.pdf,0.0005780244977180726
sample_10865.pdf,0.8225038098744663
sample_04143.pdf,0.02876613775461663
sample_13582.pdf,0.9072869023802513
sample_04000.pdf,0.12290436924035057
sample_11988.pdf,0.7246300985529072
sample_12684.pdf,0.23796769197011622
sample_01378.pdf,0.0006601366490790076
sample_01725.pdf,0.13302872295849252
sample_13781.pdf,0.8598503499227442
sample_02336.pdf,0.011699187649830503
sample_06801.pdf,0.03336799710284231
sample_09553.pdf,0.9994092313961338
sample_10355.pdf,0.9994109966023051
sample_04742.pdf,0.008190871176517445
sample_00295.pdf,0.0944383652991471
sample_15580.pdf,0.9994100258691406
sample_09629.pdf,0.7258127323399902
sample_10227.pdf,0.9431863539704014
sample_10032.pdf,0.8882697725618905
sample_15379.pdf,0.875400329269187
sample_17861.pdf,0.9994111634493393
sample_17010.pdf,0.8225312573113003
sample_04492.pdf,0.0136208850464385
sample_04183.pdf,0.00015740490476204852
sample_17868.pdf,0.999107996118827
sample_09759.pdf,0.9991044133873587
sample_16697.pdf,0.999410790585416
sample_15749.pdf,0.8224848584883947
sample_18759.pdf,0.8708879181111516
sample_17800.pdf,0.875416531865595
sample_13339.pdf,0.9146383255587157
sample_01694.pdf,0.2188705749103288
sample_13833.pdf,0.9991060160278723
sample_19029.pdf,0.8225110912307514
sample_11269.pdf,0.9904669514649266
sample_01611.pdf,0.10178347385263958
sample_06446.pdf,0.0013888977924390907
sample_12981.pdf,0.9991063495965077
sample_06554.pdf,0.9545570707493578
sample_08657.pdf,0.008210794595779463
sample_04187.pdf,0.06456533727669392
sample_14132.pdf,0.9994111373826006
sample_13835.pdf,0.6216897406225046
sample_09456.pdf,0.822516386795554
sample_06039.pdf,0.004487720495135163
sample_15316.pdf,0.8224791203151584
sample_18910.pdf,0.9991126734155946
sample_00339.pdf,0.04551742522409055
sample_12007.pdf,0.8224865872640604
sample_11310.pdf,0.9991067998199891
sample_03260.pdf,0.005536452042474604
sample_16116.pdf,0.9994198287298834
sample_08788.pdf,0.0003518535005220766
sample_11602.pdf,0.9990214075475543
sample_06019.pdf,0.00022534581602991904
sample_13551.pdf,0.8224782239804197
sample_14943.pdf,0.999409410507058
sample_07419.pdf,0.10433149426327755
sample_06805.pdf,0.23079073958456486
sample_12347.pdf,0.9994093647539487
sample_04888.pdf,0.00017087424071126147
sample_03254.pdf,0.000965391012223768
sample_07015.pdf,0.037729399316926114
sample_08063.pdf,0.0024412086294299373
sample_05090.pdf,0.0002582095290159341
sample_00014.pdf,0.004093474747419941
sample_13972.pdf,0.9815591948852043
sample_01277.pdf,0.0002379665739737835
sample_05535.pdf,0.12955238379954284
sample_07694.pdf,0.02726039013927625
sample_16662.pdf,0.999411504817259
sample_05444.pdf,0.04368587083922367
sample_04118.pdf,0.028532456594856145
sample_00657.pdf,0.004277967616891873
sample_16320.pdf,0.8225200657653781
sample_07878.pdf,0.04337469434873318
sample_07514.pdf,0.0001809895300796243
sample_18979.pdf,0.9991079603440397
sample_14062.pdf,0.9994092104745338
sample_17349.pdf,0.9685145634141685
sample_19133.pdf,0.9994111491127756
sample_12676.pdf,0.8224799377231234
sample_14742.pdf,0.8771448655735842
sample_15452.pdf,0.9994112781293071
sample_10402.pdf,0.9990189773304993
sample_14163.pdf,0.9994111634493393
sample_07090.pdf,0.12441299563815132
sample_15397.pdf,0.9991078503563299
sample_12855.pdf,0.9991076236915543
sample_11750.pdf,0.9994112520676359
sample_03710.pdf,0.006252189015912547
sample_03635.pdf,0.0002135457783874183
sample_01059.pdf,0.13273776782261207
sample_16059.pdf,0.9994112664016975
sample_07970.pdf,0.05631234556832798
sample_14361.pdf,0.9994163459616012
sample_04041.pdf,0.0023282445028398745
sample_13784.pdf,0.99941088838721
sample_12121.pdf,0.9994093712903238
sample_18261.pdf,0.9990215909837428
sample_10704.pdf,0.999409279774501
sample_16296.pdf,0.9994093516809818
sample_04287.pdf,0.04568630342236459
sample_04675.pdf,0.059859590532153256
sample_09102.pdf,0.000498474068518636
sample_06646.pdf,0.05139832772189367
sample_12622.pdf,0.8783204958453191
sample_10499.pdf,0.9990248603309855
sample_10521.pdf,0.9991122012802173
sample_10285.pdf,0.9994091359353231
sample_17636.pdf,0.9991075215981642
sample_10627.pdf,0.9991083405075808
sample_17142.pdf,0.9991067599908013
sample_16051.pdf,0.9994095098444852
sample_02461.pdf,0.00035620963560751125
sample_02142.pdf,0.05602015128967112
sample_12414.pdf,0.9991056689734187
sample_06676.pdf,0.007099710985893063
sample_06073.pdf,0.07737692934515501
sample_16136.pdf,0.9744965797305367
sample_03190.pdf,0.0015191433036216915
sample_17796.pdf,0.9991056915845915
sample_10540.pdf,0.822488068832162
sample_15057.pdf,0.999409508537522
sample_19066.pdf,0.9740803054923698
sample_13389.pdf,0.6313178363208904
sample_13003.pdf,0.8225264579054978
sample_09412.pdf,0.9994192351440336
sample_13021.pdf,0.9994114514101297
sample_19233.pdf,0.99941283322589
sample_15689.pdf,0.9994109144649513
sample_18902.pdf,0.9587075038131493
sample_03148.pdf,0.13413188948249155
sample_03865.pdf,0.012502801236409821
sample_04680.pdf,0.12924710698444286
sample_10012.pdf,0.9994089842124968
sample_16684.pdf,0.521109769198441
sample_09594.pdf,0.9991108868009387
sample_01541.pdf,0.0018135719869654349
sample_14668.pdf,0.9991085298370894
sample_18367.pdf,0.9991083087261364
sample_14403.pdf,0.9360741747875503
sample_04637.pdf,0.0324576938130101
sample_17707.pdf,0.9994095163792575
sample_17904.pdf,0.92091284519175
sample_08977.pdf,0.000852253390409206
sample_11601.pdf,0.8225126747437613
sample_13313.pdf,0.6293122202565683
sample_05443.pdf,0.0003236455845535822
sample_18728.pdf,0.9991050435045833
sample_13549.pdf,0.9991124393674232
sample_05491.pdf,0.0006409068350909252
sample_16225.pdf,0.7793001911790148
sample_07462.pdf,0.02200688580352393
sample_12091.pdf,0.9991064890823061
sample_01327.pdf,0.0020100206248637874
sample_06808.pdf,0.06897200132023247
sample_11517.pdf,0.9069602660971569
sample_12290.pdf,0.9991056703035112
sample_14504.pdf,0.999108265023899
sample_11515.pdf,0.9991071581639094
sample_16484.pdf,0.9994093673685073
sample_18201.pdf,0.9994094170429276
sample_00008.pdf,0.030854624446115673
sample_00364.pdf,0.004568672339682749
sample_02507.pdf,0.0009717903571436665
sample_10097.pdf,0.9994114006037362
sample_12737.pdf,0.9994102621755888
sample_13515.pdf,0.9994109314148654
sample_08611.pdf,0.09132363285227697
sample_14262.pdf,0.999104934313678
sample_13049.pdf,0.9994111047975572
sample_18628.pdf,0.9977534599124963
sample_06900.pdf,0.13615240554719274
sample_07446.pdf,0.005196650944498245
sample_01788.pdf,0.001096954617766194
sample_06899.pdf,0.07967961081125384
sample_02409.pdf,0.04105393991270632
sample_07567.pdf,0.05933300790452084
sample_00257.pdf,0.0006218365476472727
sample_14387.pdf,0.9994111582360837
sample_01441.pdf,0.0012011156136871623
sample_02335.pdf,0.037092869937649486
sample_15797.pdf,0.999107180719152
sample_05722.pdf,0.10197052368419679
sample_15342.pdf,0.9994092588546114
sample_17624.pdf,0.9994091934751893
sample_17017.pdf,0.9990773658938578
sample_04341.pdf,0.09429813432381477
sample_13882.pdf,0.7009355992475855
sample_02758.pdf,0.04175204542328805
sample_09323.pdf,0.8563633824335461
sample_04286.pdf,0.04227120835951023
sample_07643.pdf,0.009391828050123036
sample_03738.pdf,0.00015854147503445348
sample_10396.pdf,0.999409078389863
sample_02130.pdf,0.12994263186218283
sample_16675.pdf,0.9994191104397169
sample_06311.pdf,0.04095990069760635
sample_00703.pdf,0.0006670060975082925
sample_11207.pdf,0.9991059495578404
sample_02554.pdf,0.006027172020398163
sample_16553.pdf,0.822486849743813
sample_03312.pdf,0.0008596814462156316
sample_01063.pdf,0.006938421711872427
sample_01135.pdf,0.0011936097783997247
sample_07963.pdf,0.06394660202478267
sample_11763.pdf,0.9990211239588418
sample_09660.pdf,0.9994096784185169
sample_17731.pdf,0.999020985913415
sample_11388.pdf,0.9994096653524803
sample_14441.pdf,0.9994092483943892
sample_01842.pdf,0.08907918731620389
sample_19193.pdf,0.92091284519175
sample_18443.pdf,0.8399458348453899
sample_09860.pdf,0.874887185929528
sample_06422.pdf,0.001538961409210382
sample_04967.pdf,0.0006469722500407942
sample_02780.pdf,0.0013339559193794382
sample_05608.pdf,0.020501306120966647
sample_10459.pdf,0.9994191438682382
sample_02673.pdf,0.08576583475630234
sample_14919.pdf,0.9994094549495479
sample_13565.pdf,0.9994189098282554
sample_15149.pdf,0.99910533768891
sample_14914.pdf,0.6890607790433111
sample_01137.pdf,0.0007763948132479527
sample_15381.pdf,0.9994108962106534
sample_07951.pdf,0.0006493548114630856
sample_16516.pdf,0.9994096444462214
sample_04942.pdf,0.0017919028669146986
sample_00011.pdf,0.0010772140169216288
sample_04239.pdf,0.26923538388381935
sample_01012.pdf,0.07142779153397726
sample_14535.pdf,0.9994092143973902
sample_08365.pdf,0.0015689167320763798
sample_08603.pdf,0.09577663708928043
sample_01857.pdf,0.02104901029981962
sample_17503.pdf,0.9994184144334436
sample_08443.pdf,0.0007612889432363655
sample_08545.pdf,0.0006331929343402317
sample_03372.pdf,0.0003723554483779613
sample_18725.pdf,0.9994111386859649
sample_05006.pdf,0.00036738836144703676
sample_08873.pdf,0.017159482254547664
sample_08653.pdf,0.009049776485053793
sample_14526.pdf,0.8106725404862197
sample_03903.pdf,0.06663988301479318
sample_16002.pdf,0.9990975031792201
sample_01450.pdf,0.005335272248861379
sample_09626.pdf,0.999078045125362
sample_05312.pdf,0.001543534670453881
sample_05903.pdf,0.0017758712113501707
sample_13553.pdf,0.9994113589131692
sample_09835.pdf,0.9994091228573007
sample_03231.pdf,0.0009747265455428354
sample_00699.pdf,0.26495532268921845
sample_08092.pdf,0.00960659666338756
sample_15002.pdf,0.9994114071176211
sample_13628.pdf,0.9991087323401989
sample_08234.pdf,0.08676314618812964
sample_05473.pdf,0.004612828997368071
sample_00523.pdf,0.018491639355454306
sample_14527.pdf,0.9994077283925634
sample_07892.pdf,0.0028257459070699874
sample_05662.pdf,0.001584211252271899
sample_06037.pdf,0.022360388615286258
sample_11166.pdf,0.9994092457793048
sample_06020.pdf,0.00015974171613718907
sample_09562.pdf,0.999108078260262
sample_06807.pdf,0.005755590625790644
sample_11531.pdf,0.4554980028250977
sample_04209.pdf,0.09575214034816042
sample_07431.pdf,0.12107303188088543
sample_16898.pdf,0.999105860476485
sample_00696.pdf,0.09322998773880999
sample_01519.pdf,0.015033113782287146
sample_16308.pdf,0.9991055532441228
sample_15339.pdf,0.21902902378868097
sample_15303.pdf,0.9994091333197419
sample_04069.pdf,0.0010536728985971798
sample_13516.pdf,0.9994109653132327
sample_00840.pdf,0.06404318645289031
sample_10143.pdf,0.9994110448363746
sample_03213.pdf,0.09173278182602913
sample_13813.pdf,0.8224838194073039
sample_08587.pdf,0.09612261512389993
sample_04224.pdf,0.022767512423789518
sample_18908.pdf,0.9990471198068022
sample_18466.pdf,0.9991079523937972
sample_01454.pdf,0.08158361981532077
sample_17890.pdf,0.9991081656887818
sample_19002.pdf,0.9991077191397918
sample_06346.pdf,0.27170277238993035
sample_02540.pdf,0.0006241980775288869
sample_15848.pdf,0.9991126300315916
sample_16608.pdf,0.4429664066901533
sample_15864.pdf,0.9994089135696399
sample_16877.pdf,0.9666629146121811
sample_11618.pdf,0.9994116350582614
sample_05356.pdf,0.006595836758830292
sample_10823.pdf,0.9994092287809743
sample_15080.pdf,0.9991087124899792
sample_14017.pdf,0.9994095451313979
sample_15001.pdf,0.9990194427737674
sample_08805.pdf,0.0011074966442946275
sample_17896.pdf,0.9994089868287371
sample_05434.pdf,0.014695060097546217
sample_16025.pdf,0.9994092601621261
sample_00779.pdf,0.007122474031645714
sample_18844.pdf,0.9991019639487071
sample_08158.pdf,0.050851217526180305
sample_13448.pdf,0.8225237665688283
sample_04617.pdf,0.12831124529973922
sample_10738.pdf,0.9994109353263149
sample_13914.pdf,0.8225354809789591
sample_00826.pdf,0.025210321375773753
sample_02921.pdf,0.11416891015093554
sample_16300.pdf,0.999409568654837
sample_09001.pdf,0.001468583390510041
sample_00727.pdf,0.00019912450858046655
sample_17428.pdf,0.9991080557387302
sample_02483.pdf,0.004101763000126971
sample_00124.pdf,0.004002742766314919
sample_13794.pdf,0.9994091830138115
sample_14591.pdf,0.999409326841549
sample_16269.pdf,0.9994189175453596
sample_09073.pdf,0.05673166732904398
sample_18411.pdf,0.9994097646471185
sample_07075.pdf,0.033018950386153
sample_05208.pdf,0.017556796802940682
sample_13987.pdf,0.9994098782928832
sample_16928.pdf,0.9991083338865855
sample_15184.pdf,0.9728518844819115
sample_19259.pdf,0.9994107071150689
sample_17345.pdf,0.9991067838886307
sample_08581.pdf,0.11963128613813613
sample_11873.pdf,0.9994108610043413
sample_06767.pdf,0.13193161194231515
sample_06987.pdf,0.01463389202682139
sample_08812.pdf,0.0005586800328261704
sample_17016.pdf,0.9994096300727396
sample_14897.pdf,0.9994090234548868
sample_17419.pdf,0.8225027117779623
sample_14014.pdf,0.99910278509515
sample_05321.pdf,0.05262876108310374
sample_12066.pdf,0.9994092470868484
sample_04458.pdf,0.10330958369907679
sample_14645.pdf,0.9991055585654979
sample_15346.pdf,0.9587343789478647
sample_17047.pdf,0.9994110331041259
sample_03467.pdf,0.09409109038137027
sample_00975.pdf,0.0009513735684477998
sample_17990.pdf,0.9994095294485854
sample_18342.pdf,0.9994089972935826
sample_03813.pdf,0.0009542425965921333
sample_06016.pdf,0.04427231409319762
sample_16493.pdf,0.9994198300140442
sample_01896.pdf,0.13008613363854948
sample_08385.pdf,0.025947571945253822
sample_12102.pdf,0.8224675495222201
sample_04184.pdf,0.005085792097322923
sample_12742.pdf,0.999109077628736
sample_02873.pdf,0.010673409304741699
sample_16518.pdf,0.9994110800317205
sample_00065.pdf,0.012187683415850933
sample_13928.pdf,0.9490414597686964
sample_03424.pdf,0.00024527498911778586
sample_07038.pdf,0.001211104756700228
sample_10206.pdf,0.9994089135696399
sample_12722.pdf,0.9994092379339822
sample_07201.pdf,0.001464839633021211
sample_05657.pdf,0.0017756000976800388
sample_02242.pdf,0.1132994667862503
sample_00538.pdf,0.0730537195101688
sample_18054.pdf,0.8225168895591889
sample_11251.pdf,0.9994112950687758
sample_02831.pdf,0.00027705934546605454
sample_12127.pdf,0.9991072258270962
sample_14443.pdf,0.9994111947279055
sample_12962.pdf,0.8224821729625852
sample_16711.pdf,0.9994094170429276
sample_05348.pdf,0.039082995251021414
sample_08314.pdf,0.0028125269570952083
sample_02144.pdf,0.09461784417913999
sample_09622.pdf,0.999108985042153
sample_17182.pdf,0.9991105557490597
sample_13946.pdf,0.999019579609005
sample_14217.pdf,0.9994094353429785
sample_16549.pdf,0.9994180191022225
sample_12839.pdf,0.999409124165116
sample_15758.pdf,0.8224983630305779
sample_08978.pdf,0.04659013292027012
sample_07734.pdf,0.0023273724012500626
sample_04544.pdf,0.03385207021294832
sample_11234.pdf,0.9994090299950322
sample_10667.pdf,0.9994092889267202
sample_11794.pdf,0.9994108597003635
sample_10903.pdf,0.9744813757111261
sample_15575.pdf,0.9991058392013751
sample_19181.pdf,0.9991089810738366
sample_13824.pdf,0.9994093725975901
sample_11516.pdf,0.9994178773873305
sample_10550.pdf,0.9991078569826665
sample_05952.pdf,0.0223557283185179
sample_06703.pdf,0.042972892657493766
sample_10075.pdf,0.9994111047975572
sample_00988.pdf,0.0003166595483947724
sample_11631.pdf,0.41821569560911814
sample_03141.pdf,0.060704725090511086
sample_17855.pdf,0.8776112001395511
sample_15139.pdf,0.8907865113761165
sample_14791.pdf,0.9994092065516517
sample_16022.pdf,0.9991087813012616
sample_06403.pdf,0.03003841949492458
sample_15529.pdf,0.9991083126989092
sample_10372.pdf,0.9994091503208141
sample_06512.pdf,0.058608692681199774
sample_10483.pdf,0.9991111003704275
sample_07384.pdf,0.025430038952262524
sample_14127.pdf,0.9994094091998754
sample_10161.pdf,0.9994093359930404
sample_05233.pdf,0.04682783853609066
sample_01950.pdf,0.00043397638559505234
sample_13726.pdf,0.999409619619079
sample_10901.pdf,0.999411150416114
sample_03142.pdf,0.06423714355226341
sample_16158.pdf,0.9991068157509249
sample_01228.pdf,0.02665180487425436
sample_09159.pdf,0.0008301438267853969
sample_07357.pdf,0.004799153811001975
sample_16843.pdf,0.981559167822143
sample_01597.pdf,0.02890522171607593
sample_10220.pdf,0.9994112989778148
sample_06872.pdf,0.009546058526630947
sample_15119.pdf,0.9990811978271487
sample_15776.pdf,0.9994110787282265
sample_05250.pdf,0.003718720782341598
sample_02635.pdf,0.03701823091529008
sample_07432.pdf,0.02688849146259128
sample_07727.pdf,0.0012123971415045154
sample_13151.pdf,0.9994094915467387
sample_10708.pdf,0.999418230322297
sample_19038.pdf,0.99911177353653
sample_15576.pdf,0.9994091019318638
sample_09593.pdf,0.9661441380024346
sample_06608.pdf,0.1130117317443361
sample_16279.pdf,0.9994093163825286
sample_06620.pdf,0.00811676936659648
sample_17738.pdf,0.999409138550893
sample_01940.pdf,0.036463918056149444
sample_18316.pdf,0.9994182406237574
sample_09324.pdf,0.9994090940846343
sample_19198.pdf,0.9994090927767525
sample_14597.pdf,0.9991125813851598
sample_11951.pdf,0.8225049899778373
sample_19275.pdf,0.9994114683446215
sample_00856.pdf,0.011089770565232533
sample_18848.pdf,0.9994093294562753
sample_06832.pdf,0.011483182401451767
sample_18473.pdf,0.7945090765535762
sample_00256.pdf,0.050369398991944404
sample_12073.pdf,0.005316044880019983
sample_07522.pdf,0.0021225162488450987
sample_18785.pdf,0.8225110105324648
sample_12320.pdf,0.9994091267807378
sample_02825.pdf,0.00016091482516493582
sample_10190.pdf,0.9991062805058452
sample_14701.pdf,0.9994093595247966
sample_07663.pdf,0.0468095753427824
sample_17987.pdf,0.9994114983044534
sample_16210.pdf,0.9994111777855549
sample_19119.pdf,0.9994091751676568
sample_01253.pdf,0.006185423848145088
sample_04666.pdf,0.0670108252823955
sample_10590.pdf,0.9991071740853451
sample_04755.pdf,0.12597736795706047
sample_18452.pdf,0.9991124919705362
sample_18073.pdf,0.9994108244918732
sample_18116.pdf,0.999419114296952
sample_08163.pdf,0.14612592864113155
sample_17597.pdf,0.9994112664016975
sample_12258.pdf,0.9991055532441228
sample_03212.pdf,0.1408064246828951
sample_07381.pdf,0.12228589561954033
sample_11800.pdf,0.9994198325823572
sample_16731.pdf,0.9994197914879868
sample_13252.pdf,0.8711811227864864
sample_08396.pdf,0.0010631158959247785
sample_14465.pdf,0.9994090731581803
sample_18305.pdf,0.9994094837046742
sample_10848.pdf,0.9994151937828172
sample_15067.pdf,0.8780001187173093
sample_16069.pdf,0.9994109092494953
sample_01014.pdf,0.025873546573188355
sample_16914.pdf,0.9141480639899378
sample_07215.pdf,0.00015742294971670504
sample_12044.pdf,0.9994198107513347
sample_13281.pdf,0.17621258844305196
sample_00227.pdf,0.0008946884003334291
sample_00142.pdf,0.007109472844431552
sample_04586.pdf,0.0011749997103697237
sample_00442.pdf,0.004993000307970737
sample_07524.pdf,0.11148267371476389
sample_00522.pdf,0.10641521001736093
sample_03311.pdf,0.09473686206164429
sample_03043.pdf,0.007947028926492865
sample_00886.pdf,0.012664600077283657
sample_07807.pdf,0.0027651324913986193
sample_03712.pdf,0.02851086356659528
sample_04644.pdf,0.0008496719760272714
sample_10356.pdf,0.9994093922062387
sample_09507.pdf,0.8539075355511135
sample_11270.pdf,0.9893645793288494
sample_08336.pdf,0.0065056543806648855
sample_18170.pdf,0.999109168878641
sample_08683.pdf,0.005996134517979264
sample_07879.pdf,0.058162307530872315
sample_06288.pdf,0.14492828827582072
sample_09409.pdf,0.9168182386938214
sample_10718.pdf,0.999108557635687
sample_16607.pdf,0.8915482916328514
sample_04273.pdf,0.00018831868991004327
sample_04262.pdf,0.11804190390004164
sample_11556.pdf,0.9994093621393784
sample_13345.pdf,0.9990188129813031
sample_08463.pdf,0.00015832399278571422
sample_09463.pdf,0.9991121539145031
sample_14160.pdf,0.9201992166046468
sample_14109.pdf,0.9994093556029021
sample_05856.pdf,0.0026899846475708414
sample_18057.pdf,0.9994094183500929
sample_14245.pdf,0.9990230052810974
sample_17299.pdf,0.9994091032397252
sample_03105.pdf,0.08595708360960656
sample_12645.pdf,0.9069260190574848
sample_03343.pdf,0.0013324362707735013
sample_00724.pdf,0.005568712048709317
sample_07731.pdf,0.03780099447868809
sample_14984.pdf,0.9994106679842805
sample_12391.pdf,0.9994093399150646
sample_02582.pdf,0.047515413645025546
sample_04628.pdf,0.053072382767640446
sample_10389.pdf,0.822514703368781
sample_11217.pdf,0.9994094993886994
sample_06588.pdf,0.0003564975200611696
sample_02257.pdf,0.000351555993904551
sample_02412.pdf,0.0011823395269280371
sample_10145.pdf,0.8225141410111103
sample_02638.pdf,0.0011992193731345587
sample_00718.pdf,0.0002203558798795043
sample_18707.pdf,0.9994111934246651
sample_01495.pdf,0.005503874244802011
sample_08780.pdf,0.049367887111893834
sample_12718.pdf,0.9994109587944672
sample_08840.pdf,0.0012965160669214115
sample_06478.pdf,0.01654761128872809
sample_10450.pdf,0.9991114785435723
sample_09364.pdf,0.8224822296030542
sample_18729.pdf,0.9994091293963482
sample_10386.pdf,0.9991126550106463
sample_03417.pdf,0.23362515595452513
sample_01083.pdf,0.005494116215024624
sample_03445.pdf,0.00019227768470357533
sample_08209.pdf,0.00016843291795612405
sample_07948.pdf,0.12742567172546476
sample_04034.pdf,0.003225632497893736
sample_01456.pdf,0.0002343602731136773
sample_14725.pdf,0.99910645985939
sample_12000.pdf,0.9994149024696836
sample_08741.pdf,0.009256042776990618
sample_15340.pdf,0.9994112116697697
sample_06919.pdf,0.13643500831093297
sample_14667.pdf,0.9994198351506589
sample_15405.pdf,0.9994093203046829
sample_08305.pdf,0.003863846852443136
sample_14691.pdf,0.9072405924456827
sample_11391.pdf,0.9994192441422802
sample_10632.pdf,0.9991121078608914
sample_10849.pdf,0.9994094235787251
sample_04677.pdf,0.03226253989105688
sample_07688.pdf,0.12823265782882107
sample_05276.pdf,0.05882841003603281
sample_03267.pdf,0.1594691738363864
sample_01580.pdf,0.04688669957497313
sample_03776.pdf,0.0018240695081969311
sample_13841.pdf,0.9994092379339822
sample_02786.pdf,0.008638196447459822
sample_02180.pdf,0.00842986987305753
sample_02775.pdf,0.010341042183814495
sample_11317.pdf,0.9994090914688679
sample_12865.pdf,0.046271254363830804
sample_04552.pdf,0.012954282215945726
sample_01628.pdf,0.017457919795522314
sample_02012.pdf,0.005966675804032688
sample_14910.pdf,0.9230859752475425
sample_08922.pdf,0.09924621636135537
sample_17879.pdf,0.9994095830298114
sample_19019.pdf,0.8225227523996925
sample_09368.pdf,0.999112006530409
sample_05987.pdf,0.14136850027448122
sample_03179.pdf,0.08750078680787392
sample_09354.pdf,0.9991119960015782
sample_01249.pdf,0.0017718409217601355
sample_12297.pdf,0.9994091581672983
sample_10542.pdf,0.999411175178996
sample_01423.pdf,0.026769375305416013
sample_18065.pdf,0.6602049196782922
sample_00609.pdf,0.011090195618423214
sample_15812.pdf,0.9991079603440397
sample_02694.pdf,0.2718804724833453
sample_07479.pdf,0.006055246229427013
sample_10014.pdf,0.9994185135461224
sample_02512.pdf,0.00015848053171224708
sample_00855.pdf,0.0001584805046572822
sample_05391.pdf,0.10334078584926044
sample_18958.pdf,0.9965814613678186
sample_00710.pdf,0.05116738562932325
sample_15800.pdf,0.9990201722475645
sample_15882.pdf,0.9994109939949457
sample_09798.pdf,0.6651397602745853
sample_11554.pdf,0.9994090116824429
sample_18382.pdf,0.9991075560731991
sample_04156.pdf,0.05110293056947993
sample_08226.pdf,0.0553906853463636
sample_14187.pdf,0.9991055865019453
sample_12476.pdf,0.9994108414443715
sample_15395.pdf,0.9994191528678966
sample_06722.pdf,0.13478975989537928
sample_02658.pdf,0.0009344350893123917
sample_07758.pdf,0.05789845277635241
sample_01078.pdf,0.005953735948494587
sample_17857.pdf,0.8781475165384504
sample_18207.pdf,0.999108096806771
sample_13611.pdf,0.8225160078550825
sample_06155.pdf,0.12585294822203402
sample_16686.pdf,0.9478225993380599
sample_06246.pdf,0.0011763054278642064
sample_18017.pdf,0.9994112716139972
sample_13490.pdf,0.8956665185928011
sample_19032.pdf,0.9994110969768789
sample_04449.pdf,0.001686374527981594
sample_08256.pdf,0.028885892323571947
sample_03489.pdf,0.00044947343138503743
sample_16742.pdf,0.999409479783603
sample_10323.pdf,0.9994112247016417
sample_04260.pdf,0.03591008654312558
sample_18564.pdf,0.9994090247629216
sample_00012.pdf,0.16234231848979624
sample_16691.pdf,0.9994163860078119
sample_05599.pdf,0.1435408193080934
sample_16060.pdf,0.9994163860078119
sample_07399.pdf,0.004705589633369049
sample_01656.pdf,0.050294501287014605
sample_12305.pdf,0.8922515109199777
sample_14203.pdf,0.9994191194398923
sample_16611.pdf,0.9994108688281477
sample_14170.pdf,0.8935002239760655
sample_13796.pdf,0.9994092235506206
sample_02833.pdf,0.00721336923763748
sample_15088.pdf,0.9994190924389484
sample_15962.pdf,0.9991069033635233
sample_03755.pdf,0.13326615053132204
sample_01557.pdf,0.10012718473254512
sample_18723.pdf,0.9994095660411677
sample_04674.pdf,0.000161329771096752
sample_04543.pdf,0.21113337618841285
sample_03139.pdf,0.06427167750337512
sample_16989.pdf,0.9991063708535762
sample_15947.pdf,0.9994113302491945
sample_15375.pdf,0.9994093569102032
sample_02598.pdf,0.0009807808156670767
sample_06191.pdf,0.08284887618641447
sample_03760.pdf,0.018255167731935362
sample_04613.pdf,0.01839249012795398
sample_00251.pdf,0.10212908474404198
sample_08367.pdf,0.04555841423507434
sample_13255.pdf,0.9994109248957254
sample_14886.pdf,0.9994092771595553
sample_18155.pdf,0.9994113054928223
sample_14082.pdf,0.9991071581639094
sample_17994.pdf,0.999409321612062
sample_14220.pdf,0.9994095764957754
sample_13157.pdf,0.9728701563051633
sample_10051.pdf,0.9991055332885477
sample_00708.pdf,0.009134569212941557
sample_13531.pdf,0.9991050435045833
sample_16424.pdf,0.8225138188418963
sample_02425.pdf,0.0007831789882738672
sample_15914.pdf,0.9991062074205451
sample_10485.pdf,0.999409508537522
sample_04110.pdf,0.008719032175129237
sample_17545.pdf,0.8224980994675973
sample_01131.pdf,0.0002209955019249666
sample_08008.pdf,0.12784012969794223
sample_18238.pdf,0.9991082928347824
sample_07588.pdf,0.02329682795014879
sample_08513.pdf,0.0003200695349805655
sample_00505.pdf,0.1386851138483138
sample_16860.pdf,0.9994092562395732
sample_08970.pdf,0.0010658519084896978
sample_16888.pdf,0.92091284519175
sample_03220.pdf,0.029490522818573953
sample_19123.pdf,0.9994095843366099
sample_02564.pdf,0.05933719709729531
sample_09334.pdf,0.8860493265883885
sample_17445.pdf,0.9991079457685146
sample_11275.pdf,0.9994108831715233
sample_17230.pdf,0.9991120947020624
sample_14944.pdf,0.8225003182287298
sample_11361.pdf,0.9994111843019011
sample_12422.pdf,0.9991083126989092
sample_15673.pdf,0.7009366632210469
sample_03508.pdf,0.031555571225710434
sample_18357.pdf,0.999105877761958
sample_11886.pdf,0.9994091607827698
sample_14857.pdf,0.9994111178317905
sample_13265.pdf,0.9994092523169941
sample_08874.pdf,0.001308947491586371
sample_09067.pdf,0.0002877824431722834
sample_14912.pdf,0.9994093647539487
sample_10861.pdf,0.9991124959155823
sample_09825.pdf,0.8225227923677725
sample_12605.pdf,0.9991092310264093
sample_10505.pdf,0.9495028751322766
sample_07981.pdf,0.0016611073733113233
sample_11812.pdf,0.8814839061465284
sample_07285.pdf,0.003772972572748201
sample_12363.pdf,0.9994113927869795
sample_18113.pdf,0.9991070612994138
sample_05824.pdf,0.05055928139166582
sample_00493.pdf,0.06026588845871166
sample_03589.pdf,0.046909378416820934
sample_03386.pdf,0.004926794332440901
sample_16853.pdf,0.9991081299241101
sample_08523.pdf,0.027082304749006608
sample_02181.pdf,0.023400247159626974
sample_16125.pdf,0.9991075931979451
sample_10988.pdf,0.999106790526748
sample_17757.pdf,0.9994198120355352
sample_16580.pdf,0.9994111256521924
sample_06826.pdf,0.0660210224818618
sample_05989.pdf,0.09197289136855209
sample_16318.pdf,0.8806975125949529
sample_10491.pdf,0.9991075467916538
sample_05855.pdf,0.09108523082106046
sample_08880.pdf,0.008489807449012794
sample_16436.pdf,0.9994108831715233
sample_05935.pdf,0.02470217211066818
sample_03233.pdf,0.1224049783345857
sample_08192.pdf,0.10579083310253257
sample_12735.pdf,0.9977533970173921
sample_01509.pdf,0.12664969226738143
sample_17920.pdf,0.9994092967713669
sample_01574.pdf,0.018374733250405565
sample_03332.pdf,0.020984789498299825
sample_12517.pdf,0.9881443492785641
sample_05977.pdf,0.06099874407594532
sample_01244.pdf,0.0032797962173216504
sample_10079.pdf,0.999408931885264
sample_07848.pdf,0.017429022060745786
sample_16882.pdf,0.8690527069683175
sample_14407.pdf,0.9994112116697697
sample_10804.pdf,0.9994090129905038
sample_16102.pdf,0.9994112390363684
sample_17038.pdf,0.6422669461654236
sample_05601.pdf,0.007627323263359232
sample_13109.pdf,0.9994112403395081
sample_03116.pdf,0.023667765208361922
sample_07796.pdf,0.0875653203299388
sample_18404.pdf,0.9994090456910865
sample_06255.pdf,0.0013766804687556828
sample_09026.pdf,0.07715674419615777
sample_07494.pdf,0.0030658827832117774
sample_14470.pdf,0.7009448207742593
sample_10271.pdf,0.9994088756283307
sample_02050.pdf,0.03084097385174268
sample_06223.pdf,0.09963252587170586
sample_11109.pdf,0.8225164103420393
sample_18887.pdf,0.8782672526535743
sample_01855.pdf,0.0048967392019446535
sample_04771.pdf,0.13943899116417904
sample_04403.pdf,0.00021076587734750784
sample_15352.pdf,0.999105871113758
sample_05949.pdf,0.010430397758313366
sample_11058.pdf,0.9991126970782632
sample_17300.pdf,0.8100178097241412
sample_13608.pdf,0.9994093660612293
sample_09484.pdf,0.8225043065681777
sample_06172.pdf,0.12963770350300804
sample_09250.pdf,0.08349375016726024
sample_08944.pdf,0.03380288122497495
sample_07674.pdf,0.02034959387622504
sample_03658.pdf,0.03919385564000315
sample_03921.pdf,0.0011068790417704548
sample_15806.pdf,0.9994112038505083
sample_15333.pdf,0.9994094902397351
sample_05888.pdf,0.0009451421057865287
sample_16054.pdf,0.9994108140593246
sample_17848.pdf,0.9593210211443394
sample_07413.pdf,0.02019941390973123
sample_13693.pdf,0.9994094157357595
sample_08519.pdf,0.04280967677927092
sample_06014.pdf,0.13137720301036152
sample_15462.pdf,0.9991077178142258
sample_04927.pdf,0.006323374332824992
sample_18232.pdf,0.9991068861075064
sample_17416.pdf,0.9991073133799039
sample_07062.pdf,0.010373723002826614
sample_13876.pdf,0.9991058418608049
sample_13758.pdf,0.9994109496680744
sample_01668.pdf,0.0049584173578857875
sample_17266.pdf,0.9991116128888263
sample_15180.pdf,0.9994111126181316
sample_14708.pdf,0.9619847849658364
sample_04844.pdf,0.043143518743423016
sample_17007.pdf,0.9994090535389576
sample_05054.pdf,0.0014783446531383537
sample_11055.pdf,0.9174102060759731
sample_09913.pdf,0.9994096927908238
sample_06657.pdf,0.1400444570777181
sample_06597.pdf,0.12006886644762
sample_09327.pdf,0.9994106745062586
sample_08095.pdf,0.0013893013118480456
sample_12987.pdf,0.9994094144285884
sample_14579.pdf,0.9994182393360848
sample_16887.pdf,0.822465284597777
sample_09605.pdf,0.9994198390030901
sample_00935.pdf,0.0177759825527488
sample_01661.pdf,0.12294711140462793
sample_00750.pdf,0.0016107054956978175
sample_10684.pdf,0.9994089188027332
sample_14096.pdf,0.9994091725522488
sample_11727.pdf,0.46614547321357613
sample_08671.pdf,0.24156201573323166
sample_16362.pdf,0.9734301973494447
sample_07681.pdf,0.02800229572852277
sample_01309.pdf,0.11395402015098148
sample_02033.pdf,0.003451422001545606
sample_03597.pdf,0.00023713419149987632
sample_03452.pdf,0.04181534617345275
sample_09154.pdf,0.025583350516179288
sample_13712.pdf,0.9991081603904465
sample_11612.pdf,0.9994109887801925
sample_18159.pdf,0.9994095608137945
sample_18341.pdf,0.9994092758520781
sample_14721.pdf,0.15031256170328575
sample_10100.pdf,0.9994096967104831
sample_10373.pdf,0.99941083622827
sample_14925.pdf,0.9994110018169892
sample_02061.pdf,0.11362090689651684
sample_01801.pdf,0.07749543886070644
sample_18163.pdf,0.9994094170429276
sample_03604.pdf,0.0029384106382624284
sample_07011.pdf,0.0038628402940716743
sample_14225.pdf,0.9994093804411275
sample_03761.pdf,0.008433038717572451
sample_15101.pdf,0.999106364210823
sample_08857.pdf,0.06441732163661622
sample_17267.pdf,0.9991128495484446
sample_04407.pdf,0.28373500443573185
sample_00090.pdf,0.02151248352310657
sample_17839.pdf,0.9994109131610918
sample_14100.pdf,0.9994090914688679
sample_13839.pdf,0.9076276654390751
sample_10580.pdf,0.9994109992096529
sample_17123.pdf,0.9991062339980455
sample_16093.pdf,0.5721690986819761
sample_13647.pdf,0.9991106098378086
sample_05623.pdf,0.00025204267437054753
sample_01111.pdf,0.10810509076411647
sample_00272.pdf,0.0017061611485857506
sample_07652.pdf,0.00747603118448453
sample_05294.pdf,0.0012571996737025882
sample_02404.pdf,0.005162425925402748
sample_01009.pdf,0.019297354373372842
sample_06495.pdf,0.09132355629303392
sample_14993.pdf,0.8956845816403822
sample_04091.pdf,0.03907753521112163
sample_07673.pdf,0.00019444286791665076
sample_18365.pdf,0.999409496774724
sample_08300.pdf,0.13574560422027832
sample_11041.pdf,0.9991082319140222
sample_03836.pdf,0.04516731682704078
sample_04855.pdf,0.0027446353191298233
sample_12260.pdf,0.9990774424832036
sample_15028.pdf,0.9994094941607372
sample_08184.pdf,0.00022805327280668285
sample_18896.pdf,0.9994192364295059
sample_17555.pdf,0.9994180938107529
sample_00242.pdf,0.0354987765464341
sample_16181.pdf,0.9994107358093319
sample_06998.pdf,0.12752914031063253
sample_14250.pdf,0.9994109470605076
sample_05402.pdf,0.08038920674859647
sample_02569.pdf,0.0010989365630683606
sample_09650.pdf,0.9990982886354584
sample_03671.pdf,0.1576681394170307
sample_18491.pdf,0.9991125222152212
sample_04911.pdf,0.028565075287918875
sample_07074.pdf,0.007442413885519671
sample_00424.pdf,0.001419065853515388
sample_12619.pdf,0.9991084437856369
sample_11562.pdf,0.822496488135276
sample_16717.pdf,0.9991120775951502
sample_06580.pdf,0.021060857070660022
sample_03153.pdf,0.0634589194983405
sample_11616.pdf,0.9994095608137945
sample_15172.pdf,0.9994093137677446
sample_03643.pdf,0.09262480269045147
sample_18372.pdf,0.9991063349818372
sample_04381.pdf,0.1098670478820813
sample_18697.pdf,0.999112293369433
sample_12707.pdf,0.9994111282589698
sample_15636.pdf,0.9994093046159097
sample_16872.pdf,0.9994111334724903
sample_17537.pdf,0.999411164752646
sample_08427.pdf,0.0751342919717176
sample_00794.pdf,0.03375711960501907
sample_01679.pdf,0.08437118872545551
sample_00129.pdf,0.06224124616000389
sample_15853.pdf,0.9991128495484446
sample_11022.pdf,0.9994090182227184
sample_18579.pdf,0.9994090156066169
sample_18249.pdf,0.9994191181541613
sample_08151.pdf,0.20606565083527076
sample_02662.pdf,0.1254138134587451
sample_17231.pdf,0.9994092889267202
sample_05238.pdf,0.12325439880765819
sample_07792.pdf,0.04130864135552647
sample_09826.pdf,0.9991059056835968
sample_04934.pdf,0.0005912774354424306
sample_11831.pdf,0.9994092784670295
sample_07937.pdf,0.08951237277913554
sample_14569.pdf,0.8990226909077524
sample_03373.pdf,0.0016658227808208532
sample_00611.pdf,0.0025355922565297602
sample_12379.pdf,0.9994110956734225
sample_02137.pdf,0.03160497469872119
sample_02091.pdf,0.0027979586783223507
sample_04684.pdf,0.06998627723681362
sample_05898.pdf,0.04070457517093751
sample_17054.pdf,0.9994087905786336
sample_10522.pdf,0.9991078901132514
sample_18591.pdf,0.8225128504209739
sample_12194.pdf,0.9991071900063586
sample_14926.pdf,0.9994196412119595
sample_07288.pdf,0.021860376704179008
sample_08941.pdf,0.08757728639320804
sample_11856.pdf,0.9994109666169771
sample_08619.pdf,0.12769197932129137
sample_08894.pdf,0.24576135635845966
sample_18106.pdf,0.9994112911597108
sample_12416.pdf,0.9994108375322996
sample_17531.pdf,0.9991051233878362
sample_05499.pdf,0.001180355144739946
sample_05978.pdf,0.05585447402703988
sample_00414.pdf,0.21824089728342996
sample_16223.pdf,0.9994109627057352
sample_05347.pdf,0.030456567281305053
sample_16082.pdf,0.9994090378431113
sample_06332.pdf,0.005108359704322243
sample_06716.pdf,0.13213206201441252
sample_00563.pdf,0.03493203100461439
sample_09049.pdf,0.0026737209036656133
sample_04017.pdf,0.0001574466319407779
sample_17650.pdf,0.8224740919184376
sample_15699.pdf,0.933161288214719
sample_06327.pdf,0.0009233178505894872
sample_00879.pdf,0.04032210082865665
sample_08047.pdf,0.00021485930667884247
sample_04433.pdf,0.1317760713685678
sample_10347.pdf,0.6900722346535882
sample_04559.pdf,0.13788479971842502
sample_14737.pdf,0.9991119157131229
sample_09232.pdf,0.0026546775333210638
sample_08474.pdf,0.014384923683927658
sample_07405.pdf,0.0001585312027000818
sample_01166.pdf,0.0014323193839666478
sample_03454.pdf,0.0026030345391255968
sample_01250.pdf,0.059747064303263986
sample_06982.pdf,0.002513926904424839
sample_06864.pdf,0.002916780035657431
sample_03395.pdf,0.009480575588648564
sample_06868.pdf,0.07293460772070649
sample_11645.pdf,0.9990195704875019
sample_07402.pdf,0.11696035076296772
sample_08962.pdf,0.003402799053794483
sample_00815.pdf,0.0064026015620166675
sample_00943.pdf,0.011444439753970434
sample_14104.pdf,0.9991060067225099
sample_05692.pdf,0.12837571045891652
sample_15205.pdf,0.9994093150751381
sample_19033.pdf,0.9994110735142222
sample_12822.pdf,0.8225114308324116
sample_05562.pdf,0.13496283126298472
sample_10427.pdf,0.9994110956734225
sample_16511.pdf,0.9994094196572553
sample_00990.pdf,0.000908356470677797
sample_06525.pdf,0.10884891856166558
sample_11790.pdf,0.9991053776123627
sample_09819.pdf,0.9124474044716209
sample_04137.pdf,0.0003452522487311644
sample_03958.pdf,0.00024581563433891536
sample_01266.pdf,0.07907925575674425
sample_05920.pdf,0.0004549510783253543
sample_01139.pdf,0.05256061221722438
sample_17586.pdf,0.9994095529726481
sample_08260.pdf,0.06764205508540298
sample_03037.pdf,0.002334114511917096
sample_12500.pdf,0.9938453753460293
sample_10549.pdf,0.9994091751676568
sample_01960.pdf,0.0738055936404544
sample_10759.pdf,0.9994092902341686
sample_02360.pdf,0.0057558654344016
sample_06440.pdf,0.2746471528935843
sample_14631.pdf,0.9994091568595581
sample_00776.pdf,0.09665499085703766
sample_15027.pdf,0.9815592361217402
sample_10015.pdf,0.9994111712691364
sample_09778.pdf,0.9990208736362423
sample_13231.pdf,0.8224933597168098
sample_10723.pdf,0.9994097071627812
sample_08390.pdf,0.14428342016739384
sample_11518.pdf,0.9994111178317905
sample_10876.pdf,0.999106969728199
sample_15388.pdf,0.8225035278532733
sample_02633.pdf,0.010823982736161154
sample_10409.pdf,0.9994109340225013
sample_06566.pdf,0.13272845090463317
sample_15641.pdf,0.9994091947828485
sample_05892.pdf,0.06147739586387422
sample_04916.pdf,0.02037320499101065
sample_16282.pdf,0.9994112650986154
sample_04423.pdf,0.13091457119913
sample_12793.pdf,0.9994112090633607
sample_00964.pdf,0.3016247506162235
sample_11809.pdf,0.9991080173176937
sample_08366.pdf,0.03731749341177259
sample_14340.pdf,0.9990990730807155
sample_02991.pdf,0.0034277717580036156
sample_18685.pdf,0.9991078781864516
sample_01191.pdf,0.12513197748030624
sample_15142.pdf,0.9990185907432237
sample_09422.pdf,0.9991125840147985
sample_19252.pdf,0.8224988654993961
sample_06550.pdf,0.0012301135160680177
sample_08341.pdf,0.3400985053339591
sample_18066.pdf,0.9214443502296512
sample_10366.pdf,0.999112866633185
sample_15308.pdf,0.9991090538221251
sample_06245.pdf,0.07582698078065186
sample_06784.pdf,0.001028561580160801
sample_04015.pdf,0.007092615024827899
sample_00307.pdf,0.060244584516046355
sample_06273.pdf,0.28470423994414557
sample_09156.pdf,0.10604593919161326
sample_05743.pdf,0.1304117289920644
sample_06295.pdf,0.04651455292456361
sample_05079.pdf,0.00024690232684991493
sample_05996.pdf,0.0031277600643187537
sample_06060.pdf,0.12803950132629874
sample_06233.pdf,0.0016757891656978094
sample_01208.pdf,0.0011855829819739474
sample_08293.pdf,0.0009549967710425063
sample_11098.pdf,0.9994095098444852
sample_06294.pdf,0.13882664918127696
sample_17260.pdf,0.7166037081224675
sample_18361.pdf,0.9991076064562264
sample_01886.pdf,0.00047445495880359253
sample_05074.pdf,0.001209019184693784
sample_01665.pdf,0.05326708816395273
sample_03023.pdf,0.0001685027926933041
sample_12243.pdf,0.8225153755758138
sample_05150.pdf,0.05386688959306523
sample_15013.pdf,0.8225255896282571
sample_16372.pdf,0.9994111947279055
sample_01015.pdf,0.3178294064053442
sample_03725.pdf,0.0034395492481598088
sample_04444.pdf,0.0025459652321142977
sample_05619.pdf,0.0021134693636664288
sample_15272.pdf,0.8978208075054169
sample_03422.pdf,0.07199018205631875
sample_03550.pdf,0.0007395829125995536
sample_06355.pdf,0.04764249971828341
sample_11582.pdf,0.8225117989608842
sample_02614.pdf,0.012252557210278426
sample_13170.pdf,0.9460104677417137
sample_06739.pdf,0.0011106129453002163
sample_01961.pdf,0.0018632532735764935
sample_14818.pdf,0.9994090653105691
sample_14888.pdf,0.9991070228146617
sample_02770.pdf,0.05510015405140064
sample_04257.pdf,0.007472926747142644
sample_04132.pdf,0.000751994709342501
sample_18133.pdf,0.9994089737474202
sample_09482.pdf,0.999419109153966
sample_13780.pdf,0.9991062087494481
sample_02206.pdf,0.03852422922968188
sample_15709.pdf,0.9994095542795131
sample_14047.pdf,0.9994191040109349
sample_07492.pdf,0.0010199539979399792
sample_18559.pdf,0.8089742438600975
sample_07831.pdf,0.009990175699479057
sample_14459.pdf,0.8225194092068655
sample_07618.pdf,0.02647482376217312
sample_08223.pdf,0.002293115793057744
sample_01820.pdf,0.00023382321131637727
sample_05789.pdf,0.04208501055460242
sample_06267.pdf,0.11155767666316267
sample_09375.pdf,0.8225042734843405
sample_07510.pdf,0.07096281967814871
sample_16630.pdf,0.9990184750292904
sample_00861.pdf,0.0004241611639265672
sample_12473.pdf,0.9994109796542636
sample_17313.pdf,0.9991067002420703
sample_00332.pdf,0.0210927365579254
sample_00198.pdf,0.004779917340635982
sample_02231.pdf,0.07016576861518643
sample_14198.pdf,0.6148375838141631
sample_12577.pdf,0.9991122012802173
sample_18484.pdf,0.9588081403978551
sample_01041.pdf,0.009659978377279957
sample_13847.pdf,0.999409138550893
sample_04115.pdf,0.011049675537595881
sample_07945.pdf,0.06362336113941436
sample_06055.pdf,0.0002179165656786332
sample_17670.pdf,0.9990779435655753
sample_11370.pdf,0.9994111347758633
sample_13342.pdf,0.9994087722586387
sample_18901.pdf,0.9991068303539118
sample_15043.pdf,0.999419822309037
sample_10104.pdf,0.4970081634169907
sample_16200.pdf,0.999409078389863
sample_07621.pdf,0.0008502172354041528
sample_13653.pdf,0.9994099449026587
sample_02117.pdf,0.0013269805861431524
sample_09280.pdf,0.11367118591047491
sample_12455.pdf,0.9991123893901598
sample_02372.pdf,0.01823815479818783
sample_11331.pdf,0.9965814201811448
sample_09556.pdf,0.9994089070282084
sample_01068.pdf,0.004246481453410593
sample_16218.pdf,0.9994098364946818
sample_17144.pdf,0.9991122328552672
sample_00582.pdf,0.02565952706327881
sample_16127.pdf,0.9991076303203946
sample_14261.pdf,0.9991065103344442
sample_06603.pdf,0.00016689640527083483
sample_06340.pdf,0.009776533153228316
sample_18467.pdf,0.9666629017898286
sample_06377.pdf,0.0002082483799331895
sample_17819.pdf,0.9994095281416656
sample_11994.pdf,0.90711636277631
sample_01578.pdf,0.09473636191582972
sample_01708.pdf,0.00015740280329620758
sample_05583.pdf,0.09797317354809126
sample_06812.pdf,0.208858148128909
sample_04834.pdf,0.06021750879085721
sample_05531.pdf,0.0008985075543760986
sample_12763.pdf,0.9994097607279094
sample_15075.pdf,0.9994096797251046
sample_14518.pdf,0.9991071276466443
sample_18039.pdf,0.9965868590287412
sample_15071.pdf,0.9990887769199303
sample_02613.pdf,0.00045654454446284533
sample_03741.pdf,0.09796573777194532
sample_07539.pdf,0.07969207683080083
sample_13237.pdf,0.9994089122613593
sample_18566.pdf,0.8224817341417009
sample_03352.pdf,0.013526378821854352
sample_05879.pdf,0.003619619305265366
sample_15625.pdf,0.9797537456418661
sample_00164.pdf,0.12672046913196003
sample_02038.pdf,0.02249464069174795
sample_15649.pdf,0.8225151700832739
sample_10081.pdf,0.9991119854725611
sample_04237.pdf,0.1385319055351484
sample_03532.pdf,0.040885487327305244
sample_09274.pdf,0.022609135827668093
sample_12483.pdf,0.9994107658063885
sample_15335.pdf,0.9991072497064007
sample_17388.pdf,0.9991124669846373
sample_19169.pdf,0.9815592361217402
sample_00639.pdf,0.027648517867201433
sample_15766.pdf,0.9990730521911209
sample_17099.pdf,0.8225181697875579
sample_14337.pdf,0.9994090914688679
sample_00286.pdf,0.005646573058775243
sample_17770.pdf,0.9991110871893393
sample_03966.pdf,0.011300361194487782
sample_12533.pdf,0.9994113146137119
sample_06585.pdf,0.04257450406960514
sample_05053.pdf,0.13030246700374296
sample_06425.pdf,0.0004250282145715167
sample_14753.pdf,0.9994108831715233
sample_10958.pdf,0.9994093503736692
sample_13614.pdf,0.9994092653921564
sample_09405.pdf,0.9994185109719805
sample_09194.pdf,0.01783002596272176
sample_09024.pdf,0.012807196705182091
sample_13113.pdf,0.9994111100112851
sample_18813.pdf,0.9994091320119468
sample_06558.pdf,0.0008647762992494782
sample_11489.pdf,0.9991029574745972
sample_16585.pdf,0.5211098165083499
sample_08946.pdf,0.06436808751842733
sample_01044.pdf,0.001278679758526314
sample_00392.pdf,0.0012327971624375724
sample_15454.pdf,0.9911311475266458
sample_04977.pdf,0.11998779367188817
sample_04198.pdf,0.00042002005065355894
sample_09121.pdf,0.09673969684632537
sample_11719.pdf,0.8727428648493581
sample_14551.pdf,0.886288931820426
sample_00772.pdf,0.0032991581029139226
sample_08752.pdf,0.12421443202498099
sample_06839.pdf,0.00016577955942910383
sample_14795.pdf,0.9994095111514453
sample_01827.pdf,0.012346983885679052
sample_11768.pdf,0.9276547093502684
sample_01652.pdf,0.0241135488046378
sample_09068.pdf,0.08095451490136804
sample_10256.pdf,0.9994093006936513
sample_02741.pdf,0.08383866093014863
sample_16425.pdf,0.9994090195307649
sample_05896.pdf,0.005559270520502172
sample_12231.pdf,0.8225121553484526
sample_00728.pdf,0.021557876411093777
sample_13662.pdf,0.9994190988678581
sample_12767.pdf,0.9994091359353231
sample_13258.pdf,0.9994094941607372
sample_10579.pdf,0.9358264317771899
sample_12662.pdf,0.9994093673685073
sample_09443.pdf,0.9990993621152287
sample_15153.pdf,0.9994112520676359
sample_13688.pdf,0.7256597488974474
sample_15874.pdf,0.8225107485578947
sample_01797.pdf,0.008698463827554225
sample_13619.pdf,0.9994094144285884
sample_03548.pdf,0.05000772417584103
sample_05176.pdf,0.0006290020757128049
sample_12838.pdf,0.9994094980817132
sample_10947.pdf,0.9994109796542636
sample_06078.pdf,0.13248235870153377
sample_15229.pdf,0.9994094889327289
sample_00561.pdf,0.11779973986385266
sample_03501.pdf,0.030727992693882194
sample_07547.pdf,0.13897742726340018
sample_05893.pdf,0.0005046440777818911
sample_08935.pdf,0.010035783490240112
sample_01518.pdf,0.011982216698818158
sample_19080.pdf,0.9994111321691146
sample_04868.pdf,0.09280913595648184
sample_15122.pdf,0.9991123157318075
sample_10841.pdf,0.9994095438245129
sample_04502.pdf,0.003011215916747346
sample_15254.pdf,0.9991079709441992
sample_02721.pdf,0.01038799478386617
sample_02161.pdf,0.00017911903017613366
sample_11754.pdf,0.9994112624924426
sample_10245.pdf,0.9991122460110438
sample_13856.pdf,0.9994093908990157
sample_16441.pdf,0.9991045173420972
sample_09757.pdf,0.700937727207251
sample_10273.pdf,0.9994088363761421
sample_17959.pdf,0.8224804286796159
sample_06653.pdf,0.123886265087722
sample_14821.pdf,0.9994093438370631
sample_10984.pdf,0.9994090051420952
sample_10924.pdf,0.8225143860103686
sample_16092.pdf,0.9991068834526908
sample_12726.pdf,0.9994111452027431
sample_02296.pdf,0.07971953724563026
sample_07103.pdf,0.09688903928078614
sample_02600.pdf,0.0014034709358592766
sample_14681.pdf,0.8802142228202426
sample_15016.pdf,0.9991072589925406
sample_14229.pdf,0.8225180054020611
sample_10659.pdf,0.9991058591468126
sample_15498.pdf,0.9994093765193718
sample_08444.pdf,0.0989241956512164
sample_10054.pdf,0.999409298078798
sample_18878.pdf,0.610802227034144
sample_07118.pdf,0.11255227461676247
sample_02748.pdf,0.00016352906348129489
sample_16793.pdf,0.6703047954022611
sample_07068.pdf,0.0013026321197433487
sample_03991.pdf,0.014476572136565375
sample_08010.pdf,0.0589569414473976
sample_05084.pdf,0.13238180332357438
sample_12695.pdf,0.9994113680332326
sample_11728.pdf,0.9991074261185012
sample_07662.pdf,0.13085808399919363
sample_00237.pdf,0.042592261466883524
sample_12573.pdf,0.9991083352107903
sample_04359.pdf,0.0016814019785987833
sample_11248.pdf,0.9994111816953711
sample_08884.pdf,0.04479980807138239
sample_09407.pdf,0.9994112273079816
sample_10348.pdf,0.5265564281684865
sample_03706.pdf,0.0014170119946080517
sample_06870.pdf,0.09136667730703073
sample_00410.pdf,0.0006830433749891262
sample_00893.pdf,0.03747441963778991
sample_03235.pdf,0.0019093251390663458
sample_18482.pdf,0.9994091320119468
sample_05183.pdf,0.007656075632542863
sample_17221.pdf,0.9994092457793048
sample_07070.pdf,0.0024002549163913414
sample_16292.pdf,0.9994110422292284
sample_09249.pdf,0.007190856438024355
sample_03242.pdf,0.002996717223886001
sample_11717.pdf,0.9991123946511221
sample_15789.pdf,0.9991073704150168
sample_05192.pdf,0.00017403794945652063
sample_05306.pdf,0.003083831581221863
sample_04955.pdf,0.00015783026576190613
sample_01687.pdf,0.0009513783981713123
sample_10509.pdf,0.9991090419184646
sample_14118.pdf,0.999409393513459
sample_10788.pdf,0.9994092758520781
sample_14224.pdf,0.9688565518648035
sample_16061.pdf,0.9991086119054221
sample_15104.pdf,0.9994089449675058
sample_08715.pdf,0.001222944147609092
sample_06836.pdf,0.0786667404625749
sample_15271.pdf,0.9728480923257775
sample_18789.pdf,0.9990185755188157
sample_12116.pdf,0.9994117210015608
sample_05003.pdf,0.0008616110408992502
sample_00906.pdf,0.0010737529314270632
sample_10749.pdf,0.9994093386077262
sample_06064.pdf,0.0019052326535705085
sample_13957.pdf,0.8225190834188779
sample_06997.pdf,0.3687386582213366
sample_11653.pdf,0.9994191065824563
sample_12045.pdf,0.9994093137677446
sample_18230.pdf,0.8224687274861949
sample_15502.pdf,0.9994111360792334
sample_01017.pdf,0.0009118160498872619
sample_16778.pdf,0.9994112611893519
sample_12939.pdf,0.9991079510687465
sample_10292.pdf,0.8520799493185726
sample_04847.pdf,0.0012447864327916455
sample_10164.pdf,0.9991085311608615
sample_05554.pdf,0.03148898874552597
sample_01991.pdf,0.09171614968122259
sample_10577.pdf,0.9994113015838265
sample_01241.pdf,0.07180609238294804
sample_03330.pdf,0.016407645344302547
sample_16251.pdf,0.8225285635964253
sample_04649.pdf,0.0020666344645192208
sample_10001.pdf,0.9994090182227184
sample_13132.pdf,0.9994116715205857
sample_05932.pdf,0.00026745092437592224
sample_00159.pdf,0.0028864508096363324
sample_14841.pdf,0.9991075043599041
sample_11709.pdf,0.9994110435328029
sample_09839.pdf,0.9994110109425755
sample_13340.pdf,0.9994180577457611
sample_07126.pdf,0.0013938747312697136
sample_18486.pdf,0.9994109926912618
sample_01029.pdf,0.011100842589704537
sample_14905.pdf,0.49454766290546703
sample_15849.pdf,0.4094209900064591
sample_12733.pdf,0.9991029681631778
sample_00954.pdf,0.01821420132291134
sample_15039.pdf,0.9994092327037093
sample_13089.pdf,0.9990204456009656
sample_02357.pdf,0.08838726319694139
sample_13918.pdf,0.9994109209842067
sample_00106.pdf,0.055133295248558534
sample_18152.pdf,0.7009444660824582
sample_17714.pdf,0.9991073796992899
sample_06296.pdf,0.009449470631618244
sample_06829.pdf,0.0006838273065216174
sample_05914.pdf,0.11583316017694417
sample_07882.pdf,0.13059117350348154
sample_05990.pdf,0.00045302799756180193
sample_11880.pdf,0.4346913566107881
sample_12308.pdf,0.8705285178275272
sample_16508.pdf,0.9991083696390909
sample_19230.pdf,0.9994112038505083
sample_10563.pdf,0.9994110226752646
sample_04522.pdf,0.006737571160055261
sample_12144.pdf,0.8771839266641623
sample_06627.pdf,0.0016236792251986926
sample_17664.pdf,0.9897009797427109
sample_18819.pdf,0.9994164867571128
sample_06053.pdf,0.02590472158587728
sample_18669.pdf,0.9068615312755494
sample_07907.pdf,0.04169745545318219
sample_00203.pdf,0.3310977982385629
sample_04823.pdf,0.02877877661028157
sample_16379.pdf,0.9994093765193718
sample_06626.pdf,0.011860888984559963
sample_16029.pdf,0.9994109705281934
sample_09550.pdf,0.9991082464825934
sample_09551.pdf,0.9991131018270328
sample_01691.pdf,0.0007603314044621561
sample_11029.pdf,0.9823201495024371
sample_18739.pdf,0.9991123078393006
sample_09920.pdf,0.9994110070316271
sample_05998.pdf,0.00015740529865591215
sample_00755.pdf,0.005586292544425453
sample_18985.pdf,0.9991087958564814
sample_05790.pdf,0.02126834632998667
sample_01728.pdf,0.0030731190301170157
sample_13136.pdf,0.9994198364348055
sample_11077.pdf,0.9994092130897743
sample_04671.pdf,0.011188252365617298
sample_15105.pdf,0.9994109144649513
sample_16359.pdf,0.9994091163181812
sample_07315.pdf,0.0011711442268219324
sample_08576.pdf,0.019579081855820715
sample_08986.pdf,0.03559128731746712
sample_10391.pdf,0.9994095882569881
sample_12209.pdf,0.9994183140163932
sample_16038.pdf,0.9994109640094854
sample_05303.pdf,0.00296689949530873
sample_05277.pdf,0.0012708797850435277
sample_08150.pdf,0.10190086370860328
sample_12804.pdf,0.8976352126011887
sample_03580.pdf,0.022457055988891406
sample_06602.pdf,0.00021593380518421465
sample_01292.pdf,0.028035512995109813
sample_12362.pdf,0.8225125981729536
sample_17944.pdf,0.8607233975271443
sample_07260.pdf,0.0008854423844118889
sample_09030.pdf,0.024202872160811465
sample_02839.pdf,0.01577015750744661
sample_12147.pdf,0.999411601198369
sample_04414.pdf,0.01662947493120308
sample_00729.pdf,0.0004330118002146442
sample_14577.pdf,0.9991080742859356
sample_14809.pdf,0.8225142236025472
sample_01758.pdf,0.015465286071274944
sample_07141.pdf,0.13110344863499637
sample_15427.pdf,0.99941138106165
sample_03749.pdf,0.10264004497045837
sample_06051.pdf,0.00015740299756457487
sample_00023.pdf,0.0027224547181200157
sample_07594.pdf,0.001146306499848086
sample_00443.pdf,0.13250003084401632
sample_10398.pdf,0.9991022529480794
sample_18029.pdf,0.9991072550127839
sample_13385.pdf,0.9994197837824689
sample_17679.pdf,0.9994091267807378
sample_00923.pdf,0.007705068057902436
sample_16896.pdf,0.9994089371181953
sample_04944.pdf,0.021958328082796533
sample_11400.pdf,0.9994109900838852
sample_04261.pdf,0.02666375543289419
sample_02086.pdf,0.051581999891622037
sample_01073.pdf,0.0001737784868939169
sample_12754.pdf,0.9994112611893519
sample_02815.pdf,0.0005999038219166386
sample_04213.pdf,0.072628741514202
sample_18951.pdf,0.9994089789799817
sample_16750.pdf,0.9994091607827698
sample_05774.pdf,0.11519462182196832
sample_14743.pdf,0.9666629167492234
sample_08470.pdf,0.13471482019307515
sample_14616.pdf,0.9994113550045275
sample_09264.pdf,0.0012849466148553547
sample_16734.pdf,0.2112055419487969
sample_05069.pdf,0.045316887400161134
sample_01899.pdf,0.026842131723004387
sample_00883.pdf,0.06294854103510202
sample_17077.pdf,0.9991079881690587
sample_05062.pdf,0.036672140287994266
sample_15986.pdf,0.9994112403395081
sample_12465.pdf,0.8224823531303018
sample_11983.pdf,0.9994088926368043
sample_13897.pdf,0.822467139463065
sample_17155.pdf,0.8988576677511929
sample_08479.pdf,0.32103523498213876
sample_04151.pdf,0.039922088682518085
sample_12020.pdf,0.9994111790888298
sample_09346.pdf,0.9994093752121141
sample_14931.pdf,0.9994091097789894
sample_09990.pdf,0.9994190962963029
sample_04173.pdf,0.02639675923408791
sample_10856.pdf,0.9994092000134565
sample_19069.pdf,0.9991062472863552
sample_08473.pdf,0.010055506702852907
sample_02434.pdf,0.0038659703721924607
sample_07072.pdf,0.04010101975144716
sample_05880.pdf,0.005080808111086206
sample_10184.pdf,0.9994092104745338
sample_06989.pdf,0.018173219427803786
sample_07928.pdf,0.05827958017205332
sample_09266.pdf,0.001979492098948275
sample_13171.pdf,0.6731598156013995
sample_01179.pdf,0.02775347497876148
sample_01693.pdf,0.008459414757351602
sample_05430.pdf,0.13396531555644436
sample_17025.pdf,0.7563703140724827
sample_15908.pdf,0.9994097829364175
sample_01885.pdf,0.027073265391176115
sample_16490.pdf,0.999111744570472
sample_18955.pdf,0.9990775496926569
sample_07142.pdf,0.0002589709962496584
sample_14334.pdf,0.9994092104745338
sample_17931.pdf,0.9994112716139972
sample_00282.pdf,0.05879317246438274
sample_11198.pdf,0.9994112703109267
sample_01782.pdf,0.005813934110342994
sample_02925.pdf,0.0006058809486369199
sample_18330.pdf,0.9994111282589698
sample_05482.pdf,0.0006897558248685755
sample_15195.pdf,0.9938453753460293
sample_00919.pdf,0.013545948910709898
sample_12364.pdf,0.9991074102037474
sample_15982.pdf,0.9994109627057352
sample_01813.pdf,0.28057270921827343
sample_00005.pdf,0.04576479886887593
sample_19173.pdf,0.9994114657393466
sample_08308.pdf,0.1423621140443496
sample_05253.pdf,0.1301942240007767
sample_06531.pdf,0.03218074132896897
sample_12301.pdf,0.9994113237344605
sample_11875.pdf,0.9991076236915543
sample_17325.pdf,0.9994093948206761
sample_00560.pdf,0.07121219329737082
sample_13310.pdf,0.9994108466604268
sample_00851.pdf,0.0018265490513835125
sample_12402.pdf,0.9994107266794905
sample_08415.pdf,0.11898363681076118
sample_10548.pdf,0.9991076263430991
sample_04495.pdf,0.12952725694206588
sample_09964.pdf,0.9994092444717583
sample_13526.pdf,0.9994093163825286
sample_06314.pdf,0.00017462894239220344
sample_06613.pdf,0.11617833077694896
sample_15598.pdf,0.9994111243487992
sample_08777.pdf,0.0006453765228789882
sample_18734.pdf,0.8977713659849099
sample_01270.pdf,0.0005632345158008357
sample_01640.pdf,0.05971770360832886
sample_01735.pdf,0.003678402310610474
sample_01930.pdf,0.05740761539081856
sample_12143.pdf,0.9994112181857417
sample_16976.pdf,0.9994109874764971
sample_03731.pdf,0.4619710962367027
sample_10967.pdf,0.9991079232420064
sample_07678.pdf,0.0011307422327410538
sample_01969.pdf,0.015369884033158684
sample_18474.pdf,0.9991059588640869
sample_03428.pdf,0.001520391847455205
sample_11239.pdf,0.8224828109486104
sample_09786.pdf,0.9994094784765734
sample_18462.pdf,0.9994090731581803
sample_05476.pdf,0.0002949633090216818
sample_02737.pdf,0.010955459587414972
sample_07584.pdf,0.008181801362595439
sample_06501.pdf,0.1146018216862623
sample_16728.pdf,0.9994189522710623
sample_18398.pdf,0.5159217192353638
sample_07545.pdf,0.05917377845517099
sample_06902.pdf,0.13183824427208174
sample_07832.pdf,0.009931328516578863
sample_11571.pdf,0.9990202679336139
sample_12644.pdf,0.9991124275310822
sample_18822.pdf,0.9991053190570599
sample_01573.pdf,0.0009665538164189083
sample_01717.pdf,0.012620305805194557
sample_19020.pdf,0.7009355992475855
sample_16830.pdf,0.8224710983617732
sample_15419.pdf,0.9994189201177047
sample_12306.pdf,0.99911249460057
sample_12034.pdf,0.999108460996916
sample_11210.pdf,0.8944985893237684
sample_12516.pdf,0.9994109744393835
sample_10120.pdf,0.9994094536424635
sample_08351.pdf,0.12082499827056033
sample_07276.pdf,0.013733639322846046
sample_03679.pdf,0.017831949706389814
sample_09255.pdf,0.09836911586758267
sample_15824.pdf,0.999411093066501
sample_08692.pdf,0.0284204258688275
sample_00330.pdf,0.07378752360520033
sample_01990.pdf,0.00046100296558841696
sample_06971.pdf,0.04440721044392984
sample_09292.pdf,0.4945499415523648
sample_10082.pdf,0.999112451203529
sample_03971.pdf,0.003969081814167437
sample_00037.pdf,0.0940902909624103
sample_08018.pdf,0.003994940552326996
sample_13753.pdf,0.9744811589355798
sample_14162.pdf,0.8846065439411436
sample_11937.pdf,0.9994092091669092
sample_16333.pdf,0.99940918693685
sample_14561.pdf,0.8224593070067409
sample_18834.pdf,0.9994189509849619
sample_11671.pdf,0.9994093386077262
sample_05735.pdf,0.023846507921387497
sample_03527.pdf,0.08434456123592049
sample_00482.pdf,0.01879880355993489
sample_02042.pdf,0.02375424648217568
sample_03739.pdf,0.09095149365791606
sample_16536.pdf,0.9991123091547257
sample_07131.pdf,0.020972087241246506
sample_19112.pdf,0.9991128968588319
sample_09163.pdf,0.009967199476303179
sample_10669.pdf,0.9991123209934206
sample_15275.pdf,0.9994096679657107
sample_14277.pdf,0.9994094444927918
sample_08042.pdf,0.0026118073325341186
sample_12635.pdf,0.9991059854525695
sample_01381.pdf,0.002286534861782021
sample_03959.pdf,0.13073543724699466
sample_16968.pdf,0.9990206080428945
sample_07765.pdf,0.14071508235248628
sample_01325.pdf,0.0009617813691095927
sample_11087.pdf,0.9994094575637081
sample_18629.pdf,0.9994109027301104
sample_02838.pdf,0.016273094525056892
sample_05032.pdf,0.00021136295559375908
sample_09265.pdf,0.00662908240933684
sample_11962.pdf,0.6911914370169642
sample_05809.pdf,0.09803723827651833
sample_09992.pdf,0.9994089410428636
sample_14592.pdf,0.9965814819609538
sample_07395.pdf,0.0580940239563125
sample_07995.pdf,0.04620160152733829
sample_06279.pdf,0.006866726961447803
sample_15543.pdf,0.9991078728855755
sample_18043.pdf,0.9994099762458384
sample_11377.pdf,0.9994095974044365
sample_13070.pdf,0.981559140757826
sample_11373.pdf,0.9991077257675779
sample_13783.pdf,0.9994092680071541
sample_04207.pdf,0.014303707231213212
sample_07861.pdf,0.054708118689285594
sample_19205.pdf,0.9940145280612945
sample_04663.pdf,0.05214017379846783
sample_12696.pdf,0.8748636426074542
sample_16126.pdf,0.9994189072558646
sample_15488.pdf,0.9994113328550679
sample_07544.pdf,0.0048363614130982405
sample_19182.pdf,0.9991054614430009
sample_04139.pdf,0.08238858098827885
sample_16173.pdf,0.9994109248957254
sample_15242.pdf,0.999409271929629
sample_08446.pdf,0.023495722786642123
sample_03073.pdf,0.000630270657535513
sample_10029.pdf,0.9994094431856843
sample_15744.pdf,0.9991125511434817
sample_07175.pdf,0.02871361577294997
sample_03634.pdf,0.09704564729102978
sample_13057.pdf,0.99907824958648
sample_03469.pdf,0.15209407804492078
sample_07805.pdf,0.0025602224596090115
sample_13771.pdf,0.9357720013152102
sample_15881.pdf,0.8225160637483908
sample_12942.pdf,0.9991080159927866
sample_02948.pdf,0.014347419068882428
sample_19157.pdf,0.9882506369187455
sample_07255.pdf,0.0002924260524461612
sample_17045.pdf,0.8225177924073028
sample_12494.pdf,0.9990988713474126
sample_04401.pdf,0.04511777806224134
sample_08097.pdf,0.001207836194004282
sample_15554.pdf,0.9994089475839193
sample_13375.pdf,0.9994112885536529
sample_00956.pdf,0.0008540667462328747
sample_10329.pdf,0.8225129287162746
sample_07245.pdf,0.0014937937756494106
sample_02048.pdf,0.0012989767519999559
sample_15591.pdf,0.9991114495631755
sample_05890.pdf,0.003526477587845036
sample_00245.pdf,0.06501971452934861
sample_00247.pdf,0.041442920224753314
sample_02368.pdf,0.004734777100170951
sample_16929.pdf,0.9991109896402345
sample_15727.pdf,0.9991060572356049
sample_17162.pdf,0.9994124145997237
sample_06884.pdf,0.06767606976810876
sample_17309.pdf,0.9991075467916538
sample_11026.pdf,0.999409695403933
sample_08157.pdf,0.01137222711895152
sample_09895.pdf,0.9994092104745338
sample_11624.pdf,0.9991124235855828
sample_00613.pdf,0.09491357908076799
sample_05095.pdf,0.0005627020131611022
sample_10408.pdf,0.9991056703035112
sample_01168.pdf,0.018008106324109374
sample_16242.pdf,0.9994191052966969
sample_15188.pdf,0.999411100887231
sample_09827.pdf,0.9994191040109349
sample_10224.pdf,0.9994189188315336
sample_16910.pdf,0.9994098809051727
sample_00820.pdf,0.028808854781626245
sample_05292.pdf,0.00026172213579551875
sample_11722.pdf,0.9994091960905048
sample_19113.pdf,0.9994109952986269
sample_14698.pdf,0.9139394821958087
sample_01815.pdf,0.008004650266005922
sample_13809.pdf,0.9994093647539487
sample_08637.pdf,0.007054182784709107
sample_05586.pdf,0.004461944688222019
sample_08502.pdf,0.008071352658988536
sample_08701.pdf,0.42372591425510947
sample_05057.pdf,0.009607484541359729
sample_12636.pdf,0.9991070467020395
sample_09169.pdf,0.046828577498513914
sample_19273.pdf,0.9994109509718534
sample_13906.pdf,0.9994107397220781
sample_14797.pdf,0.9994110813352114
sample_06382.pdf,0.028759760988807923
sample_03633.pdf,0.004162221043964131
sample_15923.pdf,0.9994110083352795
sample_09135.pdf,0.04681531877369385
sample_08303.pdf,0.06179325938960506
sample_06641.pdf,0.14104922920912547
sample_01862.pdf,0.019646294430250788
sample_04164.pdf,0.021047512796192103
sample_02141.pdf,0.0010319736838286288
sample_09754.pdf,0.7720809669075988
sample_11608.pdf,0.8225127140423693
sample_14027.pdf,0.9994112820384583
sample_14817.pdf,0.9994106927674142
sample_05349.pdf,0.15365238561702055
sample_18766.pdf,0.9990201403492565
sample_04306.pdf,0.0012634466633044189
sample_07527.pdf,0.1316174156572385
sample_10781.pdf,0.9994109431491359
sample_06593.pdf,0.0002732405083337784
sample_03660.pdf,0.0002925411471579038
sample_11019.pdf,0.8225031046133783
sample_09558.pdf,0.5265273255246856
sample_01910.pdf,0.00015740338854935686
sample_02065.pdf,0.12611194458155686
sample_06888.pdf,0.19130579347011892
sample_09623.pdf,0.9994094549495479
sample_05679.pdf,0.04494450838635769
sample_12825.pdf,0.7009363085618107
sample_17294.pdf,0.9991058910581381
sample_15022.pdf,0.8225158392977888
sample_11697.pdf,0.9994093542955982
sample_04098.pdf,0.013570837325811333
sample_03014.pdf,0.0010207680316982213
sample_06956.pdf,0.017679342731831218
sample_07407.pdf,0.1346171323867559
sample_18216.pdf,0.8686026445112489
sample_03748.pdf,0.007212060754621563
sample_05948.pdf,0.0054894718176910435
sample_12929.pdf,0.9994111725724258
sample_09808.pdf,0.9994191284399285
sample_16812.pdf,0.9994093006936513
sample_13973.pdf,0.8934164512561544
sample_02592.pdf,0.0044232522489005294
sample_09097.pdf,0.029199320211489507
sample_09784.pdf,0.9994191168684278
sample_10952.pdf,0.9994191194398923
sample_04188.pdf,0.01929803564840477
sample_00822.pdf,0.002040812226193581
sample_01548.pdf,0.0030240239658180803
sample_15750.pdf,0.9994107997142692
sample_10971.pdf,0.9994093856700946
sample_06690.pdf,0.0198968997892747
sample_03265.pdf,0.00017469578883427158
sample_15775.pdf,0.9994099671042492
sample_09214.pdf,0.001817019483978205
sample_02715.pdf,0.09168933185298346
sample_18010.pdf,0.9994097097758269
sample_09863.pdf,0.8978241898208896
sample_03624.pdf,0.0007580763245093005
sample_04577.pdf,0.1088799501632031
sample_15545.pdf,0.9991054162025185
sample_05298.pdf,0.09408913265116675
sample_18322.pdf,0.9994092405491012
sample_18223.pdf,0.9725113445183302
sample_11001.pdf,0.9994094902397351
sample_07971.pdf,0.04230209874898358
sample_01501.pdf,0.21055533095773338
sample_07291.pdf,0.000650946548522762
sample_12282.pdf,0.9994198261615533
sample_10895.pdf,0.9994096065517432
sample_15483.pdf,0.999409274544598
sample_12675.pdf,0.9994109209842067
sample_14306.pdf,0.9994106145013414
sample_13416.pdf,0.9994149348449617
sample_02401.pdf,0.0793202580220388
sample_16758.pdf,0.999107180719152
sample_00467.pdf,0.13593639557237544
sample_04204.pdf,0.060732854063396235
sample_08241.pdf,0.09642098819074167
sample_11053.pdf,0.8225145976122915
sample_04810.pdf,0.010574996612932932
sample_15733.pdf,0.822512666954269
sample_18547.pdf,0.8786178991620347
sample_04645.pdf,0.09497623696099089
sample_15756.pdf,0.999411090459568
sample_10965.pdf,0.7009448207742593
sample_00876.pdf,0.001402816476277011
sample_04633.pdf,0.029739923752431122
sample_02745.pdf,0.1282975021304268
sample_00054.pdf,0.2302148291664653
sample_08659.pdf,0.1470554482205
sample_15487.pdf,0.8225275364906967
sample_15045.pdf,0.8224797792739568
sample_08202.pdf,0.14960633581303742
sample_15064.pdf,0.8224700552818313
sample_18991.pdf,0.9994114735551363
sample_12255.pdf,0.8009904237967227
sample_16848.pdf,0.999411103494118
sample_09952.pdf,0.9991072443999706
sample_16389.pdf,0.9994186692605526
sample_02193.pdf,0.018664407642285667
sample_06407.pdf,0.0018362126264721325
sample_16311.pdf,0.8619167099294821
sample_13741.pdf,0.6681411915683996
sample_00698.pdf,0.003270707985823918
sample_05812.pdf,0.0042956748304326595
sample_17631.pdf,0.92091284519175
sample_02495.pdf,0.0003520477517019831
sample_10008.pdf,0.9994198030460723
sample_01954.pdf,0.01669395690711437
sample_12145.pdf,0.9994110213716442
sample_04201.pdf,0.12100368715043223
sample_14042.pdf,0.999411091763036
sample_13778.pdf,0.9991124604092262
sample_15066.pdf,0.9994182174452151
sample_01464.pdf,0.00015740384869083923
sample_15323.pdf,0.8225384681793851
sample_05143.pdf,0.0012806346115353873
sample_11891.pdf,0.9991076753945677
sample_10422.pdf,0.9994091529363205
sample_15197.pdf,0.9224450622912533
sample_13286.pdf,0.9994089750555649
sample_07642.pdf,0.0018242933706143234
sample_13999.pdf,0.9994107045064302
sample_00989.pdf,0.0014532602790379224
sample_06962.pdf,0.00112830393650695
sample_11485.pdf,0.999410093767961
sample_16198.pdf,0.9994112273079816
sample_16404.pdf,0.8225208910562882
sample_05017.pdf,0.009549626424799519
sample_02794.pdf,0.03661817795766797
sample_06397.pdf,0.0026753540582348813
sample_02114.pdf,0.003928054496029467
sample_03161.pdf,0.00022738814360945565
sample_10117.pdf,0.9994114527128001
sample_01257.pdf,0.005560564786811065
sample_03537.pdf,0.019893120416349424
sample_09525.pdf,0.9991058112766519
sample_09787.pdf,0.9991091199492622
sample_19063.pdf,0.9310030380588176
sample_15380.pdf,0.9991076329719103
sample_02525.pdf,0.09101782758622845
sample_01511.pdf,0.08194807154250999
sample_00688.pdf,0.0022680170160293664
sample_09950.pdf,0.9991126957636952
sample_09034.pdf,0.09222750164564066
sample_13853.pdf,0.9994109913875749
sample_03812.pdf,0.10268013282502965
sample_09779.pdf,0.8225134107611375
sample_00520.pdf,0.0010218791238030352
sample_11247.pdf,0.9991127588596834
sample_15384.pdf,0.9994111478094343
sample_07271.pdf,0.03931295874680459
sample_17880.pdf,0.9994181826756733
sample_02979.pdf,0.06488316063064958
sample_14875.pdf,0.9994110448363746
sample_16015.pdf,0.9460104803459709
sample_13933.pdf,0.9994093739048534
sample_05137.pdf,0.013207714354767705
sample_06753.pdf,0.0009492034548971522
sample_15711.pdf,0.9994096339928147
sample_00047.pdf,0.03186548005151265
sample_16478.pdf,0.9991073478668988
sample_03630.pdf,0.13454998798947285
sample_05411.pdf,0.06096305839053939
sample_17305.pdf,0.9994093451443901
sample_07031.pdf,0.00765191628333245
sample_04282.pdf,0.0037586161400807137
sample_04096.pdf,0.005565057068214546
sample_08360.pdf,0.10037517082383078
sample_09485.pdf,0.9994110435328029
sample_05179.pdf,0.010457022829769042
sample_19201.pdf,0.9990780033904456
sample_10502.pdf,0.9994115647316941
sample_05887.pdf,0.09807147903536688
sample_01099.pdf,0.04080500945915328
sample_12171.pdf,0.9990205078496048
sample_13952.pdf,0.9991058099468709
sample_14196.pdf,0.9990847587867556
sample_15988.pdf,0.9994112103665667
sample_05155.pdf,0.4191409571017606
sample_17001.pdf,0.9994092379339822
sample_01970.pdf,0.0771867389138982
sample_03112.pdf,0.0034653933022550485
sample_10138.pdf,0.9994091477052963
sample_12250.pdf,0.9994105401389612
sample_11695.pdf,0.9994092889267202
sample_14909.pdf,0.9994110591754727
sample_15305.pdf,0.9994095738821408
sample_11944.pdf,0.9991120104786727
sample_13561.pdf,0.9991075905462538
sample_09586.pdf,0.999106123693743
sample_04564.pdf,0.07129507157235367
sample_17665.pdf,0.9994091620905013
sample_05135.pdf,0.0017418579783391615
sample_04988.pdf,0.075540468752842
sample_00399.pdf,0.13252932418944738
sample_10349.pdf,0.9994106392867202
sample_07555.pdf,0.0095354514231364
sample_01856.pdf,0.3138746752592662
sample_12358.pdf,0.9932823939760199
sample_16377.pdf,0.9994091620905013
sample_14009.pdf,0.999409298078798
sample_10793.pdf,0.9994097019366553
sample_06896.pdf,0.1310340131691026
sample_00238.pdf,0.12986864934423284
sample_13929.pdf,0.8225160883852117
sample_17736.pdf,0.9990192359489187
sample_02321.pdf,0.0007699099001390909
sample_00201.pdf,0.041720488409675065
sample_16006.pdf,0.8225006186078234
sample_08783.pdf,0.001128011002082057
sample_06123.pdf,0.0017014298248485549
sample_05343.pdf,0.014654553639392179
sample_09957.pdf,0.9991129467934918
sample_08077.pdf,0.018936266280088376
sample_03053.pdf,0.001540007298784636
sample_08353.pdf,0.002689594344018773
sample_10961.pdf,0.9991054441455707
sample_04301.pdf,0.07206711026698288
sample_09711.pdf,0.725614284318823
sample_10920.pdf,0.9990209904648052
sample_02995.pdf,0.037481362606372665
sample_02262.pdf,0.002500020920281209
sample_11818.pdf,0.9991062379845692
sample_10416.pdf,0.9994111960311431
sample_15328.pdf,0.9991048530734655
sample_13183.pdf,0.9994092117821555
sample_09046.pdf,0.00043986348321316845
sample_08779.pdf,0.01404993140279325
sample_15637.pdf,0.9991087574828662
sample_08909.pdf,0.08391041202637327
sample_17409.pdf,0.9991091662339119
sample_16043.pdf,0.9991076859997633
sample_10838.pdf,0.999409448414097
sample_15334.pdf,0.9991050168744792
sample_05851.pdf,0.10962560934780936
sample_06981.pdf,0.034375063109469105
sample_10690.pdf,0.8225189410588007
sample_11298.pdf,0.9990196191341223
sample_12668.pdf,0.9940140678452383
sample_10166.pdf,0.9991072762378477
sample_04905.pdf,0.021594392119851005
sample_00967.pdf,0.08937117818354655
sample_08648.pdf,0.06504939899917976
sample_02970.pdf,0.05134340782967619
sample_09042.pdf,0.142463071014561
sample_18121.pdf,0.9994089410428636
sample_00428.pdf,0.02052245758877508
sample_17421.pdf,0.9990797774622656
sample_18405.pdf,0.9990188129813031
sample_09051.pdf,0.10346274475516647
sample_01751.pdf,0.02143359566992903
sample_10410.pdf,0.9991120210072477
sample_17147.pdf,0.9994091006239995
sample_17005.pdf,0.9994108583963827
sample_10162.pdf,0.9994089842124968
sample_00485.pdf,0.13943111691052482
sample_18868.pdf,0.999411003120653
sample_14844.pdf,0.9258645625192923
sample_01214.pdf,0.006506257700845549
sample_14625.pdf,0.9991124643544816
sample_05078.pdf,0.0002318466907942027
sample_12859.pdf,0.9991083987691852
sample_13434.pdf,0.9991124617243142
sample_19126.pdf,0.9994085667741661
sample_11313.pdf,0.9376452566345859
sample_14058.pdf,0.5275341924929963
sample_06439.pdf,0.008511342607701282
sample_14045.pdf,0.45470990901423053
sample_05865.pdf,0.10645225812744218
sample_09541.pdf,0.99940953990384
sample_13140.pdf,0.9994110005133225
sample_19292.pdf,0.8224687253358763
sample_07917.pdf,0.023637389221225543
sample_07966.pdf,0.05235510230625203
sample_08489.pdf,0.00027197846506721204
sample_10317.pdf,0.9994198415713633
sample_14922.pdf,0.9991072895031315
sample_06925.pdf,0.00023863206974787765
sample_02083.pdf,0.029571853985509225
sample_07350.pdf,0.12811945954047724
sample_18091.pdf,0.9991116194735995
sample_05947.pdf,0.0008570467550309386
sample_07912.pdf,0.017892757452969796
sample_13056.pdf,0.9994092431642088
sample_07972.pdf,0.007803023021884402
sample_15931.pdf,0.999409145089767
sample_13015.pdf,0.9994094196572553
sample_17975.pdf,0.9994090496150351
sample_03563.pdf,0.0007143074836497102
sample_19054.pdf,0.886480042345589
sample_10207.pdf,0.9991050714649264
sample_10172.pdf,0.3654488216889013
sample_12927.pdf,0.8225156982868244
sample_18110.pdf,0.87804299038878
sample_08497.pdf,0.0003752950089339028
sample_06715.pdf,0.0007652280942238221
sample_05161.pdf,0.34589948546779975
sample_13386.pdf,0.8072014530789557
sample_12200.pdf,0.9994110487470721
sample_19048.pdf,0.999409295463933
sample_07382.pdf,0.04432744221742063
sample_15852.pdf,0.8790767162245707
sample_12175.pdf,0.9057869396545492
sample_10945.pdf,0.8371905930999582
sample_00596.pdf,0.0026362668976714575
sample_13186.pdf,0.9990206975972629
sample_12657.pdf,0.999409249701927
sample_16739.pdf,0.9994144827242654
sample_17953.pdf,0.5912752325780094
sample_11526.pdf,0.9994108244918732
sample_10532.pdf,0.9991126957636952
sample_05775.pdf,0.08550203476584493
sample_15785.pdf,0.8224618970436443
sample_02361.pdf,0.0002645314308615101
sample_18633.pdf,0.9991074048987357
sample_11946.pdf,0.8224732274796462
sample_08527.pdf,0.08509488610836942
sample_13134.pdf,0.8225110847057793
sample_03063.pdf,0.00815507226026674
sample_09130.pdf,0.00033976430280527716
sample_08765.pdf,0.030257304715402777
sample_04597.pdf,0.04099732718270504
sample_08875.pdf,0.0073464460283955355
sample_16351.pdf,0.9991124788201938
sample_08071.pdf,0.002216881821581899
sample_06187.pdf,0.047740964328092585
sample_08257.pdf,0.04018400155791569
sample_04805.pdf,0.04349661582332168
sample_12620.pdf,0.8225165946516473
sample_02561.pdf,0.003218325040395804
sample_07132.pdf,0.139743565710472
sample_01326.pdf,0.17010029773716143
sample_10237.pdf,0.9994191065824563
sample_12672.pdf,0.8225239306228508
sample_02163.pdf,0.000166891000732471
sample_18031.pdf,0.9991079298675379
sample_17175.pdf,0.6645265616005157
sample_17762.pdf,0.9994097698726901
sample_06507.pdf,0.0014032295847204264
sample_18140.pdf,0.9994110005133225
sample_09910.pdf,0.9994093595247966
sample_04189.pdf,0.10322368021366952
sample_08261.pdf,0.028142054463153442
sample_02548.pdf,0.0038528063898473144
sample_01440.pdf,0.1473508299413484
sample_00781.pdf,0.14674212595380062
sample_06853.pdf,0.006184603118054782
sample_11075.pdf,0.8225202111808061
sample_11802.pdf,0.9994091254729284
sample_00652.pdf,0.014488079576417769
sample_14904.pdf,0.9994093830556169
sample_03914.pdf,0.019389375586886682
sample_08838.pdf,0.04692279806517327
sample_13696.pdf,0.9994110709072027
sample_11466.pdf,0.9991122394331917
sample_07997.pdf,0.00030751944018166105
sample_18820.pdf,0.878991213896775
sample_05446.pdf,0.03720906975923239
sample_06994.pdf,0.0003453198588331122
sample_08432.pdf,0.04857534967414889
sample_03674.pdf,0.00016561655092630896
sample_08506.pdf,0.4402954723240387
sample_08550.pdf,0.000663040995950314
sample_05110.pdf,0.12571144405935952
sample_15506.pdf,0.9991078410793358
sample_16172.pdf,0.9994198004776287
sample_12029.pdf,0.9994089672066534
sample_15029.pdf,0.9994197927722298
sample_16418.pdf,0.9991127207399906
sample_05395.pdf,0.2248652537851005
sample_07261.pdf,0.008379573688595111
sample_13891.pdf,0.8224668308880982
sample_07327.pdf,0.0219655878547332
sample_05375.pdf,0.08548596490391785
sample_11784.pdf,0.9994094209644148
sample_15588.pdf,0.8097677006461218
sample_15404.pdf,0.9994094719413824
sample_08530.pdf,0.12542971075755296
sample_08244.pdf,0.0009514898529858398
sample_11932.pdf,0.7088697812173743
sample_11931.pdf,0.9994093621393784
sample_00793.pdf,0.0029860233951145843
sample_02724.pdf,0.07977685432346765
sample_11684.pdf,0.9965813515354939
sample_07044.pdf,0.0018240694688236075
sample_13351.pdf,0.9994091503208141
sample_09978.pdf,0.9994094654061191
sample_18112.pdf,0.9994095490520359
sample_07609.pdf,0.025230803256017387
sample_15540.pdf,0.9411428448348532
sample_02711.pdf,0.07188281536944742
sample_15918.pdf,0.9994111999408387
sample_02659.pdf,0.0007912547739539491
sample_01914.pdf,0.11125949064429613
sample_00823.pdf,0.004119074644881734
sample_03125.pdf,0.013222579900694259
sample_02152.pdf,0.0004532389784815063
sample_14240.pdf,0.9994092170126133
sample_06678.pdf,0.028784332717997043
sample_04987.pdf,0.00016079562123657567
sample_17304.pdf,0.9991119604653999
sample_11827.pdf,0.960997615031284
sample_01348.pdf,0.0018626710688442215
sample_09369.pdf,0.9994117314180788
sample_15937.pdf,0.9994096065517432
sample_13449.pdf,0.9991073757203331
sample_08871.pdf,0.0067294435806902345
sample_04791.pdf,0.05163861405840451
sample_03029.pdf,0.010649416014091176
sample_02121.pdf,0.00040641730205684656
sample_07788.pdf,0.11139976224230887
sample_18614.pdf,0.7460705004076152
sample_13306.pdf,0.9991117524704456
sample_04331.pdf,0.13316984211802269
sample_00770.pdf,0.002117156557570639
sample_03344.pdf,0.0005576467835097779
sample_03733.pdf,0.27527839668548
sample_16757.pdf,0.9994093451443901
sample_09517.pdf,0.9990188129813031
sample_11484.pdf,0.45102623421398697
sample_04404.pdf,0.004036534289921471
sample_18281.pdf,0.9994091607827698
sample_12595.pdf,0.82251611846239
sample_04580.pdf,0.09701859538585889
sample_03392.pdf,0.008837020410229155
sample_11559.pdf,0.9515896151530026
sample_12237.pdf,0.999419723419044
sample_07517.pdf,0.2950642820888335
sample_16640.pdf,0.9994111999408387
sample_10914.pdf,0.9994094379572253
sample_05768.pdf,0.0021036924697022605
sample_11021.pdf,0.9994198351506589
sample_12199.pdf,0.9991124788201938
sample_12222.pdf,0.9991125274750096
sample_13479.pdf,0.9991041854238912
sample_05182.pdf,0.1257326382051131
sample_11720.pdf,0.8225107457336157
sample_15194.pdf,0.9991125892740406
sample_11888.pdf,0.9994113146137119
sample_07428.pdf,0.004900324002683729
sample_02034.pdf,0.061189875929166554
sample_05828.pdf,0.09484280540736582
sample_09085.pdf,0.009036201163317032
sample_19044.pdf,0.9994112442489099
sample_01419.pdf,0.007290486958217393
sample_09366.pdf,0.9218619932035281
sample_16623.pdf,0.9994112064569403
sample_02720.pdf,0.0018244952479284085
sample_10084.pdf,0.9994109040339931
sample_15590.pdf,0.9994109431491359
sample_16939.pdf,0.9994091987058088
sample_10680.pdf,0.9991127943482364
sample_16546.pdf,0.9254613851925905
sample_17379.pdf,0.9994110813352114
sample_03841.pdf,0.13202081420376466
sample_02308.pdf,0.001900559601076507
sample_08229.pdf,0.037104836565631134
sample_15199.pdf,0.9994093163825286
sample_01230.pdf,0.13657948299403896
sample_00396.pdf,0.09590890040554073
sample_11181.pdf,0.9994115308677616
sample_02696.pdf,0.1972000750118815
sample_05320.pdf,0.003692991162159992
sample_07520.pdf,0.09431997004053354
sample_14363.pdf,0.9994198017618517
sample_14917.pdf,0.9991089228688409
sample_09828.pdf,0.9991056463613969
sample_02279.pdf,0.040069248355395735
sample_01951.pdf,0.012813359826512999
sample_03450.pdf,0.00043188364849644435
sample_10052.pdf,0.9991048304307996
sample_16273.pdf,0.9994094614849266
sample_03691.pdf,0.11975143461041911
sample_18632.pdf,0.999419047434591
sample_18103.pdf,0.9994111191351981
sample_16552.pdf,0.9991117630035808
sample_02539.pdf,0.12949488227981754
sample_04452.pdf,0.13667289470716507
sample_13633.pdf,0.9994185122590529
sample_09630.pdf,0.7095842589576229
sample_12579.pdf,0.9065229707519152
sample_05076.pdf,0.0008382153431606351
sample_13020.pdf,0.9991059349334478
sample_06874.pdf,0.03646063581797285
sample_08131.pdf,0.14563054945399106
sample_18738.pdf,0.9991053403505559
sample_12023.pdf,0.9994191104397169
sample_15832.pdf,0.8225051023039253
sample_02353.pdf,0.0007996663050566797
sample_01138.pdf,0.08983010292287114
sample_18931.pdf,0.9994166133149577
sample_07370.pdf,0.00015945368745204588
sample_18246.pdf,0.9994107488517178
sample_03118.pdf,0.0005493023807382532
sample_16334.pdf,0.7623675035492047
sample_08649.pdf,0.06677674068013621
sample_06571.pdf,0.0040522461846848505
sample_08580.pdf,0.04464482445735621
sample_03714.pdf,0.0008572415365064367
sample_02850.pdf,0.011125792220954764
sample_18941.pdf,0.9994198068987162
sample_03907.pdf,0.12385783272677842
sample_13539.pdf,0.9991056915845915
sample_14093.pdf,0.9994198261615533
sample_17353.pdf,0.9991120183751213
sample_12991.pdf,0.781102472964902
sample_15426.pdf,0.9460104893488926
sample_09536.pdf,0.9990778628625624
sample_16517.pdf,0.9994111282589698
sample_00640.pdf,0.15010300973488497
sample_05955.pdf,0.2573987871325854
sample_04769.pdf,0.08935194153259986
sample_02286.pdf,0.00047136627798150297
sample_14176.pdf,0.8908717978855017
sample_10713.pdf,0.9990774745087165
sample_12542.pdf,0.9994092928490567
sample_18151.pdf,0.9991064797842597
sample_06375.pdf,0.12508014713706722
sample_13948.pdf,0.9994108805636629
sample_11878.pdf,0.9994198235932119
sample_17825.pdf,0.999105328373057
sample_15782.pdf,0.8224827609181448
sample_17430.pdf,0.7503592402316266
sample_08542.pdf,0.04101547089101063
sample_16606.pdf,0.700937727207251
sample_03628.pdf,0.008133297190212278
sample_17610.pdf,0.9132273288534148
sample_06663.pdf,0.017227375773270447
sample_10484.pdf,0.9994111908181754
sample_03085.pdf,0.023849822558948467
sample_15979.pdf,0.42444135781609776
sample_03399.pdf,0.000506572224284181
sample_02899.pdf,0.01821682777138206
sample_09577.pdf,0.9990982913282501
sample_16361.pdf,0.9994092967713669
sample_16866.pdf,0.9991058551577781
sample_00575.pdf,0.00121760333671761
sample_12802.pdf,0.9990190564476161
sample_15212.pdf,0.999409705856254
sample_13792.pdf,0.9990206323299778
sample_14309.pdf,0.9991121473356338
sample_10769.pdf,0.9994109418453396
sample_18346.pdf,0.8224824551920101
sample_10581.pdf,0.9994112286111472
sample_04678.pdf,0.10885519294947031
sample_14524.pdf,0.9994098260446699
sample_19175.pdf,0.9991054468067461
sample_08889.pdf,0.08495740653475697
sample_09108.pdf,0.02186622399719348
sample_16701.pdf,0.9994110995837833
sample_19000.pdf,0.9994093176899163
sample_12911.pdf,0.9994180577457611
sample_12545.pdf,0.9994109966023051
sample_15446.pdf,0.8225233729736624
sample_08292.pdf,0.07198075860358422
sample_04275.pdf,0.003214964021942568
sample_02014.pdf,0.00017727792679186785
sample_04779.pdf,0.000158630298298242
sample_13121.pdf,0.9994111725724258
sample_09279.pdf,0.005331635920343317
sample_17617.pdf,0.9994109053378729
sample_09824.pdf,0.9994093098455469
sample_06132.pdf,0.00015884370636786438
sample_15693.pdf,0.6588436025403054
sample_04974.pdf,0.0006933101541298074
sample_18141.pdf,0.9994109587944672
sample_09253.pdf,0.01639900580839266
sample_01726.pdf,0.010574574189313806
sample_07318.pdf,0.03468277117029085
sample_08557.pdf,0.0001599554588663521
sample_18310.pdf,0.9994091189338375
sample_09153.pdf,0.025615415308254327
sample_16089.pdf,0.9994097189213957
sample_18589.pdf,0.9994107188537997
sample_10585.pdf,0.9990780701649845
sample_08664.pdf,0.004509752184833433
sample_09070.pdf,0.12688455074401053
sample_01944.pdf,0.07888236771561952
sample_16020.pdf,0.8225096268797484
sample_05546.pdf,0.01530005356924001
sample_05617.pdf,0.09145351888661545
sample_00270.pdf,0.042646704447610116
sample_10266.pdf,0.9991049662740393
sample_01108.pdf,0.0012782730132316592
sample_13566.pdf,0.9994111829986375
sample_18533.pdf,0.9991085311608615
sample_14508.pdf,0.9991069670737528
sample_06960.pdf,0.017374311861103716
sample_11804.pdf,0.9991059535462493
sample_00984.pdf,0.09183219554897122
sample_05064.pdf,0.00708954406976433
sample_13212.pdf,0.9991084384897594
sample_08496.pdf,0.019179863229255318
sample_00996.pdf,0.0010348220341361302
sample_14177.pdf,0.9991123749222742
sample_14079.pdf,0.9991082160206317
sample_13877.pdf,0.9994093425297331
sample_17841.pdf,0.9994090509230121
sample_09756.pdf,0.999409287619269
sample_11326.pdf,0.9991062153939185
sample_14651.pdf,0.6110405885835304
sample_11358.pdf,0.9994092091669092
sample_17208.pdf,0.9991073836782199
sample_16570.pdf,0.9994094444927918
sample_08211.pdf,0.0022011623172760505
sample_03041.pdf,0.00033979122817073544
sample_00981.pdf,0.04528630196240236
sample_06957.pdf,0.08671680628230378
sample_06242.pdf,0.004149001839056634
sample_04471.pdf,0.0004918506472999319
sample_04525.pdf,0.02851028042721532
sample_10512.pdf,0.9994095882569881
sample_17514.pdf,0.9994191528678966
sample_15919.pdf,0.6725406368474057
sample_00265.pdf,0.25653080424908875
sample_02897.pdf,0.002507649883729868
sample_18895.pdf,0.9991074009199462
sample_08837.pdf,0.004448458267290398
sample_10677.pdf,0.9994107214623748
sample_11949.pdf,0.9991081180020788
sample_07855.pdf,0.007270671936179891
sample_02041.pdf,0.12948065836448872
sample_08720.pdf,0.006324283899014686
sample_09182.pdf,0.1379535066892645
sample_17695.pdf,0.8225002204616024
sample_07148.pdf,0.016720206500816414
sample_18663.pdf,0.9994095751889596
sample_02661.pdf,0.003220114013737499
sample_16950.pdf,0.9991093341510178
sample_00704.pdf,0.012962834823498068
sample_17032.pdf,0.9994093791338785
sample_14677.pdf,0.9991127969769339
sample_12444.pdf,0.9991056144370966
sample_06669.pdf,0.022684928581979208
sample_04910.pdf,0.04394077928180951
sample_00901.pdf,0.01132344510486926
sample_11229.pdf,0.9991074075512474
sample_07562.pdf,0.006120078738636174
sample_05244.pdf,0.0021966229570612636
sample_05159.pdf,0.021300041805058758
sample_06892.pdf,0.012613007199514005
sample_14211.pdf,0.9991068635411985
sample_15324.pdf,0.9991024642584513
sample_15282.pdf,0.9409750464690717
sample_02290.pdf,0.003036649931147051
sample_12339.pdf,0.9994111947279055
sample_12067.pdf,0.9994109979059805
sample_12165.pdf,0.7255560008799616
sample_00425.pdf,0.015143646729259124
sample_08959.pdf,0.1494228870159025
sample_03620.pdf,0.0008095565622013441
sample_14564.pdf,0.9994109705281934
sample_16593.pdf,0.9064168531987589
sample_02559.pdf,0.05775158899034019
sample_08756.pdf,0.017492518377007632
sample_00385.pdf,0.01617652300930075
sample_02675.pdf,0.0030688374112720312
sample_08596.pdf,0.0017347536430587151
sample_14709.pdf,0.8224727261509868
sample_06944.pdf,0.14084816915714068
sample_06036.pdf,0.0016133289437021935
sample_12437.pdf,0.9156668305723185
sample_16356.pdf,0.9994093569102032
sample_04269.pdf,0.04168145614994132
sample_10021.pdf,0.9990972955312535
sample_14669.pdf,0.9991122591665297
sample_07340.pdf,0.0011949367329040564
sample_07056.pdf,0.0015139851969636858
sample_01754.pdf,0.038486875825769214
sample_14901.pdf,0.9994191155826911
sample_14488.pdf,0.8110574799003389
sample_15222.pdf,0.9994115035147036
sample_15319.pdf,0.999112251273273
sample_12829.pdf,0.9991068794704451
sample_18111.pdf,0.9994090600787707
sample_05907.pdf,0.024363576229161563
sample_06103.pdf,0.0014914344133891673
sample_10043.pdf,0.8225270707427869
sample_10247.pdf,0.5655427077408274
sample_07059.pdf,0.06149998429947521
sample_12768.pdf,0.9994110982803326
sample_09238.pdf,0.10935596722790575
sample_00393.pdf,0.0001575349314876718
sample_01811.pdf,0.11822739464106709
sample_15253.pdf,0.999107947093577
sample_15123.pdf,0.9990801741022407
sample_04918.pdf,0.1310937034114952
sample_04850.pdf,0.0002461957083217826
sample_13729.pdf,0.9994091973981583
sample_01810.pdf,0.023222594688022413
sample_05568.pdf,0.06322802035836422
sample_18862.pdf,0.9991114706399674
sample_18292.pdf,0.8225118985508441
sample_06882.pdf,0.02538115377672909
sample_13498.pdf,0.9994112207921103
sample_10020.pdf,0.999112282845672
sample_02646.pdf,0.019988385349439496
sample_00408.pdf,0.00031209789261570374
sample_10413.pdf,0.9994091163181812
sample_03377.pdf,0.10842003286628023
sample_15858.pdf,0.9994094366501035
sample_17774.pdf,0.9991109105346568
sample_12702.pdf,0.9991121025973947
sample_13761.pdf,0.9994112377332259
sample_09880.pdf,0.6596703125107674
sample_01429.pdf,0.03691662717809622
sample_09406.pdf,0.8225208048819878
sample_11738.pdf,0.9991127864620744
sample_14374.pdf,0.9994198364348055
sample_06090.pdf,0.15647814289074488
sample_00099.pdf,0.0005304359521808316
sample_01391.pdf,0.09605995702974333
sample_09402.pdf,0.8225094276111699
sample_02503.pdf,0.0780546124203726
sample_08154.pdf,0.03034873188724736
sample_11798.pdf,0.7009473036565116
sample_00420.pdf,0.001617985837189995
sample_10462.pdf,0.9991058937173388
sample_01909.pdf,0.07439103688857644
sample_15562.pdf,0.49958306453012447
sample_07486.pdf,0.0895841527344099
sample_12946.pdf,0.9994116064077098
sample_07649.pdf,0.4706713722455456
sample_12108.pdf,0.9994111882116744
sample_18568.pdf,0.999408955433091
sample_16103.pdf,0.9994196540575828
sample_03701.pdf,0.031098969979361003
sample_07023.pdf,0.0001574028021569408
sample_00154.pdf,0.07318510878500532
sample_16396.pdf,0.9994189638458361
sample_11574.pdf,0.999409508537522
sample_07512.pdf,0.0006582202754022831
sample_00714.pdf,0.0008396524906436783
sample_12052.pdf,0.9994092902341686
sample_03137.pdf,0.0008348711172525533
sample_18266.pdf,0.9994095033096407
sample_12125.pdf,0.9994095033096407
sample_14972.pdf,0.9994093059233232
sample_14600.pdf,0.999106998926334
sample_12699.pdf,0.9994114826734267
sample_13148.pdf,0.9991077429994789
sample_11347.pdf,0.9994198338665093
sample_10028.pdf,0.999412820229558
sample_00831.pdf,0.133064248073717
sample_10562.pdf,0.9994091725522488
sample_16220.pdf,0.4555004215362903
sample_06777.pdf,0.06822587733380968
sample_05175.pdf,0.14441418480947046
sample_01016.pdf,0.09114451655614986
sample_04338.pdf,0.13082035576541667
sample_16934.pdf,0.8974016753980543
sample_12158.pdf,0.7093671945795501
sample_05085.pdf,0.007443342099233421
sample_17496.pdf,0.9994111178317905
sample_01366.pdf,0.03752090018753413
sample_14759.pdf,0.8849680827646402
sample_03794.pdf,0.00015740450635196612
sample_03497.pdf,0.0027995801782686723
sample_18790.pdf,0.9994112286111472
sample_01772.pdf,0.16175212546913734
sample_16581.pdf,0.9907646239833364
sample_07724.pdf,0.07745479315925813
sample_04963.pdf,0.0014349080162371335
sample_14587.pdf,0.9991062619031569
sample_01710.pdf,0.13196009623494614
sample_16547.pdf,0.9994106640710588
sample_02283.pdf,0.10512545127836127
sample_08319.pdf,0.005965236556267142
sample_14516.pdf,0.9994107253752159
sample_05296.pdf,0.0004815658254803237
sample_17718.pdf,0.9991054654346451
sample_12336.pdf,0.966662929571378
sample_09157.pdf,0.00427729544360433
sample_11016.pdf,0.999106414693907
sample_12817.pdf,0.9994094026639191
sample_09684.pdf,0.9994091032397252
sample_06305.pdf,0.13269700871676401
sample_09394.pdf,0.9994092183202206
sample_13006.pdf,0.9994093399150646
sample_16583.pdf,0.999107130300381
sample_12446.pdf,0.9994093490663537
sample_17894.pdf,0.9994189188315336
sample_18603.pdf,0.9994091176260108
sample_14419.pdf,0.999107830476881
sample_02160.pdf,0.09857125114355754
sample_17160.pdf,0.999411090459568
sample_00202.pdf,0.05053916518848687
sample_08906.pdf,0.0007073420212851001
sample_03889.pdf,0.008582689633231748
sample_00138.pdf,0.0009631581871572952
sample_11290.pdf,0.9309028039026987
sample_17809.pdf,0.9991124393674232
sample_02984.pdf,0.013826631375364565
sample_13718.pdf,0.999108112703322
sample_15171.pdf,0.9994094183500929
sample_03682.pdf,0.006368282764943862
sample_01817.pdf,0.0931214767724922
sample_01603.pdf,0.06421494084672773
sample_10916.pdf,0.9991067467138189
sample_17375.pdf,0.8565630699803789
sample_11761.pdf,0.9994099671042492
sample_05540.pdf,0.00015751142011717097
sample_12392.pdf,0.8858983249656521
sample_00359.pdf,0.03512594735300205
sample_00457.pdf,0.001041075507765759
sample_09746.pdf,0.9991123288857531
sample_14890.pdf,0.9893645793288494
sample_10604.pdf,0.9994109966023051
sample_03700.pdf,0.0014342559441561289
sample_06048.pdf,0.0027063914686777505
sample_11261.pdf,0.4718607577901479
sample_14382.pdf,0.4631304552263684
sample_18849.pdf,0.284279726699639
sample_16810.pdf,0.9994108922989446
sample_11850.pdf,0.8225146755707532
sample_13704.pdf,0.8748794534987457
sample_09904.pdf,0.9991082411849721
sample_13336.pdf,0.9994114983044534
sample_06454.pdf,0.0002146916476271645
sample_07980.pdf,0.00021214766696532735
sample_17584.pdf,0.9991072656254096
sample_12365.pdf,0.9991078940887985
sample_03789.pdf,0.1218606824522321
sample_15672.pdf,0.9991078052952999
sample_13630.pdf,0.9994096810316897
sample_11132.pdf,0.9994112038505083
sample_07113.pdf,0.0039054263169082614
sample_11408.pdf,0.999409239241543
sample_01178.pdf,0.028577901183774953
sample_00592.pdf,0.08360406405863026
sample_15332.pdf,0.9545595454836796
sample_14596.pdf,0.9991091834244418
sample_18528.pdf,0.9991120881225389
sample_17257.pdf,0.9994091647059555
sample_03641.pdf,0.03459969945852533
sample_17111.pdf,0.9498740494932941
sample_14008.pdf,0.9994111973343779
sample_18623.pdf,0.9728288303055105
sample_02074.pdf,0.09210447802008713
sample_14871.pdf,0.9994116532897056
sample_14365.pdf,0.9994197863509862
sample_03189.pdf,0.0016466040518616275
sample_12831.pdf,0.9990967315591089
sample_18693.pdf,0.999409508537522
sample_14267.pdf,0.999418592051989
sample_11130.pdf,0.7472536322446061
sample_19071.pdf,0.9994109692244576
sample_16138.pdf,0.9994111882116744
sample_12278.pdf,0.9991125064355773
sample_10179.pdf,0.2271643286345171
sample_18605.pdf,0.8225042208256412
sample_08413.pdf,0.06435864614674647
sample_01258.pdf,0.010434962604671505
sample_07183.pdf,0.05945120485019634
sample_17039.pdf,0.9545595454836796
sample_15748.pdf,0.999025523783696
sample_04860.pdf,0.003355973798905044
sample_07003.pdf,0.0008672405659438479
sample_12885.pdf,0.8225215438523353
sample_13827.pdf,0.9994092457793048
sample_07027.pdf,0.03583343203481316
sample_18702.pdf,0.988242780127702
sample_05048.pdf,0.00901466026121625
sample_13810.pdf,0.7639496950550909
sample_11663.pdf,0.928294568368846
sample_08939.pdf,0.16475971380348356
sample_11782.pdf,0.9991074327495241
sample_10987.pdf,0.9994091137025132
sample_16694.pdf,0.9994093542955982
sample_18770.pdf,0.9994095856434054
sample_11023.pdf,0.9994090509230121
sample_13971.pdf,0.9991070135248695
sample_05587.pdf,0.04006088585333922
sample_18934.pdf,0.7009359539039902
sample_13664.pdf,0.9994109366301256
sample_09668.pdf,0.911207088049156
sample_11128.pdf,0.9994111491127756
sample_12961.pdf,0.9994109548831732
sample_16297.pdf,0.9994096104719743
sample_15415.pdf,0.8225172901657838
sample_10199.pdf,0.9994092640846531
sample_06905.pdf,0.11641939232340139
sample_04469.pdf,0.0026280470089743817
sample_14094.pdf,0.8958378226562934
sample_10927.pdf,0.1520772174737861
sample_00924.pdf,0.00030896288613483264
sample_10277.pdf,0.822506948417386
sample_14595.pdf,0.8754829306373905
sample_06639.pdf,0.038357674308684406
sample_05672.pdf,0.032189393388118014
sample_09295.pdf,0.11053044038218786
sample_02962.pdf,0.008105724200429104
sample_11235.pdf,0.9994090666185116
sample_09119.pdf,0.0022796148907667933
sample_05753.pdf,0.09753564055301005
sample_15492.pdf,0.9994095438245129
sample_06455.pdf,0.030756752533926318
sample_10715.pdf,0.9994111139215507
sample_15796.pdf,0.9427787438510672
sample_13392.pdf,0.9994089632821587
sample_12048.pdf,0.9994114514101297
sample_07570.pdf,0.09751554245457816
sample_19040.pdf,0.9267959641864176
sample_07408.pdf,0.13174403917026703
sample_09187.pdf,0.017773990825849007
sample_12486.pdf,0.9991054774094187
sample_12771.pdf,0.9991081087292238
sample_06672.pdf,0.0010468874843623723
sample_06277.pdf,0.1032794638103849
sample_00929.pdf,0.1319531548576983
sample_19105.pdf,0.9079514389167881
sample_05646.pdf,0.012760956005394708
sample_17827.pdf,0.9994112116697697
sample_13328.pdf,0.9994197092905287
sample_02625.pdf,0.0010162238526489054
sample_10057.pdf,0.9991122104897797
sample_14994.pdf,0.9991075149681228
sample_10557.pdf,0.9994094052783101
sample_02892.pdf,0.06962473080152987
sample_10123.pdf,0.9994112820384583
sample_11302.pdf,0.9991060519186368
sample_00705.pdf,0.0687887601105005
sample_16488.pdf,0.9994089855206184
sample_16234.pdf,0.9994096470595442
sample_00370.pdf,0.18787400217548622
sample_10535.pdf,0.8225077473907644
sample_16668.pdf,0.9991071886796238
sample_02280.pdf,0.12037210006069192
sample_07571.pdf,0.0006756050815866456
sample_13895.pdf,0.9376444044415965
sample_04328.pdf,0.005045064812209556
sample_01793.pdf,0.033409387531904235
sample_13488.pdf,0.8224777723223086
sample_16184.pdf,0.9994094026639191
sample_15821.pdf,0.8103347521233699
sample_17916.pdf,0.9991122104897797
sample_12669.pdf,0.9991088633351516
sample_02022.pdf,0.0007094840583449793
sample_02244.pdf,0.13495110275970174
sample_00194.pdf,0.06527799357473824
sample_14986.pdf,0.9994190988678581
sample_12261.pdf,0.9994092575470938
sample_00312.pdf,0.030712666257597457
sample_17301.pdf,0.9994087578639594
sample_13048.pdf,0.9055573639228287
sample_00317.pdf,0.10793345215035349
sample_01762.pdf,0.10271144715730975
sample_17911.pdf,0.9994097450508131
sample_13574.pdf,0.9994090993161322
sample_11895.pdf,0.9994089946773884
sample_17881.pdf,0.9994113732446341
sample_01524.pdf,0.004026551637865762
sample_10071.pdf,0.9994095947908942
sample_12832.pdf,0.999419249284073
sample_14364.pdf,0.9994111582360837
sample_03113.pdf,0.06300314711209962
sample_02148.pdf,0.26543570825678076
sample_03840.pdf,0.000480010097631772
sample_09606.pdf,0.9994092902341686
sample_02687.pdf,0.029969094130993478
sample_12834.pdf,0.9991062432998931
sample_12738.pdf,0.9994090862373005
sample_17690.pdf,0.9994094980817132
sample_02530.pdf,0.0021192916990043355
sample_02052.pdf,0.00037567578846336617
sample_10551.pdf,0.9994091503208141
sample_14790.pdf,0.9994094301144504
sample_09132.pdf,0.08385334453020098
sample_11183.pdf,0.921430917966111
sample_05536.pdf,0.03074333872643153
sample_02823.pdf,0.001069780142265827
sample_16438.pdf,0.9991124380522859
sample_11901.pdf,0.9879833085792914
sample_02818.pdf,0.003778050226408015
sample_06343.pdf,0.13492078518002618
sample_03486.pdf,0.11987975754663908
sample_12031.pdf,0.8224918768374043
sample_18898.pdf,0.9991060120398775
sample_15092.pdf,0.8960837654353232
sample_11729.pdf,0.9990775524770751
sample_02718.pdf,0.13280632858505637
sample_16988.pdf,0.5239503059429306
sample_16822.pdf,0.9994093176899163
sample_03240.pdf,0.015278492632083347
sample_11146.pdf,0.9991078424046295
sample_13507.pdf,0.9991076316461539
sample_01522.pdf,0.0015545577028691188
sample_06236.pdf,0.1284590719092905
sample_07833.pdf,0.03502813677783457
sample_00850.pdf,0.00015836317483169642
sample_14697.pdf,0.9991069684009775
sample_09256.pdf,0.13593847390272257
sample_12646.pdf,0.3124405306547697
sample_11652.pdf,0.9994112403395081
sample_11025.pdf,0.9994106040650811
sample_18930.pdf,0.9994109744393835
sample_19167.pdf,0.16448436913866143
sample_06038.pdf,0.009371199689896564
sample_09881.pdf,0.9994186795542542
sample_12136.pdf,0.9994144827242654
sample_00969.pdf,0.09638106182192024
sample_03605.pdf,0.13684102164502907
sample_06946.pdf,0.0004975198467169019
sample_08045.pdf,0.004646263382748349
sample_14124.pdf,0.8824396350852727
sample_05785.pdf,0.0010271733404958623
sample_07996.pdf,0.07233865700844946
sample_11541.pdf,0.8225179194361797
sample_07757.pdf,0.17331915647266474
sample_05224.pdf,0.00015748663045286675
sample_01155.pdf,0.1306513842693127
sample_12289.pdf,0.6357673700077338
sample_08661.pdf,0.13003294973852075
sample_11054.pdf,0.624909698958699
sample_01822.pdf,0.00034860808905098467
sample_10706.pdf,0.999409283696898
sample_02840.pdf,0.12831679611871477
sample_02972.pdf,0.011660242746560407
sample_16140.pdf,0.9994107801522681
sample_04309.pdf,0.0390839029138892
sample_03727.pdf,0.0021589697872896117
sample_05871.pdf,0.023887071931681488
sample_16670.pdf,0.9991091384635515
sample_18860.pdf,0.7009441113920728
sample_08041.pdf,0.06428151308189022
sample_14702.pdf,0.7257572758003731
sample_11665.pdf,0.9994189458405328
sample_16856.pdf,0.8224719022474605
sample_06778.pdf,0.09001964464952655
sample_18555.pdf,0.6110405885835304
sample_05184.pdf,0.0010086626966248843
sample_05127.pdf,0.0006435582633750845
sample_12583.pdf,0.9994107684147563
sample_17961.pdf,0.9297308359724502
sample_00572.pdf,0.023761980978433822
sample_07115.pdf,0.018395903325453145
sample_18149.pdf,0.9994093281489137
sample_10338.pdf,0.9994096771119262
sample_16340.pdf,0.9994107240709384
sample_10477.pdf,0.9990675700980649
sample_04264.pdf,0.04018346233302284
sample_02455.pdf,0.0010804672531309093
sample_07776.pdf,0.22466291664048252
sample_01765.pdf,0.047304676733474306
sample_02584.pdf,0.006571229209385003
sample_13599.pdf,0.9991121104926223
sample_17950.pdf,0.9357908375129199
sample_16081.pdf,0.8089444722020055
sample_13590.pdf,0.822518886978823
sample_12098.pdf,0.9991119775756762
sample_01090.pdf,0.1162454210614789
sample_05231.pdf,0.007623573011570472
sample_02591.pdf,0.033878240053440346
sample_06738.pdf,0.010716851110152336
sample_08793.pdf,0.042702440341169136
sample_15774.pdf,0.999409283696898
sample_16256.pdf,0.9991060904655916
sample_11581.pdf,0.9991127509730507
sample_14418.pdf,0.9994113641246513
sample_11509.pdf,0.7009359539039902
sample_06415.pdf,0.024098247275982764
sample_17850.pdf,0.4223711920642399
sample_06768.pdf,0.004181208804701697
sample_07657.pdf,0.005356133425060376
sample_17284.pdf,0.9994107540685914
sample_03936.pdf,0.016054050283276368
sample_01409.pdf,0.06156661692388269
sample_03374.pdf,0.0032950648335369087
sample_08955.pdf,0.024310773461738943
sample_15876.pdf,0.9994191258685037
sample_13223.pdf,0.36855477899888217
sample_16764.pdf,0.9994116571963702
sample_17691.pdf,0.9990235995048985
sample_14609.pdf,0.9994092666996567
sample_11170.pdf,0.7738504085777776
sample_07911.pdf,0.08949785743747597
sample_13974.pdf,0.9994093660612293
sample_16800.pdf,0.8224816155890681
sample_04397.pdf,0.0038006138868558292
sample_10096.pdf,0.9994113641246513
sample_11071.pdf,0.5108388789140133
sample_07684.pdf,0.013991560344596123
sample_02055.pdf,0.0007864827378115379
sample_03737.pdf,0.00030241977694959104
sample_07114.pdf,0.0007571527823471081
sample_10871.pdf,0.9994091372431096
sample_11460.pdf,0.988194418148365
sample_10116.pdf,0.8225137509521016
sample_03531.pdf,0.0074281065396796684
sample_04622.pdf,0.4225861089791845
sample_04445.pdf,0.026992549324717913
sample_14584.pdf,0.9990184293473918
sample_15823.pdf,0.9991076608121174
sample_18153.pdf,0.8225156244946733
sample_09575.pdf,0.999105831223015
sample_00216.pdf,0.0847293560031213
sample_03637.pdf,0.00015917048783274573
sample_02739.pdf,0.10009938416532312
sample_09930.pdf,0.9990988713474126
sample_05671.pdf,0.08942773478447802
sample_01008.pdf,0.001056766067838247
sample_14613.pdf,0.8224835354436718
sample_14300.pdf,0.5529029015665136
sample_15873.pdf,0.9091756041134742
sample_02204.pdf,0.00024918116978823004
sample_05100.pdf,0.09100182232955732
sample_12407.pdf,0.999106447904151
sample_18461.pdf,0.9994112207921103
sample_16854.pdf,0.999409283696898
sample_09830.pdf,0.9991126681570961
sample_17932.pdf,0.9994109913875749
sample_01654.pdf,0.001292127849278612
sample_15025.pdf,0.9994090600787707
sample_04070.pdf,0.32902960647718943
sample_10821.pdf,0.9991121012815132
sample_10436.pdf,0.8916022757586548
sample_15499.pdf,0.9994191412968817
sample_18681.pdf,0.999109134496252
sample_05605.pdf,0.0009492625197628312
sample_09505.pdf,0.9994111517194494
sample_14877.pdf,0.9994090443830977
sample_03984.pdf,0.00023836431020770246
sample_05487.pdf,0.0006551800213606232
sample_03697.pdf,0.0006458295421258802
sample_11144.pdf,0.9991062339980455
sample_15871.pdf,0.9994110291933246
sample_14553.pdf,0.9994116116170048
sample_06198.pdf,0.00042159123999851045
sample_07006.pdf,0.1489676058129183
sample_13373.pdf,0.9994101185751996
sample_11371.pdf,0.999412097181486
sample_03829.pdf,0.0061239275161121196
sample_13572.pdf,0.9994093673685073
sample_11476.pdf,0.999409274544598
sample_02385.pdf,0.058076083198403516
sample_00717.pdf,0.015075569499720103
sample_15087.pdf,0.9994095385969431
sample_19293.pdf,0.9991121341776769
sample_13369.pdf,0.999410709723696
sample_06252.pdf,0.0001728950177422935
sample_02427.pdf,0.0021091491031914765
sample_13137.pdf,0.8539075355511135
sample_12790.pdf,0.9994095621206421
sample_01086.pdf,0.002462016312843104
sample_16941.pdf,0.9994094052783101
sample_11479.pdf,0.9994185161202531
sample_18074.pdf,0.9990254469165198
sample_12099.pdf,0.9991070692614684
sample_09084.pdf,0.09215201563942206
sample_08159.pdf,0.0006586154059827218
sample_09647.pdf,0.999107986844087
sample_05173.pdf,0.02408638575773599
sample_12513.pdf,0.9994092706221404
sample_16924.pdf,0.700937017881699
sample_15601.pdf,0.9994111399893263
sample_16313.pdf,0.8625993121481486
sample_15977.pdf,0.9994109470605076
sample_06491.pdf,0.08420527516763267
sample_06032.pdf,0.1289685902688342
sample_08954.pdf,0.0004263638589095454
sample_01121.pdf,0.0005758130937968592
sample_11772.pdf,0.9994121479278589
sample_10999.pdf,0.9994096352995007
sample_13409.pdf,0.9991122091741366
sample_06351.pdf,0.007467123155910821
sample_04146.pdf,0.0005424879490278658
sample_16026.pdf,0.9994111139215507
sample_03868.pdf,0.0002623693697459361
sample_18381.pdf,0.9994190384333019
sample_10486.pdf,0.8225214979877116
sample_06260.pdf,0.007468704175616222
sample_07052.pdf,0.03217455839351868
sample_10809.pdf,0.9994110500506324
sample_05967.pdf,0.12978900203437127
sample_13477.pdf,0.999105747443848
sample_08790.pdf,0.0017420865944569295
sample_07191.pdf,0.009781582928850101
sample_10168.pdf,0.9042495246044209
sample_03900.pdf,0.05030282080082029
sample_16530.pdf,0.9990208948792767
sample_06796.pdf,0.002215767428161979
sample_04125.pdf,0.1410750962770753
sample_15467.pdf,0.9990192237808168
sample_02282.pdf,0.0022631816009033323
sample_11456.pdf,0.9994089057199135
sample_09148.pdf,0.0025921949995421074
sample_10778.pdf,0.7009398552178873
sample_12992.pdf,0.9991069312375799
sample_05704.pdf,0.0010039297328740156
sample_05056.pdf,0.0002564991734014756
sample_10594.pdf,0.9994096065517432
sample_01669.pdf,0.0006829328746757014
sample_18391.pdf,0.9994117743842695
sample_10440.pdf,0.9994093503736692
sample_09300.pdf,0.9991067374197566
sample_08433.pdf,0.01341889278368555
sample_04550.pdf,0.05213661622117261
sample_04876.pdf,0.11861632257443773
sample_09398.pdf,0.9991065103344442
sample_05527.pdf,0.00016487677897239773
sample_13512.pdf,0.9991087389567926
sample_00660.pdf,0.029445024538598607
sample_08267.pdf,0.032869732546760184
sample_18754.pdf,0.9991090829189654
sample_04245.pdf,0.023708948670262613
sample_04027.pdf,0.1333748791616112
sample_00887.pdf,0.009179600501500138
sample_09087.pdf,0.002560278852678802
sample_10188.pdf,0.9994090339190848
sample_00285.pdf,0.0021107555271770184
sample_16309.pdf,0.9994109196803613
sample_17457.pdf,0.9994092575470938
sample_11989.pdf,0.9994191554392019
sample_18686.pdf,0.7009380818721507
sample_15207.pdf,0.9994105688413404
sample_07600.pdf,0.09429564069769475
sample_17131.pdf,0.9994192377149754
sample_14519.pdf,0.9991069365467774
sample_03918.pdf,0.0003716067170007379
sample_19107.pdf,0.8225086203939255
sample_11681.pdf,0.9994112051537257
sample_11643.pdf,0.9994096130854472
sample_17741.pdf,0.9994109040339931
sample_16689.pdf,0.9994091267807378
sample_16710.pdf,0.9991061303391531
sample_16625.pdf,0.9991125879592344
sample_06336.pdf,0.00195199109337136
sample_13489.pdf,0.9994190975820819
sample_16176.pdf,0.9994094771695409
sample_06012.pdf,0.03441706502092879
sample_08356.pdf,0.0010835506757629532
sample_17374.pdf,0.9991056769539296
sample_14652.pdf,0.8225218673618192
sample_06293.pdf,0.004833449151532246
sample_13942.pdf,0.999105831223015
sample_02380.pdf,0.0004973751520506675
sample_12187.pdf,0.4809670735717136
sample_11822.pdf,0.999410917072662
sample_05394.pdf,0.005596628734631401
sample_17150.pdf,0.9994091934751893
sample_03805.pdf,0.0006675413219658714
sample_11990.pdf,0.9991061874866493
sample_06849.pdf,0.0012796333829493565
sample_17050.pdf,0.9991078278262381
sample_15233.pdf,0.9060771428021178
sample_00576.pdf,0.0008560817782206679
sample_01538.pdf,0.05473234268803412
sample_10068.pdf,0.9991058551577781
sample_18359.pdf,0.9994093621393784
sample_03509.pdf,0.05585667623374339
sample_05189.pdf,0.0019324125993179873
sample_02431.pdf,0.00800689312617416
sample_11356.pdf,0.9994090940846343
sample_09871.pdf,0.9994109509718534
sample_06582.pdf,0.008358106082892483
sample_11868.pdf,0.9994112546738548
sample_11192.pdf,0.9991123617693457
sample_10698.pdf,0.9458579764375736
sample_18543.pdf,0.9991070228146617
sample_08936.pdf,0.033147152477834514
sample_16040.pdf,0.9991122644286428
sample_17478.pdf,0.9991069830002545
sample_01463.pdf,0.12306041253935257
sample_18684.pdf,0.7258042774240238
sample_02740.pdf,0.05056881380568465
sample_06763.pdf,0.005104869630357016
sample_17058.pdf,0.9994190898673646
sample_06945.pdf,0.030296386362304913
sample_03518.pdf,0.0008553448705399352
sample_16400.pdf,0.9994091254729284
sample_04854.pdf,0.0021613143330934653
sample_16503.pdf,0.9990212604600051
sample_06601.pdf,0.11471416129551017
sample_00162.pdf,0.08747719378384183
sample_11842.pdf,0.919846076636535
sample_18662.pdf,0.9991046665791146
sample_16788.pdf,0.9994198287298834
sample_00516.pdf,0.00032928453977187417
sample_18265.pdf,0.808953931611788
sample_15069.pdf,0.9991090868866067
sample_13107.pdf,0.9991051753062726
sample_16291.pdf,0.8541352348697089
sample_02444.pdf,0.0015524131157162344
sample_02011.pdf,0.0036608917196600736
sample_09201.pdf,0.004618092097814926
sample_14581.pdf,0.9994108988184448
sample_16360.pdf,0.9994107971060399
sample_16255.pdf,0.9994112155793614
sample_19127.pdf,0.9994092170126133
sample_14054.pdf,0.8224708438410865
sample_17822.pdf,0.9991123407240557
sample_05237.pdf,0.012146445531671615
sample_18271.pdf,0.99940918693685
sample_00449.pdf,0.011400320604573605
sample_09879.pdf,0.9994090391511143
sample_00768.pdf,0.09490615215250252
sample_07726.pdf,0.0030076677702200847
sample_05111.pdf,0.006716064908291766
sample_01238.pdf,0.0003343282347912089
sample_07766.pdf,0.001039649788132433
sample_05094.pdf,0.0020835507099731484
sample_18602.pdf,0.9994113693360873
sample_06173.pdf,0.05119620448446144
sample_17102.pdf,0.9994181659340429
sample_12785.pdf,0.9994112872506199
sample_13226.pdf,0.9994096209257965
sample_04606.pdf,0.03407113024312936
sample_09055.pdf,0.010309233121995926
sample_05469.pdf,0.01608501264409833
sample_14420.pdf,0.9994114644367049
sample_15283.pdf,0.9991123302011317
sample_13381.pdf,0.9994092902341686
sample_04427.pdf,0.10612544786177976
sample_11051.pdf,0.9994095934841187
sample_09811.pdf,0.999409333378343
sample_01705.pdf,0.0011196743220195364
sample_04347.pdf,0.0005981356209915134
sample_11158.pdf,0.8095134882100737
sample_06398.pdf,0.0011119492414929449
sample_14353.pdf,0.9994096156989084
sample_10495.pdf,0.9991059655113177
sample_01839.pdf,0.006060921391919134
sample_05425.pdf,0.05678867257083999
sample_08173.pdf,0.012260556155394136
sample_00852.pdf,0.08750192287822404
sample_16543.pdf,0.9994097855491284
sample_02453.pdf,0.06182849912025837
sample_04761.pdf,0.0754084428801426
sample_08841.pdf,0.059894082441581946
sample_18924.pdf,0.9994185212684802
sample_14792.pdf,0.9994093830556169
sample_13249.pdf,0.9994110435328029
sample_16548.pdf,0.9994115933842714
sample_19237.pdf,0.9994090653105691
sample_11670.pdf,0.9507695219306637
sample_09284.pdf,0.009968053155809535
sample_01387.pdf,0.0022797804949600824
sample_02954.pdf,0.0007578759858496139
sample_03924.pdf,0.16149472335512158
sample_07301.pdf,0.012529220327071789
sample_07802.pdf,0.02127855118127148
sample_15773.pdf,0.9994092379339822
sample_18040.pdf,0.9994092026287432
sample_17792.pdf,0.9994109966023051
sample_06961.pdf,0.14883785299113583
sample_07083.pdf,0.004236825043264509
sample_18720.pdf,0.9728495832058853
sample_12678.pdf,0.6226900773477807
sample_04389.pdf,0.12809879787019443
sample_03339.pdf,0.04131308670179317
sample_12847.pdf,0.8225170040812079
sample_11639.pdf,0.9994093399150646
sample_15755.pdf,0.9092660024763104
sample_01485.pdf,0.12393485047215712
sample_14567.pdf,0.9994094732484263
sample_18142.pdf,0.9991126326610152
sample_15735.pdf,0.822518984232491
sample_09994.pdf,0.8224801240093345
sample_14545.pdf,0.9994091110868335
sample_09665.pdf,0.999411344581356
sample_08574.pdf,0.9454708371262149
sample_02845.pdf,0.0002494642863556952
sample_08641.pdf,0.0026386642902520405
sample_12003.pdf,0.8827983116820984
sample_04498.pdf,0.01141569114344268
sample_08323.pdf,0.021012625822000062
sample_16019.pdf,0.999410729288031
sample_14156.pdf,0.999419109153966
sample_08107.pdf,0.0012811272204817977
sample_16973.pdf,0.9728599404882621
sample_12056.pdf,0.996580658130693
sample_09434.pdf,0.9994109444529294
sample_16865.pdf,0.999408901795011
sample_12381.pdf,0.9991060864780902
sample_14626.pdf,0.8417802406236662
sample_19212.pdf,0.914294415637051
sample_06386.pdf,0.2741635022016277
sample_05088.pdf,0.0025893809770328605
sample_02864.pdf,0.000187423760584004
sample_05196.pdf,0.00015755714635864085
sample_13805.pdf,0.999410716245213
sample_00483.pdf,0.000597413473025496
sample_17433.pdf,0.999414870092617
sample_01301.pdf,0.1057452643656701
sample_11052.pdf,0.999418914973003
sample_13702.pdf,0.9994115204476987
sample_11334.pdf,0.9994094876257194
sample_14384.pdf,0.9994186049207938
sample_11762.pdf,0.9994108818675945
sample_00937.pdf,0.00015811929367425738
sample_14782.pdf,0.9994095477451596
sample_03953.pdf,0.0001575545737217126
sample_02666.pdf,0.00015762530247488192
sample_03808.pdf,0.008377519285584977
sample_01247.pdf,0.03558045533912158
sample_11095.pdf,0.9994094431856843
sample_11212.pdf,0.9991059548757132
sample_06542.pdf,0.08143340231414498
sample_13497.pdf,0.9994109757431078
sample_17965.pdf,0.9991062459575374
sample_01947.pdf,0.0025632008318766434
sample_00130.pdf,0.4727001048886202
sample_09934.pdf,0.9994090522309863
sample_16532.pdf,0.8764220146630155
sample_10443.pdf,0.9991117432537995
sample_15376.pdf,0.8976543708149572
sample_12704.pdf,0.9991058006383214
sample_11276.pdf,0.9991064253213847
sample_00670.pdf,0.004642703842313824
sample_02490.pdf,0.0014928617996599718
sample_01649.pdf,0.023295422760334795
sample_03547.pdf,0.12884499647086994
sample_11119.pdf,0.17621258844305196
sample_06589.pdf,0.024657900241281176
sample_14685.pdf,0.9991053842660143
sample_00002.pdf,0.04907170036329217
sample_08686.pdf,0.028551728233292606
sample_14186.pdf,0.999107895413975
sample_00877.pdf,0.11327172903969525
sample_13930.pdf,0.999410917072662
sample_12435.pdf,0.999411072210714
sample_16605.pdf,0.9994110461399432
sample_15696.pdf,0.9994090417671119
sample_04730.pdf,0.000917278668572807
sample_06084.pdf,0.01824421401551253
sample_08592.pdf,0.0021057052816867497
sample_15465.pdf,0.3207896386281072
sample_07817.pdf,0.23932099285050076
sample_16600.pdf,0.9991059096722966
sample_10110.pdf,0.9994191425825614
sample_04548.pdf,0.004730584273117916
sample_15501.pdf,0.9994094536424635
sample_02682.pdf,0.2262585486138674
sample_01133.pdf,0.0894026656811706
sample_09237.pdf,0.02689316934184317
sample_18145.pdf,0.9994113159166846
sample_18594.pdf,0.92211456918117
sample_16987.pdf,0.999409295463933
sample_00646.pdf,0.04069137203821343
sample_03049.pdf,0.0043896176501274945
sample_01847.pdf,0.11337483758179379
sample_04200.pdf,0.03289343671922313
sample_12051.pdf,0.8805219362464696
sample_15865.pdf,0.9991064412622489
sample_18803.pdf,0.9991077125119325
sample_08789.pdf,0.11710057242182627
sample_05512.pdf,0.10694735038652588
sample_13529.pdf,0.9991120367997612
sample_16153.pdf,0.9991082623751764
sample_04574.pdf,0.0004677112842224867
sample_06515.pdf,0.11910463097205203
sample_03680.pdf,0.00499373972059713
sample_06642.pdf,0.006697928738518879
sample_16737.pdf,0.9991076806971888
sample_03158.pdf,0.00017136129778605783
sample_10956.pdf,0.9994085065550218
sample_17444.pdf,0.9994109809579763
sample_13298.pdf,0.4046756030460034
sample_08654.pdf,0.13277744169302202
sample_18276.pdf,0.499716773063795
sample_03404.pdf,0.010029153965211151
sample_10800.pdf,0.8225102779701531
sample_14541.pdf,0.7242983603152414
sample_16182.pdf,0.9994114683446215
sample_12764.pdf,0.38986531673995545
sample_17933.pdf,0.9991058006383214
sample_18302.pdf,0.9991075693323005
sample_09857.pdf,0.9991121486514135
sample_04870.pdf,0.1333140927278008
sample_09652.pdf,0.8690410984515852
sample_14454.pdf,0.9994090705423213
sample_05537.pdf,0.03380797837154323
sample_08259.pdf,0.003806915445802767
sample_01750.pdf,0.09336972337015641
sample_03511.pdf,0.030712880901710038
sample_17823.pdf,0.9994091503208141
sample_08033.pdf,0.1418923088820298
sample_10479.pdf,0.9994112650986154
sample_17507.pdf,0.999410926199559
sample_11412.pdf,0.9991057274947085
sample_12931.pdf,0.9994091568595581
sample_14023.pdf,0.9991054827314639
sample_07334.pdf,0.0018240694688236075
sample_02977.pdf,0.0040054168685896155
sample_12806.pdf,0.9994191528678966
sample_12762.pdf,0.968533210672517
sample_16227.pdf,0.9994109653132327
sample_09531.pdf,0.9994093948206761
sample_10912.pdf,0.8981675771300998
sample_07063.pdf,0.00015964996051569074
sample_15003.pdf,0.9991057102049196
sample_00095.pdf,0.13040408166224424
sample_10701.pdf,0.9994107266794905
sample_05778.pdf,0.0005708516929877975
sample_10407.pdf,0.9990195324799379
sample_03920.pdf,0.05238185908200307
sample_04655.pdf,0.12798866559635283
sample_03596.pdf,0.001490314991386855
sample_15494.pdf,0.9994110709072027
sample_10911.pdf,0.9991064824408591
sample_06230.pdf,0.0015409929133950748
sample_15227.pdf,0.9991076342976637
sample_14687.pdf,0.9994094693272858
sample_10711.pdf,0.9991085192468083
sample_11394.pdf,0.8225154282283563
sample_07487.pdf,0.09418705646422804
sample_11829.pdf,0.9121015105678301
sample_11085.pdf,0.9994093242268113
sample_11277.pdf,0.999410759285419
sample_10447.pdf,0.9991126234579819
sample_11648.pdf,0.9994108988184448
sample_17939.pdf,0.9728428968921881
sample_18514.pdf,0.9994181620705215
sample_08233.pdf,0.06369917781584462
sample_18516.pdf,0.9235294500595482
sample_08836.pdf,0.10441328472491192
sample_19004.pdf,0.8225215074619956
sample_06658.pdf,0.03988368620875205
sample_01636.pdf,0.14786028564466056
sample_16714.pdf,0.9994111530227822
sample_15805.pdf,0.20551441706814144
sample_18189.pdf,0.700937727207251
sample_10002.pdf,0.999024967431749
sample_10721.pdf,0.9538394784757434
sample_18254.pdf,0.809406778543189
sample_04541.pdf,0.09424718270724092
sample_03610.pdf,0.006966209030238801
sample_15097.pdf,0.9994090953925131
sample_17441.pdf,0.9994086466205493
sample_03582.pdf,0.02023219792665105
sample_05544.pdf,0.1184733180663467
sample_14948.pdf,0.9991131031407036
sample_01337.pdf,0.09399575883876078
sample_01020.pdf,0.0002671194495006308
sample_07313.pdf,0.10032028213036352
sample_00003.pdf,0.13092862919302445
sample_13115.pdf,0.9994110878526233
sample_00515.pdf,0.08951915936022108
sample_04981.pdf,0.0007487334940931931
sample_02377.pdf,0.0970940283683281
sample_07356.pdf,0.00024540477443350524
sample_01134.pdf,0.002626665557344214
sample_09060.pdf,0.0004619182506002332
sample_02430.pdf,0.3081523795206715
sample_17324.pdf,0.9994091293963482
sample_15816.pdf,0.9994109183765132
sample_03472.pdf,0.1392866457125691
sample_03977.pdf,0.014085800778809901
sample_10063.pdf,0.9994096614326131
sample_03653.pdf,0.0006486982730411804
sample_17951.pdf,0.9994110109425755
sample_07554.pdf,0.13033558022130468
sample_18549.pdf,0.9994112207921103
sample_08011.pdf,0.0777080197318004
sample_09281.pdf,0.028770280661381348
sample_06480.pdf,0.13329475774694421
sample_03436.pdf,0.005727464375247906
sample_09418.pdf,0.9994113094017923
sample_13321.pdf,0.9994198338665093
sample_14448.pdf,0.8225144934515694
sample_17682.pdf,0.9991127549163802
sample_09050.pdf,0.04233823318260633
sample_07976.pdf,0.24755982261778162
sample_08764.pdf,0.019540343442602283
sample_00353.pdf,0.021574044547553947
sample_10339.pdf,0.999411003120653
sample_06895.pdf,0.061798889350986014
sample_13404.pdf,0.9990204456009656
sample_16277.pdf,0.999409334685693
sample_05980.pdf,0.022872055057568137
sample_18919.pdf,0.999410960098226
sample_14128.pdf,0.9994185174073141
sample_05542.pdf,0.0010963369940631968
sample_05257.pdf,0.03436276874544395
sample_08335.pdf,0.1326892875455265
sample_14221.pdf,0.9994097372121091
sample_03390.pdf,0.0013350427932760603
sample_07321.pdf,0.00019666574942185712
sample_13597.pdf,0.9991070971278285
sample_03926.pdf,0.10750050093646901
sample_18332.pdf,0.999108374935577
sample_09704.pdf,0.999409295463933
sample_14396.pdf,0.9991061516039719
sample_08539.pdf,0.007590346461786578
sample_15691.pdf,0.9994094222715715
sample_07281.pdf,0.0018442896309365335
sample_18407.pdf,0.3716118385539951
sample_08667.pdf,0.009186556665648557
sample_12151.pdf,0.9994096091652335
sample_09935.pdf,0.9807287833681674
sample_13460.pdf,0.8225075639295256
sample_16505.pdf,0.9991077973430021
sample_10555.pdf,0.9990192374699163
sample_00786.pdf,0.05520354238582434
sample_08524.pdf,0.04040951785423747
sample_17561.pdf,0.9994110109425755
sample_07800.pdf,0.0023787036812001347
sample_12974.pdf,0.9994108140593246
sample_18826.pdf,0.9994090417671119
sample_07985.pdf,0.1279902075996827
sample_11609.pdf,0.8801121261275432
sample_10689.pdf,0.5151598964430354
sample_15099.pdf,0.9994112116697697
sample_18782.pdf,0.9991060904655916
sample_14191.pdf,0.9728513352698718
sample_00131.pdf,0.14185978633250787
sample_14563.pdf,0.8225119792047019
sample_07369.pdf,0.015966821263272032
sample_05926.pdf,0.0011377446877206578
sample_02024.pdf,0.00192049477571662
sample_18498.pdf,0.9994100193399967
sample_19051.pdf,0.9991122775837219
sample_06679.pdf,0.08706846083412888
sample_18061.pdf,0.9991061874866493
sample_15128.pdf,0.9074110201497931
sample_13268.pdf,0.8225170049633254
sample_18425.pdf,0.9994089894449658
sample_15610.pdf,0.9991123828138918
sample_06035.pdf,0.0007583794951737297
sample_19249.pdf,0.8225147574485817
sample_04800.pdf,0.1505280358343271
sample_08787.pdf,0.00036342879534291924
sample_06694.pdf,0.00015740788084593957
sample_07989.pdf,0.030871242757260758
sample_17136.pdf,0.9991056543422075
sample_11590.pdf,0.9994113289462535
sample_12501.pdf,0.9923492256416769
sample_00693.pdf,0.09630269232551149
sample_09590.pdf,0.9991123683458462
sample_05105.pdf,0.10508079036377045
sample_10095.pdf,0.9994197850667289
sample_08302.pdf,0.2015071812286593
sample_07578.pdf,0.13122080209263107
sample_12932.pdf,0.8225042437491176
sample_02835.pdf,0.03305697072375648
sample_12603.pdf,0.999409271929629
sample_13294.pdf,0.9994108518764361
sample_15525.pdf,0.519580507028567
sample_06481.pdf,0.09998815834857942
sample_08420.pdf,0.01118278283405584
sample_10919.pdf,0.9994098417196188
sample_16534.pdf,0.9991124170096924
sample_01151.pdf,0.003821696776414163
sample_08083.pdf,0.010904892734732148
sample_03068.pdf,0.0013471300835839316
sample_14803.pdf,0.822505731297646
sample_00833.pdf,0.06648723361884805
sample_12815.pdf,0.9991086357296067
sample_10270.pdf,0.8706208666778759
sample_16962.pdf,0.9994091882445235
sample_02004.pdf,0.007023871536192998
sample_13433.pdf,0.9994113341580003
sample_06698.pdf,0.10815285252341807
sample_08832.pdf,0.00044291204852559826
sample_08054.pdf,0.0029533460785400034
sample_11467.pdf,0.9139012968454642
sample_11664.pdf,0.9994111256521924
sample_08639.pdf,0.0012819305345683617
sample_06133.pdf,0.017921946605499266
sample_13648.pdf,0.7759627633744097
sample_11366.pdf,0.9994191502965798
sample_10606.pdf,0.8225327852429629
sample_07404.pdf,0.024424016741094356
sample_00006.pdf,0.008615220293217913
sample_00311.pdf,0.08707234149449804
sample_03869.pdf,0.0011983983026511871
sample_05944.pdf,0.09084239595966541
sample_14949.pdf,0.9991109013049897
sample_06615.pdf,0.0024351593669618816
sample_07246.pdf,0.1118375305614005
sample_01297.pdf,0.00365176649663833
sample_05422.pdf,0.034907476209299744
sample_05204.pdf,0.014631456362615933
sample_04024.pdf,0.1398903680770676
sample_11614.pdf,0.9994089946773884
sample_19215.pdf,0.9991081391966373
sample_15892.pdf,0.8225152955511486
sample_15872.pdf,0.7009363085618107
sample_18775.pdf,0.9994094654061191
sample_17412.pdf,0.9994090417671119
sample_02529.pdf,0.03758479385272571
sample_07158.pdf,0.0006421075506335841
sample_17532.pdf,0.999107912641004
sample_18000.pdf,0.9994106640710588
sample_10216.pdf,0.9994092353188515
sample_08673.pdf,0.00017502905021271584
sample_03973.pdf,0.09619563636116805
sample_14560.pdf,0.999107980219185
sample_11078.pdf,0.999409449721193
sample_05597.pdf,0.14751116103529585
sample_16846.pdf,0.9991082120472182
sample_07091.pdf,0.008035695805239803
sample_03504.pdf,0.04197654924499623
sample_03695.pdf,0.01674078331498998
sample_17371.pdf,0.8225160664837116
sample_02637.pdf,0.0007762942519550805
sample_01959.pdf,0.008472115716237615
sample_16175.pdf,0.9991060851489171
sample_16862.pdf,0.9994110018169892
sample_08738.pdf,0.000290578288541611
sample_10792.pdf,0.9991047931351432
sample_02298.pdf,0.013977486374384557
sample_07284.pdf,0.027119209273678415
sample_10538.pdf,0.7152575268504711
sample_01763.pdf,0.022969494926129156
sample_00363.pdf,0.13445449628389658
sample_02428.pdf,0.007711444607269225
sample_05752.pdf,0.001564067770737004
sample_00445.pdf,0.07118560560794764
sample_17815.pdf,0.8225099393408488
sample_09275.pdf,0.022043570171062832
sample_13039.pdf,0.9994109848690974
sample_15729.pdf,0.99910611173182
sample_10181.pdf,0.999410694071761
sample_12535.pdf,0.9894199127327572
sample_13035.pdf,0.9994090901609805
sample_06472.pdf,0.019777471051808885
sample_13453.pdf,0.9994089658984914
sample_18464.pdf,0.5198861657880428
sample_18059.pdf,0.9991053629740706
sample_04482.pdf,0.04442196612600293
sample_17358.pdf,0.9991075136421058
sample_13230.pdf,0.8224999318452849
sample_14906.pdf,0.9994093895917898
sample_12135.pdf,0.8225021641175854
sample_03666.pdf,0.006658539248728641
sample_04912.pdf,0.0014363583564318669
sample_10510.pdf,0.4928211047484717
sample_09528.pdf,0.8789128215290803
sample_13054.pdf,0.9991061383135481
sample_18850.pdf,0.9881266385658188
sample_09619.pdf,0.9994095346762357
sample_12878.pdf,0.9994092902341686
sample_01675.pdf,0.0002758371670033509
sample_06771.pdf,0.0032565271559339276
sample_15987.pdf,0.9893674696070964
sample_07124.pdf,0.11881600210305134
sample_17319.pdf,0.9994166004021473
sample_08183.pdf,0.014729851007065397
sample_09973.pdf,0.6635241215457719
sample_18927.pdf,0.9994197683711267
sample_04391.pdf,0.005266660896473323
sample_15870.pdf,0.9991065687739503
sample_05779.pdf,0.11973562253577662
sample_14733.pdf,0.9994109705281934
sample_14269.pdf,0.8224745247797572
sample_16783.pdf,0.9994113458842625
sample_15772.pdf,0.9991076820228368
sample_05206.pdf,0.0737734663771487
sample_02644.pdf,0.0082125276013443
sample_19027.pdf,0.8225037815759947
sample_01005.pdf,0.0012024766250461826
sample_18025.pdf,0.8902312040292769
sample_04704.pdf,0.0022246455367549395
sample_11902.pdf,0.9994167772828311
sample_11830.pdf,0.9994111829986375
sample_01642.pdf,0.010327433811768998
sample_05259.pdf,0.06079229919537593
sample_08195.pdf,0.03326836629212862
sample_13941.pdf,0.9994096392195412
sample_14653.pdf,0.8225157048118202
sample_13366.pdf,0.9994092104745338
sample_03901.pdf,0.1374949222702758
sample_03715.pdf,0.0006388521575193313
sample_14935.pdf,0.9994092653921564
sample_04145.pdf,0.0010357273089209773
sample_16964.pdf,0.9991068290263821
sample_05515.pdf,0.013491746868329735
sample_16747.pdf,0.9994095856434054
sample_07495.pdf,0.0023295722475199813
sample_13016.pdf,0.9991116207905454
sample_06106.pdf,0.017103867518360367
sample_14694.pdf,0.9994088965617675
sample_13400.pdf,0.9994090391511143
sample_14486.pdf,0.9991084411377041
sample_12470.pdf,0.9991078477057748
sample_12821.pdf,0.9991078821620779
sample_11866.pdf,0.9994113289462535
sample_01267.pdf,0.0113395672121683
sample_06675.pdf,0.002684847963214178
sample_05714.pdf,0.002742672472853862
sample_06266.pdf,0.011028615887520798
sample_10449.pdf,0.9991057022248494
sample_13985.pdf,0.999409239241543
sample_10250.pdf,0.9994113641246513
sample_04531.pdf,0.03690691822440847
sample_01410.pdf,0.008451246645952757
sample_11406.pdf,0.9991074897732974
sample_05454.pdf,0.16186571090696797
sample_00149.pdf,0.014281532240053449
sample_14290.pdf,0.9991056490216788
sample_09387.pdf,0.9872708270432852
sample_04793.pdf,0.0014328962528617724
sample_14549.pdf,0.9994112611893519
sample_03944.pdf,0.0014497103597176295
sample_08147.pdf,0.0035937604615150693
sample_17117.pdf,0.9994111347758633
sample_05114.pdf,0.07133282655787612
sample_16094.pdf,0.9994111869084193
sample_16323.pdf,0.9991069020361548
sample_09898.pdf,0.9994093425297331
sample_13666.pdf,0.9994108088429812
sample_11314.pdf,0.9994086440028057
sample_17103.pdf,0.9994092941564962
sample_01036.pdf,0.1125770499268996
sample_11080.pdf,0.5263964470937641
sample_12383.pdf,0.8224725607463398
sample_09335.pdf,0.9994090496150351
sample_00664.pdf,0.023641101551065732
sample_13812.pdf,0.9991077734854761
sample_15490.pdf,0.9994112572800623
sample_10246.pdf,0.988047105809399
sample_13675.pdf,0.9991077376974081
sample_14590.pdf,0.45550479587320725
sample_16276.pdf,0.9994109157688081
sample_02515.pdf,0.10192406830072985
sample_15394.pdf,0.9994092562395732
sample_14552.pdf,0.9994112207921103
sample_00903.pdf,0.029702993832071284
sample_08770.pdf,0.05838433542054846
sample_02467.pdf,0.14433731034174838
sample_12220.pdf,0.9994092261658031
sample_13505.pdf,0.9994093229194382
sample_18704.pdf,0.9994192390004422
sample_16826.pdf,0.8225387138174526
sample_07430.pdf,0.009445621350836644
sample_04965.pdf,0.028933127065652403
sample_11620.pdf,0.9994112038505083
sample_09245.pdf,0.12922128625630142
sample_04762.pdf,0.042654506006635395
sample_02941.pdf,0.12979324222575414
sample_09628.pdf,0.9994095307555023
sample_06239.pdf,0.0011144000597883917
sample_19001.pdf,0.9110965166938373
sample_18435.pdf,0.9991051047493577
sample_02051.pdf,0.12941200708782216
sample_02270.pdf,0.004608358340465802
sample_14248.pdf,0.809307908353488
sample_08006.pdf,0.00018417267523356676
sample_12958.pdf,0.9991053909195923
sample_13316.pdf,0.9994108023224871
sample_08024.pdf,0.001462697693456973
sample_05089.pdf,0.001142453552823811
sample_06552.pdf,0.06432405200712213
sample_02704.pdf,0.02979526711233328
sample_01716.pdf,0.00024843450615329724
sample_11917.pdf,0.9994092052440183
sample_05371.pdf,0.08899420330281162
sample_06935.pdf,0.06072919445723154
sample_08541.pdf,0.0030511201459447637
sample_06094.pdf,0.08551374703618936
sample_14690.pdf,0.9994092850043579
sample_12429.pdf,0.999409299386226
sample_17473.pdf,0.9802172592671488
sample_16615.pdf,0.8887151105391332
sample_06529.pdf,0.0006412247537113443
sample_01160.pdf,0.0016785841455802559
sample_18358.pdf,0.9991072337869699
sample_12386.pdf,0.9994095673480038
sample_04807.pdf,0.005453729077620356
sample_07294.pdf,0.25674925542153326
sample_13532.pdf,0.82251422039683
sample_18786.pdf,0.9994111204386028
sample_14338.pdf,0.9990233153095054
sample_10000.pdf,0.9991120367997612
sample_09662.pdf,0.9994088664697194
sample_06299.pdf,0.07322110957916969
sample_14998.pdf,0.9994191412968817
sample_14265.pdf,0.9990270081821726
sample_13868.pdf,0.9994091960905048
sample_04097.pdf,0.0028036618658134264
sample_07222.pdf,0.06781372052629837
sample_03696.pdf,0.12740596608480337
sample_15474.pdf,0.9994092379339822
sample_16524.pdf,0.9991073279707975
sample_08051.pdf,0.10185280147252446
sample_01284.pdf,0.004494551212166214
sample_12332.pdf,0.9991073571515207
sample_00771.pdf,0.14103495520282675
sample_15784.pdf,0.8225200098548436
sample_18587.pdf,0.9381182015448574
sample_17585.pdf,0.9994109392377384
sample_10135.pdf,0.9994095725753191
sample_15994.pdf,0.9991123275703716
sample_15256.pdf,0.9994094902397351
sample_09408.pdf,0.9994097215343896
sample_17337.pdf,0.999409138550893
sample_09063.pdf,0.037726578843107275
sample_02341.pdf,0.04712036228906541
sample_07244.pdf,0.10819534425309425
sample_08245.pdf,0.0012358904216711974
sample_11000.pdf,0.9991072855235771
sample_06289.pdf,0.00019245717540148648
sample_00761.pdf,0.13034556736869682
sample_00782.pdf,0.15857998451691435
sample_07371.pdf,0.002678127200276884
sample_12975.pdf,0.8225195595250024
sample_10393.pdf,0.9994092143973902
sample_11714.pdf,0.9990777724072433
sample_02960.pdf,0.12539717833230657
sample_12705.pdf,0.9994089083365004
sample_09728.pdf,0.9994117275119061
sample_08896.pdf,0.12908569952555965
sample_18510.pdf,0.9994110226752646
sample_15553.pdf,0.9994108505724381
sample_07762.pdf,0.06337150437144022
sample_16358.pdf,0.9180827909581101
sample_13641.pdf,0.9188722556756534
sample_09656.pdf,0.8225037253065296
sample_15822.pdf,0.9994198300140442
sample_13429.pdf,0.4555252572788742
sample_08005.pdf,0.0018313635119033564
sample_02703.pdf,0.026162192991815842
sample_00944.pdf,0.00753560686388018
sample_18909.pdf,0.4555004514411795
sample_13219.pdf,0.9994127487445987
sample_12964.pdf,0.9815591330249333
sample_04877.pdf,0.029114066549610157
sample_08013.pdf,0.00802974613700282
sample_03109.pdf,0.007952673845123118
sample_01939.pdf,0.0024924181020383666
sample_06659.pdf,0.04299224378284721
sample_04019.pdf,0.08985141973522909
sample_13925.pdf,0.999409145089767
sample_10453.pdf,0.9994182380484095
sample_09310.pdf,0.9285171259746727
sample_14057.pdf,0.9994192312875997
sample_09604.pdf,0.8693608951383771
sample_09330.pdf,0.9994115100274517
sample_03619.pdf,0.0011615071400599582
sample_10543.pdf,0.9994091293963482
sample_06950.pdf,0.002733761236540229
sample_14854.pdf,0.9991060426138293
sample_02798.pdf,0.026017528719000548
sample_05693.pdf,0.07935028766862942
sample_09966.pdf,0.9994092104745338
sample_05218.pdf,0.0014564193783055826
sample_15572.pdf,0.999409271929629
sample_00236.pdf,0.16205503395779272
sample_01647.pdf,0.000698785421976273
sample_03416.pdf,0.06856255972068212
sample_00262.pdf,0.058032606624550835
sample_09308.pdf,0.999107789390599
sample_10236.pdf,0.9994093281489137
sample_17270.pdf,0.9990782064743532
sample_09269.pdf,0.018590930246745536
sample_17003.pdf,0.9994096758053327
sample_07060.pdf,0.005905269066871713
sample_14411.pdf,0.9994098260446699
sample_01400.pdf,0.13278602131440373
sample_01637.pdf,0.004570000621026545
sample_09859.pdf,0.9994109548831732
sample_03295.pdf,0.003937732255943031
sample_03234.pdf,0.05406852900634266
sample_12265.pdf,0.9994191040109349
sample_17248.pdf,0.9994109431491359
sample_18086.pdf,0.9994112286111472
sample_08952.pdf,0.003578776363447025
sample_04001.pdf,0.1040785421167202
sample_19287.pdf,0.8224865872640604
sample_08378.pdf,0.054896926073834805
sample_02695.pdf,0.0014921248770948506
sample_01869.pdf,0.14685184626919054
sample_03896.pdf,0.10169115531705732
sample_05102.pdf,0.2388748032753251
sample_02195.pdf,0.0009030458896380178
sample_15734.pdf,0.9119204765225984
sample_08471.pdf,0.4401226348408153
sample_06684.pdf,0.0005452396336005351
sample_05963.pdf,0.13050672880263445
sample_16555.pdf,0.9994109640094854
sample_00558.pdf,0.002068610594759589
sample_10387.pdf,0.9994110761212301
sample_04112.pdf,0.05986518815037257
sample_04080.pdf,0.13381391488054975
sample_06939.pdf,0.13155642759312075
sample_10196.pdf,0.9994092130897743
sample_15298.pdf,0.9994093399150646
sample_12686.pdf,0.9994111087078575
sample_08887.pdf,0.02196854177931885
sample_13593.pdf,0.7009451754674764
sample_10760.pdf,0.9991062951218397
sample_10582.pdf,0.9991053816045624
sample_19045.pdf,0.9994094745554674
sample_11120.pdf,0.8225163141836421
sample_01060.pdf,0.1403753263448548
sample_08401.pdf,0.0001632176174393416
sample_16100.pdf,0.9994198338665093
sample_15680.pdf,0.6411038871323013
sample_15176.pdf,0.999409388284561
sample_12284.pdf,0.9994092758520781
sample_14385.pdf,0.9991075017078203
sample_18257.pdf,0.9994113732446341
sample_08854.pdf,0.1239733680570355
sample_12623.pdf,0.9994197953407075
sample_04480.pdf,0.08135444822004083
sample_05872.pdf,0.05280865112276222
sample_16550.pdf,0.8225095612503507
sample_04579.pdf,0.004259377445431111
sample_07889.pdf,0.019236791254737966
sample_04929.pdf,0.008602793919491841
sample_17174.pdf,0.9728693009383114
sample_05336.pdf,0.002423898735829217
sample_12924.pdf,0.8225165517704989
sample_15117.pdf,0.9994110565683898
sample_14750.pdf,0.9991007073411519
sample_17671.pdf,0.9991056756238518
sample_06043.pdf,0.0003803194336969558
sample_15065.pdf,0.9994089083365004
sample_07456.pdf,0.13347117393214955
sample_10059.pdf,0.8225110175695219
sample_01568.pdf,0.0828850947843737
sample_05918.pdf,0.015252256060547224
sample_15127.pdf,0.9994092222430249
sample_16919.pdf,0.9994094353429785
sample_05414.pdf,0.02403209328249183
sample_09797.pdf,0.9991087918869112
sample_13102.pdf,0.9991057806909446
sample_05593.pdf,0.0023782929835353766
sample_19190.pdf,0.9991127273125257
sample_18006.pdf,0.9994182032800967
sample_13820.pdf,0.9907623082873078
sample_02965.pdf,0.04292552534468339
sample_12965.pdf,0.7009416285990203
sample_10155.pdf,0.9994093059233232
sample_03698.pdf,0.018397653808098977
sample_05417.pdf,0.1345924673348381
sample_04734.pdf,0.035901865589183436
sample_03463.pdf,0.0001574047267654313
sample_04466.pdf,0.026429971565551828
sample_03360.pdf,0.0120058343325705
sample_12190.pdf,0.9120719095555733
sample_01304.pdf,0.14394107555396748
sample_11208.pdf,0.8225045331226486
sample_17844.pdf,0.9994191554392019
sample_02968.pdf,0.10671659881155125
sample_10264.pdf,0.9990249644150558
sample_17317.pdf,0.9994090430751063
sample_11099.pdf,0.9994198467078759
sample_00686.pdf,0.06702361154610781
sample_15740.pdf,0.9991074261185012
sample_07777.pdf,0.01089790820489153
sample_06526.pdf,0.09436470839439974
sample_15336.pdf,0.9994110761212301
sample_10091.pdf,0.9991127338849882
sample_07722.pdf,0.12092356851657128
sample_00225.pdf,0.020196121820902795
sample_01027.pdf,0.026919245878746518
sample_19104.pdf,0.9994093111529491
sample_04226.pdf,0.13375138846684712
sample_13550.pdf,0.9994094275001689
sample_18598.pdf,0.9994107801522681
sample_09945.pdf,0.9994097189213957
sample_09673.pdf,0.8849931309319471
sample_04108.pdf,0.1319265985953478
sample_17858.pdf,0.9991078728855755
sample_17592.pdf,0.9991084636447614
sample_15135.pdf,0.9991089228688409
sample_08893.pdf,0.04825784205717606
sample_02631.pdf,0.129734581225192
sample_12001.pdf,0.9991126050514882
sample_04357.pdf,0.004745262240674519
sample_03006.pdf,0.00924748094325995
sample_05798.pdf,0.004217551381291958
sample_14322.pdf,0.9994097306797766
sample_06714.pdf,0.09465443325144758
sample_00661.pdf,0.0012002429422851631
sample_00847.pdf,0.00015899884482203688
sample_17465.pdf,0.9991120289035568
sample_10724.pdf,0.9991082941590781
sample_10352.pdf,0.999415092810664
sample_03276.pdf,0.045164935766079696
sample_03779.pdf,0.028897054619014456
sample_17105.pdf,0.8225057884445756
sample_07292.pdf,0.07636202167778461
sample_15326.pdf,0.9990209995674953
sample_14144.pdf,0.9991055106714296
sample_09009.pdf,0.08635023964843423
sample_04007.pdf,0.0005970547604106311
sample_18805.pdf,0.9991064319634629
sample_16342.pdf,0.9994094732484263
sample_08626.pdf,0.0008078422228601015
sample_17769.pdf,0.9994105101304366
sample_05116.pdf,0.16107505411418585
sample_17712.pdf,0.4023830940808923
sample_02744.pdf,0.0001733994461326639
sample_08754.pdf,0.00022751729156660866
sample_07089.pdf,0.00047360153047824237
sample_11587.pdf,0.2903938066890288
sample_05942.pdf,0.030252854018257763
sample_11813.pdf,0.9994096797251046
sample_10381.pdf,0.9990239651572462
sample_09554.pdf,0.999419241571367
sample_04441.pdf,0.0029544025946397945
sample_01683.pdf,0.000775695608794361
sample_12424.pdf,0.9994088769366921
sample_08681.pdf,0.11786168947179448
sample_01992.pdf,0.0027685448225985582
sample_00061.pdf,0.0018571168256251395
sample_09390.pdf,0.9994198300140442
sample_11405.pdf,0.8224971331994926
sample_17078.pdf,0.9994093778266265
sample_10286.pdf,0.7008289120188231
sample_07735.pdf,0.06253097895703379
sample_07624.pdf,0.219939630534306
sample_14741.pdf,0.8225218061263132
sample_08271.pdf,0.0740930893140447
sample_13834.pdf,0.822510048847828
sample_15617.pdf,0.9991083299139533
sample_04366.pdf,0.0002812268462048805
sample_17948.pdf,0.9994186795542542
sample_07715.pdf,0.0009853894045157802
sample_00796.pdf,0.055458560882640444
sample_04653.pdf,0.015202629525412509
sample_18970.pdf,0.9700455826813746
sample_14348.pdf,0.9994095529726481
sample_10630.pdf,0.9994111569327627
sample_18331.pdf,0.9991057501036833
sample_14732.pdf,0.999411093066501
sample_07828.pdf,0.12269036908846831
sample_12902.pdf,0.9991077589054099
sample_09131.pdf,0.017295286215998188
sample_12589.pdf,0.9907526532752948
sample_13182.pdf,0.9994094693272858
sample_05117.pdf,0.010859530402263022
sample_02310.pdf,0.0020973465040993633
sample_18853.pdf,0.9991060798321955
sample_15033.pdf,0.999411360216044
sample_12474.pdf,0.9994198235932119
sample_15747.pdf,0.8225126915512728
sample_15166.pdf,0.8225098995813941
sample_14970.pdf,0.9994108701321053
sample_03866.pdf,0.0006690711335506607
sample_02031.pdf,0.010766025978982602
sample_17226.pdf,0.9991088130576488
sample_10072.pdf,0.9278900950719987
sample_12957.pdf,0.9994088808617593
sample_12481.pdf,0.9994097816300579
sample_08801.pdf,0.1185665302357889
sample_17468.pdf,0.822503449687269
sample_18871.pdf,0.8224785955813095
sample_01743.pdf,0.0020409267342798103
sample_09037.pdf,0.0002795001719797155
sample_10403.pdf,0.9994108544844233
sample_09518.pdf,0.9991120025821192
sample_19207.pdf,0.9994110252824973
sample_02172.pdf,0.004722128659977432
sample_02513.pdf,0.009798250065893329
sample_00896.pdf,0.003112665028630614
sample_05483.pdf,0.005434352124383864
sample_00526.pdf,0.04680166746818094
sample_07577.pdf,0.007296358767897287
sample_00963.pdf,0.13656641083181068
sample_01798.pdf,0.0003505584610122177
sample_08070.pdf,0.01634188595567845
sample_14990.pdf,0.9991126024219428
sample_02528.pdf,0.0010462303661928714
sample_08377.pdf,0.10047624394161629
sample_04045.pdf,0.22976203784436175
sample_13420.pdf,0.9991091781351006
sample_11591.pdf,0.9994111113147098
sample_15635.pdf,0.9994090666185116
sample_09452.pdf,0.8224765027432016
sample_17204.pdf,0.9991115141084976
sample_07548.pdf,0.04035080147776197
sample_16332.pdf,0.9994111856051617
sample_09867.pdf,0.6691826148125656
sample_06862.pdf,0.0005234178273414992
sample_11458.pdf,0.8224771474461715
sample_06545.pdf,0.01403954385884166
sample_06321.pdf,0.027933677133657506
sample_11634.pdf,0.9994093908990157
sample_03094.pdf,0.00037091193469221607
sample_18147.pdf,0.999411507422361
sample_01550.pdf,0.0003148496452307311
sample_14962.pdf,0.8225041041307221
sample_07323.pdf,0.085517259039934
sample_15629.pdf,0.7295246332851315
sample_05249.pdf,0.11072663221564337
sample_03355.pdf,0.13366058003585002
sample_02212.pdf,0.12917629751348383
sample_01144.pdf,0.0377016609545277
sample_09140.pdf,0.05384786985308415
sample_09806.pdf,0.4676219360754325
sample_03565.pdf,0.11312581666848459
sample_06350.pdf,0.0006760511924840136
sample_12057.pdf,0.9994111399893263
sample_13855.pdf,0.9465588584408148
sample_07125.pdf,0.0033579944580002705
sample_13652.pdf,0.9994091817061262
sample_11824.pdf,0.9994114514101297
sample_04050.pdf,0.045858445272926644
sample_08265.pdf,0.06334071907768941
sample_15662.pdf,0.9991065740863511
sample_11726.pdf,0.8224846823143611
sample_14989.pdf,0.9075397649174799
sample_02879.pdf,0.036101524690576675
sample_03675.pdf,0.11727264824529922
sample_17913.pdf,0.9994092327037093
sample_04816.pdf,0.0008882453233061777
sample_16381.pdf,0.9994093503736692
sample_15992.pdf,0.6645265616005157
sample_18793.pdf,0.9994108205796891
sample_13261.pdf,0.9994109718319263
sample_02568.pdf,0.0016270402207179682
sample_18638.pdf,0.999409850863147
sample_05758.pdf,0.00035759939731126457
sample_14920.pdf,0.999107615736849
sample_01332.pdf,0.26902012173378526
sample_12649.pdf,0.9991124880254639
sample_01092.pdf,0.000632950345264143
sample_02594.pdf,0.05922663401896102
sample_07870.pdf,0.0011529373491484323
sample_16403.pdf,0.999411093066501
sample_08153.pdf,0.017589493563600577
sample_01625.pdf,0.13411632506148388
sample_01800.pdf,0.13489202202396686
sample_11499.pdf,0.9994092026287432
sample_10672.pdf,0.9991126037367168
sample_00962.pdf,0.0020192142473221503
sample_04220.pdf,0.0015612685766810642
sample_04647.pdf,0.024430688214786472
sample_17755.pdf,0.9994112703109267
sample_06370.pdf,0.01111619530129434
sample_01342.pdf,0.03126454303947563
sample_06083.pdf,0.03669616288776503
sample_14059.pdf,0.999410833620202
sample_15358.pdf,0.9990215182215328
sample_03554.pdf,0.009811771093998006
sample_06794.pdf,0.13974262385612948
sample_19296.pdf,0.9994103953011318
sample_10629.pdf,0.9990975031792201
sample_17211.pdf,0.9994185135461224
sample_09106.pdf,0.25159220760899675
sample_06117.pdf,0.1234253698018812
sample_06654.pdf,0.0009068970068211273
sample_14432.pdf,0.8225125267850503
sample_06723.pdf,0.001510089090339787
sample_16337.pdf,0.8697300725107645
sample_19057.pdf,0.7009366632210469
sample_08615.pdf,0.02664144898259804
sample_16495.pdf,0.8225182817428395
sample_18264.pdf,0.9994110800317205
sample_15536.pdf,0.9994107449390324
sample_18692.pdf,0.8108810375676604
sample_07461.pdf,0.0017250609249850168
sample_06360.pdf,0.04449894848934779
sample_03381.pdf,0.12212964805365974
sample_00584.pdf,0.005078399985178888
sample_16953.pdf,0.9994094863187072
sample_07668.pdf,0.00314292504182943
sample_09151.pdf,0.0009542425965921333
sample_11785.pdf,0.9990991739223011
sample_13254.pdf,0.9991074446851808
sample_09780.pdf,0.999409138550893
sample_02565.pdf,0.2454872478219434
sample_08816.pdf,0.11688437951858606
sample_18933.pdf,0.9994182509250359
sample_11557.pdf,0.9991072881766163
sample_04629.pdf,0.05970404203341587
sample_12833.pdf,0.9994182290346015
sample_07741.pdf,0.09972548009460791
sample_15245.pdf,0.8210737602454178
sample_16808.pdf,0.9994113654275146
sample_15407.pdf,0.9991072138870877
sample_09875.pdf,0.9994110617825439
sample_16762.pdf,0.9994092130897743
sample_09958.pdf,0.9991115417686395
sample_11821.pdf,0.9994093752121141
sample_17843.pdf,0.9990240527639092
sample_10583.pdf,0.9994094993886994
sample_01775.pdf,0.005655915141059643
sample_04361.pdf,0.00020454999519683848
sample_03573.pdf,0.00753186909550698
sample_01383.pdf,0.0011169306075214573
sample_07490.pdf,0.039789824495655816
sample_10530.pdf,0.9994092235506206
sample_03664.pdf,0.0007895355533635166
sample_02015.pdf,0.16656163354848033
sample_10785.pdf,0.9994108792597283
sample_11700.pdf,0.9994092379339822
sample_04256.pdf,0.12672240131719406
sample_12179.pdf,0.898597398145065
sample_18735.pdf,0.999410960098226
sample_03968.pdf,0.001026204952828295
sample_18165.pdf,0.9994111569327627
sample_00373.pdf,0.08932983448957248
sample_01977.pdf,0.00015741252625852393
sample_02395.pdf,0.0006549877361390258
sample_04859.pdf,0.08122522006021186
sample_08448.pdf,0.02275480860108092
sample_18619.pdf,0.8224766440924717
sample_13235.pdf,0.999106840974043
sample_09896.pdf,0.9991119407221626
sample_04972.pdf,0.0007437729081518784
sample_18426.pdf,0.999019080789517
sample_06125.pdf,0.0002809868618374308
sample_03178.pdf,0.007164251027539943
sample_07293.pdf,0.06663758513081537
sample_07644.pdf,0.11643570739112856
sample_16261.pdf,0.999106834336483
sample_04703.pdf,0.0008195999626065585
sample_07010.pdf,0.000582152472678985
sample_06541.pdf,0.0013789798211305277
sample_10780.pdf,0.82246838954179
sample_18197.pdf,0.9994091254729284
sample_15054.pdf,0.9994091110868335
sample_09472.pdf,0.999104629273322
sample_12689.pdf,0.8224910060566172
sample_07680.pdf,0.11188565032389292
sample_03193.pdf,0.16470108488318783
sample_06543.pdf,0.003045271601710201
sample_16167.pdf,0.9994094392643444
sample_07466.pdf,0.04463352317779707
sample_16705.pdf,0.9994092758520781
sample_14325.pdf,0.9991123985968131
sample_12219.pdf,0.999411180392102
sample_15694.pdf,0.8735288431215666
sample_16353.pdf,0.9991055186540388
sample_17602.pdf,0.8699510400669558
sample_12018.pdf,0.9991063655393795
sample_04714.pdf,0.12891573607071075
sample_00824.pdf,0.0513305969351476
sample_18508.pdf,0.8225037328035091
sample_07344.pdf,0.00019512288207829703
sample_05500.pdf,0.02626240073671159
sample_14343.pdf,0.999106854248943
sample_17314.pdf,0.9994111608427173
sample_06091.pdf,0.10285228489277282
sample_06361.pdf,0.0006063268095565195
sample_01720.pdf,0.0018950472314745385
sample_08570.pdf,0.007675170689162209
sample_14159.pdf,0.9994108010183794
sample_06151.pdf,0.02219288798983583
sample_08918.pdf,0.1319271406169521
sample_01900.pdf,0.06661003002178727
sample_11604.pdf,0.8225225235278429
sample_08434.pdf,0.0580666130146676
sample_01233.pdf,0.03072406113539461
sample_14033.pdf,0.9994115582195505
sample_11162.pdf,0.9994112690078532
sample_12062.pdf,0.9994111517194494
sample_06137.pdf,0.023982080876362378
sample_14226.pdf,0.8225144460879937
sample_09285.pdf,0.03099462815175145
sample_02323.pdf,0.05604831572989549
sample_17363.pdf,0.9994110643896037
sample_05746.pdf,0.00043060550773169087
sample_04432.pdf,0.12180312313108843
sample_10078.pdf,0.9991063296673235
sample_01582.pdf,0.09348508689330563
sample_15079.pdf,0.8903493895136778
sample_04006.pdf,0.09480146265843582
sample_10854.pdf,0.9994089475839193
sample_07558.pdf,0.0018293889773744283
sample_12658.pdf,0.999023753646653
sample_17402.pdf,0.9994190962963029
sample_16676.pdf,0.9994163860078119
sample_01803.pdf,0.036575010589905074
sample_16537.pdf,0.999411487883815
sample_00401.pdf,0.07759341966609593
sample_07267.pdf,0.03218904533583187
sample_18859.pdf,0.7158156187354235
sample_17002.pdf,0.9728463504629049
sample_03592.pdf,0.00021157270296388875
sample_16432.pdf,0.999409397435102
sample_04155.pdf,0.28195036417126784
sample_13017.pdf,0.9994091725522488
sample_03337.pdf,0.14070539652346556
sample_05589.pdf,0.13330410114725796
sample_04600.pdf,0.12981717718959043
sample_17448.pdf,0.9258644644936641
sample_12670.pdf,0.9994092928490567
sample_04453.pdf,0.027413032614852062
sample_17316.pdf,0.9994092235506206
sample_15531.pdf,0.9994111921214217
sample_01281.pdf,0.0061149623110338565
sample_01285.pdf,0.014065775842571777
sample_00792.pdf,0.00021933770739642364
sample_07213.pdf,0.009150811330884611
sample_10813.pdf,0.9994110018169892
sample_14066.pdf,0.9991086211704955
sample_04364.pdf,0.005010180997509229
sample_09627.pdf,0.999418673120712
sample_05576.pdf,0.0006116692067078597
sample_16880.pdf,0.9991122407487679
sample_13818.pdf,0.9994182277469034
sample_03844.pdf,0.11742864101381563
sample_07612.pdf,0.1314769709402268
sample_06494.pdf,0.0011608775175207188
sample_12408.pdf,0.9994115894771838
sample_00573.pdf,0.00096169334952782
sample_14649.pdf,0.9991078874628719
sample_15659.pdf,0.9994093137677446
sample_07422.pdf,0.00017999174433931827
sample_15716.pdf,0.822520984306491
sample_11667.pdf,0.9994094549495479
sample_11056.pdf,0.999107243073356
sample_09198.pdf,0.009537779108760506
sample_05052.pdf,0.09162477442462397
sample_02546.pdf,0.05474509513244604
sample_05985.pdf,0.006357989865618985
sample_06011.pdf,0.05004563806235901
sample_01170.pdf,0.10510316903197038
sample_15820.pdf,0.9994097006301166
sample_17924.pdf,0.6371096525360005
sample_04874.pdf,0.0008681652248114144
sample_02067.pdf,0.11510125798982888
sample_12460.pdf,0.9994093725975901
sample_19279.pdf,0.9815591510681901
sample_18479.pdf,0.9990211178914938
sample_15265.pdf,0.9994110239788824
sample_11381.pdf,0.6250398543447412
sample_07888.pdf,0.00016113590836232193
sample_18129.pdf,0.9994190512922437
sample_06257.pdf,0.010179149068081414
sample_12285.pdf,0.9990254227995433
sample_17220.pdf,0.9628325376736648
sample_13511.pdf,0.9991128442915024
sample_11421.pdf,0.9994094928537395
sample_18825.pdf,0.9991032967448298
sample_14770.pdf,0.9994107997142692
sample_01709.pdf,0.09319337213752803
sample_14115.pdf,0.8224635733781204
sample_11885.pdf,0.9994181891146338
sample_00360.pdf,0.08159798633495875
sample_18123.pdf,0.9994093203046829
sample_06392.pdf,0.06502391036006512
sample_10444.pdf,0.9994170728251813
sample_14282.pdf,0.9990979020964607
sample_07187.pdf,0.0014561220505623874
sample_06421.pdf,0.09783956022417617
sample_18634.pdf,0.9994094013567191
sample_16315.pdf,0.9994108023224871
sample_05834.pdf,0.17729975115350474
sample_12280.pdf,0.5467741767283465
sample_18262.pdf,0.9994092601621261
sample_18779.pdf,0.6240590504482392
sample_00261.pdf,0.0022731537419265345
sample_10799.pdf,0.9994089305770238
sample_11874.pdf,0.9991058272337953
sample_01186.pdf,0.01763679547959973
sample_16137.pdf,0.876505726099437
sample_04494.pdf,0.003462487713737009
sample_08773.pdf,0.003566982797117709
sample_08285.pdf,0.08521771465725192
sample_11152.pdf,0.9994093765193718
sample_05845.pdf,0.006031270109017012
sample_19118.pdf,0.9994094261930239
sample_06656.pdf,0.13399941659475753
sample_08112.pdf,0.12889689012335348
sample_07139.pdf,0.0008367349386416912
sample_16135.pdf,0.9994094144285884
sample_03562.pdf,0.029687615613388424
sample_10840.pdf,0.7253385544852687
sample_03557.pdf,0.0006065151905572526
sample_03763.pdf,0.00834481161122512
sample_11699.pdf,0.9994095137653572
sample_00461.pdf,0.10004057074509103
sample_13483.pdf,0.822502341017136
sample_10074.pdf,0.9994094954677321
sample_10458.pdf,0.9994114930941573
sample_16131.pdf,0.999411168662549
sample_19125.pdf,0.9991078145728475
sample_02138.pdf,0.06247374982756046
sample_10284.pdf,0.9994091163181812
sample_08372.pdf,0.00047922993743120527
sample_12891.pdf,0.9994095921773404
sample_15657.pdf,0.6250398543447412
sample_02213.pdf,0.014016029342857483
sample_09855.pdf,0.9991121131243416
sample_07329.pdf,0.0004762836898335343
sample_01897.pdf,0.11279207283919222
sample_13979.pdf,0.9994109627057352
sample_08799.pdf,0.13201964124137963
sample_01142.pdf,0.04246238758014333
sample_14822.pdf,0.9994087905786336
sample_08861.pdf,0.009590810189020844
sample_06741.pdf,0.25144876687916035
sample_09013.pdf,0.14232751537863583
sample_00075.pdf,0.0021508585882489563
sample_03375.pdf,0.08386690972682058
sample_09965.pdf,0.8919083886917288
sample_08531.pdf,0.11900319206763894
sample_17837.pdf,0.8954665922459122
sample_07859.pdf,0.000523650368457424
sample_10836.pdf,0.9994090836214996
sample_18640.pdf,0.9991064000808185
sample_02676.pdf,0.05770128555220517
sample_07806.pdf,0.000368193930262803
sample_13790.pdf,0.9990776513159508
sample_01436.pdf,0.00022730820549150149
sample_14494.pdf,0.9994093255341815
sample_11926.pdf,0.9991123959663554
sample_09124.pdf,0.003443132632042198
sample_16708.pdf,0.5754363538444583
sample_16564.pdf,0.8945951432753122
sample_10274.pdf,0.9991082425093817
sample_12480.pdf,0.9991080265919625
sample_19129.pdf,0.9991129336531982
sample_18324.pdf,0.9991123814986294
sample_17752.pdf,0.9066004366731955
sample_13156.pdf,0.9299148743027076
sample_11595.pdf,0.9991074420328333
sample_11615.pdf,0.9991118670082956
sample_12930.pdf,0.700937727207251
sample_07401.pdf,0.17432389455315345
sample_00955.pdf,0.01141661403200246
sample_08609.pdf,0.0003107824002465622
sample_08283.pdf,0.037688077276996274
sample_02842.pdf,0.005840585516988901
sample_05592.pdf,0.13232191943633187
sample_03753.pdf,0.0030575843582341462
sample_07743.pdf,0.0019214986369858978
sample_10571.pdf,0.9994108205796891
sample_05353.pdf,0.0006101737994799908
sample_18683.pdf,0.9994111621460299
sample_05694.pdf,0.025587782486454536
sample_04154.pdf,0.0002582095290159341
sample_15920.pdf,0.8777577271000054
sample_16884.pdf,0.8869108121357705
sample_02325.pdf,0.05815150407901005
sample_05330.pdf,0.004268910686328826
sample_10593.pdf,0.999106969728199
sample_05566.pdf,0.04192867643520485
sample_00019.pdf,0.20182839101532965
sample_12458.pdf,0.9994109014262246
sample_15885.pdf,0.9991088408431064
sample_08878.pdf,0.03106015059010186
sample_00146.pdf,0.013008261497795805
sample_01287.pdf,0.0007483722842494276
sample_09706.pdf,0.8800574273126224
sample_16185.pdf,0.9994112312174698
sample_15902.pdf,0.9994098142881854
sample_06096.pdf,0.038723578064838775
sample_00043.pdf,0.0007875768919383767
sample_14108.pdf,0.9990184689385454
sample_01641.pdf,0.1314766843053042
sample_15608.pdf,0.9728788688030265
sample_15400.pdf,0.9994111882116744
sample_06457.pdf,0.0012526030747602248
sample_14063.pdf,0.9991122881075757
sample_05700.pdf,0.0036874355489600412
sample_03512.pdf,0.0010775588642730194
sample_12653.pdf,0.9067343027391853
sample_03645.pdf,0.11658488100673998
sample_06220.pdf,0.16842305971994162
sample_02243.pdf,0.0015898614454853595
sample_05030.pdf,0.041901288762403656
sample_04459.pdf,0.02717664049220137
sample_09378.pdf,0.9990195355206201
sample_14995.pdf,0.9994107227666581
sample_07748.pdf,0.0011941094325894593
sample_03441.pdf,0.035314439709118954
sample_19022.pdf,0.999107855657405
sample_12353.pdf,0.9990782245539916
sample_01699.pdf,0.013698938735710606
sample_12568.pdf,0.9994090077582429
sample_16681.pdf,0.9994093294562753
sample_17193.pdf,0.7253259777484851
sample_02316.pdf,0.008311662464111634
sample_12861.pdf,0.9994181697975387
sample_05436.pdf,0.00844482127931909
sample_04022.pdf,0.1254277186962682
sample_03726.pdf,0.15011497414153693
sample_15425.pdf,0.9994111921214217
sample_12390.pdf,0.9994111973343779
sample_07986.pdf,0.00546521619093297
sample_02384.pdf,0.0003224768026817864
sample_02470.pdf,0.009423280873103006
sample_16721.pdf,0.9994183552152255
sample_03402.pdf,0.08995059312459693
sample_13596.pdf,0.9991119367734367
sample_07752.pdf,0.0019009844189693008
sample_15050.pdf,0.999410790585416
sample_06661.pdf,0.0019619103228978034
sample_05950.pdf,0.5173815847722747
sample_11704.pdf,0.9126206551702299
sample_14242.pdf,0.9994112038505083
sample_12697.pdf,0.9990218819554725
sample_00250.pdf,0.0007634621109806793
sample_02709.pdf,0.03676943498496701
sample_02915.pdf,0.13415033426956846
sample_08705.pdf,0.6057194843851319
sample_05861.pdf,0.0489068314270348
sample_01634.pdf,0.00034026916436742096
sample_08079.pdf,0.08817851190739477
sample_07774.pdf,0.003310074193154707
sample_12211.pdf,0.8224715977827025
sample_09742.pdf,0.9994111829986375
sample_10010.pdf,0.9994112207921103
sample_18884.pdf,0.9994109379339333
sample_02697.pdf,0.07303350524260498
sample_06186.pdf,0.10109126290336817
sample_02027.pdf,0.07358970914240014
sample_05409.pdf,0.001067776940188158
sample_01937.pdf,0.04102190359027435
sample_04932.pdf,0.009789653086918782
sample_04147.pdf,0.011119107591411105
sample_03433.pdf,0.18803335621334571
sample_12693.pdf,0.8695650344267722
sample_05452.pdf,0.023613972506982456
sample_04477.pdf,0.014761704533506571
sample_16695.pdf,0.999107855657405
sample_17477.pdf,0.999411072210714
sample_01911.pdf,0.002543893918404849
sample_07983.pdf,0.04529422027241691
sample_07598.pdf,0.01709445815519325
sample_07100.pdf,0.002185443283403547
sample_03989.pdf,0.027171256587808962
sample_18676.pdf,0.8225155330980645
sample_09730.pdf,0.9991072656254096
sample_17941.pdf,0.999108125950126
sample_11114.pdf,0.9994094575637081
sample_07240.pdf,0.0009414499933180489
sample_17560.pdf,0.9994095346762357
sample_02194.pdf,0.004147352946988259
sample_12497.pdf,0.9994095568932343
sample_14608.pdf,0.9994097071627812
sample_07207.pdf,0.0060076904814955106
sample_08250.pdf,0.11577292824214429
sample_15390.pdf,0.9991117827527077
sample_07081.pdf,0.00019908748864845617
sample_03274.pdf,0.0010806133841580099
sample_09179.pdf,0.045404329002714496
sample_16343.pdf,0.9994109027301104
sample_06470.pdf,0.13068434480948413
sample_18146.pdf,0.9994093386077262
sample_16930.pdf,0.9994091267807378
sample_16692.pdf,0.9991048490777626
sample_07241.pdf,0.03889201285154333
sample_10596.pdf,0.9994096692723217
sample_03135.pdf,0.0011968630203258396
sample_07902.pdf,0.0719418042767319
sample_11503.pdf,0.8225168696348684
sample_09944.pdf,0.7009348899390239
sample_16037.pdf,0.9994111856051617
sample_17864.pdf,0.999411040925651
sample_05070.pdf,0.0014634616387092247
sample_14040.pdf,0.8872036216211328
sample_19084.pdf,0.999019080789517
sample_09113.pdf,0.05380887513765246
sample_01051.pdf,0.051504126978765184
sample_16773.pdf,0.999411107404427
sample_18838.pdf,0.8981222491633599
sample_08835.pdf,0.0036929355567704696
sample_17259.pdf,0.9991119446708625
sample_07739.pdf,0.13271081230257586
sample_17813.pdf,0.999107980219185
sample_18546.pdf,0.9994090653105691
sample_15450.pdf,0.9049080569416071
sample_12472.pdf,0.9994091372431096
sample_10657.pdf,0.9712223893579711
sample_17307.pdf,0.9991075454657069
sample_11182.pdf,0.9991122762682269
sample_18572.pdf,0.9994115256577532
sample_05632.pdf,0.0032012819869635723
sample_01334.pdf,0.007091244824010294
sample_18476.pdf,0.999411040925651
sample_11909.pdf,0.8225123732677281
sample_02135.pdf,0.003909766588470617
sample_17771.pdf,0.9994094640990578
sample_09923.pdf,0.8225167189356162
sample_07032.pdf,0.11989401381295645
sample_17600.pdf,0.9994093242268113
sample_11673.pdf,0.9991078463804929
sample_01192.pdf,0.1578798123040717
sample_10375.pdf,0.9994109118572291
sample_13033.pdf,0.9994189201177047
sample_13160.pdf,0.9991061834997907
sample_05323.pdf,0.00023124775421950853
sample_15158.pdf,0.9994110643896037
sample_01046.pdf,0.17046718734638322
sample_13513.pdf,0.8703136308515343
sample_07452.pdf,0.023592151874504894
sample_08316.pdf,0.3243747138096744
sample_10099.pdf,0.7253293928554226
sample_06645.pdf,0.09573223116162684
sample_13478.pdf,0.999411426658844
sample_10128.pdf,0.9877505558085069
sample_13047.pdf,0.870137699149253
sample_14603.pdf,0.6645265616005157
sample_18414.pdf,0.9991049329819596
sample_05806.pdf,0.013663723490470793
sample_09900.pdf,0.9991058751026869
sample_05728.pdf,0.0015094316709758145
sample_17745.pdf,0.9994108505724381
sample_09146.pdf,0.1345586809976118
sample_08638.pdf,0.0035725607545506227
sample_11566.pdf,0.9994113497929648
sample_02870.pdf,0.0012356439751356671
sample_10975.pdf,0.9994095438245129
sample_10933.pdf,0.822474144487893
sample_13975.pdf,0.8964361964965041
sample_10797.pdf,0.919895742478335
sample_03487.pdf,0.0019315723070449573
sample_06098.pdf,0.012327279911621485
sample_09712.pdf,0.999112282845672
sample_02814.pdf,0.08659388355072505
sample_05055.pdf,0.018792448558685018
sample_16560.pdf,0.9991065408830765
sample_06045.pdf,0.014461473071778174
sample_15234.pdf,0.9994109366301256
sample_08902.pdf,0.13286143717306464
sample_14839.pdf,0.9994090692343877
sample_11440.pdf,0.9994088965617675
sample_05960.pdf,0.053843980578174626
sample_16271.pdf,0.8224698544010326
sample_10170.pdf,0.9994094327287203
sample_08435.pdf,0.03812083465230292
sample_06782.pdf,0.06507328072413412
sample_07507.pdf,0.02184180404288606
sample_00263.pdf,0.1289979136752038
sample_02640.pdf,0.12087592178907691
sample_03875.pdf,0.03043635298415678
sample_09071.pdf,0.07744184055311933
sample_10964.pdf,0.9994198300140442
sample_09015.pdf,0.08190902756666006
sample_18648.pdf,0.9994186705472753
sample_07754.pdf,0.10520111286267887
sample_11365.pdf,0.8707671973678638
sample_02552.pdf,0.10025472691073684
sample_09763.pdf,0.9991068316814385
sample_14295.pdf,0.9113795473235108
sample_07429.pdf,0.0007516444271760166
sample_19263.pdf,0.9994107371135836
sample_00010.pdf,0.08649263943599877
sample_01356.pdf,0.0007441180142814551
sample_06258.pdf,0.0013218994757308805
sample_17068.pdf,0.9991084014173053
sample_02197.pdf,0.02394723049658294
sample_08176.pdf,0.002929195408871288
sample_09199.pdf,0.055990330997840954
sample_12334.pdf,0.9994094575637081
sample_05860.pdf,0.04360912677965792
sample_03855.pdf,0.09206916480133669
sample_03226.pdf,0.133769400233134
sample_02660.pdf,0.07338576852296129
sample_16507.pdf,0.9991126155695543
sample_12054.pdf,0.8096741681995931
sample_08218.pdf,0.04636481121322409
sample_14377.pdf,0.9990203605693279
sample_02931.pdf,0.0007653452701789977
sample_10069.pdf,0.9991123078393006
sample_17466.pdf,0.8974809165529679
sample_18767.pdf,0.9994111061009935
sample_15402.pdf,0.9991055758596419
sample_11141.pdf,0.9994144827242654
sample_02402.pdf,0.01945387078170194
sample_12191.pdf,0.9991071462225555
sample_19264.pdf,0.999411446199419
sample_10501.pdf,0.8224840347104746
sample_03585.pdf,0.004084946782226078
sample_16070.pdf,0.9994108818675945
sample_18523.pdf,0.8754362686285605
sample_04578.pdf,0.05464604552192465
sample_06937.pdf,0.0018413248666326349
sample_12694.pdf,0.9994090626946757
sample_16114.pdf,0.8224734311728564
sample_00067.pdf,0.025856085284886837
sample_00418.pdf,0.1275309079730079
sample_13189.pdf,0.9994107918895465
sample_08156.pdf,0.12947170284923046
sample_11258.pdf,0.9994091673213982
sample_09858.pdf,0.9990975988892327
sample_16306.pdf,0.9994094235787251
sample_06906.pdf,0.0010649818774073126
sample_07071.pdf,0.024274090693003857
sample_16871.pdf,0.8224951744380591
sample_11428.pdf,0.9994110956734225
sample_02256.pdf,0.0007438425152629037
sample_03490.pdf,0.024056588130766766
sample_11836.pdf,0.9144145437868221
sample_17287.pdf,0.8224769340209784
sample_08296.pdf,0.008288887278323285
sample_01572.pdf,0.004362407149732507
sample_09429.pdf,0.99941979405647
sample_04980.pdf,0.0010847388038411562
sample_03577.pdf,0.0018240694688236075
sample_01926.pdf,0.0381004342731174
sample_07940.pdf,0.03205344941318312
sample_09674.pdf,0.9994107866730072
sample_17458.pdf,0.9990192040071927
sample_16018.pdf,0.999112367030552
sample_08613.pdf,0.11758511930462673
sample_18483.pdf,0.999108222642929
sample_04532.pdf,0.010462346370269644
sample_08272.pdf,0.05809015378382836
sample_13442.pdf,0.8224792537817297
sample_18569.pdf,0.9994109952986269
sample_13961.pdf,0.8224698048556601
sample_10424.pdf,0.9994109900838852
sample_12218.pdf,0.9994198056145044
sample_00141.pdf,0.00022994074631273157
sample_05869.pdf,0.007565925267883053
sample_06008.pdf,0.13348150955206112
sample_04426.pdf,0.05931349092492331
sample_00274.pdf,0.006210576457891813
sample_08736.pdf,0.009834302772057057
sample_05044.pdf,0.22527155159243104
sample_11984.pdf,0.9994091529363205
sample_05456.pdf,0.005590062229804477
sample_03175.pdf,0.0010534241631723503
sample_00156.pdf,0.08375668611506824
sample_00875.pdf,0.19486872933294616
sample_07365.pdf,0.01219040936564641
sample_01971.pdf,0.00016000150041679497
sample_09680.pdf,0.4223711920642399
sample_03987.pdf,0.0352928902338564
sample_03507.pdf,0.12589724091459978
sample_18327.pdf,0.999409326841549
sample_01844.pdf,0.026974542921574463
sample_07988.pdf,0.0039470429325687085
sample_15927.pdf,0.9017377470055031
sample_06591.pdf,0.0004798880390211667
sample_05507.pdf,0.0011762900432856847
sample_02049.pdf,0.13547240915025147
sample_05223.pdf,0.2839901811986893
sample_19130.pdf,0.9666230650702453
sample_07990.pdf,0.000904016358039746
sample_03385.pdf,0.07553343800418359
sample_08781.pdf,0.00025892810786223814
sample_02473.pdf,0.0001930585092780058
sample_10055.pdf,0.9994182444867583
sample_10827.pdf,0.43526716519441305
sample_15485.pdf,0.999411017460765
sample_03418.pdf,0.17274405344928687
sample_11865.pdf,0.9994095542795131
sample_18886.pdf,0.999409261469638
sample_01240.pdf,0.037227304589828675
sample_19150.pdf,0.9994094993886994
sample_11919.pdf,0.9991079629940972
sample_09956.pdf,0.9991070467020395
sample_12380.pdf,0.9991121183877452
sample_05140.pdf,0.00015941990475077763
sample_13791.pdf,0.9994093255341815
sample_13179.pdf,0.9994110630860753
sample_10547.pdf,0.999409393513459
sample_06284.pdf,0.032900995043901135
sample_12765.pdf,0.9994191245827871
sample_09686.pdf,0.9994169876623747
sample_03994.pdf,0.13136492094520835
sample_17962.pdf,0.8375666180483851
sample_17508.pdf,0.9994092457793048
sample_00805.pdf,0.04356923673361587
sample_08215.pdf,0.1325497909740084
sample_06281.pdf,0.003436382701036554
sample_04090.pdf,0.014640407691520642
sample_12872.pdf,0.8705055547896375
sample_14500.pdf,0.9991076342976637
sample_12113.pdf,0.9991048996880408
sample_06280.pdf,0.00124498704512239
sample_07415.pdf,0.0016702426691202876
sample_09940.pdf,0.9994115556146729
sample_03031.pdf,0.0023973254466747437
sample_17887.pdf,0.9994109418453396
sample_12389.pdf,0.9994114970018838
sample_11787.pdf,0.9991085708726611
sample_03199.pdf,0.027862294432321095
sample_07491.pdf,0.10400943427205105
sample_05561.pdf,0.001250622240416798
sample_14243.pdf,0.8076230760076548
sample_10755.pdf,0.9991118722738742
sample_08428.pdf,0.001889158412777951
sample_18903.pdf,0.9994112833415031
sample_13418.pdf,0.9994095856434054
sample_09777.pdf,0.9994109366301256
sample_10399.pdf,0.9991121170718986
sample_10500.pdf,0.9994094026639191
sample_03964.pdf,0.03778523890838605
sample_03895.pdf,0.005219566523623378
sample_05751.pdf,0.04102819252498064
sample_11063.pdf,0.8787126374274804
sample_06979.pdf,0.001077770004174486
sample_04737.pdf,0.0016076639547723314
sample_17927.pdf,0.9994111191351981
sample_13068.pdf,0.9991068768156
sample_03929.pdf,0.011782776552516111
sample_03823.pdf,0.02918851122072208
sample_11089.pdf,0.9994094536424635
sample_13116.pdf,0.8224681863898033
sample_01344.pdf,0.031486579820138534
sample_04243.pdf,0.10096557668825645
sample_12030.pdf,0.8225158473844951
sample_16794.pdf,0.9994097842427744
sample_17966.pdf,0.8561953008512049
sample_14428.pdf,0.8225026122956546
sample_14829.pdf,0.9991126852470464
sample_09568.pdf,0.9994093373003846
sample_13915.pdf,0.8224829885638364
sample_01064.pdf,0.14297073220325224
sample_05178.pdf,0.004320939899072466
sample_12276.pdf,0.867401479771293
sample_04313.pdf,0.023715906568315112
sample_14452.pdf,0.9990203393097753
sample_03457.pdf,0.00020755752139252356
sample_14421.pdf,0.616673135925009
sample_01690.pdf,0.0003593860372944847
sample_12919.pdf,0.9991053989037889
sample_18537.pdf,0.9994114709498846
sample_18079.pdf,0.8224586385402398
sample_14142.pdf,0.7900538160693195
sample_05783.pdf,0.020081075897634554
sample_05549.pdf,0.023850738304495935
sample_17740.pdf,0.9990206960794894
sample_02106.pdf,0.0004952242127484397
sample_05933.pdf,0.00022011062649151
sample_07036.pdf,0.10517164102815264
sample_13788.pdf,0.8224678909900028
sample_17035.pdf,0.8225235698753431
sample_18047.pdf,0.9991071886796238
sample_09574.pdf,0.9991124722449136
sample_16938.pdf,0.8087350405325786
sample_05784.pdf,0.009758614651942471
sample_02545.pdf,0.07104598351947498
sample_05037.pdf,0.003954101407821971
sample_01082.pdf,0.07879780960477313
sample_01577.pdf,0.0009989652165097156
sample_01404.pdf,0.24736782744537392
sample_11666.pdf,0.8225233735633215
sample_16147.pdf,0.822514097456153
sample_14571.pdf,0.9990204091601226
sample_19278.pdf,0.9994091359353231
sample_07653.pdf,0.13117521296838272
sample_10171.pdf,0.9994095059235871
sample_16444.pdf,0.9994095176862032
sample_01310.pdf,0.0935079199671285
sample_15152.pdf,0.9994088743199664
sample_08254.pdf,0.006491592058098233
sample_00155.pdf,0.023549674653807914
sample_09717.pdf,0.9994110370149013
sample_12082.pdf,0.99940940789269
sample_06243.pdf,0.026819975000525045
sample_02714.pdf,0.0038477025677544283
sample_07575.pdf,0.08822819592683827
sample_03202.pdf,0.0012181304187040788
sample_19047.pdf,0.9991125445690004
sample_09889.pdf,0.9991071249928959
sample_02910.pdf,0.10804836677730122
sample_18657.pdf,0.999409124165116
sample_05760.pdf,0.0601880316436769
sample_14067.pdf,0.9991075494435385
sample_05478.pdf,0.12774499204358214
sample_07409.pdf,0.067036696438513
sample_02521.pdf,0.054059411935190815
sample_09025.pdf,0.004845964191284809
sample_06814.pdf,0.13111659364918163
sample_08397.pdf,0.03035367106437371
sample_08416.pdf,0.01575740506310407
sample_09929.pdf,0.9821736941146058
sample_17742.pdf,0.6332015823047664
sample_11297.pdf,0.9994112155793614
sample_09133.pdf,0.03169574304696019
sample_11633.pdf,0.9744748817590457
sample_04612.pdf,0.009243838615373355
sample_09016.pdf,0.03263611932520457
sample_10910.pdf,0.9994109496680744
sample_00148.pdf,0.0001574603169731583
sample_03522.pdf,0.0005675531808840112
sample_05986.pdf,0.001285903265376914
sample_08623.pdf,0.08383076423224271
sample_00432.pdf,0.045285465290683884
sample_13939.pdf,0.9994090927767525
sample_05125.pdf,0.024441858339371497
sample_01646.pdf,0.0030058636184937784
sample_16237.pdf,0.9994093046159097
sample_06831.pdf,0.0250976087175484
sample_12241.pdf,0.8225024220963021
sample_02787.pdf,0.00047743643874514566
sample_16392.pdf,0.9991124341068564
sample_15262.pdf,0.9994109457567198
sample_09715.pdf,0.9994191464395833
sample_08431.pdf,0.2616446796689252
sample_02963.pdf,0.0017769398040835256
sample_03861.pdf,0.005338820120688741
sample_14938.pdf,0.999409632686126
sample_05470.pdf,0.02118093762421476
sample_13621.pdf,0.9994095346762357
sample_18562.pdf,0.8547957476526614
sample_06845.pdf,0.0011874346796684689
sample_03831.pdf,0.02875720407587699
sample_05547.pdf,0.014223828233636215
sample_10736.pdf,0.9991069060182509
sample_04890.pdf,0.015600254566033847
sample_07030.pdf,0.009734207498661196
sample_12617.pdf,0.9991085443984203
sample_04879.pdf,0.025056020439224554
sample_12434.pdf,0.822504946404258
sample_07053.pdf,0.00015744173521016808
sample_16221.pdf,0.9991051207252317
sample_15868.pdf,0.8993224427848068
sample_03074.pdf,0.09919393703764286
sample_04625.pdf,0.11419395795256239
sample_06769.pdf,0.002190386749740541
sample_04298.pdf,0.13333733728570427
sample_11537.pdf,0.9994089122613593
sample_16188.pdf,0.9991058165957466
sample_07376.pdf,0.06241755364535995
sample_17051.pdf,0.9994092889267202
sample_05421.pdf,0.1351778682422021
sample_05080.pdf,0.049631487803304425
sample_06167.pdf,0.07015433027029523
sample_00500.pdf,0.00039344511832314195
sample_10177.pdf,0.9991111465019431
sample_17188.pdf,0.9991120986497416
sample_03120.pdf,0.1360696466593464
sample_00985.pdf,0.04093582016197255
sample_13117.pdf,0.9994110018169892
sample_05449.pdf,0.01852890626658268
sample_15965.pdf,0.9991071886796238
sample_14165.pdf,0.999409388284561
sample_09911.pdf,0.9994185199814276
sample_11507.pdf,0.9994094222715715
sample_00281.pdf,0.13164007149115145
sample_07386.pdf,0.03338176668864914
sample_01556.pdf,0.09223907060656733
sample_04074.pdf,0.003445865825585285
sample_01585.pdf,0.051377423583325005
sample_03517.pdf,0.001100687925998844
sample_03631.pdf,0.0417749044575132
sample_00739.pdf,0.000405567692901176
sample_13072.pdf,0.9991082928347824
sample_13775.pdf,0.9994110956734225
sample_16203.pdf,0.9994107971060399
sample_18583.pdf,0.9994092327037093
sample_05393.pdf,0.006672470832860197
sample_08719.pdf,0.1502253219715214
sample_13755.pdf,0.9991061449587967
sample_16471.pdf,0.9994110526577439
sample_07839.pdf,0.12898983694278557
sample_12317.pdf,0.9991078927636191
sample_13819.pdf,0.999410872740012
sample_02668.pdf,0.008763736440457722
sample_04235.pdf,0.16550114689426923
sample_11413.pdf,0.9991121868077598
sample_02476.pdf,0.06389206620864021
sample_11522.pdf,0.7510921196969461
sample_08325.pdf,0.055237986765027385
sample_17675.pdf,0.9991123985968131
sample_09414.pdf,0.9994090666185116
sample_00910.pdf,0.1715036023223413
sample_01645.pdf,0.025714181200476523
sample_16906.pdf,0.999411168662549
sample_15209.pdf,0.9994108792597283
sample_08204.pdf,0.09373950196540674
sample_11913.pdf,0.9994094471069982
sample_15974.pdf,0.2018288273645001
sample_07934.pdf,0.08908845919205471
sample_06781.pdf,0.0002712134008790744
sample_03651.pdf,0.05911027043514514
sample_05407.pdf,0.032910781723754834
sample_05162.pdf,0.0009990391807999702
sample_14671.pdf,0.9991053097409187
sample_19204.pdf,0.9994088167490721
sample_02382.pdf,0.02170266434223027
sample_17327.pdf,0.8885861392673533
sample_13629.pdf,0.9994092601621261
sample_17558.pdf,0.9991120486438717
sample_12462.pdf,0.9994111282589698
sample_14913.pdf,0.999419114296952
sample_07101.pdf,0.002138488298996237
sample_18287.pdf,0.9131190505436786
sample_18926.pdf,0.9994179791678749
sample_00977.pdf,0.05457892575701423
sample_06802.pdf,0.08134244976247144
sample_02735.pdf,0.2223386782668367
sample_11088.pdf,0.9991074155087123
sample_04949.pdf,0.03646159460987878
sample_11177.pdf,0.9990194093210175
sample_07920.pdf,0.005682618654437155
sample_01308.pdf,0.15498395703597248
sample_05603.pdf,0.1109289949072778
sample_00503.pdf,0.12592982445974762
sample_11013.pdf,0.9994092274733902
sample_01206.pdf,0.03711337148087852
sample_01067.pdf,0.28741606014488014
sample_14061.pdf,0.9990211254756703
sample_07311.pdf,0.0006761197806956287
sample_18610.pdf,0.9994090443830977
sample_14976.pdf,0.9994089567412763
sample_09286.pdf,0.0009065596569514666
sample_13727.pdf,0.9449616831262584
sample_05718.pdf,0.2787865683941125
sample_08120.pdf,0.008425782553388913
sample_08324.pdf,0.05877323395771861
sample_00868.pdf,0.009042205047768847
sample_05440.pdf,0.13912628354087123
sample_02491.pdf,0.07561638143008215
sample_16852.pdf,0.9991055825111035
sample_11494.pdf,0.9994109418453396
sample_15230.pdf,0.9994097110823454
sample_17083.pdf,0.9994111543261118
sample_05801.pdf,0.07313132165084694
sample_13658.pdf,0.9994192364295059
sample_18394.pdf,0.9994094157357595
sample_16821.pdf,0.9994094693272858
sample_05669.pdf,0.13292544730106426
sample_14070.pdf,0.9994110787282265
sample_04556.pdf,0.08887069746478511
sample_02420.pdf,0.0018494294258411233
sample_19067.pdf,0.9994110578719327
sample_03884.pdf,0.00015751588063869285
sample_14025.pdf,0.8225129818296493
sample_00362.pdf,0.12128402634804515
sample_09970.pdf,0.7009426926446906
sample_07974.pdf,0.09867731855594102
sample_17041.pdf,0.9994182032800967
sample_01032.pdf,0.021007982179934978
sample_09932.pdf,0.9761094233083186
sample_08803.pdf,0.014354194335819045
sample_17847.pdf,0.9994191014394023
sample_04037.pdf,0.33530490125449997
sample_17669.pdf,0.8224862529814883
sample_18317.pdf,0.9994198274457197
sample_12818.pdf,0.999411383667299
sample_17749.pdf,0.9728550531096225
sample_16465.pdf,0.999106717503425
sample_16715.pdf,0.9279788404538408
sample_05081.pdf,0.028811173169400534
sample_02217.pdf,0.06163247940469733
sample_00716.pdf,0.2234038199773253
sample_09045.pdf,0.026624547282666763
sample_00318.pdf,0.017378006556269806
sample_01736.pdf,0.0022812266740364667
sample_01343.pdf,0.054474116452902316
sample_07411.pdf,0.10039044453633983
sample_07080.pdf,0.0017476489767253066
sample_14463.pdf,0.7009355992475855
sample_06304.pdf,0.0007658476636924439
sample_18706.pdf,0.9994096405262156
sample_19291.pdf,0.6703748867176705
sample_17298.pdf,0.9991111913119998
sample_14898.pdf,0.9994150656228803
sample_08035.pdf,0.001250359865199107
sample_02912.pdf,0.0023885448040171305
sample_13358.pdf,0.9991073094005077
sample_11627.pdf,0.9991058963765278
sample_02294.pdf,0.01595571755515778
sample_06209.pdf,0.00034119968741641934
sample_11580.pdf,0.9994110656931293
sample_12149.pdf,0.9800308294583616
sample_00371.pdf,0.09766693561419922
sample_14342.pdf,0.9990221803763951
sample_02460.pdf,0.020194732307114948
sample_02356.pdf,0.0007538032917246357
sample_05416.pdf,0.0008747807715862229
sample_14293.pdf,0.9991066949307843
sample_02075.pdf,0.025930434621785892
sample_07936.pdf,0.08553873958576975
sample_17940.pdf,0.9991122644286428
sample_03927.pdf,0.08490615791635654
sample_19015.pdf,0.9994108570923991
sample_12578.pdf,0.9990781730951953
sample_09478.pdf,0.8436009065420215
sample_11083.pdf,0.9994110239788824
sample_07537.pdf,0.007330565093215256
sample_11894.pdf,0.9427783890825361
sample_18922.pdf,0.9991081113786255
sample_06435.pdf,0.11894019938523082
sample_09305.pdf,0.5924714687821556
sample_07717.pdf,0.027788355736677137
sample_08945.pdf,0.009341634413188062
sample_04233.pdf,0.02916532057433867
sample_10963.pdf,0.9042518323509409
sample_17088.pdf,0.9991123446701042
sample_03357.pdf,0.014206014711159702
sample_19013.pdf,0.9994097633407183
sample_09440.pdf,0.30388813488082583
sample_03566.pdf,0.029104254282420455
sample_08674.pdf,0.0004320782933922651
sample_11588.pdf,0.9991059601935389
sample_13299.pdf,0.8225180896784812
sample_01185.pdf,0.06387107414039571
sample_07617.pdf,0.0007626095446457765
sample_16798.pdf,0.9027363129057662
sample_01123.pdf,0.11417381917099627
sample_06483.pdf,0.001020285216312134
sample_09092.pdf,0.0003654393592090002
sample_03192.pdf,0.061994600397703825
sample_04134.pdf,0.0401751096467552
sample_10344.pdf,0.9991124630393994
sample_00098.pdf,0.13332369693211985
sample_14537.pdf,0.8225104853255368
sample_14044.pdf,0.9994198094671313
sample_00441.pdf,0.0018229590544284063
sample_08346.pdf,0.00020022375645136915
sample_09247.pdf,0.12237261014408313
sample_17127.pdf,0.9991066750130445
sample_18988.pdf,0.36027084887005617
sample_02266.pdf,0.13526001140713834
sample_17066.pdf,0.8127361108633967
sample_12189.pdf,0.9994113784559896
sample_17340.pdf,0.9991063283386877
sample_14762.pdf,0.9994111856051617
sample_09353.pdf,0.9994111191351981
sample_01300.pdf,0.002452509661219317
sample_03174.pdf,0.15068822115527256
sample_00789.pdf,0.029174896759122045
sample_12629.pdf,0.9994109118572291
sample_15511.pdf,0.999105686264392
sample_01828.pdf,0.000978438908940646
sample_15266.pdf,0.9994107253752159
sample_06581.pdf,0.019171020735432868
sample_08462.pdf,0.052842445873834513
sample_16485.pdf,0.9994096287660422
sample_09229.pdf,0.12700249347149298
sample_05136.pdf,0.06899638622659006
sample_00025.pdf,0.09119595432545528
sample_04842.pdf,0.0251002919200972
sample_16620.pdf,0.9994096091652335
sample_00039.pdf,0.04394604563353419
sample_18370.pdf,0.9994091307041488
sample_16656.pdf,0.8225175145115863
sample_19060.pdf,0.9991063841388624
sample_09688.pdf,0.8121749843112362
sample_08007.pdf,0.06354202129644296
sample_03225.pdf,0.03397517226814159
sample_09987.pdf,0.999409299386226
sample_06788.pdf,0.0063263840966713445
sample_18263.pdf,0.9994108518764361
sample_04290.pdf,0.17073810175998916
sample_17488.pdf,0.8225092490259159
sample_03180.pdf,0.021592396598766033
sample_12288.pdf,0.9991120315356365
sample_17628.pdf,0.9182033989815439
sample_11245.pdf,0.999410819275622
sample_08328.pdf,0.0002432340140536869
sample_03346.pdf,0.0042813986627416945
sample_02890.pdf,0.056453619208228924
sample_02085.pdf,0.0004261236413452638
sample_17923.pdf,0.8776662164616118
sample_05290.pdf,0.048465331087751674
sample_04518.pdf,0.025894878162607826
sample_07436.pdf,0.004411184348791901
sample_02632.pdf,0.00679641662807606
sample_19197.pdf,0.9994112142761672
sample_08991.pdf,0.131238467119657
sample_17634.pdf,0.8795906620474166
sample_12852.pdf,0.9994112299143101
sample_10762.pdf,0.9990253233080079
sample_07048.pdf,0.044430024499411615
sample_18644.pdf,0.9458841549953066
sample_00687.pdf,0.0029139104949510047
sample_14133.pdf,0.9994184105715694
sample_17919.pdf,0.8225177520626809
sample_12978.pdf,0.999419109153966
sample_02853.pdf,0.00844959508344815
sample_15037.pdf,0.9991082928347824
sample_05725.pdf,0.05898763775739401
sample_06141.pdf,0.027980843528214182
sample_04670.pdf,0.01817906927126035
sample_01854.pdf,0.039100561048042354
sample_10703.pdf,0.9994112468551636
sample_10591.pdf,0.9994110513541896
sample_18078.pdf,0.2829956768546899
sample_18792.pdf,0.9994111829986375
sample_11436.pdf,0.9994094549495479
sample_03082.pdf,0.04682097057078452
sample_02533.pdf,0.0006993034453494884
sample_18343.pdf,0.9815590531123725
sample_05092.pdf,0.06226904258065963
sample_03171.pdf,0.07331564346787235
sample_10368.pdf,0.9994090875451969
sample_02205.pdf,0.0014152722033795603
sample_09727.pdf,0.9991077337208244
sample_07846.pdf,0.0002176634917061881
sample_15862.pdf,0.9994093255341815
sample_07561.pdf,0.01492298761416485
sample_02801.pdf,0.01004925214100035
sample_14241.pdf,0.9994085392835769
sample_01620.pdf,0.017967279233328585
sample_03248.pdf,0.0003154975914241107
sample_09170.pdf,0.0002401603595759195
sample_16974.pdf,0.9123778199922485
sample_03272.pdf,0.12873157803451285
sample_06354.pdf,0.03203056007657216
sample_09714.pdf,0.9991078384287396
sample_02157.pdf,0.017894275910164178
sample_16339.pdf,0.9991123814986294
sample_11558.pdf,0.9130685839783924
sample_00139.pdf,0.00020198557665092144
sample_09053.pdf,0.04521940603232691
sample_04500.pdf,0.1343344216225958
sample_11987.pdf,0.8225119565451459
sample_03673.pdf,0.007565759350382679
sample_06270.pdf,0.011374094622213761
sample_07253.pdf,0.09831941642549324
sample_05625.pdf,0.050337996191899444
sample_07699.pdf,0.04542781926790349
sample_16730.pdf,0.9991072032735477
sample_18556.pdf,0.9994094654061191
sample_19110.pdf,0.9994166081498678
sample_12343.pdf,0.9994091594750354
sample_05873.pdf,0.13312988534554274
sample_02149.pdf,0.010478581392721968
sample_07028.pdf,0.012784269654627152
sample_00589.pdf,0.0010856345599807185
sample_04159.pdf,0.0791614361834908
sample_17897.pdf,0.9144066044004537
sample_04117.pdf,0.12249969028792591
sample_05128.pdf,0.12264483938266428
sample_08412.pdf,0.02085942233492784
sample_14585.pdf,0.9990724461747006
sample_01049.pdf,0.0342801112446901
sample_17297.pdf,0.9994191027251699
sample_16341.pdf,0.9994091346275339
sample_13618.pdf,0.9994093124603483
sample_13209.pdf,0.8224847091756895
sample_06995.pdf,0.006256221156666141
sample_04438.pdf,0.004674187397752272
sample_16986.pdf,0.9994112637955305
sample_12440.pdf,0.9994095960976668
sample_15304.pdf,0.9994107971060399
sample_12085.pdf,0.9994090509230121
sample_01830.pdf,0.30226849116251203
sample_03042.pdf,0.07441292908281716
sample_18643.pdf,0.9990211542947781
sample_11353.pdf,0.9990196100131428
sample_18306.pdf,0.9994110226752646
sample_12972.pdf,0.9994112898566834
sample_16879.pdf,0.99941088838721
sample_17988.pdf,0.8225334649168973
sample_16990.pdf,0.895070007781789
sample_16528.pdf,0.999408948892122
sample_05026.pdf,0.0022400265100831706
sample_12536.pdf,0.9897137013424352
sample_13177.pdf,0.9994191040109349
sample_17533.pdf,0.8224987356926454
sample_16486.pdf,0.9994093242268113
sample_15455.pdf,0.9991124643544816
sample_00814.pdf,0.0005082094799385015
sample_14084.pdf,0.8224868547534054
sample_05916.pdf,0.023533728203114907
sample_18436.pdf,0.9994147755413465
sample_09969.pdf,0.999408938426421
sample_13854.pdf,0.9994090234548868
sample_03477.pdf,0.0006786893885019286
sample_17581.pdf,0.8977976112722251
sample_08297.pdf,0.12361563306482715
sample_00769.pdf,0.006386353846822804
sample_02071.pdf,0.0009984198897683674
sample_02140.pdf,0.1203286259093882
sample_11815.pdf,0.9994094288073111
sample_19070.pdf,0.9215923462516257
sample_16786.pdf,0.9994109718319263
sample_18794.pdf,0.989685100460106
sample_03453.pdf,0.13454654636714672
sample_18841.pdf,0.9994108583963827
sample_13663.pdf,0.9991077642072931
sample_14138.pdf,0.7009398552178873
sample_08190.pdf,0.0017457400634784631
sample_12758.pdf,0.8225055888548202
sample_18101.pdf,0.08530805280236574
sample_12064.pdf,0.9991062313403484
sample_15970.pdf,0.9990221803763951
sample_14155.pdf,0.9994092327037093
sample_04390.pdf,0.0008590527651144786
sample_00543.pdf,0.06470484685716583
sample_13480.pdf,0.880460600635693
sample_16805.pdf,0.869918653191981
sample_01307.pdf,0.09984349837887603
sample_13919.pdf,0.9994129072994998
sample_14399.pdf,0.9994189046834624
sample_12986.pdf,0.9994105401389612
sample_13108.pdf,0.9991118209324971
sample_14099.pdf,0.9991053190570599
sample_02000.pdf,0.03563214191935828
sample_15995.pdf,0.9991081855571221
sample_03016.pdf,0.03312631416104064
sample_01928.pdf,0.13902060870387595
sample_15169.pdf,0.9991080888583374
sample_08685.pdf,0.13357672075228244
sample_16215.pdf,0.9991077973430021
sample_13938.pdf,0.6531414861282001
sample_08059.pdf,0.007955720242879527
sample_19274.pdf,0.6589877416168833
sample_13277.pdf,0.9991075706581946
sample_14647.pdf,0.4976097553011454
sample_00827.pdf,0.0017364716163891095
sample_07947.pdf,0.00030258557951433975
sample_08604.pdf,0.0036684367881938632
sample_17141.pdf,0.9391166646221932
sample_00841.pdf,0.05359008859825449
sample_13654.pdf,0.9994109118572291
sample_11156.pdf,0.9994111204386028
sample_18550.pdf,0.9994110578719327
sample_14188.pdf,0.9994165280851366
sample_03854.pdf,0.05360885412179798
sample_10980.pdf,0.999410890995036
sample_16473.pdf,0.9994110435328029
sample_17992.pdf,0.9994095895637751
sample_07227.pdf,0.0982253073906703
sample_10481.pdf,0.9994095359831411
sample_09442.pdf,0.822484638502972
sample_04659.pdf,0.002694760799447412
sample_11032.pdf,0.9994109587944672
sample_15442.pdf,0.9994094131214145
sample_03960.pdf,0.00019090278938316795
sample_04038.pdf,0.0020255358041340963
sample_13944.pdf,0.9994088481520719
sample_11594.pdf,0.9994114930941573
sample_17170.pdf,0.9991110239160615
sample_05795.pdf,0.1243826186484297
sample_10940.pdf,0.9990992747471793
sample_17606.pdf,0.9994092470868484
sample_19146.pdf,0.9994114501074565
sample_09596.pdf,0.8224795522837778
sample_07556.pdf,0.0249449585172974
sample_15021.pdf,0.9991124867104341
sample_18458.pdf,0.8779216000690105
sample_00214.pdf,0.0062506896608400695
sample_17596.pdf,0.9990978455092184
sample_05972.pdf,0.05743704641011591
sample_13992.pdf,0.9994094784765734
sample_05164.pdf,0.007494889514646109
sample_08818.pdf,0.035656717719591495
sample_00939.pdf,0.1278396913357125
sample_11584.pdf,0.9994112260048132
sample_07120.pdf,0.0007217929506172029
sample_18449.pdf,0.9994111947279055
sample_13083.pdf,0.9994109444529294
sample_04969.pdf,0.04371849598249875
sample_11147.pdf,0.9994111790888298
sample_15875.pdf,0.86945345028957
sample_15410.pdf,0.999409410507058
sample_16454.pdf,0.999108476883812
sample_18037.pdf,0.999112268375197
sample_12541.pdf,0.8225109497536778
sample_01291.pdf,0.0001627495546264552
sample_15125.pdf,0.8701314580325782
sample_18752.pdf,0.9368200364704972
sample_14442.pdf,0.999409299386226
sample_07942.pdf,0.0005969795872127194
sample_16792.pdf,0.9994110474435093
sample_16948.pdf,0.9666230650702453
sample_05727.pdf,0.061823929961948465
sample_00631.pdf,0.12281318160154182
sample_12344.pdf,0.9991091331738131
sample_01280.pdf,0.004425973803341899
sample_13197.pdf,0.999409991916805
sample_15038.pdf,0.9994111921214217
sample_11426.pdf,0.9994096339928147
sample_07821.pdf,0.008758717783497936
sample_04785.pdf,0.015583209441234007
sample_12264.pdf,0.9994092353188515
sample_10024.pdf,0.9994198261615533
sample_04136.pdf,0.0006306868565376374
sample_15894.pdf,0.9994110461399432
sample_14632.pdf,0.9994200341595185
sample_11345.pdf,0.8224739888844613
sample_07484.pdf,0.010696608818479196
sample_04567.pdf,0.01438908636378152
sample_13609.pdf,0.9994089109530759
sample_11470.pdf,0.8779025507537203
sample_13717.pdf,0.999409261469638
sample_15076.pdf,0.9994092327037093
sample_11195.pdf,0.9991083987691852
sample_10260.pdf,0.9990776666276293
sample_18675.pdf,0.9991074221398524
sample_01602.pdf,0.0021966149286108245
sample_02187.pdf,0.10907295947129471
sample_04319.pdf,0.2875812205885866
sample_01013.pdf,0.002254830920395789
sample_13625.pdf,0.9994107449390324
sample_18691.pdf,0.45108750511720275
sample_14582.pdf,0.9965868932918394
sample_06442.pdf,0.13177926310560398
sample_17251.pdf,0.8974222231164256
sample_11359.pdf,0.9994109640094854
sample_08058.pdf,0.0009838866492726053
sample_09483.pdf,0.9994086819589554
sample_13559.pdf,0.9994189085420614
sample_13668.pdf,0.9994109131610918
sample_08975.pdf,0.08903942862860176
sample_10131.pdf,0.822497692690408
sample_03649.pdf,0.1143370243879278
sample_06655.pdf,0.06218972094528244
sample_17053.pdf,0.9994093961278905
sample_04676.pdf,0.055141301423964804
sample_05018.pdf,0.00015741819955999368
sample_03462.pdf,0.0970356862429715
sample_17261.pdf,0.9991070931469991
sample_03349.pdf,0.21179305962512
sample_11478.pdf,0.9065041251530991
sample_01302.pdf,0.0004466119592662706
sample_09713.pdf,0.8225147946810939
sample_15928.pdf,0.9994092340112818
sample_15534.pdf,0.32875739604049053
sample_01071.pdf,0.01749646523947027
sample_15348.pdf,0.8988758947387385
sample_18700.pdf,0.8225042957907337
sample_09947.pdf,0.99911119658355
sample_04244.pdf,0.04401227625841599
sample_11811.pdf,0.7009451754674764
sample_15236.pdf,0.9994109718319263
sample_14208.pdf,0.9994091503208141
sample_02812.pdf,0.12923864155275014
sample_19021.pdf,0.9994109913875749
sample_07909.pdf,0.0757721375475652
sample_11963.pdf,0.9994198415713633
sample_00864.pdf,0.0009822479896068209
sample_14097.pdf,0.7009359539039902
sample_15503.pdf,0.8728059965199052
sample_13198.pdf,0.9994198261615533
sample_02574.pdf,0.132197777907083
sample_08755.pdf,0.0023157373350331635
sample_07747.pdf,0.1291455467449391
sample_12376.pdf,0.9994097097758269
sample_07373.pdf,0.028144954566881125
sample_11474.pdf,0.9991071488762101
sample_03819.pdf,0.13415782669824047
sample_18732.pdf,0.9991052977628111
sample_18471.pdf,0.8224748556785503
sample_17359.pdf,0.9994109183765132
sample_16058.pdf,0.8224997724973283
sample_00524.pdf,0.018050267997370497
sample_04222.pdf,0.021143841976898683
sample_01458.pdf,0.016015201627817752
sample_06050.pdf,0.004271966841099207
sample_13167.pdf,0.9991070082163521
sample_15031.pdf,0.9994111491127756
sample_10514.pdf,0.9990779560875301
sample_07463.pdf,0.03771469734524205
sample_12254.pdf,0.9994109587944672
sample_08098.pdf,0.04599277417752091
sample_15916.pdf,0.9991070214875574
sample_13993.pdf,0.9994112416426452
sample_17869.pdf,0.9994112872506199
sample_05691.pdf,0.09229841465484938
sample_13207.pdf,0.9994114983044534
sample_17530.pdf,0.9991085589593975
sample_03931.pdf,0.048628832744070906
sample_00259.pdf,0.1128424511957395
sample_13672.pdf,0.9994092065516517
sample_06637.pdf,0.09327685008265885
sample_08928.pdf,0.00031349342005225353
sample_13913.pdf,0.9991076780458842
sample_14020.pdf,0.7009380818721507
sample_17178.pdf,0.9994096274593418
sample_00207.pdf,0.019572672654163896
sample_11925.pdf,0.8224721771207332
sample_01405.pdf,0.09341057293762633
sample_16384.pdf,0.999410057208027
sample_08985.pdf,0.00039058315065806015
sample_17750.pdf,0.7251143342174551
sample_09078.pdf,0.09654465390814265
sample_01055.pdf,0.00528049489371893
sample_09391.pdf,0.9994094771695409
sample_17122.pdf,0.9994115464975106
sample_00591.pdf,0.0011737823124354802
sample_19185.pdf,0.9994094301144504
sample_17217.pdf,0.999409078389863
sample_09007.pdf,0.00043296709917651556
sample_10834.pdf,0.9994088926368043
sample_09532.pdf,0.9994110995837833
sample_16077.pdf,0.9991058445202231
sample_13865.pdf,0.9994094588707837
sample_10929.pdf,0.7206285184302618
sample_02492.pdf,0.00026112131922544177
sample_00134.pdf,0.08907880893818888
sample_18256.pdf,0.9994112664016975
sample_04651.pdf,0.13368851089376058
sample_06701.pdf,0.0006460583229881987
sample_04436.pdf,0.08998670627730498
sample_15838.pdf,0.9473596319394328
sample_09942.pdf,0.9991119078153132
sample_17729.pdf,0.9994109405415404
sample_16330.pdf,0.9991064731427098
sample_17641.pdf,0.9991061104027027
sample_11915.pdf,0.9994110969768789
sample_02824.pdf,0.031740595756406864
sample_08080.pdf,0.04870448901882412
sample_09403.pdf,0.8225208370604649
sample_02220.pdf,0.13505463129019032
sample_16322.pdf,0.9994091333197419
sample_04228.pdf,0.0843667965576133
sample_03292.pdf,0.21565716798242596
sample_04549.pdf,0.07399148482661193
sample_14688.pdf,0.9994109640094854
sample_10642.pdf,0.35922332743445856
sample_02110.pdf,0.008131216019140096
sample_16191.pdf,0.9991074075512474
sample_17876.pdf,0.9991064572026906
sample_11344.pdf,0.9991083961210533
sample_07308.pdf,0.11518974590893581
sample_03098.pdf,0.0010660092485261696
sample_00689.pdf,0.03701232707616502
sample_18150.pdf,0.999419831298202
sample_07843.pdf,0.020914988199944976
sample_08016.pdf,0.04230832954346073
sample_12393.pdf,0.9994091790907472
sample_04460.pdf,0.002853595811250652
sample_06725.pdf,0.0008812744018473418
sample_03770.pdf,0.0979626961818492
sample_07627.pdf,0.001471396120054317
sample_04917.pdf,0.13344421319283978
sample_02271.pdf,0.08504766461518383
sample_02332.pdf,0.00016144569831298943
sample_03420.pdf,0.035644758270629316
sample_10649.pdf,0.9994197927722298
sample_15136.pdf,0.9994077546099369
sample_13063.pdf,0.9990195020723759
sample_17475.pdf,0.9994092431642088
sample_04266.pdf,0.1281535515732759
sample_15178.pdf,0.9994093124603483
sample_02268.pdf,0.04669506380905016
sample_08645.pdf,0.08105814950464098
sample_03569.pdf,0.025582424496816646
sample_05684.pdf,0.0977809188750493
sample_13935.pdf,0.9994091346275339
sample_00540.pdf,0.0487095062812694
sample_17161.pdf,0.9991067506969445
sample_11138.pdf,0.9994112976748046
sample_06079.pdf,0.055381645727163864
sample_07109.pdf,0.09823833122211699
sample_03224.pdf,0.005001550403981088
sample_03055.pdf,0.0009978706016154201
sample_12569.pdf,0.9991126510666547
sample_03702.pdf,0.062204651767981116
sample_16405.pdf,0.999108182908048
sample_03798.pdf,0.10714179010861735
sample_15638.pdf,0.9994112859475838
sample_03846.pdf,0.10706881503880826
sample_03632.pdf,0.09389387262734607
sample_13537.pdf,0.9994110995837833
sample_01824.pdf,0.04195652073785433
sample_18295.pdf,0.999107406224993
sample_08691.pdf,0.0003199831974335242
sample_05676.pdf,0.0013753772328005986
sample_07957.pdf,0.3437175510314708
sample_18716.pdf,0.8224784616907868
sample_02609.pdf,0.10711397303175806
sample_10776.pdf,0.9956375276190577
sample_05381.pdf,0.03913884651698802
sample_15743.pdf,0.999408899178395
sample_12728.pdf,0.9994108544844233
sample_16643.pdf,0.9994107032021068
sample_00579.pdf,0.0011542607615365231
sample_04759.pdf,0.1290984338225199
sample_10202.pdf,0.9991120762792135
sample_00344.pdf,0.00658613089764624
sample_04153.pdf,0.12919291314168665
sample_04212.pdf,0.13575820822243712
sample_11952.pdf,0.999108323292841
sample_19220.pdf,0.9994110344077206
sample_00174.pdf,0.002863651096890626
sample_11692.pdf,0.9994092274733902
sample_05209.pdf,0.010079223043567002
sample_10061.pdf,0.9994096392195412
sample_02107.pdf,0.0035122593034905888
sample_11483.pdf,0.9994090012178519
sample_10067.pdf,0.9994110200680207
sample_03832.pdf,0.0007917322572890385
sample_12499.pdf,0.9991124301614006
sample_16698.pdf,0.9994111986376097
sample_16075.pdf,0.994897997751183
sample_13214.pdf,0.2631776210439051
sample_18360.pdf,0.9994111230454031
sample_08121.pdf,0.12160430178771965
sample_02994.pdf,0.09795382752782546
sample_18989.pdf,0.9990204091601226
sample_08030.pdf,0.0259515280641351
sample_17062.pdf,0.9991121236511024
sample_08960.pdf,0.0009099495735137687
sample_12331.pdf,0.9991060279916982
sample_14695.pdf,0.19062143634558004
sample_07630.pdf,0.00402002806178473
sample_15978.pdf,0.9002715534461357
sample_13195.pdf,0.9994114800682152
sample_11710.pdf,0.9994096509795067
sample_02626.pdf,0.002514282315063636
sample_19023.pdf,0.9994110878526233
sample_06599.pdf,0.011529584688497173
sample_02680.pdf,0.011123202029542973
sample_18224.pdf,0.999110625667735
sample_07393.pdf,0.001468377980793763
sample_00947.pdf,0.02826403928555155
sample_07760.pdf,0.13218511343510322
sample_04215.pdf,0.0011924753574462873
sample_06918.pdf,0.017021257483839217
sample_14436.pdf,0.9994198197406785
sample_10496.pdf,0.9994096104719743
sample_06025.pdf,0.0005701769931083228
sample_09282.pdf,0.00016032659154729045
sample_02722.pdf,0.07828064843369399
sample_14467.pdf,0.8696942527750435
sample_12504.pdf,0.9991084305458551
sample_16000.pdf,0.9283794865747964
sample_13646.pdf,0.9994094575637081
sample_17550.pdf,0.9994091751676568
sample_09744.pdf,0.9994111047975572
sample_08809.pdf,0.0008579285550204879
sample_14137.pdf,0.9994113341580003
sample_06810.pdf,0.13956926566840863
sample_14362.pdf,0.9991092164817652
sample_08009.pdf,0.000735539695144504
sample_10894.pdf,0.999410853180431
sample_13485.pdf,0.9994109248957254
sample_15943.pdf,0.9486161775725447
sample_10712.pdf,0.8882866689905887
sample_15991.pdf,0.8225006137221632
sample_05927.pdf,0.051329766049597346
sample_14735.pdf,0.9991075733099738
sample_14253.pdf,0.9994096078584898
sample_08027.pdf,0.24696431810036212
sample_07140.pdf,0.13373989834288577
sample_14391.pdf,0.9994112103665667
sample_14713.pdf,0.9994109522756296
sample_05513.pdf,0.0005486776210910601
sample_17382.pdf,0.9994088926368043
sample_16212.pdf,0.9991090088514992
sample_17989.pdf,0.9991076263430991
sample_01931.pdf,0.010693726772239294
sample_03684.pdf,0.008930151185294773
sample_15932.pdf,0.9994094065855016
sample_13473.pdf,0.9994093569102032
sample_15345.pdf,0.9991055066800852
sample_15561.pdf,0.9994092758520781
sample_03303.pdf,0.001346873168346732
sample_04067.pdf,0.0004094724101621204
sample_11747.pdf,0.999409239241543
sample_13143.pdf,0.9154971211351924
sample_00797.pdf,0.00026610004622705286
sample_00828.pdf,0.004026546246715143
sample_03939.pdf,0.0024165457475765926
sample_11585.pdf,0.9991120604877466
sample_02857.pdf,0.04417188050045815
sample_02732.pdf,0.001329598000187589
sample_04144.pdf,0.1108795755381753
sample_06636.pdf,0.0019368587525769125
sample_15100.pdf,0.9991052565030621
sample_05923.pdf,0.00041663747245914307
sample_11576.pdf,0.9994091123946748
sample_03288.pdf,0.0004350185848832853
sample_08309.pdf,0.0002473600246126266
sample_01237.pdf,0.0006089196854819877
sample_10732.pdf,0.9994090378431113
sample_01395.pdf,0.0014033201361721183
sample_10950.pdf,0.9994094719413824
sample_01829.pdf,0.12448535248415661
sample_17237.pdf,0.9994098247384052
sample_04726.pdf,0.0002463059760406875
sample_02976.pdf,0.13211288742965974
sample_18226.pdf,0.9994094327287203
sample_14728.pdf,0.9994185470089333
sample_02932.pdf,0.0014324877203768067
sample_05520.pdf,0.09184218647611915
sample_02811.pdf,0.0061156756545176
sample_02173.pdf,0.09793222938059369
sample_01968.pdf,0.007464579866448474
sample_17789.pdf,0.9994109118572291
sample_08393.pdf,0.13114184825717495
sample_12570.pdf,0.9994189008248379
sample_13909.pdf,0.9994096392195412
sample_13492.pdf,0.9994192248601528
sample_10761.pdf,0.9994093843628574
sample_16187.pdf,0.9994090535389576
sample_00406.pdf,0.0895322951255511
sample_07061.pdf,0.5651229029016872
sample_06185.pdf,0.007742610579015786
sample_08122.pdf,0.001359533238656684
sample_18406.pdf,0.9991045026828985
sample_06165.pdf,0.013719648502071422
sample_15759.pdf,0.9991073412349384
sample_14593.pdf,0.8375654152390251
sample_04947.pdf,0.036898585540816486
sample_09008.pdf,0.11871428499004442
sample_06076.pdf,0.000987802264744893
sample_03830.pdf,0.003445227989791445
sample_07216.pdf,0.05362183585776131
sample_15642.pdf,0.8976025557454141
sample_17964.pdf,0.9994090142985618
sample_16045.pdf,0.6626842296077505
sample_07058.pdf,0.21215611386088543
sample_03336.pdf,0.021849983233243542
sample_18847.pdf,0.9991065727582553
sample_06834.pdf,0.013897473459222305
sample_10886.pdf,0.9994092915416141
sample_17700.pdf,0.9994092183202206
sample_04279.pdf,0.0603545365353203
sample_01888.pdf,0.09976338286442533
sample_08227.pdf,0.00024023694772621102
sample_13639.pdf,0.9994103913861029
sample_07057.pdf,0.0029480893822609023
sample_09233.pdf,0.034092909698012534
sample_18832.pdf,0.9994091803984381
sample_12106.pdf,0.9994112390363684
sample_13317.pdf,0.9994186756941374
sample_08528.pdf,0.0012711205569009671
sample_02235.pdf,0.10016864908746231
sample_05878.pdf,0.05476833126789415
sample_18954.pdf,0.7207963253100654
sample_17101.pdf,0.09692215061990384
sample_09996.pdf,0.9060083087327655
sample_04725.pdf,0.09447512887439924
sample_06705.pdf,0.061677684163596154
sample_02738.pdf,0.0001583467578595265
sample_00715.pdf,0.003580758367356537
sample_17479.pdf,0.9994094915467387
sample_11688.pdf,0.9994094183500929
sample_09735.pdf,0.6645060876989048
sample_14311.pdf,0.9991053989037889
sample_16240.pdf,0.9991061423007062
sample_10494.pdf,0.9991082504557786
sample_08763.pdf,0.13187704358458638
sample_03874.pdf,0.136431683791191
sample_17289.pdf,0.9994089436592946
sample_08123.pdf,0.022983034972604514
sample_15482.pdf,0.9994091973981583
sample_08675.pdf,0.00017863463132764963
sample_13026.pdf,0.999411130865736
sample_11296.pdf,0.999409882211313
sample_08717.pdf,0.015028006877084525
sample_05570.pdf,0.00693631445168183
sample_18379.pdf,0.9994111438993932
sample_00542.pdf,0.19514079234878678
sample_07838.pdf,0.0014949318262488956
sample_08839.pdf,0.07180888044709346
sample_13560.pdf,0.9991054774094187
sample_09173.pdf,0.011731258495735834
sample_03742.pdf,0.007685399022953002
sample_07850.pdf,0.09123814475155967
sample_06911.pdf,0.03613581999026144
sample_01915.pdf,0.11899999415594688
sample_10377.pdf,0.7009341806361257
sample_06835.pdf,0.053539834870255786
sample_11072.pdf,0.9994191567248504
sample_14996.pdf,0.9891624306983838
sample_18095.pdf,0.9994110461399432
sample_19213.pdf,0.9994091267807378
sample_10487.pdf,0.9990204000496101
sample_04497.pdf,0.00020834805196298892
sample_13374.pdf,0.9990798385001113
sample_08031.pdf,0.010516045234432952
sample_09905.pdf,0.9994093634466649
sample_07756.pdf,0.02573795729593421
sample_13740.pdf,0.9360741826558039
sample_07352.pdf,0.005388287882523547
sample_17519.pdf,0.9994110565683898
sample_06959.pdf,0.0585721830758795
sample_09451.pdf,0.887264506668426
sample_14856.pdf,0.9611027100720341
sample_01639.pdf,0.13771672982093788
sample_06785.pdf,0.015846445178249326
sample_14539.pdf,0.999107980219185
sample_03369.pdf,0.17062388338202736
sample_01605.pdf,0.025763936502084712
sample_00999.pdf,0.12867416888090863
sample_13105.pdf,0.9994111478094343
sample_08191.pdf,0.05167666882721978
sample_11387.pdf,0.9991123999120376
sample_11740.pdf,0.7239815374027384
sample_01328.pdf,0.022989077232344567
sample_00940.pdf,0.006365258568569927
sample_01948.pdf,0.0018240694724511637
sample_09128.pdf,0.0012872558419616106
sample_00117.pdf,0.0011361194677477842
sample_08864.pdf,0.1337084073019992
sample_14746.pdf,0.8225154837354748
sample_19098.pdf,0.9994109131610918
sample_06728.pdf,0.002825415375287033
sample_03473.pdf,0.0006212665700667208
sample_17034.pdf,0.9991074433590085
sample_12711.pdf,0.9991056703035112
sample_18554.pdf,0.999409283696898
sample_03676.pdf,0.05553813585191688
sample_04021.pdf,0.13512706351448264
sample_15299.pdf,0.9994191104397169
sample_04945.pdf,0.010725122938258847
sample_10685.pdf,0.9994089161861922
sample_00465.pdf,0.001461707805001864
sample_17511.pdf,0.999409850863147
sample_00183.pdf,0.01816086363922575
sample_05067.pdf,0.0007058184505917589
sample_09061.pdf,0.04708630411950626
sample_10954.pdf,0.9991124551488454
sample_09415.pdf,0.9994111530227822
sample_17064.pdf,0.9994113159166846
sample_07283.pdf,0.002345226368688049
sample_07924.pdf,0.00015917112280544837
sample_04131.pdf,0.00022903509450551893
sample_03087.pdf,0.02853756469068627
sample_15893.pdf,0.7257722335469964
sample_03670.pdf,0.07716527331730096
sample_09540.pdf,0.8225038098744663
sample_16445.pdf,0.9994197876352405
sample_00629.pdf,0.000621000094861401
sample_04182.pdf,0.006045069769132793
sample_17100.pdf,0.999409298078798
sample_08169.pdf,0.1374309416804011
sample_13814.pdf,0.9994093712903238
sample_13573.pdf,0.9994109314148654
sample_00400.pdf,0.02064186623091107
sample_15631.pdf,0.9991077085351817
sample_09982.pdf,0.9994090496150351
sample_09546.pdf,0.9994093203046829
sample_16863.pdf,0.8224629728011986
sample_02066.pdf,0.0009548157862814592
sample_00244.pdf,0.6715194174457061
sample_13860.pdf,0.8802909092294936
sample_04733.pdf,0.0009848913718718737
sample_02010.pdf,0.002080539429236117
sample_12123.pdf,0.8225157297117779
sample_06749.pdf,0.013762231509523763
sample_13196.pdf,0.9994095059235871
sample_04566.pdf,0.07954491145067365
sample_18563.pdf,0.9994095438245129
sample_07709.pdf,0.00015766824473600327
sample_16401.pdf,0.4700502786919796
sample_02975.pdf,0.05867967623327455
sample_13600.pdf,0.9991124367371457
sample_17071.pdf,0.9994182032800967
sample_11547.pdf,0.9994092823894353
sample_04775.pdf,0.08121351052965332
sample_07176.pdf,0.1031863772799873
sample_05291.pdf,0.05516555943521126
sample_18872.pdf,0.9994093791338785
sample_14712.pdf,0.8225160664837116
sample_04570.pdf,0.009115222415059932
sample_19164.pdf,0.9994090705423213
sample_07093.pdf,0.44054371855172886
sample_17366.pdf,0.9994196424965346
sample_03370.pdf,0.017791751624010227
sample_10255.pdf,0.7762046627806772
sample_09802.pdf,0.9994093425297331
sample_06263.pdf,0.12590207528750183
sample_07648.pdf,0.16526162993363616
sample_09654.pdf,0.999409298078798
sample_15070.pdf,0.9991070838582945
sample_01530.pdf,0.05309506837856821
sample_00079.pdf,0.12700991662731478
sample_03999.pdf,0.02703781292805073
sample_12378.pdf,0.8225237665688283
sample_06710.pdf,0.003920752583919247
sample_09337.pdf,0.9994109196803613
sample_01934.pdf,0.1302312862614524
sample_16970.pdf,0.9994093843628574
sample_14785.pdf,0.999107674068905
sample_05484.pdf,0.0012505493470398345
sample_03851.pdf,0.02240021128462827
sample_07005.pdf,0.0066399023782097175
sample_14101.pdf,0.9994092758520781
sample_07219.pdf,0.08112879041500627
sample_04176.pdf,0.0010326489886456137
sample_00342.pdf,0.02341519359591111
sample_08100.pdf,0.0048451726041519394
sample_13716.pdf,0.8224713187612928
sample_00635.pdf,0.001038719364823047
sample_16148.pdf,0.9994109561869408
sample_10767.pdf,0.8819349391386417
sample_01132.pdf,0.0003275818458445734
sample_10737.pdf,0.9994091647059555
sample_11641.pdf,0.8893864156588286
sample_12836.pdf,0.9994093085381418
sample_18879.pdf,0.9994112233984676
sample_18652.pdf,0.9991124209552354
sample_05645.pdf,0.13792612486806244
sample_07538.pdf,0.06431511121304569
sample_05288.pdf,0.028448544539529497
sample_14350.pdf,0.999419723419044
sample_01523.pdf,0.04264313089144919
sample_08407.pdf,0.04638083007116025
sample_09003.pdf,0.0007891380859692496
sample_01443.pdf,0.007213149247587969
sample_15837.pdf,0.8225117176511146
sample_14806.pdf,0.9994091921675272
sample_01365.pdf,0.005208353809400195
sample_13481.pdf,0.9257381259759713
sample_07797.pdf,0.002229878560787097
sample_09349.pdf,0.999409299386226
sample_16960.pdf,0.9991073425613363
sample_03815.pdf,0.004114886731934947
sample_16932.pdf,0.8225011780207642
sample_17763.pdf,0.999408952816712
sample_10141.pdf,0.9991085099801588
sample_06003.pdf,0.07987856845340037
sample_09393.pdf,0.9994113146137119
sample_01918.pdf,0.0017612839545535534
sample_13176.pdf,0.8746547440220498
sample_05344.pdf,0.12476623692652483
sample_18371.pdf,0.8224713439310513
sample_01070.pdf,0.010112781902406316
sample_03586.pdf,0.08935200619229543
sample_16718.pdf,0.9994093229194382
sample_02239.pdf,0.022605336166288088
sample_12431.pdf,0.9994110591754727
sample_10192.pdf,0.9990217819478545
sample_15063.pdf,0.9137820464938043
sample_16992.pdf,0.9994112247016417
sample_15363.pdf,0.8225074520291346
sample_12327.pdf,0.9800563507239947
sample_06509.pdf,0.003296098320438257
sample_14461.pdf,0.9994097202278941
sample_16598.pdf,0.9991079563689317
sample_01215.pdf,0.09099330555859543
sample_15811.pdf,0.9994106901587122
sample_12560.pdf,0.9991074552944541
sample_05373.pdf,0.0102815246488309
sample_06803.pdf,0.07930287519207582
sample_09959.pdf,0.8224642340021852
sample_18125.pdf,0.9994109822616862
sample_11204.pdf,0.9991080173176937
sample_16997.pdf,0.9994092693146487
sample_06268.pdf,0.05543943569584798
sample_15574.pdf,0.9994111934246651
sample_13055.pdf,0.999411089156097
sample_03560.pdf,0.04129288571741429
sample_12009.pdf,0.9994111399893263
sample_01396.pdf,0.03471492714482085
sample_03717.pdf,0.013231660092189769
sample_18975.pdf,0.9991120618037183
sample_14164.pdf,0.9030120112584966
sample_02199.pdf,0.07177393711766118
sample_06773.pdf,0.07880344086227545
sample_14089.pdf,0.9994091660136782
sample_08452.pdf,0.13710228319782988
sample_15819.pdf,0.9990774508378423
sample_10763.pdf,0.999107679371538
sample_00633.pdf,0.00026946244456346524
sample_02396.pdf,0.002767995951401686
sample_18137.pdf,0.9994097202278941
sample_01149.pdf,0.01957662011253152
sample_06237.pdf,0.29309227701752544
sample_12120.pdf,0.6882839034243364
sample_18291.pdf,0.9994093373003846
sample_10638.pdf,0.9994165874890517
sample_10219.pdf,0.9994109718319263
sample_13980.pdf,0.8076230760076548
sample_13541.pdf,0.9990257483068423
sample_09872.pdf,0.9994185186943723
sample_11180.pdf,0.999111911764231
sample_09160.pdf,0.03397834814933035
sample_05659.pdf,0.10075793539618798
sample_17737.pdf,0.9994112585831617
sample_03052.pdf,0.10872330895605159
sample_09725.pdf,0.9994087853444072
sample_03567.pdf,0.007931191031500924
sample_16009.pdf,0.999409261469638
sample_08712.pdf,0.0003001306965973703
sample_05495.pdf,0.000785923096802455
sample_14181.pdf,0.4631304552263684
sample_04832.pdf,0.06759456902815708
sample_01525.pdf,0.011113539300227708
sample_17917.pdf,0.9994190988678581
sample_04138.pdf,0.007816513545290072
sample_13706.pdf,0.9991114706399674
sample_12412.pdf,0.9994098456382909
sample_14383.pdf,0.8225214924233429
sample_14386.pdf,0.9994093987423106
sample_03345.pdf,0.02645386335892359
sample_06431.pdf,0.0009572929152711162
sample_07305.pdf,0.06744706553252973
sample_13250.pdf,0.9994113080988051
sample_19050.pdf,0.9994111126181316
sample_18651.pdf,0.9991123788680961
sample_01199.pdf,0.12896041177744796
sample_15971.pdf,0.9994092104745338
sample_08663.pdf,0.0002983146607077917
sample_06917.pdf,0.0006692396628543092
sample_15981.pdf,0.9991073399085374
sample_18595.pdf,0.999409078389863
sample_06733.pdf,0.07927071998532907
sample_09076.pdf,0.13322029855665254
sample_07687.pdf,0.007464666510141846
sample_19024.pdf,0.9991088302583221
sample_06013.pdf,0.026287542510351952
sample_00233.pdf,0.13935148704231767
sample_00455.pdf,0.08790462707121342
sample_09277.pdf,0.009658504042784807
sample_00405.pdf,0.003440456373920473
sample_08921.pdf,0.04133017931392476
sample_03328.pdf,0.01754931966368675
sample_12712.pdf,0.9991075295541174
sample_06967.pdf,0.014450414771266587
sample_07685.pdf,0.05899707700059009
sample_03156.pdf,0.0007978937393277613
sample_00341.pdf,0.01981350644080662
sample_01975.pdf,0.00019759562167188938
sample_17872.pdf,0.663884663898334
sample_03364.pdf,0.09090743984777631
sample_14464.pdf,0.9991127102237835
sample_03811.pdf,0.03082625527663398
sample_07703.pdf,0.005434859155604612
sample_18973.pdf,0.8224990125252015
sample_12253.pdf,0.7009345352868669
sample_08632.pdf,0.21258219862223826
sample_10214.pdf,0.9994094353429785
sample_15684.pdf,0.9293536689712504
sample_09543.pdf,0.9991078132474924
sample_06883.pdf,0.004597817280806239
sample_17256.pdf,0.9855134628396396
sample_10610.pdf,0.9994093516809818
sample_04180.pdf,0.004052172466694088
sample_04322.pdf,0.0008719128067839627
sample_04456.pdf,0.14125098701404706
sample_14268.pdf,0.9990219622540694
sample_16683.pdf,0.9994090692343877
sample_05525.pdf,0.00926455535675181
sample_12374.pdf,0.9994091503208141
sample_17728.pdf,0.999409279774501
sample_17354.pdf,0.9994096627392385
sample_02981.pdf,0.004107253339517384
sample_16575.pdf,0.8556839897797522
sample_00662.pdf,0.15638762596379835
sample_05451.pdf,0.0025320688309392607
sample_14642.pdf,0.7661731116254508
sample_03988.pdf,0.06855042753796113
sample_03703.pdf,0.09611086138254227
sample_11241.pdf,0.9994111608427173
sample_11805.pdf,0.8843837851409747
sample_17668.pdf,0.9994094209644148
sample_00163.pdf,0.06842541387305764
sample_11973.pdf,0.39758123784147825
sample_12310.pdf,0.8225243828519323
sample_11294.pdf,0.999408927960535
sample_08760.pdf,0.004573527221315118
sample_06027.pdf,0.00041986783862051394
sample_02480.pdf,0.24087991068448242
sample_06405.pdf,0.00221730368185914
sample_05167.pdf,0.027588931535476424
sample_11635.pdf,0.9994109340225013
sample_02221.pdf,0.03155189159201167
sample_10560.pdf,0.9519473362312435
sample_09206.pdf,0.11854028787587924
sample_09988.pdf,0.9994078804372045
sample_10058.pdf,0.999411159539402
sample_14532.pdf,0.9994094889327289
sample_07273.pdf,0.00031457141061305786
sample_08573.pdf,0.005685361438308375
sample_01714.pdf,0.19304176787078786
sample_14258.pdf,0.9991123972815856
sample_14977.pdf,0.9991115905000529
sample_14080.pdf,0.9991091715233583
sample_03538.pdf,0.12395419347706522
sample_04913.pdf,0.0057556101373593856
sample_06372.pdf,0.0873789120643474
sample_17522.pdf,0.9994096379128639
sample_09640.pdf,0.9994110761212301
sample_18618.pdf,0.9994198441396254
sample_01592.pdf,0.1179614273661998
sample_01476.pdf,0.15046257116211284
sample_18948.pdf,0.3848274556367403
sample_04431.pdf,0.0009048862811189524
sample_08171.pdf,0.042626923456049896
sample_16460.pdf,0.9991129586195079
sample_15461.pdf,0.9994107553728027
sample_06306.pdf,0.012452412412403127
sample_04616.pdf,0.0007879911702913904
sample_07193.pdf,0.21538385343460145
sample_06432.pdf,0.1368661953538153
sample_00007.pdf,0.002438456736605009
sample_02328.pdf,0.0014020618180273696
sample_16693.pdf,0.9994109770468294
sample_06169.pdf,0.05304887852199347
sample_10807.pdf,0.9994094784765734
sample_00907.pdf,0.006350584572153168
sample_16150.pdf,0.999411100887231
sample_16241.pdf,0.9991083378591914
sample_04960.pdf,0.00024407420021891552
sample_01867.pdf,0.0031073275822017655
sample_02028.pdf,0.16064794751192527
sample_18864.pdf,0.9991060798321955
sample_04894.pdf,0.008747579402901835
sample_18171.pdf,0.9994089711311221
sample_14435.pdf,0.9991083405075808
sample_11222.pdf,0.9994109418453396
sample_00056.pdf,0.12544943683770243
sample_03558.pdf,0.012613093198581742
sample_09901.pdf,0.8224843568229544
sample_02999.pdf,0.014396079307902142
sample_19187.pdf,0.999409287619269
sample_08869.pdf,0.03382701046410768
sample_15814.pdf,0.9990192542006685
sample_10122.pdf,0.9994189779924693
sample_14765.pdf,0.9991074181611771
sample_12744.pdf,0.8224807658691075
sample_05086.pdf,0.10101697326062258
sample_03244.pdf,0.0007458028509800529
sample_02683.pdf,0.005948673644968257
sample_00489.pdf,0.04777143465579348
sample_14621.pdf,0.9994111152249668
sample_01779.pdf,0.009204299600246489
sample_14860.pdf,0.9994090483070551
sample_19078.pdf,0.8225231082167385
sample_09565.pdf,0.9991060226744718
sample_14450.pdf,0.8224727290404817
sample_02354.pdf,0.00020861713945734254
sample_15777.pdf,0.9994113302491945
sample_08988.pdf,0.0013838314465565227
sample_15287.pdf,0.9991106217102926
sample_07144.pdf,0.12398258424757608
sample_14123.pdf,0.3626608497842085
sample_01183.pdf,0.016794223730244466
sample_12538.pdf,0.9991055013582516
sample_03243.pdf,0.004371648629366541
sample_14583.pdf,0.9991075534213437
sample_14510.pdf,0.9994095621206421
sample_11705.pdf,0.9994110226752646
sample_05931.pdf,0.13434018038593273
sample_02072.pdf,0.002705527279045086
sample_18126.pdf,0.9991125051205881
sample_12021.pdf,0.9991081882061844
sample_08734.pdf,0.29588182262086987
sample_03639.pdf,0.00024142054134720548
sample_09341.pdf,0.8756111726723251
sample_15440.pdf,0.9994106536356746
sample_01864.pdf,0.28477923171761116
sample_11696.pdf,0.9990236176410247
