file_name,text_length,object_count,file_size,metadata_size,title_chars,total_filters,entropy_of_streams,stream_count,endstream_count,valid_pdf_header,TARGET
sample_16464.pdf,1,32,180981,306,42,10,5.307608024,24,12,1,1
sample_12824.pdf,0,0,9719,0,0,0,0.0,0,0,0,1
sample_05120.pdf,1926,137,203817,429,19,23,5.898405432,48,24,1,0
sample_08105.pdf,715,35,27105,426,38,6,6.938329477,12,6,1,0
sample_09107.pdf,6478,25,15594,399,62,3,6.092943242,8,4,1,0
sample_05207.pdf,1428,241,101084,409,27,27,6.228718378,56,28,1,0
sample_07736.pdf,4421,183,19955,512,6,8,6.020650609,18,9,1,0
sample_05262.pdf,1390,12,30911,160,12,3,5.157892755,6,3,1,0
sample_14887.pdf,0,0,9657,0,0,0,0.0,0,0,0,1
sample_07755.pdf,21768,905,136250,528,71,30,6.654108917,62,31,1,0
sample_06743.pdf,1394,12,23658,198,10,3,5.303980995,6,3,1,0
sample_04369.pdf,1471,12,32600,160,9,3,5.166207698,6,3,1,0
sample_02898.pdf,15856,52,28255,237,28,12,6.583110048,26,13,1,0
sample_04114.pdf,4603,74,15048,250,6,6,5.557175469,14,7,1,0
sample_08795.pdf,5133,25,13650,411,68,3,6.0977462,8,4,1,0
sample_02716.pdf,1374,23,74385,173,16,8,5.736453389,20,10,1,0
sample_09122.pdf,1361,21,74199,138,12,2,5.842454192,4,2,1,0
sample_06751.pdf,1268,21,78291,138,9,2,5.858711259,4,2,1,0
sample_00559.pdf,13200,1194,94317,308,16,55,6.274754336,108,54,1,0
sample_06163.pdf,12367,35,75901,239,29,9,6.772774356,20,10,1,0
sample_11539.pdf,0,0,15000,0,0,0,0.0,0,0,0,1
sample_07927.pdf,1223,21,81248,135,11,2,5.862712902,4,2,1,0
sample_09344.pdf,0,0,16810,0,0,0,0.0,0,0,0,1
sample_14845.pdf,1,9,95063,0,0,0,4.170841942,4,2,1,1
sample_15074.pdf,0,0,2008,0,0,0,0.0,0,0,0,1
sample_13604.pdf,0,0,9857,0,0,0,0.0,0,0,0,1
sample_06009.pdf,1467,33,98919,173,15,18,5.762682127,40,20,1,0
sample_04882.pdf,92452,40,126903,270,8,13,6.790763283,26,13,1,0
sample_12375.pdf,0,0,9852,0,0,0,0.0,0,0,0,1
sample_05225.pdf,9617,36,30312,249,42,10,6.298041596,22,11,1,0
sample_15366.pdf,71,16,10113,214,44,2,7.115118235,4,2,1,1
sample_12277.pdf,0,0,8200,0,0,0,0.0,0,0,0,1
sample_01996.pdf,1404,30,92440,173,12,15,5.665061633,34,17,1,0
sample_12984.pdf,0,0,37841,0,0,0,0.0,0,0,0,1
sample_15514.pdf,0,0,8104,0,0,0,0.0,0,0,0,1
sample_02112.pdf,58964,113,65867,236,29,32,6.83955656,66,33,1,0
sample_12863.pdf,0,0,9626,0,0,0,0.0,0,0,0,1
sample_19134.pdf,0,0,9469,0,0,0,0.0,0,0,0,1
sample_01223.pdf,6169,99,238380,290,30,50,6.467454362,114,57,1,0
sample_12055.pdf,0,0,2146,0,0,0,0.0,0,0,0,1
sample_04211.pdf,1665,121,155309,400,10,17,6.027741359,36,18,1,0
sample_13884.pdf,0,0,8272,0,0,0,0.0,0,0,0,1
sample_07961.pdf,62046,116,196718,389,17,39,6.882432614,80,40,1,0
sample_06745.pdf,1212,12,25069,198,12,3,5.306012309,6,3,1,0
sample_08081.pdf,5084,345,318356,405,26,51,4.97756154,156,78,1,0
sample_16393.pdf,0,0,9555,0,0,0,0.0,0,0,0,1
sample_11253.pdf,0,0,8239,0,0,0,0.0,0,0,0,1
sample_09032.pdf,7606,1050,139832,427,29,91,4.81995366,308,154,1,0
sample_14676.pdf,0,0,7987,0,0,0,0.0,0,0,0,1
sample_03051.pdf,114377,307,267359,277,32,48,6.889294566,98,49,1,0
sample_07603.pdf,16696,59,38878,303,13,28,5.846537792,60,30,1,0
sample_12774.pdf,1,16,4118,205,44,1,4.949497627,4,2,1,1
sample_10644.pdf,0,0,12558,0,0,0,0.0,0,0,0,1
sample_19240.pdf,0,0,9538,0,0,0,0.0,0,0,0,1
sample_13451.pdf,1,70,9669,0,0,1,7.154080167,2,1,1,1
sample_19177.pdf,828,10,7621,137,8,1,6.791384588,2,1,1,1
sample_13353.pdf,23,10,17796,188,5,1,5.109903709,2,1,1,1
sample_11560.pdf,0,0,8053,0,0,0,0.0,0,0,0,1
sample_15683.pdf,1,996,7531,211,39,10,4.680544832,22,11,1,1
sample_09803.pdf,94,31,11271,163,44,4,5.458503755,8,4,1,1
sample_12221.pdf,0,0,8262,0,0,0,0.0,0,0,0,1
sample_03460.pdf,9693,230,32299,253,7,12,6.324151386,26,13,1,0
sample_01579.pdf,11415,37,72259,237,27,10,6.809634646,22,11,1,0
sample_02062.pdf,4297,711,87756,401,41,52,5.424725761,134,67,1,0
sample_13338.pdf,0,0,1900,0,0,0,0.0,0,0,0,1
sample_10739.pdf,5283,20,15093,126,7,8,5.36964492,18,9,1,1
sample_13324.pdf,0,0,16383,0,0,0,0.0,0,0,0,1
sample_00157.pdf,184858,6439,2456610,390,36,291,6.436993939,592,296,1,0
sample_04662.pdf,404,59,16591,367,30,11,5.140884504,26,13,1,0
sample_02803.pdf,8756,37,52840,227,16,10,6.730638695,22,11,1,0
sample_11731.pdf,0,0,16225,0,0,0,0.0,0,0,0,1
sample_16661.pdf,1,50,80553,167,3,13,4.444270289,34,17,1,1
sample_15706.pdf,0,0,8256,0,0,0,0.0,0,0,0,1
sample_06318.pdf,17041,62,81274,239,29,18,6.855750971,38,19,1,0
sample_03425.pdf,21991,622,105970,449,33,61,5.576099233,146,73,1,0
sample_06623.pdf,3640,702,85596,83,17,86,4.542213887,218,109,1,0
sample_07863.pdf,20046,45,27190,234,29,11,6.583960198,24,12,1,0
sample_18430.pdf,0,0,8288,0,0,0,0.0,0,0,0,1
sample_16587.pdf,1,16,4079,204,44,1,4.947480244,4,2,1,1
sample_00447.pdf,2073,24,18233,238,29,5,6.067863128,12,6,1,0
sample_02874.pdf,6176,27,17647,266,54,5,6.042959863,12,6,1,0
sample_07532.pdf,1482,21,78296,135,10,2,5.843256451,4,2,1,0
sample_01587.pdf,17500,172,70000,322,38,25,6.635786613,52,26,1,0
sample_03378.pdf,8026,99,21349,263,8,8,5.996754527,18,9,1,0
sample_12848.pdf,16491,19,34393,303,13,4,6.689121996,8,4,1,1
sample_00744.pdf,12449,368,63819,421,26,49,5.60419216,126,63,1,0
sample_12307.pdf,0,0,9709,0,0,0,0.0,0,0,0,1
sample_16032.pdf,828,10,7639,137,8,1,6.791384588,2,1,1,1
sample_18227.pdf,5283,20,15091,126,7,8,5.369642512,18,9,1,1
sample_05099.pdf,43183,93,61788,199,8,25,6.999801626,50,25,1,0
sample_14305.pdf,0,0,74082,0,0,0,0.0,0,0,0,1
sample_08046.pdf,1489,47,98833,173,11,29,5.751065322,64,32,1,0
sample_02725.pdf,3628,211,38043,211,13,6,6.51067315,14,7,1,0
sample_17060.pdf,0,0,9330,0,0,0,0.0,0,0,0,1
sample_01006.pdf,1327,21,78132,135,12,2,5.857923378,4,2,1,0
sample_18935.pdf,1,22,18252,158,15,9,5.02902519,18,9,1,1
sample_18769.pdf,5283,20,14981,126,7,8,5.37042603,18,9,1,1
sample_12521.pdf,0,0,9575,0,0,0,0.0,0,0,0,1
sample_09475.pdf,0,0,17321,0,0,0,0.0,0,0,0,1
sample_08577.pdf,31208,71,42386,282,76,18,6.936322322,36,18,1,0
sample_05630.pdf,11336,44,28228,285,8,7,6.324254487,16,8,1,0
sample_16709.pdf,7345,30,37015,287,14,10,6.772410761,20,10,1,1
sample_06065.pdf,6216,779,79391,334,43,49,5.757975936,112,56,1,0
sample_11215.pdf,0,0,9809,0,0,0,0.0,0,0,0,1
sample_14222.pdf,0,0,12358,0,0,0,0.0,0,0,0,1
sample_15398.pdf,5283,20,14961,126,7,8,5.370332667,18,9,1,1
sample_05041.pdf,7057,35,51961,325,80,14,6.566700299,30,15,1,0
sample_13669.pdf,0,0,2153,0,0,0,0.0,0,0,0,1
sample_08405.pdf,20455,763,175620,333,25,14,3.459110295,260,130,1,0
sample_14247.pdf,4315,20,12253,126,7,9,5.529388675,18,9,1,1
sample_02233.pdf,6662,29,14105,235,28,6,6.122056345,14,7,1,0
sample_12547.pdf,0,0,8076,0,0,0,0.0,0,0,0,1
sample_16582.pdf,0,0,16874,0,0,0,0.0,0,0,0,1
sample_06329.pdf,1181,21,80543,135,12,2,5.88410284,4,2,1,0
sample_03096.pdf,3785,226,19713,540,6,8,5.904359232,18,9,1,0
sample_01187.pdf,1507,137,179659,392,14,22,6.239947529,46,23,1,0
sample_13128.pdf,0,0,9782,0,0,0,0.0,0,0,0,1
sample_08162.pdf,23404,228,47449,536,70,21,6.534128426,44,22,1,0
sample_02700.pdf,18349,64,40073,277,12,14,6.622404638,30,15,1,0
sample_13266.pdf,0,0,9553,0,0,0,0.0,0,0,0,1
sample_16801.pdf,1,24,103836,350,23,4,4.700003704,12,6,1,1
sample_07592.pdf,1230,21,75526,135,12,2,5.820394617,4,2,1,0
sample_18906.pdf,0,0,9640,0,0,0,0.0,0,0,0,1
sample_16835.pdf,9,87,529300,200,8,23,5.431553275,55,27,1,1
sample_10693.pdf,0,0,9707,0,0,0,0.0,0,0,0,1
sample_08677.pdf,1239,21,82768,138,12,2,5.858788565,4,2,1,0
sample_04589.pdf,1640,21,87051,138,12,2,5.876420805,4,2,1,0
sample_13840.pdf,0,0,37784,0,0,0,0.0,0,0,0,1
sample_01881.pdf,1231,12,28069,198,10,3,5.367606052,6,3,1,0
sample_19170.pdf,0,0,8246,0,0,0,0.0,0,0,0,1
sample_11525.pdf,0,0,9978,0,0,0,0.0,0,0,0,1
sample_08684.pdf,3639,20,120970,179,36,4,7.112650247,8,4,1,0
sample_06426.pdf,1292,21,80723,135,12,2,5.870578427,4,2,1,0
sample_03203.pdf,1222,19,11557,242,35,3,5.511895346,8,4,1,0
sample_07712.pdf,1383,36,83230,173,14,21,5.362877201,46,23,1,0
sample_06181.pdf,27737,63,34864,233,28,16,6.688432965,34,17,1,0
sample_10758.pdf,0,0,15624,0,0,0,0.0,0,0,0,1
sample_07502.pdf,2093,278,264348,376,15,37,5.832409953,76,38,1,0
sample_07960.pdf,61950,139,90106,188,14,37,6.974710608,74,37,1,0
sample_11877.pdf,0,0,12211,0,0,0,0.0,0,0,0,1
sample_07503.pdf,4174,26,29871,238,28,6,6.495966695,14,7,1,0
sample_04349.pdf,1307,32,88033,173,11,17,5.797929132,38,19,1,0
sample_07837.pdf,39706,73,71549,322,70,23,6.787698246,48,24,1,0
sample_16161.pdf,0,0,9402,0,0,0,0.0,0,0,0,1
sample_14048.pdf,5283,20,15093,126,7,8,5.369664924,18,9,1,1
sample_07353.pdf,12569,51,44395,338,75,20,6.35708402,42,21,1,0
sample_14409.pdf,0,0,76651,0,0,0,0.0,0,0,0,1
sample_13100.pdf,2156,10,9648,221,16,1,6.839261059,2,1,1,1
sample_09885.pdf,0,0,9380,0,0,0,0.0,0,0,0,1
sample_06756.pdf,10733,172,102812,223,8,13,6.907214286,28,14,1,0
sample_08465.pdf,554,19,16445,233,26,4,6.874808877,8,4,1,0
sample_08459.pdf,7286,543,74969,411,25,93,5.069272836,234,117,1,0
sample_11335.pdf,0,0,17232,0,0,0,0.0,0,0,0,1
sample_00749.pdf,1690,49,188888,308,30,18,6.855398795,40,20,1,0
sample_06821.pdf,6758,79,16223,302,56,8,5.869229084,18,9,1,0
sample_02966.pdf,1648,21,94918,135,11,2,5.88369163,4,2,1,0
sample_04899.pdf,1377,28,72366,173,11,13,5.715047225,30,15,1,0
sample_09410.pdf,1,16,14485,214,44,0,4.531186108,4,2,1,1
sample_13028.pdf,0,0,2706,0,0,0,0.0,0,0,0,1
sample_02447.pdf,1669,168,157440,373,22,28,5.959230314,58,29,1,0
sample_15231.pdf,0,0,9551,0,0,0,0.0,0,0,0,1
sample_13078.pdf,0,0,8631,0,0,0,0.0,0,0,0,1
sample_15214.pdf,71,16,10120,214,44,2,7.125384528,4,2,1,1
sample_14072.pdf,0,0,8472,0,0,0,0.0,0,0,0,1
sample_19053.pdf,0,0,9206,0,0,0,0.0,0,0,0,1
sample_19037.pdf,0,0,12224,0,0,0,0.0,0,0,0,1
sample_14715.pdf,0,0,9515,0,0,0,0.0,0,0,0,1
sample_18128.pdf,0,0,8288,0,0,0,0.0,0,0,0,1
sample_03363.pdf,6664,251,37048,494,20,13,6.230995796,28,14,1,0
sample_09381.pdf,1,9,94525,0,0,0,3.922119177,4,2,1,1
sample_16641.pdf,0,0,73638,0,0,0,0.0,0,0,0,1
sample_05301.pdf,1481,158,209892,384,14,36,5.813287622,74,37,1,0
sample_00608.pdf,1182,147,278209,403,17,30,5.797181266,62,31,1,0
sample_18442.pdf,0,0,9299,0,0,0,0.0,0,0,0,1
sample_16258.pdf,1,16,14852,214,44,0,4.562469124,4,2,1,1
sample_14896.pdf,0,0,9615,0,0,0,0.0,0,0,0,1
sample_08602.pdf,3831,161,18645,529,6,8,5.973936243,18,9,1,0
sample_07541.pdf,857,12,25044,160,11,3,5.229106333,6,3,1,0
sample_02514.pdf,8533,100,20487,254,8,9,6.02227971,20,10,1,0
sample_17739.pdf,0,0,8344,0,0,0,0.0,0,0,0,1
sample_18624.pdf,0,0,15508,0,0,0,0.0,0,0,0,1
sample_16105.pdf,13377,16,7759,125,47,4,6.934277803,8,4,1,1
sample_10717.pdf,1,10,5880,156,37,2,5.451305256,6,3,1,1
sample_14477.pdf,0,0,9925,0,0,0,0.0,0,0,0,1
sample_03060.pdf,1308,21,77368,138,12,2,5.850989069,4,2,1,0
sample_08091.pdf,1030,12,21988,198,10,3,5.456076828,6,3,1,0
sample_11045.pdf,0,0,8179,0,0,0,0.0,0,0,0,1
sample_10552.pdf,0,0,17293,0,0,0,0.0,0,0,0,1
sample_10507.pdf,0,0,8274,0,0,0,0.0,0,0,0,1
sample_01031.pdf,1372,33,90895,173,19,18,6.075095909,40,20,1,0
sample_06840.pdf,32606,1382,188973,293,14,70,5.825935841,170,85,1,0
sample_01873.pdf,1368,21,84182,135,12,2,5.870535368,4,2,1,0
sample_01865.pdf,26505,53,34750,248,39,14,6.557774468,30,15,1,0
sample_08382.pdf,1794,104,120393,381,13,17,6.149296786,36,18,1,0
sample_10656.pdf,0,0,3949,0,0,0,0.0,0,0,0,1
sample_04344.pdf,1223,12,25724,160,10,3,5.206306417,6,3,1,0
sample_11260.pdf,0,0,11874,0,0,0,0.0,0,0,0,1
sample_12807.pdf,0,0,9735,0,0,0,0.0,0,0,0,1
sample_04360.pdf,966,12,30835,160,12,3,5.180231574,6,3,1,0
sample_00315.pdf,1463,129,172990,382,14,20,5.92108808,42,21,1,0
sample_08870.pdf,74150,457,239246,282,20,43,6.719107356,88,44,1,0
sample_05899.pdf,2219,21,18145,283,7,4,5.793203698,10,5,1,0
sample_18274.pdf,0,0,1435,0,0,0,0.0,0,0,0,1
sample_00751.pdf,98863,343,132812,245,37,163,6.130385851,328,164,1,0
sample_09861.pdf,0,0,23166,0,0,0,0.0,0,0,0,1
sample_06719.pdf,1386,21,77962,135,13,2,5.851370064,4,2,1,0
sample_02942.pdf,8645,128,22158,329,1,7,5.995898192,16,8,1,0
sample_04011.pdf,26676,135,123851,270,23,27,6.571863669,56,28,1,0
sample_14496.pdf,5283,20,15021,126,7,8,5.369916444,18,9,1,1
sample_07582.pdf,1630,28,104290,173,11,13,5.827819617,30,15,1,0
sample_03446.pdf,21356,38,25707,237,29,9,6.455717745,20,10,1,0
sample_00499.pdf,8633,21,11943,137,36,4,6.703869906,10,5,1,0
sample_02274.pdf,7428,105,19385,246,11,8,5.946964743,18,9,1,0
sample_12351.pdf,0,0,7878,0,0,0,0.0,0,0,0,1
sample_17082.pdf,0,0,9704,0,0,0,0.0,0,0,0,1
sample_00197.pdf,1487,410,180614,294,6,45,5.11890196,100,50,1,0
sample_07289.pdf,1405,21,83459,145,12,2,5.872889291,4,2,1,0
sample_12227.pdf,0,0,9651,0,0,0,0.0,0,0,0,1
sample_16561.pdf,0,0,2006,0,0,0,0.0,0,0,0,1
sample_08866.pdf,8321,32,14542,234,29,7,6.21724604,16,8,1,0
sample_15592.pdf,0,0,3041,0,0,0,0.0,0,0,0,1
sample_11900.pdf,0,0,8222,0,0,0,0.0,0,0,0,1
sample_01904.pdf,30645,68,93566,215,8,24,6.781140269,50,25,1,0
sample_15113.pdf,0,0,12313,0,0,0,0.0,0,0,0,1
sample_03782.pdf,1251,31,80572,173,14,16,6.017872134,36,18,1,0
sample_06696.pdf,23455,451,101750,505,1,27,6.779635511,54,27,1,0
sample_05022.pdf,6360,492,80416,366,15,51,5.844735512,112,56,1,0
sample_01416.pdf,4955,1079,155043,404,15,51,6.070557253,108,54,1,0
sample_07698.pdf,19025,138,36630,254,8,15,6.422781837,32,16,1,0
sample_13484.pdf,1,16,5074,204,44,1,4.955335135,4,2,1,1
sample_05811.pdf,31561,190,159520,299,33,26,6.698196719,54,27,1,0
sample_11606.pdf,828,10,7630,137,8,1,6.791384588,2,1,1,1
sample_05404.pdf,3940,25,37378,83,18,9,5.762668674,20,10,1,0
sample_05713.pdf,10812,38,18112,238,29,9,6.363149786,20,10,1,0
sample_04881.pdf,1456,34,92638,173,13,19,5.772479625,42,21,1,0
sample_18363.pdf,0,0,2048000,0,0,0,0.0,0,0,0,1
sample_17115.pdf,0,0,9828,0,0,0,0.0,0,0,0,1
sample_16847.pdf,5607,20,13282,126,7,9,5.544384227,18,9,1,1
sample_15049.pdf,0,0,7966,0,0,0,0.0,0,0,0,1
sample_15235.pdf,1,10,26456,182,7,1,0.0,2,1,1,1
sample_02933.pdf,10162,496,68567,478,43,38,6.136146822,76,38,1,0
sample_11650.pdf,0,0,9448,0,0,0,0.0,0,0,0,1
sample_00678.pdf,5652,61,15808,302,56,7,5.795626328,16,8,1,0
sample_09595.pdf,0,0,7942,0,0,0,0.0,0,0,0,1
sample_06292.pdf,1198,12,27879,198,10,3,5.380224132,6,3,1,0
sample_01403.pdf,967,59,35568,289,20,3,3.50176927,14,7,1,0
sample_12757.pdf,0,0,9601,0,0,0,0.0,0,0,0,1
sample_08194.pdf,44988,601,181871,230,8,39,6.889571253,80,40,1,0
sample_14227.pdf,5283,20,14979,126,7,8,5.370456916,18,9,1,1
sample_15938.pdf,0,0,9855,0,0,0,0.0,0,0,0,1
sample_14727.pdf,5283,20,14959,126,7,8,5.370369754,18,9,1,1
sample_02629.pdf,8303,586,94167,424,29,65,5.107193084,196,98,1,0
sample_07738.pdf,1217,12,26346,198,12,3,5.416023507,6,3,1,0
sample_04384.pdf,6910,70,17325,348,57,6,5.700546001,14,7,1,0
sample_01322.pdf,21813,1571,129584,357,16,96,5.083653594,284,142,1,0
sample_11940.pdf,0,0,14696,0,0,0,0.0,0,0,0,1
sample_12138.pdf,0,0,9581,0,0,0,0.0,0,0,0,1
sample_05045.pdf,60216,422,120079,247,54,28,6.827169834,58,29,1,0
sample_00223.pdf,21960,53,44240,385,47,20,6.596795299,42,21,1,0
sample_09333.pdf,5283,20,15021,126,7,8,5.369968278,18,9,1,1
sample_00541.pdf,1236,21,79906,135,12,2,5.85699926,4,2,1,0
sample_08901.pdf,1238,12,35000,160,9,3,5.276652317,6,3,1,0
sample_16819.pdf,5283,20,15093,126,7,8,5.369666874,18,9,1,1
sample_06674.pdf,5469,31,57231,238,28,8,6.702059053,18,9,1,0
sample_16782.pdf,0,0,16690,0,0,0,0.0,0,0,0,1
sample_10743.pdf,0,0,1397,0,0,0,0.0,0,0,0,1
sample_13910.pdf,0,0,9697,0,0,0,0.0,0,0,0,1
sample_16674.pdf,0,0,8371,0,0,0,0.0,0,0,0,1
sample_19031.pdf,0,0,9730,0,0,0,0.0,0,0,0,1
sample_03300.pdf,7344,595,106029,378,37,32,4.051607995,220,110,1,0
sample_04938.pdf,2534,39,11929,475,13,5,5.421555129,12,6,1,0
sample_16746.pdf,0,0,8168,0,0,0,0.0,0,0,0,1
sample_02751.pdf,12760,131,127867,260,21,22,6.608312955,46,23,1,0
sample_08362.pdf,10308,511,82232,365,14,50,6.139785691,98,49,1,0
sample_13766.pdf,0,0,8153,0,0,0,0.0,0,0,0,1
sample_07919.pdf,11840,399,79533,429,29,49,5.918880173,104,52,1,0
sample_17190.pdf,0,0,8475,0,0,0,0.0,0,0,0,1
sample_09696.pdf,5283,20,14993,126,7,8,5.370427565,18,9,1,1
sample_11969.pdf,0,0,9500,0,0,0,0.0,0,0,0,1
sample_17401.pdf,0,0,16285,0,0,0,0.0,0,0,0,1
sample_11795.pdf,1,15,2048000,214,44,2,5.194726371,4,2,1,1
sample_06005.pdf,7224,1129,89801,391,14,55,5.562121753,142,71,1,0
sample_05754.pdf,40132,100,62528,217,11,27,6.920615048,56,28,1,0
sample_07364.pdf,15859,47,26383,234,29,12,6.560207158,26,13,1,0
sample_07497.pdf,1264,21,76584,135,12,2,5.842497196,4,2,1,0
sample_04252.pdf,1327,32,84515,173,11,17,5.570427304,38,19,1,0
sample_04802.pdf,1433,35,10680,419,38,4,5.11623132,10,5,1,0
sample_16752.pdf,0,0,9730,0,0,0,0.0,0,0,0,1
sample_15221.pdf,0,0,8423,0,0,0,0.0,0,0,0,1
sample_00669.pdf,1690,22,86723,272,65,7,5.552748596,16,8,1,0
sample_01562.pdf,48571,260,60733,254,8,32,6.734357303,66,33,1,0
sample_13043.pdf,0,0,15767,0,0,0,0.0,0,0,0,1
sample_12122.pdf,0,0,8388,0,0,0,0.0,0,0,0,1
sample_09455.pdf,0,0,9423,0,0,0,0.0,0,0,0,1
sample_01382.pdf,3061,22,45136,238,28,5,6.458658386,12,6,1,0
sample_02496.pdf,1511,98,14627,342,49,6,5.410851164,14,7,1,0
sample_10700.pdf,0,0,3958,0,0,0,0.0,0,0,0,1
sample_01689.pdf,30941,88,40818,248,39,24,6.707475547,50,25,1,0
sample_00618.pdf,1374,12,28809,198,12,3,5.294480347,6,3,1,0
sample_00481.pdf,3180,79,140155,161,23,32,6.206457351,68,34,1,0
sample_15491.pdf,0,0,8310,0,0,0,0.0,0,0,0,1
sample_02005.pdf,1337,24,107644,135,11,4,5.534273311,8,4,1,0
sample_05841.pdf,1138,21,76991,135,12,2,5.839564869,4,2,1,0
sample_00179.pdf,981,42,11217,314,16,10,5.411169241,22,11,1,0
sample_01213.pdf,20,36,238152,472,37,15,6.094885896,34,17,1,0
sample_05132.pdf,9681,37,25322,216,13,9,6.474678651,20,10,1,0
sample_08238.pdf,8947,36,19400,238,29,8,6.326793239,18,9,1,0
sample_14789.pdf,0,0,8280,0,0,0,0.0,0,0,0,1
sample_18883.pdf,0,0,9780,0,0,0,0.0,0,0,0,1
sample_12159.pdf,0,0,76382,0,0,0,0.0,0,0,0,1
sample_10893.pdf,0,0,17325,0,0,0,0.0,0,0,0,1
sample_12641.pdf,0,0,8246,0,0,0,0.0,0,0,0,1
sample_14684.pdf,0,0,8136,0,0,0,0.0,0,0,0,1
sample_01965.pdf,1205,21,74988,135,12,2,5.841624439,4,2,1,0
sample_01156.pdf,1463,28,95318,173,12,13,6.108113579,30,15,1,0
sample_03387.pdf,10579,934,104173,292,14,70,5.474811727,178,89,1,0
sample_18160.pdf,0,0,1923,0,0,0,0.0,0,0,0,1
sample_06116.pdf,2125,300,49198,324,22,31,5.199065827,72,36,1,0
sample_17811.pdf,0,0,8365,0,0,0,0.0,0,0,0,1
sample_00707.pdf,20863,5355,410159,303,27,96,6.769229367,198,99,1,0
sample_08127.pdf,1739,19,13960,217,33,3,7.079807422,6,3,1,0
sample_16578.pdf,1,6,21948,0,0,0,0.0,0,0,1,1
sample_07314.pdf,18694,739,82298,333,26,45,5.535279334,126,63,1,0
sample_09783.pdf,0,0,8293,0,0,0,0.0,0,0,0,1
sample_15034.pdf,0,0,9731,0,0,0,0.0,0,0,0,1
sample_18843.pdf,0,0,8239,0,0,0,0.0,0,0,0,1
sample_08958.pdf,1363,12,37926,198,12,3,5.315779211,6,3,1,0
sample_03257.pdf,2863,65,44220,262,56,6,6.543672239,16,8,1,0
sample_17206.pdf,5283,20,15091,126,7,8,5.369651993,18,9,1,1
sample_00534.pdf,561,85,18074,292,36,6,5.617979447,14,7,1,0
sample_08017.pdf,5031,150,18122,314,15,14,5.589170264,30,15,1,0
sample_06259.pdf,1219,12,25109,198,12,3,5.46158452,6,3,1,0
sample_08914.pdf,927,26,15363,478,38,3,6.959910511,6,3,1,0
sample_10741.pdf,0,0,9339,0,0,0,0.0,0,0,0,1
sample_01528.pdf,22270,921,139594,357,30,90,4.924168892,306,153,1,0
sample_03367.pdf,7449,192,31690,587,83,10,6.159931831,22,11,1,0
sample_14657.pdf,0,0,8425,0,0,0,0.0,0,0,0,1
sample_07086.pdf,1354,21,72537,135,12,2,5.843734943,4,2,1,0
sample_05607.pdf,4476,92,58547,334,30,13,4.509460414,54,27,1,0
sample_18290.pdf,0,0,8177,0,0,0,0.0,0,0,0,1
sample_18609.pdf,0,0,12343,0,0,0,0.0,0,0,0,1
sample_13676.pdf,0,0,16387,0,0,0,0.0,0,0,0,1
sample_11981.pdf,1,15,17524,208,44,0,3.21526339,4,2,1,1
sample_10847.pdf,0,0,15982,0,0,0,0.0,0,0,0,1
sample_06475.pdf,1353,12,35071,198,11,3,5.492591093,6,3,1,0
sample_00752.pdf,5887,97,46158,219,6,8,6.675559241,18,9,1,0
sample_17863.pdf,1,16,14915,214,44,0,4.534240447,4,2,1,1
sample_04571.pdf,97832,326,163997,124,12,25,6.386175099,50,25,1,0
sample_05881.pdf,96668,947,159152,312,19,54,6.730945963,112,56,1,0
sample_03280.pdf,6020,176,67840,200,8,8,6.737084494,18,9,1,0
sample_18778.pdf,0,0,9823,0,0,0,0.0,0,0,0,1
sample_12751.pdf,0,0,9724,0,0,0,0.0,0,0,0,1
sample_14216.pdf,0,0,2553,0,0,0,0.0,0,0,0,1
sample_13333.pdf,0,0,15907,0,0,0,0.0,0,0,0,1
sample_16056.pdf,0,0,8218,0,0,0,0.0,0,0,0,1
sample_10872.pdf,1,10,36337,184,7,1,1.0,2,1,1,1
sample_13251.pdf,0,0,9985,0,0,0,0.0,0,0,0,1
sample_13267.pdf,1,996,7557,211,39,10,4.68976857,22,11,1,1
sample_08980.pdf,2190,560,141237,307,25,100,4.414247309,624,312,1,0
sample_08647.pdf,404,132,16557,367,29,11,5.246540857,26,13,1,0
sample_14408.pdf,0,0,12101,0,0,0,0.0,0,0,0,1
sample_15246.pdf,5283,20,14957,126,7,8,5.370509926,18,9,1,1
sample_19059.pdf,1,16,14921,214,44,0,4.642212411,4,2,1,1
sample_19026.pdf,0,0,2679,0,0,0,0.0,0,0,0,1
sample_00835.pdf,9947,2660,200918,303,14,75,5.413760803,412,206,1,0
sample_06174.pdf,5043,27,23909,207,11,6,6.132818473,14,7,1,0
sample_11323.pdf,0,0,78594,0,0,0,0.0,0,0,0,1
sample_07136.pdf,6491,80,19991,500,22,8,6.032111298,18,9,1,0
sample_04751.pdf,57292,673,323148,202,32,38,6.815727468,78,39,1,0
sample_00932.pdf,6544,52,56133,309,64,16,6.532619567,36,18,1,0
sample_15948.pdf,0,0,8138,0,0,0,0.0,0,0,0,1
sample_14763.pdf,0,0,9685,0,0,0,0.0,0,0,0,1
sample_17198.pdf,0,0,16787,0,0,0,0.0,0,0,0,1
sample_01030.pdf,1626,28,84947,173,13,13,5.538948966,30,15,1,0
sample_01536.pdf,30825,39,59439,270,8,11,6.958245653,22,11,1,0
sample_17979.pdf,0,0,15657,0,0,0,0.0,0,0,0,1
sample_11876.pdf,0,0,4146,0,0,0,0.0,0,0,0,1
sample_04442.pdf,12598,43,19861,235,30,10,6.388537903,22,11,1,0
sample_18456.pdf,0,0,8284,0,0,0,0.0,0,0,0,1
sample_06752.pdf,1238,12,30567,198,11,3,5.378830871,6,3,1,0
sample_14238.pdf,37769,23,13670,278,15,7,6.997843559,14,7,1,1
sample_09708.pdf,94,31,11879,163,44,4,5.419749276,8,4,1,1
sample_11879.pdf,1,15,7392,208,44,0,4.470681824,4,2,1,1
sample_09230.pdf,10488,40,14228,87,10,10,6.48433404,20,10,1,0
sample_18877.pdf,0,0,16582,0,0,0,0.0,0,0,0,1
sample_09326.pdf,0,0,9882,0,0,0,0.0,0,0,0,1
sample_06082.pdf,4439,111,19012,509,56,8,5.953304463,18,9,1,0
sample_17983.pdf,0,0,13214,0,0,0,0.0,0,0,0,1
sample_10475.pdf,5283,20,14991,126,7,8,5.370181652,18,9,1,1
sample_02304.pdf,12978,821,90294,389,30,52,6.126253604,106,53,1,0
sample_09560.pdf,0,0,8288,0,0,0,0.0,0,0,0,1
sample_11064.pdf,0,0,9927,0,0,0,0.0,0,0,0,1
sample_08295.pdf,11474,833,106630,468,31,72,5.012517185,230,115,1,0
sample_06344.pdf,190,31,21964,235,23,17,5.926988964,36,18,1,0
sample_14410.pdf,0,0,76459,0,0,0,0.0,0,0,0,1
sample_12884.pdf,0,0,2004,0,0,0,0.0,0,0,0,1
sample_19235.pdf,0,0,9879,0,0,0,0.0,0,0,0,1
sample_04356.pdf,17565,906,149067,439,18,39,5.298698793,122,61,1,0
sample_05004.pdf,7579,100,54078,400,26,15,4.576152611,68,34,1,0
sample_12835.pdf,0,0,94261,0,0,0,0.0,0,0,0,1
sample_05285.pdf,1915,35,46981,239,26,19,5.896639818,40,20,1,0
sample_17439.pdf,0,0,8048,0,0,0,0.0,0,0,0,1
sample_16804.pdf,0,0,2151,0,0,0,0.0,0,0,0,1
sample_15350.pdf,5283,20,14981,126,7,8,5.370472188,18,9,1,1
sample_10121.pdf,0,0,7922,0,0,0,0.0,0,0,0,1
sample_05480.pdf,176503,10792,6702001,405,39,698,6.530912776,1812,906,1,0
sample_18776.pdf,0,0,9141,0,0,0,0.0,0,0,0,1
sample_18845.pdf,0,0,8173,0,0,0,0.0,0,0,0,1
sample_18600.pdf,0,0,77520,0,0,0,0.0,0,0,0,1
sample_06776.pdf,1646,231,97264,253,9,26,6.134816841,58,29,1,0
sample_02846.pdf,1469,31,783719,270,46,10,6.531826787,22,11,1,0
sample_10991.pdf,0,0,8270,0,0,0,0.0,0,0,0,1
sample_04435.pdf,30785,4465,343243,314,16,147,5.089802145,500,250,1,0
sample_07895.pdf,4472,95,43689,326,25,24,5.610414216,60,30,1,0
sample_12552.pdf,94,31,10691,163,44,4,5.439964527,8,4,1,1
sample_14643.pdf,0,0,12253,0,0,0,0.0,0,0,0,1
sample_16878.pdf,0,0,22280,0,0,0,0.0,0,0,0,1
sample_13257.pdf,0,0,37562,0,0,0,0.0,0,0,0,1
sample_17660.pdf,1,9,44194,0,0,0,3.937725917,4,2,1,1
sample_10936.pdf,828,10,7648,137,8,1,6.791384588,2,1,1,1
sample_13709.pdf,0,0,9341,0,0,0,0.0,0,0,0,1
sample_10333.pdf,0,0,16782,0,0,0,0.0,0,0,0,1
sample_01205.pdf,16661,124,127542,306,36,18,6.756310548,38,19,1,0
sample_05636.pdf,1693,134,173490,388,18,32,5.874108047,66,33,1,0
sample_18521.pdf,71,16,10256,214,44,2,7.103028966,4,2,1,1
sample_02026.pdf,1417,21,79826,145,12,2,5.858139662,4,2,1,0
sample_04429.pdf,4855,96,133189,177,38,17,6.112349738,40,20,1,0
sample_12498.pdf,0,0,77801,0,0,0,0.0,0,0,0,1
sample_06178.pdf,24185,46,59241,239,29,13,6.802382777,28,14,1,0
sample_04511.pdf,4058,81,17915,364,71,6,5.694692639,14,7,1,0
sample_10619.pdf,0,0,9790,0,0,0,0.0,0,0,0,1
sample_07454.pdf,1037,12,23737,198,10,3,5.37609792,6,3,1,0
sample_03406.pdf,7845,26,40714,239,29,6,6.557849164,14,7,1,0
sample_17462.pdf,1,15,17814,208,68,0,3.282548842,4,2,1,1
sample_09065.pdf,10999,160,25477,350,35,10,6.224861165,22,11,1,0
sample_03206.pdf,13846,50,25906,230,17,14,6.702782447,28,14,1,0
sample_10478.pdf,0,0,16221,0,0,0,0.0,0,0,0,1
sample_13920.pdf,0,0,17412,0,0,0,0.0,0,0,0,1
sample_12115.pdf,0,0,12259,0,0,0,0.0,0,0,0,1
sample_13655.pdf,0,0,8202,0,0,0,0.0,0,0,0,1
sample_14699.pdf,0,0,8261,0,0,0,0.0,0,0,0,1
sample_18393.pdf,1,15,8199,208,44,0,4.324925981,4,2,1,1
sample_00760.pdf,857,12,20212,160,11,3,5.290961669,6,3,1,0
sample_15778.pdf,2664,10,10652,234,19,1,6.836925319,2,1,1,1
sample_05385.pdf,15395,45,29407,233,28,11,6.472356583,24,12,1,0
sample_02319.pdf,9563,511,92026,343,30,54,5.243782568,154,77,1,0
sample_06249.pdf,6664,72,17169,369,56,8,5.887547997,18,9,1,0
sample_18020.pdf,0,0,9858,0,0,0,0.0,0,0,0,1
sample_00993.pdf,2778,272,138931,294,6,37,5.39153899,82,41,1,0
sample_11073.pdf,1,16,6565,214,44,2,7.074955627,4,2,1,1
sample_05046.pdf,1389,34,86411,173,12,19,5.506095958,42,21,1,0
sample_04246.pdf,53759,390,392794,290,34,30,6.717059559,62,31,1,0
sample_18531.pdf,0,0,74311,0,0,0,0.0,0,0,0,1
sample_05072.pdf,20930,111,147109,303,34,26,6.85150511,58,29,1,0
sample_07270.pdf,13778,883,129719,343,16,86,4.810067644,306,153,1,0
sample_02958.pdf,1259,21,59705,135,14,2,5.795389643,4,2,1,0
sample_12880.pdf,0,0,9291,0,0,0,0.0,0,0,0,1
sample_15844.pdf,1,9,47327,0,0,0,4.176034642,4,2,1,1
sample_06325.pdf,15391,386,41751,539,73,15,6.414481861,32,16,1,0
sample_01974.pdf,1952,22,11580,201,29,2,6.901616299,4,2,1,0
sample_14498.pdf,0,0,16884,0,0,0,0.0,0,0,0,1
sample_03316.pdf,33343,5718,250825,254,8,83,6.824674807,168,84,1,0
sample_00103.pdf,26017,1073,79588,733,135,35,6.636931361,72,36,1,0
sample_00059.pdf,796,177,37007,235,16,7,5.00741039,24,12,1,0
sample_04443.pdf,12863,43,21309,235,28,10,6.472661671,22,11,1,0
sample_04515.pdf,1330,46,114072,173,12,31,5.69265391,66,33,1,0
sample_02781.pdf,1615,18,142567,84,11,6,5.052363862,20,10,1,0
sample_12779.pdf,0,0,12459,0,0,0,0.0,0,0,0,1
sample_04005.pdf,9829,717,151192,460,31,48,5.922378387,106,53,1,0
sample_06150.pdf,28671,148,84435,228,13,12,6.809649778,26,13,1,0
sample_05911.pdf,15463,45,32515,222,10,17,5.90498414,36,18,1,0
sample_17873.pdf,0,0,9563,0,0,0,0.0,0,0,0,1
sample_09147.pdf,11919,781,90049,323,14,49,6.29097302,96,48,1,0
sample_13027.pdf,0,0,16632,0,0,0,0.0,0,0,0,1
sample_00016.pdf,31984,64,50002,233,26,21,6.699884451,44,22,1,0
sample_09747.pdf,0,0,16978,0,0,0,0.0,0,0,0,1
sample_18671.pdf,4010,20,12458,126,7,9,5.537790236,18,9,1,1
sample_16947.pdf,0,0,8013,0,0,0,0.0,0,0,0,1
sample_19241.pdf,0,0,9415,0,0,0,0.0,0,0,0,1
sample_04609.pdf,52204,168,170714,125,12,42,7.00309822,86,43,1,0
sample_18751.pdf,0,0,15612,0,0,0,0.0,0,0,0,1
sample_18301.pdf,0,0,1441,0,0,0,0.0,0,0,0,1
sample_13981.pdf,0,0,10041,0,0,0,0.0,0,0,0,1
sample_17436.pdf,0,0,8455,0,0,0,0.0,0,0,0,1
sample_18972.pdf,0,0,9346,0,0,0,0.0,0,0,0,1
sample_17224.pdf,0,0,9675,0,0,0,0.0,0,0,0,1
sample_12049.pdf,0,0,1985,0,0,0,0.0,0,0,0,1
sample_17318.pdf,0,0,9925,0,0,0,0.0,0,0,0,1
sample_16144.pdf,0,0,9596,0,0,0,0.0,0,0,0,1
sample_04053.pdf,4779,50,113247,250,3,14,6.428003814,30,15,1,0
sample_12858.pdf,0,0,9474,0,0,0,0.0,0,0,0,1
sample_03065.pdf,61537,783,103971,246,11,48,6.836707911,98,49,1,0
sample_00488.pdf,11617,2650,174263,372,29,113,5.04133708,366,183,1,0
sample_10608.pdf,0,0,9767,0,0,0,0.0,0,0,0,1
sample_15085.pdf,5283,20,15017,126,7,8,5.369946617,18,9,1,1
sample_00030.pdf,19616,70,91217,237,28,20,6.721085028,42,21,1,0
sample_12239.pdf,0,0,17353,0,0,0,0.0,0,0,0,1
sample_13008.pdf,0,0,8171,0,0,0,0.0,0,0,0,1
sample_01917.pdf,1611,184,49605,394,16,25,6.165511528,52,26,1,0
sample_04419.pdf,11834,2677,158593,408,32,100,5.015697917,334,167,1,0
sample_11611.pdf,0,0,16436,0,0,0,0.0,0,0,0,1
sample_12146.pdf,0,0,4146,0,0,0,0.0,0,0,0,1
sample_10600.pdf,1,17,6652,224,44,3,5.235119534,8,4,1,1
sample_19101.pdf,0,0,77259,0,0,0,0.0,0,0,0,1
sample_13878.pdf,0,0,9821,0,0,0,0.0,0,0,0,1
sample_12864.pdf,1,10,5969,156,37,2,5.651782063,6,3,1,1
sample_10232.pdf,0,0,11808,0,0,0,0.0,0,0,0,1
sample_19208.pdf,0,0,8327,0,0,0,0.0,0,0,0,1
sample_03882.pdf,12814,223,105601,270,56,12,6.761415131,26,13,1,0
sample_14141.pdf,0,0,9544,0,0,0,0.0,0,0,0,1
sample_06540.pdf,5384,31,14046,206,6,6,6.504158853,12,6,1,0
sample_05829.pdf,22072,49,61055,277,8,18,6.596249575,38,19,1,0
sample_06713.pdf,9252,105,154837,276,10,42,6.397603163,86,43,1,0
sample_15500.pdf,5283,20,15017,126,7,8,5.369980423,18,9,1,1
sample_06028.pdf,1377,12,34442,198,12,3,5.352637748,6,3,1,0
sample_07483.pdf,1594,21,83441,145,10,2,5.874712141,4,2,1,0
sample_00210.pdf,4291,78,17539,326,33,8,5.924140448,18,9,1,0
sample_00258.pdf,1790,117,319671,319,31,44,5.936474253,106,53,1,0
sample_01340.pdf,219667,457,254497,181,33,108,6.998532747,216,108,1,0
sample_16350.pdf,0,0,35382,0,0,0,0.0,0,0,0,1
sample_09856.pdf,0,0,12074,0,0,0,0.0,0,0,0,1
sample_02421.pdf,19355,45,16313,240,30,12,6.533859204,26,13,1,0
sample_17794.pdf,1,15,3527,208,44,1,5.266755595,4,2,1,1
sample_18798.pdf,0,0,9648,0,0,0,0.0,0,0,0,1
sample_10404.pdf,0,0,9494,0,0,0,0.0,0,0,0,1
sample_09377.pdf,0,0,8165,0,0,0,0.0,0,0,0,1
sample_11858.pdf,94,31,10694,163,44,4,5.461922282,8,4,1,1
sample_07417.pdf,11828,2450,127534,338,28,61,6.333211576,132,66,1,0
sample_17403.pdf,0,0,9369,0,0,0,0.0,0,0,0,1
sample_01875.pdf,8704,27,14143,87,11,6,6.901443049,12,6,1,0
sample_04982.pdf,31396,94,117911,239,29,28,6.907384115,58,29,1,0
sample_09897.pdf,0,0,15371,0,0,0,0.0,0,0,0,1
sample_03266.pdf,1617,21,89789,138,12,2,5.866743111,4,2,1,0
sample_08228.pdf,1593,29,86220,173,12,14,5.512451604,32,16,1,0
sample_05467.pdf,1199,21,70414,145,12,2,5.835615189,4,2,1,0
sample_06068.pdf,13704,44,17902,87,12,11,6.659834934,22,11,1,0
sample_04208.pdf,24726,838,145824,461,29,103,4.686510732,382,191,1,0
sample_08376.pdf,968,13,17077,188,12,3,5.258992909,8,4,1,0
sample_18094.pdf,1,16,3698,214,44,2,5.271907776,4,2,1,1
sample_10962.pdf,1,10,6012,156,37,2,5.726006008,6,3,1,1
sample_03079.pdf,77246,157,90350,235,28,48,6.888973755,98,49,1,0
sample_11378.pdf,0,0,9742,0,0,0,0.0,0,0,0,1
sample_09370.pdf,0,0,8165,0,0,0,0.0,0,0,0,1
sample_17724.pdf,1,28,4440,190,37,5,4.547524046,12,6,1,1
sample_08251.pdf,1221,12,25868,198,12,3,5.32461771,6,3,1,0
sample_15365.pdf,0,0,16048,0,0,0,0.0,0,0,0,1
sample_09192.pdf,6820,70,115262,232,29,23,6.651769871,48,24,1,0
sample_07723.pdf,19571,292,95098,237,23,24,6.683368061,52,26,1,0
sample_09559.pdf,0,0,8317,0,0,0,0.0,0,0,0,1
sample_01593.pdf,13674,49,36944,264,55,16,6.556657042,34,17,1,0
sample_13977.pdf,5283,20,14959,126,7,8,5.370392225,18,9,1,1
sample_03965.pdf,109510,46,127798,270,8,14,6.756289266,28,14,1,0
sample_08540.pdf,3693,34,27738,235,30,8,6.135645281,18,9,1,0
sample_16129.pdf,1,9,306227,0,0,0,3.981076196,4,2,1,1
sample_04715.pdf,87124,997,145878,622,97,44,6.898233088,90,45,1,0
sample_00634.pdf,256031,269,253984,121,12,81,6.958168409,164,82,1,0
sample_07448.pdf,34976,80,46393,235,28,22,6.766501596,46,23,1,0
sample_04304.pdf,5586,39,14647,231,35,11,6.528312612,22,11,1,0
sample_19174.pdf,0,0,16343,0,0,0,0.0,0,0,0,1
sample_17807.pdf,5283,20,15021,126,7,8,5.3696568,18,9,1,1
sample_05214.pdf,1478,131,174487,389,23,26,5.870052256,60,30,1,0
sample_09083.pdf,11840,477,82699,466,30,46,5.879457752,98,49,1,0
sample_15742.pdf,107,37,131731,174,68,5,6.607983624,10,5,1,1
sample_06222.pdf,10994,1659,87079,351,58,25,6.550019013,52,26,1,0
sample_02551.pdf,1083,12,30131,198,12,3,5.462858512,6,3,1,0
sample_11266.pdf,0,0,8093,0,0,0,0.0,0,0,0,1
sample_00844.pdf,10180,35,19548,233,28,9,6.409706201,20,10,1,0
sample_06199.pdf,9748,112,123893,330,39,20,6.628511501,42,21,1,0
sample_14071.pdf,0,0,9797,0,0,0,0.0,0,0,0,1
sample_18741.pdf,0,0,15602,0,0,0,0.0,0,0,0,1
sample_07500.pdf,1451,24,114674,138,13,4,5.62827294,8,4,1,0
sample_15996.pdf,0,0,8379,0,0,0,0.0,0,0,0,1
sample_03542.pdf,1644,146,208283,352,7,23,5.771021115,50,25,1,0
sample_14153.pdf,0,0,13347,0,0,0,0.0,0,0,0,1
sample_15769.pdf,1,10,26595,182,7,1,0.0,2,1,1,1
sample_09358.pdf,0,0,12905,0,0,0,0.0,0,0,0,1
sample_04088.pdf,93388,3295,330746,448,19,74,6.973711453,148,74,1,0
sample_06643.pdf,15620,3292,229088,352,15,111,5.078531309,360,180,1,0
sample_06762.pdf,6277,73,16093,295,1,7,5.813534907,16,8,1,0
sample_15360.pdf,0,0,14749,0,0,0,0.0,0,0,0,1
sample_03881.pdf,37203,84,72595,313,32,33,6.620139259,68,34,1,0
sample_00246.pdf,1203,21,77874,135,12,2,5.865042838,4,2,1,0
sample_19074.pdf,0,0,7980,0,0,0,0.0,0,0,0,1
sample_03209.pdf,1328,21,80430,135,12,2,5.855563128,4,2,1,0
sample_12928.pdf,5283,20,14959,126,7,8,5.370307504,18,9,1,1
sample_03196.pdf,13356,35,18962,32,12,10,6.564950124,20,10,1,0
sample_00252.pdf,16801,176,129985,252,16,62,6.80652704,126,63,1,0
sample_08930.pdf,1400,21,90265,135,12,2,5.887522197,4,2,1,0
sample_00666.pdf,27398,1638,776646,338,27,59,6.825479544,122,61,1,0
sample_11778.pdf,0,0,15676,0,0,0,0.0,0,0,0,1
sample_01024.pdf,4487,24,11081,238,29,5,5.739737841,12,6,1,0
sample_14798.pdf,0,0,3948,0,0,0,0.0,0,0,0,1
sample_16769.pdf,1,15,17296,208,44,0,3.215836467,4,2,1,1
sample_13435.pdf,0,0,19061,0,0,0,0.0,0,0,0,1
sample_08286.pdf,95344,414,251585,295,21,47,6.669632192,96,48,1,0
sample_10825.pdf,0,0,8467,0,0,0,0.0,0,0,0,1
sample_11268.pdf,0,0,8270,0,0,0,0.0,0,0,0,1
sample_16678.pdf,0,0,76422,0,0,0,0.0,0,0,0,1
sample_04031.pdf,19786,54,25170,234,29,13,6.581652905,28,14,1,0
sample_04595.pdf,33278,126,174137,294,39,28,7.072476478,56,28,1,0
sample_10852.pdf,0,0,2463,0,0,0,0.0,0,0,0,1
sample_15959.pdf,0,0,8461,0,0,0,0.0,0,0,0,1
sample_01164.pdf,1055,140,51362,374,25,14,5.973862129,30,15,1,0
sample_12341.pdf,0,0,8192,0,0,0,0.0,0,0,0,1
sample_12856.pdf,137,29,237507,183,68,5,5.790152011,12,6,1,1
sample_09888.pdf,0,0,3095,0,0,0,0.0,0,0,0,1
sample_19227.pdf,0,0,9749,0,0,0,0.0,0,0,0,1
sample_00122.pdf,4402,51,19649,204,11,20,6.137922891,42,21,1,0
sample_19242.pdf,0,0,9885,0,0,0,0.0,0,0,0,1
sample_13329.pdf,0,0,9469,0,0,0,0.0,0,0,0,1
sample_03863.pdf,1880,10,28898,173,11,2,5.651644853,8,4,1,0
sample_08477.pdf,54639,231,183490,309,38,33,6.69395133,68,34,1,0
sample_17364.pdf,7,96,26046,272,44,4,4.596069838,10,5,1,1
sample_18597.pdf,1,10,5932,156,37,2,5.684783462,6,3,1,1
sample_10626.pdf,14,36,75775,214,44,18,6.607559126,36,18,1,1
sample_01211.pdf,8429,133,199217,467,24,26,6.410246176,54,27,1,0
sample_14254.pdf,0,0,9616,0,0,0,0.0,0,0,0,1
sample_03019.pdf,11909,103,109429,286,23,21,6.583994143,44,22,1,0
sample_01739.pdf,5552,25,38636,239,29,6,6.493193145,14,7,1,0
sample_12558.pdf,5283,20,15013,126,7,8,5.370035609,18,9,1,1
sample_13927.pdf,1,9,95065,0,0,0,3.91286504,4,2,1,1
sample_06007.pdf,21497,56,37785,263,54,16,6.747240739,32,16,1,0
sample_03287.pdf,8609,305,262088,346,30,45,4.247310102,218,109,1,0
sample_00764.pdf,3688,403,75109,390,27,59,4.842590456,200,100,1,0
sample_10772.pdf,0,0,9675,0,0,0,0.0,0,0,0,1
sample_13714.pdf,0,0,17266,0,0,0,0.0,0,0,0,1
sample_04378.pdf,9581,162,169904,263,50,93,4.680553614,220,110,1,0
sample_01925.pdf,10776,601,146346,267,16,74,5.12954064,216,108,1,0
sample_14060.pdf,0,0,16168,0,0,0,0.0,0,0,0,1
sample_00150.pdf,176018,26,129010,263,8,6,7.155420833,12,6,1,0
sample_18185.pdf,0,0,8286,0,0,0,0.0,0,0,0,1
sample_14283.pdf,0,0,8199,0,0,0,0.0,0,0,0,1
sample_15560.pdf,0,0,14615,0,0,0,0.0,0,0,0,1
sample_05147.pdf,13449,25,39714,218,8,5,7.125392327,10,5,1,0
sample_15599.pdf,5283,20,15091,126,7,8,5.369640126,18,9,1,1
sample_04343.pdf,7800,182,111805,392,50,29,6.421800158,60,30,1,0
sample_14666.pdf,5283,20,15095,126,7,8,5.369701736,18,9,1,1
sample_09705.pdf,48839,25,17040,255,14,8,6.683086247,16,8,1,1
sample_05813.pdf,24085,257,99108,220,6,17,6.791178353,36,18,1,0
sample_00169.pdf,8576,204,29125,602,94,11,6.166328021,24,12,1,0
sample_07968.pdf,16732,124,31509,369,56,14,6.434681501,30,15,1,0
sample_08693.pdf,1377,21,83458,135,12,2,5.886125184,4,2,1,0
sample_02996.pdf,10347,28,44029,239,29,7,6.590487255,16,8,1,0
sample_16654.pdf,0,0,15090,0,0,0,0.0,0,0,0,1
sample_18397.pdf,0,0,15371,0,0,0,0.0,0,0,0,1
sample_06385.pdf,1195,21,84789,138,12,2,5.881643814,4,2,1,0
sample_06161.pdf,7222,405,85035,358,30,22,4.117142562,100,50,1,0
sample_06438.pdf,6015,721,93721,338,15,57,6.062585713,116,58,1,0
sample_13661.pdf,0,0,12303,0,0,0,0.0,0,0,0,1
sample_04375.pdf,1166,12,26582,198,10,3,5.475439834,6,3,1,0
sample_10228.pdf,0,0,9529,0,0,0,0.0,0,0,0,1
sample_17723.pdf,0,0,8020,0,0,0,0.0,0,0,0,1
sample_18999.pdf,94,31,10868,163,44,4,5.437312749,8,4,1,1
sample_07026.pdf,1354,21,79773,135,12,2,5.872851777,4,2,1,0
sample_00979.pdf,100541,59,22419,238,29,15,6.188086395,32,16,1,0
sample_05847.pdf,1316,21,69477,135,12,2,5.825057739,4,2,1,0
sample_15006.pdf,5283,20,15019,126,7,8,5.369940093,18,9,1,1
sample_14618.pdf,537,16,113491,282,68,2,6.509361332,6,3,1,1
sample_12682.pdf,0,0,8120,0,0,0,0.0,0,0,0,1
sample_01929.pdf,1278,17,30689,198,12,5,5.582690717,10,5,1,0
sample_18881.pdf,0,0,9470,0,0,0,0.0,0,0,0,1
sample_18499.pdf,0,0,13609,0,0,0,0.0,0,0,0,1
sample_00691.pdf,5084,352,162598,437,26,44,4.973722067,146,73,1,0
sample_07535.pdf,614,111,15365,204,34,11,6.017773259,24,12,1,0
sample_10634.pdf,0,0,9389,0,0,0,0.0,0,0,0,1
sample_04814.pdf,13191,382,82600,380,29,49,5.883048291,106,53,1,0
sample_00091.pdf,5931,24,15823,204,13,4,6.212015844,10,5,1,0
sample_14289.pdf,0,0,9705,0,0,0,0.0,0,0,0,1
sample_17882.pdf,0,0,12433,0,0,0,0.0,0,0,0,1
sample_06324.pdf,1266,21,70174,135,11,2,5.845412934,4,2,1,0
sample_00606.pdf,6572,2514,208615,358,29,114,4.703879615,544,272,1,0
sample_04669.pdf,1270,21,73904,145,12,2,5.83964591,4,2,1,0
sample_02922.pdf,1894,71,29086,457,94,15,6.50406599,34,17,1,0
sample_14484.pdf,0,0,2551,0,0,0,0.0,0,0,0,1
sample_05126.pdf,1004,12,32863,160,10,3,5.057259272,6,3,1,0
sample_05028.pdf,13680,799,99053,403,14,55,6.27574115,108,54,1,0
sample_04735.pdf,9852,405,76935,420,43,47,5.891573205,100,50,1,0
sample_08784.pdf,1764,27,83984,173,11,12,5.726122221,28,14,1,0
sample_06865.pdf,1177,12,25885,198,12,3,5.47139519,6,3,1,0
sample_13588.pdf,0,0,13028,0,0,0,0.0,0,0,0,1
sample_13155.pdf,5283,20,15089,126,7,8,5.369719655,18,9,1,1
sample_01321.pdf,1383,12,29087,160,8,3,5.227847695,6,3,1,0
sample_07190.pdf,1342,21,74457,135,15,2,5.823469858,4,2,1,0
sample_05654.pdf,12988,131,174333,276,10,56,6.317828955,116,58,1,0
sample_04223.pdf,5126,94,33608,305,24,19,5.368533284,38,19,1,0
sample_07320.pdf,1238,21,79901,145,12,2,5.859501044,4,2,1,0
sample_18424.pdf,0,0,8168,0,0,0,0.0,0,0,0,1
sample_06248.pdf,3362,312,32971,255,20,12,6.236513972,30,15,1,0
sample_02708.pdf,1204,21,81221,135,12,2,5.84588427,4,2,1,0
sample_15861.pdf,0,0,16859,0,0,0,0.0,0,0,0,1
sample_06044.pdf,1205,21,72626,135,12,2,5.843641172,4,2,1,0
sample_01035.pdf,1371,23,80708,173,15,8,5.618263658,20,10,1,0
sample_13870.pdf,0,0,1437,0,0,0,0.0,0,0,0,1
sample_07188.pdf,1290,12,27300,160,12,3,5.273138067,6,3,1,0
sample_17346.pdf,221,69,56012,214,44,51,6.253703718,102,51,1,1
sample_07047.pdf,9901,702,137217,267,18,58,5.312775551,158,79,1,0
sample_00659.pdf,6216,915,85302,334,43,51,5.59479335,122,61,1,0
sample_11462.pdf,0,0,16075,0,0,0,0.0,0,0,0,1
sample_13191.pdf,0,0,8288,0,0,0,0.0,0,0,0,1
sample_10144.pdf,5283,20,14983,126,7,8,5.370406228,18,9,1,1
sample_10875.pdf,5283,20,15091,126,7,8,5.369582634,18,9,1,1
sample_14150.pdf,0,0,9431,0,0,0,0.0,0,0,0,1
sample_02836.pdf,1419,35,97708,173,14,20,5.889708993,44,22,1,0
sample_14572.pdf,0,0,9489,0,0,0,0.0,0,0,0,1
sample_05831.pdf,34875,743,57057,350,57,22,6.546081964,46,23,1,0
sample_06855.pdf,11469,37,17271,233,28,8,6.294827497,18,9,1,0
sample_15249.pdf,0,0,12237,0,0,0,0.0,0,0,0,1
sample_07619.pdf,151171,2459,359048,271,20,79,6.943062549,160,80,1,0
sample_09632.pdf,0,0,16983,0,0,0,0.0,0,0,0,1
sample_04886.pdf,478,34,31681,289,23,4,4.277534691,8,4,1,0
sample_13670.pdf,0,0,13090,0,0,0,0.0,0,0,0,1
sample_05826.pdf,10433,2334,1131424,259,23,178,5.798333142,376,188,1,0
sample_17746.pdf,0,0,8165,0,0,0,0.0,0,0,0,1
sample_02914.pdf,3843,187,19577,521,6,8,6.014675663,18,9,1,0
sample_06479.pdf,26451,86,340312,167,11,32,6.511689561,66,33,1,0
sample_06072.pdf,1437,24,83492,173,12,9,5.568204052,22,11,1,0
sample_00784.pdf,7607,149,43243,287,16,29,6.311271104,60,30,1,0
sample_10434.pdf,0,0,9512,0,0,0,0.0,0,0,0,1
sample_13898.pdf,0,0,35565,0,0,0,0.0,0,0,0,1
sample_12013.pdf,5283,20,15093,126,7,8,5.36961898,18,9,1,1
sample_10544.pdf,0,0,16036,0,0,0,0.0,0,0,0,1
sample_00860.pdf,9414,383,51424,508,66,16,6.426514201,34,17,1,0
sample_01290.pdf,404,59,16617,377,29,11,5.154412965,26,13,1,0
sample_18581.pdf,5283,20,14991,126,7,8,5.370357037,18,9,1,1
sample_01565.pdf,17115,476,194837,301,30,41,6.546107334,100,50,1,0
sample_13159.pdf,0,0,9421,0,0,0,0.0,0,0,0,1
sample_04303.pdf,3799,369,87977,281,24,5,3.248967299,308,154,1,0
sample_16596.pdf,1,16,10772,214,44,0,4.664705361,4,2,1,1
sample_03515.pdf,1303,35,98513,173,18,20,6.358235608,44,22,1,0
sample_09832.pdf,0,0,9682,0,0,0,0.0,0,0,0,1
sample_10337.pdf,0,0,15035,0,0,0,0.0,0,0,0,1
sample_00498.pdf,431965,54,153009,501,240,20,6.509736742,42,21,1,0
sample_15243.pdf,0,0,9286,0,0,0,0.0,0,0,0,1
sample_01483.pdf,6139,260,43238,313,30,29,5.824910582,56,28,1,0
sample_15860.pdf,0,0,9537,0,0,0,0.0,0,0,0,1
sample_01795.pdf,14476,42,50926,270,8,8,7.01437952,16,8,1,0
sample_09248.pdf,10757,41,18734,214,6,8,6.79727331,16,8,1,0
sample_11050.pdf,0,0,9865,0,0,0,0.0,0,0,0,1
sample_07087.pdf,1259,21,73807,138,12,2,5.821515173,4,2,1,0
sample_11457.pdf,0,0,8137,0,0,0,0.0,0,0,0,1
sample_11315.pdf,0,0,9528,0,0,0,0.0,0,0,0,1
sample_17647.pdf,0,0,37944,0,0,0,0.0,0,0,0,1
sample_12240.pdf,0,0,7690,0,0,0,0.0,0,0,0,1
sample_18403.pdf,0,0,9487,0,0,0,0.0,0,0,0,1
sample_08644.pdf,6467,33,30920,276,11,8,6.266160553,18,9,1,0
sample_03099.pdf,11407,36,30849,237,28,7,6.367123043,16,8,1,0
sample_15533.pdf,0,0,1462,0,0,0,0.0,0,0,0,1
sample_08847.pdf,48236,257,153399,257,35,29,6.652771429,60,30,1,0
sample_17594.pdf,0,0,9817,0,0,0,0.0,0,0,0,1
sample_12546.pdf,0,0,9928,0,0,0,0.0,0,0,0,1
sample_12360.pdf,0,0,8509,0,0,0,0.0,0,0,0,1
sample_12217.pdf,0,0,9821,0,0,0,0.0,0,0,0,1
sample_02880.pdf,17915,45,79106,239,29,13,6.809899455,28,14,1,0
sample_10102.pdf,0,0,8137,0,0,0,0.0,0,0,0,1
sample_04276.pdf,7110,37,16080,235,28,9,6.19738085,20,10,1,0
sample_14819.pdf,1,16,9575,201,44,2,5.324901678,4,2,1,1
sample_06326.pdf,1441,21,93619,135,11,2,5.890700464,4,2,1,0
sample_13000.pdf,0,0,8214,0,0,0,0.0,0,0,0,1
sample_13162.pdf,0,0,16198,0,0,0,0.0,0,0,0,1
sample_08392.pdf,1345,21,81716,145,11,2,5.869199612,4,2,1,0
sample_05494.pdf,1359,31,76606,173,12,16,5.565935914,36,18,1,0
sample_06362.pdf,8605,542,127455,305,17,58,5.192917348,170,85,1,0
sample_05236.pdf,6388,59,170221,194,13,9,5.35043814,26,13,1,0
sample_05460.pdf,1565,139,263049,376,15,29,5.77378685,60,30,1,0
sample_11548.pdf,1,16,15117,214,44,0,4.537346844,4,2,1,1
sample_06651.pdf,10069,339,68857,453,30,46,6.105233298,90,45,1,0
sample_07814.pdf,1871,59,148306,392,25,47,5.831337865,96,48,1,0
sample_02342.pdf,6600,30,13930,234,29,5,6.018202794,12,6,1,0
sample_14506.pdf,0,0,9914,0,0,0,0.0,0,0,0,1
sample_04161.pdf,12952,544,55886,658,110,17,6.559873597,36,18,1,0
sample_04632.pdf,105582,40,126819,270,8,13,6.797298582,26,13,1,0
sample_01979.pdf,1405,178,128035,353,12,25,5.990884125,52,26,1,0
sample_02448.pdf,1493,31,104325,173,12,16,5.576764906,36,18,1,0
sample_06556.pdf,1623,25,84198,219,13,5,6.075706362,12,6,1,0
sample_09447.pdf,0,0,9552,0,0,0,0.0,0,0,0,1
sample_11450.pdf,1,16,14768,214,44,0,4.537069598,4,2,1,1
sample_04377.pdf,14859,85,88682,163,11,37,6.441763259,76,38,1,0
sample_02671.pdf,72267,371,391042,291,31,45,6.754853462,92,46,1,0
sample_07179.pdf,1348,42,88234,173,12,27,5.681197523,58,29,1,0
sample_18023.pdf,0,0,17113,0,0,0,0.0,0,0,0,1
sample_14483.pdf,4345,20,9522,126,7,9,5.536128523,18,9,1,1
sample_16407.pdf,0,0,9579,0,0,0,0.0,0,0,0,1
sample_19154.pdf,0,0,8471,0,0,0,0.0,0,0,0,1
sample_01584.pdf,66043,115,382039,185,20,51,6.219112143,130,65,1,0
sample_07593.pdf,1242,21,77799,135,12,2,5.852193067,4,2,1,0
sample_12755.pdf,0,0,16938,0,0,0,0.0,0,0,0,1
sample_16559.pdf,0,0,9512,0,0,0,0.0,0,0,0,1
sample_16053.pdf,0,0,13216,0,0,0,0.0,0,0,0,1
sample_07508.pdf,69827,1482,292660,466,1,49,6.804696092,100,50,1,0
sample_18791.pdf,13846,25,50412,282,13,6,6.695285829,12,6,1,1
sample_04701.pdf,4661,43,49065,169,11,10,6.450876491,30,15,1,0
sample_00086.pdf,36310,657,130123,277,8,25,6.673791341,52,26,1,0
sample_15713.pdf,0,0,7950,0,0,0,0.0,0,0,0,1
sample_06429.pdf,75774,52,80465,270,8,15,7.119232738,30,15,1,0
sample_07220.pdf,9199,526,72517,316,16,52,6.044853054,104,52,1,0
sample_03275.pdf,7378,22,11672,272,63,3,5.511877035,8,4,1,0
sample_10812.pdf,0,0,8268,0,0,0,0.0,0,0,0,1
sample_08313.pdf,1086,21,61184,135,12,2,5.845779711,4,2,1,0
sample_16566.pdf,828,10,7636,137,8,1,6.791384588,2,1,1,1
sample_04216.pdf,64743,405,397500,286,32,31,6.740783615,64,32,1,0
sample_07903.pdf,3192,806,167564,294,6,74,4.527866912,168,84,1,0
sample_00920.pdf,1198,12,26155,198,12,3,5.284706873,6,3,1,0
sample_08274.pdf,2878,96,249376,299,26,8,6.943832814,16,8,1,0
sample_13205.pdf,0,0,8232,0,0,0,0.0,0,0,0,1
sample_07470.pdf,6355,40,54910,208,15,10,6.577109922,22,11,1,0
sample_05103.pdf,9564,146,25842,254,8,11,6.200612153,24,12,1,0
sample_08363.pdf,991,23,6499,229,18,8,4.967097345,18,9,1,0
sample_18072.pdf,0,0,7611,0,0,0,0.0,0,0,0,1
sample_07403.pdf,4546,310,68960,324,27,47,5.605945486,96,48,1,0
sample_15378.pdf,0,0,4064,0,0,0,0.0,0,0,0,1
sample_09948.pdf,0,0,4115,0,0,0,0.0,0,0,0,1
sample_06527.pdf,2061,19,14132,330,35,4,5.833104882,10,5,1,0
sample_06144.pdf,1017,29,95611,176,19,5,6.40577911,10,5,1,0
sample_02207.pdf,4604,194,23381,359,65,10,6.14630248,22,11,1,0
sample_00867.pdf,1292,21,73805,138,12,2,5.836384134,4,2,1,0
sample_13759.pdf,29,10,18020,198,13,1,5.289898095,2,1,1,1
sample_10926.pdf,0,0,567246,0,0,0,0.0,0,0,0,1
sample_08094.pdf,41287,3726,333249,426,30,263,4.575230397,1264,632,1,0
sample_14586.pdf,0,0,9445,0,0,0,0.0,0,0,0,1
sample_04848.pdf,12382,45,33411,301,32,8,6.601096871,18,9,1,0
sample_12131.pdf,0,0,1904,0,0,0,0.0,0,0,0,1
sample_16779.pdf,0,0,29297,0,0,0,0.0,0,0,0,1
sample_09602.pdf,828,10,7633,137,8,1,6.791384588,2,1,1,1
sample_11240.pdf,1,9,305957,0,0,0,4.007044634,4,2,1,1
sample_02736.pdf,1308,21,77475,135,10,2,5.842386077,4,2,1,0
sample_13950.pdf,0,0,9623,0,0,0,0.0,0,0,0,1
sample_11034.pdf,129,37,113886,179,48,4,4.755042723,16,8,1,1
sample_07744.pdf,5215,24,11838,236,29,5,5.922632386,12,6,1,0
sample_05805.pdf,8769,1104,130052,347,28,89,4.685174772,326,163,1,0
sample_12076.pdf,0,0,8341,0,0,0,0.0,0,0,0,1
sample_11933.pdf,0,0,12492,0,0,0,0.0,0,0,0,1
sample_01732.pdf,1172,12,24024,198,12,3,5.386718953,6,3,1,0
sample_03990.pdf,1591,39,104482,173,12,24,5.856201748,52,26,1,0
sample_03215.pdf,4035,91,68501,257,35,9,6.561554229,20,10,1,0
sample_19097.pdf,0,0,9703,0,0,0,0.0,0,0,0,1
sample_07238.pdf,519,1339,1435400,158,36,331,5.112499068,1324,662,1,0
sample_07634.pdf,15861,466,44909,503,61,16,6.4222909,34,17,1,0
sample_14855.pdf,0,0,1898,0,0,0,0.0,0,0,0,1
sample_05988.pdf,1103,21,67186,135,13,2,5.811098704,4,2,1,0
sample_08315.pdf,36295,178,147006,254,31,29,6.615372074,60,30,1,0
sample_02474.pdf,1196,21,81065,145,11,2,5.862580607,4,2,1,0
sample_01306.pdf,1253,12,25882,198,12,3,5.289367055,6,3,1,0
sample_05574.pdf,16420,44,23642,235,28,11,6.505602692,24,12,1,0
sample_08317.pdf,5448,38,11634,184,11,10,6.409510341,20,10,1,0
sample_03093.pdf,1501,131,152241,356,9,20,5.899619741,42,21,1,0
sample_06423.pdf,9375,106,25149,302,56,10,6.220544533,22,11,1,0
sample_13216.pdf,0,0,2712,0,0,0,0.0,0,0,0,1
sample_16610.pdf,0,0,15821,0,0,0,0.0,0,0,0,1
sample_01428.pdf,13668,202,71603,499,62,19,6.520266068,40,20,1,0
sample_08304.pdf,88251,132,122866,275,66,38,6.90692136,78,39,1,0
sample_16267.pdf,5283,20,15051,126,7,8,5.369816817,18,9,1,1
sample_09690.pdf,1,28,38363,214,44,10,6.377065163,20,10,1,1
sample_08929.pdf,1547,94,98998,400,16,20,6.125514952,42,21,1,0
sample_01193.pdf,13696,53,46945,296,52,13,6.426906906,30,15,1,0
sample_16870.pdf,1,16,3201,214,44,2,5.227465877,4,2,1,1
sample_10127.pdf,0,0,8249,0,0,0,0.0,0,0,0,1
sample_08688.pdf,11540,34,18602,126,11,9,6.777342871,18,9,1,0
sample_16765.pdf,0,0,17110,0,0,0,0.0,0,0,0,1
sample_17685.pdf,0,0,16252,0,0,0,0.0,0,0,0,1
sample_06647.pdf,1434,154,174132,418,26,30,5.898424252,68,34,1,0
sample_13081.pdf,0,0,9800,0,0,0,0.0,0,0,0,1
sample_16513.pdf,0,0,16151,0,0,0,0.0,0,0,0,1
sample_11542.pdf,0,0,9733,0,0,0,0.0,0,0,0,1
sample_17212.pdf,0,0,9365,0,0,0,0.0,0,0,0,1
sample_16823.pdf,0,0,8406,0,0,0,0.0,0,0,0,1
sample_00817.pdf,8879,379,82638,442,34,53,5.668930858,124,62,1,0
sample_01729.pdf,1408,22,78536,173,10,7,5.521741,18,9,1,0
sample_13169.pdf,0,0,2047,0,0,0,0.0,0,0,0,1
sample_00912.pdf,1965,211,55345,344,45,48,5.039424963,142,71,1,0
sample_05263.pdf,18046,40,17725,196,9,9,6.616344169,20,10,1,0
sample_09012.pdf,1742,57,11834,637,126,5,5.445916399,12,6,1,0
sample_03850.pdf,3919,1033,76179,332,30,51,5.572853922,134,67,1,0
sample_16776.pdf,0,0,2002,0,0,0,0.0,0,0,0,1
sample_02452.pdf,6640,82,24814,269,23,10,6.22148211,22,11,1,0
sample_10308.pdf,0,0,9814,0,0,0,0.0,0,0,0,1
sample_08940.pdf,7630,605,70756,364,43,43,5.975526984,88,44,1,0
sample_13131.pdf,0,0,9543,0,0,0,0.0,0,0,0,1
sample_03075.pdf,1261,21,78044,145,12,2,5.86497122,4,2,1,0
sample_08485.pdf,17472,54,40872,345,11,24,5.762039444,52,26,1,0
sample_06080.pdf,15690,824,394012,343,27,41,3.416375596,828,414,1,0
sample_12551.pdf,0,0,2722,0,0,0,0.0,0,0,0,1
sample_03894.pdf,13188,373,80796,380,29,49,5.858777081,106,53,1,0
sample_09598.pdf,0,0,9747,0,0,0,0.0,0,0,0,1
sample_17889.pdf,0,0,15130,0,0,0,0.0,0,0,0,1
sample_12266.pdf,1,15,17757,208,44,0,3.282641423,4,2,1,1
sample_15544.pdf,0,0,12318,0,0,0,0.0,0,0,0,1
sample_05163.pdf,65396,139,103711,372,32,40,6.811068395,82,41,1,0
sample_00290.pdf,553,25,19610,426,38,3,6.944940813,6,3,1,0
sample_18733.pdf,1,10,31081,191,6,1,1.0,2,1,1,1
sample_03993.pdf,1142,26,70550,173,13,11,5.993545643,26,13,1,0
sample_19034.pdf,0,0,8266,0,0,0,0.0,0,0,0,1
sample_01677.pdf,1426,39,105499,172,36,23,6.051887875,48,24,1,0
sample_12155.pdf,0,0,9553,0,0,0,0.0,0,0,0,1
sample_00351.pdf,19766,4991,247252,334,14,103,4.726728919,402,201,1,0
sample_01058.pdf,13640,22,20476,222,8,2,6.429734065,4,2,1,0
sample_16903.pdf,0,0,17256,0,0,0,0.0,0,0,0,1
sample_00818.pdf,717,32,342705,84,11,12,4.943593868,40,20,1,0
sample_13917.pdf,0,0,9678,0,0,0,0.0,0,0,0,1
sample_03032.pdf,10770,262,154575,294,36,25,6.369836929,58,29,1,0
sample_14331.pdf,15638,19,11298,217,7,4,5.791668795,8,4,1,1
sample_09642.pdf,1,9,131963,0,0,0,3.486131102,4,2,1,1
sample_17535.pdf,0,0,8243,0,0,0,0.0,0,0,0,1
sample_09445.pdf,5283,20,15089,126,7,8,5.369644356,18,9,1,1
sample_17715.pdf,828,10,7564,137,8,1,6.791384588,2,1,1,1
sample_15826.pdf,0,0,9161,0,0,0,0.0,0,0,0,1
sample_07077.pdf,3241,60,16662,337,54,7,5.745369138,16,8,1,0
sample_18231.pdf,0,0,8161,0,0,0,0.0,0,0,0,1
sample_02800.pdf,17496,28,22860,222,8,5,6.619845672,10,5,1,0
sample_09657.pdf,0,0,9662,0,0,0,0.0,0,0,0,1
sample_00284.pdf,4380,74,179030,374,29,18,5.37866638,50,25,1,0
sample_11930.pdf,221,69,56005,214,44,51,6.255207126,102,51,1,1
sample_09215.pdf,1274,21,78616,135,11,2,5.857097049,4,2,1,0
sample_19226.pdf,0,0,9927,0,0,0,0.0,0,0,0,1
sample_10146.pdf,0,0,2735,0,0,0,0.0,0,0,0,1
sample_15957.pdf,0,0,9580,0,0,0,0.0,0,0,0,1
sample_11504.pdf,1,16,14877,214,44,0,4.64251299,4,2,1,1
sample_09306.pdf,0,0,8129,0,0,0,0.0,0,0,0,1
sample_03182.pdf,4159,296,178326,414,33,42,6.173809512,94,47,1,0
sample_07770.pdf,7433,896,95723,300,14,52,6.053709395,110,55,1,0
sample_11810.pdf,0,0,9301,0,0,0,0.0,0,0,0,1
sample_04241.pdf,82844,68,75171,336,31,15,7.123117277,30,15,1,0
sample_17721.pdf,0,0,8252,0,0,0,0.0,0,0,0,1
sample_10466.pdf,0,0,12203,0,0,0,0.0,0,0,0,1
sample_11125.pdf,1,9,305687,0,0,0,3.977945618,4,2,1,1
sample_06069.pdf,1423,21,94269,135,12,2,5.889387362,4,2,1,0
sample_04085.pdf,1,12,1715,329,16,1,5.856440477,2,1,1,0
sample_09582.pdf,0,0,12096,0,0,0,0.0,0,0,0,1
sample_11789.pdf,0,0,17619,0,0,0,0.0,0,0,0,1
sample_13138.pdf,0,0,8318,0,0,0,0.0,0,0,0,1
sample_17818.pdf,0,0,12536,0,0,0,0.0,0,0,0,1
sample_07397.pdf,1217,21,70263,135,9,2,5.858559319,4,2,1,0
sample_06323.pdf,4587,451,375713,305,31,14,6.239949638,40,20,1,0
sample_04473.pdf,1232,21,77046,135,12,2,5.851519345,4,2,1,0
sample_07616.pdf,70098,100,98315,341,96,25,6.776179676,52,26,1,0
sample_08144.pdf,24921,1372,151324,313,17,62,6.327616349,122,61,1,0
sample_09902.pdf,0,0,9454,0,0,0,0.0,0,0,0,1
sample_13734.pdf,0,0,8056,0,0,0,0.0,0,0,0,1
sample_09743.pdf,0,0,8274,0,0,0,0.0,0,0,0,1
sample_17104.pdf,5283,20,15041,126,7,8,5.369909293,18,9,1,1
sample_18080.pdf,0,0,12653,0,0,0,0.0,0,0,0,1
sample_00266.pdf,1176,21,81832,135,12,2,5.876106068,4,2,1,0
sample_14489.pdf,0,0,9340,0,0,0,0.0,0,0,0,1
sample_02967.pdf,10019,580,136632,267,16,64,5.097203015,194,97,1,0
sample_13029.pdf,0,0,15122,0,0,0,0.0,0,0,0,1
sample_02365.pdf,4533,234,61653,83,16,35,6.04867449,72,36,1,0
sample_15201.pdf,43554,23,12442,308,17,7,6.884696015,14,7,1,1
sample_04582.pdf,1296,21,81082,135,12,2,5.871234459,4,2,1,0
sample_04324.pdf,1275,12,25246,198,12,3,5.228985205,6,3,1,0
sample_16253.pdf,0,0,9570,0,0,0,0.0,0,0,0,1
sample_08735.pdf,57095,2132,196320,262,10,47,6.737427091,98,49,1,0
sample_00683.pdf,7138,27,27843,407,12,7,6.279363001,16,8,1,0
sample_17640.pdf,1,70,9707,0,0,1,7.155231073,2,1,1,1
sample_04679.pdf,11466,169,25852,320,29,10,6.23158832,22,11,1,0
sample_06727.pdf,6559,20,10970,180,12,3,7.014690211,6,3,1,0
sample_09749.pdf,0,0,37948,0,0,0,0.0,0,0,0,1
sample_11165.pdf,0,0,9796,0,0,0,0.0,0,0,0,1
sample_16806.pdf,0,0,76588,0,0,0,0.0,0,0,0,1
sample_03814.pdf,1142,12,27821,198,8,3,5.398499844,6,3,1,0
sample_11172.pdf,5283,20,15093,126,7,8,5.369684355,18,9,1,1
sample_11110.pdf,0,0,3869,0,0,0,0.0,0,0,0,1
sample_07667.pdf,1315,21,81389,135,12,2,5.869872712,4,2,1,0
sample_15182.pdf,0,0,15450,0,0,0,0.0,0,0,0,1
sample_03690.pdf,8783,34,53770,238,28,9,6.698916925,20,10,1,0
sample_18646.pdf,0,0,9686,0,0,0,0.0,0,0,0,1
sample_15569.pdf,0,0,16809,0,0,0,0.0,0,0,0,1
sample_14781.pdf,0,0,15757,0,0,0,0.0,0,0,0,1
sample_07265.pdf,17524,41,28205,399,62,7,6.618226965,16,8,1,0
sample_03104.pdf,22111,80,228741,194,13,20,6.12291053,38,19,1,0
sample_11250.pdf,0,0,9346,0,0,0,0.0,0,0,0,1
sample_11871.pdf,0,0,9497,0,0,0,0.0,0,0,0,1
sample_13528.pdf,5283,20,15019,126,7,8,5.369917979,18,9,1,1
sample_05025.pdf,1096,16,124620,26,12,3,5.244539349,12,6,1,0
sample_14102.pdf,1,15,17928,208,44,0,3.282026901,4,2,1,1
sample_13815.pdf,0,0,1995,0,0,0,0.0,0,0,0,1
sample_10200.pdf,0,0,9716,0,0,0,0.0,0,0,0,1
sample_09766.pdf,5283,20,15093,126,7,8,5.369613584,18,9,1,1
sample_06629.pdf,5207,97,63165,212,20,8,6.720504003,18,9,1,0
sample_16703.pdf,0,0,9570,0,0,0,0.0,0,0,0,1
sample_13907.pdf,0,0,9741,0,0,0,0.0,0,0,0,1
sample_10913.pdf,0,0,8187,0,0,0,0.0,0,0,0,1
sample_13437.pdf,0,0,15843,0,0,0,0.0,0,0,0,1
sample_05667.pdf,955,13,17889,188,13,3,5.314361134,8,4,1,0
sample_06331.pdf,28378,105,378679,172,11,23,6.910824255,48,24,1,0
sample_05757.pdf,23884,217,96455,221,6,13,6.829935413,28,14,1,0
sample_18527.pdf,0,0,9441,0,0,0,0.0,0,0,0,1
sample_01420.pdf,963,13,17056,188,12,3,5.264773847,8,4,1,0
sample_00577.pdf,21912,239,40359,387,56,18,6.568194467,38,19,1,0
sample_01264.pdf,29500,159,160766,321,38,27,6.544788149,58,29,1,0
sample_06159.pdf,34839,172,161647,362,37,26,6.737985091,54,27,1,0
sample_17516.pdf,1,18,5083,100,44,3,6.730096412,6,3,1,1
sample_18307.pdf,0,0,17389,0,0,0,0.0,0,0,0,1
sample_15998.pdf,0,0,1965,0,0,0,0.0,0,0,0,1
sample_18459.pdf,0,0,9761,0,0,0,0.0,0,0,0,1
sample_17326.pdf,0,0,2048000,0,0,0,0.0,0,0,0,1
sample_10784.pdf,0,0,15118,0,0,0,0.0,0,0,0,1
sample_16497.pdf,0,0,8331,0,0,0,0.0,0,0,0,1
sample_18921.pdf,0,0,9329,0,0,0,0.0,0,0,0,1
sample_15371.pdf,0,0,8177,0,0,0,0.0,0,0,0,1
sample_04075.pdf,1430,207,253722,453,21,23,5.86181793,48,24,1,0
sample_14878.pdf,71,16,10163,214,44,2,7.102220476,4,2,1,1
sample_04317.pdf,1580,130,168947,387,13,29,5.87707388,66,33,1,0
sample_18992.pdf,0,0,9590,0,0,0,0.0,0,0,0,1
sample_16222.pdf,0,0,9452,0,0,0,0.0,0,0,0,1
sample_06500.pdf,1307,21,77541,135,12,2,5.832883103,4,2,1,0
sample_05639.pdf,1204,21,79412,135,12,2,5.855339418,4,2,1,0
sample_18107.pdf,5283,20,15003,126,7,8,5.370370041,18,9,1,1
sample_13376.pdf,0,0,15875,0,0,0,0.0,0,0,0,1
sample_18942.pdf,0,0,8499,0,0,0,0.0,0,0,0,1
sample_08642.pdf,4298,128,68449,262,35,8,6.729532568,18,9,1,0
sample_16829.pdf,0,0,9790,0,0,0,0.0,0,0,0,1
sample_16699.pdf,5283,20,15023,126,7,8,5.370096076,18,9,1,1
sample_08494.pdf,1397,26,91121,173,10,11,5.868790657,26,13,1,0
sample_07249.pdf,1360,21,75946,145,13,2,5.857141614,4,2,1,0
sample_16079.pdf,0,0,2061,0,0,0,0.0,0,0,0,1
sample_15268.pdf,5283,20,14959,126,7,8,5.370338873,18,9,1,1
sample_02188.pdf,67187,69,78433,226,8,21,6.853767042,44,22,1,0
sample_09782.pdf,0,0,8093,0,0,0,0.0,0,0,0,1
sample_05075.pdf,6609,21,11923,238,29,4,5.763405856,10,5,1,0
sample_07008.pdf,1159,21,70420,135,10,2,5.828745138,4,2,1,0
sample_07073.pdf,101588,476,282037,276,32,47,6.828276077,96,48,1,0
sample_00737.pdf,37988,894,89322,324,12,28,6.77093953,58,29,1,0
sample_03843.pdf,978,12,21294,160,7,3,5.202402494,6,3,1,0
sample_10325.pdf,0,0,8157,0,0,0,0.0,0,0,0,1
sample_13800.pdf,0,0,9323,0,0,0,0.0,0,0,0,1
sample_09658.pdf,49822,25,15847,207,20,8,6.887078609,16,8,1,1
sample_04652.pdf,1254,21,86579,135,12,2,5.892115128,4,2,1,0
sample_16097.pdf,5283,20,15091,126,7,8,5.369559819,18,9,1,1
sample_17440.pdf,3313,20,11738,126,7,9,5.538283872,18,9,1,1
sample_04673.pdf,55,27,4890,284,11,9,4.599861612,18,9,1,0
sample_07875.pdf,20490,205,40417,254,8,16,6.50744987,34,17,1,0
sample_08060.pdf,10469,710,107903,338,30,73,4.951019553,254,127,1,0
sample_02351.pdf,2448,14,7093,181,12,1,7.065320755,2,1,1,0
sample_12207.pdf,0,0,14811,0,0,0,0.0,0,0,0,1
sample_02805.pdf,13511,191,74053,314,19,0,3.23407373,106,53,1,0
sample_00221.pdf,8961,2063,95525,307,27,51,5.292095667,154,77,1,0
sample_11386.pdf,0,0,15679,0,0,0,0.0,0,0,0,1
sample_10258.pdf,0,0,9942,0,0,0,0.0,0,0,0,1
sample_06505.pdf,1041,12,22764,198,11,3,5.440582722,6,3,1,0
sample_03513.pdf,3558,2748,79531,375,30,24,4.592851859,110,55,1,0
sample_10874.pdf,1,15,3679,208,68,1,5.261683345,4,2,1,1
sample_00020.pdf,1560,141,210444,400,9,30,5.898126429,62,31,1,0
sample_04415.pdf,6717,29,13485,233,28,6,6.137527667,14,7,1,0
sample_09951.pdf,1,10,26453,182,7,1,0.0,2,1,1,1
sample_03262.pdf,53584,59,75141,269,8,14,7.004600934,28,14,1,0
sample_03401.pdf,1207,21,75406,135,12,2,5.81972615,4,2,1,0
sample_01196.pdf,60076,107,71502,235,28,29,6.820054526,60,30,1,0
sample_18413.pdf,0,0,2720,0,0,0,0.0,0,0,0,1
sample_12943.pdf,0,0,1446,0,0,0,0.0,0,0,0,1
sample_06490.pdf,3,8,66083,321,12,3,6.63064805,6,3,1,0
sample_08266.pdf,4910,13,5682,299,26,4,6.625341879,8,4,1,0
sample_01434.pdf,32329,65,126838,258,51,19,6.939197418,40,20,1,0
sample_10714.pdf,828,10,7630,137,8,1,6.791384588,2,1,1,1
sample_00722.pdf,61671,51,72464,269,8,16,6.950916537,32,16,1,0
sample_19062.pdf,0,0,1903,0,0,0,0.0,0,0,0,1
sample_08915.pdf,1730,25,90570,173,12,10,5.8658331,24,12,1,0
sample_05690.pdf,36648,1378,171680,397,29,85,5.292460727,238,119,1,0
sample_09515.pdf,0,0,15844,0,0,0,0.0,0,0,0,1
sample_10636.pdf,0,0,8463,0,0,0,0.0,0,0,0,1
sample_05883.pdf,6684,372,105823,485,24,30,6.390560434,62,31,1,0
sample_15719.pdf,0,0,9790,0,0,0,0.0,0,0,0,1
sample_13699.pdf,5283,20,15019,126,7,8,5.37004012,18,9,1,1
sample_08704.pdf,612,35,94832,201,44,5,5.958957966,16,8,1,0
sample_00497.pdf,89131,404,256517,302,32,38,6.756452937,78,39,1,0
sample_05010.pdf,10543,204,102457,273,57,10,6.840989583,22,11,1,0
sample_15353.pdf,0,0,8234,0,0,0,0.0,0,0,0,1
sample_13194.pdf,0,0,12168,0,0,0,0.0,0,0,0,1
sample_06932.pdf,28876,45,34849,199,8,11,6.949785,22,11,1,0
sample_07441.pdf,9407,333,38533,315,22,13,5.930888173,30,15,1,0
sample_02752.pdf,1302,28,84242,173,14,13,5.986797051,30,15,1,0
sample_09989.pdf,0,0,9397,0,0,0,0.0,0,0,0,1
sample_08137.pdf,10784,38,320974,236,35,12,6.531528097,30,15,1,0
sample_14001.pdf,0,0,9948,0,0,0,0.0,0,0,0,1
sample_14336.pdf,0,0,8197,0,0,0,0.0,0,0,0,1
sample_01615.pdf,24965,5322,274884,309,46,55,6.611252764,114,57,1,0
sample_05665.pdf,1235,21,77892,135,12,2,5.847549451,4,2,1,0
sample_03821.pdf,13459,46,43660,226,8,14,6.693238705,30,15,1,0
sample_14599.pdf,0,0,9263,0,0,0,0.0,0,0,0,1
sample_15120.pdf,0,0,9361,0,0,0,0.0,0,0,0,1
sample_06424.pdf,144044,305,318691,284,36,54,6.964913888,110,55,1,0
sample_19122.pdf,0,0,9568,0,0,0,0.0,0,0,0,1
sample_01154.pdf,13139,909,66793,597,92,23,6.59183724,48,24,1,0
sample_03211.pdf,1836,41,29218,268,48,12,6.119923787,26,13,1,0
sample_15292.pdf,0,0,7340,0,0,0,0.0,0,0,0,1
sample_04323.pdf,3904,28,11363,238,29,5,5.952997348,12,6,1,0
sample_07045.pdf,14977,315,45034,569,30,14,6.45180155,30,15,1,0
sample_18114.pdf,0,0,9564,0,0,0,0.0,0,0,0,1
sample_02450.pdf,1202,21,75699,135,12,2,5.847644236,4,2,1,0
sample_15828.pdf,1,9,95065,0,0,0,3.918254335,4,2,1,1
sample_18907.pdf,0,0,9481,0,0,0,0.0,0,0,0,1
sample_03759.pdf,13163,35,19915,32,12,10,6.609048466,20,10,1,0
sample_19161.pdf,0,0,9104,0,0,0,0.0,0,0,0,1
sample_15162.pdf,0,0,8259,0,0,0,0.0,0,0,0,1
sample_06622.pdf,1729,14,19664,158,17,3,6.907026458,6,3,1,0
sample_16087.pdf,1,18,5095,100,44,3,6.721785261,6,3,1,1
sample_14185.pdf,0,0,16091,0,0,0,0.0,0,0,0,1
sample_16650.pdf,5283,20,15021,126,7,8,5.369882412,18,9,1,1
sample_15516.pdf,0,0,15335,0,0,0,0.0,0,0,0,1
sample_15361.pdf,0,0,10041,0,0,0,0.0,0,0,0,1
sample_18120.pdf,0,0,8192,0,0,0,0.0,0,0,0,1
sample_13501.pdf,0,0,12562,0,0,0,0.0,0,0,0,1
sample_06197.pdf,9619,540,107700,317,27,42,5.266089179,124,62,1,0
sample_06195.pdf,4691,76,15494,302,56,7,5.760243252,16,8,1,0
sample_08599.pdf,13878,33,54161,270,8,9,6.951483182,18,9,1,0
sample_13440.pdf,1,15,3526,214,44,0,4.573411439,4,2,1,1
sample_13421.pdf,0,0,9605,0,0,0,0.0,0,0,0,1
sample_00902.pdf,5598,1076,113174,295,15,71,5.024459644,256,128,1,0
sample_12841.pdf,0,0,9249,0,0,0,0.0,0,0,0,1
sample_04488.pdf,3527,91,372866,319,31,41,6.239281985,100,50,1,0
sample_18347.pdf,0,0,8111,0,0,0,0.0,0,0,0,1
sample_08104.pdf,4527,173,56704,330,24,75,4.05269651,198,99,1,0
sample_00321.pdf,1320,21,78802,135,16,2,5.836453183,4,2,1,0
sample_07034.pdf,6726,220,40483,463,24,25,5.524646345,58,29,1,0
sample_06359.pdf,991,13,17098,188,12,3,5.247812492,8,4,1,0
sample_02956.pdf,1430,12,31339,198,12,3,5.349984769,6,3,1,0
sample_04946.pdf,13403,53,149787,268,103,36,6.860799712,72,36,1,0
sample_01056.pdf,1272,12,45132,198,11,3,5.367964675,6,3,1,0
sample_09089.pdf,37077,89,44848,233,28,23,6.708699091,48,24,1,0
sample_00754.pdf,4761,49,14967,220,16,7,6.475006213,14,7,1,0
sample_04635.pdf,5312,112,15669,324,33,5,5.439558033,12,6,1,0
sample_16576.pdf,0,0,9704,0,0,0,0.0,0,0,0,1
sample_19156.pdf,0,0,12001,0,0,0,0.0,0,0,0,1
sample_15702.pdf,0,0,9223,0,0,0,0.0,0,0,0,1
sample_02132.pdf,21275,61,31252,126,11,16,6.894880795,32,16,1,0
sample_07775.pdf,226319,555,181453,359,62,13,4.614491143,1042,521,1,0
sample_09155.pdf,4723,221,22709,359,65,9,6.074596681,20,10,1,0
sample_16998.pdf,0,0,9849,0,0,0,0.0,0,0,0,1
sample_12471.pdf,5283,20,14981,126,7,8,5.370472716,18,9,1,1
sample_04052.pdf,5962,199,46151,326,20,13,5.809054505,30,15,1,0
sample_13193.pdf,0,0,9725,0,0,0,0.0,0,0,0,1
sample_08248.pdf,6084,14,11014,190,33,1,7.097054454,2,1,1,0
sample_07440.pdf,7179,75,17648,383,56,8,5.952979104,18,9,1,0
sample_06364.pdf,4321,233,22877,348,30,24,6.094120329,50,25,1,0
sample_00567.pdf,42263,1283,280554,305,23,62,5.955702486,142,71,1,0
sample_03317.pdf,61396,973,333929,437,56,65,6.547616032,132,66,1,0
sample_03539.pdf,8833,31,15054,213,11,7,6.666328696,14,7,1,0
sample_16644.pdf,5283,20,15115,126,7,8,5.369561855,18,9,1,1
sample_10248.pdf,0,0,9594,0,0,0,0.0,0,0,0,1
sample_01351.pdf,1532,116,186104,365,9,23,5.845802958,48,24,1,0
sample_18058.pdf,94,31,11530,163,44,4,5.476535742,8,4,1,1
sample_00655.pdf,747,30,315606,267,39,17,5.624856738,36,18,1,0
sample_11414.pdf,0,0,8443,0,0,0,0.0,0,0,0,1
sample_14018.pdf,5283,20,15091,126,7,8,5.369642421,18,9,1,1
sample_09600.pdf,0,0,9443,0,0,0,0.0,0,0,0,1
sample_12511.pdf,0,0,9115,0,0,0,0.0,0,0,0,1
sample_01201.pdf,4800,1781,126973,420,71,78,4.198643208,562,281,1,0
sample_08658.pdf,1724,135,205914,464,8,33,5.876865145,68,34,1,0
sample_07608.pdf,13526,47,25600,342,38,14,6.634978402,30,15,1,0
sample_01065.pdf,7809,424,71848,315,14,47,6.048985984,92,46,1,0
sample_16429.pdf,0,0,15396,0,0,0,0.0,0,0,0,1
sample_06333.pdf,11315,722,134428,319,18,53,5.556446401,132,66,1,0
sample_06539.pdf,1484,141,86600,390,14,23,6.083090589,48,24,1,0
sample_02211.pdf,166371,1424,203880,424,56,88,6.93757706,178,89,1,0
sample_02246.pdf,12303,190,46085,382,26,26,5.432826841,72,36,1,0
sample_14495.pdf,0,0,9555,0,0,0,0.0,0,0,0,1
sample_04289.pdf,14732,500,85397,373,15,50,6.163835294,98,49,1,0
sample_17216.pdf,0,0,76492,0,0,0,0.0,0,0,0,1
sample_16634.pdf,0,0,9626,0,0,0,0.0,0,0,0,1
sample_12036.pdf,0,0,12353,0,0,0,0.0,0,0,0,1
sample_14356.pdf,0,0,3178,0,0,0,0.0,0,0,0,1
sample_01993.pdf,1054,32,22324,220,8,4,5.810423159,10,5,1,0
sample_07551.pdf,7351,42,106434,172,11,9,6.486690534,20,10,1,0
sample_11282.pdf,5283,20,15093,126,7,8,5.369680832,18,9,1,1
sample_08916.pdf,2927,64,61906,201,17,16,5.416565658,34,17,1,0
sample_03204.pdf,6632,24,34609,218,8,5,6.950762581,10,5,1,0
sample_14543.pdf,1,18,6104,185,37,4,4.380207665,10,5,1,1
sample_01560.pdf,16579,1188,94092,720,36,24,6.662397819,50,25,1,0
sample_14849.pdf,0,0,17164,0,0,0,0.0,0,0,0,1
sample_14968.pdf,1,50,170815,293,28,42,5.453586522,104,51,1,1
sample_06275.pdf,96656,292,255452,288,34,42,6.86138377,86,43,1,0
sample_11230.pdf,0,0,12362,0,0,0,0.0,0,0,0,1
sample_10205.pdf,0,0,14734,0,0,0,0.0,0,0,0,1
sample_04889.pdf,3743,23,10760,237,28,4,5.752155804,10,5,1,0
sample_14166.pdf,0,0,16940,0,0,0,0.0,0,0,0,1
sample_08937.pdf,1476,21,88182,135,10,2,5.87485756,4,2,1,0
sample_05266.pdf,1528,339,102488,373,22,25,6.14513175,52,26,1,0
sample_09166.pdf,2419,27,33591,569,66,3,4.348462447,16,8,1,0
sample_15989.pdf,0,0,7966,0,0,0,0.0,0,0,0,1
sample_06790.pdf,2980,162,38756,415,40,11,6.008227256,24,12,1,0
sample_12176.pdf,0,0,9301,0,0,0,0.0,0,0,0,1
sample_07959.pdf,644,56,26311,244,25,11,5.642574713,24,12,1,0
sample_06823.pdf,7650,153,53692,359,23,16,4.794970159,40,20,1,0
sample_03251.pdf,12331,123,245708,333,30,31,5.148858094,98,49,1,0
sample_01449.pdf,12256,230,98427,247,35,11,6.804965579,24,12,1,0
sample_09906.pdf,0,0,9725,0,0,0,0.0,0,0,0,1
sample_10756.pdf,0,0,9448,0,0,0,0.0,0,0,0,1
sample_01116.pdf,152258,116,139254,341,31,29,7.105817356,58,29,1,0
sample_05445.pdf,1194,12,25441,198,11,3,5.279034313,6,3,1,0
sample_17808.pdf,5283,20,15091,126,7,8,5.369639039,18,9,1,1
sample_13543.pdf,1,62,375783,137,44,45,5.249463349,107,53,1,1
sample_10978.pdf,0,0,9493,0,0,0,0.0,0,0,0,1
sample_15083.pdf,9606,25,58648,273,10,5,6.615741711,10,5,1,1
sample_14833.pdf,0,0,15957,0,0,0,0.0,0,0,0,1
sample_18077.pdf,0,0,78055,0,0,0,0.0,0,0,0,1
sample_13848.pdf,0,0,8333,0,0,0,0.0,0,0,0,1
sample_02375.pdf,7637,96,20201,424,56,9,6.051973705,20,10,1,0
sample_18349.pdf,0,0,16161,0,0,0,0.0,0,0,0,1
sample_16667.pdf,0,0,9828,0,0,0,0.0,0,0,0,1
sample_12367.pdf,0,0,8503,0,0,0,0.0,0,0,0,1
sample_13518.pdf,0,0,16770,0,0,0,0.0,0,0,0,1
sample_08113.pdf,1540,21,84820,135,11,2,5.890717002,4,2,1,0
sample_14834.pdf,0,0,9389,0,0,0,0.0,0,0,0,1
sample_10526.pdf,0,0,9736,0,0,0,0.0,0,0,0,1
sample_00128.pdf,52381,62,67731,524,102,18,6.755073693,38,19,1,0
sample_05838.pdf,13149,18,20861,222,8,2,6.432480204,4,2,1,0
sample_07092.pdf,10567,81,20960,508,56,9,6.095902771,20,10,1,0
sample_15329.pdf,5283,20,15093,126,7,8,5.369556014,18,9,1,1
sample_13762.pdf,1,79,5354,210,37,8,3.876925952,18,9,1,1
sample_01033.pdf,2384,25,21327,149,30,1,6.082592063,4,2,1,0
sample_03559.pdf,1582,150,95643,388,13,16,6.114373107,34,17,1,0
sample_12512.pdf,5283,20,14981,126,7,8,5.370391999,18,9,1,1
sample_14466.pdf,0,0,76882,0,0,0,0.0,0,0,0,1
sample_05936.pdf,6499,46,48230,266,23,5,5.827425864,16,8,1,0
sample_11171.pdf,1,6,21046,0,0,0,0.0,0,0,1,1
sample_00273.pdf,3968,525,74154,351,31,45,5.259594009,140,70,1,0
sample_08276.pdf,8782,203,269401,416,24,30,5.119924355,106,53,1,0
sample_08769.pdf,3061,22,44910,238,28,5,6.488443148,12,6,1,0
sample_12168.pdf,0,0,9742,0,0,0,0.0,0,0,0,1
sample_01892.pdf,18604,38,19914,87,12,9,6.84555698,18,9,1,0
sample_15109.pdf,0,0,2689,0,0,0,0.0,0,0,0,1
sample_10746.pdf,0,0,16880,0,0,0,0.0,0,0,0,1
sample_04594.pdf,1761,192,225678,386,16,23,5.882189811,48,24,1,0
sample_06742.pdf,1366,27,100153,173,12,12,5.485259153,28,14,1,0
sample_07168.pdf,6500,87,46928,250,35,6,6.542525388,14,7,1,0
sample_02710.pdf,861,116,128411,318,25,24,6.200392042,56,28,1,0
sample_15577.pdf,0,0,17064,0,0,0,0.0,0,0,0,1
sample_16447.pdf,1,15,17524,208,44,0,3.216009236,4,2,1,1
sample_19255.pdf,0,0,8110,0,0,0,0.0,0,0,0,1
sample_02006.pdf,9809,105,26699,246,11,12,6.269975983,26,13,1,0
sample_14167.pdf,0,0,8145,0,0,0,0.0,0,0,0,1
sample_00271.pdf,8535,96,23197,256,10,10,6.138599128,22,11,1,0
sample_02418.pdf,16380,50,38677,314,11,22,5.676486595,48,24,1,0
sample_17852.pdf,944,10,15376,230,16,1,6.662054273,2,1,1,1
sample_03066.pdf,1554,21,84502,135,12,2,5.868578256,4,2,1,0
sample_14588.pdf,1,996,7566,211,39,10,4.675462715,22,11,1,1
sample_01103.pdf,1323,24,94957,173,18,9,5.790689135,22,11,1,0
sample_00595.pdf,4658,260,57682,83,18,33,6.126323465,68,34,1,0
sample_17476.pdf,0,0,12551,0,0,0,0.0,0,0,0,1
sample_17969.pdf,0,0,16705,0,0,0,0.0,0,0,0,1
sample_01355.pdf,7666,1457,105283,404,27,38,5.890242235,92,46,1,0
sample_02544.pdf,1342,21,76401,135,12,2,5.869580763,4,2,1,0
sample_04536.pdf,1693,95,180441,451,13,26,5.934141718,54,27,1,0
sample_09289.pdf,980,13,17470,188,11,3,5.131036851,8,4,1,0
sample_00212.pdf,17461,1626,191973,475,34,131,4.573101088,552,276,1,0
sample_01770.pdf,1280,21,75020,135,12,2,5.831310002,4,2,1,0
sample_07360.pdf,1,13,141849,223,15,4,4.899560817,10,5,1,0
sample_10616.pdf,0,0,9813,0,0,0,0.0,0,0,0,1
sample_02373.pdf,36301,215,690223,267,72,43,6.420055463,92,46,1,0
sample_10309.pdf,0,0,9619,0,0,0,0.0,0,0,0,1
sample_17654.pdf,1,19,7175,204,44,2,5.159876961,6,3,1,1
sample_11187.pdf,0,0,2005,0,0,0,0.0,0,0,0,1
sample_05538.pdf,4417,285,66134,284,16,41,5.884185349,84,42,1,0
sample_11286.pdf,0,0,7766,0,0,0,0.0,0,0,0,1
sample_11093.pdf,0,0,9397,0,0,0,0.0,0,0,0,1
sample_17929.pdf,0,0,1968,0,0,0,0.0,0,0,0,1
sample_05141.pdf,18123,2048,234306,348,24,154,4.452563242,662,331,1,0
sample_07794.pdf,188,38,6682,289,16,9,3.903089748,18,9,1,0
sample_15888.pdf,1,10,5791,156,37,2,5.444402844,6,3,1,1
sample_09752.pdf,0,0,37947,0,0,0,0.0,0,0,0,1
sample_01701.pdf,1240,21,77388,135,12,2,5.847508222,4,2,1,0
sample_16772.pdf,0,0,9098,0,0,0,0.0,0,0,0,1
sample_18730.pdf,0,0,8299,0,0,0,0.0,0,0,0,1
sample_02240.pdf,111409,41,127250,270,8,13,6.807768606,26,13,1,0
sample_18524.pdf,0,0,8343,0,0,0,0.0,0,0,0,1
sample_11659.pdf,0,0,9755,0,0,0,0.0,0,0,0,1
sample_12706.pdf,0,0,2000,0,0,0,0.0,0,0,0,1
sample_16303.pdf,0,0,9617,0,0,0,0.0,0,0,0,1
sample_05673.pdf,20209,689,106701,406,27,63,5.278734454,176,88,1,0
sample_13616.pdf,0,0,9301,0,0,0,0.0,0,0,0,1
sample_03376.pdf,6984,36,43595,83,18,16,5.748193919,34,17,1,0
sample_04272.pdf,7490,369,79402,319,27,68,5.326250301,158,79,1,0
sample_15447.pdf,0,0,12406,0,0,0,0.0,0,0,0,1
sample_15935.pdf,0,0,9254,0,0,0,0.0,0,0,0,1
sample_02606.pdf,7835,703,130574,296,16,55,5.308083573,152,76,1,0
sample_10017.pdf,0,0,8264,0,0,0,0.0,0,0,0,1
sample_13452.pdf,0,0,9401,0,0,0,0.0,0,0,0,1
sample_18200.pdf,0,0,9639,0,0,0,0.0,0,0,0,1
sample_17323.pdf,0,0,2733,0,0,0,0.0,0,0,0,1
sample_15546.pdf,0,0,33487,0,0,0,0.0,0,0,0,1
sample_08074.pdf,19867,454,62829,334,37,25,6.70011866,52,26,1,0
sample_08422.pdf,10663,326,126152,302,14,45,6.114205893,92,46,1,0
sample_02146.pdf,12395,399,90179,295,35,19,6.498621991,42,21,1,0
sample_11218.pdf,0,0,16304,0,0,0,0.0,0,0,0,1
sample_17435.pdf,828,10,7648,137,8,1,6.791384588,2,1,1,1
sample_10191.pdf,0,0,12452,0,0,0,0.0,0,0,0,1
sample_02615.pdf,263389,149,253900,381,31,39,7.132385435,78,39,1,0
sample_07858.pdf,602,17,25604,290,15,4,5.743838505,10,5,1,0
sample_04314.pdf,14985,44,23292,197,6,10,6.886764766,20,10,1,0
sample_06171.pdf,1270,18,227954,175,12,7,5.572982084,18,9,1,0
sample_09736.pdf,0,0,9424,0,0,0,0.0,0,0,0,1
sample_17985.pdf,0,0,8363,0,0,0,0.0,0,0,0,1
sample_17888.pdf,0,0,8241,0,0,0,0.0,0,0,0,1
sample_07223.pdf,1203,12,28719,198,12,3,5.427576121,6,3,1,0
sample_09380.pdf,0,0,9301,0,0,0,0.0,0,0,0,1
sample_18636.pdf,0,0,9330,0,0,0,0.0,0,0,0,1
sample_01159.pdf,2471,47,252062,190,58,8,6.839155029,16,8,1,0
sample_06366.pdf,24255,70,46115,234,29,18,6.731596676,38,19,1,0
sample_04113.pdf,7200,48,78123,238,28,16,6.689530053,34,17,1,0
sample_12038.pdf,0,0,232190,0,0,0,0.0,0,0,0,1
sample_15941.pdf,0,0,17364,0,0,0,0.0,0,0,0,1
sample_18460.pdf,1,996,2048000,210,39,8,5.106815855,16,8,1,1
sample_12586.pdf,0,0,12387,0,0,0,0.0,0,0,0,1
sample_06352.pdf,35641,1768,358687,274,56,25,6.996845263,52,26,1,0
sample_15746.pdf,0,0,15333,0,0,0,0.0,0,0,0,1
sample_12548.pdf,5283,20,15021,126,7,8,5.369828424,18,9,1,1
sample_02973.pdf,54383,65,76889,354,92,13,6.738645083,30,15,1,0
sample_17295.pdf,0,0,16183,0,0,0,0.0,0,0,0,1
sample_04285.pdf,1570,191,97629,419,16,25,6.138375525,52,26,1,0
sample_14434.pdf,0,0,15065,0,0,0,0.0,0,0,0,1
sample_14706.pdf,0,0,15522,0,0,0,0.0,0,0,0,1
sample_14147.pdf,0,0,9683,0,0,0,0.0,0,0,0,1
sample_12874.pdf,0,0,8188,0,0,0,0.0,0,0,0,1
sample_14323.pdf,1,9,94525,0,0,0,3.922315008,4,2,1,1
sample_11706.pdf,10406,14,4887,404,13,3,6.705629278,6,3,1,1
sample_10229.pdf,0,0,9416,0,0,0,0.0,0,0,0,1
sample_14046.pdf,0,0,24,0,0,0,0.0,0,0,0,1
sample_01517.pdf,78019,414,107456,257,11,47,6.852482761,96,48,1,0
sample_00167.pdf,14849,151,28122,246,11,13,6.290515445,28,14,1,0
sample_06394.pdf,54322,262,77775,260,14,35,6.785170242,72,36,1,0
sample_08096.pdf,9651,762,105983,409,27,72,5.038163711,254,127,1,0
sample_15014.pdf,0,0,8341,0,0,0,0.0,0,0,0,1
sample_15091.pdf,0,0,12122,0,0,0,0.0,0,0,0,1
sample_17288.pdf,0,0,1996,0,0,0,0.0,0,0,0,1
sample_03012.pdf,1214,12,24069,198,10,3,5.378064882,6,3,1,0
sample_15770.pdf,0,0,12412,0,0,0,0.0,0,0,0,1
sample_00866.pdf,1432,81,89929,420,18,16,6.139846229,34,17,1,0
sample_02777.pdf,989,13,17347,188,12,3,5.220616528,8,4,1,0
sample_11498.pdf,0,0,9837,0,0,0,0.0,0,0,0,1
sample_16982.pdf,0,0,8171,0,0,0,0.0,0,0,0,1
sample_03669.pdf,20503,216,392691,324,65,60,6.435838696,126,63,1,0
sample_00297.pdf,10865,317,89409,430,32,32,5.396785561,82,41,1,0
sample_10448.pdf,0,0,16350,0,0,0,0.0,0,0,0,1
sample_14447.pdf,0,0,8009,0,0,0,0.0,0,0,0,1
sample_18481.pdf,0,0,14711,0,0,0,0.0,0,0,0,1
sample_04320.pdf,79,9,1516,286,13,1,6.151647187,2,1,1,0
sample_02143.pdf,1131,12,28101,198,10,3,5.401815316,6,3,1,0
sample_13426.pdf,0,0,9820,0,0,0,0.0,0,0,0,1
sample_18092.pdf,0,0,8091,0,0,0,0.0,0,0,0,1
sample_16789.pdf,1,16,8151,201,44,2,5.354857336,4,2,1,1
sample_18571.pdf,0,0,9682,0,0,0,0.0,0,0,0,1
sample_09510.pdf,1,16,14948,214,44,0,4.651219136,4,2,1,1
sample_16066.pdf,0,0,15114,0,0,0,0.0,0,0,0,1
sample_00571.pdf,1388,28,76055,173,12,13,5.62118047,30,15,1,0
sample_04003.pdf,1315,21,92317,135,12,2,5.874000421,4,2,1,0
sample_08445.pdf,11561,177,237801,352,51,28,4.018262093,180,90,1,0
sample_15790.pdf,0,0,15618,0,0,0,0.0,0,0,0,1
sample_10452.pdf,5283,20,15119,126,7,8,5.369490549,18,9,1,1
sample_15159.pdf,0,0,9276,0,0,0,0.0,0,0,0,1
sample_19285.pdf,0,0,9815,0,0,0,0.0,0,0,0,1
sample_11528.pdf,0,0,8255,0,0,0,0.0,0,0,0,1
sample_13188.pdf,0,0,3962,0,0,0,0.0,0,0,0,1
sample_03598.pdf,7041,31,14278,246,37,6,6.152986419,14,7,1,0
sample_07366.pdf,2257,60,49280,269,54,5,6.493873722,12,6,1,0
sample_18488.pdf,0,0,9850,0,0,0,0.0,0,0,0,1
sample_11569.pdf,0,0,9573,0,0,0,0.0,0,0,0,1
sample_09357.pdf,0,0,9985,0,0,0,0.0,0,0,0,1
sample_08725.pdf,1439,12,29842,198,9,3,5.310229527,6,3,1,0
sample_09465.pdf,0,0,8177,0,0,0,0.0,0,0,0,1
sample_09651.pdf,1,15,17643,208,44,0,3.282989768,4,2,1,1
sample_04225.pdf,20529,42,25490,236,29,9,6.433751969,20,10,1,0
sample_05711.pdf,33637,89,1604073,257,8,41,5.988614021,86,43,1,0
sample_19248.pdf,0,0,17211,0,0,0,0.0,0,0,0,1
sample_01197.pdf,1529,114,177631,364,9,26,5.909550524,54,27,1,0
sample_13428.pdf,5283,20,14981,126,7,8,5.370465996,18,9,1,1
sample_11565.pdf,0,0,16385,0,0,0,0.0,0,0,0,1
sample_14838.pdf,0,0,154524,0,0,0,0.0,0,0,0,1
sample_00812.pdf,10291,85,61608,412,30,21,5.026024429,70,35,1,0
sample_04327.pdf,12108,40,35516,232,87,2,5.171012137,14,7,1,0
sample_07623.pdf,4550,27,11524,239,30,6,5.95917035,14,7,1,0
sample_18578.pdf,0,0,8064,0,0,0,0.0,0,0,0,1
sample_11976.pdf,0,0,15160,0,0,0,0.0,0,0,0,1
sample_06530.pdf,1501,12,32013,198,12,3,5.450179493,6,3,1,0
sample_02150.pdf,2819,167,245483,393,33,34,4.530936455,174,87,1,0
sample_00009.pdf,1802,128,201864,361,13,24,5.922187752,50,25,1,0
sample_18987.pdf,5283,20,15089,126,7,8,5.369611865,18,9,1,1
sample_05969.pdf,1350,21,82676,145,12,2,5.861900108,4,2,1,0
sample_17426.pdf,5283,20,15091,126,7,8,5.369667024,18,9,1,1
sample_16197.pdf,1,28,4537,190,37,5,4.601284922,12,6,1,1
sample_05382.pdf,36229,87,53618,236,29,25,6.759827349,52,26,1,0
sample_05853.pdf,2488,63,14251,296,13,5,5.413628238,12,6,1,0
sample_00218.pdf,9160,39,19466,399,62,9,6.205959373,20,10,1,0
sample_12520.pdf,1,10,16832,184,7,1,1.0,2,1,1,1
sample_10820.pdf,0,0,9498,0,0,0,0.0,0,0,0,1
sample_04790.pdf,1782,225,173288,492,26,34,5.937036972,70,35,1,0
sample_01955.pdf,8168,218,85137,222,11,10,6.760931068,22,11,1,0
sample_11220.pdf,0,0,9550,0,0,0,0.0,0,0,0,1
sample_19132.pdf,0,0,16027,0,0,0,0.0,0,0,0,1
sample_13651.pdf,0,0,2850,0,0,0,0.0,0,0,0,1
sample_00301.pdf,1483,12,29956,198,12,3,5.265437614,6,3,1,0
sample_06130.pdf,44230,109,62827,237,28,31,6.816957779,64,32,1,0
sample_19094.pdf,0,0,15265,0,0,0,0.0,0,0,0,1
sample_06922.pdf,11550,2677,158478,390,31,102,5.01719125,338,169,1,0
sample_18993.pdf,0,0,12301,0,0,0,0.0,0,0,0,1
sample_02087.pdf,15233,48,259583,242,31,21,6.575554099,44,22,1,0
sample_06677.pdf,352,26,11308,235,26,9,6.129293153,20,10,1,0
sample_16483.pdf,0,0,9365,0,0,0,0.0,0,0,0,1
sample_04072.pdf,1532,21,82412,138,12,2,5.873851901,4,2,1,0
sample_07437.pdf,1269,41,80070,173,12,26,5.178807911,56,28,1,0
sample_04408.pdf,11480,668,105049,450,30,61,5.433640725,162,81,1,0
sample_07854.pdf,9819,725,99135,368,30,67,4.925654148,228,114,1,0
sample_02259.pdf,5273,23,11642,216,8,5,6.595559903,10,5,1,0
sample_15504.pdf,0,0,9688,0,0,0,0.0,0,0,0,1
sample_05532.pdf,9536,938,131462,294,6,71,4.802958295,168,84,1,0
sample_01453.pdf,171191,25,129024,263,8,6,7.166053306,12,6,1,0
sample_15078.pdf,0,0,16453,0,0,0,0.0,0,0,0,1
sample_14332.pdf,0,0,9655,0,0,0,0.0,0,0,0,1
sample_14270.pdf,1,19,8008,204,44,2,5.135090027,6,3,1,1
sample_07110.pdf,1197,21,69149,138,10,2,5.814192471,4,2,1,0
sample_00942.pdf,4276,23,11141,237,28,4,5.758431569,10,5,1,0
sample_07445.pdf,1112,21,65471,135,13,2,5.810945457,4,2,1,0
sample_13446.pdf,0,0,7694,0,0,0,0.0,0,0,0,1
sample_17460.pdf,0,0,7996,0,0,0,0.0,0,0,0,1
sample_19196.pdf,0,0,5059,0,0,0,0.0,0,0,0,1
sample_04861.pdf,12194,460,87270,335,16,54,5.46047355,134,67,1,0
sample_17678.pdf,0,0,16855,0,0,0,0.0,0,0,0,1
sample_06720.pdf,37550,65,35018,87,11,17,6.814661811,34,17,1,0
sample_06968.pdf,5049,43,24708,204,11,22,6.015348018,46,23,1,0
sample_05651.pdf,1828,98,124018,300,8,26,6.516059283,54,27,1,0
sample_06212.pdf,1458,31,96605,173,11,16,5.757368196,36,18,1,0
sample_09534.pdf,0,0,17023,0,0,0,0.0,0,0,0,1
sample_04509.pdf,68119,1013,1902462,795,63,55,6.316528998,134,67,1,0
sample_12180.pdf,0,0,8229,0,0,0,0.0,0,0,0,1
sample_18109.pdf,0,0,9389,0,0,0,0.0,0,0,0,1
sample_15058.pdf,13,21,52361,255,68,9,5.028179282,20,10,1,1
sample_15357.pdf,0,0,9756,0,0,0,0.0,0,0,0,1
sample_08984.pdf,11315,755,82031,319,18,54,5.541850418,144,72,1,0
sample_03572.pdf,3898,28,11319,238,29,5,5.954716957,12,6,1,0
sample_06154.pdf,1164,12,27600,198,12,3,5.451965878,6,3,1,0
sample_11327.pdf,32385,21,10649,275,10,6,6.955090098,12,6,1,1
sample_06015.pdf,8731,800,96556,432,30,52,5.675101102,126,63,1,0
sample_00928.pdf,23393,1523,309505,274,56,20,7.016357479,42,21,1,0
sample_16696.pdf,0,0,12064,0,0,0,0.0,0,0,0,1
sample_08515.pdf,11553,35,28762,237,28,6,6.253511422,14,7,1,0
sample_16202.pdf,1,16,15066,214,44,0,4.527424786,4,2,1,1
sample_04371.pdf,23248,60,33479,235,28,16,6.691247404,34,17,1,0
sample_01361.pdf,2553,1242,100585,397,52,26,6.483750802,54,27,1,0
sample_14679.pdf,0,0,16429,0,0,0,0.0,0,0,0,1
sample_11814.pdf,5283,20,15089,126,7,8,5.369683334,18,9,1,1
sample_04203.pdf,3306,163,61847,296,36,19,6.371019215,42,21,1,0
sample_01115.pdf,157388,793,192180,302,56,95,6.924310831,192,96,1,0
sample_10567.pdf,0,0,8517,0,0,0,0.0,0,0,0,1
sample_19284.pdf,0,0,8001,0,0,0,0.0,0,0,0,1
sample_08410.pdf,10014,157,24544,271,25,11,6.079031372,24,12,1,0
sample_11135.pdf,0,0,9557,0,0,0,0.0,0,0,0,1
sample_03195.pdf,4384,23,11096,126,10,5,6.516221899,10,5,1,0
sample_10197.pdf,0,0,9767,0,0,0,0.0,0,0,0,1
sample_10340.pdf,0,0,1436,0,0,0,0.0,0,0,0,1
sample_02073.pdf,6198,29,15270,233,28,6,6.176663465,14,7,1,0
sample_12601.pdf,0,0,15695,0,0,0,0.0,0,0,0,1
sample_17779.pdf,1,10,5859,156,37,2,5.464530906,6,3,1,1
sample_05992.pdf,37719,115,157949,194,12,21,6.119515453,40,20,1,0
sample_14284.pdf,1,16,30061,214,44,0,4.370772631,4,2,1,1
sample_12615.pdf,0,0,9284,0,0,0,0.0,0,0,0,1
sample_13940.pdf,0,0,9017,0,0,0,0.0,0,0,0,1
sample_13953.pdf,0,0,9811,0,0,0,0.0,0,0,0,1
sample_09961.pdf,0,0,17058,0,0,0,0.0,0,0,0,1
sample_03459.pdf,863,14,28822,127,15,3,6.889598057,6,3,1,0
sample_03807.pdf,105277,40,126599,270,8,13,6.790354106,26,13,1,0
sample_14120.pdf,0,0,9395,0,0,0,0.0,0,0,0,1
sample_02077.pdf,20406,97,42003,234,29,27,6.720428072,56,28,1,0
sample_11061.pdf,0,0,16625,0,0,0,0.0,0,0,0,1
sample_02371.pdf,4972,47,25803,204,11,23,6.072199537,48,24,1,0
sample_11908.pdf,0,0,9846,0,0,0,0.0,0,0,0,1
sample_16918.pdf,5283,20,15091,126,7,8,5.369662667,18,9,1,1
sample_01110.pdf,12674,425,40824,496,57,14,6.377317143,30,15,1,0
sample_14927.pdf,5283,20,14981,126,7,8,5.370470413,18,9,1,1
sample_16631.pdf,1,18,5104,100,44,3,6.702608654,6,3,1,1
sample_09332.pdf,0,0,16299,0,0,0,0.0,0,0,0,1
sample_05815.pdf,5087,653,92829,405,30,75,4.789284342,264,132,1,0
sample_02905.pdf,38804,59,42987,236,29,15,6.706318075,32,16,1,0
sample_06430.pdf,1429,33,84221,173,12,18,5.504167297,40,20,1,0
sample_05024.pdf,3692,264,40750,294,6,31,5.117047984,70,35,1,0
sample_11550.pdf,0,0,9360,0,0,0,0.0,0,0,0,1
sample_14125.pdf,0,0,1454,0,0,0,0.0,0,0,0,1
sample_18250.pdf,306,10,10426,225,12,1,6.173436967,2,1,1,1
sample_01425.pdf,4251,505,89971,342,28,65,4.981312832,204,102,1,0
sample_18809.pdf,1,10,6027,156,37,2,5.69864402,6,3,1,1
sample_05867.pdf,6897,1504,258097,366,47,53,6.445228321,112,56,1,0
sample_13958.pdf,0,0,16466,0,0,0,0.0,0,0,0,1
sample_05389.pdf,75756,238,150246,199,16,81,6.351283971,162,81,1,0
sample_03069.pdf,16254,34,24430,237,28,8,6.412301151,18,9,1,0
sample_07341.pdf,26882,48,34474,267,58,11,6.584435358,24,12,1,0
sample_03194.pdf,10812,238,75384,432,24,35,6.027793474,84,42,1,0
sample_15310.pdf,1,12,28567,146,68,0,2.323840857,6,3,1,1
sample_14580.pdf,0,0,16663,0,0,0,0.0,0,0,0,1
sample_17384.pdf,0,0,2052,0,0,0,0.0,0,0,0,1
sample_02151.pdf,10824,1625,87379,351,58,24,6.592246571,50,25,1,0
sample_03942.pdf,12890,306,37707,646,108,20,6.438585694,42,21,1,0
sample_05610.pdf,1317,21,75934,145,12,2,5.839860866,4,2,1,0
sample_04914.pdf,22328,57,32234,238,29,15,6.656808412,32,16,1,0
sample_16398.pdf,0,0,76831,0,0,0,0.0,0,0,0,1
sample_15898.pdf,0,0,9781,0,0,0,0.0,0,0,0,1
sample_13161.pdf,0,0,1458,0,0,0,0.0,0,0,0,1
sample_08640.pdf,80806,561,101880,308,14,35,6.834221892,72,36,1,0
sample_01863.pdf,1381,30,102921,173,11,15,5.988546231,34,17,1,0
sample_12456.pdf,10145,14,4703,294,11,3,6.664348759,6,3,1,1
sample_07740.pdf,3157,551,94201,500,30,35,5.150334184,100,50,1,0
sample_09094.pdf,12648,384,48544,359,61,13,6.013412581,30,15,1,0
sample_04754.pdf,22268,132,149556,311,21,28,6.636962842,58,29,1,0
sample_18507.pdf,1,10,4414,156,37,2,5.730711506,6,3,1,1
sample_00945.pdf,17246,168,33295,444,68,9,6.663894228,20,10,1,0
sample_02218.pdf,3808,410,245252,328,31,28,6.326546326,66,33,1,0
sample_00740.pdf,1128,12,28088,160,12,3,5.279139795,6,3,1,0
sample_13152.pdf,0,0,7852,0,0,0,0.0,0,0,0,1
sample_09458.pdf,0,0,1440,0,0,0,0.0,0,0,0,1
sample_00889.pdf,1168,12,29512,160,12,3,5.103358085,6,3,1,0
sample_13636.pdf,0,0,10007,0,0,0,0.0,0,0,0,1
sample_05703.pdf,34667,522,390075,279,30,80,6.448755219,166,83,1,0
sample_12814.pdf,0,0,16302,0,0,0,0.0,0,0,0,1
sample_08333.pdf,22728,63,62976,119,11,16,6.945572071,32,16,1,0
sample_04924.pdf,6430,23,13761,399,62,3,5.988280341,8,4,1,0
sample_01470.pdf,1218,21,72877,135,12,2,5.846590755,4,2,1,0
sample_07488.pdf,23401,377,40920,252,6,19,6.397511008,40,20,1,0
sample_10324.pdf,828,10,7645,137,8,1,6.791384588,2,1,1,1
sample_06565.pdf,1287,21,81854,135,12,2,5.862043667,4,2,1,0
sample_00397.pdf,9665,33,24339,207,11,9,6.412962045,20,10,1,0
sample_01220.pdf,2004,417,242556,686,29,40,6.034386851,82,41,1,0
sample_16716.pdf,0,0,5899,0,0,0,0.0,0,0,0,1
sample_19258.pdf,0,0,2146,0,0,0,0.0,0,0,0,1
sample_00076.pdf,12606,52,66313,238,28,15,6.806348729,32,16,1,0
sample_00787.pdf,21889,214,40523,455,56,18,6.588606114,38,19,1,0
sample_09955.pdf,5283,20,15093,126,7,8,5.369583568,18,9,1,1
sample_14530.pdf,0,0,9476,0,0,0,0.0,0,0,0,1
sample_05360.pdf,30320,722,92446,304,23,43,5.645489682,114,57,1,0
sample_15803.pdf,0,0,9443,0,0,0,0.0,0,0,0,1
sample_05748.pdf,2787,184,109307,252,1,23,6.527802942,48,24,1,0
sample_15578.pdf,989,10,9124,234,20,1,6.572782749,2,1,1,1
sample_07719.pdf,8132,305,177618,401,30,61,5.667126357,138,69,1,0
sample_07467.pdf,122582,459,260479,294,26,40,6.815015963,82,41,1,0
sample_12857.pdf,0,0,77950,0,0,0,0.0,0,0,0,1
sample_11935.pdf,0,0,9645,0,0,0,0.0,0,0,0,1
sample_07636.pdf,1179,12,24688,198,12,3,5.456680043,6,3,1,0
sample_08546.pdf,11938,51,22531,201,11,15,6.619608668,30,15,1,0
sample_05621.pdf,4319,39,23623,204,11,20,5.990272866,42,21,1,0
sample_01588.pdf,677394,69,168782,270,8,22,6.941485359,44,22,1,0
sample_18441.pdf,1,16,15034,214,44,0,4.638436256,4,2,1,1
sample_14601.pdf,1,996,7481,211,39,10,4.642828615,22,11,1,1
sample_07262.pdf,1184,13,22204,188,12,3,5.291951829,8,4,1,0
sample_08364.pdf,676,49,71721,258,20,5,6.401969042,12,6,1,0
sample_02245.pdf,63627,1170,134549,328,20,65,6.038504727,132,66,1,0
sample_07566.pdf,1339,21,74001,135,12,2,5.861528784,4,2,1,0
sample_16720.pdf,0,0,14597,0,0,0,0.0,0,0,0,1
sample_11662.pdf,1,6,32977,0,0,0,0.0,0,0,1,1
sample_15086.pdf,1,7,2690,0,0,0,5.177372177,2,1,1,1
sample_18132.pdf,0,0,22280,0,0,0,0.0,0,0,0,1
sample_12454.pdf,2612,12,14239,229,16,2,6.720926305,4,2,1,1
sample_01007.pdf,1246,13,21214,188,12,3,5.303290877,8,4,1,0
sample_15247.pdf,0,0,9161,0,0,0,0.0,0,0,0,1
sample_18816.pdf,5283,20,15093,126,7,8,5.369593358,18,9,1,1
sample_04092.pdf,50560,334,196947,253,17,22,7.037537619,44,22,1,0
sample_02021.pdf,1100,12,29117,160,12,3,5.173494504,6,3,1,0
sample_11256.pdf,0,0,16706,0,0,0,0.0,0,0,0,1
sample_01633.pdf,1503,80,67097,166,29,18,6.067139029,38,19,1,0
sample_12938.pdf,0,0,12229,0,0,0,0.0,0,0,0,1
sample_13502.pdf,0,0,9639,0,0,0,0.0,0,0,0,1
sample_12920.pdf,0,0,9439,0,0,0,0.0,0,0,0,1
sample_00959.pdf,4991,237,168315,390,31,56,5.757232734,120,60,1,0
sample_04732.pdf,171442,514,162517,376,68,10,4.623097201,940,470,1,0
sample_09648.pdf,1,16,5080,204,44,1,4.952623257,4,2,1,1
sample_09271.pdf,6139,595,76513,294,37,22,6.639264903,46,23,1,0
sample_06488.pdf,1241,12,25301,198,11,3,5.369407568,6,3,1,0
sample_11907.pdf,5283,20,15093,126,7,8,5.369647079,18,9,1,1
sample_06378.pdf,1362,13,23759,188,12,3,5.337453585,8,4,1,0
sample_14945.pdf,5283,20,15041,126,7,8,5.369843205,18,9,1,1
sample_02255.pdf,19504,34,63065,239,29,9,6.748751772,20,10,1,0
sample_09359.pdf,0,0,17679,0,0,0,0.0,0,0,0,1
sample_11009.pdf,0,0,9553,0,0,0,0.0,0,0,0,1
sample_04529.pdf,15182,371,833378,179,36,63,5.743808845,128,64,1,0
sample_09302.pdf,0,0,2119,0,0,0,0.0,0,0,0,1
sample_16366.pdf,0,0,8141,0,0,0,0.0,0,0,0,1
sample_05410.pdf,15611,42,21600,238,31,11,6.483035411,24,12,1,0
sample_05415.pdf,4766,605,76493,83,17,71,4.674577019,162,81,1,0
sample_19093.pdf,1,9,305957,0,0,0,4.007350166,4,2,1,1
sample_09962.pdf,0,0,11995,0,0,0,0.0,0,0,0,1
sample_01676.pdf,8506,190,36245,333,1,8,6.2674332,18,9,1,0
sample_00858.pdf,9699,493,49633,580,88,16,6.454783023,34,17,1,0
sample_11621.pdf,0,0,3560,0,0,0,0.0,0,0,0,1
sample_12141.pdf,0,0,8106,0,0,0,0.0,0,0,0,1
sample_03034.pdf,3732,25,16591,263,56,5,6.013375726,12,6,1,0
sample_10683.pdf,0,0,9795,0,0,0,0.0,0,0,0,1
sample_02847.pdf,6549,287,60982,83,18,34,6.131917503,70,35,1,0
sample_05995.pdf,4017,29,26442,240,30,7,6.48195074,16,8,1,0
sample_13592.pdf,0,0,9816,0,0,0,0.0,0,0,0,1
sample_01269.pdf,1388,26,102998,173,13,11,5.756555088,26,13,1,0
sample_04437.pdf,4361,12,4166,92,36,3,6.759926439,6,3,1,0
sample_08117.pdf,16167,3923,332283,281,25,121,6.663104838,248,124,1,0
sample_10561.pdf,0,0,9437,0,0,0,0.0,0,0,0,1
sample_02153.pdf,18668,54,28360,236,31,13,6.589203682,28,14,1,0
sample_06272.pdf,28680,63,45989,87,10,16,6.857252096,32,16,1,0
sample_17134.pdf,0,0,9381,0,0,0,0.0,0,0,0,1
sample_08843.pdf,7171,30,74860,306,11,7,5.965517619,18,9,1,0
sample_01936.pdf,1146,12,28456,160,8,3,5.223620829,6,3,1,0
sample_16571.pdf,5283,20,15023,126,7,8,5.369976569,18,9,1,1
sample_03665.pdf,11860,199,30208,377,7,12,6.337977698,26,13,1,0
sample_09968.pdf,0,0,16068,0,0,0,0.0,0,0,0,1
sample_09851.pdf,0,0,8164,0,0,0,0.0,0,0,0,1
sample_07682.pdf,16768,470,85104,417,29,46,5.866723748,102,51,1,0
sample_00230.pdf,1233,21,75654,135,12,2,5.867248719,4,2,1,0
sample_10752.pdf,0,0,15996,0,0,0,0.0,0,0,0,1
sample_18715.pdf,1,70,9345,0,0,1,7.123749919,2,1,1,1
sample_16439.pdf,0,0,7921,0,0,0,0.0,0,0,0,1
sample_02292.pdf,21542,1762,185381,269,13,101,5.455227427,244,122,1,0
sample_18244.pdf,828,10,7624,137,8,1,6.791384588,2,1,1,1
sample_15704.pdf,0,0,8077,0,0,0,0.0,0,0,0,1
sample_10996.pdf,0,0,12226,0,0,0,0.0,0,0,0,1
sample_18311.pdf,0,0,9593,0,0,0,0.0,0,0,0,1
sample_04044.pdf,942,21,63045,135,12,2,5.808115394,4,2,1,0
sample_03552.pdf,47458,272,184927,262,20,35,6.658364634,72,36,1,0
sample_11783.pdf,5283,20,14961,126,7,8,5.370345293,18,9,1,1
sample_09203.pdf,15437,35,22127,399,62,7,6.547788627,16,8,1,0
sample_13232.pdf,5283,20,15093,126,7,8,5.369596978,18,9,1,1
sample_14351.pdf,0,0,8357,0,0,0,0.0,0,0,0,1
sample_19142.pdf,0,0,9495,0,0,0,0.0,0,0,0,1
sample_11118.pdf,0,0,9376,0,0,0,0.0,0,0,0,1
sample_02541.pdf,9606,109,121837,281,25,25,6.564088449,52,26,1,0
sample_17186.pdf,10406,14,4887,404,13,3,6.705629278,6,3,1,1
sample_10873.pdf,1033,73,137921,214,44,55,6.395664495,110,55,1,1
sample_17867.pdf,0,0,9726,0,0,0,0.0,0,0,0,1
sample_08021.pdf,1162,12,25001,160,10,3,5.219750214,6,3,1,0
sample_08813.pdf,20367,34,33927,218,27,5,7.025310529,10,5,1,0
sample_02040.pdf,466,10,1626,92,36,2,6.335052569,4,2,1,0
sample_15607.pdf,1,15,7465,208,44,0,4.437673432,4,2,1,1
sample_04723.pdf,53722,685,144043,300,56,54,6.814158403,110,55,1,0
sample_03078.pdf,23810,118,416607,172,11,23,6.908283864,48,24,1,0
sample_02158.pdf,6124,83,18509,350,56,7,5.855222021,16,8,1,0
sample_09114.pdf,5570,25,18533,264,57,6,6.175025542,14,7,1,0
sample_12154.pdf,0,0,9206,0,0,0,0.0,0,0,0,1
sample_10259.pdf,0,0,8442,0,0,0,0.0,0,0,0,1
sample_03080.pdf,1434,21,87381,135,12,2,5.874808638,4,2,1,0
sample_02068.pdf,19596,60,61930,198,8,14,6.809148832,30,15,1,0
sample_13312.pdf,0,0,1997,0,0,0,0.0,0,0,0,1
sample_01787.pdf,1496,129,191999,409,16,27,5.912523581,56,28,1,0
sample_10622.pdf,0,0,17111,0,0,0,0.0,0,0,0,1
sample_00741.pdf,1499,21,87141,135,11,2,5.863733891,4,2,1,0
sample_10405.pdf,0,0,2001,0,0,0,0.0,0,0,0,1
sample_18070.pdf,0,0,17075,0,0,0,0.0,0,0,0,1
sample_12752.pdf,1,16,15289,147,44,3,5.067774236,6,3,1,1
sample_17453.pdf,0,0,9529,0,0,0,0.0,0,0,0,1
sample_15855.pdf,0,0,77855,0,0,0,0.0,0,0,0,1
sample_10350.pdf,0,0,3579,0,0,0,0.0,0,0,0,1
sample_06339.pdf,10562,448,49365,560,80,23,6.478029477,48,24,1,0
sample_08655.pdf,97786,306,249739,339,43,36,6.849180759,74,37,1,0
sample_19091.pdf,0,0,9461,0,0,0,0.0,0,0,0,1
sample_03616.pdf,1846,1425,102069,267,7,29,6.625866984,60,30,1,0
sample_00070.pdf,16110,546,93902,312,14,54,5.696693565,130,65,1,0
sample_18134.pdf,135,10,9668,230,18,1,6.0739381,2,1,1,1
sample_17090.pdf,5283,20,14951,126,7,8,5.370338101,18,9,1,1
sample_02485.pdf,2105,34,19837,204,11,13,5.653187807,28,14,1,0
sample_04634.pdf,43151,72,48650,227,35,16,6.924237064,32,16,1,0
sample_09162.pdf,6542,873,84998,336,44,45,6.22210492,88,44,1,0
sample_16122.pdf,0,0,9549,0,0,0,0.0,0,0,0,1
sample_00058.pdf,1215,12,27388,198,12,3,5.290649642,6,3,1,0
sample_18390.pdf,1,15,4720,214,44,0,4.255134847,4,2,1,1
sample_17362.pdf,0,0,9664,0,0,0,0.0,0,0,0,1
sample_06955.pdf,1164,12,26396,198,12,3,5.250681956,6,3,1,0
sample_07938.pdf,6979,45,14481,87,12,11,6.679923005,22,11,1,0
sample_05897.pdf,12720,38,30465,215,8,10,6.472652321,22,11,1,0
sample_11150.pdf,0,0,4135,0,0,0,0.0,0,0,0,1
sample_03718.pdf,762,39,41757,230,20,5,6.484204504,12,6,1,0
sample_03081.pdf,1781,136,185877,440,24,30,5.977766454,68,34,1,0
sample_07550.pdf,36941,77,66351,324,36,30,6.610691186,62,31,1,0
sample_10647.pdf,0,0,9456,0,0,0,0.0,0,0,0,1
sample_13544.pdf,4134,20,10979,126,7,9,5.546478888,18,9,1,1
sample_07860.pdf,1202,21,75643,135,12,2,5.850015334,4,2,1,0
sample_04454.pdf,3595,488,67536,83,17,60,4.671346087,140,70,1,0
sample_12012.pdf,0,0,9155,0,0,0,0.0,0,0,0,1
sample_12340.pdf,0,0,7938,0,0,0,0.0,0,0,0,1
sample_04764.pdf,141739,119,203766,193,11,30,7.085106895,60,30,1,0
sample_17524.pdf,0,0,13109,0,0,0,0.0,0,0,0,1
sample_17901.pdf,0,0,37926,0,0,0,0.0,0,0,0,1
sample_18783.pdf,0,0,9578,0,0,0,0.0,0,0,0,1
sample_01107.pdf,1469,22,77801,173,14,6,5.575882412,16,8,1,0
sample_08862.pdf,1124,44,14857,346,73,5,4.511619856,14,7,1,0
sample_09172.pdf,3302,857,124485,212,20,10,6.548165914,24,12,1,0
sample_12096.pdf,0,0,8411,0,0,0,0.0,0,0,0,1
sample_11546.pdf,0,0,9689,0,0,0,0.0,0,0,0,1
sample_11742.pdf,0,0,8105,0,0,0,0.0,0,0,0,1
sample_03998.pdf,12601,197,102751,248,28,18,6.763704562,40,20,1,0
sample_04148.pdf,51610,118,61808,234,29,34,6.817399579,70,35,1,0
sample_14341.pdf,1,9,305957,0,0,0,3.969867401,4,2,1,1
sample_05033.pdf,6303,226,378987,314,31,36,6.429295318,78,39,1,0
sample_12995.pdf,0,0,9170,0,0,0,0.0,0,0,0,1
sample_01984.pdf,9163,35,16514,238,29,8,6.299208008,18,9,1,0
sample_15307.pdf,0,0,1438,0,0,0,0.0,0,0,0,1
sample_17454.pdf,17,10,17809,191,10,1,5.146291529,2,1,1,1
sample_17652.pdf,0,0,9615,0,0,0,0.0,0,0,0,1
sample_02904.pdf,1547,52,110998,173,12,32,5.439728765,72,36,1,0
sample_00324.pdf,586,71,127518,300,8,9,5.951541488,20,10,1,0
sample_08166.pdf,13579,1218,114599,273,19,76,5.312823224,214,107,1,0
sample_10525.pdf,0,0,77446,0,0,0,0.0,0,0,0,1
sample_09164.pdf,661,12,19413,160,12,3,5.192154094,6,3,1,0
sample_17302.pdf,0,0,16052,0,0,0,0.0,0,0,0,1
sample_00961.pdf,13981,65,59895,300,55,16,6.620400545,34,17,1,0
sample_05717.pdf,61036,100,187137,268,64,30,7.00598178,62,31,1,0
sample_10176.pdf,0,0,9652,0,0,0,0.0,0,0,0,1
sample_15647.pdf,0,0,17954,0,0,0,0.0,0,0,0,1
sample_11263.pdf,1,70,9005,0,0,1,7.13765021,2,1,1,1
sample_09139.pdf,1203,12,27912,160,8,3,5.156916584,6,3,1,0
sample_04902.pdf,1211,21,74130,135,12,2,5.818045361,4,2,1,0
sample_14180.pdf,5283,20,15091,126,7,8,5.369588898,18,9,1,1
sample_12153.pdf,5283,20,15091,126,7,8,5.369625293,18,9,1,1
sample_01347.pdf,1211,12,24046,198,10,3,5.344935295,6,3,1,0
sample_19214.pdf,0,0,9776,0,0,0,0.0,0,0,0,1
sample_16515.pdf,0,0,9561,0,0,0,0.0,0,0,0,1
sample_08831.pdf,6914,348,112118,313,29,20,3.678905043,286,143,1,0
sample_17937.pdf,5283,20,15089,126,7,8,5.369576695,18,9,1,1
sample_04752.pdf,17097,44,31131,235,28,10,6.440030175,22,11,1,0
sample_09385.pdf,0,0,15475,0,0,0,0.0,0,0,0,1
sample_07711.pdf,14615,971,91165,343,16,80,4.799238111,300,150,1,0
sample_13802.pdf,5283,20,14961,126,7,8,5.370410123,18,9,1,1
sample_18912.pdf,1,19,8078,204,44,2,5.102779406,6,3,1,1
sample_08053.pdf,30873,113,162324,194,13,19,6.084642999,36,18,1,0
sample_02046.pdf,1100,21,86066,145,12,2,5.890212476,4,2,1,0
sample_15281.pdf,0,0,9523,0,0,0,0.0,0,0,0,1
sample_15857.pdf,0,0,8274,0,0,0,0.0,0,0,0,1
sample_06309.pdf,1474,33,298689,135,11,10,5.734962778,20,10,1,0
sample_14427.pdf,1,15,18037,208,44,0,3.214348003,4,2,1,1
sample_11488.pdf,0,0,7872,0,0,0,0.0,0,0,0,1
sample_09221.pdf,1676,26,89211,173,12,11,5.667606037,26,13,1,0
sample_03950.pdf,1366,46,96016,173,13,31,5.900641029,66,33,1,0
sample_06428.pdf,9705,35,23389,237,28,9,6.300737015,20,10,1,0
sample_16869.pdf,0,0,9902,0,0,0,0.0,0,0,0,1
sample_07725.pdf,52741,1321,344169,216,23,34,6.86163326,72,36,1,0
sample_09104.pdf,1200,12,24803,198,12,3,5.285576835,6,3,1,0
sample_08220.pdf,18868,59,29931,238,29,14,6.597698121,30,15,1,0
sample_11770.pdf,0,0,8336,0,0,0,0.0,0,0,0,1
sample_08617.pdf,1908,127,148982,471,11,24,5.989342702,50,25,1,0
sample_08500.pdf,138,15,45577,335,24,6,4.884968963,16,8,1,0
sample_13703.pdf,0,0,77702,0,0,0,0.0,0,0,0,1
sample_17019.pdf,1,16,2048000,214,44,0,4.53598849,4,2,1,1
sample_01988.pdf,21503,106,251792,194,13,23,6.213246616,44,22,1,0
sample_13555.pdf,1,9,94525,0,0,0,3.92762536,4,2,1,1
sample_03223.pdf,1335,24,110917,135,11,4,5.667118807,8,4,1,0
sample_12621.pdf,0,0,41306,0,0,0,0.0,0,0,0,1
sample_09416.pdf,0,0,15720,0,0,0,0.0,0,0,0,1
sample_09057.pdf,1861,52,15468,266,48,12,6.119977802,26,13,1,0
sample_10572.pdf,0,0,8063,0,0,0,0.0,0,0,0,1
sample_18920.pdf,0,0,8223,0,0,0,0.0,0,0,0,1
sample_12197.pdf,0,0,11988,0,0,0,0.0,0,0,0,1
sample_18653.pdf,0,0,9304,0,0,0,0.0,0,0,0,1
sample_18682.pdf,0,0,9620,0,0,0,0.0,0,0,0,1
sample_15705.pdf,0,0,77238,0,0,0,0.0,0,0,0,1
sample_01176.pdf,1249,13,23172,188,12,3,5.239029958,8,4,1,0
sample_04512.pdf,1202,12,24507,198,12,3,5.467093228,6,3,1,0
sample_14704.pdf,2577,10,11201,230,15,1,6.960900676,2,1,1,1
sample_07952.pdf,1879,22,31832,238,28,5,6.363463991,12,6,1,0
sample_16736.pdf,0,0,8381,0,0,0,0.0,0,0,0,1
sample_19268.pdf,0,0,154523,0,0,0,0.0,0,0,0,1
sample_16704.pdf,0,0,8332,0,0,0,0.0,0,0,0,1
sample_08981.pdf,1479,24,83750,173,12,9,5.916223105,22,11,1,0
sample_09288.pdf,1287,12,25997,198,12,3,5.24290024,6,3,1,0
sample_18269.pdf,0,0,9628,0,0,0,0.0,0,0,0,1
sample_04803.pdf,10770,43,22224,200,20,8,6.956925396,16,8,1,0
sample_00125.pdf,5997,19,21851,218,21,3,6.670853221,8,4,1,0
sample_18639.pdf,0,0,17023,0,0,0,0.0,0,0,0,1
sample_08189.pdf,1435,313,182884,357,10,33,5.960890503,68,34,1,0
sample_14029.pdf,0,0,8207,0,0,0,0.0,0,0,0,1
sample_04368.pdf,3274,93,2889551,261,53,47,6.385921967,96,48,1,0
sample_10668.pdf,1,10,5970,156,37,2,5.702141315,6,3,1,1
sample_18580.pdf,0,0,8327,0,0,0,0.0,0,0,0,1
sample_09014.pdf,738,56,248542,340,20,14,6.00625619,28,14,1,0
sample_12846.pdf,0,0,16041,0,0,0,0.0,0,0,0,1
sample_17504.pdf,0,0,9454,0,0,0,0.0,0,0,0,1
sample_02203.pdf,1648,21,77959,135,12,2,5.859172269,4,2,1,0
sample_00733.pdf,125766,105,195450,259,28,26,7.080819465,52,26,1,0
sample_08616.pdf,1394,31,97419,173,14,16,6.078540988,36,18,1,0
sample_04897.pdf,7921,31,48965,240,30,8,6.608725302,18,9,1,0
sample_03408.pdf,13036,322,96231,299,16,48,6.192681242,100,50,1,0
sample_12587.pdf,1904,60,345841,388,59,15,6.482679339,32,16,1,1
sample_16813.pdf,0,0,9708,0,0,0,0.0,0,0,0,1
sample_15993.pdf,0,0,9607,0,0,0,0.0,0,0,0,1
sample_15520.pdf,0,0,9305,0,0,0,0.0,0,0,0,1
sample_10782.pdf,0,0,8214,0,0,0,0.0,0,0,0,1
sample_06113.pdf,9494,3061,1822712,174,36,4,5.751575604,18,9,1,0
sample_15297.pdf,0,0,9472,0,0,0,0.0,0,0,0,1
sample_02018.pdf,12915,181,91006,230,11,15,6.896061902,32,16,1,0
sample_13721.pdf,0,0,8257,0,0,0,0.0,0,0,0,1
sample_00369.pdf,1158,21,73571,135,11,2,5.83662214,4,2,1,0
sample_18661.pdf,0,0,9538,0,0,0,0.0,0,0,0,1
sample_17429.pdf,0,0,8166,0,0,0,0.0,0,0,0,1
sample_00836.pdf,1711,84,35123,406,74,16,6.437050436,38,19,1,0
sample_06830.pdf,3028,44,37887,254,35,4,6.332874537,10,5,1,0
sample_15836.pdf,1,16,15082,214,44,0,4.540917419,4,2,1,1
sample_06390.pdf,1486,128,202092,348,5,22,5.829794007,46,23,1,0
sample_03893.pdf,2024,260,111194,455,24,29,6.171846232,60,30,1,0
sample_19102.pdf,0,0,8342,0,0,0,0.0,0,0,0,1
sample_06934.pdf,1249,40,11037,215,71,11,5.775824574,24,12,1,0
sample_12564.pdf,0,0,8530,0,0,0,0.0,0,0,0,1
sample_15164.pdf,0,0,8401,0,0,0,0.0,0,0,0,1
sample_16653.pdf,0,0,9823,0,0,0,0.0,0,0,0,1
sample_02988.pdf,8256,92,17365,254,8,10,6.047428165,22,11,1,0
sample_14052.pdf,0,0,9563,0,0,0,0.0,0,0,0,1
sample_10574.pdf,0,0,9621,0,0,0,0.0,0,0,0,1
sample_09283.pdf,10208,121,28970,313,21,12,6.296008646,26,13,1,0
sample_05528.pdf,30635,78,35630,87,12,22,6.824036728,44,22,1,0
sample_03778.pdf,1462,12,31307,198,10,3,5.348471348,6,3,1,0
sample_08532.pdf,22111,322,58145,305,6,19,6.506278494,40,20,1,0
sample_16563.pdf,0,0,15971,0,0,0,0.0,0,0,0,1
sample_08974.pdf,11550,2677,158517,390,31,102,5.017540492,338,169,1,0
sample_11188.pdf,569,21,244755,247,46,5,6.403837056,14,7,1,1
sample_17632.pdf,0,0,9454,0,0,0,0.0,0,0,0,1
sample_18731.pdf,0,0,8040,0,0,0,0.0,0,0,0,1
sample_05420.pdf,8769,1331,139363,347,28,93,5.016455492,342,171,1,0
sample_14546.pdf,0,0,16526,0,0,0,0.0,0,0,0,1
sample_05485.pdf,21991,623,99048,449,33,52,5.580753922,126,63,1,0
sample_04152.pdf,20990,33,46092,218,8,7,7.024882321,14,7,1,0
sample_00024.pdf,3275,85,50636,235,12,13,6.621365482,28,14,1,0
sample_03210.pdf,12674,315,35533,513,62,13,6.313801289,28,14,1,0
sample_15859.pdf,1,10,27842,182,7,1,0.0,2,1,1,1
sample_07984.pdf,13783,38,17031,229,8,10,6.69089726,20,10,1,0
sample_16143.pdf,0,0,8295,0,0,0,0.0,0,0,0,1
sample_05247.pdf,19490,59,43091,237,28,16,6.690016349,34,17,1,0
sample_06334.pdf,1278,21,78094,138,12,2,5.823555043,4,2,1,0
sample_06399.pdf,1166,12,30820,160,12,3,4.948107147,6,3,1,0
sample_00550.pdf,10916,1653,88827,351,58,24,6.620623661,50,25,1,0
sample_14578.pdf,0,0,1996,0,0,0,0.0,0,0,0,1
sample_01175.pdf,13808,19,20432,0,0,2,6.433390453,4,2,1,0
sample_06619.pdf,5794,819,74448,294,6,78,4.37831366,186,93,1,0
sample_10595.pdf,0,0,8106,0,0,0,0.0,0,0,0,1
sample_12216.pdf,0,0,8106,0,0,0,0.0,0,0,0,1
sample_07396.pdf,97740,40,127012,268,8,13,6.803949639,26,13,1,0
sample_03785.pdf,22643,77,50954,339,13,35,6.030289463,74,37,1,0
sample_06158.pdf,1293,21,87286,135,12,2,5.870854105,4,2,1,0
sample_02691.pdf,28687,72,44292,87,12,19,6.909326164,38,19,1,0
sample_00978.pdf,1087,12,22811,198,12,3,5.229701863,6,3,1,0
sample_14800.pdf,0,0,77833,0,0,0,0.0,0,0,0,1
sample_02588.pdf,1799,14,17336,101,19,3,6.895343679,6,3,1,0
sample_06521.pdf,21316,85,177585,304,29,45,6.552519705,92,46,1,0
sample_13094.pdf,0,0,8192,0,0,0,0.0,0,0,0,1
sample_04922.pdf,10032,34,54717,238,28,9,6.720968299,20,10,1,0
sample_00241.pdf,1307,25,83751,173,12,10,5.621885297,24,12,1,0
sample_13872.pdf,1,17,758050,210,2,6,4.99623809,16,8,1,1
sample_02269.pdf,1171,12,28020,198,12,3,5.354517019,6,3,1,0
sample_07226.pdf,1295,21,84033,135,12,2,5.843579318,4,2,1,0
sample_17380.pdf,5283,20,15091,126,7,8,5.369640756,18,9,1,1
sample_04538.pdf,9795,429,147689,406,29,45,5.38998528,136,68,1,0
sample_06138.pdf,15975,121,140002,339,37,19,6.751283658,40,20,1,0
sample_15582.pdf,5283,20,15091,126,7,8,5.369624369,18,9,1,1
sample_15954.pdf,0,0,9115,0,0,0,0.0,0,0,0,1
sample_03001.pdf,9618,369,80427,331,17,59,5.503815438,144,72,1,0
sample_01255.pdf,8766,78,19260,302,56,9,5.983567936,20,10,1,0
sample_18690.pdf,0,0,9597,0,0,0,0.0,0,0,0,1
sample_04919.pdf,1696,56,36121,310,24,3,3.46953715,14,7,1,0
sample_06086.pdf,70845,527,96339,259,8,33,6.781649373,68,34,1,0
sample_17588.pdf,0,0,15940,0,0,0,0.0,0,0,0,1
sample_15095.pdf,0,0,9481,0,0,0,0.0,0,0,0,1
sample_13486.pdf,0,0,28011,0,0,0,0.0,0,0,0,1
sample_09539.pdf,0,0,9240,0,0,0,0.0,0,0,0,1
sample_15241.pdf,0,0,12451,0,0,0,0.0,0,0,0,1
sample_10882.pdf,828,10,7633,137,8,1,6.791384588,2,1,1,1
sample_03097.pdf,1349,27,99063,173,12,12,5.642448287,28,14,1,0
sample_15108.pdf,0,0,16865,0,0,0,0.0,0,0,0,1
sample_08277.pdf,6074,46,64493,238,28,15,6.722876433,32,16,1,0
sample_16889.pdf,0,0,12341,0,0,0,0.0,0,0,0,1
sample_13665.pdf,0,0,9119,0,0,0,0.0,0,0,0,1
sample_02681.pdf,3028,28,13857,237,28,4,5.851740149,10,5,1,0
sample_05816.pdf,33770,45,36971,32,12,13,6.745120246,26,13,1,0
sample_06251.pdf,4488,1303,194498,223,8,10,6.754552978,22,11,1,0
sample_04240.pdf,17566,65,35458,221,23,17,6.793966906,34,17,1,0
sample_07504.pdf,6155,25,34871,218,8,4,7.154957499,8,4,1,0
sample_16851.pdf,0,0,7967,0,0,0,0.0,0,0,0,1
sample_02913.pdf,4288,155,200389,425,26,48,4.426605533,156,78,1,0
sample_07873.pdf,48556,659,101445,263,17,29,6.758211395,60,30,1,0
sample_17538.pdf,221,69,56013,214,44,51,6.253703718,102,51,1,1
sample_02678.pdf,1239,21,80997,138,12,2,5.844806795,4,2,1,0
sample_04688.pdf,1273,13,23270,188,12,3,5.25563074,8,4,1,0
sample_07690.pdf,773,12,17852,160,10,3,5.262304525,6,3,1,0
sample_12869.pdf,0,0,12335,0,0,0,0.0,0,0,0,1
sample_18708.pdf,0,0,9601,0,0,0,0.0,0,0,0,1
sample_15382.pdf,0,0,9898,0,0,0,0.0,0,0,0,1
sample_17730.pdf,1,9,305957,0,0,0,3.986009665,4,2,1,1
sample_02200.pdf,10971,1586,83891,351,58,24,6.586389756,50,25,1,0
sample_03480.pdf,92082,240,172149,236,23,50,7.003520683,100,50,1,0
sample_07307.pdf,1472,25,80817,173,17,10,5.589830959,24,12,1,0
sample_00298.pdf,3819,272,55608,331,24,34,4.825773305,174,87,1,0
sample_18658.pdf,0,0,17146,0,0,0,0.0,0,0,0,1
sample_12540.pdf,0,0,9781,0,0,0,0.0,0,0,0,1
sample_18186.pdf,0,0,2398,0,0,0,0.0,0,0,0,1
sample_09382.pdf,0,0,76906,0,0,0,0.0,0,0,0,1
sample_14788.pdf,0,0,17244,0,0,0,0.0,0,0,0,1
sample_01380.pdf,4208,26,11830,238,29,5,5.950901156,12,6,1,0
sample_06129.pdf,17536,58,87086,239,29,17,6.885545773,36,18,1,0
sample_00144.pdf,10644,886,104086,315,14,61,5.680775364,144,72,1,0
sample_12882.pdf,0,0,3952,0,0,0,0.0,0,0,0,1
sample_14098.pdf,0,0,16038,0,0,0,0.0,0,0,0,1
sample_14628.pdf,1,16,4152,205,44,1,4.949707086,4,2,1,1
sample_10994.pdf,0,0,8213,0,0,0,0.0,0,0,0,1
sample_03095.pdf,999,13,17595,188,12,3,5.265773051,8,4,1,0
sample_19266.pdf,0,0,16434,0,0,0,0.0,0,0,0,1
sample_06308.pdf,1205,21,76450,135,12,2,5.84569519,4,2,1,0
sample_03612.pdf,4008,33,16891,237,28,7,6.012230668,16,8,1,0
sample_17370.pdf,1,15,3500,208,44,1,5.260497612,4,2,1,1
sample_13004.pdf,0,0,8267,0,0,0,0.0,0,0,0,1
sample_07801.pdf,20689,734,100247,419,30,48,6.07780326,100,50,1,0
sample_15309.pdf,0,0,9666,0,0,0,0.0,0,0,0,1
sample_15640.pdf,0,0,8373,0,0,0,0.0,0,0,0,1
sample_16108.pdf,0,0,8336,0,0,0,0.0,0,0,0,1
sample_01889.pdf,34476,637,91641,541,89,28,6.59384351,58,29,1,0
sample_02618.pdf,4496,752,94262,294,6,104,4.407127107,244,122,1,0
sample_01838.pdf,13164,2209,167380,329,36,124,4.753018166,504,252,1,0
sample_08379.pdf,36899,84,66423,270,8,12,7.001612791,24,12,1,0
sample_06118.pdf,19413,288,300963,366,23,36,5.200634851,98,49,1,0
sample_01972.pdf,7996,30,17650,411,68,4,5.807844229,10,5,1,0
sample_12921.pdf,94,31,12061,163,44,4,5.431870118,8,4,1,1
sample_11424.pdf,94,26,9195,163,44,3,4.935928213,6,3,1,1
sample_07021.pdf,2053,21,241586,429,199,5,6.420827986,14,7,1,0
sample_01655.pdf,154157,2424,290642,285,34,79,6.99560739,160,80,1,0
sample_13099.pdf,1,16,10701,214,44,0,4.59311552,4,2,1,1
sample_09471.pdf,0,0,8192,0,0,0,0.0,0,0,0,1
sample_06789.pdf,7085,113,84621,216,3,12,6.882565228,26,13,1,0
sample_06951.pdf,1309,21,77970,138,9,2,5.856346202,4,2,1,0
sample_08246.pdf,539143,1384,2399103,266,63,523,6.899092194,1052,526,1,0
sample_18995.pdf,5283,20,14979,126,7,8,5.370430162,18,9,1,1
sample_06707.pdf,1213,21,73397,135,12,2,5.843384616,4,2,1,0
sample_04782.pdf,55698,127,104013,301,13,63,5.843948425,130,65,1,0
sample_15655.pdf,0,0,12243,0,0,0,0.0,0,0,0,1
sample_08525.pdf,15482,967,63274,551,77,24,6.560894933,50,25,1,0
sample_10641.pdf,0,0,73638,0,0,0,0.0,0,0,0,1
sample_08020.pdf,29956,50,40287,237,28,13,6.599527649,28,14,1,0
sample_12731.pdf,5283,20,15093,126,7,8,5.369689177,18,9,1,1
sample_11397.pdf,0,0,16961,0,0,0,0.0,0,0,0,1
sample_14952.pdf,0,0,7986,0,0,0,0.0,0,0,0,1
sample_06787.pdf,111012,544,264509,325,21,44,6.806536572,90,45,1,0
sample_09000.pdf,4854,78,14696,259,13,7,5.743712482,16,8,1,0
sample_00192.pdf,13833,740,57689,246,11,21,6.610086578,44,22,1,0
sample_00673.pdf,4378,1379,234055,2560,17,55,6.316450042,112,56,1,0
sample_04690.pdf,543,299,269884,161,27,138,3.711446387,536,268,1,0
sample_01148.pdf,7670,2317,269678,408,27,46,4.812947842,186,93,1,0
sample_05119.pdf,25048,63,49834,235,28,22,6.596976219,46,23,1,0
sample_12303.pdf,0,0,13537,0,0,0,0.0,0,0,0,1
sample_14766.pdf,0,0,9342,0,0,0,0.0,0,0,0,1
sample_11730.pdf,0,0,8317,0,0,0,0.0,0,0,0,1
sample_01825.pdf,1226,21,77949,135,12,2,5.848147849,4,2,1,0
sample_07708.pdf,1957,30,23678,426,38,4,7.026248762,8,4,1,0
sample_00161.pdf,254,21,4085,186,36,3,5.922021339,6,3,1,0
sample_04745.pdf,11914,44,52639,312,58,7,6.421705251,16,8,1,0
sample_09610.pdf,0,0,12231,0,0,0,0.0,0,0,0,1
sample_16338.pdf,0,0,12153,0,0,0,0.0,0,0,0,1
sample_19289.pdf,0,0,8285,0,0,0,0.0,0,0,0,1
sample_18075.pdf,0,0,9381,0,0,0,0.0,0,0,0,1
sample_09178.pdf,135461,175,126594,243,17,52,6.809734198,106,53,1,0
sample_14802.pdf,0,0,76602,0,0,0,0.0,0,0,0,1
sample_08205.pdf,5120,79,81878,218,3,8,6.748991893,18,9,1,0
sample_00479.pdf,1374,28,71746,173,15,13,5.595612072,30,15,1,0
sample_05563.pdf,13943,69,43684,241,29,28,6.437425387,58,29,1,0
sample_00863.pdf,1565,21,92228,135,8,2,5.879852994,4,2,1,0
sample_17084.pdf,0,0,9847,0,0,0,0.0,0,0,0,1
sample_01903.pdf,16338,34,23780,237,28,8,6.419461946,18,9,1,0
sample_16849.pdf,0,0,75470,0,0,0,0.0,0,0,0,1
sample_00049.pdf,15899,129,146457,312,43,24,6.71583038,50,25,1,0
sample_07050.pdf,2882,76,16385,254,8,7,5.726005338,16,8,1,0
sample_09158.pdf,104833,156,164885,1167,56,66,6.920542044,134,67,1,0
sample_12236.pdf,20,10,17898,185,12,1,5.281181986,2,1,1,1
sample_00088.pdf,5267,540,296282,294,6,77,4.646893842,190,95,1,0
sample_06054.pdf,5826,169,201425,262,49,94,4.618287135,226,113,1,0
sample_04026.pdf,2109,32,103712,239,29,9,6.70799565,20,10,1,0
sample_07105.pdf,1343,21,71112,138,12,2,5.839440213,4,2,1,0
sample_18599.pdf,5283,20,14981,126,7,8,5.370470413,18,9,1,1
sample_17642.pdf,0,0,9612,0,0,0,0.0,0,0,0,1
sample_12002.pdf,0,0,8245,0,0,0,0.0,0,0,0,1
sample_03007.pdf,18074,891,69354,566,82,24,6.618216489,50,25,1,0
sample_00433.pdf,14756,28,50685,270,8,7,7.136951381,14,7,1,0
sample_17949.pdf,0,0,2048000,0,0,0,0.0,0,0,0,1
sample_01949.pdf,3757,28,41810,239,29,7,6.636973287,16,8,1,0
sample_18596.pdf,0,0,16444,0,0,0,0.0,0,0,0,1
sample_16777.pdf,0,0,13011,0,0,0,0.0,0,0,0,1
sample_17191.pdf,0,0,8192,0,0,0,0.0,0,0,0,1
sample_17525.pdf,0,0,8326,0,0,0,0.0,0,0,0,1
sample_16399.pdf,1,16,14943,214,44,0,4.652313512,4,2,1,1
sample_04909.pdf,13948,102,25347,301,55,12,6.297313743,26,13,1,0
sample_11238.pdf,5283,20,15089,126,7,8,5.369692795,18,9,1,1
sample_10528.pdf,0,0,7800,0,0,0,0.0,0,0,0,1
sample_16637.pdf,0,0,15528,0,0,0,0.0,0,0,0,1
sample_18225.pdf,5283,20,15099,126,7,8,5.369655712,18,9,1,1
sample_11106.pdf,5283,20,14983,126,7,8,5.370350958,18,9,1,1
sample_00200.pdf,20610,38,25653,222,8,11,6.654469745,22,11,1,0
sample_02108.pdf,9954,117,123128,281,25,25,6.56541584,52,26,1,0
sample_16977.pdf,1,9,305957,0,0,0,3.979493778,4,2,1,1
sample_01651.pdf,1613,229,277328,388,10,26,5.841017324,54,27,1,0
sample_07953.pdf,3351,111,41083,292,20,12,4.599577119,56,28,1,0
sample_16474.pdf,0,0,15747,0,0,0,0.0,0,0,0,1
sample_12162.pdf,0,0,16117,0,0,0,0.0,0,0,0,1
sample_14612.pdf,0,0,8258,0,0,0,0.0,0,0,0,1
sample_14629.pdf,0,0,8349,0,0,0,0.0,0,0,0,1
sample_00440.pdf,2653,156,43039,382,24,19,6.308871843,40,20,1,0
sample_09972.pdf,0,0,77409,0,0,0,0.0,0,0,0,1
sample_08197.pdf,5673,65,71829,281,19,15,6.287220591,30,15,1,0
sample_03283.pdf,83347,105,271646,183,27,46,6.711719901,100,50,1,0
sample_10822.pdf,7741,22,8850,158,15,10,5.654551113,20,10,1,1
sample_09646.pdf,0,0,7978,0,0,0,0.0,0,0,0,1
sample_13737.pdf,71,16,10163,214,44,2,7.11386229,4,2,1,1
sample_09914.pdf,0,0,16047,0,0,0,0.0,0,0,0,1
sample_12679.pdf,0,0,8293,0,0,0,0.0,0,0,0,1
sample_16526.pdf,0,0,8324,0,0,0,0.0,0,0,0,1
sample_07515.pdf,1,8,1210,322,12,1,5.826944992,2,1,1,0
sample_10676.pdf,5283,20,14981,126,7,8,5.370338871,18,9,1,1
sample_03799.pdf,86262,69,77366,330,31,16,7.111612919,32,16,1,0
sample_05165.pdf,20255,212,426600,351,92,62,6.401331627,132,66,1,0
sample_13867.pdf,71,16,10082,214,44,2,7.113519275,4,2,1,1
sample_09449.pdf,0,0,14934,0,0,0,0.0,0,0,0,1
sample_02923.pdf,1559,141,184116,396,8,23,5.870370222,48,24,1,0
sample_04514.pdf,9408,40,65334,239,29,11,6.802642905,24,12,1,0
sample_08722.pdf,14253,201,74703,227,34,21,6.476859721,48,24,1,0
sample_15884.pdf,0,0,8330,0,0,0,0.0,0,0,0,1
sample_07826.pdf,4399,24,46861,218,8,5,7.147383417,10,5,1,0
sample_18615.pdf,1,16,10943,214,44,0,4.615972361,4,2,1,1
sample_17360.pdf,0,0,78096,0,0,0,0.0,0,0,0,1
sample_13425.pdf,1,10,3656,158,37,2,5.457561213,6,3,1,1
sample_16669.pdf,1,15,3693,208,44,1,5.267231104,4,2,1,1
sample_17860.pdf,1,16,14996,214,44,0,4.528845217,4,2,1,1
sample_12230.pdf,1,10,5810,156,37,2,5.517326632,6,3,1,1
sample_03315.pdf,1258,21,73024,135,12,2,5.833107248,4,2,1,0
sample_07798.pdf,1245,12,27056,198,12,3,5.487247353,6,3,1,0
sample_03040.pdf,996,138,48816,367,25,15,5.911871056,36,18,1,0
sample_18665.pdf,0,0,15716,0,0,0,0.0,0,0,0,1
sample_18940.pdf,0,0,15801,0,0,0,0.0,0,0,0,1
sample_05999.pdf,5015,38,17372,237,28,8,5.464098545,20,10,1,0
sample_12654.pdf,0,0,16125,0,0,0,0.0,0,0,0,1
sample_06419.pdf,4433,189,19625,359,65,9,6.033454926,20,10,1,0
sample_10559.pdf,0,0,15480,0,0,0,0.0,0,0,0,1
sample_10140.pdf,10145,14,4709,300,11,3,6.664348759,6,3,1,1
sample_19270.pdf,0,0,15741,0,0,0,0.0,0,0,0,1
sample_12337.pdf,0,0,15432,0,0,0,0.0,0,0,0,1
sample_07884.pdf,11542,1655,87400,351,58,24,6.591240885,50,25,1,0
sample_04561.pdf,1278,12,31331,198,12,3,5.44761951,6,3,1,0
sample_15372.pdf,0,0,9228,0,0,0,0.0,0,0,0,1
sample_00658.pdf,9341,34,16812,236,29,7,6.239589919,16,8,1,0
sample_15807.pdf,0,0,16570,0,0,0,0.0,0,0,0,1
sample_17075.pdf,0,0,8348,0,0,0,0.0,0,0,0,1
sample_18410.pdf,0,0,9433,0,0,0,0.0,0,0,0,1
sample_03933.pdf,8322,30,14910,234,29,7,6.225652246,16,8,1,0
sample_01657.pdf,20060,59,30922,126,12,16,6.900357392,32,16,1,0
sample_06992.pdf,1543,126,119538,536,15,17,6.127980105,36,18,1,0
sample_11598.pdf,0,0,9752,0,0,0,0.0,0,0,0,1
sample_08461.pdf,115730,100,183036,219,28,24,6.985239984,50,25,1,0
sample_04618.pdf,1357,34,82159,173,13,19,5.859681878,42,21,1,0
sample_10839.pdf,0,0,9412,0,0,0,0.0,0,0,0,1
sample_11712.pdf,0,0,5334,0,0,0,0.0,0,0,0,1
sample_11694.pdf,14952,27,52799,282,13,7,6.755658833,14,7,1,1
sample_08606.pdf,1334,31,80347,173,12,16,5.624720104,36,18,1,0
sample_08687.pdf,3493,39,22490,204,11,20,5.992168879,42,21,1,0
sample_08243.pdf,23610,67,75575,277,12,19,6.670697658,40,20,1,0
sample_13903.pdf,1,70,10669,0,0,1,7.10292941,2,1,1,1
sample_03286.pdf,1559,32,102880,173,14,17,5.695535671,38,19,1,0
sample_04333.pdf,4924,873,272355,425,24,47,5.365958113,160,80,1,0
sample_13768.pdf,0,0,9432,0,0,0,0.0,0,0,0,1
sample_01296.pdf,1404,21,84988,145,11,2,5.874171111,4,2,1,0
sample_04895.pdf,11840,469,76455,434,30,48,5.987507398,98,49,1,0
sample_17854.pdf,0,0,9734,0,0,0,0.0,0,0,0,1
sample_10519.pdf,0,0,12283,0,0,0,0.0,0,0,0,1
sample_17249.pdf,1,9,21632,0,0,0,4.124172277,4,2,1,1
sample_03461.pdf,10399,246,48771,623,94,14,6.357507319,30,15,1,0
sample_14161.pdf,0,0,2162,0,0,0,0.0,0,0,0,1
sample_12515.pdf,0,0,16496,0,0,0,0.0,0,0,0,1
sample_11686.pdf,0,0,8161,0,0,0,0.0,0,0,0,1
sample_07160.pdf,13094,40,61098,239,29,11,6.805687075,24,12,1,0
sample_13808.pdf,0,0,15940,0,0,0,0.0,0,0,0,1
sample_03496.pdf,7844,112,99117,243,14,15,6.842408268,32,16,1,0
sample_08398.pdf,3854,26,10793,234,29,5,5.957874828,12,6,1,0
sample_07852.pdf,1205,12,24967,198,12,3,5.353740793,6,3,1,0
sample_14192.pdf,0,0,7872,0,0,0,0.0,0,0,0,1
sample_11465.pdf,0,0,10585,0,0,0,0.0,0,0,0,1
sample_06721.pdf,9573,154,25552,551,29,9,6.191617657,20,10,1,0
sample_13347.pdf,0,0,9501,0,0,0,0.0,0,0,0,1
sample_04835.pdf,38084,222,189606,292,21,40,6.671523715,82,41,1,0
sample_15717.pdf,0,0,10040,0,0,0,0.0,0,0,0,1
sample_11921.pdf,0,0,15643,0,0,0,0.0,0,0,0,1
sample_06452.pdf,4732,267,57665,83,18,33,6.100670314,68,34,1,0
sample_01335.pdf,11366,43,54711,312,58,8,6.483904928,18,9,1,0
sample_08343.pdf,8049,569,88569,352,25,60,5.039160971,190,95,1,0
sample_09666.pdf,1,10,2067,63,44,2,5.854589741,4,2,1,1
sample_04976.pdf,1519,30,157210,116,19,12,5.884088767,24,12,1,0
sample_02667.pdf,1383,30,76532,173,12,15,5.516525431,34,17,1,0
sample_07824.pdf,9505,537,146813,320,14,56,5.686047357,134,67,1,0
sample_04221.pdf,1338,57,64485,83,49,18,6.320770138,38,19,1,0
sample_13605.pdf,1,15,3642,208,44,1,5.266994471,4,2,1,1
sample_12550.pdf,0,0,9742,0,0,0,0.0,0,0,0,1
sample_14134.pdf,1,18,6076,185,37,4,4.380593235,10,5,1,1
sample_07416.pdf,7208,154,252789,399,26,31,4.414828086,138,69,1,0
sample_00349.pdf,2982,599,85163,413,29,70,4.853126488,238,119,1,0
sample_18672.pdf,0,0,15379,0,0,0,0.0,0,0,0,1
sample_18030.pdf,0,0,9359,0,0,0,0.0,0,0,0,1
sample_15497.pdf,1,15,17871,208,44,0,3.280830488,4,2,1,1
sample_08263.pdf,77130,634,139920,283,13,54,6.60276109,114,57,1,0
sample_07095.pdf,11293,134,177044,276,10,63,6.328052445,130,65,1,0
sample_10985.pdf,5283,20,14959,126,7,8,5.370562959,18,9,1,1
sample_06650.pdf,4004,28,42107,239,29,7,6.605545981,16,8,1,0
sample_10691.pdf,1,9,7676,0,0,0,5.636230309,4,2,1,1
sample_06265.pdf,16566,538,99590,397,31,64,5.212761766,182,91,1,0
sample_00574.pdf,30126,45,67730,311,66,17,6.693855862,36,18,1,0
sample_18840.pdf,0,0,8259,0,0,0,0.0,0,0,0,1
sample_03768.pdf,10295,630,104832,336,18,52,6.17248238,104,52,1,0
sample_00870.pdf,12071,232,50611,376,24,27,5.46154095,72,36,1,0
sample_08342.pdf,14628,41,20013,238,29,10,6.441001127,22,11,1,0
sample_06504.pdf,1271,12,27885,198,12,3,5.37698931,6,3,1,0
sample_14201.pdf,0,0,9403,0,0,0,0.0,0,0,0,1
sample_06148.pdf,140757,453,180437,87,10,141,6.707187996,282,141,1,0
sample_15913.pdf,0,0,9463,0,0,0,0.0,0,0,0,1
sample_11975.pdf,0,0,8185,0,0,0,0.0,0,0,0,1
sample_09420.pdf,0,0,9445,0,0,0,0.0,0,0,0,1
sample_11305.pdf,0,0,9875,0,0,0,0.0,0,0,0,1
sample_16142.pdf,0,0,76852,0,0,0,0.0,0,0,0,1
sample_02693.pdf,1354,34,78307,173,14,19,5.360187858,42,21,1,0
sample_04937.pdf,1347,13,24325,188,8,3,5.35644904,8,4,1,0
sample_03017.pdf,4650,1044,52543,698,7,17,6.439171527,36,18,1,0
sample_13300.pdf,5283,20,15093,126,7,8,5.369670765,18,9,1,1
sample_00170.pdf,1145,200,173565,377,9,31,5.902601454,64,32,1,0
sample_00368.pdf,18183,53,22400,87,12,14,6.77957579,28,14,1,0
sample_10282.pdf,0,0,9435,0,0,0,0.0,0,0,0,1
sample_16090.pdf,0,0,16655,0,0,0,0.0,0,0,0,1
sample_04004.pdf,1904,144,145028,522,16,27,5.932621382,56,28,1,0
sample_13733.pdf,0,0,8247,0,0,0,0.0,0,0,0,1
sample_04227.pdf,26106,767,166684,223,8,23,6.931647944,48,24,1,0
sample_04901.pdf,7552,25,48046,270,8,6,7.14503992,12,6,1,0
sample_08669.pdf,72876,1321,191676,512,94,41,6.870921924,84,42,1,0
sample_02406.pdf,7580,752,131206,350,16,34,5.751854709,74,37,1,0
sample_02237.pdf,1823,32,375198,276,69,12,5.914391442,26,13,1,0
sample_01502.pdf,5479,62,16231,298,55,12,6.592462751,24,12,1,0
sample_08140.pdf,9197,34,48099,320,58,7,7.084833624,14,7,1,0
sample_07574.pdf,6341,51,111307,240,30,17,6.705441034,36,18,1,0
sample_10149.pdf,0,0,8249,0,0,0,0.0,0,0,0,1
sample_03263.pdf,4547,40,15805,203,1,7,5.32254269,14,7,1,0
sample_13244.pdf,0,0,9317,0,0,0,0.0,0,0,0,1
sample_09561.pdf,0,0,15476,0,0,0,0.0,0,0,0,1
sample_10243.pdf,0,0,8356,0,0,0,0.0,0,0,0,1
sample_11336.pdf,0,0,9746,0,0,0,0.0,0,0,0,1
sample_06056.pdf,19330,625,89354,310,14,49,6.056228574,108,54,1,0
sample_03915.pdf,15569,1376,145382,373,37,70,5.360751305,194,97,1,0
sample_18350.pdf,0,0,8190,0,0,0,0.0,0,0,0,1
sample_07689.pdf,47897,561,154866,320,99,23,6.959150029,48,24,1,0
sample_14024.pdf,0,0,15837,0,0,0,0.0,0,0,0,1
sample_17167.pdf,1,19,30484,0,0,2,6.393842815,6,3,1,1
sample_18093.pdf,0,0,9358,0,0,0,0.0,0,0,0,1
sample_05307.pdf,97197,236,144537,124,12,18,6.413337659,36,18,1,0
sample_06330.pdf,4906,270,29183,422,33,18,6.170344366,38,19,1,0
sample_14752.pdf,0,0,12379,0,0,0,0.0,0,0,0,1
sample_11226.pdf,1,15,5412,181,44,1,5.249459847,4,2,1,1
sample_01426.pdf,10180,35,22994,87,12,8,6.778648094,16,8,1,0
sample_07388.pdf,22732,943,137720,322,14,41,5.672421024,100,50,1,0
sample_07606.pdf,7233,27,16139,237,29,5,6.020689344,12,6,1,0
sample_10982.pdf,0,0,14797,0,0,0,0.0,0,0,0,1
sample_07279.pdf,10663,245,71129,450,39,44,6.061502043,86,43,1,0
sample_01465.pdf,1147,33,13023,370,60,5,5.464874904,12,6,1,0
sample_12555.pdf,71,16,10255,214,44,2,7.12668387,4,2,1,1
sample_10034.pdf,0,0,9326,0,0,0,0.0,0,0,0,1
sample_12313.pdf,0,0,15797,0,0,0,0.0,0,0,0,1
sample_06924.pdf,25730,339,88531,257,48,17,5.075086772,78,39,1,0
sample_19223.pdf,0,0,11955,0,0,0,0.0,0,0,0,1
sample_09039.pdf,14298,229,41000,584,88,13,6.319963978,28,14,1,0
sample_06057.pdf,8340,482,98027,414,17,46,6.200081039,92,46,1,0
sample_03724.pdf,6644,926,87338,337,14,47,5.910633445,116,58,1,0
sample_11912.pdf,1,70,10053,0,0,1,7.125881438,2,1,1,1
sample_10598.pdf,0,0,9456,0,0,0,0.0,0,0,0,1
sample_05594.pdf,1250,13,21998,188,12,3,5.278375053,8,4,1,0
sample_03208.pdf,3279,57,35793,331,32,25,5.933490711,54,27,1,0
sample_18478.pdf,0,0,12478,0,0,0,0.0,0,0,0,1
sample_17536.pdf,0,0,8176,0,0,0,0.0,0,0,0,1
sample_03144.pdf,1641,269,124556,456,33,16,6.149116973,34,17,1,0
sample_12997.pdf,0,0,12797,0,0,0,0.0,0,0,0,1
sample_07107.pdf,24435,227,413064,318,59,70,6.407072482,148,74,1,0
sample_11164.pdf,0,0,9927,0,0,0,0.0,0,0,0,1
sample_06605.pdf,35274,46,28303,229,8,13,6.811383321,26,13,1,0
sample_02641.pdf,1237,21,83850,145,11,2,5.867662618,4,2,1,0
sample_02689.pdf,5035,64,41751,250,35,5,6.468811155,12,6,1,0
sample_02054.pdf,1246,12,27719,160,9,3,5.187294031,6,3,1,0
sample_15945.pdf,0,0,8394,0,0,0,0.0,0,0,0,1
sample_08549.pdf,15288,44,22625,236,29,11,6.495525077,24,12,1,0
sample_06406.pdf,46609,99,73039,222,31,26,7.025467536,52,26,1,0
sample_00593.pdf,1551,133,207413,385,15,33,5.864365044,68,34,1,0
sample_04687.pdf,11712,23,25924,270,8,4,7.121475228,8,4,1,0
sample_15728.pdf,0,0,9146,0,0,0,0.0,0,0,0,1
sample_00454.pdf,1946,269,143885,278,1,31,5.526872012,72,36,1,0
sample_09362.pdf,0,0,8272,0,0,0,0.0,0,0,0,1
sample_15215.pdf,0,0,9757,0,0,0,0.0,0,0,0,1
sample_12651.pdf,2399,10,9738,228,13,1,6.845239639,2,1,1,1
sample_08859.pdf,18215,46,29964,194,19,9,6.606640917,18,9,1,0
sample_08015.pdf,4702,23,10868,234,29,4,5.74493175,10,5,1,0
sample_09142.pdf,1978,51,186231,161,24,14,6.317991688,34,17,1,0
sample_15650.pdf,0,0,17539,0,0,0,0.0,0,0,0,1
sample_05982.pdf,1511,21,93452,135,11,2,5.890140237,4,2,1,0
sample_05299.pdf,1227,21,74198,135,12,2,5.855880414,4,2,1,0
sample_09669.pdf,0,0,9553,0,0,0,0.0,0,0,0,1
sample_13966.pdf,10130,13,4556,275,11,3,6.734238562,6,3,1,1
sample_04167.pdf,12240,151,67604,232,18,8,6.772292919,18,9,1,0
sample_02317.pdf,7381,33,16309,237,28,7,6.298780904,16,8,1,0
sample_18506.pdf,0,0,8598,0,0,0,0.0,0,0,0,1
sample_04801.pdf,23986,923,118867,322,14,59,5.892067154,132,66,1,0
sample_13807.pdf,0,0,8212,0,0,0,0.0,0,0,0,1
sample_03618.pdf,16663,535,94980,315,17,55,5.504940143,144,72,1,0
sample_12680.pdf,0,0,1190,0,0,0,0.0,0,0,0,1
sample_13908.pdf,0,0,2461,0,0,0,0.0,0,0,0,1
sample_01850.pdf,24622,178,159112,273,21,32,6.62895525,66,33,1,0
sample_06660.pdf,1189,21,74253,135,12,2,5.855699594,4,2,1,0
sample_07718.pdf,15876,65,262413,509,28,19,5.812665675,58,29,1,0
sample_16639.pdf,0,0,16471,0,0,0,0.0,0,0,0,1
sample_14778.pdf,0,0,17033,0,0,0,0.0,0,0,0,1
sample_10777.pdf,0,0,16877,0,0,0,0.0,0,0,0,1
sample_11262.pdf,0,0,9637,0,0,0,0.0,0,0,0,1
sample_03913.pdf,1222,21,73074,135,13,2,5.856358438,4,2,1,0
sample_17720.pdf,18781,22,31373,230,17,7,7.043309329,14,7,1,1
sample_13098.pdf,0,0,2009,0,0,0,0.0,0,0,0,1
sample_18298.pdf,0,0,1899,0,0,0,0.0,0,0,0,1
sample_16875.pdf,0,0,16503,0,0,0,0.0,0,0,0,1
sample_08774.pdf,1261,21,78855,145,12,2,5.848241179,4,2,1,0
sample_03379.pdf,1524,21,84109,138,11,2,5.862654145,4,2,1,0
sample_02198.pdf,1559,105,99070,413,12,25,6.102872183,52,26,1,0
sample_02288.pdf,1077,21,70212,135,12,2,5.796858855,4,2,1,0
sample_02771.pdf,41247,85,76598,252,45,24,6.743112979,50,25,1,0
sample_14474.pdf,0,0,9650,0,0,0,0.0,0,0,0,1
sample_07691.pdf,6408,545,80020,434,36,53,5.304268056,140,70,1,0
sample_15586.pdf,0,0,17249,0,0,0,0.0,0,0,0,1
sample_07182.pdf,1282,21,76644,138,12,2,5.854444891,4,2,1,0
sample_01812.pdf,931,49,37801,297,16,20,5.837056328,42,21,1,0
sample_03003.pdf,51901,94,97926,314,25,34,6.400677799,72,36,1,0
sample_15958.pdf,0,0,16028,0,0,0,0.0,0,0,0,1
sample_16936.pdf,22,10,7916,182,8,1,5.232360785,2,1,1,1
sample_17629.pdf,0,0,9532,0,0,0,0.0,0,0,0,1
sample_00899.pdf,11555,49,74061,239,29,14,6.86631757,30,15,1,0
sample_13095.pdf,0,0,232200,0,0,0,0.0,0,0,0,1
sample_13836.pdf,1,10,16968,184,7,1,1.0,2,1,1,1
sample_09985.pdf,0,0,9586,0,0,0,0.0,0,0,0,1
sample_08872.pdf,7100,435,246334,443,37,99,5.159766404,324,162,1,0
sample_17986.pdf,0,0,9507,0,0,0,0.0,0,0,0,1
sample_12349.pdf,5283,20,14981,126,7,8,5.370511657,18,9,1,1
sample_01674.pdf,1105,21,71749,135,12,2,5.851475328,4,2,1,0
sample_08082.pdf,1553,26,80966,167,36,5,4.869914044,18,9,1,0
sample_13462.pdf,0,0,15672,0,0,0,0.0,0,0,0,1
sample_09953.pdf,1,16,15035,214,44,0,4.565054533,4,2,1,1
sample_04957.pdf,29490,422,109724,363,37,40,4.537434994,188,94,1,0
sample_09869.pdf,1,10,5777,156,37,2,5.501835597,6,3,1,1
sample_15284.pdf,24,10,17866,178,10,1,5.280086944,2,1,1,1
sample_10592.pdf,14387,18,6241,206,82,5,6.703220157,10,5,1,1
sample_07167.pdf,4454,490,68713,83,17,60,4.565629364,144,72,1,0
sample_12118.pdf,0,0,8375,0,0,0,0.0,0,0,0,1
sample_02790.pdf,10724,246,42053,601,87,13,6.296690261,28,14,1,0
sample_01218.pdf,2485,26,16129,237,28,5,6.025332891,12,6,1,0
sample_17095.pdf,5283,20,14965,126,7,8,5.370336639,18,9,1,1
sample_09329.pdf,0,0,5063,0,0,0,0.0,0,0,0,1
sample_12385.pdf,0,0,37763,0,0,0,0.0,0,0,0,1
sample_05877.pdf,9710,37,33172,237,28,7,6.374674447,16,8,1,0
sample_03117.pdf,97753,79,111180,270,8,22,7.033157396,44,22,1,0
sample_04718.pdf,16760,82,44761,204,13,37,5.954706461,76,38,1,0
sample_01431.pdf,2412,39,21026,204,11,20,5.9740183,42,21,1,0
sample_06510.pdf,1520,154,196603,173,10,22,6.223787517,46,23,1,0
sample_06729.pdf,3922,35,22219,204,11,14,5.791399265,30,15,1,0
sample_13053.pdf,0,0,8390,0,0,0,0.0,0,0,0,1
sample_16065.pdf,0,0,15789,0,0,0,0.0,0,0,0,1
sample_08559.pdf,7044,245,45460,212,6,6,6.54139187,14,7,1,0
sample_11733.pdf,0,0,18782,0,0,0,0.0,0,0,0,1
sample_12877.pdf,0,0,13212,0,0,0,0.0,0,0,0,1
sample_17885.pdf,0,0,9292,0,0,0,0.0,0,0,0,1
sample_05702.pdf,1171,12,23643,198,11,3,5.30675679,6,3,1,0
sample_15042.pdf,0,0,8310,0,0,0,0.0,0,0,0,1
sample_04553.pdf,9232,34,19423,240,31,8,6.35774308,18,9,1,0
sample_08771.pdf,15810,428,74708,290,14,44,6.186675795,86,43,1,0
sample_18084.pdf,94,31,11335,163,44,4,5.465571893,8,4,1,1
sample_14326.pdf,0,0,7999,0,0,0,0.0,0,0,0,1
sample_07530.pdf,2798,65,15883,301,55,6,5.66478135,14,7,1,0
sample_10047.pdf,0,0,9530,0,0,0,0.0,0,0,0,1
sample_14997.pdf,0,0,2775,0,0,0,0.0,0,0,0,1
sample_01245.pdf,19358,57,25649,236,29,14,6.531644847,30,15,1,0
sample_15129.pdf,0,0,16567,0,0,0,0.0,0,0,0,1
sample_02064.pdf,16968,306,43126,252,6,17,6.544830054,36,18,1,0
sample_02827.pdf,8543,360,33912,519,65,13,6.2560892,28,14,1,0
sample_12784.pdf,0,0,8112,0,0,0,0.0,0,0,0,1
sample_04467.pdf,1648,185,212906,357,10,23,5.878609632,48,24,1,0
sample_07333.pdf,26723,65,36377,203,6,17,6.920510095,34,17,1,0
sample_04297.pdf,8766,856,80372,83,17,68,4.807581653,158,79,1,0
sample_05715.pdf,7718,642,131957,317,14,38,5.03980198,130,65,1,0
sample_04135.pdf,1087,27,60326,173,13,12,5.717470695,28,14,1,0
sample_06921.pdf,25835,351,114744,272,56,16,6.848835376,34,17,1,0
sample_10815.pdf,0,0,9818,0,0,0,0.0,0,0,0,1
sample_03867.pdf,1345,110,202224,382,13,30,5.878724971,62,31,1,0
sample_17139.pdf,0,0,9865,0,0,0,0.0,0,0,0,1
sample_12934.pdf,0,0,16096,0,0,0,0.0,0,0,0,1
sample_04839.pdf,1233,21,74705,135,10,2,5.830280581,4,2,1,0
sample_09165.pdf,1401,21,81605,138,12,2,5.874653819,4,2,1,0
sample_02643.pdf,10334,110,56127,221,6,7,6.616362779,16,8,1,0
sample_11613.pdf,1,49,327728,322,44,11,5.27227856,24,12,1,1
sample_18722.pdf,0,0,14742,0,0,0,0.0,0,0,0,1
sample_10305.pdf,0,0,9695,0,0,0,0.0,0,0,0,1
sample_15754.pdf,0,0,8336,0,0,0,0.0,0,0,0,1
sample_02895.pdf,149645,375,199525,191,12,116,6.959116653,232,116,1,0
sample_06854.pdf,23128,42,62871,327,82,16,6.665777184,34,17,1,0
sample_13367.pdf,0,0,17601,0,0,0,0.0,0,0,0,1
sample_10165.pdf,0,0,16712,0,0,0,0.0,0,0,0,1
sample_08726.pdf,5458,74,311673,184,33,57,5.868365306,126,63,1,0
sample_18617.pdf,0,0,8134,0,0,0,0.0,0,0,0,1
sample_13408.pdf,0,0,8481,0,0,0,0.0,0,0,0,1
sample_01581.pdf,1131,21,67588,135,12,2,5.835680497,4,2,1,0
sample_09655.pdf,0,0,1469,0,0,0,0.0,0,0,0,1
sample_04507.pdf,59743,93,95750,215,8,36,6.862808748,74,37,1,0
sample_06023.pdf,2743,76,61006,520,110,4,5.396465058,14,7,1,0
sample_09347.pdf,0,0,2009,0,0,0,0.0,0,0,0,1
sample_09220.pdf,3,19,2900,284,11,2,4.798157316,4,2,1,0
sample_18971.pdf,0,0,17586,0,0,0,0.0,0,0,0,1
sample_12451.pdf,0,0,9595,0,0,0,0.0,0,0,0,1
sample_14446.pdf,0,0,9916,0,0,0,0.0,0,0,0,1
sample_08749.pdf,15862,1372,144329,446,34,75,5.201479349,220,110,1,0
sample_06367.pdf,11316,431,84291,424,33,53,5.433676052,136,68,1,0
sample_11711.pdf,0,0,16739,0,0,0,0.0,0,0,0,1
sample_10225.pdf,0,0,9647,0,0,0,0.0,0,0,0,1
sample_17956.pdf,0,0,78064,0,0,0,0.0,0,0,0,1
sample_11911.pdf,0,0,8280,0,0,0,0.0,0,0,0,1
sample_09081.pdf,7488,28,40915,239,29,7,6.593087347,16,8,1,0
sample_04194.pdf,16540,164,34487,319,25,15,6.462469282,32,16,1,0
sample_18344.pdf,1,16,14904,214,68,0,4.552126605,4,2,1,1
sample_16633.pdf,1,79,4917,211,37,8,4.034106389,18,9,1,1
sample_18083.pdf,692,38,100214,214,44,9,5.978581212,18,9,1,1
sample_19216.pdf,0,0,15951,0,0,0,0.0,0,0,0,1
sample_06391.pdf,1466,131,132116,410,17,25,5.988603057,52,26,1,0
sample_10678.pdf,0,0,9602,0,0,0,0.0,0,0,0,1
sample_18088.pdf,0,0,1909,0,0,0,0.0,0,0,0,1
sample_02387.pdf,1306,28,90787,173,12,13,5.484161179,30,15,1,0
sample_02090.pdf,1290,12,25694,198,12,3,5.227047361,6,3,1,0
sample_07525.pdf,1131,12,22240,160,12,3,5.134941304,6,3,1,0
sample_11324.pdf,0,0,8094,0,0,0,0.0,0,0,0,1
sample_17582.pdf,0,0,7846,0,0,0,0.0,0,0,0,1
sample_10280.pdf,0,0,9573,0,0,0,0.0,0,0,0,1
sample_14207.pdf,0,0,9849,0,0,0,0.0,0,0,0,1
sample_06718.pdf,22686,78,42297,87,12,21,6.863590081,42,21,1,0
sample_04829.pdf,8855,688,78893,483,30,41,6.085934882,84,42,1,0
sample_15690.pdf,0,0,11991,0,0,0,0.0,0,0,0,1
sample_11340.pdf,0,0,8318,0,0,0,0.0,0,0,0,1
sample_07929.pdf,1829,26,97231,173,12,11,5.773366997,26,13,1,0
sample_16219.pdf,1,16,14876,214,44,0,4.565821082,4,2,1,1
sample_01202.pdf,5362,140,40306,359,22,13,4.37988363,54,27,1,0
sample_10506.pdf,0,0,2446,0,0,0,0.0,0,0,0,1
sample_16446.pdf,0,0,8186,0,0,0,0.0,0,0,0,1
sample_09776.pdf,0,0,8461,0,0,0,0.0,0,0,0,1
sample_00748.pdf,113427,1752,1128044,391,32,87,6.003845672,266,133,1,0
sample_18885.pdf,1,15,3616,208,44,1,5.26497568,4,2,1,1
sample_13228.pdf,10145,14,4703,294,11,3,6.664348759,6,3,1,1
sample_00983.pdf,1608,21,93098,135,12,2,5.899264155,4,2,1,0
sample_09428.pdf,0,0,17410,0,0,0,0.0,0,0,0,1
sample_07236.pdf,12690,477,84697,336,16,54,5.475671274,134,67,1,0
sample_07973.pdf,16749,41,23887,203,6,9,6.839706805,18,9,1,0
sample_01427.pdf,8365,73,59302,208,12,4,6.507053042,18,9,1,0
sample_12101.pdf,0,0,9507,0,0,0,0.0,0,0,0,1
sample_09260.pdf,6371,32,13986,222,8,9,6.560763211,18,9,1,0
sample_04524.pdf,5527,84,118466,234,25,21,6.397702525,46,23,1,0
sample_05492.pdf,1714,67,11897,268,22,5,5.363398568,12,6,1,0
sample_18717.pdf,0,0,12542,0,0,0,0.0,0,0,0,1
sample_09580.pdf,0,0,9822,0,0,0,0.0,0,0,0,1
sample_00566.pdf,235,42,140056,259,26,11,6.184070444,24,12,1,0
sample_05156.pdf,1369,21,80136,135,12,2,5.871965326,4,2,1,0
sample_10605.pdf,0,0,9372,0,0,0,0.0,0,0,0,1
sample_09058.pdf,1321,21,83033,138,12,2,5.858791827,4,2,1,0
sample_00026.pdf,21000,59,89656,263,56,21,6.750356186,44,22,1,0
sample_03255.pdf,1259,32,77834,173,12,17,5.808875369,38,19,1,0
sample_04054.pdf,14679,34,25786,288,77,7,6.302130425,16,8,1,0
sample_12609.pdf,0,0,15593,0,0,0,0.0,0,0,0,1
sample_15294.pdf,5283,20,14967,126,7,8,5.370480967,18,9,1,1
sample_03045.pdf,8340,30,14836,234,29,7,6.17319631,16,8,1,0
sample_01617.pdf,4373,590,249057,359,17,31,6.332405186,66,33,1,0
sample_10488.pdf,0,0,9509,0,0,0,0.0,0,0,0,1
sample_14423.pdf,0,0,8101,0,0,0,0.0,0,0,0,1
sample_11844.pdf,0,0,8371,0,0,0,0.0,0,0,0,1
sample_05772.pdf,10340,783,135936,301,17,57,5.708817718,136,68,1,0
sample_13638.pdf,0,0,8449,0,0,0,0.0,0,0,0,1
sample_13432.pdf,0,0,13799,0,0,0,0.0,0,0,0,1
sample_17830.pdf,0,0,8176,0,0,0,0.0,0,0,0,1
sample_06313.pdf,14256,40,14840,126,12,11,6.732046209,22,11,1,0
sample_18869.pdf,0,0,17122,0,0,0,0.0,0,0,0,1
sample_14333.pdf,0,0,16651,0,0,0,0.0,0,0,0,1
sample_02903.pdf,1439,121,147888,375,9,27,5.904390071,56,28,1,0
sample_18874.pdf,0,0,37790,0,0,0,0.0,0,0,0,1
sample_01769.pdf,22057,46,63787,293,48,18,6.667957662,38,19,1,0
sample_17928.pdf,16732,41,45286,295,13,15,6.798848391,30,15,1,1
sample_01303.pdf,16514,71,251310,172,11,18,6.769668816,38,19,1,0
sample_13422.pdf,0,0,38001,0,0,0,0.0,0,0,0,1
sample_16735.pdf,0,0,2377,0,0,0,0.0,0,0,0,1
sample_09186.pdf,9555,2050,163391,441,30,43,5.049340958,142,71,1,0
sample_05852.pdf,23897,299,85489,224,8,17,6.848480588,36,18,1,0
sample_11224.pdf,1,19,8075,204,44,2,5.160889389,6,3,1,1
sample_11544.pdf,0,0,9585,0,0,0,0.0,0,0,0,1
sample_14394.pdf,0,0,40928,0,0,0,0.0,0,0,0,1
sample_01433.pdf,3911,25,43132,238,28,6,6.534457856,14,7,1,0
sample_09894.pdf,0,0,9576,0,0,0,0.0,0,0,0,1
sample_14876.pdf,0,0,9536,0,0,0,0.0,0,0,0,1
sample_03130.pdf,12524,150,71241,211,11,14,6.870622338,30,15,1,0
sample_08938.pdf,1511,178,92226,418,30,24,6.10397576,50,25,1,0
sample_16286.pdf,0,0,16560,0,0,0,0.0,0,0,0,1
sample_05862.pdf,1861,21,87459,138,11,2,5.875051169,4,2,1,0
sample_05939.pdf,11780,1919,189661,310,32,60,5.605542641,220,110,1,0
sample_11870.pdf,5283,20,15041,126,7,8,5.369806708,18,9,1,1
sample_07017.pdf,169578,43,130422,270,8,14,6.806916644,28,14,1,0
sample_09928.pdf,0,0,8173,0,0,0,0.0,0,0,0,1
sample_18939.pdf,0,0,15783,0,0,0,0.0,0,0,0,1
sample_05930.pdf,1406,13,25979,188,12,3,5.239250655,8,4,1,0
sample_04968.pdf,14251,137,35388,278,34,14,6.382241894,30,15,1,0
sample_00374.pdf,900,24,25291,202,7,4,7.045305258,8,4,1,0
sample_04639.pdf,10968,35,28047,237,28,6,6.240282997,14,7,1,0
sample_18656.pdf,0,0,9592,0,0,0,0.0,0,0,0,1
sample_06450.pdf,11971,551,45599,515,65,23,6.424030479,48,24,1,0
sample_17859.pdf,0,0,1999,0,0,0,0.0,0,0,0,1
sample_17027.pdf,0,0,8188,0,0,0,0.0,0,0,0,1
sample_03458.pdf,133403,291,289334,241,36,52,6.898300087,106,53,1,0
sample_15660.pdf,0,0,2311,0,0,0,0.0,0,0,0,1
sample_08203.pdf,16106,34,48468,238,28,9,6.686672967,20,10,1,0
sample_03090.pdf,7783,80,21772,249,3,9,6.087005493,20,10,1,0
sample_15475.pdf,0,0,9643,0,0,0,0.0,0,0,0,1
sample_13059.pdf,0,0,18038,0,0,0,0.0,0,0,0,1
sample_11287.pdf,1,16,4154,205,44,1,4.953847467,4,2,1,1
sample_04864.pdf,1332,21,79679,135,10,2,5.848622077,4,2,1,0
sample_09852.pdf,5283,20,15093,126,7,8,5.369647079,18,9,1,1
sample_05577.pdf,10917,246,39619,545,75,13,6.267442343,28,14,1,0
sample_00001.pdf,8018,120,20362,254,8,8,6.010191768,18,9,1,0
sample_19294.pdf,5283,20,15093,126,7,8,5.369627523,18,9,1,1
sample_07827.pdf,46058,37,122289,270,8,12,6.750515609,24,12,1,0
sample_11570.pdf,2204,10,8982,239,19,1,6.817150037,2,1,1,1
sample_09208.pdf,20190,68,44151,215,8,15,6.628187641,32,16,1,0
sample_17207.pdf,0,0,8312,0,0,0,0.0,0,0,0,1
sample_18239.pdf,0,0,16064,0,0,0,0.0,0,0,0,1
sample_05917.pdf,1302,118,212524,352,7,32,5.817957111,66,33,1,0
sample_05228.pdf,8146,283,68385,504,26,41,5.652408854,92,46,1,0
sample_08034.pdf,7022,88,69713,296,58,19,6.830742203,40,20,1,0
sample_13520.pdf,0,0,12243,0,0,0,0.0,0,0,0,1
sample_11432.pdf,0,0,9489,0,0,0,0.0,0,0,0,1
sample_02863.pdf,44524,105,53675,236,29,30,6.810617753,62,31,1,0
sample_15951.pdf,0,0,8471,0,0,0,0.0,0,0,0,1
sample_17698.pdf,0,0,13097,0,0,0,0.0,0,0,0,1
sample_00018.pdf,1315,30,77710,173,17,15,5.663474511,34,17,1,0
sample_02358.pdf,9678,37,33251,237,28,7,6.389393491,16,8,1,0
sample_12941.pdf,0,0,8217,0,0,0,0.0,0,0,0,1
sample_08533.pdf,1072,21,81480,135,12,2,5.877079498,4,2,1,0
sample_09583.pdf,0,0,8172,0,0,0,0.0,0,0,0,1
sample_03859.pdf,93993,118,102963,227,22,34,7.042975604,68,34,1,0
sample_17234.pdf,0,0,9211,0,0,0,0.0,0,0,0,1
sample_07531.pdf,18309,1173,88649,206,13,26,6.430898785,58,29,1,0
sample_06302.pdf,8015,29,14342,238,29,6,6.138194991,14,7,1,0
sample_01329.pdf,3800,179,82524,436,33,41,4.654272866,184,92,1,0
sample_00490.pdf,9159,343,75598,319,16,50,5.881921548,106,53,1,0
sample_11325.pdf,0,0,8023,0,0,0,0.0,0,0,0,1
sample_02935.pdf,8105,565,87861,399,28,60,5.035963611,190,95,1,0
sample_15850.pdf,0,0,9697,0,0,0,0.0,0,0,0,1
sample_15765.pdf,0,0,16222,0,0,0,0.0,0,0,0,1
sample_10833.pdf,26091,20,9689,277,38,7,6.494539638,14,7,1,1
sample_17209.pdf,0,0,11832,0,0,0,0.0,0,0,0,1
sample_15648.pdf,0,0,9492,0,0,0,0.0,0,0,0,1
sample_12104.pdf,0,0,9789,0,0,0,0.0,0,0,0,1
sample_12905.pdf,0,0,8335,0,0,0,0.0,0,0,0,1
sample_13349.pdf,0,0,9585,0,0,0,0.0,0,0,0,1
sample_08698.pdf,18058,767,96998,349,43,50,5.923789283,126,63,1,0
sample_06250.pdf,1188,21,75250,135,12,2,5.82732146,4,2,1,0
sample_02154.pdf,3666,105,90387,325,33,19,6.475687744,40,20,1,0
sample_05403.pdf,45938,91,132483,222,18,24,6.841177474,50,25,1,0
sample_10710.pdf,0,0,9484,0,0,0,0.0,0,0,0,1
sample_12760.pdf,0,0,1433,0,0,0,0.0,0,0,0,1
sample_06928.pdf,7152,211,153568,183,42,17,5.163547674,46,23,1,0
sample_00830.pdf,45839,70,52837,233,28,18,6.785783348,38,19,1,0
sample_07406.pdf,16264,2438,240012,443,31,102,5.295181993,428,214,1,0
sample_11540.pdf,0,0,17728,0,0,0,0.0,0,0,0,1
sample_01294.pdf,1617,411,179678,349,10,31,6.022087241,64,32,1,0
sample_02747.pdf,24719,61,28706,233,28,16,6.623815319,34,17,1,0
sample_07439.pdf,1481,32,91392,173,16,17,5.50125496,38,19,1,0
sample_16039.pdf,1,16,16199,214,44,0,3.84689041,4,2,1,1
sample_04719.pdf,55455,814,108883,252,8,47,6.829879337,96,48,1,0
sample_02334.pdf,225636,315,253899,263,35,101,6.929476887,204,102,1,0
sample_13960.pdf,5283,20,14961,126,7,8,5.370490666,18,9,1,1
sample_04363.pdf,6494,220,76738,398,25,45,5.839192481,94,47,1,0
sample_11746.pdf,0,0,17192,0,0,0,0.0,0,0,0,1
sample_01685.pdf,204942,4449,1872260,383,35,247,5.028541851,4126,2063,1,0
sample_18248.pdf,5283,20,14959,126,7,8,5.370358434,18,9,1,1
sample_17489.pdf,5283,20,14953,126,7,8,5.370357725,18,9,1,1
sample_11683.pdf,0,0,16281,0,0,0,0.0,0,0,0,1
sample_08067.pdf,21840,53,30470,208,8,13,6.845504337,28,14,1,0
sample_01152.pdf,4421,398,87879,289,33,23,6.472833325,50,25,1,0
sample_07641.pdf,6612,180,65617,251,29,14,6.561378389,30,15,1,0
sample_02225.pdf,67356,89,64285,387,17,29,6.838864413,60,30,1,0
sample_17386.pdf,0,0,2665,0,0,0,0.0,0,0,0,1
sample_15890.pdf,0,0,9652,0,0,0,0.0,0,0,0,1
sample_12652.pdf,0,0,15226,0,0,0,0.0,0,0,0,1
sample_12088.pdf,0,0,8364,0,0,0,0.0,0,0,0,1
sample_16687.pdf,0,0,17148,0,0,0,0.0,0,0,0,1
sample_10291.pdf,0,0,9638,0,0,0,0.0,0,0,0,1
sample_06609.pdf,131436,956,140304,258,7,48,6.881263655,98,49,1,0
sample_03430.pdf,1001,13,17402,188,12,3,5.199967574,8,4,1,0
sample_05205.pdf,18274,2283,238728,459,17,86,5.635937321,218,109,1,0
sample_05376.pdf,6239,692,139757,328,16,99,5.010646306,252,126,1,0
sample_14637.pdf,0,0,9475,0,0,0,0.0,0,0,0,1
sample_00953.pdf,1324,12,33524,160,12,3,5.238619885,6,3,1,0
sample_05726.pdf,1571,116,190660,396,13,30,5.86520178,62,31,1,0
sample_11059.pdf,0,0,8070,0,0,0,0.0,0,0,0,1
sample_15969.pdf,0,0,12925,0,0,0,0.0,0,0,0,1
sample_17180.pdf,0,0,15734,0,0,0,0.0,0,0,0,1
sample_13086.pdf,0,0,15270,0,0,0,0.0,0,0,0,1
sample_17332.pdf,1,996,7530,211,39,10,4.691326199,22,11,1,1
sample_16133.pdf,0,0,15847,0,0,0,0.0,0,0,0,1
sample_02566.pdf,1168,12,23474,198,12,3,5.449004712,6,3,1,0
sample_07733.pdf,1665,223,210076,548,12,30,5.932226378,62,31,1,0
sample_07628.pdf,1493,124,305387,417,17,29,5.980911797,66,33,1,0
sample_05258.pdf,49288,351,75907,424,48,23,6.41386008,50,25,1,0
sample_10601.pdf,0,0,8216,0,0,0,0.0,0,0,0,1
sample_11292.pdf,0,0,9048,0,0,0,0.0,0,0,0,1
sample_03976.pdf,36860,168,161768,288,37,25,6.75290485,52,26,1,0
sample_15337.pdf,5283,20,15093,126,7,8,5.369683673,18,9,1,1
sample_00107.pdf,4386,523,321385,309,32,38,6.448113822,82,41,1,0
sample_06067.pdf,1072,12,24267,198,12,3,5.30639959,6,3,1,0
sample_13787.pdf,0,0,12387,0,0,0,0.0,0,0,0,1
sample_04523.pdf,1242,21,83457,135,10,2,5.861314391,4,2,1,0
sample_07400.pdf,5942,29,13682,244,37,6,6.070795646,14,7,1,0
sample_12070.pdf,5283,20,15041,126,7,8,5.369835899,18,9,1,1
sample_09941.pdf,5283,20,15091,126,7,8,5.369622586,18,9,1,1
sample_05868.pdf,1005,21,60577,135,12,2,5.80132568,4,2,1,0
sample_09174.pdf,2118,108,22361,340,24,8,5.638976288,18,9,1,0
sample_12643.pdf,0,0,12262,0,0,0,0.0,0,0,0,1
sample_09571.pdf,5283,20,14963,126,7,8,5.370463659,18,9,1,1
sample_03219.pdf,1317,21,82967,135,12,2,5.86872934,4,2,1,0
sample_14476.pdf,0,0,9530,0,0,0,0.0,0,0,0,1
sample_07840.pdf,50797,391,84661,395,94,26,6.212889692,58,29,1,0
sample_00791.pdf,1258,30,84097,173,11,15,5.559609182,34,17,1,0
sample_15809.pdf,0,0,2005,0,0,0,0.0,0,0,0,1
sample_02944.pdf,1365,28,81092,173,12,13,5.383827446,30,15,1,0
sample_14852.pdf,0,0,7870,0,0,0,0.0,0,0,0,1
sample_10625.pdf,1,9,94795,0,0,0,3.928000858,4,2,1,1
sample_04994.pdf,112752,61,110524,222,8,15,6.430860802,30,15,1,0
sample_12502.pdf,0,0,8366,0,0,0,0.0,0,0,0,1
sample_02215.pdf,1274,163,151484,410,25,30,6.05142247,62,31,1,0
sample_01851.pdf,9413,37,21064,237,28,9,6.301593647,20,10,1,0
sample_04852.pdf,1306,21,75136,138,12,2,5.833366465,4,2,1,0
sample_17500.pdf,10130,13,4550,269,11,3,6.734238562,6,3,1,1
sample_05991.pdf,1293,48,66325,173,26,29,6.266922657,64,32,1,0
sample_03935.pdf,1282,21,85421,135,14,2,5.862834775,4,2,1,0
sample_08358.pdf,23384,495,410911,307,31,52,6.60478643,106,53,1,0
sample_07378.pdf,9803,339,79066,83,17,43,5.908474365,88,44,1,0
sample_12208.pdf,5283,20,15093,126,7,8,5.36962345,18,9,1,1
sample_04837.pdf,19022,40,31581,241,21,13,6.591198687,28,14,1,0
sample_00798.pdf,12956,481,77023,311,29,45,5.770365685,104,52,1,0
sample_18801.pdf,0,0,8288,0,0,0,0.0,0,0,0,1
sample_14663.pdf,1,15,3190,183,68,2,5.792885264,4,2,1,1
sample_19139.pdf,1,19,8133,204,44,2,5.178946374,6,3,1,1
sample_19232.pdf,0,0,15764,0,0,0,0.0,0,0,0,1
sample_08061.pdf,1155,12,25314,198,12,3,5.526511595,6,3,1,0
sample_03746.pdf,1074,58,27538,186,29,4,6.730492671,8,4,1,0
sample_07184.pdf,33151,51,59735,87,11,12,6.916959766,24,12,1,0
sample_19065.pdf,0,0,9732,0,0,0,0.0,0,0,0,1
sample_14548.pdf,0,0,8472,0,0,0,0.0,0,0,0,1
sample_01350.pdf,32205,263,50420,266,20,19,6.504934996,40,20,1,0
sample_00112.pdf,1573,93,107591,414,8,18,6.171206491,38,19,1,0
sample_05027.pdf,1171,12,26345,160,9,3,5.263645462,6,3,1,0
sample_04174.pdf,15413,581,489549,340,41,271,6.250715875,544,272,1,0
sample_11808.pdf,0,0,9477,0,0,0,0.0,0,0,0,1
sample_05448.pdf,10321,1123,133313,292,14,47,5.382797825,134,67,1,0
sample_06077.pdf,16247,35,32707,263,56,10,6.502229659,22,11,1,0
sample_14932.pdf,1,15,2048000,208,44,0,3.281904462,4,2,1,1
sample_10611.pdf,0,0,7785,0,0,0,0.0,0,0,0,1
sample_18984.pdf,0,0,17327,0,0,0,0.0,0,0,0,1
sample_10824.pdf,0,0,8317,0,0,0,0.0,0,0,0,1
sample_06744.pdf,26074,46,72884,239,29,13,6.809654338,28,14,1,0
sample_19072.pdf,0,0,7893,0,0,0,0.0,0,0,0,1
sample_07605.pdf,21132,275,116048,352,29,63,4.668931226,296,148,1,0
sample_03556.pdf,6332,631,99900,326,24,70,5.306544622,188,94,1,0
sample_00753.pdf,1397,26,77973,173,15,11,5.470582146,26,13,1,0
sample_05227.pdf,1284,12,28364,198,12,3,5.392616967,6,3,1,0
sample_10959.pdf,0,0,16805,0,0,0,0.0,0,0,0,1
sample_02567.pdf,1792,2700,203322,397,12,50,6.547926804,102,51,1,0
sample_13578.pdf,0,0,9479,0,0,0,0.0,0,0,0,1
sample_18815.pdf,0,0,3927,0,0,0,0.0,0,0,0,1
sample_00222.pdf,1222,12,27432,160,8,3,5.147645208,6,3,1,0
sample_10327.pdf,0,0,8385,0,0,0,0.0,0,0,0,1
sample_05904.pdf,1122,21,71199,135,12,2,5.842022621,4,2,1,0
sample_11691.pdf,0,0,17227,0,0,0,0.0,0,0,0,1
sample_00555.pdf,111291,1813,412915,299,84,46,6.909756779,94,47,1,0
sample_05788.pdf,21974,44,67776,278,8,17,6.704511793,36,18,1,0
sample_12352.pdf,0,0,73770,0,0,0,0.0,0,0,0,1
sample_02345.pdf,27810,57,38595,284,75,13,6.649834917,28,14,1,0
sample_17694.pdf,0,0,8230,0,0,0,0.0,0,0,0,1
sample_17557.pdf,0,0,17742,0,0,0,0.0,0,0,0,1
sample_07732.pdf,42041,1225,155052,279,20,35,6.37549528,78,39,1,0
sample_03341.pdf,1533,42,94929,173,14,27,5.904225738,58,29,1,0
sample_13241.pdf,5283,20,14923,126,7,8,5.370653882,18,9,1,1
sample_13949.pdf,0,0,8195,0,0,0,0.0,0,0,0,1
sample_11304.pdf,0,0,8118,0,0,0,0.0,0,0,0,1
sample_09396.pdf,24,10,17844,198,10,1,5.302479554,2,1,1,1
sample_17667.pdf,0,0,15042,0,0,0,0.0,0,0,0,1
sample_02105.pdf,5514,29,11340,214,7,5,6.484774616,10,5,1,0
sample_16028.pdf,0,0,76853,0,0,0,0.0,0,0,0,1
sample_18060.pdf,0,0,8330,0,0,0,0.0,0,0,0,1
sample_03834.pdf,107763,40,127003,270,8,13,6.804825882,26,13,1,0
sample_10194.pdf,0,0,16042,0,0,0,0.0,0,0,0,1
sample_06433.pdf,9168,22,10702,87,12,4,6.931581114,8,4,1,0
sample_12463.pdf,0,0,1451,0,0,0,0.0,0,0,0,1
sample_03816.pdf,35280,732,119780,480,34,55,5.649726868,136,68,1,0
sample_16123.pdf,5283,20,14959,126,7,8,5.370375093,18,9,1,1
sample_14915.pdf,0,0,9734,0,0,0,0.0,0,0,0,1
sample_03594.pdf,12431,38,18016,236,29,9,6.396386971,20,10,1,0
sample_01371.pdf,743,12,19878,198,11,3,5.365275087,6,3,1,0
sample_14121.pdf,0,0,59472,0,0,0,0.0,0,0,0,1
sample_18608.pdf,0,0,1463,0,0,0,0.0,0,0,0,1
sample_10418.pdf,5283,20,15011,126,7,8,5.369988305,18,9,1,1
sample_01818.pdf,25006,76,126803,239,29,22,6.902885229,46,23,1,0
sample_00738.pdf,1256,21,81773,135,12,2,5.864604178,4,2,1,0
sample_09949.pdf,0,0,93991,0,0,0,0.0,0,0,0,1
sample_02009.pdf,5802,157,139257,266,53,92,4.598157913,218,109,1,0
sample_19016.pdf,0,0,1978,0,0,0,0.0,0,0,0,1
sample_14804.pdf,0,0,15659,0,0,0,0.0,0,0,0,1
sample_11018.pdf,0,0,15424,0,0,0,0.0,0,0,0,1
sample_14256.pdf,0,0,15376,0,0,0,0.0,0,0,0,1
sample_17570.pdf,0,0,15383,0,0,0,0.0,0,0,0,1
sample_07994.pdf,43301,92,89066,257,50,26,6.791680307,54,27,1,0
sample_06365.pdf,50731,508,144312,221,8,22,6.926278937,46,23,1,0
sample_05565.pdf,83102,2080,348845,334,29,82,6.730851101,168,84,1,0
sample_17285.pdf,0,0,12597,0,0,0,0.0,0,0,0,1
sample_17801.pdf,15528,27,51751,282,13,7,6.693679596,14,7,1,1
sample_05595.pdf,1311,21,76435,135,12,2,5.849078683,4,2,1,0
sample_08268.pdf,2787,25,15571,238,31,5,5.924147503,12,6,1,0
sample_15431.pdf,44635,25,17326,314,13,8,6.605138844,16,8,1,1
sample_05345.pdf,3706,68,25262,494,202,6,4.251937161,18,9,1,0
sample_04299.pdf,1680,23,118987,173,12,8,5.727186093,20,10,1,0
sample_03880.pdf,34468,184,54075,300,56,25,6.65457239,52,26,1,0
sample_09513.pdf,13289,17,7747,222,84,4,6.948758067,8,4,1,1
sample_15687.pdf,0,0,9692,0,0,0,0.0,0,0,0,1
sample_07478.pdf,10842,415,92469,456,33,38,5.170374917,108,54,1,0
sample_05220.pdf,4870,1788,132946,342,27,84,5.223227176,250,125,1,0
sample_17157.pdf,0,0,9562,0,0,0,0.0,0,0,0,1
sample_15141.pdf,5283,20,15093,126,7,8,5.369653075,18,9,1,1
sample_12648.pdf,7109,22,11183,158,15,10,5.632904379,20,10,1,1
sample_03166.pdf,7188,101,57690,232,11,10,6.727032522,22,11,1,0
sample_00136.pdf,8163,735,92739,338,14,58,5.483312639,146,73,1,0
sample_13634.pdf,5283,20,15093,126,7,8,5.369624758,18,9,1,1
sample_09874.pdf,0,0,77375,0,0,0,0.0,0,0,0,1
sample_09495.pdf,0,0,14967,0,0,0,0.0,0,0,0,1
sample_03002.pdf,10640,352,42564,313,18,15,6.343919277,32,16,1,0
sample_16165.pdf,0,0,37716,0,0,0,0.0,0,0,0,1
sample_04756.pdf,52904,211,176050,314,32,32,6.708265456,66,33,1,0
sample_04873.pdf,6464,29,13973,238,29,6,6.078287833,14,7,1,0
sample_09644.pdf,5283,20,15041,126,7,8,5.369847805,18,9,1,1
sample_04692.pdf,46973,90,161313,194,13,22,6.154296434,42,21,1,0
sample_10768.pdf,0,0,12317,0,0,0,0.0,0,0,0,1
sample_01707.pdf,7861,292,25860,296,35,11,6.091083554,24,12,1,0
sample_02466.pdf,17461,3235,171743,328,19,74,4.893298546,280,140,1,0
sample_14327.pdf,0,0,12163,0,0,0,0.0,0,0,0,1
sample_09320.pdf,0,0,15755,0,0,0,0.0,0,0,0,1
sample_18937.pdf,0,0,9737,0,0,0,0.0,0,0,0,1
sample_11642.pdf,5283,20,15021,126,7,8,5.369951296,18,9,1,1
sample_03979.pdf,2690,39,21624,204,11,20,6.008287276,42,21,1,0
sample_01980.pdf,4519,25,13832,235,28,5,5.956524316,12,6,1,0
sample_13921.pdf,0,0,12062,0,0,0,0.0,0,0,0,1
sample_02265.pdf,1023222,1382,7600138,222,9,471,6.947219629,946,473,1,0
sample_01194.pdf,7547,45,118277,172,11,9,6.446764973,20,10,1,0
sample_07967.pdf,20797,360,41163,305,6,17,6.484663203,36,18,1,0
sample_11203.pdf,0,0,8152,0,0,0,0.0,0,0,0,1
sample_05765.pdf,12857,131,72935,218,6,10,6.816634034,22,11,1,0
sample_05652.pdf,53184,480,78924,374,62,28,6.452970241,60,30,1,0
sample_12909.pdf,22534,21,24876,299,12,5,6.659422716,10,5,1,1
sample_18577.pdf,0,0,9598,0,0,0,0.0,0,0,0,1
sample_01025.pdf,1238,12,28241,198,12,3,5.364591226,6,3,1,0
sample_17604.pdf,0,0,9389,0,0,0,0.0,0,0,0,1
sample_11167.pdf,0,0,8260,0,0,0,0.0,0,0,0,1
sample_07498.pdf,9292,127,226949,276,10,60,6.249531422,126,63,1,0
sample_18447.pdf,0,0,8799,0,0,0,0.0,0,0,0,1
sample_05615.pdf,7824,822,89171,464,43,49,5.72762591,110,55,1,0
sample_09682.pdf,0,0,17146,0,0,0,0.0,0,0,0,1
sample_01492.pdf,56658,97,43404,87,11,34,6.280748645,68,34,1,0
sample_13402.pdf,71,16,10163,214,44,2,7.095233296,4,2,1,1
sample_18961.pdf,0,0,9403,0,0,0,0.0,0,0,0,1
sample_00648.pdf,12547,350,101965,331,20,6,3.186910041,264,132,1,0
sample_06224.pdf,7345,30,10786,87,12,7,6.397075922,14,7,1,0
sample_15217.pdf,0,0,9539,0,0,0,0.0,0,0,0,1
sample_13887.pdf,0,0,17199,0,0,0,0.0,0,0,0,1
sample_09599.pdf,918,10,14984,234,15,1,6.752871712,2,1,1,1
sample_10709.pdf,0,0,9150,0,0,0,0.0,0,0,0,1
sample_16260.pdf,0,0,7765,0,0,0,0.0,0,0,0,1
sample_01039.pdf,3964,67,19181,300,6,8,5.911782589,18,9,1,0
sample_18351.pdf,5283,20,15093,126,7,8,5.369633333,18,9,1,1
sample_05678.pdf,1705,21,90939,138,12,2,5.872384754,4,2,1,0
sample_08480.pdf,970,31,343705,84,11,11,5.008260329,38,19,1,0
sample_04376.pdf,6084,414,351500,124,12,40,6.40486204,80,40,1,0
sample_10154.pdf,0,0,12713,0,0,0,0.0,0,0,0,1
sample_07306.pdf,329,51,22507,341,29,12,5.450648109,26,13,1,0
sample_11617.pdf,0,0,15125,0,0,0,0.0,0,0,0,1
sample_04551.pdf,11708,517,322127,359,30,26,3.582558543,494,247,1,0
sample_00356.pdf,6217,589,87087,397,23,100,4.262059283,202,101,1,0
sample_10573.pdf,0,0,9903,0,0,0,0.0,0,0,0,1
sample_14756.pdf,0,0,10103,0,0,0,0.0,0,0,0,1
sample_02519.pdf,2688,44,13675,346,50,11,5.974581769,24,12,1,0
sample_00137.pdf,2897,30,26937,402,56,6,6.059759367,14,7,1,0
sample_05289.pdf,14770,185,1416434,310,51,73,6.354843887,154,77,1,0
sample_18268.pdf,1,15,7854,208,44,0,4.374567384,4,2,1,1
sample_03574.pdf,12131,36,19902,222,8,10,6.629306896,20,10,1,0
sample_01898.pdf,56250,346,78174,375,29,25,6.895639718,50,25,1,0
sample_07581.pdf,450,64,14928,372,22,5,4.446175216,14,7,1,0
sample_04683.pdf,13308,37,29307,263,56,11,6.495778217,24,12,1,0
sample_01414.pdf,19611,52,24796,235,28,13,6.540978334,28,14,1,0
sample_00821.pdf,9048,283,49115,478,79,13,6.366031128,28,14,1,0
sample_07302.pdf,4522,20,23347,270,8,3,7.13389876,6,3,1,0
sample_11452.pdf,0,0,12876,0,0,0,0.0,0,0,0,1
sample_08948.pdf,1303,25,75054,173,12,10,5.349363209,24,12,1,0
sample_11943.pdf,0,0,15868,0,0,0,0.0,0,0,0,1
sample_16169.pdf,0,0,13372,0,0,0,0.0,0,0,0,1
sample_12228.pdf,0,0,16954,0,0,0,0.0,0,0,0,1
sample_04640.pdf,0,0,482773,0,0,0,0.0,0,0,0,0
sample_14544.pdf,0,0,2774,0,0,0,0.0,0,0,0,1
sample_18418.pdf,1,70,9779,0,0,1,7.168769777,2,1,1,1
sample_12949.pdf,0,0,15672,0,0,0,0.0,0,0,0,1
sample_01054.pdf,4533,22,46099,239,29,5,6.396328159,12,6,1,0
sample_13031.pdf,0,0,1438,0,0,0,0.0,0,0,0,1
sample_02509.pdf,24393,497,91536,365,53,31,6.537457283,64,32,1,0
sample_09171.pdf,1101,316,169425,356,5,29,6.024179994,60,30,1,0
sample_11906.pdf,1,15,7560,208,44,0,4.47091232,4,2,1,1
sample_18592.pdf,0,0,9509,0,0,0,0.0,0,0,0,1
sample_10383.pdf,0,0,59445,0,0,0,0.0,0,0,0,1
sample_01678.pdf,1215,12,30360,198,12,3,5.41794917,6,3,1,0
sample_18876.pdf,0,0,8157,0,0,0,0.0,0,0,0,1
sample_15618.pdf,0,0,8300,0,0,0,0.0,0,0,0,1
sample_07229.pdf,23261,47,35826,249,40,11,6.60859552,24,12,1,0
sample_03008.pdf,1557,63,132068,173,11,43,6.015592167,94,47,1,0
sample_12210.pdf,1,18,6215,100,68,3,6.801179755,6,3,1,1
sample_08969.pdf,6542,882,82569,336,44,43,6.067765675,88,44,1,0
sample_17699.pdf,0,0,9520,0,0,0,0.0,0,0,0,1
sample_17886.pdf,5283,20,14983,126,7,8,5.370501932,18,9,1,1
sample_15654.pdf,0,0,4143,0,0,0,0.0,0,0,0,1
sample_18130.pdf,0,0,9669,0,0,0,0.0,0,0,0,1
sample_14924.pdf,0,0,8132,0,0,0,0.0,0,0,0,1
sample_07656.pdf,21308,75,39085,87,11,20,6.671240077,40,20,1,0
sample_07890.pdf,1377,21,81213,138,12,2,5.862797096,4,2,1,0
sample_18139.pdf,0,0,8133,0,0,0,0.0,0,0,0,1
sample_11881.pdf,0,0,1973,0,0,0,0.0,0,0,0,1
sample_16412.pdf,0,0,1972,0,0,0,0.0,0,0,0,1
sample_13774.pdf,0,0,8055,0,0,0,0.0,0,0,0,1
sample_05611.pdf,111867,1163,175255,543,39,61,6.875750943,124,62,1,0
sample_04048.pdf,3832,161,18053,307,6,8,5.962928651,18,9,1,0
sample_03534.pdf,32257,193,163213,283,31,30,6.643348018,62,31,1,0
sample_11514.pdf,0,0,8204,0,0,0,0.0,0,0,0,1
sample_07251.pdf,1316,21,78398,145,13,2,5.846727958,4,2,1,0
sample_01912.pdf,16684,153,88137,234,19,18,6.753042013,38,19,1,0
sample_00799.pdf,1589,32,99370,173,11,17,5.58780078,38,19,1,0
sample_16995.pdf,0,0,8117,0,0,0,0.0,0,0,0,1
sample_01217.pdf,39559,72,51080,126,10,20,6.927755219,40,20,1,0
sample_05498.pdf,20089,354,41093,305,6,17,6.471181216,36,18,1,0
sample_01360.pdf,19486,51,22462,87,11,13,6.80997469,26,13,1,0
sample_07591.pdf,2634,31,11169,429,38,4,5.099865217,10,5,1,0
sample_03646.pdf,382,28,59171,207,23,6,5.943087087,14,7,1,0
sample_07614.pdf,1306,17,84087,173,11,4,4.989532785,10,5,1,0
sample_16913.pdf,0,0,8069,0,0,0,0.0,0,0,0,1
sample_00857.pdf,3898,39,22937,204,11,20,5.999107944,42,21,1,0
sample_05264.pdf,2415,41,21402,204,11,20,5.900646448,42,21,1,0
sample_10158.pdf,0,0,11955,0,0,0,0.0,0,0,0,1
sample_13623.pdf,0,0,1525,0,0,0,0.0,0,0,0,1
sample_16239.pdf,1,10,6121,156,37,2,5.625528392,6,3,1,1
sample_11974.pdf,0,0,17661,0,0,0,0.0,0,0,0,1
sample_01663.pdf,8413,1004,323022,408,24,47,3.986147933,420,210,1,0
sample_04043.pdf,5494,1179,115091,295,15,72,5.048550875,258,129,1,0
sample_03919.pdf,121195,346,281717,284,36,52,6.94648663,106,53,1,0
sample_06933.pdf,55543,313,80479,414,43,24,6.450171666,52,26,1,0
sample_10645.pdf,1,5,7995,0,0,0,3.748150122,2,1,1,1
sample_12600.pdf,0,0,9424,0,0,0,0.0,0,0,0,1
sample_04339.pdf,12179,572,260679,464,29,59,4.86014629,188,94,1,0
sample_09384.pdf,4705,20,12685,126,7,9,5.543608531,18,9,1,1
sample_15047.pdf,5283,20,14981,126,7,8,5.370371818,18,9,1,1
sample_08967.pdf,5417,342,66701,301,26,57,4.777092496,196,98,1,0
sample_13387.pdf,0,0,9523,0,0,0,0.0,0,0,0,1
sample_05311.pdf,1098,40,34021,419,20,3,4.161376625,6,3,1,0
sample_17832.pdf,0,0,17368,0,0,0,0.0,0,0,0,1
sample_03111.pdf,2327,52,15471,300,57,7,6.600393549,14,7,1,0
sample_04740.pdf,1163,12,27705,198,11,3,5.342067697,6,3,1,0
sample_12554.pdf,0,0,15218,0,0,0,0.0,0,0,0,1
sample_17836.pdf,0,0,1904,0,0,0,0.0,0,0,0,1
sample_11596.pdf,5283,20,14981,126,7,8,5.370453259,18,9,1,1
sample_19100.pdf,0,0,8241,0,0,0,0.0,0,0,0,1
sample_05688.pdf,67142,430,127940,407,8,44,6.851402116,90,45,1,0
sample_04661.pdf,6791,240,225963,510,23,24,5.499717604,74,37,1,0
sample_13130.pdf,10145,13,4405,207,16,3,6.616018773,6,3,1,1
sample_15781.pdf,5283,20,14957,126,7,8,5.370386506,18,9,1,1
sample_17154.pdf,5283,20,15043,126,7,8,5.369806016,18,9,1,1
sample_00422.pdf,249,10,103722,249,14,2,5.688994473,6,3,1,0
sample_05020.pdf,23419,73,181671,194,13,13,5.644477292,34,17,1,0
sample_03591.pdf,8561,68,19063,286,7,7,5.822220247,16,8,1,0
sample_01644.pdf,11474,152,50894,303,16,37,6.467916942,76,38,1,0
sample_03516.pdf,8393,252,239310,402,27,19,5.37801795,56,28,1,0
sample_01786.pdf,620,19,31342,238,28,4,6.181958798,10,5,1,0
sample_12212.pdf,0,0,8305,0,0,0,0.0,0,0,0,1
sample_07847.pdf,6654,27,11836,233,28,6,6.021104267,14,7,1,0
sample_17639.pdf,0,0,16044,0,0,0,0.0,0,0,0,1
sample_17126.pdf,0,0,7857,0,0,0,0.0,0,0,0,1
sample_18081.pdf,0,0,17483,0,0,0,0.0,0,0,0,1
sample_10065.pdf,0,0,11960,0,0,0,0.0,0,0,0,1
sample_15453.pdf,0,0,1281,0,0,0,0.0,0,0,0,1
sample_05229.pdf,1319,35,116855,173,17,20,5.809384621,44,22,1,0
sample_03784.pdf,8870,48,19981,216,24,11,6.859105419,22,11,1,0
sample_12005.pdf,0,0,16569,0,0,0,0.0,0,0,0,1
sample_16272.pdf,5283,20,15013,126,7,8,5.369954697,18,9,1,1
sample_10262.pdf,0,0,8451,0,0,0,0.0,0,0,0,1
sample_18098.pdf,0,0,9785,0,0,0,0.0,0,0,0,1
sample_15044.pdf,0,0,9867,0,0,0,0.0,0,0,0,1
sample_12717.pdf,0,0,9611,0,0,0,0.0,0,0,0,1
sample_09066.pdf,1208,12,15491,160,11,3,5.238584827,6,3,1,0
sample_10976.pdf,0,0,9769,0,0,0,0.0,0,0,0,1
sample_09360.pdf,0,0,9545,0,0,0,0.0,0,0,0,1
sample_17464.pdf,1,31,9864,163,44,3,5.236355509,6,3,1,1
sample_05591.pdf,8571,130,25301,460,7,10,6.203387454,22,11,1,0
sample_11532.pdf,0,0,5378,0,0,0,0.0,0,0,0,1
sample_07345.pdf,68498,616,335004,192,12,42,6.990334608,86,43,1,0
sample_15798.pdf,1,9,305687,0,0,0,3.985022445,4,2,1,1
sample_08827.pdf,2917,60,46425,360,46,13,5.848554337,26,13,1,0
sample_05399.pdf,8445,28,14847,236,29,5,6.059192286,12,6,1,0
sample_15112.pdf,14963,19,46212,287,15,3,6.587620948,6,3,1,1
sample_06335.pdf,1512,21,90913,135,12,2,5.887702048,4,2,1,0
sample_04686.pdf,1760,127,141971,447,12,24,6.019053665,50,25,1,0
sample_00565.pdf,6649,203,20201,337,44,7,5.892687028,16,8,1,0
sample_13546.pdf,0,0,8149,0,0,0,0.0,0,0,0,1
sample_13610.pdf,0,0,8162,0,0,0,0.0,0,0,0,1
sample_12715.pdf,0,0,15895,0,0,0,0.0,0,0,0,1
sample_06338.pdf,47219,85,82732,389,17,27,6.831192027,56,28,1,0
sample_08808.pdf,61554,1327,399493,188,33,61,6.600868824,126,63,1,0
sample_15997.pdf,1,15,3687,208,44,1,5.264954979,4,2,1,1
sample_06520.pdf,1728,33,22201,155,8,10,6.228598865,22,11,1,0
sample_00915.pdf,1553,93,115904,389,13,16,6.131635068,34,17,1,0
sample_16033.pdf,0,0,2009,0,0,0,0.0,0,0,0,1
sample_14244.pdf,71,16,10237,214,44,2,7.13183809,4,2,1,1
sample_08826.pdf,1262,12,30886,198,12,3,5.344446614,6,3,1,0
sample_14197.pdf,0,0,8032,0,0,0,0.0,0,0,0,1
sample_13447.pdf,0,0,1427,0,0,0,0.0,0,0,0,1
sample_15114.pdf,0,0,1971,0,0,0,0.0,0,0,0,1
sample_09700.pdf,5283,20,14961,126,7,8,5.370348625,18,9,1,1
sample_06033.pdf,3792,31,64422,238,28,8,6.681571848,18,9,1,0
sample_03788.pdf,202176,221,406000,161,17,68,6.995898042,138,69,1,0
sample_09677.pdf,0,0,9420,0,0,0,0.0,0,0,0,1
sample_12709.pdf,4244,204,89825,289,43,30,5.247413965,76,38,1,1
sample_13645.pdf,0,0,9584,0,0,0,0.0,0,0,0,1
sample_16999.pdf,0,0,17192,0,0,0,0.0,0,0,0,1
sample_08001.pdf,4429,89,61392,221,8,8,6.717255492,18,9,1,0
sample_17658.pdf,0,0,17193,0,0,0,0.0,0,0,0,1
sample_12820.pdf,5283,20,15053,126,7,8,5.369826006,18,9,1,1
sample_02608.pdf,1697,96,113731,448,9,16,6.218937586,34,17,1,0
sample_18179.pdf,0,0,17059,0,0,0,0.0,0,0,0,1
sample_09977.pdf,0,0,9165,0,0,0,0.0,0,0,0,1
sample_12111.pdf,0,0,16300,0,0,0,0.0,0,0,0,1
sample_16807.pdf,0,0,9535,0,0,0,0.0,0,0,0,1
sample_00336.pdf,1949,155,249009,644,11,29,5.821195777,60,30,1,0
sample_00444.pdf,17785,610,409493,367,24,28,5.980963641,64,32,1,0
sample_15556.pdf,0,0,8027,0,0,0,0.0,0,0,0,1
sample_03820.pdf,1170,12,23778,198,12,3,5.381643542,6,3,1,0
sample_12490.pdf,5283,20,15095,126,7,8,5.369699781,18,9,1,1
sample_16833.pdf,0,0,8382,0,0,0,0.0,0,0,0,1
sample_12097.pdf,0,0,12306,0,0,0,0.0,0,0,0,1
sample_14848.pdf,5283,20,15003,126,7,8,5.370370041,18,9,1,1
sample_08589.pdf,30800,107,115944,163,11,46,6.543351268,94,47,1,0
sample_08876.pdf,1221,21,78791,135,11,2,5.847505973,4,2,1,0
sample_14542.pdf,0,0,8210,0,0,0,0.0,0,0,0,1
sample_10989.pdf,0,0,9506,0,0,0,0.0,0,0,0,1
sample_01319.pdf,7958,383,69640,399,30,43,5.883980708,92,46,1,0
sample_02706.pdf,1757,146,205532,416,11,21,6.057132452,50,25,1,0
sample_04658.pdf,2502,142,23849,301,8,14,6.123768963,30,15,1,0
sample_18842.pdf,5122,20,13061,126,7,9,5.548052131,18,9,1,1
sample_12813.pdf,0,0,9381,0,0,0,0.0,0,0,0,1
sample_11090.pdf,1,11,9351,135,44,1,4.702531508,4,2,1,1
sample_10650.pdf,0,0,9941,0,0,0,0.0,0,0,0,1
sample_04023.pdf,4762,30,21033,218,11,7,6.231911519,16,8,1,0
sample_03252.pdf,22417,61,39211,126,11,17,6.918969502,34,17,1,0
sample_06297.pdf,17104,57,41746,215,8,14,6.598812187,30,15,1,0
sample_00101.pdf,2672,10,2715,92,36,2,6.589723374,4,2,1,0
sample_00299.pdf,14324,34,59244,239,29,9,6.728972645,20,10,1,0
sample_03050.pdf,4535,22,46691,239,29,5,6.404753602,12,6,1,0
sample_14272.pdf,0,0,9652,0,0,0,0.0,0,0,0,1
sample_18036.pdf,0,0,9594,0,0,0,0.0,0,0,0,1
sample_16894.pdf,0,0,9628,0,0,0,0.0,0,0,0,1
sample_10231.pdf,0,0,8213,0,0,0,0.0,0,0,0,1
sample_12528.pdf,0,0,15930,0,0,0,0.0,0,0,0,1
sample_14405.pdf,0,0,15331,0,0,0,0.0,0,0,0,1
sample_14296.pdf,5283,20,15117,126,7,8,5.369400331,18,9,1,1
sample_05517.pdf,1861,31,210659,236,51,9,6.538543534,20,10,1,0
sample_12371.pdf,0,0,19420,0,0,0,0.0,0,0,0,1
sample_02435.pdf,10174,498,38749,351,58,12,6.347738725,26,13,1,0
sample_11364.pdf,0,0,23192,0,0,0,0.0,0,0,0,1
sample_00958.pdf,8247,36,17254,233,28,8,6.241221196,18,9,1,0
sample_08883.pdf,1705,118,206147,362,12,23,5.858997599,48,24,1,0
sample_13245.pdf,0,0,16993,0,0,0,0.0,0,0,0,1
sample_05793.pdf,5407,105,74979,205,3,13,6.670513306,28,14,1,0
sample_12534.pdf,0,0,9415,0,0,0,0.0,0,0,0,1
sample_02016.pdf,1113,12,30055,198,12,3,5.337473185,6,3,1,0
sample_05031.pdf,1404,34,78735,173,11,19,5.509898999,42,21,1,0
sample_13052.pdf,0,0,17488,0,0,0,0.0,0,0,0,1
sample_03621.pdf,31570,183,160276,373,33,26,6.704622237,54,27,1,0
sample_11131.pdf,1,10,4000,156,37,2,5.448849085,6,3,1,1
sample_09729.pdf,0,0,17455,0,0,0,0.0,0,0,0,1
sample_17187.pdf,17062,41,35873,302,16,15,6.783616409,30,15,1,1
sample_13438.pdf,0,0,8160,0,0,0,0.0,0,0,0,1
sample_06604.pdf,21791,102,99222,163,11,48,6.474420632,98,49,1,0
sample_10791.pdf,94,31,11632,163,44,4,5.467315194,8,4,1,1
sample_07563.pdf,947,60,26579,298,27,16,6.270470229,34,17,1,0
sample_11399.pdf,0,0,17452,0,0,0,0.0,0,0,0,1
sample_01781.pdf,28033,174,234918,353,29,43,5.229957429,150,75,1,0
sample_10463.pdf,0,0,12018,0,0,0,0.0,0,0,0,1
sample_08028.pdf,12928,335,89738,219,6,16,6.731176118,34,17,1,0
sample_07214.pdf,3680,71,85134,322,1,13,5.829361943,28,14,1,0
sample_16506.pdf,5283,20,14959,126,7,8,5.370373239,18,9,1,1
sample_03026.pdf,14755,464,83980,448,31,55,5.170302098,160,80,1,0
sample_05287.pdf,8104,2034,292451,375,30,43,3.549052873,748,374,1,0
sample_14533.pdf,0,0,16171,0,0,0,0.0,0,0,0,1
sample_11349.pdf,0,0,16997,0,0,0,0.0,0,0,0,1
sample_04709.pdf,17903,40,68419,237,28,10,6.505728435,22,11,1,0
sample_19087.pdf,5283,20,15091,126,7,8,5.36968345,18,9,1,1
sample_10602.pdf,0,0,2006,0,0,0,0.0,0,0,0,1
sample_03222.pdf,1278,21,83368,138,12,2,5.876527582,4,2,1,0
sample_05837.pdf,1349,37,132747,173,11,22,5.847416313,48,24,1,0
sample_02806.pdf,1339,21,77947,138,10,2,5.851031228,4,2,1,0
sample_16609.pdf,0,0,15969,0,0,0,0.0,0,0,0,1
sample_10446.pdf,5283,20,15019,126,7,8,5.369842366,18,9,1,1
sample_14130.pdf,0,0,9252,0,0,0,0.0,0,0,0,1
sample_14864.pdf,0,0,7921,0,0,0,0.0,0,0,0,1
sample_10300.pdf,0,0,8314,0,0,0,0.0,0,0,0,1
sample_09091.pdf,979,38,75849,173,14,23,5.353723737,50,25,1,0
sample_00720.pdf,1691,32,89780,173,10,17,5.788864281,38,19,1,0
sample_15068.pdf,1,9,94525,0,0,0,3.916484766,4,2,1,1
sample_05670.pdf,15332,82,197653,335,32,23,6.485159326,50,25,1,0
sample_05964.pdf,1329,23,69396,173,11,8,5.769405015,20,10,1,0
sample_18199.pdf,0,0,9392,0,0,0,0.0,0,0,0,1
sample_18650.pdf,710,10,34504,95,17,1,6.687710361,2,1,1,1
sample_07799.pdf,8935,781,86585,320,14,51,6.020130007,104,52,1,0
sample_03134.pdf,1192,12,25513,160,10,3,5.339061023,6,3,1,0
sample_05697.pdf,9298,32,18333,234,29,8,6.305933853,18,9,1,0
sample_12565.pdf,0,0,9412,0,0,0,0.0,0,0,0,1
sample_07211.pdf,27506,1138,146160,432,26,71,5.327743648,200,100,1,0
sample_02398.pdf,1049,12,22952,198,12,3,5.397894952,6,3,1,0
sample_00213.pdf,12504,61,31838,204,11,26,5.917928938,54,27,1,0
sample_15252.pdf,0,0,9205,0,0,0,0.0,0,0,0,1
sample_02229.pdf,1296,21,90550,135,12,2,5.873986855,4,2,1,0
sample_02701.pdf,13873,18,20295,222,8,2,6.429263112,4,2,1,0
sample_09047.pdf,14920,4271,187192,321,30,83,6.562883536,164,82,1,0
sample_09637.pdf,1,10,5880,156,37,2,5.451305256,6,3,1,1
sample_04160.pdf,2304,21,17686,233,28,4,5.796372089,10,5,1,0
sample_05334.pdf,3236,212,43479,431,23,4,4.032872173,32,16,1,0
sample_17977.pdf,0,0,8199,0,0,0,0.0,0,0,0,1
sample_12745.pdf,0,0,16908,0,0,0,0.0,0,0,0,1
sample_13829.pdf,0,0,9642,0,0,0,0.0,0,0,0,1
sample_03361.pdf,1328,21,78995,135,12,2,5.848363748,4,2,1,0
sample_00762.pdf,1160,12,24489,198,12,3,5.496370595,6,3,1,0
sample_18240.pdf,0,0,17416,0,0,0,0.0,0,0,0,1
sample_18996.pdf,1,15,17928,208,44,0,3.281641504,4,2,1,1
sample_02053.pdf,31356,719,159194,283,10,30,6.765034696,62,31,1,0
sample_01002.pdf,37821,114,121049,163,11,53,6.555993492,108,54,1,0
sample_08768.pdf,1474,28,80108,173,11,13,5.594798659,30,15,1,0
sample_08817.pdf,11694,384,71178,311,15,44,6.171318581,86,43,1,0
sample_06063.pdf,7898,597,93773,399,28,64,5.122662765,214,107,1,0
sample_01698.pdf,5859,109,44773,218,6,6,6.540572485,14,7,1,0
sample_19203.pdf,0,0,17403,0,0,0,0.0,0,0,0,1
sample_02952.pdf,3850,19,13929,281,11,2,6.151909788,8,4,1,0
sample_17542.pdf,0,0,9338,0,0,0,0.0,0,0,0,1
sample_11956.pdf,0,0,9885,0,0,0,0.0,0,0,0,1
sample_17576.pdf,0,0,12465,0,0,0,0.0,0,0,0,1
sample_09801.pdf,154,30,49370,29,68,12,6.182289153,24,12,1,1
sample_02578.pdf,356,44,32016,185,10,13,6.620240917,28,14,1,0
sample_07051.pdf,6736,195,46219,535,100,19,6.420664346,40,20,1,0
sample_09244.pdf,12968,36,20977,32,12,10,6.643061353,20,10,1,0
sample_16957.pdf,0,0,9227,0,0,0,0.0,0,0,0,1
sample_12482.pdf,0,0,8302,0,0,0,0.0,0,0,0,1
sample_11487.pdf,0,0,9544,0,0,0,0.0,0,0,0,1
sample_17179.pdf,7741,22,8857,158,15,10,5.652983804,20,10,1,1
sample_13564.pdf,0,0,8065,0,0,0,0.0,0,0,0,1
sample_16209.pdf,0,0,9479,0,0,0,0.0,0,0,0,1
sample_00766.pdf,4737,1282,86142,438,45,54,5.66096091,130,65,1,0
sample_08593.pdf,8248,159,17397,341,8,19,5.987400956,40,20,1,0
sample_17996.pdf,0,0,15398,0,0,0,0.0,0,0,0,1
sample_08065.pdf,4610,1544,81390,394,30,25,4.087658362,170,85,1,0
sample_15804.pdf,0,0,9788,0,0,0,0.0,0,0,0,1
sample_05308.pdf,1002,13,17227,188,12,3,5.170160101,8,4,1,0
sample_12893.pdf,0,0,49152,0,0,0,0.0,0,0,0,1
sample_12188.pdf,0,0,9520,0,0,0,0.0,0,0,0,1
sample_02388.pdf,53105,123,66565,237,28,33,6.81409804,68,34,1,0
sample_08281.pdf,63975,106,94323,278,33,42,6.678492902,86,43,1,0
sample_12828.pdf,0,0,2011,0,0,0,0.0,0,0,0,1
sample_12518.pdf,0,0,12395,0,0,0,0.0,0,0,0,1
sample_13500.pdf,0,0,12222,0,0,0,0.0,0,0,0,1
sample_02656.pdf,12646,55,40239,348,13,22,5.700238381,48,24,1,0
sample_16027.pdf,5283,20,14981,126,7,8,5.370476133,18,9,1,1
sample_05954.pdf,39979,575,152893,235,20,21,6.884279552,44,22,1,0
sample_11228.pdf,0,0,12226,0,0,0,0.0,0,0,0,1
sample_09028.pdf,8439,83,304346,300,30,37,6.221905813,88,44,1,0
sample_18234.pdf,0,0,9603,0,0,0,0.0,0,0,0,1
sample_09548.pdf,14,36,75773,214,44,18,6.564273246,36,18,1,1
sample_04607.pdf,1493,137,95608,444,17,24,6.074372409,50,25,1,0
sample_09864.pdf,0,0,15950,0,0,0,0.0,0,0,0,1
sample_14369.pdf,0,0,8010,0,0,0,0.0,0,0,0,1
sample_02176.pdf,5494,1203,128866,295,15,76,5.036226727,262,131,1,0
sample_15165.pdf,0,0,15924,0,0,0,0.0,0,0,0,1
sample_06977.pdf,1242,12,27054,198,11,3,5.492540845,6,3,1,0
sample_17936.pdf,0,0,9698,0,0,0,0.0,0,0,0,1
sample_17895.pdf,0,0,8362,0,0,0,0.0,0,0,0,1
sample_10374.pdf,0,0,9969,0,0,0,0.0,0,0,0,1
sample_13901.pdf,0,0,9590,0,0,0,0.0,0,0,0,1
sample_09355.pdf,0,0,14890,0,0,0,0.0,0,0,0,1
sample_01023.pdf,4981,34,316299,251,50,10,6.469339803,26,13,1,0
sample_14178.pdf,0,0,8008,0,0,0,0.0,0,0,0,1
sample_00377.pdf,28837,158,44120,317,16,19,6.588955628,40,20,1,0
sample_10835.pdf,0,0,9290,0,0,0,0.0,0,0,0,1
sample_18380.pdf,0,0,15686,0,0,0,0.0,0,0,0,1
sample_02930.pdf,11594,35,26532,263,56,9,6.45020621,20,10,1,0
sample_13396.pdf,0,0,9523,0,0,0,0.0,0,0,0,1
sample_08168.pdf,3544,94,275589,194,44,28,6.432557119,66,33,1,0
sample_18457.pdf,0,0,9450,0,0,0,0.0,0,0,0,1
sample_12823.pdf,0,0,9383,0,0,0,0.0,0,0,0,1
sample_05973.pdf,3148,92,167081,83,18,19,6.359025571,40,20,1,0
sample_04308.pdf,6884,67,42331,352,24,10,4.196246412,48,24,1,0
sample_15614.pdf,0,0,8256,0,0,0,0.0,0,0,0,1
sample_05580.pdf,1536,32,82523,173,12,17,5.508462697,38,19,1,0
sample_03951.pdf,27158,145,123306,255,21,25,6.587475918,52,26,1,0
sample_16455.pdf,0,0,1446,0,0,0,0.0,0,0,0,1
sample_19180.pdf,0,0,9506,0,0,0,0.0,0,0,0,1
sample_15161.pdf,0,0,9517,0,0,0,0.0,0,0,0,1
sample_11661.pdf,0,0,16545,0,0,0,0.0,0,0,0,1
sample_03429.pdf,12416,553,46354,506,62,18,6.42098142,38,19,1,0
sample_09345.pdf,0,0,8173,0,0,0,0.0,0,0,0,1
sample_00248.pdf,30426,236,62800,298,14,22,6.571845493,46,23,1,0
sample_08493.pdf,12242,41,21999,411,68,9,6.236814835,20,10,1,0
sample_00747.pdf,29250,80,65325,87,11,19,6.784649345,38,19,1,0
sample_06557.pdf,3823,138,211411,192,27,17,6.944285439,34,17,1,0
sample_16647.pdf,0,0,17567,0,0,0,0.0,0,0,0,1
sample_03108.pdf,9017,667,106917,294,6,65,4.741602196,156,78,1,0
sample_04278.pdf,36009,209,60809,424,56,28,6.692274429,58,29,1,0
sample_10041.pdf,0,0,3140,0,0,0,0.0,0,0,0,1
sample_07225.pdf,1528,12,34825,198,12,3,5.346165613,6,3,1,0
sample_01162.pdf,46470,111,93749,237,28,32,6.813946221,66,33,1,0
sample_15478.pdf,0,0,16174,0,0,0,0.0,0,0,0,1
sample_00806.pdf,29262,286,135520,234,20,24,6.951735536,50,25,1,0
sample_01490.pdf,8809,137,25796,510,57,10,6.187563166,22,11,1,0
sample_14149.pdf,0,0,7876,0,0,0,0.0,0,0,0,1
sample_15412.pdf,5283,20,15021,126,7,8,5.369970142,18,9,1,1
sample_15147.pdf,15,10,17618,187,7,1,5.209867122,2,1,1,1
sample_07342.pdf,676,12,16079,160,12,3,5.254055011,6,3,1,0
sample_18829.pdf,0,0,15020,0,0,0,0.0,0,0,0,1
sample_17812.pdf,0,0,16437,0,0,0,0.0,0,0,0,1
sample_12133.pdf,0,0,8132,0,0,0,0.0,0,0,0,1
sample_06160.pdf,1926,118,33662,331,23,4,4.457893426,30,15,1,0
sample_11628.pdf,1,16,4358,201,44,2,5.273747645,4,2,1,1
sample_13849.pdf,0,0,15829,0,0,0,0.0,0,0,0,1
sample_03602.pdf,3903,28,11370,238,29,5,5.959624117,12,6,1,0
sample_15416.pdf,0,0,9545,0,0,0,0.0,0,0,0,1
sample_10633.pdf,0,0,1456,0,0,0,0.0,0,0,0,1
sample_06112.pdf,991,13,17078,188,12,3,5.241047421,8,4,1,0
sample_03519.pdf,13563,56,30701,276,62,23,5.802573685,50,25,1,0
sample_17637.pdf,0,0,12528,0,0,0,0.0,0,0,0,1
sample_13445.pdf,0,0,77009,0,0,0,0.0,0,0,0,1
sample_07523.pdf,1633,341,86463,173,11,25,6.184643927,52,26,1,0
sample_11887.pdf,0,0,564001,0,0,0,0.0,0,0,0,1
sample_15685.pdf,0,0,9756,0,0,0,0.0,0,0,0,1
sample_03128.pdf,1129,12,29236,160,12,3,5.083781455,6,3,1,0
sample_08718.pdf,580,12,2376,234,46,1,6.974884143,2,1,1,0
sample_14799.pdf,0,0,9332,0,0,0,0.0,0,0,0,1
sample_14415.pdf,0,0,8291,0,0,0,0.0,0,0,0,1
sample_08762.pdf,1453,12,37391,198,12,3,5.453891446,6,3,1,0
sample_01095.pdf,11872,516,91629,439,30,49,5.1701798,140,70,1,0
sample_16117.pdf,1,996,6298,210,39,8,5.036515016,16,8,1,1
sample_03306.pdf,17775,701,76275,342,26,43,5.764596901,108,54,1,0
sample_15257.pdf,0,0,9551,0,0,0,0.0,0,0,0,1
sample_11003.pdf,1,15,3597,208,68,1,5.269082368,4,2,1,1
sample_02442.pdf,1389,21,89290,135,12,2,5.874994537,4,2,1,0
sample_00627.pdf,1122,12,27262,198,12,3,5.288958813,6,3,1,0
sample_00775.pdf,1211,21,75629,135,12,2,5.837883102,4,2,1,0
sample_13899.pdf,0,0,10021,0,0,0,0.0,0,0,0,1
sample_17183.pdf,0,0,9568,0,0,0,0.0,0,0,0,1
sample_07635.pdf,62012,445,92624,434,53,29,6.300130752,64,32,1,0
sample_17509.pdf,0,0,16613,0,0,0,0.0,0,0,0,1
sample_16770.pdf,0,0,8467,0,0,0,0.0,0,0,0,1
sample_19052.pdf,0,0,9234,0,0,0,0.0,0,0,0,1
sample_07069.pdf,1042,12,22895,198,12,3,5.217292304,6,3,1,0
sample_03296.pdf,9618,379,81720,331,17,56,5.432264347,142,71,1,0
sample_18177.pdf,0,0,13400,0,0,0,0.0,0,0,0,1
sample_15678.pdf,0,0,9346,0,0,0,0.0,0,0,0,1
sample_05273.pdf,1205,266,154468,261,33,103,3.56820575,328,164,1,0
sample_05158.pdf,10558,1140,87421,292,14,62,5.683147939,150,75,1,0
sample_04402.pdf,8400,27,10821,87,11,6,6.766761842,12,6,1,0
sample_02797.pdf,1196,12,25842,198,12,3,5.355856529,6,3,1,0
sample_03510.pdf,11300,307,71795,398,32,48,6.042036885,96,48,1,0
sample_18194.pdf,0,0,8168,0,0,0,0.0,0,0,0,1
sample_17214.pdf,6933,24,34221,261,10,7,6.383995578,14,7,1,1
sample_00995.pdf,1511,21,83539,138,12,2,5.862665629,4,2,1,0
sample_02408.pdf,3853,85,62380,209,11,9,6.756166665,20,10,1,0
sample_10129.pdf,0,0,9837,0,0,0,0.0,0,0,0,1
sample_00644.pdf,9176,37,23715,234,29,9,6.34033549,20,10,1,0
sample_03740.pdf,44868,65,75893,307,62,20,6.712715793,42,21,1,0
sample_08750.pdf,13194,164,27998,300,56,13,6.379414244,28,14,1,0
sample_10148.pdf,0,0,5586,0,0,0,0.0,0,0,0,1
sample_08052.pdf,14415,224,38261,268,22,12,6.42582241,26,13,1,0
sample_08475.pdf,14884,33,24078,235,28,7,6.350759398,16,8,1,0
sample_01721.pdf,295639,172,279655,335,43,51,7.081051485,104,52,1,0
sample_14433.pdf,0,0,16497,0,0,0,0.0,0,0,0,1
sample_07546.pdf,5053,167,319533,313,24,47,5.243756042,130,65,1,0
sample_12319.pdf,0,0,16290,0,0,0,0.0,0,0,0,1
sample_06965.pdf,1399,22,103338,175,12,2,5.745019592,6,3,1,0
sample_14959.pdf,0,0,7825,0,0,0,0.0,0,0,0,1
sample_11448.pdf,5283,20,15091,126,7,8,5.369652587,18,9,1,1
sample_06170.pdf,1218,21,75205,135,11,2,5.833876447,4,2,1,0
sample_12592.pdf,0,0,17125,0,0,0,0.0,0,0,0,1
sample_16162.pdf,0,0,15269,0,0,0,0.0,0,0,0,1
sample_14320.pdf,0,0,9642,0,0,0,0.0,0,0,0,1
sample_14456.pdf,0,0,2139,0,0,0,0.0,0,0,0,1
sample_04906.pdf,1673,231,184821,240,7,71,5.184018141,154,77,1,0
sample_00092.pdf,8411,39,22482,249,42,8,5.352937837,22,11,1,0
sample_03652.pdf,1924,46,78614,182,15,5,6.602455277,10,5,1,0
sample_13091.pdf,1,19,7105,205,68,2,5.150937735,6,3,1,1
sample_06985.pdf,5395,576,72780,83,17,51,5.241830737,112,56,1,0
sample_09459.pdf,0,0,8166,0,0,0,0.0,0,0,0,1
sample_18076.pdf,1,16,10950,214,44,0,4.555626232,4,2,1,1
sample_13011.pdf,0,0,10046,0,0,0,0.0,0,0,0,1
sample_00777.pdf,10434,133,47252,275,14,33,6.424127922,68,34,1,0
sample_11133.pdf,0,0,9181,0,0,0,0.0,0,0,0,1
sample_04608.pdf,26514,617,61959,492,69,28,6.584436018,58,29,1,0
sample_04047.pdf,1178,12,26388,198,10,3,5.492003139,6,3,1,0
sample_00742.pdf,2666,45,12802,128,36,29,4.819990445,58,29,1,0
sample_18750.pdf,0,0,78118,0,0,0,0.0,0,0,0,1
sample_04935.pdf,36625,648,175835,368,56,60,6.631171071,124,62,1,0
sample_13890.pdf,0,0,73754,0,0,0,0.0,0,0,0,1
sample_09771.pdf,5283,20,15091,126,7,8,5.369637656,18,9,1,1
sample_08355.pdf,3548,231,75608,284,16,44,6.115089614,86,43,1,0
sample_19140.pdf,0,0,15711,0,0,0,0.0,0,0,0,1
sample_12826.pdf,0,0,16346,0,0,0,0.0,0,0,0,1
sample_12683.pdf,0,0,9704,0,0,0,0.0,0,0,0,1
sample_06828.pdf,16993,94,101435,163,10,46,6.524342342,94,47,1,0
sample_06952.pdf,16488,281,78352,352,59,20,6.558065708,42,21,1,0
sample_09099.pdf,1205,12,28340,198,12,3,5.446568431,6,3,1,0
sample_17784.pdf,0,0,9675,0,0,0,0.0,0,0,0,1
sample_14827.pdf,0,0,9558,0,0,0,0.0,0,0,0,1
sample_18033.pdf,0,0,15502,0,0,0,0.0,0,0,0,1
sample_10115.pdf,0,0,8388,0,0,0,0.0,0,0,0,1
sample_17331.pdf,1,16,10849,214,44,0,4.641306943,4,2,1,1
sample_10722.pdf,0,0,9618,0,0,0,0.0,0,0,0,1
sample_06680.pdf,1415,27,81566,173,12,12,5.798157196,28,14,1,0
sample_11281.pdf,0,0,8253,0,0,0,0.0,0,0,0,1
sample_13233.pdf,0,0,8952,0,0,0,0.0,0,0,0,1
sample_16512.pdf,0,0,9548,0,0,0,0.0,0,0,0,1
sample_08979.pdf,3541,684,57960,290,33,22,6.197929132,48,24,1,0
sample_13034.pdf,0,0,12051,0,0,0,0.0,0,0,0,1
sample_07412.pdf,1699,21,241463,212,11,5,6.425888983,14,7,1,0
sample_14731.pdf,0,0,9719,0,0,0,0.0,0,0,0,1
sample_18402.pdf,1,9,130785,0,0,0,3.39205588,4,2,1,1
sample_08558.pdf,92938,201,297908,230,32,62,6.996486129,126,63,1,0
sample_10212.pdf,0,0,232195,0,0,0,0.0,0,0,0,1
sample_13569.pdf,0,0,15666,0,0,0,0.0,0,0,0,1
sample_09611.pdf,0,0,45416,0,0,0,0.0,0,0,0,1
sample_15145.pdf,0,0,36072,0,0,0,0.0,0,0,0,1
sample_05509.pdf,72903,873,201698,314,13,95,6.330207469,194,97,1,0
sample_16299.pdf,0,0,8273,0,0,0,0.0,0,0,0,1
sample_13667.pdf,0,0,16050,0,0,0,0.0,0,0,0,1
sample_07457.pdf,6028,87,103596,282,23,20,6.544255431,42,21,1,0
sample_00044.pdf,3251,37,87427,287,24,13,6.469991454,28,14,1,0
sample_08710.pdf,42051,527,129096,299,49,28,6.716628814,58,29,1,0
sample_13030.pdf,0,0,10743,0,0,0,0.0,0,0,0,1
sample_05716.pdf,20349,76,156076,247,39,22,6.1713812,52,26,1,0
sample_00628.pdf,4668,139,197668,310,27,30,5.905986865,62,31,1,0
sample_08680.pdf,3016,79,11004,313,64,4,4.925785146,10,5,1,0
sample_06176.pdf,76296,209,412704,234,31,55,6.997669103,112,56,1,0
sample_04746.pdf,41184,91,52398,126,12,27,6.959266998,54,27,1,0
sample_05666.pdf,1272,21,74927,135,12,2,5.855314031,4,2,1,0
sample_01481.pdf,3206,70,13849,407,9,6,5.729282695,14,7,1,0
sample_02162.pdf,11040,475,43597,547,76,22,6.445880672,46,23,1,0
sample_10301.pdf,0,0,16949,0,0,0,0.0,0,0,0,1
sample_03978.pdf,1457,32,81026,173,11,17,5.49250307,38,19,1,0
sample_17397.pdf,0,0,8130,0,0,0,0.0,0,0,0,1
sample_13149.pdf,0,0,18129,0,0,0,0.0,0,0,0,1
sample_12426.pdf,0,0,77124,0,0,0,0.0,0,0,0,1
sample_04107.pdf,1234,13,22402,188,12,3,5.158939779,8,4,1,0
sample_12739.pdf,0,0,8285,0,0,0,0.0,0,0,0,1
sample_06863.pdf,21075,55,28993,237,28,15,6.635506466,32,16,1,0
sample_04035.pdf,1345,21,82089,145,14,2,5.852573657,4,2,1,0
sample_17527.pdf,0,0,8232,0,0,0,0.0,0,0,0,1
sample_09219.pdf,7566,157,78259,369,28,42,4.810222026,138,69,1,0
sample_00104.pdf,19482,1596,207687,297,35,25,6.466990265,56,28,1,0
sample_06523.pdf,14710,529,45504,512,64,16,6.459238671,34,17,1,0
sample_10832.pdf,0,0,220556,0,0,0,0.0,0,0,0,1
sample_12404.pdf,5283,20,15017,126,7,8,5.369876206,18,9,1,1
sample_15226.pdf,0,0,17243,0,0,0,0.0,0,0,0,1
sample_07343.pdf,10558,999,106248,292,14,67,5.680222394,156,78,1,0
sample_07933.pdf,67994,331,232439,266,62,29,6.592492254,74,37,1,0
sample_07785.pdf,7768,707,101301,333,33,62,5.277744604,174,87,1,0
sample_05040.pdf,1425,21,77728,138,12,2,5.85096594,4,2,1,0
sample_14594.pdf,0,0,35640,0,0,0,0.0,0,0,0,1
sample_17688.pdf,0,0,8021,0,0,0,0.0,0,0,0,1
sample_12395.pdf,0,0,9234,0,0,0,0.0,0,0,0,1
sample_09467.pdf,0,0,10007,0,0,0,0.0,0,0,0,1
sample_09002.pdf,50277,69,80544,239,29,20,6.84493227,42,21,1,0
sample_09261.pdf,7571,100,17343,257,11,6,5.667406553,14,7,1,0
sample_04542.pdf,1797,32,106959,173,18,17,5.99814987,38,19,1,0
sample_09205.pdf,1495,21,74040,138,12,2,5.851926712,4,2,1,0
sample_03027.pdf,35746,263,206894,273,33,31,6.571586974,66,33,1,0
sample_13104.pdf,0,0,8551,0,0,0,0.0,0,0,0,1
sample_15347.pdf,0,0,17337,0,0,0,0.0,0,0,0,1
sample_10858.pdf,0,0,2454,0,0,0,0.0,0,0,0,1
sample_12425.pdf,0,0,17411,0,0,0,0.0,0,0,0,1
sample_04355.pdf,1227,21,84880,135,12,2,5.873749028,4,2,1,0
sample_06990.pdf,1219,13,22455,188,12,3,5.287008024,8,4,1,0
sample_04104.pdf,10154,35,16457,238,29,8,6.324494276,18,9,1,0
sample_03102.pdf,10126,34,15469,126,12,9,6.706478548,18,9,1,0
sample_16270.pdf,0,0,16115,0,0,0,0.0,0,0,0,1
sample_18472.pdf,1,16,14917,214,44,0,4.66456235,4,2,1,1
sample_16238.pdf,0,0,8072,0,0,0,0.0,0,0,0,1
sample_04105.pdf,1580,115,166179,348,10,30,5.874906008,62,31,1,0
sample_18445.pdf,0,0,16385,0,0,0,0.0,0,0,0,1
sample_05363.pdf,23977,173,161294,302,21,44,6.379466048,92,46,1,0
sample_07954.pdf,1607,216,200442,367,12,19,5.896902217,40,20,1,0
sample_05168.pdf,24116,56,38066,234,29,15,6.662799413,32,16,1,0
sample_13777.pdf,0,0,8406,0,0,0,0.0,0,0,0,1
sample_13456.pdf,0,0,8082,0,0,0,0.0,0,0,0,1
sample_02859.pdf,7222,39,75427,239,29,11,6.766386224,24,12,1,0
sample_02297.pdf,3637,470,81205,456,37,30,6.319581399,62,31,1,0
sample_08714.pdf,17460,1905,146406,327,16,102,5.094137911,348,174,1,0
sample_07659.pdf,41673,418,207625,260,35,27,6.918183789,56,28,1,0
sample_03961.pdf,26593,57,86157,239,29,17,6.860230292,36,18,1,0
sample_16818.pdf,0,0,9780,0,0,0,0.0,0,0,0,1
sample_06822.pdf,11050,1653,88773,351,58,24,6.621654022,50,25,1,0
sample_01011.pdf,1442,20,34182,140,27,9,5.319144326,20,10,1,0
sample_15795.pdf,0,0,16130,0,0,0,0.0,0,0,0,1
sample_02174.pdf,2359,648,113565,304,26,21,6.15700577,48,24,1,0
sample_12132.pdf,0,0,15963,0,0,0,0.0,0,0,0,1
sample_02043.pdf,30935,3628,1831062,224,27,1221,6.670160657,2444,1222,1,0
sample_04587.pdf,4933,670,242007,299,13,112,5.003501195,328,164,1,0
sample_10692.pdf,0,0,8131,0,0,0,0.0,0,0,0,1
sample_10810.pdf,0,0,8179,0,0,0,0.0,0,0,0,1
sample_08394.pdf,614,63,19464,322,23,6,5.649527509,14,7,1,0
sample_17492.pdf,0,0,17340,0,0,0,0.0,0,0,0,1
sample_00517.pdf,2688,511,60864,372,27,41,6.109517926,80,40,1,0
sample_10278.pdf,0,0,9329,0,0,0,0.0,0,0,0,1
sample_07012.pdf,1314,21,76859,138,12,2,5.833416065,4,2,1,0
sample_00446.pdf,42093,195,172106,251,21,33,6.652063736,68,34,1,0
sample_08299.pdf,99063,41,126983,270,8,13,6.795517543,26,13,1,0
sample_06383.pdf,14574,881,126657,343,16,91,4.769601885,326,163,1,0
sample_02227.pdf,1393,27,77983,173,12,12,5.445937465,28,14,1,0
sample_05377.pdf,15060,196,76338,161,17,11,6.591355609,24,12,1,0
sample_14482.pdf,0,0,9559,0,0,0,0.0,0,0,0,1
sample_06584.pdf,1209,21,74923,145,11,2,5.839208089,4,2,1,0
sample_04232.pdf,2738,164,121405,253,1,25,6.525972613,52,26,1,0
sample_08742.pdf,1367,21,77939,135,15,2,5.848171395,4,2,1,0
sample_17759.pdf,5283,20,15089,126,7,8,5.369624868,18,9,1,1
sample_04693.pdf,24662,57,27449,204,12,14,6.478458347,30,15,1,0
sample_08676.pdf,1733,21,102806,135,12,2,5.916659229,4,2,1,0
sample_15757.pdf,0,0,15711,0,0,0,0.0,0,0,0,1
sample_13414.pdf,0,0,15362,0,0,0,0.0,0,0,0,1
sample_18183.pdf,1,19,7317,204,44,2,5.238976039,6,3,1,1
sample_01537.pdf,1258,21,75615,135,11,2,5.837822027,4,2,1,0
sample_11438.pdf,0,0,9806,0,0,0,0.0,0,0,0,1
sample_13311.pdf,14,36,75776,214,44,18,6.607559126,36,18,1,1
sample_14664.pdf,0,0,232175,0,0,0,0.0,0,0,0,1
sample_10609.pdf,0,0,9710,0,0,0,0.0,0,0,0,1
sample_06885.pdf,12017,433,44274,246,11,17,6.498472577,36,18,1,0
sample_15679.pdf,0,0,9563,0,0,0,0.0,0,0,0,1
sample_17138.pdf,0,0,15175,0,0,0,0.0,0,0,0,1
sample_08102.pdf,5474,28,15167,237,28,6,6.173272806,14,7,1,0
sample_03956.pdf,7706,85,21583,588,14,13,6.222350976,28,14,1,0
sample_16146.pdf,0,0,13381,0,0,0,0.0,0,0,0,1
sample_03038.pdf,20418,145,31731,255,9,16,6.439352978,34,17,1,0
sample_03792.pdf,1180,21,72088,135,12,2,5.834507039,4,2,1,0
sample_15082.pdf,0,0,8199,0,0,0,0.0,0,0,0,1
sample_12323.pdf,0,0,9569,0,0,0,0.0,0,0,0,1
sample_09161.pdf,11782,363,44043,521,67,15,6.386505079,32,16,1,0
sample_19005.pdf,30,10,17742,206,14,1,5.349199939,2,1,1,1
sample_08048.pdf,1307,21,83485,135,12,2,5.883966772,4,2,1,0
sample_00463.pdf,42684,920,110299,268,29,89,6.201293542,180,90,1,0
sample_00437.pdf,21648,57,29786,248,41,15,6.646075993,32,16,1,0
sample_06624.pdf,1901,128,176513,377,8,20,5.942105364,42,21,1,0
sample_09134.pdf,4483,201,68975,350,29,8,3.441661143,166,83,1,0
sample_09235.pdf,1208,28,86553,173,12,13,5.890218925,30,15,1,0
sample_03483.pdf,1593,28,80293,173,11,13,5.675209978,30,15,1,0
sample_01872.pdf,18494,24,26396,222,8,3,6.428740922,6,3,1,0
sample_03771.pdf,1388,21,87064,135,11,2,5.876448326,4,2,1,0
sample_03410.pdf,22482,69,60022,250,57,14,6.42370022,34,17,1,0
sample_02216.pdf,17548,53,23691,87,12,14,6.633130872,28,14,1,0
sample_14212.pdf,0,0,9463,0,0,0,0.0,0,0,0,1
sample_07670.pdf,4485,85,26943,247,1,12,5.475784645,26,13,1,0
sample_17909.pdf,5283,20,15093,126,7,8,5.369677471,18,9,1,1
sample_07647.pdf,1608,17,139695,84,11,5,4.746863981,18,9,1,0
sample_16893.pdf,71,16,10138,214,44,2,7.128882166,4,2,1,1
sample_11927.pdf,0,0,10071,0,0,0,0.0,0,0,0,1
sample_17816.pdf,1,16,30371,214,44,0,4.371972308,4,2,1,1
sample_03270.pdf,2809,232,278683,1028,13,39,5.92853317,80,40,1,0
sample_08210.pdf,509,51,139977,176,31,6,6.770330075,12,6,1,0
sample_17203.pdf,0,0,9571,0,0,0,0.0,0,0,0,1
sample_04654.pdf,26375,134,123398,270,23,27,6.584006502,56,28,1,0
sample_04065.pdf,57397,69,43058,264,58,28,5.925869946,58,29,1,0
sample_07088.pdf,7668,1200,120683,382,27,85,5.040194979,252,126,1,0
sample_11012.pdf,0,0,9097,0,0,0,0.0,0,0,0,1
sample_07991.pdf,39364,110,50491,87,12,33,6.687092325,66,33,1,0
sample_06879.pdf,4408,188,19572,359,65,9,6.001952998,20,10,1,0
sample_05791.pdf,1216,12,32776,198,12,3,5.4147706,6,3,1,0
sample_16409.pdf,0,0,77432,0,0,0,0.0,0,0,0,1
sample_01330.pdf,18197,31,22002,234,26,7,5.879883436,18,9,1,0
sample_02367.pdf,21155,64,33268,237,28,16,6.667652568,34,17,1,0
sample_09481.pdf,0,0,1995,0,0,0,0.0,0,0,0,1
sample_15967.pdf,0,0,9752,0,0,0,0.0,0,0,0,1
sample_00819.pdf,4976,26,14967,237,30,4,5.859601195,10,5,1,0
sample_17184.pdf,1,16,15084,214,44,0,4.561938878,4,2,1,1
sample_02907.pdf,7833,28,15323,87,11,6,6.863941093,12,6,1,0
sample_18897.pdf,0,0,9533,0,0,0,0.0,0,0,0,1
sample_06579.pdf,15351,50,19037,87,12,13,6.541875877,26,13,1,0
sample_16098.pdf,5283,20,15017,126,7,8,5.370018849,18,9,1,1
sample_04388.pdf,1475,12,30972,198,12,3,5.451470148,6,3,1,0
sample_09127.pdf,31863,92,57974,216,8,23,6.978869154,46,23,1,0
sample_03143.pdf,1458,24,136987,135,10,4,5.78777189,8,4,1,0
sample_03546.pdf,1242,12,27015,198,12,3,5.214378697,6,3,1,0
sample_17085.pdf,0,0,9565,0,0,0,0.0,0,0,0,1
sample_13683.pdf,0,0,15580,0,0,0,0.0,0,0,0,1
sample_18865.pdf,1,28,4499,190,37,5,4.557112498,12,6,1,1
sample_10269.pdf,0,0,12383,0,0,0,0.0,0,0,0,1
sample_13660.pdf,0,0,12699,0,0,0,0.0,0,0,0,1
sample_10883.pdf,0,0,9539,0,0,0,0.0,0,0,0,1
sample_17245.pdf,1,9,95065,0,0,0,3.915108923,4,2,1,1
sample_02032.pdf,1147,21,80760,135,12,2,5.853913245,4,2,1,0
sample_14825.pdf,5283,20,15091,126,7,8,5.369671231,18,9,1,1
sample_07418.pdf,61427,1125,389743,187,37,59,6.789126135,120,60,1,0
sample_04694.pdf,1625,131,102317,311,59,21,6.436039505,44,22,1,0
sample_15098.pdf,0,0,9721,0,0,0,0.0,0,0,0,1
sample_12399.pdf,0,0,8269,0,0,0,0.0,0,0,0,1
sample_00603.pdf,13797,27,38273,218,8,5,7.133974218,10,5,1,0
sample_05821.pdf,1549,778,270055,392,23,45,5.515998385,128,64,1,0
sample_05337.pdf,1735,128,301851,463,22,28,5.950212394,64,32,1,0
sample_04310.pdf,36789,34,50809,218,8,8,7.132424015,16,8,1,0
sample_18796.pdf,0,0,8253,0,0,0,0.0,0,0,0,1
sample_04867.pdf,1380,28,73168,173,15,13,5.605933662,30,15,1,0
sample_11423.pdf,0,0,8241,0,0,0,0.0,0,0,0,1
sample_11301.pdf,0,0,9689,0,0,0,0.0,0,0,0,1
sample_12300.pdf,0,0,9676,0,0,0,0.0,0,0,0,1
sample_18009.pdf,0,0,9226,0,0,0,0.0,0,0,0,1
sample_04103.pdf,1058,17,54876,198,12,5,5.652493684,10,5,1,0
sample_01459.pdf,36515,55,43554,238,29,14,6.687836623,30,15,1,0
sample_06052.pdf,13728,918,131776,348,16,75,5.234835835,212,106,1,0
sample_12688.pdf,5283,20,15013,126,7,8,5.369974764,18,9,1,1
sample_11575.pdf,1,16,14921,214,44,0,4.533357198,4,2,1,1
sample_04985.pdf,1239,12,25880,198,12,3,5.410829434,6,3,1,0
sample_00288.pdf,26831,58,33257,237,28,15,6.656445472,32,16,1,0
sample_09020.pdf,10811,36,20430,411,68,6,6.486335869,14,7,1,0
sample_08455.pdf,3738,19,48683,227,1,5,6.103894013,12,6,1,0
sample_02159.pdf,9401,238,391326,325,30,26,6.587271439,58,29,1,0
sample_17972.pdf,0,0,8329,0,0,0,0.0,0,0,0,1
sample_08961.pdf,1595,303,104743,471,21,24,6.248439634,50,25,1,0
sample_11101.pdf,0,0,1444,0,0,0,0.0,0,0,0,1
sample_17651.pdf,0,0,7890,0,0,0,0.0,0,0,0,1
sample_08338.pdf,16166,29,18790,213,6,7,6.734228973,14,7,1,0
sample_03479.pdf,23839,502,77766,397,22,31,6.476883218,64,32,1,0
sample_12061.pdf,1,15,17695,208,44,0,3.214403212,4,2,1,1
sample_09095.pdf,1528,12,29820,198,12,3,5.355607264,6,3,1,0
sample_16759.pdf,0,0,9526,0,0,0,0.0,0,0,0,1
sample_01559.pdf,13375,363,84403,272,19,41,6.520803887,84,42,1,0
sample_17263.pdf,0,0,9719,0,0,0,0.0,0,0,0,1
sample_07325.pdf,1176,64,379578,26,12,15,5.373633973,60,30,1,0
sample_08179.pdf,23302,62,33707,238,29,16,6.667169527,34,17,1,0
sample_17482.pdf,0,0,8357,0,0,0,0.0,0,0,0,1
sample_08618.pdf,18191,600,92597,284,13,22,6.607261509,46,23,1,0
sample_06021.pdf,1564,85,25564,195,29,19,5.844147872,40,20,1,0
sample_08242.pdf,7754,91,18611,306,12,9,6.029468741,20,10,1,0
sample_16738.pdf,0,0,1898,0,0,0,0.0,0,0,0,1
sample_06071.pdf,3085,223,183116,252,1,35,6.687563661,72,36,1,0
sample_18952.pdf,0,0,2459,0,0,0,0.0,0,0,0,1
sample_16440.pdf,0,0,8339,0,0,0,0.0,0,0,0,1
sample_00654.pdf,46755,110,200281,290,31,25,7.132285993,50,25,1,0
sample_18497.pdf,0,0,17564,0,0,0,0.0,0,0,0,1
sample_15722.pdf,0,0,1998,0,0,0,0.0,0,0,0,1
sample_18641.pdf,5283,20,14957,126,7,8,5.370387045,18,9,1,1
sample_01094.pdf,1049,123,109183,311,59,17,6.256374613,36,18,1,0
sample_00994.pdf,1313,21,79248,135,11,2,5.847029618,4,2,1,0
sample_13694.pdf,1,9,95065,0,0,0,3.920340344,4,2,1,1
sample_01953.pdf,14688,39,17015,87,12,10,6.748426449,20,10,1,0
sample_08318.pdf,1552,225,95959,432,75,26,4.68985745,124,62,1,0
sample_00865.pdf,24995,540,70298,826,59,31,6.702295989,64,32,1,0
sample_17113.pdf,1,16,5049,205,44,1,4.953773679,4,2,1,1
sample_18828.pdf,67,200006,38639,290,13,1,6.028890489,2,1,1,1
sample_08068.pdf,1219,21,74720,135,12,2,5.852128822,4,2,1,0
sample_15602.pdf,0,0,2666,0,0,0,0.0,0,0,0,1
sample_18520.pdf,0,0,9377,0,0,0,0.0,0,0,0,1
sample_08806.pdf,6136,49,13643,128,36,32,4.657858844,64,32,1,0
sample_18709.pdf,0,0,7906,0,0,0,0.0,0,0,0,1
sample_18659.pdf,0,0,17166,0,0,0,0.0,0,0,0,1
sample_05763.pdf,1417,30,80255,173,17,15,5.57888567,34,17,1,0
sample_00922.pdf,6181,284,60238,83,18,34,6.132397737,70,35,1,0
sample_17814.pdf,0,0,9590,0,0,0,0.0,0,0,0,1
sample_12271.pdf,0,0,1973,0,0,0,0.0,0,0,0,1
sample_15005.pdf,549,22,83234,214,44,6,6.436705298,12,6,1,1
sample_14570.pdf,0,0,8259,0,0,0,0.0,0,0,0,1
sample_12129.pdf,0,0,9432,0,0,0,0.0,0,0,0,1
sample_14650.pdf,0,0,9178,0,0,0,0.0,0,0,0,1
sample_02848.pdf,6549,767,92688,345,33,59,5.193149381,172,86,1,0
sample_01075.pdf,13599,145,109752,258,36,22,6.816655239,48,24,1,0
sample_18247.pdf,1,10,27259,182,7,1,0.0,2,1,1,1
sample_07599.pdf,30632,1428,170817,530,33,124,4.729947377,506,253,1,0
sample_02677.pdf,1330,27,23366,285,63,5,5.384985004,14,7,1,0
sample_01469.pdf,1540,116,245978,349,7,26,5.816208635,54,27,1,0
sample_05051.pdf,6544,29,13541,240,31,6,6.116842463,14,7,1,0
sample_02573.pdf,28848,55,37059,203,6,15,6.919389722,30,15,1,0
sample_13671.pdf,0,0,8263,0,0,0,0.0,0,0,0,1
sample_08456.pdf,8908,243,209321,438,24,28,5.139677702,96,48,1,0
sample_04943.pdf,4542,609,74735,326,33,39,5.989447573,80,40,1,0
sample_14449.pdf,50891,23,13047,229,13,7,6.93993728,14,7,1,1
sample_06991.pdf,62685,101,208000,194,12,21,6.019768685,50,25,1,0
sample_18698.pdf,1587,11,10397,39,44,3,7.023847234,6,3,1,1
sample_15541.pdf,0,0,9875,0,0,0,0.0,0,0,0,1
sample_19064.pdf,0,0,8104,0,0,0,0.0,0,0,0,1
sample_09488.pdf,0,0,8100,0,0,0,0.0,0,0,0,1
sample_03397.pdf,3861,83,15599,350,57,5,5.460190493,12,6,1,0
sample_06042.pdf,19570,661,906780,521,10,40,6.149880974,110,55,1,0
sample_06681.pdf,7703,159,142536,276,63,85,4.504175766,218,109,1,0
sample_07506.pdf,10606,39,16728,234,29,8,6.291673054,18,9,1,0
sample_00469.pdf,36072,85,51649,161,11,22,6.953944981,44,22,1,0
sample_12999.pdf,0,0,9545,0,0,0,0.0,0,0,0,1
sample_09029.pdf,22685,62,34209,237,28,16,6.66825206,34,17,1,0
sample_12322.pdf,0,0,9414,0,0,0,0.0,0,0,0,1
sample_05849.pdf,1358,28,85907,173,13,13,5.887787138,30,15,1,0
sample_06975.pdf,13550,155,35285,246,12,13,6.354690387,28,14,1,0
sample_17097.pdf,0,0,9483,0,0,0,0.0,0,0,0,1
sample_15472.pdf,0,0,7499,0,0,0,0.0,0,0,0,1
sample_03780.pdf,1748,131,29146,294,1,18,5.712701141,42,21,1,0
sample_00897.pdf,2690,200,136501,275,57,19,6.695815429,40,20,1,0
sample_11117.pdf,0,0,41140,0,0,0,0.0,0,0,0,1
sample_13752.pdf,0,0,15111,0,0,0,0.0,0,0,0,1
sample_10670.pdf,1,10,36337,184,7,1,1.0,2,1,1,1
sample_10380.pdf,94,31,10695,163,44,4,5.446075297,8,4,1,1
sample_05419.pdf,907,12,20805,160,12,3,5.05329937,6,3,1,0
sample_16287.pdf,1,70,9887,0,0,1,7.148523069,2,1,1,1
sample_07676.pdf,7072,39,52016,277,8,16,6.603162856,34,17,1,0
sample_11168.pdf,0,0,8281,0,0,0,0.0,0,0,0,1
sample_03440.pdf,982,12,27323,160,10,3,5.260492736,6,3,1,0
sample_06075.pdf,2721,25,53905,238,28,6,6.578974596,14,7,1,0
sample_02392.pdf,455,31,11887,226,81,2,5.304574996,8,4,1,0
sample_16091.pdf,2627,10,11657,232,16,1,6.818373349,2,1,1,1
sample_05134.pdf,1711,33,93779,173,14,18,5.842521958,40,20,1,0
sample_17432.pdf,1,15,17757,208,68,0,3.281375481,4,2,1,1
sample_00982.pdf,1366,83,153879,173,13,66,5.835238095,138,69,1,0
sample_02439.pdf,96178,101,93066,321,60,37,6.865044796,76,38,1,0
sample_06437.pdf,69517,393,399746,286,32,38,6.740959031,78,39,1,0
sample_10818.pdf,0,0,17145,0,0,0,0.0,0,0,0,1
sample_13493.pdf,0,0,17656,0,0,0,0.0,0,0,0,1
sample_08499.pdf,1056,12,29093,198,12,3,5.46442147,6,3,1,0
sample_19128.pdf,1,9,94525,0,0,0,3.901436416,4,2,1,1
sample_06891.pdf,44421,255,60497,261,15,25,6.673493412,52,26,1,0
sample_04731.pdf,1760,84,66943,166,29,18,6.039783542,38,19,1,0
sample_13991.pdf,0,0,8194,0,0,0,0.0,0,0,0,1
sample_04018.pdf,3600,171,141608,183,33,14,5.119363829,38,19,1,0
sample_10889.pdf,0,0,7999,0,0,0,0.0,0,0,0,1
sample_15906.pdf,0,0,15716,0,0,0,0.0,0,0,0,1
sample_04128.pdf,6769,466,70142,302,18,49,5.681542915,124,62,1,0
sample_07914.pdf,43596,72,131000,258,51,21,6.97396968,44,22,1,0
sample_16448.pdf,0,0,8133,0,0,0,0.0,0,0,0,1
sample_10210.pdf,0,0,16968,0,0,0,0.0,0,0,0,1
sample_13352.pdf,7741,22,8866,158,15,10,5.656592421,20,10,1,1
sample_06809.pdf,1271,21,73958,135,12,2,5.838254884,4,2,1,0
sample_02604.pdf,1543,129,210562,375,10,33,5.86761441,68,34,1,0
sample_00619.pdf,14376,28,51751,270,8,7,7.139395944,14,7,1,0
sample_12724.pdf,5283,20,15093,126,7,8,5.36965796,18,9,1,1
sample_19244.pdf,0,0,17191,0,0,0,0.0,0,0,0,1
sample_16011.pdf,0,0,11957,0,0,0,0.0,0,0,0,1
sample_18696.pdf,5283,20,15013,126,7,8,5.369864643,18,9,1,1
sample_18719.pdf,0,0,9607,0,0,0,0.0,0,0,0,1
sample_03579.pdf,1315,454,64327,357,27,48,5.913621211,96,48,1,0
sample_16349.pdf,0,0,7871,0,0,0,0.0,0,0,0,1
sample_06143.pdf,22368,903,138526,360,33,86,4.877117155,298,149,1,0
sample_17080.pdf,1,10,4212,167,37,2,5.502448655,6,3,1,1
sample_04248.pdf,6603,29,13576,238,29,6,6.138322903,14,7,1,0
sample_17192.pdf,0,0,9744,0,0,0,0.0,0,0,0,1
sample_06153.pdf,1831,44,79408,239,31,19,6.540077566,40,20,1,0
sample_10753.pdf,0,0,8425,0,0,0,0.0,0,0,0,1
sample_13119.pdf,0,0,17084,0,0,0,0.0,0,0,0,1
sample_08298.pdf,12547,348,91827,331,20,4,3.205420396,262,131,1,0
sample_08126.pdf,1237,21,78070,135,11,2,5.82709261,4,2,1,0
sample_11309.pdf,0,0,8115,0,0,0,0.0,0,0,0,1
sample_05293.pdf,13945,37,17755,230,8,10,6.578445049,22,11,1,0
sample_04774.pdf,17948,53,29396,237,28,13,6.615904031,28,14,1,0
sample_04190.pdf,10014,22,11446,411,68,4,6.188981525,10,5,1,0
sample_12988.pdf,5283,20,15091,126,7,8,5.369664052,18,9,1,1
sample_18854.pdf,0,0,9363,0,0,0,0.0,0,0,0,1
sample_16836.pdf,0,0,5284,0,0,0,0.0,0,0,0,1
sample_14794.pdf,0,0,17085,0,0,0,0.0,0,0,0,1
sample_14299.pdf,0,0,8184,0,0,0,0.0,0,0,0,1
sample_18168.pdf,0,0,9387,0,0,0,0.0,0,0,0,1
sample_15032.pdf,0,0,232196,0,0,0,0.0,0,0,0,1
sample_10981.pdf,0,0,17247,0,0,0,0.0,0,0,0,1
sample_10553.pdf,0,0,15646,0,0,0,0.0,0,0,0,1
sample_02536.pdf,1367,12,32906,198,12,3,5.324578989,6,3,1,0
sample_05274.pdf,9881,34,66195,238,28,9,6.738284888,20,10,1,0
sample_09703.pdf,5283,20,15019,126,7,8,5.370006233,18,9,1,1
sample_15736.pdf,1,16,5068,204,44,1,4.954894721,4,2,1,1
sample_08423.pdf,1216,12,25380,198,12,3,5.38007129,6,3,1,0
sample_18762.pdf,0,0,8332,0,0,0,0.0,0,0,0,1
sample_15300.pdf,0,0,9583,0,0,0,0.0,0,0,0,1
sample_13798.pdf,0,0,9533,0,0,0,0.0,0,0,0,1
sample_02390.pdf,1455,62,362810,386,25,50,6.019070516,102,51,1,0
sample_16118.pdf,0,0,16655,0,0,0,0.0,0,0,0,1
sample_06373.pdf,12166,54,28047,235,28,13,6.490108671,28,14,1,0
sample_19121.pdf,0,0,8192,0,0,0,0.0,0,0,0,1
sample_11395.pdf,0,0,7826,0,0,0,0.0,0,0,0,1
sample_17772.pdf,0,0,9376,0,0,0,0.0,0,0,0,1
sample_11833.pdf,94,31,10694,163,44,4,5.45026546,8,4,1,1
sample_13911.pdf,1,16,3756,214,44,2,5.234519955,4,2,1,1
sample_18337.pdf,5283,20,14953,126,7,8,5.370504564,18,9,1,1
sample_17311.pdf,1,70,10007,0,0,1,7.170611373,2,1,1,1
sample_08963.pdf,1323,21,90473,135,13,2,5.873092589,4,2,1,0
sample_12279.pdf,0,0,76118,0,0,0,0.0,0,0,0,1
sample_01251.pdf,1716,266,293837,391,9,28,5.68591342,60,30,1,0
sample_02184.pdf,3703,243,58663,83,17,33,5.916698068,68,34,1,0
sample_11916.pdf,0,0,8125,0,0,0,0.0,0,0,0,1
sample_04760.pdf,1275,10,27117,173,12,2,5.583869497,8,4,1,0
sample_18206.pdf,94,31,10714,163,44,4,5.452631124,8,4,1,1
sample_11500.pdf,0,0,9148,0,0,0,0.0,0,0,0,1
sample_02532.pdf,59671,537,372569,296,36,33,6.681111108,68,34,1,0
sample_07751.pdf,130069,30630,4472833,329,112,403,6.823954548,854,420,1,0
sample_15854.pdf,0,0,8282,0,0,0,0.0,0,0,0,1
sample_05115.pdf,4435,29,21623,320,65,6,6.125453908,14,7,1,0
sample_13084.pdf,71,16,10094,214,44,2,7.118062606,4,2,1,1
sample_01692.pdf,1541,1220,94682,347,27,56,5.629167669,138,69,1,0
sample_09388.pdf,37769,23,13700,308,15,7,6.997843559,14,7,1,1
sample_07943.pdf,1027,13,17719,188,12,3,5.155554377,8,4,1,0
sample_15787.pdf,1,28,2048000,214,44,5,3.399407929,12,6,1,1
sample_08679.pdf,1377,21,81684,135,12,2,5.854237995,4,2,1,0
sample_18045.pdf,0,0,9723,0,0,0,0.0,0,0,0,1
sample_15306.pdf,0,0,12544,0,0,0,0.0,0,0,0,1
sample_11825.pdf,0,0,8207,0,0,0,0.0,0,0,0,1
sample_09840.pdf,1,18,5073,100,44,3,6.737161483,6,3,1,1
sample_06235.pdf,1356,53,262525,188,16,19,5.616102056,40,20,1,0
sample_13269.pdf,0,0,8018,0,0,0,0.0,0,0,0,1
sample_05584.pdf,966,13,17053,188,12,3,5.221687682,8,4,1,0
sample_03904.pdf,8116,784,146327,328,16,100,5.043775645,254,127,1,0
sample_12524.pdf,0,0,7960,0,0,0,0.0,0,0,0,1
sample_12400.pdf,0,0,9690,0,0,0,0.0,0,0,0,1
sample_11434.pdf,0,0,15711,0,0,0,0.0,0,0,0,1
sample_16324.pdf,0,0,14709,0,0,0,0.0,0,0,0,1
sample_11475.pdf,1,16,16199,214,44,0,3.834808012,4,2,1,1
sample_04794.pdf,1270,12,29290,198,12,3,5.313317699,6,3,1,0
sample_18356.pdf,0,0,13274,0,0,0,0.0,0,0,0,1
sample_17554.pdf,0,0,14746,0,0,0,0.0,0,0,0,1
sample_08291.pdf,89824,290,241293,343,40,36,6.842405008,74,37,1,0
sample_17574.pdf,0,0,7855,0,0,0,0.0,0,0,0,1
sample_14157.pdf,0,0,5296,0,0,0,0.0,0,0,0,1
sample_05551.pdf,1499,108,122810,359,12,27,5.890118193,56,28,1,0
sample_01452.pdf,1925,355,55454,294,6,46,4.82145023,108,54,1,0
sample_05455.pdf,46229,205,200596,249,21,40,6.706631605,82,41,1,0
sample_08453.pdf,7977,25,13996,87,11,5,6.864544508,10,5,1,0
sample_12252.pdf,1,16,15016,214,44,0,4.572493128,4,2,1,1
sample_16156.pdf,0,0,8369,0,0,0,0.0,0,0,0,1
sample_03304.pdf,6991,174,94091,271,56,11,6.757566194,24,12,1,0
sample_12967.pdf,1,70,9731,0,0,1,7.130808785,2,1,1,1
sample_10673.pdf,0,0,17560,0,0,0,0.0,0,0,0,1
sample_16472.pdf,94,31,11868,163,44,4,5.4689158,8,4,1,1
sample_01451.pdf,1483,127,196565,355,10,23,5.85587663,48,24,1,0
sample_08610.pdf,25920,2865,257943,329,29,97,5.326228608,276,138,1,0
sample_03723.pdf,1845,21,90244,135,12,2,5.885221002,4,2,1,0
sample_01181.pdf,2882,58,14686,302,56,6,5.620267519,14,7,1,0
sample_00379.pdf,6517,39,48602,284,39,15,6.55591003,32,16,1,0
sample_12849.pdf,5283,20,14979,126,7,8,5.370400568,18,9,1,1
sample_15922.pdf,0,0,8164,0,0,0,0.0,0,0,0,1
sample_04530.pdf,11307,31,46906,269,8,9,6.916824376,18,9,1,0
sample_06310.pdf,16011,37,58412,238,28,10,6.757735954,22,11,1,0
sample_17006.pdf,5283,20,15093,126,7,8,5.369615238,18,9,1,1
sample_06502.pdf,12493,260,48320,518,67,15,6.389096415,32,16,1,0
sample_16417.pdf,0,0,18153,0,0,0,0.0,0,0,0,1
sample_00610.pdf,149425,1632,240957,293,29,64,6.95585938,130,65,1,0
sample_15700.pdf,0,0,15747,0,0,0,0.0,0,0,0,1
sample_01243.pdf,12983,2430,198053,292,79,79,6.609679995,164,82,1,0
sample_01515.pdf,26708,97,375535,172,11,23,6.898537328,48,24,1,0
sample_16599.pdf,71,16,10081,214,44,2,7.115217824,4,2,1,1
sample_04332.pdf,11821,932,144931,425,31,81,4.811595984,352,176,1,0
sample_09661.pdf,0,0,9814,0,0,0,0.0,0,0,0,1
sample_06818.pdf,12147,416,122151,433,26,30,6.309316319,62,31,1,0
sample_16475.pdf,0,0,16172,0,0,0,0.0,0,0,0,1
sample_04120.pdf,18335,37,23317,238,29,8,6.38739126,18,9,1,0
sample_03593.pdf,1393,28,79310,83,12,14,5.734851969,32,16,1,0
sample_05211.pdf,16335,491,116969,566,254,43,6.714108473,88,44,1,0
sample_13700.pdf,5283,20,15093,126,7,8,5.369649497,18,9,1,1
sample_09848.pdf,0,0,9388,0,0,0,0.0,0,0,0,1
sample_18278.pdf,0,0,13344,0,0,0,0.0,0,0,0,1
sample_15084.pdf,0,0,77833,0,0,0,0.0,0,0,0,1
sample_15739.pdf,0,0,14723,0,0,0,0.0,0,0,0,1
sample_18649.pdf,0,0,9604,0,0,0,0.0,0,0,0,1
sample_09829.pdf,0,0,9780,0,0,0,0.0,0,0,0,1
sample_00706.pdf,7281,135,71966,221,6,8,6.741624755,18,9,1,0
sample_18334.pdf,0,0,16237,0,0,0,0.0,0,0,0,1
sample_07054.pdf,6713,28,49367,239,29,7,6.576690564,16,8,1,0
sample_05200.pdf,1627,21,92621,135,12,2,5.890135503,4,2,1,0
sample_18318.pdf,0,3,2137,0,0,1,7.007372274,2,1,1,1
sample_14172.pdf,0,0,8075,0,0,0,0.0,0,0,0,1
sample_12796.pdf,5283,20,14979,126,7,8,5.370434476,18,9,1,1
sample_11668.pdf,0,0,8106,0,0,0,0.0,0,0,0,1
sample_00323.pdf,69,147,45607,235,36,34,5.094304256,136,68,1,0
sample_13879.pdf,5283,20,15093,126,7,8,5.369636767,18,9,1,1
sample_07189.pdf,1215,12,26478,198,12,3,5.263727174,6,3,1,0
sample_18220.pdf,10226,14,4882,422,12,3,6.703871665,6,3,1,1
sample_03506.pdf,19703,212,422419,384,125,59,6.432045082,126,63,1,0
sample_01553.pdf,22432,84,150994,194,13,21,6.043645575,40,20,1,0
sample_02306.pdf,448,7,1408,293,20,1,6.439035224,2,1,1,0
sample_10745.pdf,0,0,8118,0,0,0,0.0,0,0,0,1
sample_16244.pdf,0,0,8381,0,0,0,0.0,0,0,0,1
sample_01666.pdf,6163,114,81477,240,21,9,6.65092577,20,10,1,0
sample_17046.pdf,0,0,17223,0,0,0,0.0,0,0,0,1
sample_11536.pdf,0,0,17422,0,0,0,0.0,0,0,0,1
sample_00539.pdf,288014,49,140867,270,8,16,6.846870848,32,16,1,0
sample_11690.pdf,0,0,9558,0,0,0,0.0,0,0,0,1
sample_17341.pdf,5283,20,15043,126,7,8,5.36985397,18,9,1,1
sample_00802.pdf,1255,21,67151,138,10,2,5.807581342,4,2,1,0
sample_16845.pdf,0,0,9769,0,0,0,0.0,0,0,0,1
sample_16229.pdf,0,0,8126,0,0,0,0.0,0,0,0,1
sample_16437.pdf,0,0,9747,0,0,0,0.0,0,0,0,1
sample_05243.pdf,1292,12,29167,198,10,3,5.439287515,6,3,1,0
sample_05305.pdf,4703,74,43879,368,24,8,3.833809214,46,23,1,0
sample_10661.pdf,0,0,400918,0,0,0,0.0,0,0,0,1
sample_05251.pdf,1435,110,185530,374,12,30,5.888475276,62,31,1,0
sample_14317.pdf,0,0,9667,0,0,0,0.0,0,0,0,1
sample_11748.pdf,0,0,8064,0,0,0,0.0,0,0,0,1
sample_17398.pdf,1,70,9721,0,0,1,7.143768391,2,1,1,1
sample_14106.pdf,0,0,8443,0,0,0,0.0,0,0,0,1
sample_10125.pdf,0,0,16413,0,0,0,0.0,0,0,0,1
sample_02346.pdf,1527,27,90884,173,12,12,5.904636284,28,14,1,0
sample_09710.pdf,0,0,12463,0,0,0,0.0,0,0,0,1
sample_12664.pdf,0,0,2592,0,0,0,0.0,0,0,0,1
sample_03471.pdf,2438,98,45832,318,19,11,4.667100523,46,23,1,0
sample_00507.pdf,51597,54,61498,218,8,17,6.971226509,34,17,1,0
sample_15417.pdf,1,5,8111,0,0,0,3.736274202,2,1,1,1
sample_05959.pdf,1309,93,100143,325,33,14,6.195918156,30,15,1,0
sample_16923.pdf,1,15,17529,208,44,0,3.282868524,4,2,1,1
sample_01062.pdf,1222,21,76414,135,13,2,5.833303924,4,2,1,0
sample_11769.pdf,1,9,94525,0,0,0,3.916327451,4,2,1,1
sample_06404.pdf,1618,129,138618,415,8,28,5.935607735,58,29,1,0
sample_03949.pdf,82131,462,109084,254,8,54,6.836861959,110,55,1,0
sample_01946.pdf,13574,47,57076,320,76,18,6.566653791,38,19,1,0
sample_17022.pdf,5283,20,15089,126,7,8,5.36961025,18,9,1,1
sample_17480.pdf,0,0,8138,0,0,0,0.0,0,0,0,1
sample_12485.pdf,0,0,9717,0,0,0,0.0,0,0,0,1
sample_05397.pdf,17995,117,142618,346,43,24,6.69012224,50,25,1,0
sample_16431.pdf,828,10,7609,137,8,1,6.791384588,2,1,1,1
sample_08430.pdf,1307,10,21848,173,12,2,5.627904099,8,4,1,0
sample_10173.pdf,0,0,9396,0,0,0,0.0,0,0,0,1
sample_00439.pdf,1598,127,164969,471,11,20,5.915822842,42,21,1,0
sample_05767.pdf,14946,71,142941,194,13,18,5.99317304,34,17,1,0
sample_06388.pdf,11250,36,24082,236,28,8,6.238616697,18,9,1,0
sample_15471.pdf,0,0,10034,0,0,0,0.0,0,0,0,1
sample_03685.pdf,1024,120,13481,298,5,5,5.075255686,12,6,1,0
sample_12659.pdf,0,0,16287,0,0,0,0.0,0,0,0,1
sample_18198.pdf,0,0,15146,0,0,0,0.0,0,0,0,1
sample_02493.pdf,4596,439,77727,381,23,16,3.783703942,184,92,1,0
sample_18494.pdf,0,0,9435,0,0,0,0.0,0,0,0,1
sample_15155.pdf,0,0,78261,0,0,0,0.0,0,0,0,1
sample_13459.pdf,0,0,8489,0,0,0,0.0,0,0,0,1
sample_06152.pdf,11333,824,71307,599,116,17,6.367127355,38,19,1,0
sample_05437.pdf,17540,112,141384,264,37,22,6.680434163,46,23,1,0
sample_08595.pdf,1577,81,104030,369,17,19,6.115613747,40,20,1,0
sample_17394.pdf,1,10,5833,156,37,2,5.471580609,6,3,1,1
sample_12970.pdf,0,0,4115,0,0,0,0.0,0,0,0,1
sample_16204.pdf,0,0,17131,0,0,0,0.0,0,0,0,1
sample_10363.pdf,0,0,1466,0,0,0,0.0,0,0,0,1
sample_11257.pdf,0,0,10055,0,0,0,0.0,0,0,0,1
sample_03766.pdf,8958,734,67153,299,16,54,5.092838174,178,89,1,0
sample_02378.pdf,1167,12,19453,160,10,3,5.23539485,6,3,1,0
sample_03804.pdf,11609,178,83676,380,28,29,4.438015029,146,73,1,0
sample_15183.pdf,0,0,5301,0,0,0,0.0,0,0,0,1
sample_09126.pdf,7879,335,79891,420,29,55,4.720288972,194,97,1,0
sample_14502.pdf,0,0,7957,0,0,0,0.0,0,0,0,1
sample_04081.pdf,84131,1719,315058,238,29,37,6.855309762,76,38,1,0
sample_03444.pdf,1565,21,83744,135,12,2,5.865731396,4,2,1,0
sample_05355.pdf,1049,94,41003,286,20,7,3.435501526,68,34,1,0
sample_12747.pdf,0,0,12445,0,0,0,0.0,0,0,0,1
sample_03762.pdf,5213,114,23070,415,8,7,5.813076689,16,8,1,0
sample_14457.pdf,0,0,2009,0,0,0,0.0,0,0,0,1
sample_17151.pdf,0,0,9592,0,0,0,0.0,0,0,0,1
sample_18857.pdf,0,0,13086,0,0,0,0.0,0,0,0,1
sample_02603.pdf,66629,82,77235,187,15,21,7.083249326,42,21,1,0
sample_00743.pdf,12429,488,96686,305,24,71,4.606365166,264,132,1,0
sample_03775.pdf,8360,60,318860,355,35,26,6.506134468,60,30,1,0
sample_11734.pdf,0,0,8190,0,0,0,0.0,0,0,0,1
sample_06859.pdf,1357,27,82391,173,11,12,5.438146103,28,14,1,0
sample_06448.pdf,39045,106,72000,279,13,36,5.973030108,76,38,1,0
sample_16236.pdf,0,0,17394,0,0,0,0.0,0,0,0,1
sample_01252.pdf,1262,37,87890,173,15,22,5.736303955,48,24,1,0
sample_11100.pdf,1,6,2690,66,68,0,0.0,0,0,1,1
sample_12843.pdf,828,10,7633,137,8,1,6.791384588,2,1,1,1
sample_16186.pdf,0,0,8146,0,0,0,0.0,0,0,0,1
sample_06290.pdf,11911,27,15346,235,28,6,6.124524653,14,7,1,0
sample_02964.pdf,11300,114,78149,253,29,8,6.688444375,18,9,1,0
sample_00549.pdf,263425,153,250504,338,31,40,7.125719612,80,40,1,0
sample_02612.pdf,10699,394,81430,323,17,49,5.633125201,112,56,1,0
sample_02888.pdf,2889,143,189571,264,51,80,4.616044607,188,94,1,0
sample_16395.pdf,0,0,9757,0,0,0,0.0,0,0,0,1
sample_11350.pdf,0,0,2535,0,0,0,0.0,0,0,0,1
sample_13828.pdf,0,0,16995,0,0,0,0.0,0,0,0,1
sample_06215.pdf,1304,21,79398,135,12,2,5.854230352,4,2,1,0
sample_13087.pdf,0,0,16599,0,0,0,0.0,0,0,0,1
sample_08590.pdf,20668,195,37651,300,56,18,6.528791245,38,19,1,0
sample_14255.pdf,0,0,16248,0,0,0,0.0,0,0,0,1
sample_03327.pdf,76062,170,133454,237,28,50,6.879273753,102,51,1,0
sample_12040.pdf,0,0,15948,0,0,0,0.0,0,0,0,1
sample_09413.pdf,3021,26,198747,250,41,6,5.610810628,16,8,1,1
sample_07354.pdf,23811,991,112925,400,15,58,5.94490245,130,65,1,0
sample_11352.pdf,0,0,7891,0,0,0,0.0,0,0,0,1
sample_09273.pdf,23743,64,32577,223,36,13,6.78606623,28,14,1,0
sample_10878.pdf,0,0,9290,0,0,0,0.0,0,0,0,1
sample_16280.pdf,0,0,1438,0,0,0,0.0,0,0,0,1
sample_00890.pdf,5138,37,21111,126,7,12,6.830804577,24,12,1,0
sample_04833.pdf,15102,550,87601,321,14,52,5.770673302,118,59,1,0
sample_00316.pdf,8826,461,142746,275,14,50,5.650506915,126,63,1,0
sample_02788.pdf,1343,21,87355,145,13,2,5.883156877,4,2,1,0
sample_03758.pdf,11633,842,93469,323,14,50,6.117825913,104,52,1,0
sample_06534.pdf,3875,33,192218,234,27,8,6.336651354,18,9,1,0
sample_01153.pdf,4561,30,15470,237,30,6,6.052750746,14,7,1,0
sample_08702.pdf,24,44,79143,289,26,4,5.484296378,9,5,1,0
sample_15052.pdf,0,0,16167,0,0,0,0.0,0,0,0,1
sample_07880.pdf,13485,75,55265,216,23,14,6.376100616,36,18,1,0
sample_13363.pdf,0,0,15902,0,0,0,0.0,0,0,0,1
sample_18369.pdf,5283,20,15093,126,7,8,5.369748051,18,9,1,1
sample_13637.pdf,2454,10,9311,226,12,1,6.842033286,2,1,1,1
sample_11736.pdf,0,0,2159,0,0,0,0.0,0,0,0,1
sample_00612.pdf,6135,85,62632,272,56,9,6.738786039,20,10,1,0
sample_17921.pdf,0,0,8075,0,0,0,0.0,0,0,0,1
sample_11259.pdf,0,0,9429,0,0,0,0.0,0,0,0,1
sample_02679.pdf,21745,137,146772,298,21,25,6.664354853,52,26,1,0
sample_02936.pdf,13344,551,92005,445,30,56,5.563263379,138,69,1,0
sample_01958.pdf,22388,109,59392,226,8,14,6.610099689,30,15,1,0
sample_17798.pdf,0,0,8246,0,0,0,0.0,0,0,0,1
sample_01658.pdf,39578,88,533034,854,83,52,6.038927955,106,53,1,0
sample_16380.pdf,30,8,6674,0,0,0,4.408217453,2,1,1,1
sample_06374.pdf,3365,88,18519,334,41,8,5.807535804,18,9,1,0
sample_17112.pdf,0,0,9573,0,0,0,0.0,0,0,0,1
sample_05905.pdf,4474,186,21177,309,6,9,6.108609609,20,10,1,0
sample_00264.pdf,20438,5300,375093,411,79,126,6.703445718,258,129,1,0
sample_10037.pdf,0,0,17755,0,0,0,0.0,0,0,0,1
sample_08414.pdf,7236,28,49461,238,28,7,6.629027547,16,8,1,0
sample_14975.pdf,0,0,1471,0,0,0,0.0,0,0,0,1
sample_03769.pdf,21577,177,37246,302,56,15,6.47852636,32,16,1,0
sample_16208.pdf,0,0,9568,0,0,0,0.0,0,0,0,1
sample_11745.pdf,5283,20,15093,126,7,8,5.369624334,18,9,1,1
sample_07234.pdf,1415,21,67784,135,12,2,5.828697591,4,2,1,0
sample_06963.pdf,7772,72,69637,267,74,13,6.887236785,28,14,1,0
sample_00916.pdf,31384,192,159815,279,38,26,6.713666753,54,27,1,0
sample_18748.pdf,0,0,13738,0,0,0,0.0,0,0,0,1
sample_09620.pdf,0,0,17173,0,0,0,0.0,0,0,0,1
sample_16245.pdf,0,0,15358,0,0,0,0.0,0,0,0,1
sample_08145.pdf,56633,89,67649,284,42,23,6.923087904,48,24,1,0
sample_15293.pdf,0,0,16433,0,0,0,0.0,0,0,0,1
sample_15961.pdf,5745,20,13511,126,7,9,5.527258445,18,9,1,1
sample_05859.pdf,1645,21,90100,138,15,2,5.890548649,4,2,1,0
sample_12559.pdf,1,9,40835,0,0,0,4.176604425,4,2,1,1
sample_17997.pdf,0,0,9331,0,0,0,0.0,0,0,0,1
sample_11407.pdf,0,0,15938,0,0,0,0.0,0,0,0,1
sample_11685.pdf,5283,20,14959,126,7,8,5.370396557,18,9,1,1
sample_16128.pdf,1,15,17871,208,44,0,3.281855648,4,2,1,1
sample_09971.pdf,0,0,9575,0,0,0,0.0,0,0,0,1
sample_19151.pdf,0,0,8324,0,0,0,0.0,0,0,0,1
sample_02329.pdf,8961,700,123375,385,24,65,4.775286784,300,150,1,0
sample_03705.pdf,1271,10,28350,173,12,2,5.559348542,8,4,1,0
sample_09925.pdf,0,0,14704,0,0,0,0.0,0,0,0,1
sample_17219.pdf,5283,20,14963,126,7,8,5.370377618,18,9,1,1
sample_06913.pdf,9848,329,86057,402,24,46,4.871413875,172,86,1,0
sample_03801.pdf,30799,65,61803,344,38,24,6.501125055,52,26,1,0
sample_13678.pdf,0,0,17390,0,0,0,0.0,0,0,0,1
sample_02829.pdf,13200,2076,101484,308,16,34,6.385407039,68,34,1,0
sample_09659.pdf,0,0,8036,0,0,0,0.0,0,0,0,1
sample_11960.pdf,0,0,11440,0,0,0,0.0,0,0,0,1
sample_06914.pdf,1340,10,20920,173,12,2,5.652069904,8,4,1,0
sample_03535.pdf,1615,349,142088,432,11,26,6.072369093,54,27,1,0
sample_03236.pdf,1166,18,261113,175,12,6,5.842886714,14,7,1,0
sample_04699.pdf,1631,148,165927,380,10,31,5.919315828,64,32,1,0
sample_09772.pdf,0,0,17167,0,0,0,0.0,0,0,0,1
sample_13843.pdf,5283,20,15091,126,7,8,5.369640126,18,9,1,1
sample_00966.pdf,2557,171,37809,294,21,11,4.727278152,30,15,1,0
sample_03313.pdf,92,21,240015,277,76,5,6.325671493,14,7,1,0
sample_13042.pdf,5283,20,15023,126,7,8,5.369832365,18,9,1,1
sample_14074.pdf,1,16,15126,214,44,0,4.648516198,4,2,1,1
sample_09276.pdf,22395,78,149098,194,13,18,6.000542778,34,17,1,0
sample_07268.pdf,1289,29,76514,173,10,14,5.990946309,32,16,1,0
sample_12990.pdf,0,0,17152,0,0,0,0.0,0,0,0,1
sample_06089.pdf,8218,1452,125232,386,14,55,6.383232984,108,54,1,0
sample_04519.pdf,1285,10,20882,173,11,2,5.589754301,8,4,1,0
sample_11481.pdf,5283,20,15093,126,7,8,5.369626027,18,9,1,1
sample_17443.pdf,0,0,9479,0,0,0,0.0,0,0,0,1
sample_16838.pdf,0,0,2002,0,0,0,0.0,0,0,0,1
sample_15179.pdf,0,0,12559,0,0,0,0.0,0,0,0,1
sample_03129.pdf,1264,21,77536,135,12,2,5.8565909,4,2,1,0
sample_13514.pdf,0,0,9725,0,0,0,0.0,0,0,0,1
sample_19239.pdf,1,19,7335,206,44,2,5.177286437,6,3,1,1
sample_03127.pdf,4304,144,191928,265,52,79,4.657246847,190,95,1,0
sample_14807.pdf,0,0,9905,0,0,0,0.0,0,0,0,1
sample_14565.pdf,0,0,8361,0,0,0,0.0,0,0,0,1
sample_13019.pdf,0,0,15915,0,0,0,0.0,0,0,0,1
sample_03155.pdf,9255,107,105819,259,44,16,6.618855331,34,17,1,0
sample_14370.pdf,534,10,9170,241,14,1,6.514206247,2,1,1,1
sample_12563.pdf,0,0,16371,0,0,0,0.0,0,0,0,1
sample_15676.pdf,0,0,23150,0,0,0,0.0,0,0,0,1
sample_04765.pdf,3502,383,138780,294,6,52,5.109616611,114,57,1,0
sample_02645.pdf,5341,31,20067,235,26,11,6.385000306,24,12,1,0
sample_15131.pdf,1,37,4288,0,0,2,6.633143684,4,2,1,1
sample_02419.pdf,4524,32,48632,218,8,7,6.854682765,16,8,1,0
sample_05063.pdf,1238,12,27511,198,12,3,5.27012117,6,3,1,0
sample_07379.pdf,11480,580,92711,418,30,61,5.470199625,152,76,1,0
sample_11853.pdf,0,0,17136,0,0,0,0.0,0,0,0,1
sample_08255.pdf,1106,12,26835,198,10,3,5.294529589,6,3,1,0
sample_13622.pdf,5283,20,15093,126,7,8,5.369663315,18,9,1,1
sample_14987.pdf,0,0,1449,0,0,0,0.0,0,0,0,1
sample_14169.pdf,0,0,8204,0,0,0,0.0,0,0,0,1
sample_01076.pdf,1113,12,29260,198,12,3,5.25438504,6,3,1,0
sample_18710.pdf,0,0,8049,0,0,0,0.0,0,0,0,1
sample_08882.pdf,11462,279,64293,440,24,35,4.926882099,136,68,1,0
sample_00085.pdf,5253,143,209341,262,49,82,4.670691922,196,98,1,0
sample_07128.pdf,31164,447,62280,320,7,24,6.676599033,50,25,1,0
sample_08716.pdf,1287,21,82128,135,12,2,5.845891033,4,2,1,0
sample_18026.pdf,0,0,3491,0,0,0,0.0,0,0,0,1
sample_01447.pdf,1069,12,31162,198,12,3,5.407661743,6,3,1,0
sample_05642.pdf,1538,30,94764,173,12,15,5.888503858,34,17,1,0
sample_11473.pdf,0,0,9646,0,0,0,0.0,0,0,0,1
sample_02865.pdf,1289,28,81835,173,13,13,5.945709922,30,15,1,0
sample_07534.pdf,2003,160,126302,278,1,21,6.454539198,44,22,1,0
sample_03302.pdf,4984,192,21991,359,65,9,6.090784515,20,10,1,0
sample_11655.pdf,0,0,15358,0,0,0,0.0,0,0,0,1
sample_06770.pdf,1822,2553,355558,410,6,35,5.896738378,72,36,1,0
sample_09141.pdf,2036,92,259507,185,17,26,6.148052275,60,30,1,0
sample_04199.pdf,96126,264,115035,293,24,32,6.841234376,66,33,1,0
sample_03833.pdf,12069,100,106800,338,26,35,5.124066718,92,46,1,0
sample_06590.pdf,13025,376,42296,323,30,16,6.336716209,34,17,1,0
sample_05457.pdf,6555,711,274899,310,30,47,6.338016065,96,48,1,0
sample_17296.pdf,0,0,9225,0,0,0,0.0,0,0,0,1
sample_18724.pdf,0,0,8213,0,0,0,0.0,0,0,0,1
sample_14812.pdf,0,0,9166,0,0,0,0.0,0,0,0,1
sample_15238.pdf,0,0,12402,0,0,0,0.0,0,0,0,1
sample_17993.pdf,0,0,9645,0,0,0,0.0,0,0,0,1
sample_15096.pdf,828,10,7618,137,8,1,6.791384588,2,1,1,1
sample_04405.pdf,5065,101,18390,358,7,7,5.878749634,16,8,1,0
sample_01747.pdf,4818,84,14643,266,20,5,5.454316902,12,6,1,0
sample_00578.pdf,8668,471,126833,302,16,56,5.444192922,142,71,1,0
sample_08548.pdf,9571,229,33544,379,29,11,6.220142379,24,12,1,0
sample_01158.pdf,1325,27,76220,173,11,12,5.791080504,28,14,1,0
sample_05590.pdf,16435,44,26381,238,29,11,6.542431876,24,12,1,0
sample_05886.pdf,14254,44,55257,318,73,15,6.630427178,32,16,1,0
sample_18003.pdf,0,0,154512,0,0,0,0.0,0,0,0,1
sample_02504.pdf,123976,300,283981,281,36,56,6.887869107,114,57,1,0
sample_00913.pdf,1077,12,32464,198,10,3,5.297787367,6,3,1,0
sample_03848.pdf,1701,117,109982,409,12,23,6.089878037,48,24,1,0
sample_12604.pdf,0,0,8091,0,0,0,0.0,0,0,0,1
sample_00074.pdf,7896,79,21699,302,56,9,6.126190123,20,10,1,0
sample_03754.pdf,16885,51,25628,233,24,12,6.537857052,26,13,1,0
sample_08761.pdf,3,6,1141,321,12,1,6.094191503,2,1,1,0
sample_13864.pdf,5283,20,15039,126,7,8,5.36979227,18,9,1,1
sample_00605.pdf,10495,370,146983,233,20,17,6.793799367,36,18,1,0
sample_14999.pdf,0,0,78053,0,0,0,0.0,0,0,0,1
sample_12467.pdf,0,0,9611,0,0,0,0.0,0,0,0,1
sample_17565.pdf,1,16,15023,147,44,3,5.072420645,6,3,1,1
sample_02810.pdf,55493,68,55658,297,34,21,6.805411609,44,22,1,0
sample_09242.pdf,1549,160,102302,397,11,26,5.967001406,54,27,1,0
sample_00268.pdf,84770,192,305018,282,30,78,6.289158001,158,79,1,0
sample_08040.pdf,1262,53,143717,188,12,19,5.608431096,40,20,1,0
sample_19115.pdf,0,0,1970,0,0,0,0.0,0,0,0,1
sample_02889.pdf,5222,82,69617,237,14,8,6.734585963,18,9,1,0
sample_13900.pdf,0,0,8206,0,0,0,0.0,0,0,0,1
sample_18517.pdf,0,0,9261,0,0,0,0.0,0,0,0,1
sample_10730.pdf,1,10,5852,156,37,2,5.497578208,6,3,1,1
sample_11300.pdf,0,0,1435,0,0,0,0.0,0,0,0,1
sample_10420.pdf,5283,20,15093,126,7,8,5.369687213,18,9,1,1
sample_05827.pdf,1364,21,88330,145,11,2,5.865847974,4,2,1,0
sample_16357.pdf,0,0,9409,0,0,0,0.0,0,0,0,1
sample_17137.pdf,0,0,12716,0,0,0,0.0,0,0,0,1
sample_19250.pdf,0,0,8423,0,0,0,0.0,0,0,0,1
sample_03963.pdf,1183,21,78432,135,12,2,5.852139058,4,2,1,0
sample_10472.pdf,1,28,37833,214,44,10,6.348303604,20,10,1,1
sample_15424.pdf,0,0,17495,0,0,0,0.0,0,0,0,1
sample_00765.pdf,1520,132,186945,361,15,23,5.85176076,48,24,1,0
sample_03247.pdf,51455,135,57628,216,8,39,6.875905305,78,39,1,0
sample_02705.pdf,29994,76,41203,238,29,21,6.739301023,44,22,1,0
sample_08329.pdf,1472,28,96434,173,14,13,5.929742802,30,15,1,0
sample_15173.pdf,1,16,14984,214,44,0,4.563323012,4,2,1,1
sample_00813.pdf,2823,196,35417,213,13,17,6.388583833,36,18,1,0
sample_11035.pdf,1,9,306227,0,0,0,3.97174032,4,2,1,1
sample_11555.pdf,0,0,16265,0,0,0,0.0,0,0,0,1
sample_03590.pdf,3397,40,239492,0,0,11,6.751658102,24,12,1,0
sample_13259.pdf,0,0,8055,0,0,0,0.0,0,0,0,1
sample_12493.pdf,0,0,9785,0,0,0,0.0,0,0,0,1
sample_08055.pdf,1350,13,22654,188,11,3,5.252878197,8,4,1,0
sample_03319.pdf,11443,905,143981,500,31,79,4.699961016,386,193,1,0
sample_05475.pdf,10837,1625,87526,351,58,24,6.626204031,50,25,1,0
sample_06614.pdf,1536,10,21088,173,11,2,5.61633636,8,4,1,0
sample_15196.pdf,5283,20,14905,126,7,8,5.370755351,18,9,1,1
sample_15175.pdf,0,0,9250,0,0,0,0.0,0,0,0,1
sample_12998.pdf,0,0,9581,0,0,0,0.0,0,0,0,1
sample_18243.pdf,0,0,16930,0,0,0,0.0,0,0,0,1
sample_01731.pdf,7805,678,96183,286,14,58,5.432294788,150,75,1,0
sample_01913.pdf,2896,84,77512,163,10,41,6.391683244,84,42,1,0
sample_03411.pdf,3836,32,21706,204,11,13,5.685726527,28,14,1,0
sample_04795.pdf,996,61,11842,175,8,4,4.202229538,14,7,1,0
sample_03061.pdf,1310,21,78912,138,12,2,5.856263558,4,2,1,0
sample_08495.pdf,7877,1729,127817,300,14,64,6.263674295,132,66,1,0
sample_16827.pdf,0,0,8239,0,0,0,0.0,0,0,0,1
sample_15290.pdf,0,0,17027,0,0,0,0.0,0,0,0,1
sample_03795.pdf,11449,263,79884,450,39,51,5.769172753,112,56,1,0
sample_07389.pdf,5389,97,16441,386,94,12,6.084151088,26,13,1,0
sample_02100.pdf,2601,168,120143,253,1,25,6.539982242,52,26,1,0
sample_11280.pdf,0,0,2836,0,0,0,0.0,0,0,0,1
sample_12598.pdf,0,0,16369,0,0,0,0.0,0,0,0,1
sample_14882.pdf,0,0,15062,0,0,0,0.0,0,0,0,1
sample_07243.pdf,11506,1890,338349,394,14,72,4.949945239,270,135,1,0
sample_04230.pdf,4115,23,17322,866,56,5,5.976305127,12,6,1,0
sample_03004.pdf,159725,129,225921,260,28,33,7.055236379,66,33,1,0
sample_08508.pdf,1669,214,245748,371,7,25,5.846344753,52,26,1,0
sample_00474.pdf,10348,28,18143,237,28,6,6.229606951,14,7,1,0
sample_07155.pdf,9116,455,46146,595,94,16,6.408426885,34,17,1,0
sample_07999.pdf,21888,66,213423,185,18,32,6.482346945,66,33,1,0
sample_15053.pdf,0,0,8308,0,0,0,0.0,0,0,0,1
sample_17571.pdf,0,0,2001,0,0,0,0.0,0,0,0,1
sample_07121.pdf,1219,12,26652,160,9,3,5.133756549,6,3,1,0
sample_17076.pdf,0,0,8168,0,0,0,0.0,0,0,0,1
sample_13556.pdf,0,0,15347,0,0,0,0.0,0,0,0,1
sample_03777.pdf,43025,81,120829,238,28,24,6.948979743,50,25,1,0
sample_10671.pdf,0,0,8352,0,0,0,0.0,0,0,0,1
sample_01386.pdf,7052,25,39409,239,29,6,6.51850119,14,7,1,0
sample_07029.pdf,6327,535,83749,378,27,51,5.616891092,124,62,1,0
sample_14630.pdf,0,0,9504,0,0,0,0.0,0,0,0,1
sample_05938.pdf,10424,135,21965,458,6,8,5.981980733,18,9,1,0
sample_06002.pdf,1231,12,33686,198,12,3,5.324568185,6,3,1,0
sample_02379.pdf,1249,21,77407,135,12,2,5.873879703,4,2,1,0
sample_17079.pdf,0,0,8104,0,0,0,0.0,0,0,0,1
sample_13984.pdf,0,0,9350,0,0,0,0.0,0,0,0,1
sample_04954.pdf,7176,41,70641,245,66,9,6.91799169,20,10,1,0
sample_09873.pdf,0,0,51822,0,0,0,0.0,0,0,0,1
sample_07830.pdf,1247,12,27665,160,9,3,5.185345039,6,3,1,0
sample_16301.pdf,0,0,12841,0,0,0,0.0,0,0,0,1
sample_09316.pdf,0,0,9726,0,0,0,0.0,0,0,0,1
sample_16328.pdf,0,0,15300,0,0,0,0.0,0,0,0,1
sample_12348.pdf,0,0,12339,0,0,0,0.0,0,0,0,1
sample_19086.pdf,0,0,9605,0,0,0,0.0,0,0,0,1
sample_09352.pdf,0,0,16239,0,0,0,0.0,0,0,0,1
sample_17404.pdf,0,0,1980,0,0,0,0.0,0,0,0,1
sample_14069.pdf,0,0,1452,0,0,0,0.0,0,0,0,1
sample_06746.pdf,20483,699,170568,458,14,57,5.979741877,122,61,1,0
sample_19088.pdf,0,0,12139,0,0,0,0.0,0,0,0,1
sample_18630.pdf,0,0,9720,0,0,0,0.0,0,0,0,1
sample_03427.pdf,7,9,1607,294,21,1,4.663231385,2,1,1,0
sample_18364.pdf,0,0,8306,0,0,0,0.0,0,0,0,1
sample_08917.pdf,16177,1230,176286,276,15,95,5.378591481,224,112,1,0
sample_10007.pdf,1,15,17472,208,44,0,3.283320799,4,2,1,1
sample_10651.pdf,1,15,4439,214,44,0,4.048330299,4,2,1,1
sample_01985.pdf,13536,1500,153231,349,28,76,5.209360001,226,113,1,0
sample_14928.pdf,0,0,16349,0,0,0,0.0,0,0,0,1
sample_04804.pdf,1321,12,29604,198,12,3,5.518517567,6,3,1,0
sample_12819.pdf,0,0,8134,0,0,0,0.0,0,0,0,1
sample_12574.pdf,0,0,9695,0,0,0,0.0,0,0,0,1
sample_16317.pdf,0,0,7172,0,0,0,0.0,0,0,0,1
sample_12119.pdf,0,0,8359,0,0,0,0.0,0,0,0,1
sample_12810.pdf,71,16,10055,214,44,2,7.113594146,4,2,1,1
sample_11854.pdf,0,0,8588,0,0,0,0.0,0,0,0,1
sample_05431.pdf,1645,108,108066,377,7,16,6.124758493,34,17,1,0
sample_14230.pdf,0,0,8255,0,0,0,0.0,0,0,0,1
sample_12743.pdf,0,0,154509,0,0,0,0.0,0,0,0,1
sample_18824.pdf,0,0,9338,0,0,0,0.0,0,0,0,1
sample_10445.pdf,0,0,17013,0,0,0,0.0,0,0,0,1
sample_05835.pdf,5214,457,114277,285,13,66,5.265398086,156,78,1,0
sample_00502.pdf,6788,81,229304,167,19,31,6.371260298,64,32,1,0
sample_01034.pdf,995,13,17350,188,12,3,5.273913369,8,4,1,0
sample_15430.pdf,0,0,8144,0,0,0,0.0,0,0,0,1
sample_01938.pdf,1230,21,75725,135,12,2,5.830210288,4,2,1,0
sample_16174.pdf,0,0,12065,0,0,0,0.0,0,0,0,1
sample_18228.pdf,1,79,4677,211,37,8,3.78959347,18,9,1,1
sample_17649.pdf,0,0,9528,0,0,0,0.0,0,0,0,1
sample_04696.pdf,90216,192,145371,237,28,57,6.907377859,116,58,1,0
sample_12330.pdf,1,15,3943,208,44,1,5.258836799,4,2,1,1
sample_11283.pdf,0,0,9742,0,0,0,0.0,0,0,0,1
sample_05602.pdf,5371,38,63840,240,30,10,6.748094206,22,11,1,0
sample_10524.pdf,0,0,15594,0,0,0,0.0,0,0,0,1
sample_02119.pdf,3524,51,37614,312,23,10,4.114250559,20,10,1,0
sample_03934.pdf,19674,2921,149626,302,56,45,6.726745547,92,46,1,0
sample_06145.pdf,336,18,13604,209,8,3,6.865639824,6,3,1,0
sample_05352.pdf,5277,507,74229,390,27,48,6.088306911,94,47,1,0
sample_13905.pdf,0,0,9666,0,0,0,0.0,0,0,0,1
sample_06301.pdf,1574,22,16843,426,38,3,7.056514018,6,3,1,0
sample_17052.pdf,1,41,8103,175,8,9,4.784934797,22,11,1,1
sample_18998.pdf,1,18,6107,185,37,4,4.368584182,10,5,1,1
sample_04263.pdf,7128,45,107583,172,11,9,6.504393679,20,10,1,0
sample_01392.pdf,18145,225,39043,267,15,14,6.42486194,30,15,1,0
sample_11067.pdf,5283,20,14919,126,7,8,5.370696728,18,9,1,1
sample_14589.pdf,6750,22,34677,273,10,6,6.736039371,12,6,1,1
sample_13719.pdf,0,0,75866,0,0,0,0.0,0,0,0,1
sample_07812.pdf,13390,566,99358,400,26,63,5.440386782,164,82,1,0
sample_01757.pdf,13740,19,20286,222,8,2,6.431133127,4,2,1,0
sample_16767.pdf,0,0,8404,0,0,0,0.0,0,0,0,1
sample_00997.pdf,7326,157,141143,279,66,86,4.463004326,224,112,1,0
sample_02424.pdf,1289,21,80970,135,16,2,5.857700257,4,2,1,0
sample_10851.pdf,0,0,9560,0,0,0,0.0,0,0,0,1
sample_08538.pdf,469,24,21838,180,23,5,6.173869115,10,5,1,0
sample_15929.pdf,0,0,9452,0,0,0,0.0,0,0,0,1
sample_02719.pdf,3736,376,67460,350,14,44,5.916984293,90,45,1,0
sample_12065.pdf,0,0,8382,0,0,0,0.0,0,0,0,1
sample_02617.pdf,21389,289,272822,418,24,37,4.860567529,112,56,1,0
sample_17623.pdf,0,0,2516,0,0,0,0.0,0,0,0,1
sample_02523.pdf,22990,143,42875,300,56,18,6.554295145,38,19,1,0
sample_04345.pdf,320,41,17169,317,19,12,5.266722739,26,13,1,0
sample_13463.pdf,0,0,1977,0,0,0,0.0,0,0,0,1
sample_15093.pdf,0,0,16971,0,0,0,0.0,0,0,0,1
sample_14139.pdf,0,0,9169,0,0,0,0.0,0,0,0,1
sample_17420.pdf,0,0,17333,0,0,0,0.0,0,0,0,1
sample_00871.pdf,48518,652,12775860,256,18,239,5.93208822,708,354,1,0
sample_00585.pdf,21041,56,27540,379,29,14,6.860186753,28,14,1,0
sample_00417.pdf,197325,239,267330,239,29,75,7.032648034,152,76,1,0
sample_15280.pdf,0,0,16617,0,0,0,0.0,0,0,0,1
sample_02094.pdf,7809,154,38728,270,48,18,6.431051933,38,19,1,0
sample_10180.pdf,0,0,9861,0,0,0,0.0,0,0,0,1
sample_07499.pdf,3766,84,302608,185,12,29,6.186528311,68,34,1,0
sample_09608.pdf,0,0,8400,0,0,0,0.0,0,0,0,1
sample_08125.pdf,16796,51,26305,87,12,14,6.561864056,28,14,1,0
sample_18303.pdf,0,0,15464,0,0,0,0.0,0,0,0,1
sample_07898.pdf,1390,12,28622,198,9,3,5.448549465,6,3,1,0
sample_06747.pdf,37978,38,54404,277,42,9,6.863375005,20,10,1,0
sample_01840.pdf,1415,12,37298,198,10,3,5.387594597,6,3,1,0
sample_03086.pdf,34597,176,160119,316,40,24,6.740111766,50,25,1,0
sample_01826.pdf,89363,284,251332,296,38,36,6.803096778,74,37,1,0
sample_05097.pdf,1218,12,33230,160,12,3,5.288340264,6,3,1,0
sample_16899.pdf,1,16,15144,214,44,0,4.667224246,4,2,1,1
sample_08221.pdf,11780,202,47444,378,27,29,5.40022476,78,39,1,0
sample_08601.pdf,4598,96,234845,368,29,24,4.953424876,90,45,1,0
sample_09584.pdf,0,0,15488,0,0,0,0.0,0,0,0,1
sample_09993.pdf,5283,20,15041,126,7,8,5.36983228,18,9,1,1
sample_06670.pdf,7411,1221,134536,325,31,94,5.000687723,300,150,1,0
sample_00512.pdf,59879,82,56222,238,29,22,6.792285451,46,23,1,0
sample_16466.pdf,0,0,2005,0,0,0,0.0,0,0,0,1
sample_15239.pdf,0,0,8134,0,0,0,0.0,0,0,0,1
sample_13943.pdf,0,0,4147,0,0,0,0.0,0,0,0,1
sample_06774.pdf,107466,147,140615,263,54,42,6.933504812,86,43,1,0
sample_02860.pdf,1335,21,74669,138,12,2,5.813776983,4,2,1,0
sample_05203.pdf,1095,24,180580,135,12,4,5.839661679,8,4,1,0
sample_14820.pdf,0,0,9742,0,0,0,0.0,0,0,0,1
sample_01744.pdf,2153,81,15935,328,35,5,6.025900251,10,5,1,0
sample_17279.pdf,0,0,74623,0,0,0,0.0,0,0,0,1
sample_16712.pdf,866,96,79168,214,44,52,6.145686074,104,52,1,1
sample_15192.pdf,0,0,15361,0,0,0,0.0,0,0,0,1
sample_15012.pdf,0,0,8265,0,0,0,0.0,0,0,0,1
sample_15767.pdf,1,10,31231,191,6,1,1.0,2,1,1,1
sample_14266.pdf,0,0,12263,0,0,0,0.0,0,0,0,1
sample_02348.pdf,118950,762,159265,302,56,75,6.918416318,152,76,1,0
sample_08193.pdf,8516,45,63138,246,37,11,6.541820414,24,12,1,0
sample_11816.pdf,0,0,9478,0,0,0,0.0,0,0,0,1
sample_14840.pdf,14,36,75838,214,44,18,6.592105438,36,18,1,1
sample_05970.pdf,1757,28,18299,204,11,11,5.544122936,24,12,1,0
sample_15613.pdf,5283,20,15017,126,7,8,5.369961855,18,9,1,1
sample_05185.pdf,5138,78,113274,274,25,21,6.540844846,44,22,1,0
sample_17902.pdf,0,0,9077,0,0,0,0.0,0,0,0,1
sample_01163.pdf,20950,49,59482,306,61,17,6.638701289,36,18,1,0
sample_18286.pdf,0,0,12088,0,0,0,0.0,0,0,0,1
sample_06726.pdf,3645,275,33143,275,29,12,5.608954997,28,14,1,0
sample_03521.pdf,266,33,30437,480,169,6,5.529472196,14,7,1,0
sample_14941.pdf,0,0,8084,0,0,0,0.0,0,0,0,1
sample_11573.pdf,0,0,12010,0,0,0,0.0,0,0,0,1
sample_18400.pdf,7741,22,8850,158,15,10,5.654551113,20,10,1,1
sample_15794.pdf,0,0,75874,0,0,0,0.0,0,0,0,1
sample_17618.pdf,0,0,35715,0,0,0,0.0,0,0,0,1
sample_06030.pdf,9104,43,24461,204,11,16,5.908996825,34,17,1,0
sample_15364.pdf,0,0,9123,0,0,0,0.0,0,0,0,1
sample_09679.pdf,0,0,3099,0,0,0,0.0,0,0,0,1
sample_01821.pdf,84546,111,185549,257,47,34,6.984886996,70,35,1,0
sample_03054.pdf,39458,84,50815,236,29,22,6.766273079,46,23,1,0
sample_13276.pdf,0,0,9324,0,0,0,0.0,0,0,0,1
sample_07587.pdf,1755,31,93723,173,12,16,5.49870193,36,18,1,0
sample_12359.pdf,5283,20,14959,126,7,8,5.370375093,18,9,1,1
sample_08085.pdf,1219,21,74353,138,12,2,5.831974875,4,2,1,0
sample_12338.pdf,0,0,9598,0,0,0,0.0,0,0,0,1
sample_15507.pdf,0,0,16672,0,0,0,0.0,0,0,0,1
sample_03623.pdf,11342,227,80299,523,29,12,6.347505252,28,14,1,0
sample_17252.pdf,0,0,9380,0,0,0,0.0,0,0,0,1
sample_02621.pdf,3730,27,11417,233,28,4,5.792641326,10,5,1,0
sample_18761.pdf,0,0,16170,0,0,0,0.0,0,0,0,1
sample_01542.pdf,7637,244,34751,350,48,11,6.210630858,24,12,1,0
sample_08555.pdf,1987,34,20515,220,27,9,6.433794131,20,10,1,0
sample_05503.pdf,12861,36,22546,226,8,3,5.856670879,8,4,1,0
sample_07198.pdf,2547,79,13596,286,38,6,5.398140085,14,7,1,0
sample_03147.pdf,4399,338,73994,420,24,38,4.984840069,136,68,1,0
sample_16044.pdf,0,0,12768,0,0,0,0.0,0,0,0,1
sample_11169.pdf,1,16,14893,214,44,0,4.556328288,4,2,1,1
sample_02192.pdf,12273,65,43578,303,13,25,6.067163996,54,27,1,0
sample_09351.pdf,0,0,8212,0,0,0,0.0,0,0,0,1
sample_14218.pdf,1,15,6283,258,44,0,4.364385755,4,2,1,1
sample_04095.pdf,1191,12,24587,198,12,3,5.43050302,6,3,1,0
sample_03162.pdf,4337,188,104466,282,11,16,6.840445184,34,17,1,0
sample_05429.pdf,1232,21,75083,135,12,2,5.830649577,4,2,1,0
sample_06395.pdf,59514,746,323458,236,7,28,7.002075447,58,29,1,0
sample_14550.pdf,0,0,9767,0,0,0,0.0,0,0,0,1
sample_07904.pdf,1367,29,89478,173,11,14,5.964413068,32,16,1,0
sample_13767.pdf,0,0,8002,0,0,0,0.0,0,0,0,1
sample_14085.pdf,0,0,8230,0,0,0,0.0,0,0,0,1
sample_07014.pdf,1421,29,87444,173,12,14,5.64388707,32,16,1,0
sample_12492.pdf,0,0,9686,0,0,0,0.0,0,0,0,1
sample_05362.pdf,1260,12,26873,198,12,3,5.394166898,6,3,1,0
sample_08973.pdf,1094,12,32003,198,12,3,5.428577015,6,3,1,0
sample_08301.pdf,1044,12,27513,198,11,3,5.266819826,6,3,1,0
sample_09876.pdf,1,32,9737,83,44,4,4.130797427,10,5,1,1
sample_04691.pdf,1236,12,27268,160,9,3,4.910976194,6,3,1,0
sample_04707.pdf,1184,12,29050,198,12,3,5.251309668,6,3,1,0
sample_04953.pdf,29666,595,397261,205,50,53,6.78518539,108,54,1,0
sample_00434.pdf,2582,254,230547,424,26,33,5.229596729,104,52,1,0
sample_17703.pdf,0,0,15911,0,0,0,0.0,0,0,0,1
sample_16086.pdf,0,0,16320,0,0,0,0.0,0,0,0,1
sample_17717.pdf,0,0,9457,0,0,0,0.0,0,0,0,1
sample_16344.pdf,1030,10,11736,224,19,1,6.674496876,2,1,1,1
sample_16072.pdf,0,0,14869,0,0,0,0.0,0,0,0,1
sample_10790.pdf,0,0,9385,0,0,0,0.0,0,0,0,1
sample_13896.pdf,0,0,9451,0,0,0,0.0,0,0,0,1
sample_12505.pdf,0,0,9502,0,0,0,0.0,0,0,0,1
sample_17335.pdf,0,0,9515,0,0,0,0.0,0,0,0,1
sample_06127.pdf,11724,142,78805,375,85,14,6.382824782,30,15,1,0
sample_01468.pdf,3389,56,186548,187,9,33,6.504857779,68,34,1,0
sample_02313.pdf,5606,28,60187,239,29,7,6.671973448,16,8,1,0
sample_04142.pdf,1461,25,94332,173,12,10,5.808029935,24,12,1,0
sample_00108.pdf,5942,1039,72457,300,9,23,6.654797254,48,24,1,0
sample_05839.pdf,48550,341,351677,161,25,44,6.289059651,98,49,1,0
sample_08965.pdf,4119,157,209535,275,62,89,4.572991194,222,111,1,0
sample_07025.pdf,16336,476,45942,497,59,16,6.457997377,34,17,1,0
sample_03945.pdf,35206,448,284622,322,31,38,6.484903751,90,45,1,0
sample_16839.pdf,0,0,75397,0,0,0,0.0,0,0,0,1
sample_09533.pdf,0,0,8415,0,0,0,0.0,0,0,0,1
sample_08115.pdf,20005,58,34680,235,28,16,6.562642119,34,17,1,0
sample_07899.pdf,22729,55,28838,238,29,15,6.499831614,32,16,1,0
sample_14680.pdf,0,0,16466,0,0,0,0.0,0,0,0,1
sample_15571.pdf,0,0,1971,0,0,0,0.0,0,0,0,1
sample_08543.pdf,353,13,42203,328,13,3,6.858008432,6,3,1,0
sample_00382.pdf,49844,1644,140550,314,21,52,6.673949525,108,54,1,0
sample_18419.pdf,0,0,15476,0,0,0,0.0,0,0,0,1
sample_10766.pdf,0,0,18165,0,0,0,0.0,0,0,0,1
sample_06413.pdf,13843,163,68569,284,58,21,6.69205693,44,22,1,0
sample_13382.pdf,0,0,78344,0,0,0,0.0,0,0,0,1
sample_05186.pdf,1208,12,25787,198,10,3,5.380135885,6,3,1,0
sample_04119.pdf,1578,194,210524,341,6,38,5.858909113,78,39,1,0
sample_19155.pdf,0,0,17060,0,0,0,0.0,0,0,0,1
sample_14000.pdf,17409,22,31987,233,17,7,6.856728385,14,7,1,1
sample_05152.pdf,14138,107,184878,276,10,44,6.438988331,90,45,1,0
sample_06817.pdf,4614,9,5106,293,20,2,6.893341238,4,2,1,0
sample_09312.pdf,0,0,16263,0,0,0,0.0,0,0,0,1
sample_17934.pdf,828,10,7624,137,8,1,6.791384588,2,1,1,1
sample_02125.pdf,6706,1622,117389,419,36,71,5.341888509,198,99,1,0
sample_11859.pdf,0,0,77284,0,0,0,0.0,0,0,0,1
sample_12700.pdf,1,15,3572,208,44,1,5.274626453,4,2,1,1
sample_13803.pdf,0,0,2004,0,0,0,0.0,0,0,0,1
sample_00291.pdf,57498,74,97266,196,11,30,6.9477668,60,30,1,0
sample_07671.pdf,30188,342,49957,249,3,19,6.588970408,40,20,1,0
sample_10699.pdf,0,0,9551,0,0,0,0.0,0,0,0,1
sample_15524.pdf,5283,20,15093,126,7,8,5.369598897,18,9,1,1
sample_11446.pdf,1,9,94525,0,0,0,3.919607447,4,2,1,1
sample_02881.pdf,1172,12,22702,198,10,3,5.453000576,6,3,1,0
sample_12901.pdf,0,0,7815,0,0,0,0.0,0,0,0,1
sample_18966.pdf,0,0,22182,0,0,0,0.0,0,0,0,1
sample_08383.pdf,7071,77,15914,302,56,8,5.874655193,18,9,1,0
sample_13804.pdf,0,0,8228,0,0,0,0.0,0,0,0,1
sample_03687.pdf,11509,83,60979,330,29,24,5.194052707,66,33,1,0
sample_11105.pdf,0,0,9360,0,0,0,0.0,0,0,0,1
sample_02324.pdf,1238,12,25276,198,11,3,5.459837354,6,3,1,0
sample_05170.pdf,4287,46,43085,601,116,14,6.860123214,28,14,1,0
sample_07820.pdf,1279,12,29920,198,12,3,5.453925733,6,3,1,0
sample_15589.pdf,1,16,14784,214,44,0,4.556617382,4,2,1,1
sample_03923.pdf,13288,914,95418,336,35,56,6.016137697,118,59,1,0
sample_08483.pdf,1059,12,22334,198,12,3,5.315819995,6,3,1,0
sample_11939.pdf,5283,20,15089,126,7,8,5.369562726,18,9,1,1
sample_06909.pdf,10143,34,19097,237,28,8,6.373133313,18,9,1,0
sample_05606.pdf,13899,973,98589,409,14,51,5.856723592,114,57,1,0
sample_08895.pdf,1601,32,83089,173,14,17,5.5611795,38,19,1,0
sample_08284.pdf,6576,169,51987,260,22,15,6.495456126,32,16,1,0
sample_01730.pdf,1442,21,86422,138,12,2,5.864410687,4,2,1,0
sample_18389.pdf,0,0,13409,0,0,0,0.0,0,0,0,1
sample_14719.pdf,5283,20,14983,126,7,8,5.370419558,18,9,1,1
sample_15189.pdf,0,0,8286,0,0,0,0.0,0,0,0,1
sample_14895.pdf,0,0,9834,0,0,0,0.0,0,0,0,1
sample_14521.pdf,0,0,16117,0,0,0,0.0,0,0,0,1
sample_18181.pdf,0,0,9770,0,0,0,0.0,0,0,0,1
sample_18099.pdf,0,0,9104,0,0,0,0.0,0,0,0,1
sample_10357.pdf,0,0,8198,0,0,0,0.0,0,0,0,1
sample_06363.pdf,7312,29,13711,237,28,6,6.131724094,14,7,1,0
sample_08454.pdf,13987,67,50543,302,21,26,6.586457976,54,27,1,0
sample_18258.pdf,0,0,7983,0,0,0,0.0,0,0,0,1
sample_15846.pdf,0,0,17108,0,0,0,0.0,0,0,0,1
sample_01893.pdf,9220,106,21335,259,13,9,6.049004498,20,10,1,0
sample_00253.pdf,980,13,17388,188,12,3,5.280075696,8,4,1,0
sample_10423.pdf,0,0,78166,0,0,0,0.0,0,0,0,1
sample_17365.pdf,828,10,7642,137,8,1,6.791384588,2,1,1,1
sample_04370.pdf,19856,556,58028,459,51,19,6.50201967,40,20,1,0
sample_08646.pdf,108728,405,267945,323,37,51,6.702480361,104,52,1,0
sample_18953.pdf,1,16,15065,147,44,3,5.071650442,6,3,1,1
sample_19158.pdf,0,0,13549,0,0,0,0.0,0,0,0,1
sample_08436.pdf,10598,991,92832,285,15,50,5.996193739,106,53,1,0
sample_05065.pdf,709,27,369317,198,10,9,5.765203102,18,9,1,0
sample_11669.pdf,9,87,529300,200,8,23,5.433467483,55,27,1,1
sample_00152.pdf,1816,1068,178193,414,14,23,6.32477835,48,24,1,0
sample_04202.pdf,1301,21,78570,135,12,2,5.841997015,4,2,1,0
sample_04975.pdf,5642,134,79644,289,16,20,6.47294419,42,21,1,0
sample_08472.pdf,5707,72,21865,305,55,8,5.967030597,18,9,1,0
sample_13383.pdf,1,15,3856,258,44,0,4.398988423,4,2,1,1
sample_07237.pdf,21145,570,113550,403,73,39,6.488687238,82,41,1,0
sample_11014.pdf,1,10,6043,156,37,2,5.698546738,6,3,1,1
sample_12443.pdf,0,0,8799,0,0,0,0.0,0,0,0,1
sample_02642.pdf,7578,31,60721,239,29,8,6.727620595,18,9,1,0
sample_08222.pdf,3458,262,67534,418,30,40,5.796644701,86,43,1,0
sample_17942.pdf,1,10,5944,156,37,2,5.687912467,6,3,1,1
sample_04281.pdf,18638,49,25461,235,28,12,6.557837726,26,13,1,0
sample_10814.pdf,0,0,9446,0,0,0,0.0,0,0,0,1
sample_15046.pdf,0,0,7966,0,0,0,0.0,0,0,0,1
sample_09909.pdf,0,0,2049,0,0,0,0.0,0,0,0,1
sample_13986.pdf,0,0,9643,0,0,0,0.0,0,0,0,1
sample_04998.pdf,6637,308,71258,83,17,39,5.950875719,80,40,1,0
sample_18214.pdf,0,0,12192,0,0,0,0.0,0,0,0,1
sample_15946.pdf,0,0,8350,0,0,0,0.0,0,0,0,1
sample_15435.pdf,0,0,15661,0,0,0,0.0,0,0,0,1
sample_02484.pdf,1370,29,92808,173,15,14,5.794244318,32,16,1,0
sample_03916.pdf,10867,28,16063,233,28,5,6.09231766,12,6,1,0
sample_05842.pdf,2601,401,76576,441,35,45,5.741444179,98,49,1,0
sample_09664.pdf,0,0,16954,0,0,0,0.0,0,0,0,1
sample_05269.pdf,1219,12,26163,160,12,3,5.172919403,6,3,1,0
sample_03694.pdf,2361,31,86758,123,8,5,5.26387415,16,8,1,0
sample_00113.pdf,1221,21,76278,135,11,2,5.83677359,4,2,1,0
sample_08999.pdf,38404,130,159068,274,31,29,6.676636948,60,30,1,0
sample_17614.pdf,1,16,14879,214,44,0,4.553875668,4,2,1,1
sample_03756.pdf,996,13,17785,188,12,3,5.101177969,8,4,1,0
sample_00992.pdf,322405,261,295232,227,8,77,7.009041302,154,77,1,0
sample_06652.pdf,292190,213,291724,259,28,40,6.938740812,84,42,1,0
sample_14754.pdf,0,0,8128,0,0,0,0.0,0,0,0,1
sample_02084.pdf,404,57,11549,372,30,10,5.471484741,22,11,1,0
sample_09995.pdf,0,0,9074,0,0,0,0.0,0,0,0,1
sample_06631.pdf,1132,21,73437,135,12,2,5.831935714,4,2,1,0
sample_14301.pdf,0,0,9802,0,0,0,0.0,0,0,0,1
sample_10156.pdf,5867,20,13674,126,7,9,5.546857546,18,9,1,1
sample_17417.pdf,0,0,9719,0,0,0,0.0,0,0,0,1
sample_00767.pdf,2190,593,141350,307,25,101,4.419901927,624,312,1,0
sample_11767.pdf,0,0,9771,0,0,0,0.0,0,0,0,1
sample_12792.pdf,1,28,4441,190,37,5,4.523907747,12,6,1,1
sample_03214.pdf,1160,12,26167,160,9,3,5.146833321,6,3,1,0
sample_01229.pdf,23945,119,146037,347,34,25,6.675313686,52,26,1,0
sample_01424.pdf,8284,39,21555,236,29,10,6.356975109,22,11,1,0
sample_09263.pdf,27428,284,198024,198,33,42,6.718444846,84,42,1,0
sample_02320.pdf,34145,51,81059,239,29,14,6.859646123,30,15,1,0
sample_12095.pdf,0,0,9431,0,0,0,0.0,0,0,0,1
sample_15216.pdf,1,16,11171,214,44,0,4.668133662,4,2,1,1
sample_08373.pdf,1229,12,28948,160,12,3,4.995532597,6,3,1,0
sample_17709.pdf,5283,20,15093,126,7,8,5.369688566,18,9,1,1
sample_17407.pdf,1,15,3613,208,44,1,5.262219081,4,2,1,1
sample_07549.pdf,1260,12,27584,198,12,3,5.284073014,6,3,1,0
sample_09425.pdf,0,0,16977,0,0,0,0.0,0,0,0,1
sample_06225.pdf,1854,21,91777,138,10,2,5.888728094,4,2,1,0
sample_16510.pdf,0,0,9174,0,0,0,0.0,0,0,0,1
sample_07079.pdf,1504,21,93219,135,14,2,5.885294476,4,2,1,0
sample_04354.pdf,7136,37,50550,239,29,10,6.712117137,22,11,1,0
sample_09663.pdf,1,996,7490,211,39,10,4.612519869,22,11,1,1
sample_07177.pdf,4583,515,265043,423,32,47,5.597909769,108,54,1,0
sample_10716.pdf,3430,20,12236,126,7,9,5.545425029,18,9,1,1
sample_18300.pdf,0,0,9314,0,0,0,0.0,0,0,0,1
sample_15116.pdf,0,0,17559,0,0,0,0.0,0,0,0,1
sample_11127.pdf,24331,26,37169,235,16,9,7.019862789,18,9,1,1
sample_06348.pdf,4674,36,96261,213,15,4,6.836502735,20,10,1,0
sample_07280.pdf,33341,69,45530,235,28,18,6.666284828,38,19,1,0
sample_00228.pdf,1573,1137,111785,423,13,36,6.304482661,74,37,1,0
sample_11435.pdf,0,0,15461,0,0,0,0.0,0,0,0,1
sample_10343.pdf,0,0,9465,0,0,0,0.0,0,0,0,1
sample_00645.pdf,36131,54,56807,231,23,17,6.646141843,36,18,1,0
sample_15144.pdf,0,0,16442,0,0,0,0.0,0,0,0,1
sample_02263.pdf,3407,60,40208,374,24,5,3.541619333,30,15,1,0
sample_17414.pdf,0,0,9696,0,0,0,0.0,0,0,0,1
sample_04563.pdf,1246,42,136551,219,37,8,6.983661341,16,8,1,0
sample_14531.pdf,0,0,7918,0,0,0,0.0,0,0,0,1
sample_04792.pdf,1212,21,78616,135,12,2,5.850459211,4,2,1,0
sample_12257.pdf,0,0,15959,0,0,0,0.0,0,0,0,1
sample_03541.pdf,50,7,1269,322,17,1,5.993257219,2,1,1,0
sample_11186.pdf,14,36,75833,214,44,18,6.63656941,36,18,1,1
sample_08208.pdf,4668,25,243939,257,56,7,6.512695946,18,9,1,0
sample_04534.pdf,676,9,1770,286,13,1,6.660213098,2,1,1,0
sample_04722.pdf,21525,3207,144259,324,8,48,6.768413482,98,49,1,0
sample_16010.pdf,0,0,8259,0,0,0,0.0,0,0,0,1
sample_16302.pdf,0,0,9641,0,0,0,0.0,0,0,0,1
sample_06498.pdf,1431,35,91442,173,14,20,5.508946987,44,22,1,0
sample_14388.pdf,0,0,8042,0,0,0,0.0,0,0,0,1
sample_01000.pdf,24054,352,51108,308,64,19,6.59701807,40,20,1,0
sample_14122.pdf,1,10,27360,182,7,1,0.0,2,1,1,1
sample_03131.pdf,1314,23,83397,173,15,8,5.857261422,20,10,1,0
sample_19089.pdf,5283,20,14961,126,7,8,5.370429354,18,9,1,1
sample_01314.pdf,1206,12,26160,198,12,3,5.244285324,6,3,1,0
sample_02029.pdf,1442,200,245825,399,20,23,5.882841173,48,24,1,0
sample_17662.pdf,0,0,9718,0,0,0,0.0,0,0,0,1
sample_05284.pdf,1163,12,23102,198,12,3,5.277466573,6,3,1,0
sample_17840.pdf,0,0,12599,0,0,0,0.0,0,0,0,1
sample_17735.pdf,5283,20,14951,126,7,8,5.370507201,18,9,1,1
sample_09694.pdf,0,0,9467,0,0,0,0.0,0,0,0,1
sample_12251.pdf,0,0,9663,0,0,0,0.0,0,0,0,1
sample_17556.pdf,0,0,2027,0,0,0,0.0,0,0,0,1
sample_01498.pdf,5600,28,46903,239,29,7,6.637824376,16,8,1,0
sample_10733.pdf,0,0,9678,0,0,0,0.0,0,0,0,1
sample_05213.pdf,3651,30,314467,241,40,8,6.396128605,22,11,1,0
sample_13552.pdf,1,18,5093,100,44,3,6.825874099,6,3,1,1
sample_12368.pdf,0,0,9630,0,0,0,0.0,0,0,0,1
sample_06207.pdf,2445,10,2842,92,36,2,6.619974843,4,2,1,0
sample_06948.pdf,37467,158,139281,288,34,26,6.676689181,54,27,1,0
sample_01298.pdf,27931,291,49515,283,52,18,6.495688147,38,19,1,0
sample_19092.pdf,1,12,28332,146,44,0,2.297483823,6,3,1,1
sample_18839.pdf,0,0,9369,0,0,0,0.0,0,0,0,1
sample_09421.pdf,5283,20,14955,126,7,8,5.370338354,18,9,1,1
sample_10508.pdf,0,0,11954,0,0,0,0.0,0,0,0,1
sample_11028.pdf,1,31,10360,163,44,3,5.260429237,6,3,1,1
sample_10310.pdf,0,0,2110,0,0,0,0.0,0,0,0,1
sample_15724.pdf,0,0,22280,0,0,0,0.0,0,0,0,1
sample_05309.pdf,24797,67,92660,238,28,22,6.849300466,46,23,1,0
sample_04668.pdf,1304,13,22080,188,10,3,5.268971254,8,4,1,0
sample_16376.pdf,0,0,17270,0,0,0,0.0,0,0,0,1
sample_08106.pdf,1337,52,105351,173,9,37,5.730408895,78,39,1,0
sample_07346.pdf,1333,34,101300,173,11,19,6.031269091,42,21,1,0
sample_06648.pdf,7257,238,45191,212,6,7,6.461431939,16,8,1,0
sample_07639.pdf,8239,32,14936,236,29,7,6.182924118,16,8,1,0
sample_03353.pdf,1365,58,112705,173,13,43,6.128739278,90,45,1,0
sample_06974.pdf,4647,432,91261,373,24,22,6.019927303,50,25,1,0
sample_17659.pdf,866,96,79149,214,44,52,6.143675791,104,52,1,1
sample_14900.pdf,0,0,8224,0,0,0,0.0,0,0,0,1
sample_18362.pdf,26046,41,45833,296,12,15,6.830385904,30,15,1,1
sample_18645.pdf,5283,20,15019,126,7,8,5.369928203,18,9,1,1
sample_10241.pdf,1,15,6972,208,44,0,4.358767864,4,2,1,1
sample_16385.pdf,0,0,8368,0,0,0,0.0,0,0,0,1
sample_10265.pdf,0,0,12103,0,0,0,0.0,0,0,0,1
sample_18539.pdf,0,0,9444,0,0,0,0.0,0,0,0,1
sample_03948.pdf,1311,21,79665,135,12,2,5.855779385,4,2,1,0
sample_10044.pdf,0,0,16526,0,0,0,0.0,0,0,0,1
sample_10885.pdf,0,0,14949,0,0,0,0.0,0,0,0,1
sample_04396.pdf,32807,80,46234,237,28,23,6.725136619,48,24,1,0
sample_13289.pdf,5283,20,15021,126,7,8,5.369962167,18,9,1,1
sample_14303.pdf,0,0,8127,0,0,0,0.0,0,0,0,1
sample_17821.pdf,0,0,16961,0,0,0,0.0,0,0,0,1
sample_07326.pdf,6717,31,62858,239,29,8,6.664592619,18,9,1,0
sample_08486.pdf,4827,761,128819,440,27,88,4.766166114,248,124,1,0
sample_14445.pdf,1,28,4347,190,37,5,4.454414258,12,6,1,1
sample_05945.pdf,2216,21,241209,299,98,5,6.421224554,14,7,1,0
sample_03689.pdf,1467,33,84574,173,12,15,5.779612555,36,18,1,0
sample_17684.pdf,0,0,76854,0,0,0,0.0,0,0,0,1
sample_12730.pdf,0,0,11942,0,0,0,0.0,0,0,0,1
sample_09228.pdf,1639,24,194965,135,12,4,5.854078262,8,4,1,0
sample_03356.pdf,1211,21,75149,138,12,2,5.833739399,4,2,1,0
sample_07610.pdf,35423,716,120802,484,34,55,5.651434729,136,68,1,0
sample_01789.pdf,1268,21,78737,135,10,2,5.877354695,4,2,1,0
sample_06551.pdf,18857,49,26321,126,12,13,6.889376912,26,13,1,0
sample_16451.pdf,0,0,8074,0,0,0,0.0,0,0,0,1
sample_06688.pdf,1355,39,84691,173,15,24,5.874632889,52,26,1,0
sample_13530.pdf,0,0,9303,0,0,0,0.0,0,0,0,1
sample_18631.pdf,1,16,5302,201,44,2,5.28220966,4,2,1,1
sample_01457.pdf,41441,607,306782,242,23,72,6.706095445,146,73,1,0
sample_08767.pdf,5200,86,31729,270,48,16,6.326941897,34,17,1,0
sample_17165.pdf,0,0,8255,0,0,0,0.0,0,0,0,1
sample_14497.pdf,1,10,5912,156,37,2,5.690247243,6,3,1,1
sample_17205.pdf,0,0,14811,0,0,0,0.0,0,0,0,1
sample_05771.pdf,19584,797,119572,467,26,94,4.607619703,374,187,1,0
sample_14726.pdf,0,0,8175,0,0,0,0.0,0,0,0,1
sample_10951.pdf,0,0,2147,0,0,0,0.0,0,0,0,1
sample_06162.pdf,20698,52,30474,237,28,14,6.619390708,30,15,1,0
sample_06730.pdf,4348,34,23465,354,8,5,5.969350349,12,6,1,0
sample_07585.pdf,12977,64,233647,172,11,13,6.597746357,28,14,1,0
sample_08282.pdf,1536,161,185988,416,20,21,6.007914533,50,25,1,0
sample_00186.pdf,1437,82,35890,307,16,16,5.502605885,34,17,1,0
sample_08852.pdf,21347,40,25589,237,28,9,6.48980386,20,10,1,0
sample_03200.pdf,11224,101,67210,298,23,21,5.478635999,48,24,1,0
sample_10727.pdf,5283,20,14961,126,7,8,5.370349885,18,9,1,1
sample_03922.pdf,11021,928,122170,396,13,73,5.190913074,208,104,1,0
sample_10360.pdf,0,0,8392,0,0,0,0.0,0,0,0,1
sample_11530.pdf,0,0,16998,0,0,0,0.0,0,0,0,1
sample_11357.pdf,0,0,16803,0,0,0,0.0,0,0,0,1
sample_09474.pdf,0,0,9568,0,0,0,0.0,0,0,0,1
sample_13793.pdf,0,0,9751,0,0,0,0.0,0,0,0,1
sample_11329.pdf,0,0,1446,0,0,0,0.0,0,0,0,1
sample_03126.pdf,9937,33,24816,207,11,9,6.415736513,20,10,1,0
sample_13218.pdf,0,0,8247,0,0,0,0.0,0,0,0,1
sample_13430.pdf,0,0,16235,0,0,0,0.0,0,0,0,1
sample_04039.pdf,1860,225,35818,243,36,15,6.028206499,34,17,1,0
sample_02997.pdf,1273,12,28417,160,12,3,5.042724554,6,3,1,0
sample_14870.pdf,0,0,9661,0,0,0,0.0,0,0,0,1
sample_03160.pdf,68342,138,69984,238,29,40,6.831987222,82,41,1,0
sample_00080.pdf,1079,28,80414,240,30,8,6.522037202,18,9,1,0
sample_07362.pdf,26503,132,38059,392,103,18,6.504742868,38,19,1,0
sample_08924.pdf,1158,21,73112,135,12,2,5.845856756,4,2,1,0
sample_17173.pdf,1,19,8053,204,44,2,5.195170258,6,3,1,1
sample_02116.pdf,1363,21,78487,138,11,2,5.843302193,4,2,1,0
sample_02538.pdf,1141,13,21727,188,12,3,5.317354479,8,4,1,0
sample_00891.pdf,1370,37,85588,173,14,22,5.28547738,48,24,1,0
sample_09038.pdf,8190,96,25342,309,63,9,6.11924038,20,10,1,0
sample_00013.pdf,15495,61,236185,172,11,13,6.553564071,28,14,1,0
sample_01706.pdf,9161,563,137999,322,16,63,4.989161383,204,102,1,0
sample_10503.pdf,5283,20,15019,126,7,8,5.369956729,18,9,1,1
sample_07834.pdf,25004,116,376078,172,11,27,6.923468743,56,28,1,0
sample_17128.pdf,0,0,37659,0,0,0,0.0,0,0,0,1
sample_08237.pdf,29234,64,162325,194,36,9,5.031189803,26,13,1,0
sample_08498.pdf,1807,141,211998,388,16,23,5.873547212,48,24,1,0
sample_02440.pdf,16183,454,77011,369,22,56,4.228624946,184,92,1,0
sample_19189.pdf,0,0,17375,0,0,0,0.0,0,0,0,1
sample_06134.pdf,1493,22,80085,173,14,7,5.852280505,18,9,1,0
sample_16368.pdf,0,0,8163,0,0,0,0.0,0,0,0,1
sample_02311.pdf,4493,188,57672,404,24,34,5.917977571,82,41,1,0
sample_09521.pdf,0,0,9468,0,0,0,0.0,0,0,0,1
sample_08439.pdf,1276,137,192033,360,6,23,5.862037557,48,24,1,0
sample_06418.pdf,1277,21,75567,135,12,2,5.850319316,4,2,1,0
sample_13461.pdf,0,0,15799,0,0,0,0.0,0,0,0,1
sample_11267.pdf,0,0,9586,0,0,0,0.0,0,0,0,1
sample_03800.pdf,7954,450,122476,329,28,56,4.935475303,166,83,1,0
sample_15386.pdf,0,0,17464,0,0,0,0.0,0,0,0,1
sample_17158.pdf,5283,20,15093,126,7,8,5.369645005,18,9,1,1
sample_10437.pdf,0,0,17527,0,0,0,0.0,0,0,0,1
sample_18221.pdf,0,0,8129,0,0,0,0.0,0,0,0,1
sample_13439.pdf,0,0,8203,0,0,0,0.0,0,0,0,1
sample_14328.pdf,0,0,7899,0,0,0,0.0,0,0,0,1
sample_16861.pdf,0,0,9702,0,0,0,0.0,0,0,0,1
sample_05929.pdf,3694,28,44929,238,28,7,6.606344051,16,8,1,0
sample_13922.pdf,0,0,232183,0,0,0,0.0,0,0,0,1
sample_11185.pdf,0,0,17455,0,0,0,0.0,0,0,0,1
sample_05724.pdf,2064,22,64846,271,60,5,6.09717243,12,6,1,0
sample_01952.pdf,93,19,2724,338,24,3,5.247080505,6,3,1,0
sample_06595.pdf,15553,40,29567,126,12,11,6.615958918,22,11,1,0
sample_00878.pdf,8851,54,251032,333,38,14,6.47082694,44,22,1,0
sample_16106.pdf,0,0,7882,0,0,0,0.0,0,0,0,1
sample_18740.pdf,0,0,9276,0,0,0,0.0,0,0,0,1
sample_07286.pdf,25291,1497,189119,379,28,125,4.628694402,504,252,1,0
sample_07533.pdf,21830,508,53364,668,116,25,6.560646322,52,26,1,0
sample_05817.pdf,16020,45,23591,193,11,11,6.746163569,24,12,1,0
sample_09707.pdf,0,0,16721,0,0,0,0.0,0,0,0,1
sample_00832.pdf,6712,354,266100,457,29,47,6.014887458,96,48,1,0
sample_13642.pdf,0,0,17531,0,0,0,0.0,0,0,0,1
sample_06101.pdf,1432,21,88339,145,12,2,5.871318995,4,2,1,0
sample_09054.pdf,32188,69,67588,399,56,22,6.773560255,46,23,1,0
sample_11950.pdf,0,0,8258,0,0,0,0.0,0,0,0,1
sample_07146.pdf,1315,42,98487,173,11,27,5.965121562,58,29,1,0
sample_10297.pdf,0,0,15946,0,0,0,0.0,0,0,0,1
sample_08148.pdf,4513,370,44208,379,13,35,5.368817583,88,44,1,0
sample_13327.pdf,0,0,18036,0,0,0,0.0,0,0,0,1
sample_12234.pdf,0,0,9506,0,0,0,0.0,0,0,0,1
sample_09293.pdf,27463,61,34335,223,36,14,6.739300923,30,15,1,0
sample_09805.pdf,0,0,12776,0,0,0,0.0,0,0,0,1
sample_13025.pdf,0,0,9519,0,0,0,0.0,0,0,0,1
sample_13613.pdf,0,0,8265,0,0,0,0.0,0,0,0,1
sample_16795.pdf,0,0,2009,0,0,0,0.0,0,0,0,1
sample_15464.pdf,0,0,9154,0,0,0,0.0,0,0,0,1
sample_09750.pdf,0,0,8488,0,0,0,0.0,0,0,0,1
sample_03892.pdf,1300,12,30978,198,10,3,5.415821072,6,3,1,0
sample_18041.pdf,0,0,15570,0,0,0,0.0,0,0,0,1
sample_09634.pdf,0,0,12727,0,0,0,0.0,0,0,0,1
sample_08582.pdf,12301,126,25107,583,17,9,6.187014152,20,10,1,0
sample_14276.pdf,0,0,17154,0,0,0,0.0,0,0,0,1
sample_11342.pdf,0,0,8321,0,0,0,0.0,0,0,0,1
sample_03076.pdf,19677,784,108633,383,14,62,5.660614309,150,75,1,0
sample_05364.pdf,30502,84,189144,194,13,17,6.037640065,32,16,1,0
sample_17648.pdf,0,0,17557,0,0,0,0.0,0,0,0,1
sample_06844.pdf,4119,26,11046,234,29,5,5.938734354,12,6,1,0
sample_11491.pdf,30424,23,11183,266,38,8,6.701879046,16,8,1,1
sample_19012.pdf,0,0,8590,0,0,0,0.0,0,0,0,1
sample_04706.pdf,1370,21,79343,135,12,2,5.855155424,4,2,1,0
sample_10468.pdf,0,0,1451,0,0,0,0.0,0,0,0,1
sample_15808.pdf,5094,20,13101,126,7,9,5.516530711,18,9,1,1
sample_13912.pdf,0,0,232218,0,0,0,0.0,0,0,0,1
sample_15385.pdf,0,0,94486,0,0,0,0.0,0,0,0,1
sample_04501.pdf,1242,12,26706,198,11,3,5.306141761,6,3,1,0
sample_04611.pdf,1804,280,156542,516,86,19,6.208125462,40,20,1,0
sample_02894.pdf,30967,37,17948,296,23,15,6.735530939,30,15,1,0
sample_18215.pdf,0,0,17094,0,0,0,0.0,0,0,0,1
sample_13967.pdf,0,0,23192,0,0,0,0.0,0,0,0,1
sample_15437.pdf,0,0,9837,0,0,0,0.0,0,0,0,1
sample_14823.pdf,0,0,8223,0,0,0,0.0,0,0,0,1
sample_14028.pdf,321,10,10115,229,18,1,6.237104455,2,1,1,1
sample_07149.pdf,23574,161,39359,302,56,19,6.499835446,40,20,1,0
sample_05921.pdf,20622,484,246064,412,29,60,5.191499204,196,98,1,0
sample_02101.pdf,7546,265,60884,414,30,41,5.908652942,88,44,1,0
sample_02359.pdf,910,279,71681,234,21,19,6.543281753,40,20,1,0
sample_04623.pdf,950,12,27984,198,12,3,5.278987927,6,3,1,0
sample_13444.pdf,0,0,9609,0,0,0,0.0,0,0,0,1
sample_08622.pdf,4703,26,11205,237,28,5,5.926134259,12,6,1,0
sample_19168.pdf,0,0,13588,0,0,0,0.0,0,0,0,1
sample_11889.pdf,0,0,15860,0,0,0,0.0,0,0,0,1
sample_14087.pdf,0,0,9395,0,0,0,0.0,0,0,0,1
sample_00623.pdf,13530,43,23202,237,28,11,6.461480555,24,12,1,0
sample_07611.pdf,24402,789,100452,306,1,28,6.672995981,58,29,1,0
sample_13571.pdf,0,0,8329,0,0,0,0.0,0,0,0,1
sample_08371.pdf,1883,298,110690,409,22,32,6.207571397,66,33,1,0
sample_17293.pdf,0,0,8239,0,0,0,0.0,0,0,0,1
sample_10132.pdf,1,15,3682,208,44,1,5.266070531,4,2,1,1
sample_16574.pdf,5283,20,15089,126,7,8,5.369681471,18,9,1,1
sample_06059.pdf,106337,360,247009,292,20,45,6.738107241,92,46,1,0
sample_16259.pdf,1064,10,8206,95,15,1,6.795804159,2,1,1,1
sample_06793.pdf,1247,21,76413,135,12,2,5.855083114,4,2,1,0
sample_17328.pdf,0,0,35873,0,0,0,0.0,0,0,0,1
sample_03426.pdf,5926,25,38708,238,28,6,6.512682828,14,7,1,0
sample_11718.pdf,0,0,16932,0,0,0,0.0,0,0,0,1
sample_07842.pdf,1344,35,84268,173,13,20,5.508425468,44,22,1,0
sample_13863.pdf,5283,20,14981,126,7,8,5.370358361,18,9,1,1
sample_10666.pdf,0,0,9753,0,0,0,0.0,0,0,0,1
sample_00757.pdf,1277,12,26245,198,11,3,5.252446557,6,3,1,0
sample_18611.pdf,0,0,8228,0,0,0,0.0,0,0,0,1
sample_09185.pdf,1597,28,99008,173,10,13,5.668783697,30,15,1,0
sample_07730.pdf,9370,537,47280,443,52,41,6.313423349,86,43,1,0
sample_02330.pdf,42103,112,132500,163,12,48,6.603007432,98,49,1,0
sample_15802.pdf,0,0,17090,0,0,0,0.0,0,0,0,1
sample_10035.pdf,0,0,15993,0,0,0,0.0,0,0,0,1
sample_01254.pdf,4042,273,313063,508,15,44,5.988159562,90,45,1,0
sample_05272.pdf,1122,12,24584,198,11,3,5.311930464,6,3,1,0
sample_16628.pdf,0,0,8272,0,0,0,0.0,0,0,0,1
sample_06254.pdf,1474,33,298689,135,12,10,5.734962778,20,10,1,0
sample_16063.pdf,0,0,4147,0,0,0,0.0,0,0,0,1
sample_16205.pdf,0,0,9541,0,0,0,0.0,0,0,0,1
sample_16729.pdf,0,0,8211,0,0,0,0.0,0,0,0,1
sample_12553.pdf,0,0,8055,0,0,0,0.0,0,0,0,1
sample_10203.pdf,0,0,8098,0,0,0,0.0,0,0,0,1
sample_00495.pdf,1124,21,70898,135,12,2,5.810427245,4,2,1,0
sample_04887.pdf,12433,1911,134076,396,14,72,5.612730443,184,92,1,0
sample_06969.pdf,1453,21,88453,135,12,2,5.880689822,4,2,1,0
sample_00354.pdf,5827,247,50602,302,9,50,6.017728191,100,50,1,0
sample_11126.pdf,5283,20,15177,126,7,8,5.368999965,18,9,1,1
sample_12692.pdf,1,70,10190,0,0,1,7.123366561,2,1,1,1
sample_03022.pdf,15077,541,148784,393,14,54,5.870330459,126,63,1,0
sample_00941.pdf,1948,44,181488,161,23,12,6.276126373,30,15,1,0
sample_02253.pdf,1276,21,77625,135,12,2,5.828688316,4,2,1,0
sample_18965.pdf,0,0,7899,0,0,0,0.0,0,0,0,1
sample_05687.pdf,16494,35,46058,223,30,5,6.247833094,14,7,1,0
sample_02808.pdf,2427,66,48679,265,16,15,6.346230159,32,16,1,0
sample_07277.pdf,4439,104,15403,577,58,5,5.558119173,12,6,1,0
sample_13295.pdf,1,70,9372,0,0,1,7.037691186,2,1,1,1
sample_14116.pdf,5283,20,14983,126,7,8,5.370406228,18,9,1,1
sample_14620.pdf,1,19,8194,205,44,2,5.143516183,6,3,1,1
sample_11008.pdf,0,0,41474,0,0,0,0.0,0,0,0,1
sample_15583.pdf,0,0,12058,0,0,0,0.0,0,0,0,1
sample_08200.pdf,5761,46,100714,257,48,19,6.609370797,40,20,1,0
sample_12439.pdf,73,200006,38536,290,13,1,5.911134624,2,1,1,1
sample_13547.pdf,0,0,13386,0,0,0,0.0,0,0,0,1
sample_09519.pdf,0,0,8226,0,0,0,0.0,0,0,0,1
sample_07316.pdf,13701,156,80930,236,22,10,6.801691752,22,11,1,0
sample_17589.pdf,0,0,9527,0,0,0,0.0,0,0,0,1
sample_15723.pdf,0,0,9264,0,0,0,0.0,0,0,0,1
sample_12782.pdf,0,0,9577,0,0,0,0.0,0,0,0,1
sample_14055.pdf,1,16,30000,214,44,0,4.34702195,4,2,1,1
sample_12267.pdf,0,0,9657,0,0,0,0.0,0,0,0,1
sample_04192.pdf,26700,241,47352,337,22,22,6.642394574,46,23,1,0
sample_15535.pdf,0,0,7996,0,0,0,0.0,0,0,0,1
sample_00004.pdf,30607,46,67982,278,8,11,6.317049461,26,13,1,0
sample_00529.pdf,16019,1215,137556,276,15,97,5.408341792,228,114,1,0
sample_09585.pdf,0,0,17453,0,0,0,0.0,0,0,0,1
sample_00759.pdf,6759,335,70094,360,29,48,5.532941007,118,59,1,0
sample_12775.pdf,0,0,7998,0,0,0,0.0,0,0,0,1
sample_11343.pdf,0,0,8226,0,0,0,0.0,0,0,0,1
sample_15103.pdf,5283,20,15093,126,7,8,5.369666978,18,9,1,1
sample_07640.pdf,7029,88,78542,255,35,16,6.687904101,34,17,1,0
sample_00625.pdf,37286,74,43244,87,11,20,6.797444077,40,20,1,0
sample_06575.pdf,17867,270,135156,262,35,15,6.932822652,32,16,1,0
sample_02314.pdf,2954,80,49735,267,58,12,6.589784586,26,13,1,0
sample_09537.pdf,0,0,8050,0,0,0,0.0,0,0,0,1
sample_01590.pdf,36520,687,205625,448,48,74,6.521732633,154,77,1,0
sample_02096.pdf,10327,49,26615,204,11,18,5.929935854,38,19,1,0
sample_15403.pdf,0,0,8263,0,0,0,0.0,0,0,0,1
sample_08612.pdf,1225,13,21318,188,12,3,5.238365753,8,4,1,0
sample_05357.pdf,5484,28,15199,234,27,6,6.148694153,14,7,1,0
sample_13708.pdf,0,0,17494,0,0,0,0.0,0,0,0,1
sample_17506.pdf,0,0,1504,0,0,0,0.0,0,0,0,1
sample_10267.pdf,0,0,15299,0,0,0,0.0,0,0,0,1
sample_00501.pdf,3541,385,88175,422,27,44,4.599338444,172,86,1,0
sample_15940.pdf,0,0,9488,0,0,0,0.0,0,0,0,1
sample_16663.pdf,0,0,9640,0,0,0,0.0,0,0,0,1
sample_07256.pdf,24909,1023,122979,390,18,63,5.548277672,160,80,1,0
sample_05567.pdf,1370,21,73034,173,15,6,5.625548516,16,8,1,0
sample_04961.pdf,13253,40,19836,237,28,9,6.408912615,20,10,1,0
sample_14050.pdf,0,0,15294,0,0,0,0.0,0,0,0,1
sample_13466.pdf,0,0,1975,0,0,0,0.0,0,0,0,1
sample_06513.pdf,2579,272,253352,392,26,49,5.294432866,132,66,1,0
sample_01407.pdf,65721,348,86838,302,56,43,6.800107397,88,44,1,0
sample_17040.pdf,0,0,9682,0,0,0,0.0,0,0,0,1
sample_10421.pdf,0,0,9344,0,0,0,0.0,0,0,0,1
sample_06264.pdf,11969,414,45945,498,64,15,6.447986076,32,16,1,0
sample_14639.pdf,1,16,14889,214,44,0,4.552970496,4,2,1,1
sample_06241.pdf,55834,1059,286684,187,24,56,6.697134029,114,57,1,0
sample_05505.pdf,20573,39,27922,237,28,9,6.507836383,20,10,1,0
sample_06062.pdf,1356,30,83183,173,17,15,5.457237197,34,17,1,0
sample_01776.pdf,18165,43,83591,239,29,12,6.842218943,26,13,1,0
sample_11066.pdf,5283,20,15093,126,7,8,5.369622627,18,9,1,1
sample_10504.pdf,0,0,9307,0,0,0,0.0,0,0,0,1
sample_13679.pdf,0,0,9465,0,0,0,0.0,0,0,0,1
sample_10915.pdf,0,0,8279,0,0,0,0.0,0,0,0,1
sample_11759.pdf,0,0,9539,0,0,0,0.0,0,0,0,1
sample_16840.pdf,0,0,9563,0,0,0,0.0,0,0,0,1
sample_14092.pdf,0,0,9569,0,0,0,0.0,0,0,0,1
sample_09401.pdf,0,0,9582,0,0,0,0.0,0,0,0,1
sample_15741.pdf,0,0,17422,0,0,0,0.0,0,0,0,1
sample_17693.pdf,0,0,15221,0,0,0,0.0,0,0,0,1
sample_12464.pdf,0,0,16195,0,0,0,0.0,0,0,0,1
sample_13521.pdf,0,0,9586,0,0,0,0.0,0,0,0,1
sample_13472.pdf,0,0,17674,0,0,0,0.0,0,0,0,1
sample_17877.pdf,0,0,8446,0,0,0,0.0,0,0,0,1
sample_07564.pdf,147114,138,254919,194,13,34,6.556611409,66,33,1,0
sample_12409.pdf,0,0,9225,0,0,0,0.0,0,0,0,1
sample_15244.pdf,0,0,8359,0,0,0,0.0,0,0,0,1
sample_01173.pdf,13043,18,19854,222,8,2,6.429827359,4,2,1,0
sample_17467.pdf,0,0,8200,0,0,0,0.0,0,0,0,1
sample_03735.pdf,9850,40,25237,233,28,10,6.395258829,22,11,1,0
sample_18289.pdf,0,0,12430,0,0,0,0.0,0,0,0,1
sample_10254.pdf,52470,25,14046,297,13,8,6.936631222,16,8,1,1
sample_07039.pdf,47666,108,66041,199,8,30,6.958033925,62,31,1,0
sample_10597.pdf,0,0,9797,0,0,0,0.0,0,0,0,1
sample_16901.pdf,5283,20,15093,126,7,8,5.369706268,18,9,1,1
sample_09976.pdf,0,0,1900,0,0,0,0.0,0,0,0,1
sample_11644.pdf,5283,20,15093,126,7,8,5.369613606,18,9,1,1
sample_13303.pdf,19143,22,11527,312,13,7,6.605267029,14,7,1,1
sample_02549.pdf,1348,28,91192,173,13,13,5.709012408,30,15,1,0
sample_03835.pdf,1283,21,75020,138,12,2,5.827443264,4,2,1,0
sample_08119.pdf,1574,134,201197,374,14,33,5.832079651,68,34,1,0
sample_01989.pdf,8042,31,15793,237,28,6,6.137054652,14,7,1,0
sample_07066.pdf,4928,688,235527,288,6,65,5.055878921,154,77,1,0
sample_14930.pdf,0,0,12789,0,0,0,0.0,0,0,0,1
sample_09570.pdf,0,0,9779,0,0,0,0.0,0,0,0,1
sample_13772.pdf,0,0,16058,0,0,0,0.0,0,0,0,1
sample_02247.pdf,2198,11,6855,139,9,1,7.008183097,2,1,1,0
sample_02581.pdf,408,60,73898,166,29,13,5.797718894,28,14,1,0
sample_14761.pdf,94,31,10717,163,44,4,5.448499397,8,4,1,1
sample_12732.pdf,0,0,7885,0,0,0,0.0,0,0,0,1
sample_09526.pdf,0,0,8111,0,0,0,0.0,0,0,0,1
sample_03435.pdf,4228,773,76283,305,14,49,6.225465889,96,48,1,0
sample_07714.pdf,1371,49,110633,173,12,34,5.859677699,72,36,1,0
sample_10855.pdf,5283,20,14963,126,7,8,5.370329918,18,9,1,1
sample_02219.pdf,1349,12,37079,199,19,3,5.832158632,8,4,1,0
sample_16961.pdf,0,0,2739,0,0,0,0.0,0,0,0,1
sample_02684.pdf,1881,113,214266,393,11,35,5.794011989,72,36,1,0
sample_03249.pdf,33940,889,79495,260,14,43,5.017605029,112,56,1,0
sample_12507.pdf,5283,20,15091,126,7,8,5.369607255,18,9,1,1
sample_10904.pdf,0,0,9573,0,0,0,0.0,0,0,0,1
sample_19172.pdf,0,0,8294,0,0,0,0.0,0,0,0,1
sample_16572.pdf,0,0,9632,0,0,0,0.0,0,0,0,1
sample_18593.pdf,0,0,15155,0,0,0,0.0,0,0,0,1
sample_12185.pdf,1,996,7554,211,39,10,4.68563511,22,11,1,1
sample_17590.pdf,0,0,16919,0,0,0,0.0,0,0,0,1
sample_06278.pdf,14486,1017,107786,326,36,58,5.613732528,144,72,1,0
sample_19077.pdf,0,0,36196,0,0,0,0.0,0,0,0,1
sample_18219.pdf,0,0,12510,0,0,0,0.0,0,0,0,1
sample_08419.pdf,35693,372,132216,293,33,23,6.753490996,48,24,1,0
sample_08201.pdf,19122,62,39303,204,11,25,5.992577946,52,26,1,0
sample_16453.pdf,0,0,9717,0,0,0,0.0,0,0,0,1
sample_11792.pdf,2110,10,9230,231,19,1,6.792911825,2,1,1,1
sample_18119.pdf,0,0,8190,0,0,0,0.0,0,0,0,1
sample_02663.pdf,11533,1646,88636,351,58,24,6.618322988,50,25,1,0
sample_16895.pdf,0,0,15975,0,0,0,0.0,0,0,0,1
sample_11749.pdf,0,0,15651,0,0,0,0.0,0,0,0,1
sample_12955.pdf,0,0,16432,0,0,0,0.0,0,0,0,1
sample_00587.pdf,1599,129,131999,378,17,28,5.726208818,60,30,1,0
sample_16612.pdf,0,0,17198,0,0,0,0.0,0,0,0,1
sample_16145.pdf,0,0,16720,0,0,0,0.0,0,0,0,1
sample_06612.pdf,897,64,38246,305,8,20,5.86615489,42,21,1,0
sample_14554.pdf,0,0,7026,0,0,0,0.0,0,0,0,1
sample_16477.pdf,0,0,2617,0,0,0,0.0,0,0,0,1
sample_01256.pdf,1222,21,82131,135,11,2,5.864461029,4,2,1,0
sample_12387.pdf,0,0,9506,0,0,0,0.0,0,0,0,1
sample_09774.pdf,0,0,1897,0,0,0,0.0,0,0,0,1
sample_10527.pdf,0,0,8223,0,0,0,0.0,0,0,0,1
sample_03358.pdf,3032,566,67812,306,26,44,4.964278981,194,97,1,0
sample_14867.pdf,0,0,8262,0,0,0,0.0,0,0,0,1
sample_11863.pdf,0,0,9800,0,0,0,0.0,0,0,0,1
sample_01704.pdf,8587,347,77401,317,16,48,5.769138618,106,53,1,0
sample_06449.pdf,9390,32,18356,234,29,8,6.35593572,18,9,1,0
sample_19295.pdf,0,0,4147,0,0,0,0.0,0,0,0,1
sample_05582.pdf,935,72,43092,291,24,10,4.653138929,22,11,1,0
sample_15738.pdf,0,0,9309,0,0,0,0.0,0,0,0,1
sample_08213.pdf,1149,21,86729,135,14,2,5.877970686,4,2,1,0
sample_07702.pdf,11934,477,85346,299,14,52,5.927266716,110,55,1,0
sample_06104.pdf,6051,34,70490,239,29,9,6.768309699,20,10,1,0
sample_12183.pdf,0,0,12102,0,0,0,0.0,0,0,0,1
sample_03273.pdf,13820,595,124745,539,73,32,6.602736089,66,33,1,0
sample_06189.pdf,2024,238,144695,185,16,30,6.452361498,66,33,1,0
sample_12225.pdf,0,0,8261,0,0,0,0.0,0,0,0,1
sample_09502.pdf,0,0,12404,0,0,0,0.0,0,0,0,1
sample_11605.pdf,5283,20,15095,126,7,8,5.369706827,18,9,1,1
sample_06459.pdf,57778,98,51906,614,72,26,6.911309398,52,26,1,0
sample_10263.pdf,0,0,2048000,0,0,0,0.0,0,0,0,1
sample_06417.pdf,46017,228,191313,254,21,33,6.660229175,68,34,1,0
sample_16629.pdf,0,0,8236,0,0,0,0.0,0,0,0,1
sample_08913.pdf,3340,61,51546,243,20,7,6.685937511,16,8,1,0
sample_02343.pdf,14268,58,45529,323,48,22,6.589135798,46,23,1,0
sample_00637.pdf,1270,21,75676,135,15,2,5.817171028,4,2,1,0
sample_07330.pdf,6737,94,275147,336,30,21,5.191716254,68,34,1,0
sample_12940.pdf,1,10,5845,156,37,2,5.434371253,6,3,1,1
sample_10073.pdf,0,0,8089,0,0,0,0.0,0,0,0,1
sample_11656.pdf,0,0,9646,0,0,0,0.0,0,0,0,1
sample_06460.pdf,60956,272,237729,301,39,33,6.756392358,70,35,1,0
sample_14700.pdf,0,0,16427,0,0,0,0.0,0,0,0,1
sample_03686.pdf,11132,45,26292,233,28,11,6.396491838,24,12,1,0
sample_07472.pdf,3275,90,29676,732,104,6,5.670647646,18,9,1,0
sample_04141.pdf,6053,113,113644,246,48,20,6.532619416,42,21,1,0
sample_01823.pdf,1298,21,77422,135,12,2,5.863119721,4,2,1,0
sample_09821.pdf,0,0,9307,0,0,0,0.0,0,0,0,1
sample_04170.pdf,6231,438,258092,338,29,38,6.474211289,84,42,1,0
sample_13934.pdf,0,0,154538,0,0,0,0.0,0,0,0,1
sample_02524.pdf,1201,21,66745,135,12,2,5.833125813,4,2,1,0
sample_07205.pdf,8334,34,14916,234,29,7,6.172506804,16,8,1,0
sample_06532.pdf,51098,77,53343,237,29,21,6.822593287,44,22,1,0
sample_11411.pdf,0,0,12524,0,0,0,0.0,0,0,0,1
sample_03347.pdf,10732,113,26691,281,35,12,6.246053616,26,13,1,0
sample_01346.pdf,55873,115,92510,385,13,42,6.370426059,88,44,1,0
sample_02634.pdf,23068,144,136458,322,32,27,6.618975925,56,28,1,0
sample_08900.pdf,27496,68,43230,199,8,18,6.962054689,36,18,1,0
sample_02479.pdf,6949,21,33610,218,8,4,7.135954644,8,4,1,0
sample_17710.pdf,5283,20,15021,126,7,8,5.369883121,18,9,1,1
sample_16346.pdf,0,0,9630,0,0,0,0.0,0,0,0,1
sample_13554.pdf,0,0,8082,0,0,0,0.0,0,0,0,1
sample_11237.pdf,0,0,37841,0,0,0,0.0,0,0,0,1
sample_09799.pdf,0,0,8319,0,0,0,0.0,0,0,0,1
sample_00145.pdf,18097,40,19733,87,11,9,6.668969541,18,9,1,0
sample_17450.pdf,1,32,87288,306,42,10,5.307608024,24,12,1,1
sample_07338.pdf,7490,369,80085,319,27,66,5.367219733,158,79,1,0
sample_04602.pdf,6291,112,39684,301,18,30,6.127997728,62,31,1,0
sample_16290.pdf,0,0,8332,0,0,0,0.0,0,0,0,1
sample_06070.pdf,5699,136,75579,220,5,8,6.706326561,18,9,1,0
sample_02916.pdf,10663,326,126145,302,14,45,6.108345,92,46,1,0
sample_10134.pdf,0,0,8108,0,0,0,0.0,0,0,0,1
sample_10217.pdf,0,0,9374,0,0,0,0.0,0,0,0,1
sample_05698.pdf,66621,22,125223,263,8,5,7.176161413,10,5,1,0
sample_10098.pdf,0,0,5849,0,0,0,0.0,0,0,0,1
sample_12192.pdf,0,0,10017,0,0,0,0.0,0,0,0,1
sample_17133.pdf,0,0,9588,0,0,0,0.0,0,0,0,1
sample_13873.pdf,5283,20,14961,126,7,8,5.370406728,18,9,1,1
sample_15726.pdf,1,10,5983,156,37,2,5.678095963,6,3,1,1
sample_04218.pdf,1222,21,84229,135,12,2,5.8871,4,2,1,0
sample_05049.pdf,46025,105,60915,235,28,30,6.743407942,62,31,1,0
sample_09318.pdf,5283,20,15093,126,7,8,5.36958926,18,9,1,1
sample_14611.pdf,0,0,37870,0,0,0,0.0,0,0,0,1
sample_15411.pdf,0,0,8253,0,0,0,0.0,0,0,0,1
sample_15664.pdf,1,79,6004,210,37,8,4.267754192,18,9,1,1
sample_05418.pdf,24968,65,31956,238,29,16,6.591261917,34,17,1,0
sample_14831.pdf,1,49,16556,76,4,5,3.882366333,12,6,1,1
sample_08114.pdf,12329,306,54047,414,43,26,6.031075788,58,29,1,0
sample_13955.pdf,5283,20,15047,126,7,8,5.369878391,18,9,1,1
sample_16816.pdf,1,16,6572,214,44,2,7.062145807,4,2,1,1
sample_03368.pdf,104302,40,126852,270,8,13,6.796856398,26,13,1,0
sample_01234.pdf,9198,35,19773,235,28,7,6.279804266,16,8,1,0
sample_06798.pdf,18862,63,131889,140,19,18,6.701547825,38,19,1,0
sample_13239.pdf,0,0,17927,0,0,0,0.0,0,0,0,1
sample_02585.pdf,238075,191,275604,126,12,56,6.96720281,112,56,1,0
sample_05009.pdf,32561,85,51388,289,13,41,5.758995306,86,43,1,0
sample_15484.pdf,0,0,8291,0,0,0,0.0,0,0,0,1
sample_08989.pdf,1186,12,28621,198,9,3,5.372815435,6,3,1,0
sample_06004.pdf,36265,95,92426,235,28,29,6.749673525,60,30,1,0
sample_02882.pdf,25123,3764,291614,381,15,184,4.621362662,754,377,1,0
sample_03902.pdf,47861,58,38853,229,8,16,6.786438873,32,16,1,0
sample_12947.pdf,0,0,8382,0,0,0,0.0,0,0,0,1
sample_09317.pdf,1,15,3494,208,44,1,5.269972396,4,2,1,1
sample_02527.pdf,15551,132,29407,379,8,13,6.357385662,28,14,1,0
sample_01415.pdf,4326,80,13991,254,8,5,5.443565836,12,6,1,0
sample_02804.pdf,4810,22,44799,238,28,5,6.438113663,12,6,1,0
sample_13441.pdf,0,0,154521,0,0,0,0.0,0,0,0,1
sample_13364.pdf,0,0,8247,0,0,0,0.0,0,0,0,1
sample_16873.pdf,0,0,8194,0,0,0,0.0,0,0,0,1
sample_15259.pdf,0,0,1974,0,0,0,0.0,0,0,0,1
sample_08306.pdf,19373,747,67986,482,54,29,6.591630658,60,30,1,0
sample_11841.pdf,0,0,77472,0,0,0,0.0,0,0,0,1
sample_11791.pdf,2162,10,17583,228,18,1,6.902357099,2,1,1,1
sample_17283.pdf,5283,20,15093,126,7,8,5.369640606,18,9,1,1
sample_16057.pdf,0,0,8025,0,0,0,0.0,0,0,0,1
sample_10046.pdf,0,0,9368,0,0,0,0.0,0,0,0,1
sample_09005.pdf,2504,163,144629,341,40,26,6.780550064,54,27,1,0
sample_15688.pdf,0,0,8328,0,0,0,0.0,0,0,0,1
sample_12370.pdf,0,0,8292,0,0,0,0.0,0,0,0,1
sample_15115.pdf,0,0,13585,0,0,0,0.0,0,0,0,1
sample_18620.pdf,0,0,9476,0,0,0,0.0,0,0,0,1
sample_02763.pdf,4645,56,49706,325,31,20,6.492695169,44,22,1,0
sample_16411.pdf,13350,17,8228,159,80,4,6.977916147,8,4,1,1
sample_05497.pdf,1288,28,80186,173,11,13,5.915715899,30,15,1,0
sample_10556.pdf,0,0,17628,0,0,0,0.0,0,0,0,1
sample_07808.pdf,1304,32,79905,173,12,17,5.431060926,38,19,1,0
sample_01621.pdf,1076,22,20639,426,38,3,7.1228091,6,3,1,0
sample_02940.pdf,16530,259,197436,467,24,86,4.274806538,294,147,1,0
sample_17973.pdf,5283,20,15017,126,7,8,5.370043245,18,9,1,1
sample_10928.pdf,0,0,10002,0,0,0,0.0,0,0,0,1
sample_05181.pdf,13475,45,24130,235,28,11,6.507177391,24,12,1,0
sample_12004.pdf,0,0,5147,0,0,0,0.0,0,0,0,1
sample_16755.pdf,0,0,8299,0,0,0,0.0,0,0,0,1
sample_12860.pdf,0,0,9311,0,0,0,0.0,0,0,0,1
sample_03132.pdf,173161,373,388783,289,34,54,6.934558589,110,55,1,0
sample_12580.pdf,0,0,36273,0,0,0,0.0,0,0,0,1
sample_16498.pdf,0,0,9745,0,0,0,0.0,0,0,0,1
sample_01624.pdf,13267,44,24039,236,29,12,6.460609629,26,13,1,0
sample_08536.pdf,11501,152,274978,366,29,39,5.486910806,98,49,1,0
sample_12011.pdf,5283,20,15093,126,7,8,5.369588889,18,9,1,1
sample_10152.pdf,0,0,16593,0,0,0,0.0,0,0,0,1
sample_02376.pdf,19712,38,25911,234,29,9,6.4265106,20,10,1,0
sample_00811.pdf,24894,203,103185,248,56,21,6.91037887,44,22,1,0
sample_04133.pdf,7879,31,11718,87,11,7,6.408537279,14,7,1,0
sample_13388.pdf,0,0,8383,0,0,0,0.0,0,0,0,1
sample_07868.pdf,404,59,16690,420,29,11,5.132183182,26,13,1,0
sample_04528.pdf,4071,87,55228,278,68,13,6.599899766,28,14,1,0
sample_14830.pdf,0,0,9676,0,0,0,0.0,0,0,0,1
sample_09006.pdf,108552,134,104208,233,28,38,6.933238253,78,39,1,0
sample_10234.pdf,0,0,9559,0,0,0,0.0,0,0,0,1
sample_12769.pdf,0,0,2733,0,0,0,0.0,0,0,0,1
sample_18532.pdf,0,0,9686,0,0,0,0.0,0,0,0,1
sample_13743.pdf,0,0,9076,0,0,0,0.0,0,0,0,1
sample_17726.pdf,0,0,8280,0,0,0,0.0,0,0,0,1
sample_04476.pdf,1545,19,11325,209,2,3,5.45314242,8,4,1,0
sample_18833.pdf,0,0,2022,0,0,0,0.0,0,0,0,1
sample_03064.pdf,3287,430,75196,323,72,39,4.740904231,98,49,1,0
sample_01273.pdf,132517,141,150584,272,18,43,6.827118336,86,43,1,0
sample_04086.pdf,19306,52,26925,238,31,14,6.560622595,30,15,1,0
sample_07173.pdf,31950,681,282189,470,30,62,6.575154896,126,63,1,0
sample_14780.pdf,1779,11,103194,83,68,3,4.887171359,8,4,1,1
sample_03663.pdf,907,22,13782,426,38,3,6.952782032,6,3,1,0
sample_14314.pdf,0,0,9501,0,0,0,0.0,0,0,0,1
sample_06638.pdf,7224,1133,116107,359,14,61,5.627533789,152,76,1,0
sample_08252.pdf,14086,3141,180959,350,27,82,6.128632737,186,93,1,0
sample_15930.pdf,0,0,15879,0,0,0,0.0,0,0,0,1
sample_15904.pdf,0,0,8253,0,0,0,0.0,0,0,0,1
sample_06342.pdf,1172,21,79165,135,10,2,5.846036193,4,2,1,0
sample_11027.pdf,0,0,9532,0,0,0,0.0,0,0,0,1
sample_15612.pdf,5283,20,15089,126,7,8,5.369628112,18,9,1,1
sample_16658.pdf,0,0,9685,0,0,0,0.0,0,0,0,1
sample_08554.pdf,6957,327,70974,380,31,50,5.775370773,110,55,1,0
sample_08357.pdf,1157,21,77782,135,12,2,5.826207433,4,2,1,0
sample_05901.pdf,419,62,64217,310,24,8,5.812870626,18,9,1,0
sample_13106.pdf,1,10,16569,184,7,1,1.0,2,1,1,1
sample_12112.pdf,0,0,2005,0,0,0,0.0,0,0,0,1
sample_05647.pdf,13680,921,104076,435,14,53,6.143855371,110,55,1,0
sample_05012.pdf,2767,307,256512,454,26,39,4.668903957,186,93,1,0
sample_04506.pdf,1151,12,31450,198,12,3,5.246255512,6,3,1,0
sample_00735.pdf,1305,21,76228,138,12,2,5.837786919,4,2,1,0
sample_14717.pdf,828,10,7654,137,8,1,6.791384588,2,1,1,1
sample_19199.pdf,0,0,1382,0,0,0,0.0,0,0,0,1
sample_11672.pdf,0,0,17245,0,0,0,0.0,0,0,0,1
sample_16603.pdf,0,0,3953,0,0,0,0.0,0,0,0,1
sample_08890.pdf,1339,29,84259,173,14,14,5.522077022,32,16,1,0
sample_06978.pdf,1159,12,31519,160,10,3,4.918769886,6,3,1,0
sample_13348.pdf,0,0,9440,0,0,0,0.0,0,0,0,1
sample_08848.pdf,4447,29,21943,320,65,6,6.17101826,14,7,1,0
sample_07348.pdf,1033,12,22209,198,10,3,5.34665383,6,3,1,0
sample_03910.pdf,3590,172,43748,326,24,18,5.740175417,42,21,1,0
sample_07199.pdf,1606,135,228112,391,8,30,5.895551582,62,31,1,0
sample_10541.pdf,0,0,8184,0,0,0,0.0,0,0,0,1
sample_00548.pdf,28392,610,52998,246,11,20,6.600253339,42,21,1,0
sample_01358.pdf,3144,25,37293,239,29,6,6.481315869,14,7,1,0
sample_04077.pdf,1172,12,15910,160,11,3,5.146100738,6,3,1,0
sample_17828.pdf,0,0,9709,0,0,0,0.0,0,0,0,1
sample_01761.pdf,4135,114,123560,272,59,66,4.806107197,154,77,1,0
sample_11057.pdf,0,0,9497,0,0,0,0.0,0,0,0,1
sample_01050.pdf,38066,1319,242125,254,24,90,5.927679347,220,110,1,0
sample_12318.pdf,0,0,15599,0,0,0,0.0,0,0,0,1
sample_05324.pdf,15626,48,22838,126,12,13,6.677396843,26,13,1,0
sample_18385.pdf,5283,20,15021,126,7,8,5.369882412,18,9,1,1
sample_14908.pdf,0,0,16377,0,0,0,0.0,0,0,0,1
sample_18773.pdf,28,10,18208,181,9,0,4.791168877,2,1,1,1
sample_15810.pdf,0,0,9565,0,0,0,0.0,0,0,0,1
sample_01028.pdf,1394,21,94075,135,11,2,5.891336807,4,2,1,0
sample_04025.pdf,14057,1041,181553,324,17,42,5.281131616,134,67,1,0
sample_15883.pdf,0,0,7950,0,0,0,0.0,0,0,0,1
sample_13458.pdf,0,0,8122,0,0,0,0.0,0,0,0,1
sample_06456.pdf,12121,283,77374,408,24,36,5.14192816,122,61,1,0
sample_09303.pdf,0,0,9574,0,0,0,0.0,0,0,0,1
sample_03752.pdf,1269,21,77739,138,12,2,5.846866414,4,2,1,0
sample_06877.pdf,9412,3811,158671,343,41,81,5.903190417,192,96,1,0
sample_01906.pdf,7875,133,44927,295,16,28,6.392835811,58,29,1,0
sample_01916.pdf,13382,105,168173,267,102,49,6.746374225,98,49,1,0
sample_10406.pdf,0,0,9431,0,0,0,0.0,0,0,0,1
sample_07153.pdf,2145,12,2784,92,36,3,6.174219003,6,3,1,0
sample_00681.pdf,11383,409,81367,348,16,50,5.601903717,118,59,1,0
sample_12008.pdf,0,0,15467,0,0,0,0.0,0,0,0,1
sample_00419.pdf,12743,45,17500,87,12,11,6.653537681,22,11,1,0
sample_14278.pdf,0,0,9079,0,0,0,0.0,0,0,0,1
sample_01486.pdf,41110,195,169470,311,21,29,6.688794194,60,30,1,0
sample_18949.pdf,0,0,9658,0,0,0,0.0,0,0,0,1
sample_17905.pdf,1,16,14842,214,44,0,4.650639726,4,2,1,1
sample_17485.pdf,0,0,8120,0,0,0,0.0,0,0,0,1
sample_11265.pdf,0,0,15368,0,0,0,0.0,0,0,0,1
sample_02272.pdf,13700,93,144622,194,13,20,5.997234189,38,19,1,0
sample_10094.pdf,0,0,8033,0,0,0,0.0,0,0,0,1
sample_16780.pdf,1,16,21784,214,44,0,3.334787707,4,2,1,1
sample_17758.pdf,0,0,8232,0,0,0,0.0,0,0,0,1
sample_10837.pdf,0,0,7841,0,0,0,0.0,0,0,0,1
sample_01622.pdf,3821,28,11231,238,29,5,5.96857657,12,6,1,0
sample_06644.pdf,33593,379,82426,262,16,33,5.660721915,72,36,1,0
sample_10287.pdf,0,0,17616,0,0,0,0.0,0,0,0,1
sample_01114.pdf,7709,54,29361,187,11,13,6.880776137,26,13,1,0
sample_16842.pdf,0,0,8075,0,0,0,0.0,0,0,0,1
sample_12396.pdf,0,0,15607,0,0,0,0.0,0,0,0,1
sample_09499.pdf,1,28,4643,185,37,5,4.362808401,12,6,1,1
sample_11924.pdf,1,16,14731,214,44,0,4.644433771,4,2,1,1
sample_17803.pdf,0,0,6611,0,0,0,0.0,0,0,0,1
sample_11519.pdf,0,0,9460,0,0,0,0.0,0,0,0,1
sample_00472.pdf,1301,62,80479,201,1,7,6.649987004,14,7,1,0
sample_02856.pdf,1273,21,73966,135,12,2,5.818517889,4,2,1,0
sample_14836.pdf,0,0,8251,0,0,0,0.0,0,0,0,1
sample_11647.pdf,0,0,8157,0,0,0,0.0,0,0,0,1
sample_03810.pdf,350236,226,375208,129,21,62,7.06585064,124,62,1,0
sample_17627.pdf,0,0,15503,0,0,0,0.0,0,0,0,1
sample_06466.pdf,18034,4548,259915,351,14,122,5.879450627,288,144,1,0
sample_02487.pdf,3585,60,352979,299,30,29,6.287509381,72,36,1,0
sample_06562.pdf,8507,337,73868,318,17,52,5.846512439,110,55,1,0
sample_09878.pdf,0,0,2007,0,0,0,0.0,0,0,0,1
sample_16112.pdf,0,0,15679,0,0,0,0.0,0,0,0,1
sample_05631.pdf,20112,3295,295305,301,14,127,4.970475285,440,220,1,0
sample_09979.pdf,1,10,6011,156,37,2,5.739552848,6,3,1,1
sample_00638.pdf,1558,126,196031,359,12,33,5.81933163,68,34,1,0
sample_11020.pdf,5283,20,15093,126,7,8,5.36962958,18,9,1,1
sample_04820.pdf,9273,80,58884,333,30,22,5.183212594,62,31,1,0
sample_16719.pdf,0,0,9885,0,0,0,0.0,0,0,0,1
sample_02411.pdf,166575,313,346839,341,31,149,6.263455514,302,151,1,0
sample_05909.pdf,8797,37,14187,238,29,8,6.228062587,18,9,1,0
sample_12286.pdf,0,0,12174,0,0,0,0.0,0,0,0,1
sample_12050.pdf,1930,10,9384,233,16,1,6.816970107,2,1,1,1
sample_01200.pdf,3383,545,108512,392,23,43,5.55788145,122,61,1,0
sample_12242.pdf,19,10,77460,195,7,1,5.095660549,2,1,1,1
sample_03876.pdf,12042,148,27177,477,174,9,6.045019596,20,10,1,0
sample_00326.pdf,233152,167,305952,95,12,47,7.034163693,94,47,1,0
sample_16231.pdf,0,0,9580,0,0,0,0.0,0,0,0,1
sample_10653.pdf,866,96,79082,214,44,52,6.134208779,104,52,1,1
sample_13956.pdf,0,0,15461,0,0,0,0.0,0,0,0,1
sample_10160.pdf,5283,20,15021,126,7,8,5.369786566,18,9,1,1
sample_02779.pdf,86167,1015,271848,233,8,68,6.910983958,138,69,1,0
sample_14312.pdf,0,0,15725,0,0,0,0.0,0,0,0,1
sample_13731.pdf,0,0,15331,0,0,0,0.0,0,0,0,1
sample_17408.pdf,5038,20,12995,126,7,9,5.519233595,18,9,1,1
sample_04082.pdf,16604,63,42460,271,13,26,5.848097762,56,28,1,0
sample_14598.pdf,0,0,12006,0,0,0,0.0,0,0,0,1
sample_01484.pdf,75714,464,110339,254,8,54,6.847163471,110,55,1,0
sample_11619.pdf,1,10,5897,156,37,2,5.679736666,6,3,1,1
sample_14748.pdf,5283,20,15091,126,7,8,5.369719903,18,9,1,1
sample_03500.pdf,1204,21,76357,135,12,2,5.820986479,4,2,1,0
sample_01042.pdf,14,31,253098,382,12,12,5.653300559,26,13,1,0
sample_12772.pdf,0,0,16254,0,0,0,0.0,0,0,0,1
sample_15835.pdf,21,10,78062,188,14,1,5.267210952,2,1,1,1
sample_12539.pdf,0,0,16534,0,0,0,0.0,0,0,0,1
sample_11486.pdf,0,0,15907,0,0,0,0.0,0,0,0,1
sample_02883.pdf,6103,451,265369,424,23,81,4.489687808,204,102,1,0
sample_03271.pdf,11092,33,15957,237,28,8,6.298683158,18,9,1,0
sample_00462.pdf,12223,21,21150,222,8,2,6.432581872,4,2,1,0
sample_00171.pdf,50277,154,1175040,274,17,38,5.286403221,126,63,1,0
sample_09322.pdf,0,0,2419,0,0,0,0.0,0,0,0,1
sample_11375.pdf,0,0,17109,0,0,0,0.0,0,0,0,1
sample_11418.pdf,5283,20,15093,126,7,8,5.369659175,18,9,1,1
sample_10868.pdf,0,0,9150,0,0,0,0.0,0,0,0,1
sample_08953.pdf,4464,30,23073,320,65,7,6.278143506,16,8,1,0
sample_12139.pdf,0,0,77548,0,0,0,0.0,0,0,0,1
sample_01733.pdf,20286,39,15498,239,29,10,6.519955685,22,11,1,0
sample_02743.pdf,1142,12,23880,198,9,3,5.358477561,6,3,1,0
sample_15891.pdf,0,0,8692,0,0,0,0.0,0,0,0,1
sample_09383.pdf,1,16,7526,203,44,2,5.353876232,4,2,1,1
sample_01922.pdf,1552,122,187590,374,16,19,5.902781563,40,20,1,0
sample_16049.pdf,0,0,16006,0,0,0,0.0,0,0,0,1
sample_05073.pdf,11011,42,50666,312,58,7,6.399518837,16,8,1,0
sample_12170.pdf,0,0,8202,0,0,0,0.0,0,0,0,1
sample_01819.pdf,36857,1329,149188,404,19,75,5.422674004,204,102,1,0
sample_18252.pdf,5283,20,15001,126,7,8,5.370333589,18,9,1,1
sample_11291.pdf,0,0,15988,0,0,0,0.0,0,0,0,1
sample_05747.pdf,35167,60,83270,238,28,17,6.886476057,36,18,1,0
sample_00679.pdf,3654,72,50325,271,56,6,6.567222832,14,7,1,0
sample_09217.pdf,1841,138,150333,431,15,27,5.938196792,56,28,1,0
sample_18251.pdf,0,0,8057,0,0,0,0.0,0,0,0,1
sample_00723.pdf,1404,30,89230,173,13,15,6.138947996,34,17,1,0
sample_09810.pdf,0,0,9827,0,0,0,0.0,0,0,0,1
sample_08571.pdf,9004,31,59426,239,29,8,6.727484677,18,9,1,0
sample_16971.pdf,5283,20,15093,126,7,8,5.369675804,18,9,1,1
sample_09043.pdf,2934,154,180137,328,35,60,6.230341295,126,63,1,0
sample_08216.pdf,15598,577,58032,323,32,18,6.554802081,38,19,1,0
sample_13724.pdf,0,0,7857,0,0,0,0.0,0,0,0,1
sample_08437.pdf,1075,143,232550,365,11,36,5.800461714,74,37,1,0
sample_19114.pdf,0,0,9698,0,0,0,0.0,0,0,0,1
sample_01079.pdf,9587,723,226744,294,6,80,4.857591728,188,94,1,0
sample_17705.pdf,0,0,16871,0,0,0,0.0,0,0,0,1
sample_11817.pdf,0,0,16319,0,0,0,0.0,0,0,0,1
sample_08992.pdf,13374,136,74653,228,6,12,6.8165672,26,13,1,0
sample_16023.pdf,0,0,15920,0,0,0,0.0,0,0,0,1
sample_09633.pdf,0,0,17488,0,0,0,0.0,0,0,0,1
sample_15570.pdf,5540,20,12956,126,7,9,5.548648232,18,9,1,1
sample_06758.pdf,17184,35,23595,236,29,8,6.368102347,18,9,1,0
sample_14974.pdf,1,16,4053,204,44,1,4.952725259,4,2,1,1
sample_17399.pdf,1,9,95065,0,0,0,3.924449925,4,2,1,1
sample_00133.pdf,26047,75,110840,238,28,22,6.906748166,46,23,1,0
sample_04948.pdf,1511,12,29798,198,12,3,5.314813031,6,3,1,0
sample_06901.pdf,1466,12,31535,198,12,3,5.256256376,6,3,1,0
sample_08484.pdf,26650,293,86359,371,56,26,6.668086351,54,27,1,0
sample_01814.pdf,10715,252,103003,229,19,13,6.87213688,28,14,1,0
sample_16312.pdf,1,15,3617,208,44,1,5.259511412,4,2,1,1
sample_01455.pdf,4268,273,78299,279,13,21,5.91771151,48,24,1,0
sample_13894.pdf,1,15,3692,208,44,1,5.252318775,4,2,1,1
sample_01393.pdf,1376,21,80990,135,12,2,5.869523862,4,2,1,0
sample_00545.pdf,71870,291,230023,290,25,38,6.759758659,78,39,1,0
sample_02595.pdf,4800,35,10913,245,24,10,6.501783803,20,10,1,0
sample_01667.pdf,1382,24,74923,173,13,9,5.930771395,22,11,1,0
sample_01871.pdf,4968,76,18982,377,7,8,5.950578707,18,9,1,0
sample_11492.pdf,0,0,9606,0,0,0,0.0,0,0,0,1
sample_10729.pdf,0,0,8134,0,0,0,0.0,0,0,0,1
sample_11511.pdf,0,0,8394,0,0,0,0.0,0,0,0,1
sample_13893.pdf,0,0,16965,0,0,0,0.0,0,0,0,1
sample_12671.pdf,0,0,1967,0,0,0,0.0,0,0,0,1
sample_18071.pdf,0,0,8150,0,0,0,0.0,0,0,0,1
sample_08152.pdf,1671,60,10676,440,6,4,5.202113394,10,5,1,0
sample_00177.pdf,56093,907,316667,292,30,73,6.336949033,150,75,1,0
sample_04681.pdf,3734,118,326251,338,20,47,6.247889846,102,51,1,0
sample_03983.pdf,28261,62,34396,237,28,17,6.674217238,36,18,1,0
sample_08877.pdf,1624,30,84685,173,13,15,5.681593449,34,17,1,0
sample_07786.pdf,16826,1344,90306,292,16,77,5.355168247,194,97,1,0
sample_11178.pdf,828,10,7618,137,8,1,6.791384588,2,1,1,1
sample_08369.pdf,16577,213,402684,355,96,71,6.349649657,150,75,1,0
sample_15313.pdf,0,0,8410,0,0,0,0.0,0,0,0,1
sample_13686.pdf,5283,20,14981,126,7,8,5.370358618,18,9,1,1
sample_02911.pdf,1495,21,83293,145,12,2,5.865613714,4,2,1,0
sample_01189.pdf,7475,318,794569,452,160,81,6.242456971,168,84,1,0
sample_13344.pdf,0,0,8317,0,0,0,0.0,0,0,0,1
sample_18005.pdf,5283,20,14981,126,7,8,5.370349178,18,9,1,1
sample_08350.pdf,1690,25,83839,173,12,10,5.959017214,24,12,1,0
sample_06815.pdf,3102,51,11329,302,56,5,5.394355869,12,6,1,0
sample_14264.pdf,0,0,232191,0,0,0,0.0,0,0,0,1
sample_02241.pdf,32696,84,51159,161,12,23,6.952788662,46,23,1,0
sample_17761.pdf,0,0,15481,0,0,0,0.0,0,0,0,1
sample_12079.pdf,1,9,306137,0,0,0,3.971298216,4,2,1,1
sample_17310.pdf,14,36,75773,214,44,18,6.643575326,36,18,1,1
sample_17567.pdf,0,0,8389,0,0,0,0.0,0,0,0,1
sample_05808.pdf,10888,534,146891,398,14,57,6.163217882,112,56,1,0
sample_06316.pdf,1392,39,87266,173,9,24,5.679884829,52,26,1,0
sample_18175.pdf,40,41,57348,214,44,25,6.488883503,50,25,1,1
sample_00711.pdf,0,0,3401,0,0,0,0.0,0,0,0,0
sample_07055.pdf,1842,31,14707,236,91,2,5.25622132,8,4,1,0
sample_05332.pdf,3288,56,11825,302,56,5,5.428030127,12,6,1,0
sample_13220.pdf,5283,20,14959,126,7,8,5.370367704,18,9,1,1
sample_04274.pdf,47538,1185,252491,284,30,27,6.786474443,56,28,1,0
sample_06506.pdf,7003,157,73747,270,56,14,6.659145007,30,15,1,0
sample_15895.pdf,5283,20,14983,126,7,8,5.370455821,18,9,1,1
sample_10385.pdf,0,0,9621,0,0,0,0.0,0,0,0,1
sample_15921.pdf,1,16,4150,205,44,1,4.955010371,4,2,1,1
sample_02596.pdf,1448,21,84348,135,12,2,5.873753773,4,2,1,0
sample_17756.pdf,0,0,8084,0,0,0,0.0,0,0,0,1
sample_13776.pdf,5283,20,15091,126,7,8,5.369660521,18,9,1,1
sample_02374.pdf,1504,113,110576,352,7,17,6.134025842,36,18,1,0
sample_03544.pdf,6342,2249,146244,346,29,103,4.997498903,378,189,1,0
sample_17853.pdf,0,0,8092,0,0,0,0.0,0,0,0,1
sample_10157.pdf,0,0,8052,0,0,0,0.0,0,0,0,1
sample_15900.pdf,5283,20,15093,126,7,8,5.369627017,18,9,1,1
sample_07886.pdf,1198,36,93954,173,17,21,5.661231576,46,23,1,0
sample_00188.pdf,1716,19,131119,84,11,7,4.923777253,22,11,1,0
sample_18167.pdf,5256,20,12898,126,7,9,5.532634387,18,9,1,1
sample_07161.pdf,12748,117,29547,410,41,9,5.48762833,22,11,1,0
sample_18383.pdf,0,0,9239,0,0,0,0.0,0,0,0,1
sample_01894.pdf,14755,464,85057,448,31,55,5.176578783,160,80,1,0
sample_03294.pdf,9098,44,142566,172,11,9,6.509154953,20,10,1,0
sample_10637.pdf,5283,20,14951,126,7,8,5.370325941,18,9,1,1
sample_00182.pdf,19537,164,66916,198,6,10,6.763841876,22,11,1,0
sample_01093.pdf,30632,1466,198577,498,33,125,4.559281802,504,252,1,0
sample_19055.pdf,100,13,12507,0,0,4,5.903863775,8,4,1,1
sample_07123.pdf,2615,39,68871,173,12,22,5.967151864,50,25,1,0
sample_15263.pdf,0,0,9588,0,0,0,0.0,0,0,0,1
sample_15817.pdf,0,0,17816,0,0,0,0.0,0,0,0,1
sample_14940.pdf,0,0,9597,0,0,0,0.0,0,0,0,1
sample_16211.pdf,0,0,16514,0,0,0,0.0,0,0,0,1
sample_13773.pdf,1,9,306227,0,0,0,3.997436662,4,2,1,1
sample_18354.pdf,0,0,9714,0,0,0,0.0,0,0,0,1
sample_04193.pdf,3912,247,54190,430,32,34,5.962840761,66,33,1,0
sample_09847.pdf,0,0,17490,0,0,0,0.0,0,0,0,1
sample_02030.pdf,4958,578,86982,341,32,60,5.01505369,186,93,1,0
sample_18917.pdf,0,0,17004,0,0,0,0.0,0,0,0,1
sample_03168.pdf,25485,68,56256,292,37,26,6.605182935,54,27,1,0
sample_19166.pdf,5283,20,15089,126,7,8,5.369588516,18,9,1,1
sample_10474.pdf,1,50,145555,167,3,13,4.443445991,34,17,1,1
sample_05707.pdf,7949,189,36302,381,88,12,5.708553259,28,14,1,0
sample_01488.pdf,7433,996,88203,300,14,36,6.050378896,80,40,1,0
sample_01835.pdf,2537,69,22946,262,48,17,5.970893992,38,19,1,0
sample_17262.pdf,0,0,9459,0,0,0,0.0,0,0,0,1
sample_04768.pdf,1602,21,79969,138,12,2,5.857203318,4,2,1,0
sample_01616.pdf,1197,21,74826,135,12,2,5.844243664,4,2,1,0
sample_14315.pdf,1,28,4453,190,37,5,4.549657595,12,6,1,1
sample_12152.pdf,0,0,9683,0,0,0,0.0,0,0,0,1
sample_01746.pdf,1977,69,35277,305,33,29,6.361367907,60,30,1,0
sample_09404.pdf,0,0,9671,0,0,0,0.0,0,0,0,1
sample_07016.pdf,1963,32,342498,241,40,10,6.486136526,26,13,1,0
sample_08388.pdf,1426,21,90508,135,12,2,5.894883629,4,2,1,0
sample_04923.pdf,1483,17,54787,198,12,5,5.554735174,10,5,1,0
sample_16638.pdf,0,0,15907,0,0,0,0.0,0,0,0,1
sample_00309.pdf,5033,49,14599,128,36,32,4.896322451,64,32,1,0
sample_05539.pdf,5978,705,86726,83,17,88,4.510693867,216,108,1,0
sample_04372.pdf,3840,957,286987,294,6,69,4.931772182,160,80,1,0
sample_03018.pdf,13318,39,15980,87,12,10,6.708924978,20,10,1,0
sample_18777.pdf,0,0,9328,0,0,0,0.0,0,0,0,1
sample_06411.pdf,13410,54,149928,262,97,36,6.857282846,72,36,1,0
sample_00477.pdf,1327,21,80015,135,12,2,5.860006205,4,2,1,0
sample_09907.pdf,0,0,2465,0,0,0,0.0,0,0,0,1
sample_12238.pdf,0,0,9398,0,0,0,0.0,0,0,0,1
sample_18136.pdf,0,0,37948,0,0,0,0.0,0,0,0,1
sample_13274.pdf,0,0,8060,0,0,0,0.0,0,0,0,1
sample_06341.pdf,1494,21,89361,135,12,2,5.856047026,4,2,1,0
sample_04993.pdf,27024,122,151253,276,32,28,6.651455253,58,29,1,0
sample_05401.pdf,16574,47,26109,263,56,12,6.803741363,24,12,1,0
sample_08849.pdf,7845,283,139183,295,1,23,6.280858804,50,25,1,0
sample_05319.pdf,2266,228,153080,490,24,25,6.451088135,52,26,1,0
sample_12014.pdf,1,70,9530,0,0,1,7.156959977,2,1,1,1
sample_02381.pdf,1518,302,126597,410,21,17,6.175238765,36,18,1,0
sample_19283.pdf,0,0,15427,0,0,0,0.0,0,0,0,1
sample_18967.pdf,0,0,8288,0,0,0,0.0,0,0,0,1
sample_08743.pdf,2846,77,14180,374,7,6,5.661771973,14,7,1,0
sample_03342.pdf,1230,21,75296,135,12,2,5.838954541,4,2,1,0
sample_04588.pdf,1216,12,28587,198,12,3,5.455664235,6,3,1,0
sample_15370.pdf,5283,20,15011,126,7,8,5.370024099,18,9,1,1
sample_16183.pdf,0,0,1437,0,0,0,0.0,0,0,0,1
sample_13365.pdf,0,0,9475,0,0,0,0.0,0,0,0,1
sample_15146.pdf,1,104,138500,161,8,38,3.757223624,124,62,1,1
sample_14429.pdf,0,0,9942,0,0,0,0.0,0,0,0,1
sample_08825.pdf,18389,37,26732,236,29,9,6.466397669,20,10,1,0
sample_10740.pdf,0,0,9564,0,0,0,0.0,0,0,0,1
sample_06247.pdf,8464,139,64939,241,26,9,6.742467506,20,10,1,0
sample_03264.pdf,6090,15,11928,222,8,1,6.429986903,2,1,1,0
sample_09981.pdf,0,0,9601,0,0,0,0.0,0,0,0,1
sample_04042.pdf,1611,36,243467,138,10,12,5.440470634,24,12,1,0
sample_09834.pdf,0,0,8162,0,0,0,0.0,0,0,0,1
sample_13889.pdf,0,0,1998,0,0,0,0.0,0,0,0,1
sample_06511.pdf,10510,1586,88707,351,58,24,6.319809409,52,26,1,0
sample_02035.pdf,8971,39,19067,214,7,11,6.685248522,22,11,1,0
sample_16753.pdf,0,0,9420,0,0,0,0.0,0,0,0,1
sample_17971.pdf,0,0,9649,0,0,0,0.0,0,0,0,1
sample_01399.pdf,256992,334,352000,239,29,106,7.033110431,214,107,1,0
sample_15295.pdf,0,0,9521,0,0,0,0.0,0,0,0,1
sample_08614.pdf,12043,143,25445,302,56,12,6.223686327,26,13,1,0
sample_12614.pdf,0,0,8247,0,0,0,0.0,0,0,0,1
sample_01516.pdf,159035,363,344098,277,32,59,6.929705086,120,60,1,0
sample_18309.pdf,0,0,9460,0,0,0,0.0,0,0,0,1
sample_13398.pdf,0,0,8392,0,0,0,0.0,0,0,0,1
sample_08038.pdf,5075,202,62260,348,26,39,5.887952039,80,40,1,0
sample_09960.pdf,0,0,74872,0,0,0,0.0,0,0,0,1
sample_05912.pdf,1254,18,27332,188,12,5,5.429987191,12,6,1,0
sample_10750.pdf,0,0,9439,0,0,0,0.0,0,0,0,1
sample_17395.pdf,1,28,4463,190,37,5,4.522481355,12,6,1,1
sample_15240.pdf,1,15,17844,208,44,0,3.262087798,4,2,1,1
sample_13307.pdf,0,0,8351,0,0,0,0.0,0,0,0,1
sample_12906.pdf,1,15,6295,258,44,0,4.355086923,4,2,1,1
sample_12892.pdf,0,0,9626,0,0,0,0.0,0,0,0,1
sample_11122.pdf,0,0,77900,0,0,0,0.0,0,0,0,1
sample_17243.pdf,5283,20,15041,126,7,8,5.369877349,18,9,1,1
sample_07299.pdf,11688,1220,178240,306,14,168,4.85152163,450,225,1,0
sample_17831.pdf,5283,20,15089,126,7,8,5.369628112,18,9,1,1
sample_04472.pdf,36709,164,169471,249,21,28,6.6981131,58,29,1,0
sample_18944.pdf,0,0,14775,0,0,0,0.0,0,0,0,1
sample_16335.pdf,5283,20,15093,126,7,8,5.369642961,18,9,1,1
sample_05472.pdf,36266,55,56654,226,8,17,6.730005729,36,18,1,0
sample_08845.pdf,9175,39,17853,238,29,8,6.352202366,18,9,1,0
sample_15847.pdf,5283,20,14979,126,7,8,5.370432828,18,9,1,1
sample_02081.pdf,49535,687,110380,320,1,60,6.150825265,122,61,1,0
sample_03860.pdf,19980,244,52260,272,28,15,6.478384598,32,16,1,0
sample_15062.pdf,0,0,15987,0,0,0,0.0,0,0,0,1
sample_11934.pdf,0,0,9592,0,0,0,0.0,0,0,0,1
sample_04101.pdf,11300,301,67652,430,32,37,6.03102524,76,38,1,0
sample_07729.pdf,6551,27,13590,260,58,5,6.450913808,10,5,1,0
sample_11472.pdf,0,0,9320,0,0,0,0.0,0,0,0,1
sample_04766.pdf,1325,21,83893,135,16,2,5.863741476,4,2,1,0
sample_01489.pdf,13441,43,22853,234,29,10,6.468895015,22,11,1,0
sample_14398.pdf,1033,73,100675,214,68,55,6.379839179,110,55,1,1
sample_03412.pdf,1618,41,101972,173,8,26,5.478922853,56,28,1,0
sample_02441.pdf,4,9,6584,326,11,4,6.444990009,8,4,1,0
sample_05230.pdf,84585,165,196394,285,18,28,6.982410595,62,31,1,0
sample_18780.pdf,0,0,12343,0,0,0,0.0,0,0,0,1
sample_15439.pdf,0,0,8306,0,0,0,0.0,0,0,0,1
sample_10151.pdf,0,0,8142,0,0,0,0.0,0,0,0,1
sample_08707.pdf,13507,36,16201,229,8,10,6.661035853,20,10,1,0
sample_12640.pdf,94,31,12101,163,44,4,5.426366194,8,4,1,1
sample_06287.pdf,11922,382,127724,311,27,34,3.963317757,198,99,1,0
sample_12039.pdf,0,0,2000,0,0,0,0.0,0,0,0,1
sample_17474.pdf,0,0,17299,0,0,0,0.0,0,0,0,1
sample_13097.pdf,1,15,3561,208,44,1,5.251333619,4,2,1,1
sample_09062.pdf,1312,21,75899,138,12,2,5.833036507,4,2,1,0
sample_13989.pdf,0,0,9398,0,0,0,0.0,0,0,0,1
sample_13602.pdf,1,15,17520,208,44,0,3.215381346,4,2,1,1
sample_00071.pdf,1234,21,78898,135,13,2,5.841545361,4,2,1,0
sample_07793.pdf,7840,71,21553,322,6,9,6.082897615,20,10,1,0
sample_00745.pdf,79116,297,235152,265,21,41,6.738338123,84,42,1,0
sample_19271.pdf,35382,21,12485,276,13,6,7.016833509,12,6,1,1
sample_02123.pdf,6035,1055,195041,325,25,91,4.693165901,352,176,1,0
sample_06402.pdf,1260,21,75061,135,12,2,5.843652148,4,2,1,0
sample_06947.pdf,1159,12,28120,160,9,3,5.236288364,6,3,1,0
sample_13248.pdf,0,0,17455,0,0,0,0.0,0,0,0,1
sample_00287.pdf,33068,67,67990,155,8,21,6.72836307,44,22,1,0
sample_12457.pdf,0,0,15867,0,0,0,0.0,0,0,0,1
sample_17172.pdf,0,0,7818,0,0,0,0.0,0,0,0,1
sample_14739.pdf,0,0,9581,0,0,0,0.0,0,0,0,1
sample_12628.pdf,1,16,6564,214,44,2,7.05524775,4,2,1,1
sample_16468.pdf,0,0,12329,0,0,0,0.0,0,0,0,1
sample_02104.pdf,9540,991,169116,294,6,106,4.369722583,268,134,1,0
sample_14088.pdf,0,0,9700,0,0,0,0.0,0,0,0,1
sample_05146.pdf,119481,772,319405,278,33,49,6.95525366,100,50,1,0
sample_11490.pdf,0,0,11973,0,0,0,0.0,0,0,0,1
sample_09720.pdf,1,52,4338,211,37,6,3.889413015,14,7,1,1
sample_18236.pdf,0,0,9798,0,0,0,0.0,0,0,0,1
sample_15089.pdf,0,0,11700,0,0,0,0.0,0,0,0,1
sample_15349.pdf,0,0,9197,0,0,0,0.0,0,0,0,1
sample_09225.pdf,4678,29,14581,238,29,6,6.154857765,14,7,1,0
sample_16791.pdf,0,0,73437,0,0,0,0.0,0,0,0,1
sample_07965.pdf,82347,109,109087,293,31,36,6.873057056,74,37,1,0
sample_00973.pdf,5129,110,56036,320,29,8,5.91867801,18,9,1,0
sample_14285.pdf,65,49,345029,322,44,11,5.449691485,24,12,1,1
sample_10498.pdf,0,0,9715,0,0,0,0.0,0,0,0,1
sample_05876.pdf,31488,81,43052,236,29,22,6.725784013,46,23,1,0
sample_18699.pdf,0,0,17123,0,0,0,0.0,0,0,0,1
sample_17764.pdf,0,0,9716,0,0,0,0.0,0,0,0,1
sample_14056.pdf,20,10,17781,189,9,1,5.244680368,2,1,1,1
sample_13558.pdf,0,0,8383,0,0,0,0.0,0,0,0,1
sample_04049.pdf,11548,1655,89335,351,58,24,6.638010552,50,25,1,0
sample_13165.pdf,0,0,8260,0,0,0,0.0,0,0,0,1
sample_07455.pdf,14346,32,51923,269,8,9,7.027698499,18,9,1,0
sample_13079.pdf,0,0,3015,0,0,0,0.0,0,0,0,1
sample_17849.pdf,0,0,9492,0,0,0,0.0,0,0,0,1
sample_15619.pdf,0,0,15048,0,0,0,0.0,0,0,0,1
sample_09681.pdf,0,0,9646,0,0,0,0.0,0,0,0,1
sample_00778.pdf,1385,26,76633,173,9,11,5.819902558,26,13,1,0
sample_08219.pdf,13563,53,29622,210,13,14,6.794149484,28,14,1,0
sample_02468.pdf,26779,429,292353,382,26,48,6.131120799,96,48,1,0
sample_14372.pdf,0,0,1502,0,0,0,0.0,0,0,0,1
sample_08597.pdf,4655,256,65253,83,16,36,5.959792743,74,37,1,0
sample_10042.pdf,0,0,8000,0,0,0,0.0,0,0,0,1
sample_01150.pdf,1291,20,28775,188,12,4,5.292909511,14,7,1,0
sample_01618.pdf,1550,27,91027,173,12,12,5.662779005,28,14,1,0
sample_02165.pdf,3896,26,10880,234,29,5,5.986985673,12,6,1,0
sample_12602.pdf,0,0,9677,0,0,0,0.0,0,0,0,1
sample_16946.pdf,1,16,7261,214,68,2,7.097995594,4,2,1,1
sample_18574.pdf,0,0,12190,0,0,0,0.0,0,0,0,1
sample_10932.pdf,0,0,16731,0,0,0,0.0,0,0,0,1
sample_15408.pdf,5283,20,14965,126,7,8,5.370490628,18,9,1,1
sample_04348.pdf,7275,59,118719,128,9,19,6.922346446,38,19,1,0
sample_03683.pdf,14162,41,20177,235,28,10,6.423706644,22,11,1,0
sample_01339.pdf,13500,43,19969,238,29,10,6.457134604,22,11,1,0
sample_04991.pdf,4319,89,51069,227,8,7,6.671413098,16,8,1,0
sample_06085.pdf,1079,12,28789,198,11,3,5.332868446,6,3,1,0
sample_01802.pdf,17920,48,23961,127,12,13,6.845092028,26,13,1,0
sample_07553.pdf,18332,153,35371,379,8,15,6.435814307,32,16,1,0
sample_02352.pdf,109079,272,258215,276,31,43,6.942440703,88,44,1,0
sample_16450.pdf,0,0,1432,0,0,0,0.0,0,0,0,1
sample_04079.pdf,1475,21,83314,135,11,2,5.878131837,4,2,1,0
sample_11649.pdf,0,0,15522,0,0,0,0.0,0,0,0,1
sample_18548.pdf,0,0,13149,0,0,0,0.0,0,0,0,1
sample_06168.pdf,23610,358,45363,580,22,15,6.500837225,32,16,1,0
sample_10578.pdf,0,0,12143,0,0,0,0.0,0,0,0,1
sample_14171.pdf,0,0,16943,0,0,0,0.0,0,0,0,1
sample_03152.pdf,3558,24,11907,238,29,5,5.952572033,12,6,1,0
sample_05328.pdf,1587,151,271784,385,17,29,5.793698543,60,30,1,0
sample_07964.pdf,1548,12,31089,198,12,3,5.394147129,6,3,1,0
sample_15224.pdf,0,0,2117,0,0,0,0.0,0,0,0,1
sample_13715.pdf,0,0,8302,0,0,0,0.0,0,0,0,1
sample_14842.pdf,0,0,12181,0,0,0,0.0,0,0,0,1
sample_11455.pdf,0,0,1905,0,0,0,0.0,0,0,0,1
sample_09552.pdf,1,15,3656,208,44,1,5.261991523,4,2,1,1
sample_06180.pdf,1518,141,207626,423,9,36,5.832563341,74,37,1,0
sample_06850.pdf,1378,21,80855,135,12,2,5.861654877,4,2,1,0
sample_02945.pdf,3952,831,72051,434,40,33,6.312458151,68,34,1,0
sample_04293.pdf,9864,70,43398,261,38,9,6.679763192,20,10,1,0
sample_02852.pdf,45621,174,167465,282,35,28,6.76378738,58,29,1,0
sample_17497.pdf,0,0,16206,0,0,0,0.0,0,0,0,1
sample_09545.pdf,0,0,8174,0,0,0,0.0,0,0,0,1
sample_17437.pdf,0,0,9738,0,0,0,0.0,0,0,0,1
sample_13923.pdf,0,0,1454,0,0,0,0.0,0,0,0,1
sample_07749.pdf,67732,1224,185474,535,87,68,6.397355195,144,72,1,0
sample_15296.pdf,8425,22,18606,158,15,10,5.713370072,20,10,1,1
sample_11701.pdf,0,0,11790,0,0,0,0.0,0,0,0,1
sample_18284.pdf,1,15,6271,258,44,0,4.346124091,4,2,1,1
sample_00384.pdf,9484,38,31033,215,8,10,6.443028825,22,11,1,0
sample_02477.pdf,2155,226,73685,386,24,21,5.310301039,64,32,1,0
sample_10662.pdf,0,0,16012,0,0,0,0.0,0,0,0,1
sample_12805.pdf,0,0,78104,0,0,0,0.0,0,0,0,1
sample_14665.pdf,0,0,7818,0,0,0,0.0,0,0,0,1
sample_04926.pdf,1372,17,39132,198,12,5,5.561900569,10,5,1,0
sample_14376.pdf,0,0,2003,0,0,0,0.0,0,0,0,1
sample_09340.pdf,1,15,17586,208,44,0,3.283635949,4,2,1,1
sample_04461.pdf,7280,1042,211310,294,6,121,4.154628968,320,160,1,0
sample_00402.pdf,994,12,25148,198,13,3,5.470556685,6,3,1,0
sample_16095.pdf,0,0,9786,0,0,0,0.0,0,0,0,1
sample_05864.pdf,7563,40,16601,168,12,10,6.635822298,20,10,1,0
sample_09999.pdf,0,0,8196,0,0,0,0.0,0,0,0,1
sample_19211.pdf,0,0,9702,0,0,0,0.0,0,0,0,1
sample_09527.pdf,0,0,1450,0,0,0,0.0,0,0,0,1
sample_15512.pdf,1,9,7676,0,0,0,5.636230309,4,2,1,1
sample_19262.pdf,0,0,9798,0,0,0,0.0,0,0,0,1
sample_16592.pdf,0,0,9578,0,0,0,0.0,0,0,0,1
sample_04409.pdf,5060,105,33015,259,47,9,5.196218578,28,14,1,0
sample_10331.pdf,0,0,9458,0,0,0,0.0,0,0,0,1
sample_04481.pdf,14229,108,27986,341,28,13,6.370017136,28,14,1,0
sample_14077.pdf,0,0,16422,0,0,0,0.0,0,0,0,1
sample_17838.pdf,1,16,14979,214,44,0,4.53140708,4,2,1,1
sample_16859.pdf,0,0,9999,0,0,0,0.0,0,0,0,1
sample_00173.pdf,3054,22,44873,238,28,5,6.467094474,12,6,1,0
sample_14173.pdf,0,0,15307,0,0,0,0.0,0,0,0,1
sample_16527.pdf,0,0,9694,0,0,0,0.0,0,0,0,1
sample_07697.pdf,1375,35,88590,173,11,20,5.910232521,44,22,1,0
sample_02340.pdf,2892,48,57130,341,48,8,6.226888185,18,9,1,0
sample_08757.pdf,78259,90,111368,289,44,28,6.798135402,58,29,1,0
sample_17197.pdf,0,0,9301,0,0,0,0.0,0,0,0,1
sample_07851.pdf,6855,49,99791,259,50,20,6.604319141,42,21,1,0
sample_16336.pdf,0,0,8377,0,0,0,0.0,0,0,0,1
sample_07622.pdf,1343,21,79738,138,12,2,5.852941633,4,2,1,0
sample_15841.pdf,0,0,16025,0,0,0,0.0,0,0,0,1
sample_14236.pdf,0,0,9334,0,0,0,0.0,0,0,0,1
sample_02007.pdf,24247,49,36337,248,35,18,6.536277396,38,19,1,0
sample_16943.pdf,0,0,9372,0,0,0,0.0,0,0,0,1
sample_04177.pdf,22669,53,28560,236,29,15,6.491694313,32,16,1,0
sample_12246.pdf,0,0,9487,0,0,0,0.0,0,0,0,1
sample_08399.pdf,5805,109,56519,245,36,57,4.507506188,136,68,1,0
sample_08791.pdf,14301,19,20758,222,8,2,6.43069199,4,2,1,0
sample_07252.pdf,156284,176,199745,126,12,52,7.019630977,104,52,1,0
sample_03198.pdf,26197,46,70211,239,29,13,6.782497286,28,14,1,0
sample_10268.pdf,1,18,6162,185,37,4,4.46329716,10,5,1,1
sample_06307.pdf,13364,826,182186,393,24,35,3.901500232,320,160,1,0
sample_10218.pdf,0,0,9389,0,0,0,0.0,0,0,0,1
sample_07745.pdf,10776,596,95949,267,16,68,5.04764428,210,105,1,0
sample_16470.pdf,1,15,4233,208,44,1,5.285817554,4,2,1,1
sample_09522.pdf,1,12,18478,146,44,0,2.350053764,6,3,1,1
sample_01722.pdf,10829,1625,87498,351,58,24,6.622260876,50,25,1,0
sample_16402.pdf,0,0,8149,0,0,0,0.0,0,0,0,1
sample_08607.pdf,21221,74,63814,313,75,36,6.423020903,74,37,1,0
sample_01771.pdf,6811,131,62375,245,36,70,4.370227597,172,86,1,0
sample_08258.pdf,1491,12,32723,198,11,3,5.32052715,6,3,1,0
sample_16415.pdf,0,0,9576,0,0,0,0.0,0,0,0,1
sample_06122.pdf,6297,55,53804,288,43,17,6.551103354,36,18,1,0
sample_12881.pdf,1,10,3609,156,37,2,5.372720225,6,3,1,1
sample_03354.pdf,177,11,14326,177,36,2,4.654257484,10,5,1,0
sample_12182.pdf,0,0,9563,0,0,0,0.0,0,0,0,1
sample_12667.pdf,0,0,16878,0,0,0,0.0,0,0,0,1
sample_17333.pdf,1,9,305957,0,0,0,3.998600441,4,2,1,1
sample_05122.pdf,10765,50,39038,311,34,19,6.543675565,40,20,1,0
sample_04008.pdf,7371,134,59651,315,22,10,6.049817625,22,11,1,0
sample_08804.pdf,124313,373,313475,277,32,57,6.976635281,116,58,1,0
sample_16904.pdf,0,0,8246,0,0,0,0.0,0,0,0,1
sample_16763.pdf,0,0,8300,0,0,0,0.0,0,0,0,1
sample_05029.pdf,11433,1674,89856,351,58,25,6.614253188,52,26,1,0
sample_09259.pdf,2411,21,241708,330,71,5,6.436081171,14,7,1,0
sample_00614.pdf,2535,202,323198,325,40,76,6.185595956,170,85,1,0
sample_11857.pdf,5545,20,13190,126,7,9,5.543428882,18,9,1,1
sample_18827.pdf,0,0,2838,0,0,0,0.0,0,0,0,1
sample_12844.pdf,4023,20,12437,126,7,9,5.539081147,18,9,1,1
sample_05560.pdf,15823,705,98325,340,14,60,5.670222403,142,71,1,0
sample_09450.pdf,0,0,1895,0,0,0,0.0,0,0,0,1
sample_17329.pdf,0,0,17219,0,0,0,0.0,0,0,0,1
sample_08842.pdf,10014,43,16848,87,12,12,5.989250799,24,12,1,0
sample_14641.pdf,0,0,5586,0,0,0,0.0,0,0,0,1
sample_09476.pdf,0,0,12426,0,0,0,0.0,0,0,0,1
sample_01010.pdf,5698,159,62475,228,6,8,6.709036086,18,9,1,0
sample_10728.pdf,0,0,37719,0,0,0,0.0,0,0,0,1
sample_02749.pdf,1509,304,58718,367,12,26,6.199290107,54,27,1,0
sample_04826.pdf,12881,62,35841,305,13,26,5.949491244,56,28,1,0
sample_13399.pdf,0,0,6685,0,0,0,0.0,0,0,0,1
sample_06640.pdf,1354,22,74670,173,13,7,5.599859701,18,9,1,0
sample_00427.pdf,21427,960,74441,485,55,25,6.645886059,52,26,1,0
sample_02993.pdf,1362,24,85247,173,11,9,5.775054664,22,11,1,0
sample_02403.pdf,4811,53,39586,242,16,5,6.409496855,12,6,1,0
sample_09287.pdf,1146,12,36555,198,12,3,5.453739751,6,3,1,0
sample_06577.pdf,1830,293,247563,377,17,26,5.847585807,54,27,1,0
sample_04450.pdf,2998,30,313894,300,59,8,6.389003989,22,11,1,0
sample_16248.pdf,10192,13,4667,367,16,3,6.675038367,6,3,1,1
sample_03872.pdf,9322,34,18537,233,28,8,6.382725532,18,9,1,0
sample_18584.pdf,0,0,7986,0,0,0,0.0,0,0,0,1
sample_06860.pdf,5768,78,53461,221,6,7,6.66805294,16,8,1,0
sample_03908.pdf,10822,1625,87394,351,58,24,6.592518313,50,25,1,0
sample_10748.pdf,0,0,9906,0,0,0,0.0,0,0,0,1
sample_12043.pdf,6737,30,39794,290,16,10,6.845069535,20,10,1,1
sample_14318.pdf,0,0,16433,0,0,0,0.0,0,0,0,1
sample_15910.pdf,10145,14,4709,300,11,3,6.664348759,6,3,1,1
sample_16933.pdf,828,10,7630,137,8,1,6.791384588,2,1,1,1
sample_04619.pdf,7017,224,97205,447,23,29,5.374536652,90,45,1,0
sample_03711.pdf,16934,57,60576,187,11,14,6.972101088,28,14,1,0
sample_03334.pdf,69123,137,83038,235,28,40,6.856585094,82,41,1,0
sample_18742.pdf,5283,20,15093,126,7,8,5.36966969,18,9,1,1
sample_17548.pdf,0,0,12591,0,0,0,0.0,0,0,0,1
sample_13215.pdf,0,0,1969,0,0,0,0.0,0,0,0,1
sample_08078.pdf,37719,103,330659,316,29,46,6.774122561,94,47,1,0
sample_17704.pdf,0,0,17456,0,0,0,0.0,0,0,0,1
sample_14923.pdf,0,0,8246,0,0,0,0.0,0,0,0,1
sample_10896.pdf,0,0,9332,0,0,0,0.0,0,0,0,1
sample_06139.pdf,17202,745,187090,322,14,97,5.711760882,236,118,1,0
sample_14714.pdf,0,0,9818,0,0,0,0.0,0,0,0,1
sample_02364.pdf,1332,39,98783,173,13,24,5.534843636,52,26,1,0
sample_00220.pdf,1095,21,58316,138,12,2,5.766679055,4,2,1,0
sample_16523.pdf,0,0,1468,0,0,0,0.0,0,0,0,1
sample_05365.pdf,11165,35,17753,233,28,8,6.317587252,18,9,1,0
sample_13403.pdf,0,0,8580,0,0,0,0.0,0,0,0,1
sample_03371.pdf,12898,1449,150987,350,32,86,5.345131577,228,114,1,0
sample_06996.pdf,51866,85,69044,215,8,30,6.800090851,62,31,1,0
sample_17569.pdf,0,0,9426,0,0,0,0.0,0,0,0,1
sample_10640.pdf,0,0,9473,0,0,0,0.0,0,0,0,1
sample_03969.pdf,1225,12,24339,198,12,3,5.339041074,6,3,1,0
sample_14246.pdf,1,16,15143,214,44,0,4.650352518,4,2,1,1
sample_11493.pdf,0,0,8313,0,0,0,0.0,0,0,0,1
sample_08815.pdf,14151,320,79321,468,27,43,5.830955184,92,46,1,0
sample_00564.pdf,1235,37,144701,198,12,13,5.780422393,26,13,1,0
sample_01167.pdf,6567,72,16412,302,56,8,5.910878815,18,9,1,0
sample_00938.pdf,9066,128,21547,301,55,10,6.149987786,22,11,1,0
sample_15094.pdf,0,0,8521,0,0,0,0.0,0,0,0,1
sample_14179.pdf,0,0,15340,0,0,0,0.0,0,0,0,1
sample_12206.pdf,0,0,2007,0,0,0,0.0,0,0,0,1
sample_13319.pdf,0,0,16971,0,0,0,0.0,0,0,0,1
sample_17810.pdf,1,16,14793,214,44,0,4.655354736,4,2,1,1
sample_18558.pdf,0,0,8325,0,0,0,0.0,0,0,0,1
sample_15327.pdf,5283,20,15095,126,7,8,5.369711733,18,9,1,1
sample_13371.pdf,5283,20,14981,126,7,8,5.370435027,18,9,1,1
sample_16021.pdf,0,0,9423,0,0,0,0.0,0,0,0,1
sample_01402.pdf,1458,36,88343,173,11,21,5.675455451,46,23,1,0
sample_11307.pdf,0,0,8958,0,0,0,0.0,0,0,0,1
sample_08037.pdf,11870,135,255808,364,29,35,4.368071585,140,70,1,0
sample_13096.pdf,0,0,1444,0,0,0,0.0,0,0,0,1
sample_07200.pdf,1189,21,70289,135,12,2,5.823301065,4,2,1,0
sample_07829.pdf,1286,12,26458,198,12,3,5.390211927,6,3,1,0
sample_06126.pdf,53685,87,110439,239,29,26,6.958902561,54,27,1,0
sample_16660.pdf,0,0,9635,0,0,0,0.0,0,0,0,1
sample_08853.pdf,9514,737,101948,365,27,68,5.084800245,234,117,1,0
sample_14233.pdf,1,9,94525,0,0,0,3.927875918,4,2,1,1
sample_12397.pdf,0,0,9690,0,0,0,0.0,0,0,0,1
sample_16551.pdf,0,0,8186,0,0,0,0.0,0,0,0,1
sample_04307.pdf,954,127,52382,353,16,30,5.675807238,62,31,1,0
sample_09685.pdf,5283,20,15011,126,7,8,5.369927918,18,9,1,1
sample_05958.pdf,12546,571,78444,380,30,46,6.010825053,94,47,1,0
sample_06786.pdf,21196,167,41264,254,8,18,6.499063582,38,19,1,0
sample_11689.pdf,5283,20,15093,126,7,8,5.369693867,18,9,1,1
sample_19030.pdf,0,0,9652,0,0,0,0.0,0,0,0,1
sample_19046.pdf,0,0,16942,0,0,0,0.0,0,0,0,1
sample_00232.pdf,1725,29,94797,173,12,14,5.679125326,32,16,1,0
sample_09915.pdf,0,0,9400,0,0,0,0.0,0,0,0,1
sample_11577.pdf,7741,22,8856,158,15,10,5.660199947,20,10,1,1
sample_02620.pdf,1299,21,74316,135,12,2,5.821930316,4,2,1,0
sample_11005.pdf,0,0,15994,0,0,0,0.0,0,0,0,1
sample_01742.pdf,5703,213,68927,443,24,24,6.485968769,46,23,1,0
sample_12873.pdf,94,31,10689,163,44,4,5.437369738,8,4,1,1
sample_12167.pdf,0,0,9368,0,0,0,0.0,0,0,0,1
sample_03514.pdf,5633,516,93700,439,33,65,5.000197327,204,102,1,0
sample_05975.pdf,3900,356,78330,412,43,45,4.009016453,360,180,1,0
sample_05814.pdf,1746,197,33182,294,6,26,5.48123321,56,28,1,0
sample_18340.pdf,0,0,8345,0,0,0,0.0,0,0,0,1
sample_00348.pdf,1356,10,20762,173,12,2,5.573370364,8,4,1,0
sample_01697.pdf,9947,2660,201403,303,14,75,5.421047619,412,206,1,0
sample_01845.pdf,9183,606,79932,294,6,64,4.578429831,150,75,1,0
sample_07519.pdf,6950,178,86028,439,32,48,4.949056955,170,85,1,0
sample_01136.pdf,11639,121,78043,258,36,11,6.829852092,24,12,1,0
sample_01221.pdf,1838,127,172095,391,21,28,5.976726876,58,29,1,0
sample_15007.pdf,5283,20,14981,126,7,8,5.370443405,18,9,1,1
sample_06206.pdf,47421,124,203272,194,13,17,5.892262354,42,21,1,0
sample_14065.pdf,0,0,15243,0,0,0,0.0,0,0,0,1
sample_00466.pdf,1410,21,80125,138,14,2,5.854823427,4,2,1,0
sample_18540.pdf,0,0,9740,0,0,0,0.0,0,0,0,1
sample_09468.pdf,0,0,16580,0,0,0,0.0,0,0,0,1
sample_09564.pdf,214,167,9448,113,68,2,5.400712539,8,4,1,1
sample_11017.pdf,0,0,17407,0,0,0,0.0,0,0,0,1
sample_05014.pdf,12556,42,44353,280,17,11,6.561906198,24,12,1,0
sample_05390.pdf,1415,38,89766,173,10,23,5.585161296,50,25,1,0
sample_16452.pdf,0,0,16915,0,0,0,0.0,0,0,0,1
sample_16406.pdf,0,0,12529,0,0,0,0.0,0,0,0,1
sample_17625.pdf,1,30,23384,166,44,11,4.80844554,26,13,1,1
sample_16868.pdf,0,0,8380,0,0,0,0.0,0,0,0,1
sample_02446.pdf,6366,829,361605,333,31,28,5.435751341,70,35,1,0
sample_17566.pdf,0,0,12605,0,0,0,0.0,0,0,0,1
sample_17777.pdf,5283,20,15021,126,7,8,5.369905495,18,9,1,1
sample_14400.pdf,0,0,9369,0,0,0,0.0,0,0,0,1
sample_15708.pdf,0,0,14870,0,0,0,0.0,0,0,0,1
sample_06847.pdf,12057,47,46912,316,73,5,6.255228896,14,7,1,0
sample_08670.pdf,1251,21,76564,135,16,2,5.841956993,4,2,1,0
sample_14414.pdf,0,0,9788,0,0,0,0.0,0,0,0,1
sample_02156.pdf,8318,313,73614,83,17,39,5.936849826,80,40,1,0
sample_15157.pdf,0,0,73768,0,0,0,0.0,0,0,0,1
sample_14540.pdf,828,10,7642,137,8,1,6.791384588,2,1,1,1
sample_10293.pdf,1,15,18346,208,44,0,3.280823776,4,2,1,1
sample_01100.pdf,1329,21,84028,135,12,2,5.892006645,4,2,1,0
sample_02802.pdf,1808,26,87002,173,12,11,5.880262289,26,13,1,0
sample_01338.pdf,25224,49,30672,235,28,11,6.603852697,24,12,1,0
sample_15020.pdf,0,0,9024,0,0,0,0.0,0,0,0,1
sample_05082.pdf,37324,97,59331,199,8,27,6.983070633,54,27,1,0
sample_04979.pdf,10961,441,76692,540,29,48,5.75081904,110,55,1,0
sample_16496.pdf,0,0,16702,0,0,0,0.0,0,0,0,1
sample_01026.pdf,8635,1131,158543,232,9,9,6.680680895,20,10,1,0
sample_05937.pdf,1240,12,25999,198,12,3,5.292913183,6,3,1,0
sample_03981.pdf,122157,533,265102,304,26,39,6.772018756,80,40,1,0
sample_18964.pdf,0,0,9626,0,0,0,0.0,0,0,0,1
sample_12898.pdf,1,10,6061,156,37,2,5.440841157,6,3,1,1
sample_18891.pdf,0,0,9732,0,0,0,0.0,0,0,0,1
sample_02196.pdf,1319,12,25436,198,11,3,5.385739918,6,3,1,0
sample_09581.pdf,0,0,37832,0,0,0,0.0,0,0,0,1
sample_08568.pdf,5783,160,213369,321,40,71,6.286471681,148,74,1,0
sample_05962.pdf,8507,31,11172,87,12,10,5.938661608,20,10,1,0
sample_03732.pdf,14093,24,38385,218,8,5,7.141475589,10,5,1,0
sample_02884.pdf,7834,583,92344,352,25,62,5.1621326,202,101,1,0
sample_03186.pdf,1278,59,100106,173,12,41,5.675657908,88,44,1,0
sample_13040.pdf,0,0,9796,0,0,0,0.0,0,0,0,1
sample_11444.pdf,0,0,9745,0,0,0,0.0,0,0,0,1
sample_13491.pdf,1033,73,129313,214,44,55,6.387708035,110,55,1,1
sample_11995.pdf,0,0,9275,0,0,0,0.0,0,0,0,1
sample_01806.pdf,15079,16,8258,92,36,5,6.818986298,10,5,1,0
sample_15753.pdf,0,0,9616,0,0,0,0.0,0,0,0,1
sample_08230.pdf,1836,12,3427,292,19,0,4.485349538,2,1,1,0
sample_06232.pdf,967,12,22293,198,12,3,5.359714639,6,3,1,0
sample_00518.pdf,5167,125,66301,340,29,22,4.528036674,96,48,1,0
sample_08186.pdf,1419,56,130172,173,16,35,5.634411566,80,40,1,0
sample_13061.pdf,39473,18,10319,297,10,5,6.942180311,10,5,1,1
sample_17686.pdf,5283,20,14959,126,7,8,5.370341353,18,9,1,1
sample_01045.pdf,1142,21,68761,135,13,2,5.798518378,4,2,1,0
sample_08442.pdf,26544,67,41829,87,11,18,6.950447144,36,18,1,0
sample_06700.pdf,7613,35,51462,326,81,14,6.552605494,30,15,1,0
sample_15960.pdf,0,0,9622,0,0,0,0.0,0,0,0,1
sample_04465.pdf,6093,2605,277631,429,26,252,4.646661256,1252,626,1,0
sample_08994.pdf,1526,140,175232,391,6,28,5.941714686,58,29,1,0
sample_07459.pdf,12615,88,249989,406,30,31,6.169961687,64,32,1,0
sample_08800.pdf,7788,29,23097,227,20,7,6.301627692,16,8,1,0
sample_16420.pdf,0,0,9423,0,0,0,0.0,0,0,0,1
sample_10314.pdf,0,0,8248,0,0,0,0.0,0,0,0,1
sample_13225.pdf,0,0,7973,0,0,0,0.0,0,0,0,1
sample_01507.pdf,20766,52,27900,237,28,13,6.569302646,28,14,1,0
sample_06410.pdf,1562,31,106365,173,13,16,5.837722346,36,18,1,0
sample_02822.pdf,1165,12,27568,198,7,3,5.393755952,6,3,1,0
sample_09491.pdf,0,0,8156,0,0,0,0.0,0,0,0,1
sample_10681.pdf,0,0,9688,0,0,0,0.0,0,0,0,1
sample_02854.pdf,18049,49,24740,234,29,12,6.54629503,26,13,1,0
sample_14043.pdf,0,0,9340,0,0,0,0.0,0,0,0,1
sample_17725.pdf,0,0,9674,0,0,0,0.0,0,0,0,1
sample_07518.pdf,23756,189,40594,260,14,17,6.508173604,36,18,1,0
sample_11425.pdf,0,0,9337,0,0,0,0.0,0,0,0,1
sample_09464.pdf,0,0,12527,0,0,0,0.0,0,0,0,1
sample_09762.pdf,0,0,9397,0,0,0,0.0,0,0,0,1
sample_08766.pdf,24171,136,35733,371,56,17,6.47670919,36,18,1,0
sample_14853.pdf,0,0,16014,0,0,0,0.0,0,0,0,1
sample_07710.pdf,18084,631,89952,311,14,46,6.085266375,104,52,1,0
sample_06049.pdf,1277,21,75011,135,11,2,5.838285473,4,2,1,0
sample_06735.pdf,3512,23,15932,402,56,5,5.97908874,12,6,1,0
sample_00175.pdf,9542,37,16985,238,29,8,6.246015468,18,9,1,0
sample_10281.pdf,0,0,9365,0,0,0,0.0,0,0,0,1
sample_13916.pdf,0,0,8023,0,0,0,0.0,0,0,0,1
sample_00306.pdf,11304,112,123980,286,25,26,6.53068724,54,27,1,0
sample_11780.pdf,0,0,9582,0,0,0,0.0,0,0,0,1
sample_14190.pdf,5283,20,15095,126,7,8,5.36965369,18,9,1,1
sample_06119.pdf,6933,31,14299,234,29,6,6.152921732,14,7,1,0
sample_01816.pdf,11450,55,201434,172,11,11,6.638793363,24,12,1,0
sample_09695.pdf,0,0,17594,0,0,0,0.0,0,0,0,1
sample_09339.pdf,0,0,17634,0,0,0,0.0,0,0,0,1
sample_12169.pdf,0,0,8230,0,0,0,0.0,0,0,0,1
sample_08672.pdf,12781,40,79167,239,29,11,6.834819506,24,12,1,0
sample_01195.pdf,15252,120,35814,302,56,15,6.415606114,32,16,1,0
sample_03774.pdf,1262,21,83497,135,12,2,5.870222416,4,2,1,0
sample_10575.pdf,0,0,10065,0,0,0,0.0,0,0,0,1
sample_09807.pdf,5283,20,15089,126,7,8,5.36966753,18,9,1,1
sample_18858.pdf,1,50,80553,167,3,13,4.444270289,34,17,1,1
sample_14956.pdf,1,122,10020,52,44,2,5.977678646,4,2,1,1
sample_13487.pdf,0,0,9730,0,0,0,0.0,0,0,0,1
sample_03407.pdf,62904,133,174754,194,13,21,6.246220944,40,20,1,0
sample_12923.pdf,5283,20,15091,126,7,8,5.369639608,18,9,1,1
sample_18694.pdf,0,0,9629,0,0,0,0.0,0,0,0,1
sample_02214.pdf,1141,12,14522,160,9,3,5.230495084,6,3,1,0
sample_04491.pdf,3328,283,194688,294,6,46,5.445840003,100,50,1,0
sample_13075.pdf,0,0,9981,0,0,0,0.0,0,0,0,1
sample_13067.pdf,0,0,9480,0,0,0,0.0,0,0,0,1
sample_07666.pdf,24670,967,118423,290,14,66,5.501487844,174,87,1,0
sample_10888.pdf,5283,20,15117,126,7,8,5.369491479,18,9,1,1
sample_00114.pdf,6704,28,71202,238,28,7,6.637789978,16,8,1,0
sample_17865.pdf,828,10,7636,137,8,1,6.791384588,2,1,1,1
sample_00372.pdf,7827,1175,140498,447,32,40,5.747515243,92,46,1,0
sample_17866.pdf,0,0,9734,0,0,0,0.0,0,0,0,1
sample_16542.pdf,0,0,9460,0,0,0,0.0,0,0,0,1
sample_10359.pdf,0,0,76979,0,0,0,0.0,0,0,0,1
sample_12571.pdf,0,0,8481,0,0,0,0.0,0,0,0,1
sample_17410.pdf,0,0,9799,0,0,0,0.0,0,0,0,1
sample_16809.pdf,5283,20,15091,126,7,8,5.369604408,18,9,1,1
sample_15138.pdf,0,0,17072,0,0,0,0.0,0,0,0,1
sample_10942.pdf,0,0,8291,0,0,0,0.0,0,0,0,1
sample_14805.pdf,5283,20,14983,126,7,8,5.370445598,18,9,1,1
sample_18044.pdf,0,0,15812,0,0,0,0.0,0,0,0,1
sample_11872.pdf,0,0,8196,0,0,0,0.0,0,0,0,1
sample_04214.pdf,1479,21,95199,135,11,2,5.898873625,4,2,1,0
sample_09226.pdf,5690,193,55093,411,26,39,5.904740282,80,40,1,0
sample_12302.pdf,0,0,14866,0,0,0,0.0,0,0,0,1
sample_03046.pdf,30340,53,41171,87,12,13,6.976580126,26,13,1,0
sample_09866.pdf,0,0,8219,0,0,0,0.0,0,0,0,1
sample_11922.pdf,1,9,133006,0,0,0,2.827771358,4,2,1,1
sample_11534.pdf,0,0,9449,0,0,0,0.0,0,0,0,1
sample_15732.pdf,0,0,7777,0,0,0,0.0,0,0,0,1
sample_06592.pdf,19966,52,24510,237,28,13,6.553647031,28,14,1,0
sample_18711.pdf,0,0,15764,0,0,0,0.0,0,0,0,1
sample_09529.pdf,0,0,9491,0,0,0,0.0,0,0,0,1
sample_11622.pdf,0,0,9523,0,0,0,0.0,0,0,0,1
sample_03170.pdf,76097,52,76147,218,8,14,7.078259613,28,14,1,0
sample_09325.pdf,0,0,15789,0,0,0,0.0,0,0,0,1
sample_00357.pdf,1267,21,71457,138,12,2,5.834334017,4,2,1,0
sample_05199.pdf,2889,87,139996,252,43,43,4.847068066,100,50,1,0
sample_01231.pdf,16412,239,53352,257,11,19,5.904206328,44,22,1,0
sample_09524.pdf,0,0,7902,0,0,0,0.0,0,0,0,1
sample_15148.pdf,0,0,8077,0,0,0,0.0,0,0,0,1
sample_06890.pdf,2149,40,11557,192,52,11,5.739217699,24,12,1,0
sample_19083.pdf,0,0,77781,0,0,0,0.0,0,0,0,1
sample_07696.pdf,996,13,17305,188,12,3,5.274389894,8,4,1,0
sample_01920.pdf,26903,73,44733,238,29,19,6.730591376,40,20,1,0
sample_03721.pdf,14184,227,55843,396,84,22,6.576762395,46,23,1,0
sample_06109.pdf,7815,102,20806,299,9,9,6.054955187,20,10,1,0
sample_17765.pdf,0,0,9542,0,0,0,0.0,0,0,0,1
sample_14967.pdf,0,0,12018,0,0,0,0.0,0,0,0,1
sample_02628.pdf,4541,534,262234,294,6,74,4.771503672,180,90,1,0
sample_14619.pdf,0,0,9122,0,0,0,0.0,0,0,0,1
sample_10898.pdf,0,0,9600,0,0,0,0.0,0,0,0,1
sample_05338.pdf,6098,42,92785,172,11,9,6.473400588,20,10,1,0
sample_12438.pdf,0,0,16017,0,0,0,0.0,0,0,0,1
sample_00675.pdf,20771,223,109355,198,6,12,6.83784477,26,13,1,0
sample_14961.pdf,0,0,9818,0,0,0,0.0,0,0,0,1
sample_12432.pdf,1,16,15062,214,44,0,4.623233098,4,2,1,1
sample_13217.pdf,0,0,15367,0,0,0,0.0,0,0,0,1
sample_05339.pdf,1559,125,205636,461,16,27,5.923750111,56,28,1,0
sample_06409.pdf,184719,373,275468,383,37,44,6.879001293,90,45,1,0
sample_08964.pdf,1243,21,61183,145,12,2,5.78634245,4,2,1,0
sample_04277.pdf,1414,235,116077,405,7,14,6.087568338,30,15,1,0
sample_09486.pdf,5283,20,15095,126,7,8,5.369732655,18,9,1,1
sample_00525.pdf,16981,564,56405,498,60,18,6.479067035,38,19,1,0
sample_02819.pdf,1334,21,75923,135,12,2,5.872950465,4,2,1,0
sample_03478.pdf,102,31,11248,226,81,2,5.272704996,8,4,1,0
sample_09435.pdf,0,0,8194,0,0,0,0.0,0,0,0,1
sample_13713.pdf,1,15,17467,208,44,0,3.216417505,4,2,1,1
sample_15008.pdf,0,0,8117,0,0,0,0.0,0,0,0,1
sample_07595.pdf,9500,456,41530,339,46,16,6.438787667,34,17,1,0
sample_01662.pdf,1565,131,179200,358,10,23,5.841911203,48,24,1,0
sample_02472.pdf,6953,1048,118941,344,19,76,4.988956669,246,123,1,0
sample_12959.pdf,5283,20,14919,126,7,8,5.370680291,18,9,1,1
sample_18490.pdf,0,0,16337,0,0,0,0.0,0,0,0,1
sample_08552.pdf,10916,312,45474,579,83,13,6.392014264,28,14,1,0
sample_16981.pdf,0,0,12364,0,0,0,0.0,0,0,0,1
sample_12235.pdf,0,0,9435,0,0,0,0.0,0,0,0,1
sample_18904.pdf,0,0,15000,0,0,0,0.0,0,0,0,1
sample_08993.pdf,13790,42,57704,314,69,16,6.592142712,34,17,1,0
sample_10004.pdf,0,0,9573,0,0,0,0.0,0,0,0,1
sample_07753.pdf,10623,55,165107,172,11,11,6.620386192,24,12,1,0
sample_00260.pdf,46954,160,138988,277,32,29,6.79272985,60,30,1,0
sample_15842.pdf,0,0,8139,0,0,0,0.0,0,0,0,1
sample_02302.pdf,1301,21,84121,138,11,2,5.876682391,4,2,1,0
sample_05142.pdf,1418,21,87008,135,12,2,5.872570882,4,2,1,0
sample_18830.pdf,1,16,14982,147,44,3,5.064001263,6,3,1,1
sample_06462.pdf,15029,434,55144,516,63,23,6.549865139,48,24,1,0
sample_02543.pdf,1206,12,25747,198,12,3,5.392309086,6,3,1,0
sample_11002.pdf,30,10,6668,190,7,1,5.329759351,2,1,1,1
sample_06102.pdf,1174,21,77611,135,13,2,5.83038184,4,2,1,0
sample_07772.pdf,12226,5014,194656,328,23,48,3.526545033,760,380,1,0
sample_17074.pdf,0,0,8310,0,0,0,0.0,0,0,0,1
sample_14810.pdf,17,10,10417,195,8,1,5.171132247,2,1,1,1
sample_18764.pdf,0,0,8322,0,0,0,0.0,0,0,0,1
sample_18007.pdf,5283,20,15027,126,7,8,5.369987635,18,9,1,1
sample_12729.pdf,0,0,8340,0,0,0,0.0,0,0,0,1
sample_17702.pdf,0,0,8278,0,0,0,0.0,0,0,0,1
sample_00800.pdf,1233,21,74176,135,12,2,5.844703005,4,2,1,0
sample_03157.pdf,1394,30,90984,173,11,15,5.676259907,34,17,1,0
sample_05680.pdf,6207,183,67670,346,19,36,4.480080791,160,80,1,0
sample_15489.pdf,0,0,16210,0,0,0,0.0,0,0,0,1
sample_01774.pdf,1296,29,91849,173,10,14,6.006485722,32,16,1,0
sample_14455.pdf,1,16,11006,214,44,0,4.651745529,4,2,1,1
sample_13142.pdf,37769,23,13688,296,15,7,6.997843559,14,7,1,1
sample_16149.pdf,10226,14,4882,422,12,3,6.703871665,6,3,1,1
sample_07363.pdf,1236,21,77484,135,12,2,5.840917511,4,2,1,0
sample_00927.pdf,30461,74,40799,237,28,20,6.733633168,42,21,1,0
sample_04513.pdf,9843,1066,113245,343,29,67,5.492355466,170,85,1,0
sample_03614.pdf,8854,36,16988,237,28,7,6.227906275,16,8,1,0
sample_06473.pdf,996,23,18445,478,38,3,7.06327543,6,3,1,0
sample_07104.pdf,7355,115,30471,218,6,7,6.58477023,16,8,1,0
sample_00329.pdf,1266,21,87399,135,12,2,5.886054994,4,2,1,0
sample_16375.pdf,828,10,7570,137,8,1,6.791384588,2,1,1,1
sample_17626.pdf,828,10,7633,137,8,1,6.791384588,2,1,1,1
sample_12935.pdf,0,0,20021,0,0,0,0.0,0,0,0,1
sample_16494.pdf,0,0,8789,0,0,0,0.0,0,0,0,1
sample_08844.pdf,20542,411,50852,712,130,23,6.511460661,48,24,1,0
sample_05633.pdf,1320,13,22626,188,12,3,5.237515813,8,4,1,0
sample_09074.pdf,9475,33,16595,238,29,8,6.278296571,18,9,1,0
sample_03383.pdf,1537,38,87956,173,12,23,5.285185642,50,25,1,0
sample_09509.pdf,0,0,9553,0,0,0,0.0,0,0,0,1
sample_10826.pdf,0,0,9575,0,0,0,0.0,0,0,0,1
sample_10948.pdf,71,16,10081,214,44,2,7.098932748,4,2,1,1
sample_06871.pdf,18349,869,111942,407,18,55,5.872506798,124,62,1,0
sample_15132.pdf,0,0,16336,0,0,0,0.0,0,0,0,1
sample_08908.pdf,109127,80,129986,260,28,19,7.076239036,38,19,1,0
sample_12523.pdf,5283,20,15095,126,7,8,5.369677673,18,9,1,1
sample_06183.pdf,1047,12,23515,198,7,3,5.421164428,6,3,1,0
sample_05548.pdf,7122,40,58385,239,29,11,6.777262926,24,12,1,0
sample_05825.pdf,21913,262,89355,250,23,21,6.543576865,48,24,1,0
sample_11760.pdf,0,0,9424,0,0,0,0.0,0,0,0,1
sample_13202.pdf,0,0,12241,0,0,0,0.0,0,0,0,1
sample_04386.pdf,8832,28,43035,239,29,7,6.565084018,16,8,1,0
sample_01117.pdf,13257,405,40083,549,74,14,6.380441167,30,15,1,0
sample_00390.pdf,12293,30,16632,270,63,7,6.505125073,14,7,1,0
sample_07336.pdf,16894,168,33885,371,56,16,6.460881468,34,17,1,0
sample_15418.pdf,5283,20,14963,126,7,8,5.370369245,18,9,1,1
sample_09792.pdf,0,0,8138,0,0,0,0.0,0,0,0,1
sample_13457.pdf,0,0,16676,0,0,0,0.0,0,0,0,1
sample_09101.pdf,1561,1760,267855,454,20,48,6.214159721,98,49,1,0
sample_00532.pdf,1156,238,4710024,478,14,55,6.576904495,112,56,1,0
sample_07258.pdf,86906,91,107212,238,29,24,6.847179985,50,25,1,0
sample_17280.pdf,0,0,12397,0,0,0,0.0,0,0,0,1
sample_10005.pdf,0,0,9390,0,0,0,0.0,0,0,0,1
sample_13965.pdf,1,31,9844,163,44,3,5.230636819,6,3,1,1
sample_08934.pdf,1264,21,78145,135,12,2,5.868046054,4,2,1,0
sample_00709.pdf,1289,12,27587,160,12,3,5.313270246,6,3,1,0
sample_01480.pdf,1429,31,81432,173,12,16,5.736720942,36,18,1,0
sample_16502.pdf,1,70,10009,0,0,1,7.076394869,2,1,1,1
sample_12329.pdf,5283,20,14965,126,7,8,5.370483188,18,9,1,1
sample_07857.pdf,7190,45,94342,238,28,13,6.799715301,28,14,1,0
sample_06691.pdf,9715,580,77378,267,18,52,5.509254152,140,70,1,0
sample_03503.pdf,1273,21,77261,135,11,2,5.845346766,4,2,1,0
sample_16013.pdf,0,0,1998,0,0,0,0.0,0,0,0,1
sample_19081.pdf,0,0,15519,0,0,0,0.0,0,0,0,1
sample_14444.pdf,828,10,7645,137,8,1,6.791384588,2,1,1,1
sample_17672.pdf,0,0,15519,0,0,0,0.0,0,0,0,1
sample_05533.pdf,45256,104,57079,237,28,29,6.812179914,60,30,1,0
sample_04258.pdf,1492,21,83068,135,12,2,5.868760795,4,2,1,0
sample_11209.pdf,2074,10,11143,228,12,1,6.787742695,2,1,1,1
sample_01533.pdf,11261,101,55996,301,55,10,6.130163194,22,11,1,0
sample_02799.pdf,7293,27,11415,87,12,6,6.7410686,12,6,1,0
sample_18259.pdf,0,0,15684,0,0,0,0.0,0,0,0,1
sample_05638.pdf,908,21,56749,145,12,2,5.758371778,4,2,1,0
sample_04231.pdf,1374,50,96781,173,14,35,5.632773256,74,37,1,0
sample_18855.pdf,5283,20,15093,126,7,8,5.369713924,18,9,1,1
sample_08585.pdf,3607,618,94271,441,32,70,4.770264546,254,127,1,0
sample_07950.pdf,36572,70,45437,161,10,20,6.929907473,40,20,1,0
sample_15686.pdf,0,0,7925,0,0,0,0.0,0,0,0,1
sample_15325.pdf,0,0,16476,0,0,0,0.0,0,0,0,1
sample_16635.pdf,5283,20,14981,126,7,8,5.370423617,18,9,1,1
sample_12405.pdf,0,0,16338,0,0,0,0.0,0,0,0,1
sample_14921.pdf,0,0,16079,0,0,0,0.0,0,0,0,1
sample_07300.pdf,1161,21,80837,135,12,2,5.867126128,4,2,1,0
sample_14881.pdf,0,0,9675,0,0,0,0.0,0,0,0,1
sample_05304.pdf,7616,32,14136,126,12,8,6.741112775,16,8,1,0
sample_11592.pdf,0,0,9514,0,0,0,0.0,0,0,0,1
sample_07962.pdf,203,7,1612,288,15,1,6.675610999,2,1,1,0
sample_05471.pdf,4475,361,62821,318,14,42,6.149980079,82,41,1,0
sample_14729.pdf,0,0,15609,0,0,0,0.0,0,0,0,1
sample_19082.pdf,5283,20,15093,126,7,8,5.369712144,18,9,1,1
sample_13305.pdf,1,18,5081,100,44,3,6.762178339,6,3,1,1
sample_17608.pdf,1,10,5880,153,37,2,5.844954989,6,3,1,1
sample_11004.pdf,0,0,8216,0,0,0,0.0,0,0,0,1
sample_18489.pdf,0,0,12815,0,0,0,0.0,0,0,0,1
sample_06537.pdf,7823,82,79338,163,11,36,6.399082444,74,37,1,0
sample_04158.pdf,5316,23,11101,235,30,4,5.734269997,10,5,1,0
sample_04685.pdf,25613,78,71449,275,66,21,6.744426168,44,22,1,0
sample_09111.pdf,6275,77,23001,305,55,9,6.0846552,20,10,1,0
sample_03039.pdf,10920,40,75351,239,29,11,6.831409638,24,12,1,0
sample_09573.pdf,0,0,9683,0,0,0,0.0,0,0,0,1
sample_17043.pdf,0,0,9429,0,0,0,0.0,0,0,0,1
sample_18945.pdf,0,0,16676,0,0,0,0.0,0,0,0,1
sample_15818.pdf,5283,20,15093,126,7,8,5.369672623,18,9,1,1
sample_12053.pdf,3730,20,12104,126,7,9,5.527904688,18,9,1,1
sample_10252.pdf,0,0,17291,0,0,0,0.0,0,0,0,1
sample_18997.pdf,0,0,15627,0,0,0,0.0,0,0,0,1
sample_02987.pdf,764,12,10991,160,9,3,5.283884958,6,3,1,0
sample_18511.pdf,0,0,15555,0,0,0,0.0,0,0,0,1
sample_14955.pdf,2979,20,12122,126,7,9,5.526927063,18,9,1,1
sample_10318.pdf,0,0,9785,0,0,0,0.0,0,0,0,1
sample_18067.pdf,0,0,2016,0,0,0,0.0,0,0,0,1
sample_10313.pdf,0,0,9817,0,0,0,0.0,0,0,0,1
sample_03277.pdf,14,7,1157,325,17,1,4.702746985,2,1,1,0
sample_05596.pdf,12787,36,17548,399,62,11,6.498244092,24,12,1,0
sample_17036.pdf,7741,22,8865,158,15,10,5.650156624,20,10,1,1
sample_12966.pdf,0,0,8295,0,0,0,0.0,0,0,0,1
sample_15495.pdf,0,0,9621,0,0,0,0.0,0,0,0,1
sample_18082.pdf,0,0,9546,0,0,0,0.0,0,0,0,1
sample_12090.pdf,0,0,9772,0,0,0,0.0,0,0,0,1
sample_17130.pdf,0,0,9487,0,0,0,0.0,0,0,0,1
sample_07706.pdf,66191,95,74703,237,29,25,6.865509931,52,26,1,0
sample_04013.pdf,12300,32,16816,127,11,8,6.731672262,16,8,1,0
sample_16354.pdf,0,0,15532,0,0,0,0.0,0,0,0,1
sample_01631.pdf,5279,2666,104237,233,22,51,6.581492033,104,52,1,0
sample_00451.pdf,1269,21,84236,138,12,2,5.868753604,4,2,1,0
sample_09643.pdf,0,0,9847,0,0,0,0.0,0,0,0,1
sample_06632.pdf,15522,44,25386,87,12,11,6.910972889,22,11,1,0
sample_19138.pdf,0,0,17775,0,0,0,0.0,0,0,0,1
sample_06806.pdf,1346,13,21795,188,10,3,5.266300337,8,4,1,0
sample_09489.pdf,0,0,9374,0,0,0,0.0,0,0,0,1
sample_13041.pdf,0,0,16415,0,0,0,0.0,0,0,0,1
sample_09718.pdf,0,0,16989,0,0,0,0.0,0,0,0,1
sample_06538.pdf,1447,100,118626,409,33,18,6.167363315,38,19,1,0
sample_03434.pdf,25865,45,32350,236,29,11,6.568461278,24,12,1,0
sample_16214.pdf,45989,23,12994,224,18,7,6.946483189,14,7,1,1
sample_00224.pdf,4547,31,19723,228,83,2,5.235729612,9,4,1,0
sample_14686.pdf,0,0,8130,0,0,0,0.0,0,0,0,1
sample_17013.pdf,0,0,12121,0,0,0,0.0,0,0,0,1
sample_15825.pdf,0,0,17093,0,0,0,0.0,0,0,0,1
sample_05260.pdf,4522,555,68821,294,6,49,4.909984263,112,56,1,0
sample_14646.pdf,0,0,10065,0,0,0,0.0,0,0,0,1
sample_08440.pdf,5645,192,139076,289,25,13,6.347424242,28,14,1,0
sample_01589.pdf,35946,50,54941,259,11,16,6.645298261,34,17,1,0
sample_01216.pdf,1124,21,73706,135,13,2,5.83293156,4,2,1,0
sample_04064.pdf,15275,50,19558,87,12,13,6.58889532,26,13,1,0
sample_09563.pdf,0,0,16256,0,0,0,0.0,0,0,0,1
sample_06315.pdf,1253,21,75293,138,13,2,5.840747587,4,2,1,0
sample_06766.pdf,1242,21,82964,138,12,2,5.862778277,4,2,1,0
sample_07041.pdf,15959,1228,166072,276,15,92,5.44297094,222,111,1,0
sample_07922.pdf,5557,123,213681,269,56,70,4.904554955,162,81,1,0
sample_03164.pdf,1494,124,179718,385,10,26,5.898190301,54,27,1,0
sample_17089.pdf,0,0,9436,0,0,0,0.0,0,0,0,1
sample_11330.pdf,0,0,16203,0,0,0,0.0,0,0,0,1
sample_13842.pdf,5696,20,13019,126,7,9,5.545700196,18,9,1,1
sample_02869.pdf,3303,273,135373,414,33,36,6.048464648,80,40,1,0
sample_13038.pdf,1,28,4586,134,37,4,3.213943853,10,5,1,1
sample_02630.pdf,7776,390,35453,543,73,13,6.283918869,28,14,1,0
sample_03845.pdf,1237,21,77739,145,13,2,5.86643084,4,2,1,0
sample_17255.pdf,0,0,9675,0,0,0,0.0,0,0,0,1
sample_10016.pdf,0,0,7936,0,0,0,0.0,0,0,0,1
sample_00204.pdf,3833,623,130108,361,29,51,4.786441295,188,94,1,0
sample_18090.pdf,0,0,1898,0,0,0,0.0,0,0,0,1
sample_11567.pdf,0,0,8009,0,0,0,0.0,0,0,0,1
sample_06869.pdf,3322,535,282131,396,24,47,5.056000437,186,93,1,0
sample_16954.pdf,0,0,9805,0,0,0,0.0,0,0,0,1
sample_05426.pdf,6356,142,17250,302,56,8,5.877174791,18,9,1,0
sample_14458.pdf,1216,10,8946,235,16,1,6.726889227,2,1,1,1
sample_19219.pdf,0,0,9798,0,0,0,0.0,0,0,0,1
sample_13467.pdf,1,19,6862,214,44,3,6.950160546,6,3,1,1
sample_10198.pdf,0,0,9524,0,0,0,0.0,0,0,0,1
sample_15458.pdf,0,0,37869,0,0,0,0.0,0,0,0,1
sample_17673.pdf,1,16,4080,205,44,1,4.947480244,4,2,1,1
sample_12597.pdf,0,0,12690,0,0,0,0.0,0,0,0,1
sample_15443.pdf,0,0,9513,0,0,0,0.0,0,0,0,1
sample_09204.pdf,14361,165,81686,233,11,10,6.812606471,22,11,1,0
sample_14199.pdf,5283,20,15019,126,7,8,5.370004976,18,9,1,1
sample_00809.pdf,1518,123,149577,405,10,27,5.916832371,56,28,1,0
sample_03059.pdf,31129,187,151701,282,23,29,6.64943157,60,30,1,0
sample_11338.pdf,1,10,5860,156,37,2,5.495422394,6,3,1,1
sample_02478.pdf,3950,23,22779,402,56,5,5.992324573,12,6,1,0
sample_09691.pdf,0,0,12478,0,0,0,0.0,0,0,0,1
sample_17392.pdf,0,0,17335,0,0,0,0.0,0,0,0,1
sample_15220.pdf,0,0,15341,0,0,0,0.0,0,0,0,1
sample_08161.pdf,4858,28,108834,168,36,14,6.534034653,30,15,1,0
sample_05341.pdf,16309,750,342605,429,24,50,5.817837153,128,64,1,0
sample_16355.pdf,1,996,6298,210,39,8,5.036515016,16,8,1,1
sample_15980.pdf,0,0,17571,0,0,0,0.0,0,0,0,1
sample_05245.pdf,3912,247,54195,430,32,34,5.972478172,66,33,1,0
sample_11429.pdf,5283,20,14959,126,7,8,5.370400178,18,9,1,1
sample_15624.pdf,1,15,17410,208,44,0,3.216294764,4,2,1,1
sample_06283.pdf,103306,60,167583,270,8,15,6.652548499,32,16,1,0
sample_01643.pdf,4953,25,11840,236,28,4,5.760462529,10,5,1,0
sample_17544.pdf,0,0,12054,0,0,0,0.0,0,0,0,1
sample_19144.pdf,5283,20,15095,126,7,8,5.369705353,18,9,1,1
sample_05863.pdf,7901,400,239183,361,26,51,4.430982339,284,142,1,0
sample_17806.pdf,0,0,9466,0,0,0,0.0,0,0,0,1
sample_08588.pdf,2937,34,123339,232,7,10,4.7153448,20,10,1,0
sample_08273.pdf,11647,1016,97472,439,14,56,5.840098421,130,65,1,0
sample_07596.pdf,1420,66,33751,262,1,6,5.748217853,14,7,1,0
sample_17306.pdf,0,0,73652,0,0,0,0.0,0,0,0,1
sample_09294.pdf,19096,1218,126035,434,32,65,6.035131042,134,67,1,0
sample_07958.pdf,4058,28,24375,402,56,5,5.980004502,12,6,1,0
sample_11938.pdf,0,0,8149,0,0,0,0.0,0,0,0,1
sample_09453.pdf,0,0,7878,0,0,0,0.0,0,0,0,1
sample_05098.pdf,2034,9,26436,119,27,2,6.427292842,6,3,1,0
sample_02887.pdf,11794,588,96703,399,26,67,5.023211151,204,102,1,0
sample_15720.pdf,0,0,9679,0,0,0,0.0,0,0,0,1
sample_02707.pdf,740,11,52948,175,12,3,5.294420883,8,4,1,0
sample_02171.pdf,12999,149,58492,272,19,39,6.505389039,80,40,1,0
sample_01882.pdf,5953,144,21236,377,8,8,5.894023989,18,9,1,0
sample_15633.pdf,0,0,12151,0,0,0,0.0,0,0,0,1
sample_01128.pdf,995,12,22417,198,10,3,5.301398486,6,3,1,0
sample_13326.pdf,0,0,8325,0,0,0,0.0,0,0,0,1
sample_02400.pdf,16463,722,155422,279,24,65,5.247654624,190,95,1,0
sample_12275.pdf,0,0,12419,0,0,0,0.0,0,0,0,1
sample_14462.pdf,0,0,9376,0,0,0,0.0,0,0,0,1
sample_01564.pdf,1,13,288498,225,23,4,4.87859289,10,5,1,0
sample_12585.pdf,5283,20,15093,126,7,8,5.369651197,18,9,1,1
sample_16257.pdf,0,0,8246,0,0,0,0.0,0,0,0,1
sample_00880.pdf,9391,546,70456,301,14,45,6.083106746,90,45,1,0
sample_17998.pdf,18,10,17708,184,12,1,5.159771663,2,1,1,1
sample_12596.pdf,5283,20,15093,126,7,8,5.36964344,18,9,1,1
sample_08088.pdf,2391,81,32890,424,83,16,6.494984663,36,18,1,0
sample_11369.pdf,0,0,8313,0,0,0,0.0,0,0,0,1
sample_11459.pdf,0,0,7962,0,0,0,0.0,0,0,0,1
sample_13858.pdf,0,0,8241,0,0,0,0.0,0,0,0,1
sample_01880.pdf,11183,747,89647,294,6,80,4.546198011,186,93,1,0
sample_02223.pdf,4905,316,320451,418,25,31,4.373364374,268,134,1,0
sample_15542.pdf,0,0,9656,0,0,0,0.0,0,0,0,1
sample_08633.pdf,1058,12,27124,198,12,3,5.485359562,6,3,1,0
sample_01540.pdf,28325,86,68543,218,29,36,6.438454431,74,37,1,0
sample_11111.pdf,0,0,16524,0,0,0,0.0,0,0,0,1
sample_07471.pdf,1210,12,32743,198,12,3,5.382149885,6,3,1,0
sample_19286.pdf,0,0,16703,0,0,0,0.0,0,0,0,1
sample_17373.pdf,0,0,8067,0,0,0,0.0,0,0,0,1
sample_11382.pdf,0,0,8128,0,0,0,0.0,0,0,0,1
sample_14478.pdf,0,0,76899,0,0,0,0.0,0,0,0,1
sample_06717.pdf,16462,222,313348,364,27,40,5.140878165,110,55,1,0
sample_15646.pdf,0,0,77454,0,0,0,0.0,0,0,0,1
sample_17228.pdf,1,16,14950,214,44,0,4.570651378,4,2,1,1
sample_16024.pdf,153,41,99548,286,68,15,6.756180391,30,15,1,1
sample_09653.pdf,0,0,9422,0,0,0,0.0,0,0,0,1
sample_11852.pdf,0,0,9365,0,0,0,0.0,0,0,0,1
sample_18946.pdf,0,0,9904,0,0,0,0.0,0,0,0,1
sample_14979.pdf,0,0,37742,0,0,0,0.0,0,0,0,1
sample_09503.pdf,0,0,9884,0,0,0,0.0,0,0,0,1
sample_00438.pdf,15257,32,47736,270,8,7,7.132419344,14,7,1,0
sample_06010.pdf,11176,35,28954,264,57,9,6.409274153,20,10,1,0
sample_07646.pdf,2892,33,120921,257,48,9,6.280126082,20,10,1,0
sample_04560.pdf,39006,56,64590,266,22,20,6.677937709,42,21,1,0
sample_00052.pdf,16334,41,25412,234,58,9,6.813008613,18,9,1,0
sample_15000.pdf,0,0,8250,0,0,0,0.0,0,0,0,1
sample_14538.pdf,0,0,12026,0,0,0,0.0,0,0,0,1
sample_13751.pdf,5283,20,15089,126,7,8,5.369615749,18,9,1,1
sample_00172.pdf,8833,47,64814,245,36,11,6.542791867,24,12,1,0
sample_18022.pdf,1,70,8427,0,0,1,7.166836071,2,1,1,1
sample_17706.pdf,0,0,9862,0,0,0,0.0,0,0,0,1
sample_04205.pdf,3981,72,50380,221,6,6,6.547793354,14,7,1,0
sample_11346.pdf,0,0,16962,0,0,0,0.0,0,0,0,1
sample_18607.pdf,10432,14,4813,399,14,3,6.76863141,6,3,1,1
sample_03708.pdf,1236,21,73789,138,12,2,5.838524366,4,2,1,0
sample_14355.pdf,0,0,15805,0,0,0,0.0,0,0,0,1
sample_17281.pdf,0,0,1901,0,0,0,0.0,0,0,0,1
sample_15276.pdf,0,0,15175,0,0,0,0.0,0,0,0,1
sample_09822.pdf,0,0,9722,0,0,0,0.0,0,0,0,1
sample_04825.pdf,1642,35,92580,173,15,20,5.62273894,44,22,1,0
sample_02858.pdf,5079,22,10866,233,28,3,5.489325394,8,4,1,0
sample_03136.pdf,4940,919,192894,294,6,71,4.828722827,164,82,1,0
sample_14656.pdf,0,0,8148,0,0,0,0.0,0,0,0,1
sample_12411.pdf,0,0,9315,0,0,0,0.0,0,0,0,1
sample_16083.pdf,0,0,7867,0,0,0,0.0,0,0,0,1
sample_12591.pdf,0,0,9797,0,0,0,0.0,0,0,0,1
sample_16036.pdf,828,10,7618,137,8,1,6.791384588,2,1,1,1
sample_04555.pdf,25286,1097,76806,539,73,27,6.656042886,56,28,1,0
sample_06576.pdf,1214,21,89350,135,11,2,5.880829873,4,2,1,0
sample_17907.pdf,0,0,9272,0,0,0,0.0,0,0,0,1
sample_13963.pdf,1,16,14978,214,44,0,4.640884207,4,2,1,1
sample_13871.pdf,1,10,5762,156,37,2,5.460701396,6,3,1,1
sample_15760.pdf,0,0,15181,0,0,0,0.0,0,0,0,1
sample_13417.pdf,0,0,8242,0,0,0,0.0,0,0,0,1
sample_13394.pdf,0,0,9777,0,0,0,0.0,0,0,0,1
sample_15558.pdf,0,0,7858,0,0,0,0.0,0,0,0,1
sample_01087.pdf,1768,28,83200,173,10,13,5.638115474,30,15,1,0
sample_16613.pdf,0,0,1960,0,0,0,0.0,0,0,0,1
sample_09426.pdf,0,0,16662,0,0,0,0.0,0,0,0,1
sample_06748.pdf,10967,36,28207,235,28,7,6.236250803,16,8,1,0
sample_04626.pdf,6088,28,48336,239,29,7,6.629990192,16,8,1,0
sample_05940.pdf,1080,21,79619,135,12,2,5.862105931,4,2,1,0
sample_06734.pdf,30958,80,42464,238,29,22,6.716235463,46,23,1,0
sample_13687.pdf,5283,20,14919,126,7,8,5.370729811,18,9,1,1
sample_12441.pdf,0,0,1282,0,0,0,0.0,0,0,0,1
sample_17751.pdf,0,0,8298,0,0,0,0.0,0,0,0,1
sample_17523.pdf,0,0,35307,0,0,0,0.0,0,0,0,1
sample_06799.pdf,13208,56,60484,319,74,16,6.591073074,34,17,1,0
sample_01171.pdf,1238,12,28054,198,10,3,5.368894601,6,3,1,0
sample_01596.pdf,1309,61,131671,173,11,46,6.257002945,96,48,1,0
sample_03282.pdf,1745,8,1444,289,16,1,6.340241682,2,1,1,0
sample_10025.pdf,5283,20,14981,126,7,8,5.370394028,18,9,1,1
sample_18873.pdf,0,0,9697,0,0,0,0.0,0,0,0,1
sample_16111.pdf,85,42,13434,226,49,4,5.890045509,10,5,1,1
sample_12960.pdf,5283,20,15093,126,7,8,5.369671761,18,9,1,1
sample_01836.pdf,16514,527,303187,588,91,30,6.462385368,62,31,1,0
sample_19141.pdf,0,0,9528,0,0,0,0.0,0,0,0,1
sample_12226.pdf,0,0,17039,0,0,0,0.0,0,0,0,1
sample_18518.pdf,0,0,17277,0,0,0,0.0,0,0,0,1
sample_15661.pdf,828,10,7642,137,8,1,6.791384588,2,1,1,1
sample_05149.pdf,9843,1339,96946,343,29,42,5.371538741,120,60,1,0
sample_04605.pdf,1679,382,86420,370,24,30,6.409339865,58,29,1,0
sample_15587.pdf,1,16,4140,206,44,1,4.947275647,4,2,1,1
sample_03258.pdf,1485,148,186810,461,19,17,6.048783845,42,21,1,0
sample_12588.pdf,0,0,9035,0,0,0,0.0,0,0,0,1
sample_13995.pdf,0,0,8189,0,0,0,0.0,0,0,0,1
sample_18451.pdf,0,0,38068,0,0,0,0.0,0,0,0,1
sample_10845.pdf,0,0,7991,0,0,0,0.0,0,0,0,1
sample_18104.pdf,0,0,15246,0,0,0,0.0,0,0,0,1
sample_05993.pdf,6789,2278,140228,434,26,88,5.565280291,240,120,1,0
sample_01852.pdf,81376,202,352613,317,29,57,6.831336625,114,57,1,0
sample_05699.pdf,15352,269,113310,488,60,38,6.464682696,80,40,1,0
sample_11533.pdf,15627,21,10433,261,9,6,6.923701432,12,6,1,1
sample_09624.pdf,0,0,8070,0,0,0,0.0,0,0,0,1
sample_03750.pdf,6403,33,14160,222,8,9,6.552857023,18,9,1,0
sample_16113.pdf,0,0,8404,0,0,0,0.0,0,0,0,1
sample_00882.pdf,1388,12,27235,198,11,3,5.200668766,6,3,1,0
sample_02405.pdf,404616,740,552217,278,16,211,6.528885228,464,232,1,0
sample_13069.pdf,0,0,8487,0,0,0,0.0,0,0,0,1
sample_03576.pdf,18863,785,310014,323,26,77,4.85036866,252,126,1,0
sample_17451.pdf,0,0,15505,0,0,0,0.0,0,0,0,1
sample_09041.pdf,14932,44,60989,288,43,17,6.648321956,36,18,1,0
sample_17029.pdf,0,0,9469,0,0,0,0.0,0,0,0,1
sample_12321.pdf,0,0,15577,0,0,0,0.0,0,0,0,1
sample_15163.pdf,0,0,8171,0,0,0,0.0,0,0,0,1
sample_07230.pdf,2731,110,17755,312,8,7,5.803742073,16,8,1,0
sample_09927.pdf,1,70,10099,0,0,1,7.159735238,2,1,1,1
sample_04845.pdf,35475,187,51266,246,12,25,6.648458899,52,26,1,0
sample_12423.pdf,0,0,15368,0,0,0,0.0,0,0,0,1
sample_06841.pdf,91558,279,211145,337,36,37,6.745007008,76,38,1,0
sample_18756.pdf,0,0,9489,0,0,0,0.0,0,0,0,1
sample_01891.pdf,30666,51,72069,312,67,19,6.684082904,40,20,1,0
sample_15436.pdf,0,0,17903,0,0,0,0.0,0,0,0,1
sample_06467.pdf,1260,21,76364,135,12,2,5.852995464,4,2,1,0
sample_18713.pdf,0,0,8339,0,0,0,0.0,0,0,0,1
sample_03781.pdf,6342,126,40417,280,16,26,6.406949563,54,27,1,0
sample_06202.pdf,11486,231,249226,304,25,8,6.997011051,16,8,1,0
sample_12530.pdf,828,10,7630,137,8,1,6.791384588,2,1,1,1
sample_01373.pdf,10427,133,83614,214,8,13,6.853663692,28,14,1,0
sample_03092.pdf,1644,28,95058,173,12,13,5.943707677,30,15,1,0
sample_15780.pdf,0,0,15491,0,0,0,0.0,0,0,0,1
sample_04664.pdf,1219,12,26052,198,12,3,5.320757122,6,3,1,0
sample_14013.pdf,0,0,8231,0,0,0,0.0,0,0,0,1
sample_14140.pdf,0,0,9781,0,0,0,0.0,0,0,0,1
sample_16314.pdf,0,0,9458,0,0,0,0.0,0,0,0,1
sample_18102.pdf,0,0,12236,0,0,0,0.0,0,0,0,1
sample_11163.pdf,0,0,9650,0,0,0,0.0,0,0,0,1
sample_05379.pdf,1551,281,279960,351,7,29,5.80414542,60,30,1,0
sample_12627.pdf,0,0,9681,0,0,0,0.0,0,0,0,1
sample_13643.pdf,0,0,12421,0,0,0,0.0,0,0,0,1
sample_18384.pdf,0,0,8433,0,0,0,0.0,0,0,0,1
sample_03693.pdf,25819,819,166533,233,8,18,6.905246429,38,19,1,0
sample_04422.pdf,1133,34,23705,478,38,6,6.963839859,12,6,1,0
sample_16004.pdf,0,0,12264,0,0,0,0.0,0,0,0,1
sample_17922.pdf,0,0,15943,0,0,0,0.0,0,0,0,1
sample_08340.pdf,4445,27,11604,234,29,6,5.964254013,14,7,1,0
sample_03570.pdf,53079,890,131352,263,17,34,6.598078388,72,36,1,0
sample_14773.pdf,221,69,56005,214,44,51,6.25836285,102,51,1,1
sample_15277.pdf,10127,14,4689,346,12,3,6.60423984,6,3,1,1
sample_12478.pdf,0,0,15226,0,0,0,0.0,0,0,0,1
sample_04251.pdf,1356,21,85097,138,12,2,5.857449494,4,2,1,0
sample_17336.pdf,14,36,75775,214,44,18,6.614696108,36,18,1,1
sample_03035.pdf,6790,25,49534,238,28,6,6.501823774,14,7,1,0
sample_11545.pdf,0,0,17427,0,0,0,0.0,0,0,0,1
sample_15513.pdf,0,0,7804,0,0,0,0.0,0,0,0,1
sample_00046.pdf,50325,93,95383,155,8,27,6.769539188,56,28,1,0
sample_03906.pdf,14,11,3436,288,15,2,5.883933458,4,2,1,0
sample_11197.pdf,0,0,15664,0,0,0,0.0,0,0,0,1
sample_19120.pdf,63,14,4158,40,44,2,2.685268867,4,2,1,1
sample_06873.pdf,4815,559,98366,397,24,98,5.050805062,350,175,1,0
sample_07654.pdf,4179,545,76413,463,31,49,5.610328869,116,58,1,0
sample_17166.pdf,0,0,8339,0,0,0,0.0,0,0,0,1
sample_02669.pdf,1267,12,24470,198,10,3,5.323518495,6,3,1,0
sample_09216.pdf,1632,24,113004,138,12,4,5.489319572,8,4,1,0
sample_17674.pdf,0,0,9306,0,0,0,0.0,0,0,0,1
sample_17424.pdf,0,0,12741,0,0,0,0.0,0,0,0,1
sample_14509.pdf,5283,20,14925,126,7,8,5.370701971,18,9,1,1
sample_02209.pdf,163593,121,148710,338,31,32,7.117129805,64,32,1,0
sample_15975.pdf,0,0,9543,0,0,0,0.0,0,0,0,1
sample_00562.pdf,5671,188,77919,465,37,28,6.258856751,64,32,1,0
sample_15232.pdf,0,0,9694,0,0,0,0.0,0,0,0,1
sample_04780.pdf,7815,125,28284,553,99,7,5.977599723,16,8,1,0
sample_03348.pdf,51130,337,66343,252,8,24,6.672994713,50,25,1,0
sample_03106.pdf,2835,67,29335,378,34,8,6.20554021,18,9,1,0
sample_13133.pdf,0,0,9534,0,0,0,0.0,0,0,0,1
sample_17447.pdf,6104,20,32266,280,12,5,6.65451369,10,5,1,1
sample_12777.pdf,0,0,12042,0,0,0,0.0,0,0,0,1
sample_15901.pdf,828,10,7639,137,8,1,6.791384588,2,1,1,1
sample_14358.pdf,19930,24,33979,232,14,8,7.005923453,16,8,1,1
sample_12047.pdf,0,0,16921,0,0,0,0.0,0,0,0,1
sample_08867.pdf,1261,12,27838,198,11,3,5.353477298,6,3,1,0
sample_15185.pdf,0,0,27954,0,0,0,0.0,0,0,0,1
sample_18063.pdf,1623,10,9501,227,13,1,6.784440025,2,1,1,1
sample_05786.pdf,4844,47,106978,271,64,12,6.66818395,24,12,1,0
sample_06779.pdf,14595,43,21716,235,28,10,6.460840523,22,11,1,0
sample_02593.pdf,95669,40,126458,270,8,13,6.777245437,26,13,1,0
sample_01563.pdf,1220,38,203160,188,12,13,5.715583565,28,14,1,0
sample_02370.pdf,52206,81,52039,234,29,23,6.755656934,48,24,1,0
sample_11274.pdf,0,0,17288,0,0,0,0.0,0,0,0,1
sample_00586.pdf,4327,1377,169237,338,14,62,5.55435126,158,79,1,0
sample_09181.pdf,6622,38,98669,287,76,12,6.490929183,26,13,1,0
sample_10953.pdf,5283,20,15021,126,7,8,5.36996329,18,9,1,1
sample_16978.pdf,0,0,14892,0,0,0,0.0,0,0,0,1
sample_18968.pdf,0,0,8207,0,0,0,0.0,0,0,0,1
sample_16535.pdf,0,0,16937,0,0,0,0.0,0,0,0,1
sample_07217.pdf,1534,115,147711,359,12,27,5.919454967,56,28,1,0
sample_09587.pdf,5283,20,14981,126,7,8,5.370403599,18,9,1,1
sample_16562.pdf,177,10,9552,222,14,1,6.134987796,2,1,1,1
sample_05271.pdf,11925,534,80938,416,31,49,6.076283996,96,48,1,0
sample_12969.pdf,0,0,9609,0,0,0,0.0,0,0,0,1
sample_09207.pdf,3013,67,39722,239,26,5,6.386012625,12,6,1,0
sample_18315.pdf,5283,20,15093,126,7,8,5.369656298,18,9,1,1
sample_10546.pdf,1,16,14938,147,44,3,5.067735308,6,3,1,1
sample_04059.pdf,9223,103,44369,266,18,27,6.460014009,56,28,1,0
sample_08579.pdf,37905,210,153388,254,31,31,6.636463173,64,32,1,0
sample_07112.pdf,1290,21,79415,135,12,2,5.852832865,4,2,1,0
sample_09052.pdf,13890,1518,397308,297,32,100,4.354928228,472,236,1,0
sample_17361.pdf,0,0,77496,0,0,0,0.0,0,0,0,1
sample_06898.pdf,40722,87,171584,198,30,25,6.276697873,52,26,1,0
sample_01672.pdf,3380,85,73460,163,10,41,6.413673518,84,42,1,0
sample_01878.pdf,18335,79,62000,167,36,17,6.751793374,36,18,1,0
sample_06846.pdf,14129,96,312080,161,36,44,6.593064422,90,45,1,0
sample_05529.pdf,6938,78,18259,300,56,8,5.977036858,18,9,1,0
sample_14964.pdf,1,15,2785,208,44,1,5.208381337,4,2,1,1
sample_04210.pdf,12666,926,104234,407,29,62,5.719756975,146,73,1,0
sample_17643.pdf,25,10,18097,186,14,1,5.280226254,2,1,1,1
sample_01363.pdf,11245,150,94042,235,12,16,6.747558228,34,17,1,0
sample_17495.pdf,0,0,9863,0,0,0,0.0,0,0,0,1
sample_17033.pdf,0,0,12849,0,0,0,0.0,0,0,0,1
sample_11437.pdf,0,0,8211,0,0,0,0.0,0,0,0,1
sample_13260.pdf,0,0,3112,0,0,0,0.0,0,0,0,1
sample_13689.pdf,0,0,8179,0,0,0,0.0,0,0,0,1
sample_17049.pdf,5283,20,15093,126,7,8,5.369631839,18,9,1,1
sample_02318.pdf,29579,147,152642,277,37,23,6.721238807,48,24,1,0
sample_10364.pdf,0,0,2733,0,0,0,0.0,0,0,0,1
sample_12059.pdf,0,0,8374,0,0,0,0.0,0,0,0,1
sample_15605.pdf,5283,20,15043,126,7,8,5.369801793,18,9,1,1
sample_16370.pdf,5283,20,14961,126,7,8,5.370333398,18,9,1,1
sample_01695.pdf,7050,31,56330,237,27,8,6.684956347,18,9,1,0
sample_01003.pdf,5247,23,11319,237,28,4,5.78527067,10,5,1,0
sample_12198.pdf,0,0,9611,0,0,0,0.0,0,0,0,1
sample_04978.pdf,1287,21,71393,135,10,2,5.831815206,4,2,1,0
sample_11431.pdf,866,96,79083,214,44,52,6.134208779,104,52,1,1
sample_10467.pdf,0,0,9568,0,0,0,0.0,0,0,0,1
sample_07098.pdf,4631,56,114974,128,9,18,6.935893549,36,18,1,0
sample_08370.pdf,1236,13,21913,188,12,3,5.279098483,8,4,1,0
sample_03722.pdf,1246,21,77655,135,12,2,5.848027541,4,2,1,0
sample_17145.pdf,1,18,5091,100,44,3,6.762721435,6,3,1,1
sample_03396.pdf,21669,55,31900,264,43,17,6.709445691,36,18,1,0
sample_03493.pdf,5401,460,81148,406,14,54,5.389967165,142,71,1,0
sample_17547.pdf,0,0,8091,0,0,0,0.0,0,0,0,1
sample_09884.pdf,0,0,8063,0,0,0,0.0,0,0,0,1
sample_11828.pdf,0,0,17326,0,0,0,0.0,0,0,0,1
sample_05314.pdf,7613,461,262081,446,24,24,5.364102212,76,38,1,0
sample_00838.pdf,1282,21,80347,135,12,2,5.853778339,4,2,1,0
sample_13875.pdf,0,0,8278,0,0,0,0.0,0,0,0,1
sample_16601.pdf,0,0,9415,0,0,0,0.0,0,0,0,1
sample_08907.pdf,10181,116,24379,259,8,8,5.933483568,18,9,1,0
sample_16177.pdf,0,0,8141,0,0,0,0.0,0,0,0,1
sample_14302.pdf,0,0,1436,0,0,0,0.0,0,0,0,1
sample_13997.pdf,1,16,6577,214,44,2,7.058188246,4,2,1,1
sample_03878.pdf,8868,977,126633,367,26,83,5.065730336,254,127,1,0
sample_00431.pdf,1491,17,60945,198,12,5,5.564433731,10,5,1,0
sample_14235.pdf,0,0,17429,0,0,0,0.0,0,0,0,1
sample_17194.pdf,1,16,15120,147,44,3,5.074349548,6,3,1,1
sample_05329.pdf,29577,53,29086,87,12,13,6.814736669,26,13,1,0
sample_09804.pdf,1,9,21408,0,0,0,3.73895586,4,2,1,1
sample_12083.pdf,0,0,9811,0,0,0,0.0,0,0,0,1
sample_13846.pdf,0,0,9078,0,0,0,0.0,0,0,0,1
sample_13861.pdf,0,0,8194,0,0,0,0.0,0,0,0,1
sample_16525.pdf,0,0,6237,0,0,0,0.0,0,0,0,1
sample_10370.pdf,0,0,17344,0,0,0,0.0,0,0,0,1
sample_13764.pdf,0,0,9938,0,0,0,0.0,0,0,0,1
sample_08160.pdf,3753,28,41925,239,29,7,6.569722371,16,8,1,0
sample_11174.pdf,1,52,4373,211,37,6,3.889753024,14,7,1,1
sample_17254.pdf,0,0,15394,0,0,0,0.0,0,0,0,1
sample_08004.pdf,1098,38,15890,419,20,1,6.111182365,4,2,1,0
sample_18541.pdf,0,0,11860,0,0,0,0.0,0,0,0,1
sample_18493.pdf,0,0,15617,0,0,0,0.0,0,0,0,1
sample_13739.pdf,1406,10,9562,235,20,1,6.783150434,2,1,1,1
sample_16920.pdf,0,0,2462,0,0,0,0.0,0,0,0,1
sample_07818.pdf,36455,76,53648,208,24,18,7.009900733,36,18,1,0
sample_13238.pdf,94,31,10695,163,44,4,5.447383212,8,4,1,1
sample_17469.pdf,0,0,57306,0,0,0,0.0,0,0,0,1
sample_16416.pdf,3017,20,11921,126,7,9,5.519265434,18,9,1,1
sample_04568.pdf,1003,17,31934,198,12,5,5.574136902,10,5,1,0
sample_15383.pdf,5283,20,15017,126,7,8,5.369949657,18,9,1,1
sample_04642.pdf,6122,70,16299,302,56,7,5.812905393,16,8,1,0
sample_08556.pdf,27973,169,143262,314,40,22,6.703878402,46,23,1,0
sample_17273.pdf,0,0,16237,0,0,0,0.0,0,0,0,1
sample_11337.pdf,0,0,8407,0,0,0,0.0,0,0,0,1
sample_01833.pdf,72508,292,195398,321,21,35,6.727505521,72,36,1,0
sample_16030.pdf,0,0,8095,0,0,0,0.0,0,0,0,1
sample_10233.pdf,0,0,1971,0,0,0,0.0,0,0,0,1
sample_02627.pdf,5987,26,11925,237,28,5,5.981921354,12,6,1,0
sample_14525.pdf,0,0,12402,0,0,0,0.0,0,0,0,1
sample_01072.pdf,17829,101,311011,172,11,25,6.891732197,52,26,1,0
sample_11607.pdf,0,0,1974,0,0,0,0.0,0,0,0,1
sample_02728.pdf,3830,26,11005,236,29,5,5.890096761,12,6,1,0
sample_03281.pdf,1390,21,88336,135,10,2,5.870199271,4,2,1,0
sample_17481.pdf,0,0,9647,0,0,0,0.0,0,0,0,1
sample_06200.pdf,4626,736,83599,393,16,57,5.339985389,156,78,1,0
sample_07013.pdf,1246,13,22871,188,12,3,5.219317737,8,4,1,0
sample_11589.pdf,5283,20,15089,126,7,8,5.369680774,18,9,1,1
sample_16132.pdf,0,0,76791,0,0,0,0.0,0,0,0,1
sample_05310.pdf,19452,142,146252,310,37,23,6.663877555,48,24,1,0
sample_13817.pdf,10127,14,4689,346,12,3,6.60423984,6,3,1,1
sample_07853.pdf,1329,29,93037,173,12,14,5.628801345,32,16,1,0
sample_00803.pdf,7608,144,19627,414,7,7,5.921603035,16,8,1,0
sample_09765.pdf,0,0,8308,0,0,0,0.0,0,0,0,1
sample_16499.pdf,0,0,9619,0,0,0,0.0,0,0,0,1
sample_18122.pdf,0,0,11754,0,0,0,0.0,0,0,0,1
sample_03122.pdf,12440,981,123656,304,16,84,4.870828222,292,146,1,0
sample_12156.pdf,1,996,7498,211,39,10,4.625541082,22,11,1,1
sample_12854.pdf,0,0,8106,0,0,0,0.0,0,0,0,1
sample_14865.pdf,71,16,10061,214,44,2,7.111044551,4,2,1,1
sample_01749.pdf,6716,303,146074,293,33,24,6.491691414,52,26,1,0
sample_08711.pdf,17796,47,24162,235,28,12,6.537830738,26,13,1,0
sample_02510.pdf,1046,12,27382,198,12,3,5.456990962,6,3,1,0
sample_10026.pdf,0,0,9334,0,0,0,0.0,0,0,0,1
sample_18918.pdf,0,0,2009,0,0,0,0.0,0,0,0,1
sample_01091.pdf,6444,110,141917,180,41,21,6.401519116,44,22,1,0
sample_08879.pdf,3470,23,242861,210,9,6,6.499656499,16,8,1,0
sample_18861.pdf,5283,20,15089,126,7,8,5.36961803,18,9,1,1
sample_16305.pdf,0,0,9549,0,0,0,0.0,0,0,0,1
sample_18051.pdf,0,0,9759,0,0,0,0.0,0,0,0,1
sample_17661.pdf,0,0,13551,0,0,0,0.0,0,0,0,1
sample_06092.pdf,14937,45,23366,234,29,10,6.494734983,22,11,1,0
sample_02002.pdf,1314,21,75829,135,13,2,5.862907479,4,2,1,0
sample_01506.pdf,1695,25,82152,173,12,10,5.559249467,24,12,1,0
sample_13650.pdf,0,0,8222,0,0,0,0.0,0,0,0,1
sample_04697.pdf,0,0,344093,0,0,0,0.0,0,0,0,0
sample_12850.pdf,0,0,15201,0,0,0,0.0,0,0,0,1
sample_06192.pdf,1258,21,75709,145,12,2,5.850202013,4,2,1,0
sample_14983.pdf,0,0,9349,0,0,0,0.0,0,0,0,1
sample_02928.pdf,1224,21,82239,135,12,2,5.868239553,4,2,1,0
sample_18660.pdf,0,0,16823,0,0,0,0.0,0,0,0,1
sample_08860.pdf,13251,33,35027,276,11,10,6.470221636,22,11,1,0
sample_01753.pdf,10598,912,114528,306,17,66,5.563749345,166,83,1,0
sample_16994.pdf,1,9,19887,0,0,0,3.407110456,2,1,1,1
sample_02056.pdf,5484,58,83010,262,49,29,6.161060277,60,30,1,0
sample_10599.pdf,1,16,14904,214,44,0,4.552126605,4,2,1,1
sample_17621.pdf,0,0,75594,0,0,0,0.0,0,0,0,1
sample_04708.pdf,41391,119,134026,163,12,55,6.61849877,112,56,1,0
sample_04087.pdf,34532,915,324819,227,8,30,6.941935843,62,31,1,0
sample_01323.pdf,5618,22,11120,399,62,4,6.133428046,10,5,1,0
sample_08386.pdf,13176,36,20714,222,8,10,6.604384099,20,10,1,0
sample_01295.pdf,64887,2981,263850,458,43,53,6.654859931,106,53,1,0
sample_00597.pdf,7726,183,269849,359,28,20,6.336675731,42,21,1,0
sample_09748.pdf,0,0,9343,0,0,0,0.0,0,0,0,1
sample_09516.pdf,0,0,154512,0,0,0,0.0,0,0,0,1
sample_18956.pdf,1,996,7512,211,39,10,4.64615921,22,11,1,1
sample_09196.pdf,12835,86,30542,368,14,7,5.798217499,18,9,1,0
sample_18195.pdf,4469,20,12478,126,7,9,5.541907484,18,9,1,1
sample_06034.pdf,21793,62,33316,246,37,16,6.662548373,34,17,1,0
sample_10126.pdf,0,0,14780,0,0,0,0.0,0,0,0,1
sample_10388.pdf,0,0,16522,0,0,0,0.0,0,0,0,1
sample_09336.pdf,0,0,12272,0,0,0,0.0,0,0,0,1
sample_11893.pdf,0,0,7671,0,0,0,0.0,0,0,0,1
sample_01804.pdf,7792,117,19604,300,56,7,5.845647401,16,8,1,0
sample_00034.pdf,4587,163,47688,395,26,37,5.801983319,84,42,1,0
sample_16815.pdf,0,0,16199,0,0,0,0.0,0,0,0,1
sample_09785.pdf,0,0,8368,0,0,0,0.0,0,0,0,1
sample_16457.pdf,0,0,8367,0,0,0,0.0,0,0,0,1
sample_12160.pdf,0,0,16345,0,0,0,0.0,0,0,0,1
sample_07661.pdf,28630,37,58928,270,8,10,7.096768624,20,10,1,0
sample_10150.pdf,0,0,17190,0,0,0,0.0,0,0,0,1
sample_15106.pdf,0,0,8211,0,0,0,0.0,0,0,0,1
sample_18701.pdf,0,0,15310,0,0,0,0.0,0,0,0,1
sample_07679.pdf,17373,417,54943,295,22,17,6.527472067,36,18,1,0
sample_01413.pdf,5537,296,46488,211,12,6,6.552026183,14,7,1,0
sample_05664.pdf,1158,21,65623,135,11,2,5.814276272,4,2,1,0
sample_09984.pdf,0,0,9868,0,0,0,0.0,0,0,0,1
sample_00269.pdf,19770,4170,263399,334,14,142,4.968172947,478,239,1,0
sample_10831.pdf,5283,20,15093,126,7,8,5.369673376,18,9,1,1
sample_12816.pdf,0,0,1898,0,0,0,0.0,0,0,0,1
sample_14234.pdf,0,0,36518,0,0,0,0.0,0,0,0,1
sample_07482.pdf,977,13,43406,188,14,3,5.30298382,8,4,1,0
sample_15433.pdf,0,0,9483,0,0,0,0.0,0,0,0,1
sample_14874.pdf,1,52,4364,211,37,6,3.884971391,14,7,1,1
sample_16748.pdf,0,0,9804,0,0,0,0.0,0,0,0,1
sample_16726.pdf,0,0,8413,0,0,0,0.0,0,0,0,1
sample_08695.pdf,35649,153,156296,271,37,26,6.724906132,54,27,1,0
sample_06006.pdf,1213,21,82813,135,12,2,5.868237637,4,2,1,0
sample_08660.pdf,2419,27,42174,152,30,14,5.365183319,32,16,1,0
sample_15985.pdf,0,0,8067,0,0,0,0.0,0,0,0,1
sample_18846.pdf,0,0,1994,0,0,0,0.0,0,0,0,1
sample_17098.pdf,221,69,56147,214,44,51,6.265532491,102,51,1,1
sample_03584.pdf,1218,140,162730,407,19,28,5.870465548,64,32,1,0
sample_01673.pdf,1451,42,94412,173,16,27,5.352162784,58,29,1,0
sample_10040.pdf,0,0,9927,0,0,0,0.0,0,0,0,1
sample_00084.pdf,1293,35,80851,173,10,20,5.85122672,44,22,1,0
sample_17020.pdf,5283,20,14957,126,7,8,5.37031516,18,9,1,1
sample_14843.pdf,0,0,9883,0,0,0,0.0,0,0,0,1
sample_05504.pdf,1267,12,24730,198,12,3,5.461055913,6,3,1,0
sample_08600.pdf,4735,49,95291,250,40,16,6.802259384,34,17,1,0
sample_01635.pdf,6856,112,20449,254,8,8,5.92202531,18,9,1,0
sample_12870.pdf,0,0,12374,0,0,0,0.0,0,0,0,1
sample_16787.pdf,5283,20,15095,126,7,8,5.369733195,18,9,1,1
sample_18453.pdf,0,0,8142,0,0,0,0.0,0,0,0,1
sample_14316.pdf,0,0,16496,0,0,0,0.0,0,0,0,1
sample_04417.pdf,9695,573,125482,301,19,51,5.557718729,128,64,1,0
sample_03259.pdf,5773,86,65267,221,6,9,6.725348168,20,10,1,0
sample_11443.pdf,0,0,16406,0,0,0,0.0,0,0,0,1
sample_16331.pdf,5283,20,15093,126,7,8,5.369668196,18,9,1,1
sample_17733.pdf,0,0,2152,0,0,0,0.0,0,0,0,1
sample_09986.pdf,0,0,16393,0,0,0,0.0,0,0,0,1
sample_12794.pdf,5283,20,14959,126,7,8,5.370254179,18,9,1,1
sample_06262.pdf,59161,749,168736,504,22,43,6.827123908,88,44,1,0
sample_03897.pdf,1254,12,27107,198,12,3,5.405476999,6,3,1,0
sample_18771.pdf,0,0,14771,0,0,0,0.0,0,0,0,1
sample_08029.pdf,23538,56,30079,236,29,15,6.623907938,32,16,1,0
sample_12566.pdf,48839,25,17040,255,14,8,6.683086247,16,8,1,1
sample_00053.pdf,103532,430,243216,293,25,38,6.788869057,78,39,1,0
sample_04554.pdf,26085,359,178528,244,22,23,7.019020298,48,24,1,0
sample_02742.pdf,6890,148,199009,327,40,64,6.282432373,136,68,1,0
sample_19221.pdf,0,0,41436,0,0,0,0.0,0,0,0,1
sample_12663.pdf,0,0,76848,0,0,0,0.0,0,0,0,1
sample_14614.pdf,0,0,8281,0,0,0,0.0,0,0,0,1
sample_00415.pdf,24555,54,26603,204,12,13,6.423083822,28,14,1,0
sample_18522.pdf,0,0,16588,0,0,0,0.0,0,0,0,1
sample_11223.pdf,0,0,8475,0,0,0,0.0,0,0,0,1
sample_02774.pdf,1414,30,87167,173,16,15,5.405915495,34,17,1,0
sample_05762.pdf,6549,796,97495,340,28,63,5.265050492,176,88,1,0
sample_03072.pdf,1481,24,89556,173,12,9,6.07953179,22,11,1,0
sample_12624.pdf,5283,20,15089,126,7,8,5.369621976,18,9,1,1
sample_09202.pdf,21351,61,28104,237,28,16,6.563061676,34,17,1,0
sample_15264.pdf,0,0,8192,0,0,0,0.0,0,0,0,1
sample_00970.pdf,22049,51,28994,126,12,14,6.897369831,28,14,1,0
sample_17991.pdf,0,0,17667,0,0,0,0.0,0,0,0,1
sample_00333.pdf,1976,151,101367,445,48,25,6.092834055,52,26,1,0
sample_15160.pdf,0,0,9855,0,0,0,0.0,0,0,0,1
sample_15059.pdf,0,0,9779,0,0,0,0.0,0,0,0,1
sample_13184.pdf,0,0,76332,0,0,0,0.0,0,0,0,1
sample_03543.pdf,9230,26,15030,237,28,5,6.024133281,12,6,1,0
sample_06508.pdf,1706,120,232413,407,17,27,5.837352624,56,28,1,0
sample_12853.pdf,1666,10,9838,231,20,1,6.842206436,2,1,1,1
sample_10786.pdf,5283,20,15093,126,7,8,5.369618541,18,9,1,1
sample_01417.pdf,34928,1418,203442,436,19,56,5.231593721,174,87,1,0
sample_08551.pdf,8226,1352,130321,445,33,80,4.822556631,274,137,1,0
sample_13359.pdf,0,0,12646,0,0,0,0.0,0,0,0,1
sample_03359.pdf,1799,38,98894,173,12,23,6.02125559,50,25,1,0
sample_12582.pdf,0,0,12535,0,0,0,0.0,0,0,0,1
sample_12945.pdf,5283,20,15021,126,7,8,5.369996072,18,9,1,1
sample_07825.pdf,10590,28,15909,235,28,5,6.037452201,12,6,1,0
sample_07660.pdf,1675,152,40433,288,20,30,5.332947601,70,35,1,0
sample_16096.pdf,0,0,74770,0,0,0,0.0,0,0,0,1
sample_12677.pdf,4440,20,12587,126,7,9,5.552363826,18,9,1,1
sample_10315.pdf,0,0,7846,0,0,0,0.0,0,0,0,1
sample_04798.pdf,82298,1179,299240,284,30,47,6.869954881,96,48,1,0
sample_17390.pdf,0,0,8350,0,0,0,0.0,0,0,0,1
sample_07150.pdf,17264,50,31617,126,11,13,6.883959164,26,13,1,0
sample_18515.pdf,0,0,8130,0,0,0,0.0,0,0,0,1
sample_01370.pdf,4633,23,10813,233,28,4,5.781622077,10,5,1,0
sample_05000.pdf,2348,2319,152890,314,29,127,4.534837953,514,257,1,0
sample_05895.pdf,6910,70,17325,348,57,6,5.700546001,14,7,1,0
sample_08624.pdf,4016,91,60599,350,29,32,5.273284209,78,39,1,0
sample_02281.pdf,15430,155,32665,280,34,14,6.353965719,30,15,1,0
sample_17903.pdf,0,0,9636,0,0,0,0.0,0,0,0,1
sample_11341.pdf,0,0,8313,0,0,0,0.0,0,0,0,1
sample_10674.pdf,0,0,8240,0,0,0,0.0,0,0,0,1
sample_18375.pdf,0,0,9287,0,0,0,0.0,0,0,0,1
sample_14231.pdf,0,0,77873,0,0,0,0.0,0,0,0,1
sample_16874.pdf,1,9,95063,0,0,0,4.206942136,4,2,1,1
sample_05366.pdf,1527,26,75090,173,13,11,5.892940152,26,13,1,0
sample_02099.pdf,1272,21,79338,135,12,2,5.832426297,4,2,1,0
sample_03797.pdf,16264,35,25611,126,11,8,6.810785038,16,8,1,0
sample_14481.pdf,1,12,4842,135,44,1,4.681583838,4,2,1,1
sample_00829.pdf,21222,53,65513,324,79,20,6.555216617,42,21,1,0
sample_05578.pdf,100624,346,240095,325,45,39,6.846813447,80,40,1,0
sample_14738.pdf,1,10,5999,156,37,2,5.684784441,6,3,1,1
sample_18277.pdf,1,16,9637,214,44,0,4.617656067,4,2,1,1
sample_08361.pdf,22234,1470,106535,357,16,89,5.120993213,270,135,1,0
sample_10390.pdf,0,0,9351,0,0,0,0.0,0,0,0,1
sample_04197.pdf,1240,21,82023,135,10,2,5.855098135,4,2,1,0
sample_08110.pdf,4626,736,83576,393,16,57,5.336615005,156,78,1,0
sample_03413.pdf,1367,21,84692,135,12,2,5.871265721,4,2,1,0
sample_14281.pdf,2724,20,10055,126,7,9,5.512209538,18,9,1,1
sample_02511.pdf,116454,70,111421,218,8,19,7.092294773,38,19,1,0
sample_08920.pdf,1224,12,24975,198,12,3,5.364672571,6,3,1,0
sample_07559.pdf,1873,139,204552,405,15,24,5.886590638,50,25,1,0
sample_08932.pdf,4199,403,214044,381,24,22,4.241657749,298,149,1,0
sample_05210.pdf,1385,12,28920,160,9,3,5.077529902,6,3,1,0
sample_13018.pdf,0,0,8312,0,0,0,0.0,0,0,0,1
sample_00808.pdf,5489,52,20384,204,11,21,6.110486982,44,22,1,0
sample_07414.pdf,1468,21,86995,135,15,2,5.87889787,4,2,1,0
sample_01607.pdf,30743,65,76659,307,62,13,6.344860299,30,15,1,0
sample_06915.pdf,17148,1307,93867,276,15,88,5.415314718,216,108,1,0
sample_02982.pdf,2613,219,87068,336,30,30,4.003870052,216,108,1,0
sample_08775.pdf,47793,382,73589,302,56,25,6.667211529,52,26,1,0
sample_05721.pdf,25498,64,52066,271,51,16,6.971892064,32,16,1,0
sample_18560.pdf,5283,20,15019,126,7,8,5.369976417,18,9,1,1
sample_10773.pdf,0,0,9762,0,0,0,0.0,0,0,0,1
sample_03228.pdf,10030,516,60996,309,23,35,5.696659391,80,40,1,0
sample_13760.pdf,0,0,8098,0,0,0,0.0,0,0,0,1
sample_11838.pdf,0,0,15925,0,0,0,0.0,0,0,0,1
sample_07290.pdf,55491,41,61783,269,8,12,7.123042104,24,12,1,0
sample_06436.pdf,4680,25,19015,311,56,5,6.02769164,12,6,1,0
sample_07773.pdf,4843,29,14635,238,29,6,6.162389514,14,7,1,0
sample_04630.pdf,4376,182,174585,436,23,24,5.706892383,64,32,1,0
sample_08381.pdf,1299,12,27665,198,12,3,5.425282183,6,3,1,0
sample_02624.pdf,1392,259,119461,323,91,36,4.572756481,184,92,1,0
sample_11773.pdf,0,0,16383,0,0,0,0.0,0,0,0,1
sample_15223.pdf,0,0,9539,0,0,0,0.0,0,0,0,1
sample_05405.pdf,15501,978,266149,340,31,16,3.90316366,988,494,1,0
sample_01895.pdf,16497,1080,101443,480,26,54,5.90715893,122,61,1,0
sample_16085.pdf,0,0,76996,0,0,0,0.0,0,0,0,1
sample_16159.pdf,0,0,1449,0,0,0,0.0,0,0,0,1
sample_10624.pdf,1,15,4223,208,44,1,5.27642039,4,2,1,1
sample_05971.pdf,11122,184,68859,294,24,33,4.041625828,132,66,1,0
sample_04728.pdf,1225,12,29519,198,12,3,5.240463553,6,3,1,0
sample_08391.pdf,1618,21,88399,135,12,2,5.87798757,4,2,1,0
sample_13450.pdf,0,0,8336,0,0,0,0.0,0,0,0,1
sample_02079.pdf,95651,476,133128,293,24,45,6.887137946,92,46,1,0
sample_18561.pdf,0,0,15434,0,0,0,0.0,0,0,0,1
sample_01124.pdf,5438,126,39404,290,19,26,6.368802505,54,27,1,0
sample_04819.pdf,19391,38,23526,263,56,9,6.39101849,20,10,1,0
sample_15630.pdf,1,996,7458,211,39,10,4.598731761,22,11,1,1
sample_16410.pdf,0,0,16128,0,0,0,0.0,0,0,0,1
sample_04865.pdf,38458,39,64650,269,8,11,7.049895625,22,11,1,0
sample_08925.pdf,1147,12,29779,198,12,3,5.288040773,6,3,1,0
sample_03307.pdf,946,21,57987,135,12,2,5.754764783,4,2,1,0
sample_07232.pdf,9147,543,275777,427,23,38,5.150291864,86,43,1,0
sample_05279.pdf,3955,249,199744,333,42,66,4.929481892,216,108,1,0
sample_05966.pdf,30702,301,203442,226,13,26,7.04034483,54,27,1,0
sample_01127.pdf,1188,12,27839,198,12,3,5.412086414,6,3,1,0
sample_10384.pdf,1,9,306137,0,0,0,4.00488233,4,2,1,1
sample_16622.pdf,0,0,18214,0,0,0,0.0,0,0,0,1
sample_16940.pdf,0,0,15653,0,0,0,0.0,0,0,0,1
sample_01364.pdf,1171,21,76300,145,10,2,5.83826966,4,2,1,0
sample_18339.pdf,31,83,301802,195,3,35,5.478821887,82,41,1,1
sample_09724.pdf,0,0,15318,0,0,0,0.0,0,0,0,1
sample_12890.pdf,0,0,11863,0,0,0,0.0,0,0,0,1
sample_06157.pdf,1131,13,21898,188,12,3,5.227303334,8,4,1,0
sample_15840.pdf,0,0,11715,0,0,0,0.0,0,0,0,1
sample_04073.pdf,1309,22,71262,173,11,7,5.329075309,18,9,1,0
sample_16263.pdf,0,0,9657,0,0,0,0.0,0,0,0,1
sample_06664.pdf,32834,60,77634,213,6,20,6.608118823,42,21,1,0
sample_18012.pdf,0,0,76044,0,0,0,0.0,0,0,0,1
sample_06673.pdf,4396,31,22292,325,11,11,6.059852977,26,13,1,0
sample_16624.pdf,0,0,8405,0,0,0,0.0,0,0,0,1
sample_05378.pdf,27331,89,56451,328,13,41,5.912970604,86,43,1,0
sample_06408.pdf,13866,140,59825,210,18,8,6.675620158,18,9,1,0
sample_11136.pdf,0,0,9648,0,0,0,0.0,0,0,0,1
sample_11903.pdf,0,0,8315,0,0,0,0.0,0,0,0,1
sample_09234.pdf,85,27,4571,288,15,7,4.058498409,14,7,1,0
sample_15695.pdf,5283,20,15093,126,7,8,5.369679487,18,9,1,1
sample_10306.pdf,0,0,8475,0,0,0,0.0,0,0,0,1
sample_11986.pdf,0,0,9528,0,0,0,0.0,0,0,0,1
sample_10939.pdf,0,0,11930,0,0,0,0.0,0,0,0,1
sample_18373.pdf,1,10,16889,184,7,1,1.0,2,1,1,1
sample_10819.pdf,5283,20,15093,126,7,8,5.369579563,18,9,1,1
sample_03468.pdf,1712,34,99114,173,11,19,5.952935035,42,21,1,0
sample_11744.pdf,0,0,8075,0,0,0,0.0,0,0,0,1
sample_15939.pdf,0,0,17742,0,0,0,0.0,0,0,0,1
sample_11779.pdf,0,0,8210,0,0,0,0.0,0,0,0,1
sample_07257.pdf,1626,126,175693,350,8,28,5.91267151,58,29,1,0
sample_05613.pdf,1388,12,26802,160,12,3,5.285324599,6,3,1,0
sample_09436.pdf,0,0,9588,0,0,0,0.0,0,0,0,1
sample_14440.pdf,94,31,12046,163,44,4,5.433759241,8,4,1,1
sample_07449.pdf,6123,84,16529,256,10,7,5.845780598,16,8,1,0
sample_15905.pdf,0,0,15729,0,0,0,0.0,0,0,0,1
sample_12373.pdf,0,0,9717,0,0,0,0.0,0,0,0,1
sample_04122.pdf,14816,85,51745,397,75,14,6.620143772,32,16,1,0
sample_04971.pdf,42807,234,196741,289,36,31,6.497106214,64,32,1,0
sample_12270.pdf,0,0,9339,0,0,0,0.0,0,0,0,1
sample_05453.pdf,2635,398,56859,294,6,43,5.008530929,96,48,1,0
sample_03822.pdf,1592,99,94819,423,18,16,6.175594974,34,17,1,0
sample_03291.pdf,6190,28,11745,250,55,5,6.543634057,10,5,1,0
sample_16958.pdf,0,0,8083,0,0,0,0.0,0,0,0,1
sample_09939.pdf,0,0,8186,0,0,0,0.0,0,0,0,1
sample_01527.pdf,1095,130,200485,367,9,30,5.868124198,62,31,1,0
sample_12232.pdf,0,0,8229,0,0,0,0.0,0,0,0,1
sample_13736.pdf,0,0,12713,0,0,0,0.0,0,0,0,1
sample_06887.pdf,8259,27,14446,411,68,5,6.083557417,12,6,1,0
sample_18960.pdf,0,0,8450,0,0,0,0.0,0,0,0,1
sample_09438.pdf,0,0,8203,0,0,0,0.0,0,0,0,1
sample_15343.pdf,0,0,1449,0,0,0,0.0,0,0,0,1
sample_00602.pdf,170913,246,332565,198,12,78,7.015488333,158,79,1,0
sample_07145.pdf,59093,437,207644,207,12,31,6.866191558,64,32,1,0
sample_08087.pdf,14933,378,99256,478,79,17,6.476790173,36,18,1,0
sample_17177.pdf,0,0,2139,0,0,0,0.0,0,0,0,1
sample_05696.pdf,1050,12,23124,198,12,3,5.294136217,6,3,1,0
sample_02128.pdf,10520,144,24627,253,7,11,6.235661484,24,12,1,0
sample_06244.pdf,3,7,79426,326,13,2,5.931528755,4,2,1,0
sample_09597.pdf,0,0,12380,0,0,0,0.0,0,0,0,1
sample_07037.pdf,1711,245,204504,308,28,19,3.636241785,234,117,1,0
sample_09210.pdf,25579,74,55989,295,13,26,6.095094659,56,28,1,0
sample_01612.pdf,6659,63,177086,194,13,11,5.467810812,30,15,1,0
sample_13122.pdf,0,0,17329,0,0,0,0.0,0,0,0,1
sample_12382.pdf,0,0,8126,0,0,0,0.0,0,0,0,1
sample_12452.pdf,0,0,8218,0,0,0,0.0,0,0,0,1
sample_09572.pdf,5283,20,14981,126,7,8,5.370414197,18,9,1,1
sample_01545.pdf,2373,77,15550,325,33,5,5.451469988,12,6,1,0
sample_01352.pdf,11379,26,16750,235,28,5,5.983798317,12,6,1,0
sample_15191.pdf,23,10,17774,183,5,0,4.590111377,2,1,1,1
sample_17015.pdf,0,0,9522,0,0,0,0.0,0,0,0,1
sample_12372.pdf,0,0,9809,0,0,0,0.0,0,0,0,1
sample_10358.pdf,0,0,15336,0,0,0,0.0,0,0,0,1
sample_01119.pdf,1224,12,25204,198,12,3,5.341474313,6,3,1,0
sample_07204.pdf,40071,3121,287815,270,10,114,6.788683651,232,116,1,0
sample_18180.pdf,0,0,8224,0,0,0,0.0,0,0,0,1
sample_09086.pdf,1436,21,84072,145,12,2,5.871573837,4,2,1,0
sample_13256.pdf,0,0,74274,0,0,0,0.0,0,0,0,1
sample_00421.pdf,1378,35,100704,173,11,20,5.553910354,44,22,1,0
sample_13691.pdf,5283,20,14981,126,7,8,5.370422272,18,9,1,1
sample_02092.pdf,22201,42,31317,233,28,10,6.559654593,22,11,1,0
sample_14730.pdf,0,0,16287,0,0,0,0.0,0,0,0,1
sample_02755.pdf,1165,21,73748,135,12,2,5.830237439,4,2,1,0
sample_18434.pdf,0,0,9554,0,0,0,0.0,0,0,0,1
sample_11179.pdf,0,0,9709,0,0,0,0.0,0,0,0,1
sample_15644.pdf,0,0,8435,0,0,0,0.0,0,0,0,1
sample_01598.pdf,5814,78,230062,455,31,19,5.413300632,54,27,1,0
sample_10027.pdf,0,0,12505,0,0,0,0.0,0,0,0,1
sample_00464.pdf,1243,21,75756,135,12,2,5.870585423,4,2,1,0
sample_17235.pdf,0,0,9569,0,0,0,0.0,0,0,0,1
sample_09753.pdf,30,10,17820,179,6,1,5.161580146,2,1,1,1
sample_10465.pdf,274,200005,38269,263,9,1,6.101826818,2,1,1,1
sample_05759.pdf,10933,320,79913,425,31,47,5.527669659,114,57,1,0
sample_02601.pdf,1085,21,71006,135,10,2,5.87855272,4,2,1,0
sample_03568.pdf,6523,282,54831,427,31,26,6.272731321,54,27,1,0
sample_13082.pdf,1,16,3540,214,44,2,5.259357589,4,2,1,1
sample_18823.pdf,0,0,16007,0,0,0,0.0,0,0,0,1
sample_06825.pdf,11355,43,54629,312,58,8,6.47309051,18,9,1,0
sample_15509.pdf,7109,22,19657,158,15,0,4.509597796,20,10,1,1
sample_05534.pdf,3533,43,46443,287,24,15,6.347043053,32,16,1,0
sample_17633.pdf,0,0,9628,0,0,0,0.0,0,0,0,1
sample_08164.pdf,27885,639,62352,337,8,22,6.700349909,46,23,1,0
sample_15681.pdf,0,0,1968,0,0,0,0.0,0,0,0,1
sample_16991.pdf,0,0,8084,0,0,0,0.0,0,0,0,1
sample_09299.pdf,5283,20,14961,126,7,8,5.370393399,18,9,1,1
sample_12366.pdf,0,0,9319,0,0,0,0.0,0,0,0,1
sample_10253.pdf,0,0,17615,0,0,0,0.0,0,0,0,1
sample_15377.pdf,0,0,16738,0,0,0,0.0,0,0,0,1
sample_04557.pdf,1550,21,89004,135,15,2,5.861333691,4,2,1,0
sample_14522.pdf,1,16,30556,214,44,0,4.354182468,4,2,1,1
sample_08384.pdf,1240,21,75555,135,13,2,5.833098758,4,2,1,0
sample_17427.pdf,43777,23,14944,308,12,7,6.550982544,14,7,1,1
sample_13118.pdf,0,0,2008,0,0,0,0.0,0,0,0,1
sample_04603.pdf,2052,265,122824,294,6,35,5.01688082,80,40,1,0
sample_03575.pdf,15352,757,109160,442,30,58,5.683467299,124,62,1,0
sample_03613.pdf,5233,69,17925,426,56,8,5.943326237,18,9,1,0
sample_02463.pdf,650,37,132499,186,35,6,6.692744667,12,6,1,0
sample_10934.pdf,1,9,19887,0,0,0,3.40700316,2,1,1,1
sample_09883.pdf,0,0,9577,0,0,0,0.0,0,0,0,1
sample_17656.pdf,0,0,8001,0,0,0,0.0,0,0,0,1
sample_08865.pdf,1174,38,11082,298,55,5,6.511128796,10,5,1,0
sample_04311.pdf,1284,25,82756,173,11,10,5.441816344,24,12,1,0
sample_14347.pdf,0,0,16913,0,0,0,0.0,0,0,0,1
sample_11360.pdf,0,0,9673,0,0,0,0.0,0,0,0,1
sample_12094.pdf,0,0,9676,0,0,0,0.0,0,0,0,1
sample_15651.pdf,0,0,2009,0,0,0,0.0,0,0,0,1
sample_08566.pdf,6872,450,67355,421,29,43,6.054809608,84,42,1,0
sample_16293.pdf,0,0,1472,0,0,0,0.0,0,0,0,1
sample_13926.pdf,0,0,15574,0,0,0,0.0,0,0,0,1
sample_16900.pdf,0,0,7824,0,0,0,0.0,0,0,0,1
sample_14075.pdf,0,0,8203,0,0,0,0.0,0,0,0,1
sample_15060.pdf,0,0,1432,0,0,0,0.0,0,0,0,1
sample_04016.pdf,19072,51,28404,203,6,13,6.895298625,26,13,1,0
sample_00243.pdf,1414,28,79753,173,17,13,5.643218187,30,15,1,0
sample_06903.pdf,3583,54,62539,274,55,7,6.677572761,16,8,1,0
sample_17233.pdf,0,0,9852,0,0,0,0.0,0,0,0,1
sample_10545.pdf,1,10,26252,182,7,1,0.0,2,1,1,1
sample_15714.pdf,0,0,9711,0,0,0,0.0,0,0,0,1
sample_06816.pdf,1560,153,202399,356,9,29,5.862936035,60,30,1,0
sample_10655.pdf,0,0,15630,0,0,0,0.0,0,0,0,1
sample_18192.pdf,48839,25,17040,255,14,8,6.683086247,16,8,1,1
sample_17472.pdf,94,31,10868,163,68,4,5.437312749,8,4,1,1
sample_08294.pdf,150259,2069,342366,531,62,66,6.96425276,134,67,1,0
sample_01942.pdf,22293,62,131048,392,11,19,6.716971038,40,20,1,0
sample_10328.pdf,0,0,9345,0,0,0,0.0,0,0,0,1
sample_06929.pdf,1713,53,121311,173,12,38,5.875052912,80,40,1,0
sample_10492.pdf,0,0,16430,0,0,0,0.0,0,0,0,1
sample_10426.pdf,0,0,2348,0,0,0,0.0,0,0,0,1
sample_15261.pdf,5283,20,15017,126,7,8,5.370047648,18,9,1,1
sample_17501.pdf,1,28,4536,190,37,5,4.557313028,12,6,1,1
sample_05833.pdf,48991,106,54259,236,29,31,6.796940366,64,32,1,0
sample_12394.pdf,0,0,37797,0,0,0,0.0,0,0,0,1
sample_11826.pdf,0,0,9769,0,0,0,0.0,0,0,0,1
sample_05268.pdf,1296,12,31929,198,12,3,5.362062189,6,3,1,0
sample_15549.pdf,0,0,9773,0,0,0,0.0,0,0,0,1
sample_09812.pdf,0,0,17574,0,0,0,0.0,0,0,0,1
sample_14329.pdf,0,0,16316,0,0,0,0.0,0,0,0,1
sample_14002.pdf,0,0,17044,0,0,0,0.0,0,0,0,1
sample_18575.pdf,0,0,9551,0,0,0,0.0,0,0,0,1
sample_17564.pdf,0,0,8375,0,0,0,0.0,0,0,0,1
sample_14019.pdf,0,0,8002,0,0,0,0.0,0,0,0,1
sample_13384.pdf,0,0,8324,0,0,0,0.0,0,0,0,1
sample_06445.pdf,5633,484,98568,439,33,73,5.013835049,222,111,1,0
sample_02785.pdf,27649,94,53471,214,7,20,6.854558417,40,20,1,0
sample_11843.pdf,5283,20,15093,126,7,8,5.369625023,18,9,1,1
sample_12293.pdf,0,0,4115,0,0,0,0.0,0,0,0,1
sample_13164.pdf,0,0,9884,0,0,0,0.0,0,0,0,1
sample_01919.pdf,1334,30,82165,173,12,15,5.722086,34,17,1,0
sample_00946.pdf,72703,152,162436,360,64,45,6.892252869,94,47,1,0
sample_10114.pdf,94,31,10712,163,44,4,5.439192232,8,4,1,1
sample_10230.pdf,0,0,9755,0,0,0,0.0,0,0,0,1
sample_17431.pdf,0,0,9286,0,0,0,0.0,0,0,0,1
sample_00528.pdf,8941,259,42116,457,29,23,4.750356965,74,37,1,0
sample_05818.pdf,1032,21,61906,135,11,2,5.771553771,4,2,1,0
sample_04591.pdf,37549,612,116361,454,34,53,5.515966403,136,68,1,0
sample_10251.pdf,1,5,3633,0,0,0,3.81971411,2,1,1,1
sample_18980.pdf,4316,20,12621,126,7,9,5.535554081,18,9,1,1
sample_11832.pdf,1,22,18169,158,15,9,5.03054578,18,9,1,1
sample_02189.pdf,1543,33,98085,173,12,18,5.881979909,40,20,1,0
sample_09011.pdf,15672,1071,151093,305,19,48,5.725116893,120,60,1,0
sample_14536.pdf,0,0,2009,0,0,0,0.0,0,0,0,1
sample_18525.pdf,0,0,15665,0,0,0,0.0,0,0,0,1
sample_11756.pdf,0,0,2004,0,0,0,0.0,0,0,0,1
sample_03071.pdf,1538,26,23521,426,38,4,7.026079315,8,4,1,0
sample_03289.pdf,1176,21,83177,135,12,2,5.87184643,4,2,1,0
sample_05640.pdf,4765,606,76820,83,17,72,4.67769029,164,82,1,0
sample_00487.pdf,12007,30,19368,258,16,10,6.233897287,22,11,1,0
sample_11703.pdf,0,0,9302,0,0,0,0.0,0,0,0,1
sample_13838.pdf,0,0,3058,0,0,0,0.0,0,0,0,1
sample_00040.pdf,11395,40,19425,236,29,9,6.362534867,20,10,1,0
sample_07721.pdf,1507,205,56740,394,21,26,5.956081596,56,28,1,0
sample_11175.pdf,0,0,11923,0,0,0,0.0,0,0,0,1
sample_15924.pdf,0,0,3497,0,0,0,0.0,0,0,0,1
sample_13859.pdf,0,0,1977,0,0,0,0.0,0,0,0,1
sample_18275.pdf,1,15,3526,208,44,1,5.261077954,4,2,1,1
sample_05439.pdf,3865,26,10782,234,29,5,5.94112836,12,6,1,0
sample_15665.pdf,0,0,17315,0,0,0,0.0,0,0,0,1
sample_10900.pdf,0,0,9662,0,0,0,0.0,0,0,0,1
sample_01601.pdf,1369,26,81013,173,11,11,5.669398046,26,13,1,0
sample_04367.pdf,10469,686,101014,338,30,67,5.077103532,204,102,1,0
sample_13077.pdf,15627,21,10432,260,9,6,6.923701432,12,6,1,1
sample_12357.pdf,0,0,1903,0,0,0,0.0,0,0,0,1
sample_03581.pdf,4469,103,15453,550,58,5,5.521034552,12,6,1,0
sample_11453.pdf,0,0,1426,0,0,0,0.0,0,0,0,1
sample_18108.pdf,0,0,78102,0,0,0,0.0,0,0,0,1
sample_01785.pdf,1326,21,78635,135,12,2,5.856516933,4,2,1,0
sample_03285.pdf,6484,307,71240,83,17,39,5.942315872,80,40,1,0
sample_01927.pdf,1291,12,25519,198,12,3,5.443199878,6,3,1,0
sample_09291.pdf,6412,21,17444,87,10,4,7.022047183,8,4,1,0
sample_00275.pdf,1428,12,30135,198,11,3,5.441096766,6,3,1,0
sample_13211.pdf,5283,20,15023,126,7,8,5.37002534,18,9,1,1
sample_15154.pdf,0,0,9644,0,0,0,0.0,0,0,0,1
sample_10471.pdf,1,28,4399,190,37,5,4.528961419,12,6,1,1
sample_15604.pdf,1,52,4400,211,37,6,3.88904011,14,7,1,1
sample_18654.pdf,0,0,17486,0,0,0,0.0,0,0,0,1
sample_18680.pdf,0,0,15361,0,0,0,0.0,0,0,0,1
sample_14026.pdf,0,0,16036,0,0,0,0.0,0,0,0,1
sample_05015.pdf,1504,102,171123,356,11,26,5.899006569,54,27,1,0
sample_14263.pdf,94,26,9439,163,44,3,4.935928213,6,3,1,1
sample_13583.pdf,0,0,78683,0,0,0,0.0,0,0,0,1
sample_09466.pdf,0,0,13097,0,0,0,0.0,0,0,0,1
sample_17094.pdf,1587,11,10622,39,44,3,7.02339126,6,3,1,1
sample_03600.pdf,1501,31,91250,173,14,16,5.821290902,36,18,1,0
sample_05874.pdf,9496,30,14201,234,29,7,6.182740167,16,8,1,0
sample_18625.pdf,0,0,12217,0,0,0,0.0,0,0,0,1
sample_17938.pdf,160,41,100144,286,68,15,6.75787332,30,15,1,1
sample_09361.pdf,0,0,8405,0,0,0,0.0,0,0,0,1
sample_00063.pdf,19808,136,146072,270,23,28,6.620461423,58,29,1,0
sample_18469.pdf,0,0,8128,0,0,0,0.0,0,0,0,1
sample_11033.pdf,0,0,37819,0,0,0,0.0,0,0,0,1
sample_12299.pdf,0,0,26832,0,0,0,0.0,0,0,0,1
sample_07094.pdf,1644,108,212334,367,16,23,5.856470942,48,24,1,0
sample_00556.pdf,2843,36,57173,98,33,14,6.431653948,28,14,1,0
sample_00032.pdf,19677,807,101889,415,14,64,5.679929834,158,79,1,0
sample_13111.pdf,0,0,5586,0,0,0,0.0,0,0,0,1
sample_12868.pdf,0,0,9603,0,0,0,0.0,0,0,0,1
sample_01198.pdf,11826,1342,116024,376,31,74,5.29871355,204,102,1,0
sample_06570.pdf,22261,55,28943,238,29,15,6.519328389,32,16,1,0
sample_17845.pdf,0,0,15520,0,0,0,0.0,0,0,0,1
sample_18191.pdf,1,15,3590,208,44,1,5.267643225,4,2,1,1
sample_16052.pdf,1,6,39680,0,0,0,0.0,0,0,1,1
sample_13495.pdf,0,0,15208,0,0,0,0.0,0,0,0,1
sample_11211.pdf,1,16,14777,214,44,0,4.647589177,4,2,1,1
sample_02816.pdf,27790,51,78732,193,16,14,6.608417864,28,14,1,0
sample_11236.pdf,0,0,8318,0,0,0,0.0,0,0,0,1
sample_13575.pdf,0,0,8267,0,0,0,0.0,0,0,0,1
sample_10586.pdf,0,0,1910,0,0,0,0.0,0,0,0,1
sample_02555.pdf,7347,806,92441,301,15,71,4.847522015,246,123,1,0
sample_17232.pdf,5283,20,15089,126,7,8,5.369637798,18,9,1,1
sample_04051.pdf,1535,21,85180,135,10,2,5.87191109,4,2,1,0
sample_04468.pdf,8303,152,41468,320,29,28,6.345190897,58,29,1,0
sample_09200.pdf,54243,67,87600,347,26,22,6.759516213,46,23,1,0
sample_17107.pdf,0,0,15730,0,0,0,0.0,0,0,0,1
sample_00361.pdf,17328,43,68186,239,29,12,6.854101579,26,13,1,0
sample_12205.pdf,828,10,7633,137,8,1,6.791384588,2,1,1,1
sample_09424.pdf,1,79,969411,196,4,25,5.537401845,54,27,1,1
sample_04503.pdf,3797,28,11229,238,29,5,5.960235269,12,6,1,0
sample_13494.pdf,5283,20,14981,126,7,8,5.370410829,18,9,1,1
sample_10400.pdf,0,0,8296,0,0,0,0.0,0,0,0,1
sample_11966.pdf,1,14,6044,0,0,2,6.522629835,4,2,1,1
sample_10764.pdf,0,0,9820,0,0,0,0.0,0,0,0,1
sample_05983.pdf,3079,125,173669,276,11,53,6.253406455,110,55,1,0
sample_12333.pdf,0,0,16548,0,0,0,0.0,0,0,0,1
sample_06954.pdf,1321,27,82695,173,12,12,5.754946113,28,14,1,0
sample_18019.pdf,0,0,8231,0,0,0,0.0,0,0,0,1
sample_06208.pdf,5598,21,32341,218,8,4,7.144856672,8,4,1,0
sample_15593.pdf,0,0,9580,0,0,0,0.0,0,0,0,1
sample_14758.pdf,5283,20,14959,126,7,8,5.370317011,18,9,1,1
sample_14113.pdf,88,200005,38078,290,13,1,5.941209565,2,1,1,1
sample_05488.pdf,5276,213,54871,371,24,28,5.442199401,80,40,1,0
sample_16419.pdf,828,10,7612,137,8,1,6.791384588,2,1,1,1
sample_15448.pdf,0,0,9695,0,0,0,0.0,0,0,0,1
sample_05965.pdf,40701,207,179084,255,21,33,6.697530591,68,34,1,0
sample_08187.pdf,12272,161,85077,251,28,11,6.846037393,24,12,1,0
sample_02267.pdf,1126,12,27989,198,12,3,5.290695195,6,3,1,0
sample_02389.pdf,3736,381,72641,350,14,42,5.767671756,90,45,1,0
sample_05925.pdf,1494,157,287649,373,19,32,5.746229251,66,33,1,0
sample_05764.pdf,3096,129,286885,275,18,11,6.9762866,22,11,1,0
sample_10438.pdf,0,0,16640,0,0,0,0.0,0,0,0,1
sample_02202.pdf,6715,29,46289,270,8,7,7.001088709,14,7,1,0
sample_15788.pdf,0,0,8268,0,0,0,0.0,0,0,0,1
sample_07319.pdf,13514,406,76227,411,29,44,5.976103518,90,45,1,0
sample_13354.pdf,0,0,9547,0,0,0,0.0,0,0,0,1
sample_01531.pdf,71214,831,122711,490,7,50,6.869279313,102,51,1,0
sample_03886.pdf,188173,345,387992,283,35,50,6.990461275,102,51,1,0
sample_03972.pdf,18023,73,274144,172,11,15,6.785246103,32,16,1,0
sample_18727.pdf,0,0,1904,0,0,0,0.0,0,0,0,1
sample_18795.pdf,0,0,1447,0,0,0,0.0,0,0,0,1
sample_03802.pdf,1267,21,74601,135,12,2,5.834650576,4,2,1,0
sample_08899.pdf,16030,173,87021,200,8,14,6.818942863,30,15,1,0
sample_17666.pdf,0,0,15720,0,0,0,0.0,0,0,0,1
sample_07247.pdf,6967,37,63482,238,28,10,6.796657865,22,11,1,0
sample_08553.pdf,1523,21,92193,135,12,2,5.879768042,4,2,1,0
sample_13315.pdf,0,0,8172,0,0,0,0.0,0,0,0,1
sample_17061.pdf,0,0,8473,0,0,0,0.0,0,0,0,1
sample_12883.pdf,0,0,8259,0,0,0,0.0,0,0,0,1
sample_16540.pdf,0,0,16052,0,0,0,0.0,0,0,0,1
sample_14796.pdf,1,16,14832,214,44,0,4.538774776,4,2,1,1
sample_02583.pdf,17267,43,78945,240,30,12,6.868753857,26,13,1,0
sample_10997.pdf,0,0,17243,0,0,0,0.0,0,0,0,1
sample_13607.pdf,0,0,154518,0,0,0,0.0,0,0,0,1
sample_17320.pdf,0,0,8483,0,0,0,0.0,0,0,0,1
sample_09448.pdf,0,0,8309,0,0,0,0.0,0,0,0,1
sample_04592.pdf,58960,120,67214,238,29,35,6.857719209,72,36,1,0
sample_17963.pdf,94,31,10713,163,44,4,5.443541092,8,4,1,1
sample_08441.pdf,1408,21,73332,135,10,2,5.844190868,4,2,1,0
sample_17680.pdf,0,0,9754,0,0,0,0.0,0,0,0,1
sample_01105.pdf,937,21,61838,135,13,2,5.798825132,4,2,1,0
sample_06300.pdf,3251,21,14349,215,8,4,5.764496543,10,5,1,0
sample_01700.pdf,9252,29,15770,233,28,6,6.062729702,14,7,1,0
sample_10294.pdf,0,0,8116,0,0,0,0.0,0,0,0,1
sample_18169.pdf,0,0,1900,0,0,0,0.0,0,0,0,1
sample_00111.pdf,19206,52,33771,126,11,14,6.881511606,28,14,1,0
sample_02534.pdf,13873,76,205710,194,13,17,5.978351631,32,16,1,0
sample_07528.pdf,1227,21,75377,135,12,2,5.849373799,4,2,1,0
sample_02293.pdf,20694,126,33538,309,63,15,6.445351699,32,16,1,0
sample_04127.pdf,15136,38,38138,270,8,11,6.963398861,22,11,1,0
sample_02767.pdf,4410,25,37734,216,6,6,6.528634843,14,7,1,0
sample_01794.pdf,3873,68,124172,314,48,17,6.639138301,36,18,1,0
sample_12157.pdf,0,0,9537,0,0,0,0.0,0,0,0,1
sample_06912.pdf,1401,132,201376,377,10,30,5.881665131,62,31,1,0
sample_18974.pdf,1,16,14747,214,44,0,4.631183794,4,2,1,1
sample_13050.pdf,0,0,9345,0,0,0,0.0,0,0,0,1
sample_12673.pdf,0,0,17067,0,0,0,0.0,0,0,0,1
sample_04599.pdf,4714,54,14400,254,8,7,5.732505794,16,8,1,0
sample_15356.pdf,0,0,9473,0,0,0,0.0,0,0,0,1
sample_10881.pdf,0,0,8144,0,0,0,0.0,0,0,0,1
sample_01834.pdf,1500,21,87508,135,10,2,5.866553763,4,2,1,0
sample_18222.pdf,1,15,3651,208,44,1,5.257859524,4,2,1,1
sample_12326.pdf,0,0,15744,0,0,0,0.0,0,0,0,1
sample_03642.pdf,10913,24,21549,142,12,5,7.084218512,10,5,1,0
sample_00411.pdf,1395,12,28556,160,8,3,5.290228462,6,3,1,0
sample_04351.pdf,3994,66,16871,360,64,6,5.70186709,14,7,1,0
sample_02517.pdf,3283,138,156004,261,48,76,4.421644539,188,94,1,0
sample_13066.pdf,0,0,75618,0,0,0,0.0,0,0,0,1
sample_06319.pdf,1611,3097,109772,434,30,62,6.136834415,128,64,1,0
sample_13931.pdf,0,0,8315,0,0,0,0.0,0,0,0,1
sample_01276.pdf,11690,125,200637,368,43,23,4.258114433,124,62,1,0
sample_00536.pdf,20273,35,56507,123,12,4,6.419247731,8,4,1,0
sample_16771.pdf,0,0,15104,0,0,0,0.0,0,0,0,1
sample_09298.pdf,1,10,3997,156,37,2,5.442596922,6,3,1,1
sample_08713.pdf,21098,340,42106,508,6,18,6.498317959,38,19,1,0
sample_03839.pdf,143,17,46607,128,36,5,6.772281371,10,5,1,0
sample_13370.pdf,0,0,8240,0,0,0,0.0,0,0,0,1
sample_08976.pdf,52778,130,73513,235,28,36,6.81512654,74,37,1,0
sample_08739.pdf,3172,3001,374291,270,31,44,5.895820828,100,50,1,0
sample_17264.pdf,0,0,9471,0,0,0,0.0,0,0,0,1
sample_05358.pdf,1664,65,53280,163,12,31,6.229108772,64,32,1,0
sample_11845.pdf,192,20,2048000,215,44,5,5.772918244,12,6,1,1
sample_12072.pdf,0,0,15611,0,0,0,0.0,0,0,0,1
sample_04964.pdf,3622,26,16426,240,30,6,6.512273093,14,7,1,0
sample_06110.pdf,4454,101,15325,553,58,5,5.51636679,12,6,1,0
sample_04776.pdf,3514,528,98081,389,24,34,4.153645396,224,112,1,0
sample_09916.pdf,0,0,8137,0,0,0,0.0,0,0,0,1
sample_14049.pdf,0,0,2696,0,0,0,0.0,0,0,0,1
sample_07377.pdf,35395,143,156127,298,37,24,6.732204487,50,25,1,0
sample_07202.pdf,14240,421,45772,475,46,15,6.480814277,32,16,1,0
sample_13356.pdf,0,0,12728,0,0,0,0.0,0,0,0,1
sample_01858.pdf,8605,528,92672,305,17,45,5.12204922,148,74,1,0
sample_14158.pdf,1,70,9931,0,0,1,7.142571718,2,1,1,1
sample_03885.pdf,1215,21,75576,135,12,2,5.865382323,4,2,1,0
sample_16567.pdf,0,0,1453,0,0,0,0.0,0,0,0,1
sample_13816.pdf,0,0,8301,0,0,0,0.0,0,0,0,1
sample_02599.pdf,1115,12,24922,198,10,3,5.101485795,6,3,1,0
sample_05050.pdf,1275,40,92943,360,8,27,5.734055518,56,28,1,0
sample_06573.pdf,2874,135,36105,201,18,16,5.017560949,42,21,1,0
sample_04547.pdf,10972,423,78308,308,30,45,5.665317171,108,54,1,0
sample_17719.pdf,0,0,8286,0,0,0,0.0,0,0,0,1
sample_07769.pdf,71688,292,198805,311,38,33,6.766934838,68,34,1,0
sample_11402.pdf,0,0,12630,0,0,0,0.0,0,0,0,1
sample_01613.pdf,47097,120,159273,279,33,24,6.853012583,50,25,1,0
sample_15710.pdf,0,0,9335,0,0,0,0.0,0,0,0,1
sample_12950.pdf,1,15,17814,208,44,0,3.280564003,4,2,1,1
sample_07266.pdf,10198,459,44214,521,65,15,6.431908125,32,16,1,0
sample_14492.pdf,7109,22,11157,158,15,10,5.636025446,20,10,1,1
sample_17958.pdf,5283,20,15021,126,7,8,5.369855326,18,9,1,1
sample_12202.pdf,0,0,2149,0,0,0,0.0,0,0,0,1
sample_17452.pdf,0,0,9418,0,0,0,0.0,0,0,0,1
sample_06453.pdf,7997,284,30759,592,91,12,6.201182912,26,13,1,0
sample_16539.pdf,0,0,15853,0,0,0,0.0,0,0,0,1
sample_16803.pdf,32385,21,10649,275,10,6,6.955090098,12,6,1,1
sample_01376.pdf,1254,12,24791,198,12,3,5.357784277,6,3,1,0
sample_10917.pdf,0,0,16326,0,0,0,0.0,0,0,0,1
sample_05008.pdf,26198,620,154356,265,45,55,6.795174165,112,56,1,0
sample_06548.pdf,3793,227,19797,537,6,8,5.973636567,18,9,1,0
sample_09709.pdf,0,0,12301,0,0,0,0.0,0,0,0,1
sample_07278.pdf,1569,153,140636,429,10,24,6.024628431,50,25,1,0
sample_15627.pdf,0,0,60180,0,0,0,0.0,0,0,0,1
sample_06476.pdf,6605,221,33773,529,66,11,6.204129246,24,12,1,0
sample_17960.pdf,0,0,12452,0,0,0,0.0,0,0,0,1
sample_06190.pdf,10709,157,74865,279,56,12,6.827463981,26,13,1,0
sample_05604.pdf,7892,36,26615,207,11,9,6.381954603,20,10,1,0
sample_14969.pdf,0,0,9699,0,0,0,0.0,0,0,0,1
sample_00894.pdf,25609,208,44510,257,11,21,6.580212286,44,22,1,0
sample_14280.pdf,1,9,305957,0,0,0,3.997736154,4,2,1,1
sample_18836.pdf,0,0,8245,0,0,0,0.0,0,0,0,1
sample_15579.pdf,1,28,4626,185,37,5,4.367366334,12,6,1,1
sample_02438.pdf,1432,39,94172,173,11,14,6.089751916,40,20,1,0
sample_16397.pdf,0,0,9483,0,0,0,0.0,0,0,0,1
sample_06469.pdf,1162,21,85816,145,13,2,5.873513063,4,2,1,0
sample_13806.pdf,1,70,10430,0,0,1,7.087329605,2,1,1,1
sample_14345.pdf,0,0,15558,0,0,0,0.0,0,0,0,1
sample_00583.pdf,3490,26,7242,191,3,3,6.15476268,6,3,1,0
sample_00337.pdf,8355,30,13803,241,32,7,6.157028316,16,8,1,0
sample_08798.pdf,1174,21,80821,135,12,2,5.860533533,4,2,1,0
sample_13337.pdf,0,0,9680,0,0,0,0.0,0,0,0,1
sample_09167.pdf,1265,12,27352,198,12,3,5.384895835,6,3,1,0
sample_15606.pdf,828,10,7633,137,8,1,6.791384588,2,1,1,1
sample_02733.pdf,17001,168,75766,407,26,23,6.534132043,44,22,1,0
sample_13825.pdf,0,0,16395,0,0,0,0.0,0,0,0,1
sample_13862.pdf,0,0,9607,0,0,0,0.0,0,0,0,1
sample_04106.pdf,10064,208,205987,462,24,28,6.433927253,58,29,1,0
sample_00697.pdf,1159,21,71575,135,12,2,5.838238193,4,2,1,0
sample_13542.pdf,0,0,9598,0,0,0,0.0,0,0,0,1
sample_14379.pdf,1,15,3488,208,44,1,5.264931475,4,2,1,1
sample_12875.pdf,0,0,1971,0,0,0,0.0,0,0,0,1
sample_00132.pdf,6662,232,40168,200,12,6,6.541975745,14,7,1,0
sample_02399.pdf,5945,21,31432,218,8,4,7.149169853,8,4,1,0
sample_13123.pdf,0,0,9895,0,0,0,0.0,0,0,0,1
sample_18468.pdf,0,0,8231,0,0,0,0.0,0,0,0,1
sample_06621.pdf,53907,269,209142,260,21,42,6.699064849,86,43,1,0
sample_11398.pdf,0,0,8312,0,0,0,0.0,0,0,0,1
sample_08025.pdf,41447,196,166339,281,37,25,6.773284779,52,26,1,0
sample_16556.pdf,0,0,17081,0,0,0,0.0,0,0,0,1
sample_06228.pdf,1376,21,80800,145,12,2,5.871263806,4,2,1,0
sample_09769.pdf,0,0,15931,0,0,0,0.0,0,0,0,1
sample_04843.pdf,16521,128,128249,295,37,18,6.704402981,38,19,1,0
sample_13368.pdf,0,0,1439,0,0,0,0.0,0,0,0,1
sample_09820.pdf,0,0,1972,0,0,0,0.0,0,0,0,1
sample_07424.pdf,136379,335,312548,281,36,50,6.899752565,102,51,1,0
sample_00219.pdf,3547,169,109585,252,1,23,6.52095454,48,24,1,0
sample_05663.pdf,4422,31,22279,320,65,6,6.150555956,14,7,1,0
sample_07174.pdf,9009,489,96867,271,17,62,5.290992931,164,82,1,0
sample_06572.pdf,1357,21,76605,138,12,2,5.855662238,4,2,1,0
sample_08511.pdf,1343,126,233390,369,19,36,5.795233782,74,37,1,0
sample_00050.pdf,1418,36,93596,173,14,21,5.704154374,46,23,1,0
sample_09080.pdf,38551,72,68554,277,8,28,6.510630069,58,29,1,0
sample_05124.pdf,12407,2787,164315,387,31,86,5.496227574,234,117,1,0
sample_00884.pdf,25208,63,32794,235,28,16,6.668405104,34,17,1,0
sample_10101.pdf,0,0,37827,0,0,0,0.0,0,0,0,1
sample_07022.pdf,2187,12,123254,198,12,3,5.31158659,6,3,1,0
sample_14992.pdf,0,0,78096,0,0,0,0.0,0,0,0,1
sample_14934.pdf,0,0,8499,0,0,0,0.0,0,0,0,1
sample_04721.pdf,1098,50,62490,245,19,11,5.993402519,30,15,1,0
sample_14453.pdf,0,0,9588,0,0,0,0.0,0,0,0,1
sample_05732.pdf,4331,83,52256,336,25,33,5.485036159,76,38,1,0
sample_01571.pdf,6726,67,134351,194,13,15,5.823292969,28,14,1,0
sample_10346.pdf,5283,20,14963,126,7,8,5.370357428,18,9,1,1
sample_05369.pdf,9417,128,23257,246,12,10,6.160868214,22,11,1,0
sample_18679.pdf,0,0,9317,0,0,0,0.0,0,0,0,1
sample_09307.pdf,0,0,13054,0,0,0,0.0,0,0,0,1
sample_08740.pdf,28740,163,177154,296,21,29,6.67935208,60,30,1,0
sample_18313.pdf,5283,20,15093,126,7,8,5.36965918,18,9,1,1
sample_15026.pdf,5283,20,15021,126,7,8,5.369893144,18,9,1,1
sample_01841.pdf,1018,13,17573,188,12,3,5.167082414,8,4,1,0
sample_04149.pdf,131701,650,504674,208,21,95,6.746028528,192,96,1,0
sample_14703.pdf,0,0,9533,0,0,0,0.0,0,0,0,1
sample_08178.pdf,354,37,71030,225,39,11,5.533753597,28,14,1,0
sample_12522.pdf,0,0,8246,0,0,0,0.0,0,0,0,1
sample_08855.pdf,1217,12,29006,198,11,3,5.164639129,6,3,1,0
sample_14673.pdf,1,19,6862,214,44,3,6.947201956,6,3,1,1
sample_01174.pdf,1385,21,79523,135,12,2,5.861881131,4,2,1,0
sample_03796.pdf,1183,12,26878,198,12,3,5.460152964,6,3,1,0
sample_10747.pdf,0,0,1998,0,0,0,0.0,0,0,0,1
sample_08625.pdf,1650,145,254201,511,17,27,5.773646638,58,29,1,0
sample_12037.pdf,0,0,37775,0,0,0,0.0,0,0,0,1
sample_16732.pdf,1,10,5757,156,37,2,5.472173537,6,3,1,1
sample_12495.pdf,0,0,9913,0,0,0,0.0,0,0,0,1
sample_06980.pdf,748,12,15032,160,10,3,5.200026074,6,3,1,0
sample_03955.pdf,9528,560,75611,277,16,55,5.424389363,150,75,1,0
sample_02589.pdf,1632,21,77189,138,13,2,5.849646888,4,2,1,0
sample_16180.pdf,0,0,3985,0,0,0,0.0,0,0,0,1
sample_17070.pdf,5283,20,15091,126,7,8,5.369687988,18,9,1,1
sample_06120.pdf,1382,24,90372,173,13,9,5.955764722,22,11,1,0
sample_09190.pdf,1390,21,88859,135,12,2,5.868322825,4,2,1,0
sample_16740.pdf,5283,20,15025,126,7,8,5.370014054,18,9,1,1
sample_17799.pdf,1,996,7488,211,39,10,4.643376942,22,11,1,1
sample_16926.pdf,0,0,16181,0,0,0,0.0,0,0,0,1
sample_11385.pdf,0,0,9570,0,0,0,0.0,0,0,0,1
sample_13279.pdf,0,0,2061,0,0,0,0.0,0,0,0,1
sample_07076.pdf,5043,28,64072,238,28,7,6.683581414,16,8,1,0
sample_00123.pdf,8327,233,68511,221,6,13,6.641959556,28,14,1,0
sample_12786.pdf,0,0,8087,0,0,0,0.0,0,0,0,1
sample_12713.pdf,0,0,8119,0,0,0,0.0,0,0,0,1
sample_11796.pdf,0,0,8503,0,0,0,0.0,0,0,0,1
sample_02095.pdf,7425,27,14638,247,56,5,6.656742485,10,5,1,0
sample_16500.pdf,0,0,15903,0,0,0,0.0,0,0,0,1
sample_08129.pdf,14741,142,77646,221,6,10,6.743656961,22,11,1,0
sample_01681.pdf,11929,131,43108,276,20,12,6.246427439,26,13,1,0
sample_14344.pdf,0,0,7739,0,0,0,0.0,0,0,0,1
sample_03887.pdf,397,22,14369,426,38,3,6.916435273,6,3,1,0
sample_02830.pdf,1333,21,76428,135,14,2,5.850074986,4,2,1,0
sample_05474.pdf,1384,21,87051,135,12,2,5.861217294,4,2,1,0
sample_03419.pdf,4764,70,14317,259,13,7,5.725823664,16,8,1,0
sample_17790.pdf,0,0,9870,0,0,0,0.0,0,0,0,1
sample_13395.pdf,0,0,9496,0,0,0,0.0,0,0,0,1
sample_14357.pdf,0,0,8085,0,0,0,0.0,0,0,0,1
sample_17846.pdf,1,12,110435,63,44,1,5.314461216,6,3,1,1
sample_18986.pdf,0,0,16210,0,0,0,0.0,0,0,0,1
sample_17491.pdf,0,0,2905,0,0,0,0.0,0,0,0,1
sample_11793.pdf,94,31,10866,163,44,4,5.437312749,8,4,1,1
sample_18376.pdf,0,0,9425,0,0,0,0.0,0,0,0,1
sample_07339.pdf,12816,34,63571,216,6,9,6.722734115,20,10,1,0
sample_17189.pdf,5283,20,15093,126,7,8,5.369606578,18,9,1,1
sample_07625.pdf,12440,939,167852,304,16,78,4.904978488,270,135,1,0
sample_02550.pdf,19927,47,39164,263,56,14,6.641634026,30,15,1,0
sample_10013.pdf,0,0,17173,0,0,0,0.0,0,0,0,1
sample_09831.pdf,0,0,13039,0,0,0,0.0,0,0,0,1
sample_06291.pdf,5419,64,15350,300,56,7,5.769436219,16,8,1,0
sample_17118.pdf,0,0,12107,0,0,0,0.0,0,0,0,1
sample_06147.pdf,50072,119,52463,87,12,35,6.810103546,70,35,1,0
sample_15668.pdf,0,0,9260,0,0,0,0.0,0,0,0,1
sample_11367.pdf,0,0,15721,0,0,0,0.0,0,0,0,1
sample_16390.pdf,0,0,1902,0,0,0,0.0,0,0,0,1
sample_08146.pdf,945,12,17642,198,11,3,5.268949991,6,3,1,0
sample_01435.pdf,12799,41,57184,307,62,16,6.660416548,34,17,1,0
sample_10621.pdf,0,0,8185,0,0,0,0.0,0,0,0,1
sample_06755.pdf,1374,29,90593,173,11,14,5.915222897,32,16,1,0
sample_05198.pdf,207,9,28007,284,11,2,6.521480314,4,2,1,0
sample_09676.pdf,0,0,9658,0,0,0,0.0,0,0,0,1
sample_14951.pdf,0,0,8392,0,0,0,0.0,0,0,0,1
sample_11348.pdf,5283,20,15093,126,7,8,5.369651367,18,9,1,1
sample_07931.pdf,300,31,11742,237,92,2,5.288418832,8,4,1,0
sample_07803.pdf,1222,28,17855,204,11,11,5.553158021,24,12,1,0
sample_17862.pdf,0,0,9653,0,0,0,0.0,0,0,0,1
sample_12105.pdf,5283,20,15021,126,7,8,5.36996618,18,9,1,1
sample_02111.pdf,47889,103,52554,236,29,30,6.778191575,62,31,1,0
sample_10023.pdf,0,0,16021,0,0,0,0.0,0,0,0,1
sample_13023.pdf,0,0,15335,0,0,0,0.0,0,0,0,1
sample_08458.pdf,1192,21,76352,135,11,2,5.854107408,4,2,1,0
sample_14835.pdf,0,0,8261,0,0,0,0.0,0,0,0,1
sample_01505.pdf,12175,41,14555,216,8,11,6.64986191,22,11,1,0
sample_16491.pdf,14,36,75788,214,44,18,6.618587864,36,18,1,1
sample_00100.pdf,1182,21,80711,135,13,2,5.855940513,4,2,1,0
sample_13074.pdf,0,0,8173,0,0,0,0.0,0,0,0,1
sample_17630.pdf,0,0,8173,0,0,0,0.0,0,0,0,1
sample_09150.pdf,11511,229,29792,487,6,12,6.372463744,26,13,1,0
sample_05819.pdf,1440,35,91417,173,12,20,5.365469978,44,22,1,0
sample_14401.pdf,0,0,2016,0,0,0,0.0,0,0,0,1
sample_07811.pdf,1696,21,85995,138,11,2,5.852772774,4,2,1,0
sample_02456.pdf,1478,27,87697,173,12,12,5.575032214,28,14,1,0
sample_16841.pdf,0,0,9707,0,0,0,0.0,0,0,0,1
sample_00352.pdf,1490,21,88750,145,12,2,5.885869402,4,2,1,0
sample_15584.pdf,0,0,13078,0,0,0,0.0,0,0,0,1
sample_08062.pdf,4189,34,16053,199,8,7,6.741145344,14,7,1,0
sample_12803.pdf,1,51,169287,271,22,12,4.724050317,32,16,1,1
sample_12086.pdf,0,0,9501,0,0,0,0.0,0,0,0,1
sample_07779.pdf,2484,495,65914,345,30,44,5.974481472,90,45,1,0
sample_16080.pdf,0,0,8283,0,0,0,0.0,0,0,0,1
sample_04951.pdf,1108,12,32531,198,10,3,5.477287998,6,3,1,0
sample_09722.pdf,0,0,14676,0,0,0,0.0,0,0,0,1
sample_09614.pdf,0,0,2753,0,0,0,0.0,0,0,0,1
sample_16283.pdf,0,0,9648,0,0,0,0.0,0,0,0,1
sample_14947.pdf,535,75,80283,214,44,60,6.461668545,120,60,1,1
sample_13649.pdf,0,0,12472,0,0,0,0.0,0,0,0,1
sample_12590.pdf,0,0,1455,0,0,0,0.0,0,0,0,1
sample_05643.pdf,1361,21,79471,135,12,2,5.841825857,4,2,1,0
sample_00165.pdf,15494,446,45314,481,65,23,6.482727325,48,24,1,0
sample_05490.pdf,12354,1763,144268,377,29,106,5.13643338,286,143,1,0
sample_12415.pdf,35382,21,12491,282,13,6,7.016833509,12,6,1,1
sample_18312.pdf,0,0,9369,0,0,0,0.0,0,0,0,1
sample_11936.pdf,0,0,12313,0,0,0,0.0,0,0,0,1
sample_00097.pdf,19373,485,49756,591,90,18,6.481896754,38,19,1,0
sample_16012.pdf,1,9,95063,0,0,0,4.187220577,4,2,1,1
sample_11062.pdf,0,0,17388,0,0,0,0.0,0,0,0,1
sample_15839.pdf,0,0,16417,0,0,0,0.0,0,0,0,1
sample_05681.pdf,1351,27,92826,173,10,12,5.861435182,28,14,1,0
sample_06811.pdf,1249,21,75459,135,9,2,5.848567811,4,2,1,0
sample_16584.pdf,0,0,9452,0,0,0,0.0,0,0,0,1
sample_15528.pdf,1,16,4531,146,44,3,5.045468246,6,3,1,1
sample_19234.pdf,0,0,16753,0,0,0,0.0,0,0,0,1
sample_06387.pdf,17472,51,20770,87,12,13,6.803872298,26,13,1,0
sample_12071.pdf,0,0,8425,0,0,0,0.0,0,0,0,1
sample_09549.pdf,0,0,1449,0,0,0,0.0,0,0,0,1
sample_15432.pdf,0,0,8353,0,0,0,0.0,0,0,0,1
sample_05571.pdf,1095,12,23590,198,12,3,5.419357583,6,3,1,0
sample_12369.pdf,0,0,7904,0,0,0,0.0,0,0,0,1
sample_11030.pdf,0,0,12158,0,0,0,0.0,0,0,0,1
sample_19028.pdf,0,0,2963,0,0,0,0.0,0,0,0,1
sample_07163.pdf,1639,160,112881,458,15,29,5.894316572,60,30,1,0
sample_04305.pdf,13745,208,72214,216,23,21,6.453270713,50,25,1,0
sample_03825.pdf,20540,2201,121012,254,8,49,6.763390557,100,50,1,0
sample_10303.pdf,1,52,4363,211,37,6,3.883270268,14,7,1,1
sample_11219.pdf,0,0,11912,0,0,0,0.0,0,0,0,1
sample_07713.pdf,19858,231,43040,254,8,19,6.580819151,40,20,1,0
sample_08408.pdf,18187,3793,226508,316,17,152,5.028783456,524,262,1,0
sample_17766.pdf,0,0,12380,0,0,0,0.0,0,0,0,1
sample_11806.pdf,0,0,8488,0,0,0,0.0,0,0,0,1
sample_11771.pdf,1,15,17985,208,44,0,3.281927536,4,2,1,1
sample_04171.pdf,1733,216,286761,365,8,29,5.773199142,60,30,1,0
sample_17926.pdf,19,10,17867,194,7,1,5.267456759,2,1,1,1
sample_02363.pdf,1236,19,11027,242,35,3,5.43301139,8,4,1,0
sample_17350.pdf,1,16,14924,214,44,0,4.527162353,4,2,1,1
sample_12721.pdf,1,18,5073,100,44,3,6.737019721,6,3,1,1
sample_17343.pdf,0,0,15855,0,0,0,0.0,0,0,0,1
sample_14678.pdf,0,0,8188,0,0,0,0.0,0,0,0,1
sample_12954.pdf,0,0,9561,0,0,0,0.0,0,0,0,1
sample_03253.pdf,50971,669,154670,305,60,36,6.676383413,74,37,1,0
sample_11724.pdf,5283,20,14981,126,7,8,5.370423891,18,9,1,1
sample_03905.pdf,1214,12,24871,160,10,3,4.961488517,6,3,1,0
sample_02729.pdf,1350,17,71259,173,12,4,4.93996723,10,5,1,0
sample_00292.pdf,8791,83,17871,252,6,7,5.876625131,16,8,1,0
sample_02571.pdf,1246,21,84116,135,12,2,5.860406589,4,2,1,0
sample_14624.pdf,0,0,9321,0,0,0,0.0,0,0,0,1
sample_12660.pdf,1,52,4334,211,37,6,3.885614946,14,7,1,1
sample_11333.pdf,0,0,8337,0,0,0,0.0,0,0,0,1
sample_01715.pdf,9941,32,13559,126,12,8,6.722568474,16,8,1,0
sample_05618.pdf,14437,879,133139,627,103,33,6.613349964,68,34,1,0
sample_16881.pdf,0,0,9397,0,0,0,0.0,0,0,0,1
sample_02169.pdf,6728,190,244145,398,24,29,5.46786846,86,43,1,0
sample_04487.pdf,22815,242,54947,490,83,16,6.527210728,34,17,1,0
sample_11600.pdf,0,0,9745,0,0,0,0.0,0,0,0,1
sample_16295.pdf,0,0,12304,0,0,0,0.0,0,0,0,1
sample_07572.pdf,8586,353,77932,319,16,48,5.755899921,106,53,1,0
sample_15990.pdf,1440,10,8317,82,12,1,6.819545205,2,1,1,1
sample_05093.pdf,6094,2493,263477,397,26,244,4.259147242,1230,615,1,0
sample_13024.pdf,10130,13,4544,263,11,3,6.734238562,6,3,1,1
sample_14402.pdf,0,0,9269,0,0,0,0.0,0,0,0,1
sample_04763.pdf,1096,12,23582,198,12,3,5.262593021,6,3,1,0
sample_15392.pdf,0,0,16576,0,0,0,0.0,0,0,0,1
sample_05709.pdf,3436,161,44734,247,1,19,6.389722148,40,20,1,0
sample_00209.pdf,32788,71,44339,238,29,19,6.589471283,40,20,1,0
sample_18553.pdf,0,0,8145,0,0,0,0.0,0,0,0,1
sample_12213.pdf,0,0,15328,0,0,0,0.0,0,0,0,1
sample_01372.pdf,1939,16,26012,225,12,4,5.439171978,10,5,1,0
sample_18174.pdf,15627,21,10429,257,9,6,6.923701432,12,6,1,1
sample_18915.pdf,0,0,9570,0,0,0,0.0,0,0,0,1
sample_06852.pdf,780,74,208727,325,27,14,6.065479026,30,15,1,0
sample_02178.pdf,1295,21,80036,145,12,2,5.858098211,4,2,1,0
sample_15912.pdf,5283,20,14915,126,7,8,5.370726991,18,9,1,1
sample_05541.pdf,1226,21,75052,135,12,2,5.820914457,4,2,1,0
sample_18450.pdf,0,0,15866,0,0,0,0.0,0,0,0,1
sample_09520.pdf,1552,10,9655,233,21,1,6.725735443,2,1,1,1
sample_15203.pdf,0,0,8062,0,0,0,0.0,0,0,0,1
sample_18335.pdf,0,0,9675,0,0,0,0.0,0,0,0,1
sample_02866.pdf,4772,23,10721,202,1,4,6.472290271,8,4,1,0
sample_12798.pdf,0,0,9243,0,0,0,0.0,0,0,0,1
sample_15015.pdf,0,0,9922,0,0,0,0.0,0,0,0,1
sample_00684.pdf,1245,24,93803,145,12,4,5.325831756,8,4,1,0
sample_17655.pdf,0,0,16524,0,0,0,0.0,0,0,0,1
sample_11149.pdf,1,10,5858,156,37,2,5.698156752,6,3,1,1
sample_14786.pdf,0,0,9211,0,0,0,0.0,0,0,0,1
sample_01109.pdf,4484,549,75252,83,17,76,4.485996249,182,91,1,0
sample_18911.pdf,0,0,8398,0,0,0,0.0,0,0,0,1
sample_16908.pdf,1,10,3743,0,0,2,5.228429574,6,3,1,1
sample_13988.pdf,0,0,8253,0,0,0,0.0,0,0,0,1
sample_00423.pdf,2445,27,43250,152,30,14,5.347062348,32,16,1,0
sample_07138.pdf,987,13,17664,188,12,3,5.226371511,8,4,1,0
sample_09983.pdf,0,0,1435,0,0,0,0.0,0,0,0,1
sample_08418.pdf,1232,12,29959,160,12,3,5.188708601,6,3,1,0
sample_16707.pdf,1,10,26456,182,7,1,0.0,2,1,1,1
sample_07650.pdf,41265,2518,308465,394,30,209,4.453662733,956,478,1,0
sample_17549.pdf,0,0,15973,0,0,0,0.0,0,0,0,1
sample_12445.pdf,1,18,5096,100,68,3,6.803105151,6,3,1,1
sample_07704.pdf,10405,591,77778,276,19,52,5.506840872,140,70,1,0
sample_13469.pdf,1,15,17140,208,44,0,3.217519591,4,2,1,1
sample_04631.pdf,57641,126,75021,230,30,36,6.862318366,74,37,1,0
sample_12314.pdf,0,0,8209,0,0,0,0.0,0,0,0,1
sample_11914.pdf,0,0,9621,0,0,0,0.0,0,0,0,1
sample_02906.pdf,1380,22,201857,304,36,4,5.488634494,10,5,1,0
sample_00135.pdf,10940,40,34318,312,58,8,6.468621509,18,9,1,0
sample_06973.pdf,13899,825,256602,352,30,110,4.382257486,522,261,1,0
sample_14929.pdf,0,0,8212,0,0,0,0.0,0,0,0,1
sample_00345.pdf,7127,37,62695,277,8,7,5.875742636,20,10,1,0
sample_06857.pdf,26631,907,76178,627,100,25,6.702901703,52,26,1,0
sample_00756.pdf,30804,547,369940,292,32,26,6.695861584,54,27,1,0
sample_18035.pdf,0,0,8133,0,0,0,0.0,0,0,0,1
sample_12719.pdf,0,0,8204,0,0,0,0.0,0,0,0,1
sample_09500.pdf,0,0,9542,0,0,0,0.0,0,0,0,1
sample_02665.pdf,12172,42,22347,235,28,10,6.491351891,22,11,1,0
sample_18626.pdf,1,9,130785,0,0,0,3.408912741,4,2,1,1
sample_17696.pdf,1,15,3500,208,44,1,5.264095341,4,2,1,1
sample_07874.pdf,1090,12,22093,160,10,3,5.139356817,6,3,1,0
sample_14152.pdf,0,0,2008,0,0,0,0.0,0,0,0,1
sample_14659.pdf,0,0,1906,0,0,0,0.0,0,0,0,1
sample_08231.pdf,4025,143,34974,527,254,12,5.26427846,30,15,1,0
sample_04463.pdf,14067,1290,372727,279,29,39,6.737227697,82,41,1,0
sample_10442.pdf,0,0,9411,0,0,0,0.0,0,0,0,1
sample_06312.pdf,1325,21,77327,135,13,2,5.850680795,4,2,1,0
sample_00338.pdf,5556,87,54707,0,0,21,6.449166883,42,21,1,0
sample_04353.pdf,1195,12,24028,198,12,3,5.290566801,6,3,1,0
sample_09100.pdf,15474,54,32543,235,28,14,6.618034183,30,15,1,0
sample_11393.pdf,0,0,8182,0,0,0,0.0,0,0,0,1
sample_07380.pdf,20428,47,30353,241,32,11,6.56300227,24,12,1,0
sample_08982.pdf,9100,404,76875,367,29,50,5.785735149,110,55,1,0
sample_01520.pdf,1492,36,99034,173,11,21,5.678904907,46,23,1,0
sample_18052.pdf,0,0,16349,0,0,0,0.0,0,0,0,1
sample_11221.pdf,1,16,21104,214,44,0,3.961810369,4,2,1,1
sample_17110.pdf,0,0,9563,0,0,0,0.0,0,0,0,1
sample_10846.pdf,0,0,16931,0,0,0,0.0,0,0,0,1
sample_00072.pdf,6780,41,54673,298,53,16,6.584963047,34,17,1,0
sample_03962.pdf,2321,40,11558,189,49,11,5.714585633,24,12,1,0
sample_12904.pdf,1,10,6071,156,37,2,5.696607122,6,3,1,1
sample_13001.pdf,5283,20,15091,126,7,8,5.369648255,18,9,1,1
sample_04057.pdf,2671,22,42750,238,28,5,6.406298461,12,6,1,0
sample_14768.pdf,0,0,7899,0,0,0,0.0,0,0,0,1
sample_09567.pdf,0,0,9483,0,0,0,0.0,0,0,0,1
sample_03647.pdf,13705,762,87928,314,14,48,6.246040019,94,47,1,0
sample_03025.pdf,1278,10,27610,173,12,2,5.602623959,8,4,1,0
sample_01385.pdf,1693,131,122137,563,8,18,6.081127644,38,19,1,0
sample_05810.pdf,1767,13,27317,188,12,3,5.385123843,8,4,1,0
sample_12028.pdf,5283,20,14955,126,7,8,5.370414031,18,9,1,1
sample_01422.pdf,1248,12,25547,198,12,3,5.339781805,6,3,1,0
sample_10077.pdf,1,12,4530,135,44,1,4.673582918,4,2,1,1
sample_04335.pdf,1417,12,30293,198,9,3,5.267863153,6,3,1,0
sample_12655.pdf,5283,20,14981,126,7,8,5.370448908,18,9,1,1
sample_03561.pdf,10737,30,19407,235,28,6,6.192440507,14,7,1,0
sample_15621.pdf,0,0,15356,0,0,0,0.0,0,0,0,1
sample_09023.pdf,5524,864,405746,264,24,287,4.742904003,826,413,1,0
sample_05493.pdf,20529,72,202142,194,13,18,6.051920958,34,17,1,0
sample_09112.pdf,1759,13,4095,216,23,2,6.358693655,4,2,1,0
sample_15351.pdf,0,0,75721,0,0,0,0.0,0,0,0,1
sample_16756.pdf,0,0,16252,0,0,0,0.0,0,0,0,1
sample_07304.pdf,1547,27,83634,173,12,12,5.43256047,28,14,1,0
sample_02926.pdf,178226,190,197080,201,22,54,7.10054327,108,54,1,0
sample_13517.pdf,0,0,9255,0,0,0,0.0,0,0,0,1
sample_00430.pdf,2377,563,176663,335,21,31,6.162743968,66,33,1,0
sample_02526.pdf,1212,12,39949,198,52,3,5.314614709,6,3,1,0
sample_15291.pdf,0,0,9409,0,0,0,0.0,0,0,0,1
sample_06001.pdf,8092,622,72794,418,43,46,5.875951548,98,49,1,0
sample_09430.pdf,0,0,9708,0,0,0,0.0,0,0,0,1
sample_00790.pdf,1504,21,92737,135,12,2,5.887417493,4,2,1,0
sample_13576.pdf,0,0,1464,0,0,0,0.0,0,0,0,1
sample_01367.pdf,12536,40,95103,1054,8,11,6.500078077,24,12,1,0
sample_11379.pdf,0,0,8138,0,0,0,0.0,0,0,0,1
sample_17423.pdf,0,0,15220,0,0,0,0.0,0,0,0,1
sample_06111.pdf,49719,51,48662,222,8,15,6.753493913,30,15,1,0
sample_10979.pdf,0,0,8519,0,0,0,0.0,0,0,0,1
sample_00905.pdf,10206,29,15368,220,12,5,6.587869611,10,5,1,0
sample_16916.pdf,0,0,41177,0,0,0,0.0,0,0,0,1
sample_14313.pdf,0,0,8555,0,0,0,0.0,0,0,0,1
sample_12309.pdf,0,0,9699,0,0,0,0.0,0,0,0,1
sample_05226.pdf,1431,32,93809,173,12,17,5.553937746,38,19,1,0
sample_09010.pdf,19563,800,120776,296,36,89,4.991834883,326,163,1,0
sample_18856.pdf,0,0,8500,0,0,0,0.0,0,0,0,1
sample_07469.pdf,4496,29,14419,238,29,6,6.083028588,14,7,1,0
sample_11781.pdf,0,0,8311,0,0,0,0.0,0,0,0,1
sample_00033.pdf,19836,53,23291,87,12,14,6.793902108,28,14,1,0
sample_03384.pdf,13890,1516,377869,297,32,98,4.364181547,470,235,1,0
sample_01982.pdf,8613,481,35743,300,30,28,6.367767232,60,30,1,0
sample_15260.pdf,0,0,9447,0,0,0,0.0,0,0,0,1
sample_14689.pdf,0,0,12834,0,0,0,0.0,0,0,0,1
sample_16249.pdf,0,0,9699,0,0,0,0.0,0,0,0,1
sample_14850.pdf,0,0,8155,0,0,0,0.0,0,0,0,1
sample_13738.pdf,0,0,9531,0,0,0,0.0,0,0,0,1
sample_01320.pdf,43339,253,180129,268,23,34,6.649284077,70,35,1,0
sample_19042.pdf,828,10,7630,137,8,1,6.791384588,2,1,1,1
sample_18320.pdf,0,0,12444,0,0,0,0.0,0,0,0,1
sample_06634.pdf,1141,21,76619,135,11,2,5.847535825,4,2,1,0
sample_02076.pdf,14149,1011,116119,329,17,67,5.476767962,178,89,1,0
sample_05755.pdf,1476,119,96398,252,1,19,6.408489462,40,20,1,0
sample_06616.pdf,2101,177,118275,252,1,19,6.415788042,40,20,1,0
sample_04499.pdf,1168,12,24977,198,12,3,5.382002666,6,3,1,0
sample_06775.pdf,4669,457,83228,401,25,24,6.418578631,46,23,1,0
sample_09887.pdf,5283,20,15017,126,7,8,5.369961855,18,9,1,1
sample_11255.pdf,17,10,17713,180,7,1,5.231200234,2,1,1,1
sample_00331.pdf,11128,441,86764,301,14,52,5.723884765,118,59,1,0
sample_16727.pdf,0,0,16140,0,0,0,0.0,0,0,0,1
sample_11883.pdf,0,0,16311,0,0,0,0.0,0,0,0,1
sample_01514.pdf,9210,100,141308,290,25,36,6.690134297,76,38,1,0
sample_03672.pdf,37798,90,46800,236,29,24,6.766494285,50,25,1,0
sample_14413.pdf,94,31,11474,163,44,4,5.455703525,8,4,1,1
sample_16857.pdf,0,0,232177,0,0,0,0.0,0,0,0,1
sample_13141.pdf,866,96,79146,214,44,52,6.131190918,104,52,1,1
sample_01472.pdf,11620,396,278505,369,31,72,4.29110604,296,148,1,0
sample_07250.pdf,4475,36,27941,320,65,10,5.574670859,24,12,1,0
sample_04581.pdf,4206,199,19567,307,6,8,5.981912117,18,9,1,0
sample_17368.pdf,0,0,41032,0,0,0,0.0,0,0,0,1
sample_03870.pdf,1606,114,206936,414,8,32,5.835222504,66,33,1,0
sample_19282.pdf,0,0,15736,0,0,0,0.0,0,0,0,1
sample_10076.pdf,0,0,9752,0,0,0,0.0,0,0,0,1
sample_09267.pdf,1483,17,55270,198,12,5,5.549601361,10,5,1,0
sample_01477.pdf,848,12,17682,160,12,3,5.140364277,6,3,1,0
sample_11214.pdf,5283,20,15095,126,7,8,5.36972323,18,9,1,1
sample_13150.pdf,0,0,154511,0,0,0,0.0,0,0,0,1
sample_02177.pdf,6877,86,82251,163,10,42,6.44637089,86,43,1,0
sample_15206.pdf,0,0,16157,0,0,0,0.0,0,0,0,1
sample_09143.pdf,2861,56,96776,264,55,19,5.118336194,42,21,1,0
sample_00066.pdf,152547,494,207950,293,24,55,6.823194082,114,57,1,0
sample_13945.pdf,828,10,7648,137,8,1,6.791384588,2,1,1,1
sample_04939.pdf,7967,805,327031,459,24,82,4.522431946,442,221,1,0
sample_15944.pdf,0,0,16861,0,0,0,0.0,0,0,0,1
sample_14957.pdf,828,10,7639,137,8,1,6.791384588,2,1,1,1
sample_15530.pdf,0,0,8336,0,0,0,0.0,0,0,0,1
sample_13557.pdf,0,0,15975,0,0,0,0.0,0,0,0,1
sample_02347.pdf,6977,97,66609,270,55,8,6.729612455,18,9,1,0
sample_04517.pdf,2581,10,11926,317,13,2,7.068074093,4,2,1,0
sample_13591.pdf,5283,20,14925,126,7,8,5.370711817,18,9,1,1
sample_05622.pdf,1347,33,91179,173,11,18,5.472847719,40,20,1,0
sample_06211.pdf,1401,31,86495,173,12,16,5.496963204,36,18,1,0
sample_05524.pdf,10613,330,73158,381,24,33,6.425644206,68,34,1,0
sample_15692.pdf,0,0,1426,0,0,0,0.0,0,0,0,1
sample_17023.pdf,5283,20,15015,126,7,8,5.36987325,18,9,1,1
sample_11390.pdf,0,0,9604,0,0,0,0.0,0,0,0,1
sample_17906.pdf,0,0,9462,0,0,0,0.0,0,0,0,1
sample_11847.pdf,71,16,10105,214,44,2,7.115795945,4,2,1,1
sample_13471.pdf,0,0,9504,0,0,0,0.0,0,0,0,1
sample_04717.pdf,24264,193,45442,246,12,21,6.615208355,44,22,1,0
sample_14081.pdf,0,0,16948,0,0,0,0.0,0,0,0,1
sample_07536.pdf,9843,97,23788,246,11,11,6.231078389,24,12,1,0
sample_10631.pdf,1,16,14951,214,44,0,4.573409664,4,2,1,1
sample_16423.pdf,0,0,9672,0,0,0,0.0,0,0,0,1
sample_11216.pdf,0,0,8576,0,0,0,0.0,0,0,0,1
sample_18492.pdf,0,0,8128,0,0,0,0.0,0,0,0,1
sample_03838.pdf,12132,592,85553,320,14,48,5.994266647,100,50,1,0
sample_00651.pdf,1421,128,194648,381,18,23,5.860659361,48,24,1,0
sample_04510.pdf,1549,135,185635,359,14,30,5.873123424,62,31,1,0
sample_19222.pdf,0,0,9198,0,0,0,0.0,0,0,0,1
sample_19039.pdf,1,10,5856,156,37,2,5.473291986,6,3,1,1
sample_12413.pdf,1,18,5082,100,44,3,6.735642024,6,3,1,1
sample_10935.pdf,0,0,9347,0,0,0,0.0,0,0,0,1
sample_06649.pdf,1753,126,104715,423,23,23,6.071581786,48,24,1,0
sample_05906.pdf,5206,23,11458,238,29,4,5.7449374,10,5,1,0
sample_11898.pdf,71,16,10230,214,44,2,7.120619014,4,2,1,1
sample_03656.pdf,25414,194,46383,265,16,13,6.467689315,28,14,1,0
sample_07317.pdf,1560,110,213053,380,8,23,5.862625779,48,24,1,0
sample_09136.pdf,1526,138,213185,403,21,32,5.822858844,66,33,1,0
sample_05516.pdf,15529,140,31492,254,8,13,6.387026366,28,14,1,0
sample_11244.pdf,0,0,9556,0,0,0,0.0,0,0,0,1
sample_17995.pdf,0,0,9442,0,0,0,0.0,0,0,0,1
sample_04872.pdf,1497,21,89245,145,12,2,5.883072249,4,2,1,0
sample_14271.pdf,1,7,2308,0,0,1,7.032078572,2,1,1,1
sample_05367.pdf,11930,34,21246,87,11,8,6.918696091,16,8,1,0
sample_08185.pdf,10088,327,34796,714,130,12,6.25058093,26,13,1,0
sample_13563.pdf,0,0,8287,0,0,0,0.0,0,0,0,1
sample_08794.pdf,1470,81,97702,246,32,32,6.541743361,68,34,1,0
sample_18131.pdf,0,0,9414,0,0,0,0.0,0,0,0,1
sample_00702.pdf,29915,610,90906,323,19,26,6.483901061,56,28,1,0
sample_00950.pdf,40075,314,64466,254,8,21,6.648375064,44,22,1,0
sample_00181.pdf,25318,675,106067,378,29,63,5.524780921,158,79,1,0
sample_04614.pdf,7352,672,122720,412,38,74,4.705524819,358,179,1,0
sample_05581.pdf,37550,648,121735,488,34,56,5.408274627,150,75,1,0
sample_11955.pdf,0,0,8338,0,0,0,0.0,0,0,0,1
sample_00347.pdf,1248,21,78327,135,12,2,5.882117919,4,2,1,0
sample_16797.pdf,5283,20,14981,126,7,8,5.370523146,18,9,1,1
sample_15213.pdf,0,0,12426,0,0,0,0.0,0,0,0,1
sample_03806.pdf,22609,61,39514,126,11,17,6.908831741,34,17,1,0
sample_06217.pdf,1363,33,76468,173,12,18,5.601223604,40,20,1,0
sample_10411.pdf,0,0,8271,0,0,0,0.0,0,0,0,1
sample_14607.pdf,0,0,14749,0,0,0,0.0,0,0,0,1
sample_08535.pdf,18454,152,134164,321,36,21,6.667469948,44,22,1,0
sample_03101.pdf,1218,31,77961,173,12,16,5.552754561,36,18,1,0
sample_06560.pdf,14244,128,25225,255,9,12,6.296527688,26,13,1,0
sample_07196.pdf,1103,21,67338,135,13,2,5.821005513,4,2,1,0
sample_03502.pdf,1405,125,172431,380,8,20,5.900562046,42,21,1,0
sample_00845.pdf,10961,471,87727,573,30,46,5.607465449,112,56,1,0
sample_09096.pdf,7978,113,40080,305,14,25,6.500855842,52,26,1,0
sample_02224.pdf,23,7,1134,313,11,1,5.056316988,2,1,1,0
sample_17716.pdf,0,0,9745,0,0,0,0.0,0,0,0,1
sample_01052.pdf,1184,23,59270,173,13,10,5.110866865,22,11,1,0
sample_05104.pdf,6668,761,106607,380,27,69,5.087857931,208,104,1,0
sample_07137.pdf,17267,283,75756,462,28,38,5.556108845,110,55,1,0
sample_06833.pdf,1884,407,146280,294,6,45,5.109261418,100,50,1,0
sample_03540.pdf,1386,20,39869,173,7,7,5.989881642,22,11,1,0
sample_14375.pdf,0,0,8155,0,0,0,0.0,0,0,0,1
sample_19148.pdf,0,0,8221,0,0,0,0.0,0,0,0,1
sample_03743.pdf,16914,46,82977,238,28,13,6.879896903,28,14,1,0
sample_11451.pdf,0,0,8514,0,0,0,0.0,0,0,0,1
sample_05796.pdf,8156,33,15807,233,28,6,6.167764077,14,7,1,0
sample_13756.pdf,0,0,15941,0,0,0,0.0,0,0,0,1
sample_04657.pdf,1357,35,79939,173,11,20,5.532750048,44,22,1,0
sample_05215.pdf,5902,44,100594,172,11,9,6.388028888,22,11,1,0
sample_17687.pdf,0,0,8330,0,0,0,0.0,0,0,0,1
sample_12918.pdf,0,0,13252,0,0,0,0.0,0,0,0,1
sample_11011.pdf,231,13,35499,128,68,2,4.945293022,6,3,1,1
sample_14655.pdf,0,0,78028,0,0,0,0.0,0,0,0,1
sample_08507.pdf,20776,260,107545,414,32,54,4.545877115,264,132,1,0
sample_00031.pdf,3355,403,114643,373,19,47,4.611926845,242,121,1,0
sample_05957.pdf,1429,46,118948,173,12,31,6.059059392,66,33,1,0
sample_01037.pdf,11023,38,19818,238,33,9,6.413218317,20,10,1,0
sample_17357.pdf,7630,22,36578,273,10,6,6.901609515,12,6,1,1
sample_02953.pdf,16261,618,111052,456,29,62,5.329393545,202,101,1,0
sample_14980.pdf,0,0,9396,0,0,0,0.0,0,0,0,1
sample_13656.pdf,0,0,9366,0,0,0,0.0,0,0,0,1
sample_00083.pdf,7365,35,14848,194,12,9,6.551094932,18,9,1,0
sample_07759.pdf,9922,39,26708,235,28,10,6.419508738,22,11,1,0
sample_10643.pdf,0,0,9454,0,0,0,0.0,0,0,0,1
sample_06750.pdf,241,22,90188,219,11,11,6.593188703,24,12,1,0
sample_15228.pdf,0,0,8396,0,0,0,0.0,0,0,0,1
sample_01444.pdf,11021,940,106553,428,13,69,5.128971801,208,104,1,0
sample_09699.pdf,0,0,9745,0,0,0,0.0,0,0,0,1
sample_07383.pdf,19096,1202,116160,434,32,55,6.159811606,112,56,1,0
sample_00087.pdf,13705,766,77138,314,14,43,6.199880096,86,43,1,0
sample_05956.pdf,66736,498,89002,302,56,33,6.737991912,68,34,1,0
sample_03488.pdf,6020,21,11559,238,29,4,5.763710592,10,5,1,0
sample_04068.pdf,165399,100,142523,198,31,25,7.125796487,50,25,1,0
sample_18932.pdf,0,0,12235,0,0,0,0.0,0,0,0,1
sample_14103.pdf,0,0,8022,0,0,0,0.0,0,0,0,1
sample_17797.pdf,0,0,15619,0,0,0,0.0,0,0,0,1
sample_04575.pdf,3520,65,17435,263,12,6,5.705263084,14,7,1,0
sample_03380.pdf,1509,24,123439,138,10,4,5.711665689,8,4,1,0
sample_05265.pdf,1692,117,181961,358,10,19,5.901710044,40,20,1,0
sample_15658.pdf,0,0,17361,0,0,0,0.0,0,0,0,1
sample_00649.pdf,1380,118,180805,386,11,28,5.948808946,58,29,1,0
sample_01299.pdf,7641,217,74975,363,19,31,4.390189984,168,84,1,0
sample_13145.pdf,0,0,12363,0,0,0,0.0,0,0,0,1
sample_16421.pdf,0,0,8110,0,0,0,0.0,0,0,0,1
sample_03520.pdf,1303,21,76986,135,12,2,5.860551918,4,2,1,0
sample_12809.pdf,5283,20,14951,126,7,8,5.370339917,18,9,1,1
sample_01146.pdf,17509,259,31843,416,8,12,6.345650278,26,13,1,0
sample_15459.pdf,0,0,15755,0,0,0,0.0,0,0,0,1
sample_15150.pdf,0,0,2049,0,0,0,0.0,0,0,0,1
sample_00235.pdf,11673,28,15225,126,11,7,6.745072505,14,7,1,0
sample_09376.pdf,0,0,9620,0,0,0,0.0,0,0,0,1
sample_16046.pdf,0,0,16205,0,0,0,0.0,0,0,0,1
sample_01745.pdf,6112,372,258816,325,27,33,4.563655317,170,85,1,0
sample_08198.pdf,1589,47,306814,204,17,17,5.762787704,34,17,1,0
sample_04033.pdf,33280,80,42789,233,28,22,6.754482544,46,23,1,0
sample_06522.pdf,23273,52,89861,239,29,15,6.88544558,32,16,1,0
sample_18162.pdf,549,22,83234,214,68,6,6.436705298,12,6,1,1
sample_08758.pdf,13614,245,49756,439,66,19,6.446197737,40,20,1,0
sample_02295.pdf,4929,41,42953,211,13,7,6.841434169,14,7,1,0
sample_03828.pdf,1044,12,21347,198,12,3,5.138328159,6,3,1,0
sample_10185.pdf,5283,20,15095,126,7,8,5.369706461,18,9,1,1
sample_08026.pdf,1182,21,71459,138,12,2,5.82631989,4,2,1,0
sample_16700.pdf,0,0,8198,0,0,0,0.0,0,0,0,1
sample_18837.pdf,0,0,14887,0,0,0,0.0,0,0,0,1
sample_05518.pdf,177183,330,370330,277,32,53,6.911972501,108,54,1,0
sample_04185.pdf,1505,83,93917,388,10,18,6.166087216,38,19,1,0
sample_01188.pdf,7682,3676,294418,328,27,258,4.743500696,1216,608,1,0
sample_08534.pdf,12696,1239,164216,483,30,44,5.075429072,148,74,1,0
sample_17692.pdf,0,0,7794,0,0,0,0.0,0,0,0,1
sample_06142.pdf,9159,61,176150,177,36,10,6.780006954,20,10,1,0
sample_12229.pdf,0,0,17341,0,0,0,0.0,0,0,0,1
sample_10119.pdf,0,0,16272,0,0,0,0.0,0,0,0,1
sample_14808.pdf,5283,20,15019,126,7,8,5.370015533,18,9,1,1
sample_06276.pdf,14019,799,106057,315,14,73,5.018390479,232,116,1,0
sample_05275.pdf,13321,43,22724,233,28,11,6.515054859,24,12,1,0
sample_06226.pdf,24449,81,187414,194,13,16,5.966693339,30,15,1,0
sample_06108.pdf,0,0,36777668,0,0,0,0.0,0,0,0,0
sample_02998.pdf,1465,31,97081,173,12,16,5.681464744,36,18,1,0
sample_00641.pdf,1289,21,78929,145,12,2,5.863768002,4,2,1,0
sample_06194.pdf,550,42,34259,307,16,13,5.411355483,28,14,1,0
sample_02226.pdf,1644,122,110798,506,15,15,6.261542065,32,16,1,0
sample_13222.pdf,0,0,9427,0,0,0,0.0,0,0,0,1
sample_00685.pdf,10460,750,85283,294,6,56,4.74528706,136,68,1,0
sample_01696.pdf,311,47,7805,283,10,20,4.823024433,40,20,1,0
sample_12933.pdf,0,0,5326,0,0,0,0.0,0,0,0,1
sample_01792.pdf,1255,12,27739,198,12,3,5.37164479,6,3,1,0
sample_13850.pdf,0,0,9447,0,0,0,0.0,0,0,0,1
sample_17817.pdf,0,0,16353,0,0,0,0.0,0,0,0,1
sample_02432.pdf,1205,12,29598,198,11,3,5.315902346,6,3,1,0
sample_10089.pdf,0,0,15922,0,0,0,0.0,0,0,0,1
sample_00719.pdf,993,13,16790,188,12,3,5.252382108,8,4,1,0
sample_12181.pdf,1,16,13765,214,44,0,4.540659064,4,2,1,1
sample_15539.pdf,0,0,9468,0,0,0,0.0,0,0,0,1
sample_10588.pdf,0,0,9738,0,0,0,0.0,0,0,0,1
sample_07771.pdf,11383,36,30794,237,28,7,6.354120891,16,8,1,0
sample_13722.pdf,828,10,7630,137,8,1,6.791384588,2,1,1,1
sample_09033.pdf,4813,120,51879,327,22,7,3.537252656,90,45,1,0
sample_18947.pdf,1,15,17468,208,44,0,3.21611197,4,2,1,1
sample_15219.pdf,0,0,13378,0,0,0,0.0,0,0,0,1
sample_10533.pdf,94,31,10716,163,44,4,5.449088146,8,4,1,1
sample_16199.pdf,0,0,15968,0,0,0,0.0,0,0,0,1
sample_01048.pdf,18401,451,154580,224,9,17,6.944731727,36,18,1,0
sample_06988.pdf,1610,86,93872,412,17,18,6.106508085,38,19,1,0
sample_02537.pdf,404,121,16578,392,29,11,5.218452496,26,13,1,0
sample_18338.pdf,0,0,9444,0,0,0,0.0,0,0,0,1
sample_15396.pdf,0,0,17213,0,0,0,0.0,0,0,0,1
sample_13280.pdf,0,0,9523,0,0,0,0.0,0,0,0,1
sample_01983.pdf,3827,80,70458,163,10,39,6.356633104,80,40,1,0
sample_06451.pdf,6736,358,64562,226,8,13,6.71481213,28,14,1,0
sample_05216.pdf,12534,170,71776,271,56,9,6.765694238,20,10,1,0
sample_09189.pdf,1393,27,81391,173,11,12,5.952846485,28,14,1,0
sample_02179.pdf,11695,93,23313,302,56,10,6.193478691,22,11,1,0
sample_05650.pdf,1133,21,80336,135,12,2,5.861839917,4,2,1,0
sample_17381.pdf,0,0,37531,0,0,0,0.0,0,0,0,1
sample_09211.pdf,4942,35,58179,247,39,9,6.717566147,20,10,1,0
sample_07866.pdf,1210,21,79351,135,11,2,5.857794881,4,2,1,0
sample_14501.pdf,0,0,8625,0,0,0,0.0,0,0,0,1
sample_00069.pdf,1627,306,43294,255,14,5,6.892458661,10,5,1,0
sample_10341.pdf,0,0,8381,0,0,0,0.0,0,0,0,1
sample_00109.pdf,8173,567,115238,400,14,36,5.749893571,88,44,1,0
sample_05981.pdf,4847,18,28702,87,11,3,7.090598667,6,3,1,0
sample_08583.pdf,1517,110,106113,358,10,15,6.09030548,32,16,1,0
sample_05843.pdf,38974,236,486244,253,28,48,6.61764582,98,49,1,0
sample_19267.pdf,0,0,8131,0,0,0,0.0,0,0,0,1
sample_15121.pdf,0,0,8175,0,0,0,0.0,0,0,0,1
sample_10863.pdf,0,0,9632,0,0,0,0.0,0,0,0,1
sample_04869.pdf,12352,452,87561,402,17,54,5.58415927,130,65,1,0
sample_14371.pdf,1,996,7549,211,39,10,4.641186994,22,11,1,1
sample_04636.pdf,10917,964,121242,285,14,59,5.733957702,136,68,1,0
sample_17210.pdf,0,0,3133,0,0,0,0.0,0,0,0,1
sample_04546.pdf,1383,21,92375,135,12,2,5.892139517,4,2,1,0
sample_16321.pdf,5283,20,14921,126,7,8,5.370712814,18,9,1,1
sample_16047.pdf,1,53,5436,0,0,1,7.032339479,2,1,1,1
sample_17274.pdf,0,0,8201,0,0,0,0.0,0,0,0,1
sample_08665.pdf,7001,91,148080,289,67,43,5.87205305,92,46,1,0
sample_18746.pdf,0,0,9723,0,0,0,0.0,0,0,0,1
sample_19036.pdf,0,0,9544,0,0,0,0.0,0,0,0,1
sample_17505.pdf,0,0,8442,0,0,0,0.0,0,0,0,1
sample_04565.pdf,9249,160,26511,331,1,8,6.267269541,18,9,1,0
sample_07049.pdf,8400,867,111162,479,30,63,5.294489779,190,95,1,0
sample_04741.pdf,10554,178,255944,417,25,47,4.654120959,196,98,1,0
sample_09432.pdf,0,0,19580,0,0,0,0.0,0,0,0,1
sample_14275.pdf,0,0,16441,0,0,0,0.0,0,0,0,1
sample_14366.pdf,0,0,8143,0,0,0,0.0,0,0,0,1
sample_11978.pdf,0,0,17469,0,0,0,0.0,0,0,0,1
sample_06867.pdf,8293,147,145891,266,53,83,4.63692543,202,101,1,0
sample_16163.pdf,0,0,9536,0,0,0,0.0,0,0,0,1
sample_01964.pdf,46661,435,351878,294,34,29,6.660992051,60,30,1,0
sample_18765.pdf,0,0,9693,0,0,0,0.0,0,0,0,1
sample_05169.pdf,10232,321,75060,491,31,34,5.872365061,72,36,1,0
sample_15321.pdf,0,0,9232,0,0,0,0.0,0,0,0,1
sample_06559.pdf,172579,44,131482,270,8,14,6.812033373,28,14,1,0
sample_01462.pdf,1249,44,81660,173,12,29,5.466886553,62,31,1,0
sample_11010.pdf,0,0,2617,0,0,0,0.0,0,0,0,1
sample_04265.pdf,1391,25,85931,173,11,10,5.706146942,24,12,1,0
sample_17583.pdf,0,0,78484,0,0,0,0.0,0,0,0,1
sample_03269.pdf,77660,124,98000,224,12,29,6.909885911,62,31,1,0
sample_18115.pdf,828,10,7624,137,8,1,6.791384588,2,1,1,1
sample_03309.pdf,5908,22,38243,218,8,5,7.098275569,10,5,1,0
sample_13002.pdf,0,0,8312,0,0,0,0.0,0,0,0,1
sample_02278.pdf,3793,108,253006,185,16,29,6.057949265,66,33,1,0
sample_13168.pdf,1,28,38235,214,44,10,6.344324928,20,10,1,1
sample_03847.pdf,44617,84,373652,199,13,25,6.60003508,52,26,1,0
sample_13707.pdf,0,0,16033,0,0,0,0.0,0,0,0,1
sample_06711.pdf,1894,300,175897,408,9,31,5.979423249,64,32,1,0
sample_03661.pdf,1957,12,37103,198,12,3,5.361181369,6,3,1,0
sample_19145.pdf,0,0,17139,0,0,0,0.0,0,0,0,1
sample_13377.pdf,0,0,16024,0,0,0,0.0,0,0,0,1
sample_03492.pdf,1318,21,89307,135,12,2,5.885285535,4,2,1,0
sample_05428.pdf,66589,91,60848,274,16,26,6.729485703,54,27,1,0
sample_04383.pdf,16543,221,401107,310,51,61,6.413877862,130,65,1,0
sample_12124.pdf,828,10,7621,137,8,1,6.791384588,2,1,1,1
sample_05695.pdf,4420,25,16493,207,11,5,6.015446849,12,6,1,0
sample_04291.pdf,4879,731,150891,375,17,62,5.249734515,182,91,1,0
sample_17914.pdf,0,0,78344,0,0,0,0.0,0,0,0,1
sample_07097.pdf,1327,21,75455,135,15,2,5.83154673,4,2,1,0
sample_04818.pdf,8621,116,60201,232,18,7,6.674070818,16,8,1,0
sample_13203.pdf,28,10,17882,192,11,1,5.281727679,2,1,1,1
sample_14879.pdf,0,0,9542,0,0,0,0.0,0,0,0,1
sample_02974.pdf,3564,668,136457,299,14,44,6.081378216,94,47,1,0
sample_07526.pdf,1378,21,76407,135,16,2,5.842642333,4,2,1,0
sample_06606.pdf,0,0,143591,0,0,0,0.0,0,0,0,0
sample_12907.pdf,0,0,8133,0,0,0,0.0,0,0,0,1
sample_18164.pdf,0,0,9915,0,0,0,0.0,0,0,0,1
sample_06953.pdf,10764,109,24346,363,72,10,6.177214776,22,11,1,0
sample_03986.pdf,1282,12,27318,198,12,3,5.430133728,6,3,1,0
sample_10003.pdf,0,0,9405,0,0,0,0.0,0,0,0,1
sample_07496.pdf,10585,76,18866,302,56,9,6.056209268,20,10,1,0
sample_02664.pdf,13222,1892,211494,332,14,74,5.606181466,222,111,1,0
sample_12666.pdf,5283,20,14963,126,7,8,5.37042607,18,9,1,1
sample_12010.pdf,0,0,15948,0,0,0,0.0,0,0,0,1
sample_17449.pdf,0,0,9768,0,0,0,0.0,0,0,0,1
sample_15466.pdf,1,16,11386,203,44,2,5.368987019,4,2,1,1
sample_14811.pdf,0,0,9727,0,0,0,0.0,0,0,0,1
sample_12783.pdf,0,0,78581,0,0,0,0.0,0,0,0,1
sample_16288.pdf,1,9,71436,0,0,0,4.11328621,4,2,1,1
sample_16233.pdf,0,0,7891,0,0,0,0.0,0,0,0,1
sample_05313.pdf,5857,28,15662,236,29,6,6.117666913,14,7,1,0
sample_07007.pdf,1199,12,30578,198,12,3,5.208388039,6,3,1,0
sample_01576.pdf,11236,117,112471,286,26,25,6.528461656,52,26,1,0
sample_10211.pdf,0,0,8184,0,0,0,0.0,0,0,0,1
sample_15118.pdf,0,0,2005,0,0,0,0.0,0,0,0,1
sample_06772.pdf,139990,505,290390,313,29,52,6.565609441,110,55,1,0
sample_03232.pdf,6274,24,11055,261,56,4,6.599134169,8,4,1,0
sample_01129.pdf,1766,21,92955,135,12,2,5.881036313,4,2,1,0
sample_15522.pdf,0,0,9579,0,0,0,0.0,0,0,0,1
sample_12543.pdf,5283,20,15093,126,7,8,5.369611902,18,9,1,1
sample_12489.pdf,0,0,8388,0,0,0,0.0,0,0,0,1
sample_10470.pdf,0,0,16066,0,0,0,0.0,0,0,0,1
sample_04475.pdf,1373,13,25238,188,12,3,5.311617922,8,4,1,0
sample_15652.pdf,7,84,80199,200,8,26,5.343683324,65,32,1,1
sample_07434.pdf,8657,490,124348,316,18,35,4.95945871,128,64,1,0
sample_02451.pdf,10421,44,341670,121,24,14,6.833845008,28,14,1,0
sample_16876.pdf,0,0,9785,0,0,0,0.0,0,0,0,1
sample_15925.pdf,0,0,8232,0,0,0,0.0,0,0,0,1
sample_19218.pdf,1,15,7615,208,44,0,4.372608917,4,2,1,1
sample_05781.pdf,24655,74,246585,194,8,32,6.407320703,68,34,1,0
sample_15656.pdf,0,0,8001,0,0,0,0.0,0,0,0,1
sample_00394.pdf,1426,50,13663,312,2,5,5.456856609,12,6,1,0
sample_14884.pdf,0,0,9458,0,0,0,0.0,0,0,0,1
sample_12766.pdf,1,10,27240,182,7,1,0.0,2,1,1,1
sample_08368.pdf,1637,25,97563,173,8,10,5.195708711,24,12,1,0
sample_12453.pdf,5283,20,14979,126,7,8,5.370441524,18,9,1,1
sample_17030.pdf,0,0,9282,0,0,0,0.0,0,0,0,1
sample_02039.pdf,15042,32,52265,270,8,8,7.020166495,16,8,1,0
sample_07043.pdf,23811,43,42847,204,8,8,7.01901195,16,8,1,0
sample_05465.pdf,1281,12,28421,198,10,3,5.400277217,6,3,1,0
sample_14771.pdf,0,0,16099,0,0,0,0.0,0,0,0,1
sample_11799.pdf,0,0,37700,0,0,0,0.0,0,0,0,1
sample_14200.pdf,0,0,9749,0,0,0,0.0,0,0,0,1
sample_02307.pdf,11383,409,81300,348,16,50,5.610648929,118,59,1,0
sample_01773.pdf,1494,134,286056,319,38,40,6.229053713,88,44,1,0
sample_02828.pdf,17408,48,26409,161,12,12,6.868226188,24,12,1,0
sample_00475.pdf,20280,4556,380700,289,27,365,4.455259249,1804,902,1,0
sample_11115.pdf,0,0,16136,0,0,0,0.0,0,0,0,1
sample_03608.pdf,21667,47,37168,252,43,15,6.570254289,32,16,1,0
sample_14210.pdf,0,0,8130,0,0,0,0.0,0,0,0,1
sample_17967.pdf,0,0,17566,0,0,0,0.0,0,0,0,1
sample_14209.pdf,0,0,9503,0,0,0,0.0,0,0,0,1
sample_14747.pdf,0,0,9398,0,0,0,0.0,0,0,0,1
sample_00380.pdf,17152,56,30272,237,28,14,6.640033816,30,15,1,0
sample_05315.pdf,6634,36,25711,238,29,8,6.366745563,18,9,1,0
sample_08128.pdf,103442,234,170957,217,18,138,5.970567102,278,139,1,0
sample_05458.pdf,76953,178,194317,365,25,82,6.339604531,166,83,1,0
sample_18156.pdf,0,0,8241,0,0,0,0.0,0,0,0,1
sample_07019.pdf,3126,30,302406,295,94,8,6.363999809,22,11,1,0
sample_18100.pdf,0,0,12482,0,0,0,0.0,0,0,0,1
sample_04610.pdf,54603,383,87890,328,27,27,6.225326878,60,30,1,0
sample_17568.pdf,5283,20,15019,126,7,8,5.369877455,18,9,1,1
sample_04739.pdf,137995,98,139858,300,55,33,6.801542864,68,34,1,0
sample_10816.pdf,0,0,12190,0,0,0,0.0,0,0,0,1
sample_13769.pdf,0,0,9488,0,0,0,0.0,0,0,0,1
sample_02649.pdf,1333,30,184749,135,11,8,5.546363224,16,8,1,0
sample_02793.pdf,437,11,1698,311,11,1,6.073694028,2,1,1,0
sample_12312.pdf,0,0,15303,0,0,0,0.0,0,0,0,1
sample_11246.pdf,1,52,4363,211,37,6,3.883355676,14,7,1,1
sample_02834.pdf,12759,309,39279,498,57,13,6.378627718,28,14,1,0
sample_16076.pdf,0,0,8104,0,0,0,0.0,0,0,0,1
sample_17356.pdf,0,0,7918,0,0,0,0.0,0,0,0,1
sample_13112.pdf,0,0,9806,0,0,0,0.0,0,0,0,1
sample_00313.pdf,3053,22,44874,238,28,5,6.417997224,12,6,1,0
sample_13587.pdf,2990,20,11890,126,7,9,5.547974903,18,9,1,1
sample_05521.pdf,1501,16,7931,126,28,1,7.102028678,2,1,1,0
sample_12461.pdf,0,0,13703,0,0,0,0.0,0,0,0,1
sample_07790.pdf,13263,481,90562,337,17,57,5.341690128,152,76,1,0
sample_08109.pdf,3607,618,92794,441,32,70,4.764336792,254,127,1,0
sample_08488.pdf,25,9,1079,298,25,3,5.181329261,6,3,1,0
sample_19186.pdf,0,0,9657,0,0,0,0.0,0,0,0,1
sample_14635.pdf,0,0,9456,0,0,0,0.0,0,0,0,1
sample_12291.pdf,0,0,8460,0,0,0,0.0,0,0,0,1
sample_08748.pdf,1502,35,37749,242,26,19,5.8430652,40,20,1,0
sample_11151.pdf,0,0,2419,0,0,0,0.0,0,0,0,1
sample_00436.pdf,1414,45,96946,173,16,30,5.94759871,64,32,1,0
sample_18210.pdf,0,0,8197,0,0,0,0.0,0,0,0,1
sample_03622.pdf,1013,13,17134,188,12,3,5.235626003,8,4,1,0
sample_13468.pdf,0,0,3138,0,0,0,0.0,0,0,0,1
sample_05232.pdf,1449,21,81383,135,13,2,5.866093587,4,2,1,0
sample_18190.pdf,0,0,8175,0,0,0,0.0,0,0,0,1
sample_02437.pdf,8316,224,79701,418,26,33,5.341165732,98,49,1,0
sample_16101.pdf,1,28,4638,185,37,5,4.355856863,12,6,1,1
sample_18674.pdf,0,0,9670,0,0,0,0.0,0,0,0,1
sample_16626.pdf,4244,195,69865,289,43,24,5.517414824,58,29,1,1
sample_13745.pdf,0,0,17142,0,0,0,0.0,0,0,0,1
sample_06516.pdf,35983,1475,204868,275,14,18,6.770873885,46,23,1,0
sample_08772.pdf,8200,3584,160155,345,42,71,6.568518821,140,70,1,0
sample_13644.pdf,1,19,8101,204,68,2,5.160986444,6,3,1,1
sample_17884.pdf,1,996,7494,211,39,10,4.648829218,22,11,1,1
sample_09672.pdf,0,0,12747,0,0,0,0.0,0,0,0,1
sample_12015.pdf,5283,20,15091,126,7,8,5.369645615,18,9,1,1
sample_16761.pdf,828,10,7621,137,8,1,6.791384588,2,1,1,1
sample_00480.pdf,2718,28,65897,237,27,7,6.636851641,16,8,1,0
sample_13612.pdf,0,0,8376,0,0,0,0.0,0,0,0,1
sample_03709.pdf,27221,298,655335,329,70,74,6.367737211,178,89,1,0
sample_15517.pdf,0,0,15814,0,0,0,0.0,0,0,0,1
sample_16568.pdf,0,0,15639,0,0,0,0.0,0,0,0,1
sample_06416.pdf,11958,36,17077,229,8,10,6.672218533,20,10,1,0
sample_17383.pdf,0,0,15885,0,0,0,0.0,0,0,0,1
sample_10923.pdf,0,0,9717,0,0,0,0.0,0,0,0,1
sample_07620.pdf,53048,438,79487,254,8,40,6.780399948,82,41,1,0
sample_14012.pdf,5283,20,14981,126,7,8,5.370428208,18,9,1,1
sample_07355.pdf,44492,112,94120,315,13,39,6.116656258,84,42,1,0
sample_10371.pdf,0,0,9448,0,0,0,0.0,0,0,0,1
sample_13568.pdf,5283,20,14961,126,7,8,5.370355863,18,9,1,1
sample_10688.pdf,0,0,16283,0,0,0,0.0,0,0,0,1
sample_18069.pdf,0,0,9520,0,0,0,0.0,0,0,0,1
sample_02560.pdf,2050,30,74650,172,11,9,6.257704474,24,12,1,0
sample_09938.pdf,0,0,9567,0,0,0,0.0,0,0,0,1
sample_13830.pdf,1,15,18669,208,44,0,3.278627519,4,2,1,1
sample_15833.pdf,0,0,7986,0,0,0,0.0,0,0,0,1
sample_09272.pdf,27293,1256,128244,296,14,70,5.547163423,190,95,1,0
sample_03707.pdf,1609,194,155460,458,10,28,5.969659388,58,29,1,0
sample_04710.pdf,4870,2680,126437,342,27,85,5.197017636,258,129,1,0
sample_16008.pdf,0,0,8544,0,0,0,0.0,0,0,0,1
sample_15061.pdf,0,0,16461,0,0,0,0.0,0,0,0,1
sample_12994.pdf,1,16,14973,214,44,0,4.660868357,4,2,1,1
sample_01272.pdf,6945,31,16313,237,28,7,6.241142598,16,8,1,0
sample_14707.pdf,0,0,15549,0,0,0,0.0,0,0,0,1
sample_01288.pdf,1384,32,85135,173,16,17,5.733968103,38,19,1,0
sample_06371.pdf,11898,34,59060,239,29,9,6.692974447,20,10,1,0
sample_07939.pdf,1501,147,107262,400,19,28,6.074752392,58,29,1,0
sample_13291.pdf,0,0,9610,0,0,0,0.0,0,0,0,1
sample_06687.pdf,1310,21,80057,135,13,2,5.861618165,4,2,1,0
sample_16951.pdf,0,0,9581,0,0,0,0.0,0,0,0,1
sample_11954.pdf,0,0,16057,0,0,0,0.0,0,0,0,1
sample_04421.pdf,14102,38,57393,285,40,15,6.650267714,32,16,1,0
sample_09809.pdf,0,0,9676,0,0,0,0.0,0,0,0,1
sample_13175.pdf,1,19,7363,204,44,2,5.182354139,6,3,1,1
sample_02878.pdf,1355,12,34168,198,12,3,5.251622576,6,3,1,0
sample_19276.pdf,0,0,1453,0,0,0,0.0,0,0,0,1
sample_02789.pdf,2833,15,3421,327,18,2,6.75480705,4,2,1,0
sample_00496.pdf,7755,988,247854,273,43,46,6.620822564,96,48,1,0
sample_14189.pdf,0,0,16988,0,0,0,0.0,0,0,0,1
sample_07481.pdf,6635,57,383727,426,38,12,7.134685633,24,12,1,0
sample_11764.pdf,0,0,5586,0,0,0,0.0,0,0,0,1
sample_02562.pdf,10662,248,333055,128,36,68,6.602060249,138,69,1,0
sample_14528.pdf,5283,20,15093,126,7,8,5.369671321,18,9,1,1
sample_00695.pdf,5669,131,132081,265,52,79,4.650609906,184,92,1,0
sample_10019.pdf,5283,20,15091,126,7,8,5.369670979,18,9,1,1
sample_04399.pdf,1158,21,75972,138,12,2,5.834790091,4,2,1,0
sample_12788.pdf,0,0,9530,0,0,0,0.0,0,0,0,1
sample_01184.pdf,15677,42,20231,216,8,10,6.840526345,20,10,1,0
sample_12448.pdf,0,0,17813,0,0,0,0.0,0,0,0,1
sample_14412.pdf,0,0,9541,0,0,0,0.0,0,0,0,1
sample_10378.pdf,0,0,9511,0,0,0,0.0,0,0,0,1
sample_14078.pdf,0,0,12602,0,0,0,0.0,0,0,0,1
sample_05340.pdf,1294,21,81814,145,12,2,5.852115928,4,2,1,0
sample_12294.pdf,5283,20,15029,126,7,8,5.369981514,18,9,1,1
sample_04621.pdf,1236,17,50230,198,12,5,5.598360626,10,5,1,0
sample_15476.pdf,0,0,23324,0,0,0,0.0,0,0,0,1
sample_12077.pdf,0,0,1981,0,0,0,0.0,0,0,0,1
sample_02331.pdf,5099,25,16675,323,11,5,6.005486931,12,6,1,0
sample_17824.pdf,0,0,1488,0,0,0,0.0,0,0,0,1
sample_01077.pdf,89453,1459,275857,383,31,65,6.633493348,132,66,1,0
sample_16586.pdf,1,15,17985,208,68,0,3.281927536,4,2,1,1
sample_08501.pdf,10269,2224,139098,414,30,83,5.25844037,244,122,1,0
sample_02855.pdf,2194,19,137844,160,36,5,5.09781784,10,5,1,0
sample_10902.pdf,0,0,14676,0,0,0,0.0,0,0,0,1
sample_01235.pdf,8665,224,30057,587,89,11,6.151614708,24,12,1,0
sample_16858.pdf,0,0,8353,0,0,0,0.0,0,0,0,1
sample_02893.pdf,128193,275,288627,195,11,81,6.636943865,162,81,1,0
sample_11777.pdf,0,0,14657,0,0,0,0.0,0,0,0,1
sample_17042.pdf,5283,20,15091,126,7,8,5.369691763,18,9,1,1
sample_15387.pdf,71,16,10228,214,44,2,7.120527024,4,2,1,1
sample_05557.pdf,1250,21,77396,135,12,2,5.85634873,4,2,1,0
sample_12913.pdf,0,0,3856,0,0,0,0.0,0,0,0,1
sample_06427.pdf,45643,478,204937,218,26,24,6.972572911,50,25,1,0
sample_11454.pdf,0,0,9685,0,0,0,0.0,0,0,0,1
sample_17915.pdf,0,0,16311,0,0,0,0.0,0,0,0,1
sample_04743.pdf,45945,236,175659,284,34,26,6.763508377,54,27,1,0
sample_00121.pdf,980,13,17068,188,12,3,5.22566104,8,4,1,0
sample_04989.pdf,12469,36,19917,234,29,9,6.384794895,20,10,1,0
sample_09862.pdf,0,0,9359,0,0,0,0.0,0,0,0,1
sample_06662.pdf,15326,35,35055,274,13,7,5.95556461,18,9,1,0
sample_02078.pdf,12718,1956,152991,411,14,81,5.357605655,224,112,1,0
sample_05530.pdf,0,0,88630,0,0,0,0.0,0,0,0,0
sample_13357.pdf,0,0,8236,0,0,0,0.0,0,0,0,1
sample_18817.pdf,0,0,8017,0,0,0,0.0,0,0,0,1
sample_11404.pdf,0,0,15442,0,0,0,0.0,0,0,0,1
sample_15799.pdf,0,0,9857,0,0,0,0.0,0,0,0,1
sample_18417.pdf,0,0,9749,0,0,0,0.0,0,0,0,1
sample_04777.pdf,1563,123,193665,369,11,24,5.905271741,50,25,1,0
sample_10731.pdf,5283,20,15023,126,7,8,5.37000796,18,9,1,1
sample_16931.pdf,5283,20,15021,126,7,8,5.36992903,18,9,1,1
sample_11523.pdf,0,0,64644,0,0,0,0.0,0,0,0,1
sample_05729.pdf,16420,197,92724,221,6,16,6.84968443,34,17,1,0
sample_12971.pdf,0,0,11991,0,0,0,0.0,0,0,0,1
sample_07040.pdf,10418,39,180321,161,22,10,6.199580359,26,13,1,0
sample_15338.pdf,1,10,31085,191,6,1,1.0,2,1,1,1
sample_09755.pdf,0,0,13293,0,0,0,0.0,0,0,0,1
sample_00508.pdf,32891,63,56270,194,9,17,6.868851408,36,18,1,0
sample_04750.pdf,7437,664,121102,333,16,43,5.159804953,128,64,1,0
sample_09373.pdf,0,0,9330,0,0,0,0.0,0,0,0,1
sample_12459.pdf,0,0,12320,0,0,0,0.0,0,0,0,1
sample_18321.pdf,0,0,77176,0,0,0,0.0,0,0,0,1
sample_14493.pdf,0,0,15627,0,0,0,0.0,0,0,0,1
sample_07894.pdf,1399,32,86653,173,14,17,5.776764378,38,19,1,0
sample_05519.pdf,1224,12,26807,160,12,3,5.310723451,6,3,1,0
sample_09342.pdf,0,0,9368,0,0,0,0.0,0,0,0,1
sample_09943.pdf,0,0,15665,0,0,0,0.0,0,0,0,1
sample_10083.pdf,94,26,9441,163,44,3,4.935928213,6,3,1,1
sample_18202.pdf,0,0,16255,0,0,0,0.0,0,0,0,1
sample_03107.pdf,181392,45,132562,270,8,14,6.851138994,28,14,1,0
sample_08504.pdf,1221,12,23153,198,9,3,5.430755178,6,3,1,0
sample_01262.pdf,5474,94,55684,221,6,7,6.570459816,16,8,1,0
sample_05489.pdf,1496,23,88784,173,16,8,5.83091651,20,10,1,0
sample_16799.pdf,0,0,9582,0,0,0,0.0,0,0,0,1
sample_08409.pdf,1428,30,82058,173,16,15,5.637879332,34,17,1,0
sample_18196.pdf,0,0,9718,0,0,0,0.0,0,0,0,1
sample_07560.pdf,7707,913,88624,294,6,66,4.773176836,156,78,1,0
sample_01074.pdf,19638,55,76318,239,29,16,6.881253831,34,17,1,0
sample_09239.pdf,1656,59,77848,185,9,28,6.373241783,58,29,1,0
sample_10033.pdf,0,0,9495,0,0,0,0.0,0,0,0,1
sample_02339.pdf,5940,225,89428,230,20,16,6.752359656,34,17,1,0
sample_04604.pdf,1705,24,148541,138,9,4,5.780533905,8,4,1,0
sample_02127.pdf,4925,31,60742,269,66,8,6.642028758,18,9,1,0
sample_05889.pdf,1179,12,29846,198,12,3,5.369785929,6,3,1,0
sample_09213.pdf,16705,62,36112,215,8,13,6.570169827,28,14,1,0
sample_07604.pdf,1380,35,87446,173,15,20,5.742536588,44,22,1,0
sample_17613.pdf,0,0,8318,0,0,0,0.0,0,0,0,1
sample_07601.pdf,11367,49,56689,342,97,16,6.558948456,34,17,1,0
sample_05858.pdf,4428,30,22727,320,65,7,6.269626268,16,8,1,0
sample_01278.pdf,33703,155,155691,293,39,24,6.731982632,50,25,1,0
sample_10803.pdf,87,200006,38660,290,13,1,5.919522263,2,1,1,1
sample_14662.pdf,1,30,23384,166,44,11,4.808142908,26,13,1,1
sample_10090.pdf,0,0,8274,0,0,0,0.0,0,0,0,1
sample_16504.pdf,5283,20,15041,126,7,8,5.369777055,18,9,1,1
sample_02036.pdf,1221,12,27397,198,10,3,5.335019636,6,3,1,0
sample_00093.pdf,1323,12,26270,198,12,3,5.395528237,6,3,1,0
sample_06686.pdf,1346,1091,75544,304,27,44,5.923578445,92,46,1,0
sample_15019.pdf,0,0,12103,0,0,0,0.0,0,0,0,1
sample_12487.pdf,0,0,9504,0,0,0,0.0,0,0,0,1
sample_08951.pdf,6236,696,69288,328,16,91,5.034049448,242,121,1,0
sample_07096.pdf,92307,808,127888,317,3,48,6.876329339,98,49,1,0
sample_07810.pdf,3558,36,29197,394,99,5,5.441057658,12,6,1,0
sample_05466.pdf,1631,87,105298,426,20,21,6.150054114,44,22,1,0
sample_08269.pdf,1257,21,82590,135,12,2,5.887163718,4,2,1,0
sample_05677.pdf,8540,29,26048,239,29,7,6.488762576,16,8,1,0
sample_10805.pdf,0,0,15697,0,0,0,0.0,0,0,0,1
sample_05068.pdf,1528,125,51856,478,31,14,5.323847524,28,14,1,0
sample_04374.pdf,3263,59,42851,155,8,21,6.187986558,44,22,1,0
sample_05047.pdf,34074,118,884350,229,21,38,5.181995319,100,50,1,0
sample_09224.pdf,19334,139,33369,252,8,15,6.421268537,32,16,1,0
sample_14287.pdf,0,0,8168,0,0,0,0.0,0,0,0,1
sample_07978.pdf,21130,22,28637,222,8,3,6.433815365,6,3,1,0
sample_15198.pdf,1,10,5729,156,37,2,5.464892189,6,3,1,1
sample_00450.pdf,17905,206,395251,320,61,69,6.36056364,146,73,1,0
sample_07956.pdf,1315,27,74112,173,11,12,5.973982804,28,14,1,0
sample_11527.pdf,0,0,9658,0,0,0,0.0,0,0,0,1
sample_18280.pdf,5283,20,15091,126,7,8,5.369655159,18,9,1,1
sample_09555.pdf,0,0,8313,0,0,0,0.0,0,0,0,1
sample_12447.pdf,0,0,9400,0,0,0,0.0,0,0,0,1
sample_09504.pdf,0,0,9515,0,0,0,0.0,0,0,0,1
sample_08012.pdf,1166,44,34742,375,24,5,4.379949653,10,5,1,0
sample_14006.pdf,0,0,8199,0,0,0,0.0,0,0,0,1
sample_09924.pdf,0,0,17023,0,0,0,0.0,0,0,0,1
sample_16724.pdf,0,0,8204,0,0,0,0.0,0,0,0,1
sample_14202.pdf,0,0,12760,0,0,0,0.0,0,0,0,1
sample_11272.pdf,0,0,15314,0,0,0,0.0,0,0,0,1
sample_17196.pdf,24507,35,35723,302,15,12,6.869576261,24,12,1,1
sample_09290.pdf,2948,80,49715,267,58,12,6.598764165,26,13,1,0
sample_18976.pdf,71,16,10231,214,44,2,7.121473537,4,2,1,1
sample_13782.pdf,0,0,9781,0,0,0,0.0,0,0,0,1
sample_14380.pdf,0,0,16960,0,0,0,0.0,0,0,0,1
sample_06897.pdf,13701,34,22417,256,33,6,6.516352018,14,7,1,0
sample_08084.pdf,8110,739,135579,328,16,98,5.085616993,254,127,1,0
sample_00334.pdf,18113,101,28049,301,55,14,6.396888986,30,15,1,0
sample_13632.pdf,0,0,8158,0,0,0,0.0,0,0,0,1
sample_05435.pdf,29029,138,289814,233,24,69,6.287302186,140,70,1,0
sample_12837.pdf,828,10,7564,137,8,1,6.791384588,2,1,1,1
sample_10623.pdf,0,0,16800,0,0,0,0.0,0,0,0,1
sample_04102.pdf,80583,1211,186169,326,33,39,6.870609991,80,40,1,0
sample_06376.pdf,8456,37,16852,234,29,8,6.314754996,18,9,1,0
sample_03485.pdf,2982,681,111611,413,29,77,4.603259607,404,202,1,0
sample_16228.pdf,0,0,8057,0,0,0,0.0,0,0,0,1
sample_17344.pdf,0,0,17504,0,0,0,0.0,0,0,0,1
sample_05113.pdf,18224,52,31092,126,11,14,6.889209864,28,14,1,0
sample_14291.pdf,0,0,16732,0,0,0,0.0,0,0,0,1
sample_08797.pdf,81844,208,394826,236,31,57,6.979256772,116,58,1,0
sample_12656.pdf,5283,20,14963,126,7,8,5.370354027,18,9,1,1
sample_13640.pdf,0,0,9644,0,0,0,0.0,0,0,0,1
sample_00616.pdf,10000,100,21810,349,56,10,6.15382776,22,11,1,0
sample_17202.pdf,0,0,17376,0,0,0,0.0,0,0,0,1
sample_08651.pdf,19407,418,69460,451,70,14,6.486294744,30,15,1,0
sample_15251.pdf,0,0,8359,0,0,0,0.0,0,0,0,1
sample_14004.pdf,1,15,3590,208,44,1,5.273889767,4,2,1,1
sample_02702.pdf,32606,1381,213150,293,14,73,5.80528249,172,86,1,0
sample_14936.pdf,71,16,10244,214,44,2,7.113615026,4,2,1,1
sample_12811.pdf,0,0,8271,0,0,0,0.0,0,0,0,1
sample_08457.pdf,1490,24,77200,173,14,9,5.764717005,22,11,1,0
sample_18377.pdf,0,0,9985,0,0,0,0.0,0,0,0,1
sample_15745.pdf,1,16,15027,214,44,0,4.527094441,4,2,1,1
sample_09760.pdf,0,0,2165,0,0,0,0.0,0,0,0,1
sample_10620.pdf,0,0,35565,0,0,0,0.0,0,0,0,1
sample_14037.pdf,1,10,5903,156,37,2,5.678009984,6,3,1,1
sample_07206.pdf,31313,196,6418390,272,62,73,6.361983979,176,88,1,0
sample_17121.pdf,0,0,1450,0,0,0,0.0,0,0,0,1
sample_05101.pdf,1252,21,76851,135,13,2,5.843480348,4,2,1,0
sample_17106.pdf,0,0,9336,0,0,0,0.0,0,0,0,1
sample_11837.pdf,10130,13,4556,275,11,3,6.734238562,6,3,1,1
sample_04757.pdf,72841,995,200434,314,13,95,6.356803542,194,97,1,0
sample_15258.pdf,5283,20,15021,126,7,8,5.370047633,18,9,1,1
sample_06066.pdf,4087,238,56691,418,32,37,5.587125176,84,42,1,0
sample_11449.pdf,0,0,8329,0,0,0,0.0,0,0,0,1
sample_03640.pdf,4207,17,10717,222,8,1,6.428744127,2,1,1,0
sample_14692.pdf,0,0,9600,0,0,0,0.0,0,0,0,1
sample_10048.pdf,49373,23,12578,333,13,7,6.919100734,14,7,1,1
sample_16476.pdf,28,10,9812,173,5,1,5.256564762,2,1,1,1
sample_03124.pdf,18024,280,37705,402,99,18,6.47276686,38,19,1,0
sample_01558.pdf,5305,43,57245,238,28,14,6.691913822,30,15,1,0
sample_18818.pdf,0,0,9787,0,0,0,0.0,0,0,0,1
sample_18444.pdf,0,0,15383,0,0,0,0.0,0,0,0,1
sample_19254.pdf,0,0,8084,0,0,0,0.0,0,0,0,1
sample_03318.pdf,5806,282,44626,326,24,30,5.90784927,58,29,1,0
sample_06193.pdf,4451,28,56442,236,28,7,6.634735083,16,8,1,0
sample_10361.pdf,0,0,8040,0,0,0,0.0,0,0,0,1
sample_08149.pdf,1467,116,179978,369,11,20,5.913088226,42,21,1,0
sample_11439.pdf,0,0,9461,0,0,0,0.0,0,0,0,1
sample_14954.pdf,0,0,9611,0,0,0,0.0,0,0,0,1
sample_18788.pdf,0,0,9553,0,0,0,0.0,0,0,0,1
sample_13361.pdf,0,0,16047,0,0,0,0.0,0,0,0,1
sample_08288.pdf,45031,123,67447,185,9,35,6.868625024,70,35,1,0
sample_00874.pdf,6864,176,30509,543,74,10,6.166939185,22,11,1,0
sample_13826.pdf,5283,20,14957,126,7,8,5.370331752,18,9,1,1
sample_03449.pdf,761,49,33559,295,20,4,4.33725762,8,4,1,0
sample_03033.pdf,1284,21,76577,135,12,2,5.832640356,4,2,1,0
sample_00701.pdf,3404,114,48157,320,19,5,5.050961855,10,5,1,0
sample_13936.pdf,0,0,73964,0,0,0,0.0,0,0,0,1
sample_16195.pdf,0,0,9531,0,0,0,0.0,0,0,0,1
sample_05848.pdf,1223,21,78874,135,12,2,5.845082801,4,2,1,0
sample_11372.pdf,1,15,5160,180,44,1,5.241996936,4,2,1,1
sample_05741.pdf,661174,115,250431,87,9,30,6.998364963,70,35,1,0
sample_04253.pdf,1211,12,24936,198,12,3,5.218052114,6,3,1,0
sample_02070.pdf,1726,139,242415,386,13,25,5.803531326,52,26,1,0
sample_09788.pdf,0,0,9191,0,0,0,0.0,0,0,0,1
sample_18811.pdf,0,0,2725,0,0,0,0.0,0,0,0,1
sample_07686.pdf,14054,44,21514,238,29,11,6.456019911,24,12,1,0
sample_00926.pdf,20392,152,34405,266,20,16,6.392893464,34,17,1,0
sample_09105.pdf,22134,202,228837,340,44,25,5.254191234,74,37,1,0
sample_06274.pdf,72682,150,158879,285,18,23,6.930274845,52,26,1,0
sample_07117.pdf,1294,21,79886,135,12,2,5.857513359,4,2,1,0
sample_06940.pdf,21393,34,47377,226,8,6,6.661504136,16,8,1,0
sample_10272.pdf,0,0,8383,0,0,0,0.0,0,0,0,1
sample_17515.pdf,866,96,79138,214,44,52,6.13690284,104,52,1,1
sample_08206.pdf,1649,28,83622,173,15,13,5.446265857,30,15,1,0
sample_10397.pdf,0,0,1454,0,0,0,0.0,0,0,0,1
sample_01653.pdf,1234,21,80051,135,12,2,5.84576487,4,2,1,0
sample_16178.pdf,0,0,8261,0,0,0,0.0,0,0,0,1
sample_05195.pdf,12405,366,267131,418,24,63,4.178026041,282,141,1,0
sample_09367.pdf,0,0,9659,0,0,0,0.0,0,0,0,1
sample_14801.pdf,0,0,8027,0,0,0,0.0,0,0,0,1
sample_07913.pdf,9235,671,118289,294,6,57,4.76508184,140,70,1,0
sample_12410.pdf,0,0,15412,0,0,0,0.0,0,0,0,1
sample_12830.pdf,0,0,75026,0,0,0,0.0,0,0,0,1
sample_14460.pdf,135,13,59529,255,68,3,5.012836095,8,4,1,1
sample_13263.pdf,0,0,8433,0,0,0,0.0,0,0,0,1
sample_07259.pdf,2640,56,132066,173,11,41,6.040847612,86,43,1,0
sample_01549.pdf,11527,168,233916,371,30,42,5.273570152,124,62,1,0
sample_09621.pdf,0,0,9598,0,0,0,0.0,0,0,0,1
sample_02166.pdf,1545,12,34769,198,12,3,5.474698959,6,3,1,0
sample_06596.pdf,0,0,105337,0,0,0,0.0,0,0,0,0
sample_03648.pdf,1106,111,102487,277,1,15,6.199058588,32,16,1,0
sample_04455.pdf,1128,12,26449,198,12,3,5.347233619,6,3,1,0
sample_11094.pdf,0,0,7950,0,0,0,0.0,0,0,0,1
sample_11967.pdf,1,15,17700,208,44,0,3.282963722,4,2,1,1
sample_09117.pdf,1143,12,30295,198,10,3,5.424159504,6,3,1,0
sample_00908.pdf,11161,123,144568,270,57,69,4.91499337,160,80,1,0
sample_08635.pdf,1744,168,166110,381,19,28,5.967195095,58,29,1,0
sample_12567.pdf,0,0,9684,0,0,0,0.0,0,0,0,1
sample_16262.pdf,0,0,14743,0,0,0,0.0,0,0,0,1
sample_14468.pdf,1,18,5091,100,44,3,6.745475456,6,3,1,1
sample_04716.pdf,3920,249,104506,431,42,45,5.077887555,174,87,1,0
sample_14610.pdf,0,0,2311,0,0,0,0.0,0,0,0,1
sample_14615.pdf,0,0,7652,0,0,0,0.0,0,0,0,1
sample_01239.pdf,131874,620,274257,247,30,44,6.804679982,90,45,1,0
sample_17952.pdf,0,0,8099,0,0,0,0.0,0,0,0,1
sample_17834.pdf,0,0,17196,0,0,0,0.0,0,0,0,1
sample_03818.pdf,1443,12,32463,198,12,3,5.492350199,6,3,1,0
sample_15670.pdf,0,0,8280,0,0,0,0.0,0,0,0,1
sample_09348.pdf,7741,22,8857,158,15,10,5.651133036,20,10,1,1
sample_16817.pdf,5283,20,15089,126,7,8,5.369674308,18,9,1,1
sample_07871.pdf,1222,21,68994,135,8,2,5.8516359,4,2,1,0
sample_10864.pdf,0,0,7943,0,0,0,0.0,0,0,0,1
sample_00456.pdf,1421,131,178131,365,14,20,5.930920594,42,21,1,0
sample_04457.pdf,10251,239,46485,435,65,19,6.433500249,40,20,1,0
sample_08050.pdf,7898,28,43097,239,29,7,6.630401834,16,8,1,0
sample_10612.pdf,0,0,9663,0,0,0,0.0,0,0,0,1
sample_07877.pdf,1370,35,98764,173,14,20,5.563217514,44,22,1,0
sample_09998.pdf,0,0,16187,0,0,0,0.0,0,0,0,1
sample_08560.pdf,1460,110,205380,345,5,23,5.85696851,48,24,1,0
sample_00239.pdf,1420,44,35183,210,11,4,6.275124223,10,5,1,0
sample_10842.pdf,0,0,17372,0,0,0,0.0,0,0,0,1
sample_12263.pdf,0,0,9579,0,0,0,0.0,0,0,0,1
sample_15669.pdf,49,9,250469,0,0,0,3.474331779,2,1,1,1
sample_05280.pdf,5771,654,104653,327,36,41,5.279348921,122,61,1,0
sample_08931.pdf,2559,39,21384,204,11,20,5.983531024,42,21,1,0
sample_00580.pdf,1652,138,403184,185,17,27,6.09017619,60,30,1,0
sample_14640.pdf,0,0,8398,0,0,0,0.0,0,0,0,1
sample_03982.pdf,1430,21,40456,293,24,4,7.044726814,8,4,1,0
sample_03414.pdf,11200,119,286313,331,29,24,6.267221422,50,25,1,0
sample_18678.pdf,0,0,1897,0,0,0,0.0,0,0,0,1
sample_00319.pdf,3665,69,16986,269,23,7,5.829981085,16,8,1,0
sample_18260.pdf,0,0,9637,0,0,0,0.0,0,0,0,1
sample_18117.pdf,0,0,7925,0,0,0,0.0,0,0,0,1
sample_10802.pdf,0,0,8104,0,0,0,0.0,0,0,0,1
sample_18821.pdf,3021,26,175476,250,41,6,5.610775005,16,8,1,1
sample_00680.pdf,68253,105,186186,252,51,32,6.992117679,66,33,1,0
sample_19246.pdf,0,0,8193,0,0,0,0.0,0,0,0,1
sample_11415.pdf,0,0,9577,0,0,0,0.0,0,0,0,1
sample_10613.pdf,1,30,23384,166,44,11,4.808200976,26,13,1,1
sample_11173.pdf,5283,20,14963,126,7,8,5.370354236,18,9,1,1
sample_10725.pdf,0,0,13400,0,0,0,0.0,0,0,0,1
sample_10648.pdf,0,0,15402,0,0,0,0.0,0,0,0,1
sample_05408.pdf,1267,61,166915,246,39,26,5.390086892,62,31,1,0
sample_08518.pdf,1157,12,23492,198,9,3,5.35371946,6,3,1,0
sample_02750.pdf,1937,356,55502,294,6,46,4.816081117,108,54,1,0
sample_07900.pdf,1619,21,88771,138,9,2,5.873705197,4,2,1,0
sample_11441.pdf,0,0,9306,0,0,0,0.0,0,0,0,1
sample_07819.pdf,8855,677,73545,451,30,43,6.292345653,84,42,1,0
sample_08460.pdf,11269,1046,228756,294,6,123,4.182848848,322,161,1,0
sample_10342.pdf,0,0,8414,0,0,0,0.0,0,0,0,1
sample_04920.pdf,8247,31,11633,87,11,8,6.425666076,16,8,1,0
sample_10417.pdf,0,0,9608,0,0,0,0.0,0,0,0,1
sample_00692.pdf,3088,156,58842,288,28,4,3.167070448,160,80,1,0
sample_08133.pdf,1144,25,59856,173,13,10,5.789430305,24,12,1,0
sample_12708.pdf,5283,20,15021,126,7,8,5.369783059,18,9,1,1
sample_10369.pdf,0,0,9680,0,0,0,0.0,0,0,0,1
sample_03644.pdf,29109,786,167974,293,14,65,5.269112645,184,92,1,0
sample_18503.pdf,0,0,9823,0,0,0,0.0,0,0,0,1
sample_10970.pdf,0,0,15106,0,0,0,0.0,0,0,0,1
sample_10107.pdf,0,0,9420,0,0,0,0.0,0,0,0,1
sample_09314.pdf,0,0,15400,0,0,0,0.0,0,0,0,1
sample_12269.pdf,0,0,16545,0,0,0,0.0,0,0,0,1
sample_13524.pdf,0,0,17255,0,0,0,0.0,0,0,0,1
sample_00492.pdf,14825,982,157073,349,34,81,5.111684645,236,118,1,0
sample_14760.pdf,0,0,9828,0,0,0,0.0,0,0,0,1
sample_10860.pdf,0,0,8454,0,0,0,0.0,0,0,0,1
sample_03716.pdf,3818,161,18633,534,6,8,5.929479206,18,9,1,0
sample_04270.pdf,10911,28,16579,399,62,6,6.427621314,14,7,1,0
sample_16386.pdf,10127,14,4689,346,12,3,6.60423984,6,3,1,1
sample_15671.pdf,0,0,12419,0,0,0,0.0,0,0,0,1
sample_17000.pdf,0,0,9220,0,0,0,0.0,0,0,0,1
sample_05943.pdf,1402,32,86520,173,12,17,5.988543962,38,19,1,0
sample_05087.pdf,1310,21,85578,135,11,2,5.883450223,4,2,1,0
sample_03879.pdf,229,164,213663,161,24,71,3.957378321,272,136,1,0
sample_12616.pdf,0,0,8099,0,0,0,0.0,0,0,0,1
sample_08354.pdf,1216,21,78099,135,11,2,5.864412783,4,2,1,0
sample_15956.pdf,0,0,2017,0,0,0,0.0,0,0,0,1
sample_00470.pdf,15941,70,126630,462,15,19,6.500350133,42,21,1,0
sample_18432.pdf,0,0,15591,0,0,0,0.0,0,0,0,1
sample_15279.pdf,0,0,78306,0,0,0,0.0,0,0,0,1
sample_15312.pdf,1,18,5084,100,44,3,6.781141186,6,3,1,1
sample_19131.pdf,828,10,7591,137,8,1,6.791384588,2,1,1,1
sample_17152.pdf,40,41,57248,214,44,25,6.494744463,50,25,1,1
sample_08943.pdf,3041,50,54469,240,48,8,6.232107725,18,9,1,0
sample_05354.pdf,1423,23,81575,173,12,8,5.883263648,20,10,1,0
sample_14965.pdf,0,0,8179,0,0,0,0.0,0,0,0,1
sample_09937.pdf,1033,73,111060,214,44,55,6.392898769,110,55,1,1
sample_02120.pdf,1309,37,88134,173,14,22,5.446016089,48,24,1,0
sample_01047.pdf,3426,482,67984,83,17,59,4.557600254,146,73,1,0
sample_15801.pdf,5283,20,14989,126,7,8,5.370347941,18,9,1,1
sample_15481.pdf,0,0,3927,0,0,0,0.0,0,0,0,1
sample_12035.pdf,1,35,268333,179,44,10,5.263156864,28,14,1,1
sample_03227.pdf,215,47,23890,515,72,5,4.933700764,16,8,1,0
sample_00328.pdf,52181,87,66881,238,29,24,6.842980454,50,25,1,0
sample_02208.pdf,30984,62,60183,320,38,23,6.6672734,48,24,1,0
sample_01226.pdf,1364,27,93229,173,12,12,5.890531616,28,14,1,0
sample_17072.pdf,0,0,9387,0,0,0,0.0,0,0,0,1
sample_17387.pdf,0,0,9234,0,0,0,0.0,0,0,0,1
sample_08352.pdf,22430,80,351224,172,11,17,6.824138315,36,18,1,0
sample_16487.pdf,0,0,12397,0,0,0,0.0,0,0,0,1
sample_17732.pdf,0,0,9665,0,0,0,0.0,0,0,0,1
sample_04271.pdf,61899,41,67873,222,8,9,6.431712493,18,9,1,0
sample_02129.pdf,14683,38,21536,248,39,10,6.45687501,22,11,1,0
sample_04940.pdf,1308,21,77881,135,12,2,5.848766921,4,2,1,0
sample_17119.pdf,0,0,4147,0,0,0,0.0,0,0,0,1
sample_18143.pdf,0,0,8182,0,0,0,0.0,0,0,0,1
sample_18279.pdf,0,0,15759,0,0,0,0.0,0,0,0,1
sample_10570.pdf,0,0,1440,0,0,0,0.0,0,0,0,1
sample_01430.pdf,1299,21,76764,135,12,2,5.844536517,4,2,1,0
sample_12042.pdf,0,0,77772,0,0,0,0.0,0,0,0,1
sample_03329.pdf,2058,57,11723,326,13,5,5.433765422,12,6,1,0
sample_17199.pdf,0,0,9982,0,0,0,0.0,0,0,0,1
sample_12953.pdf,0,0,17477,0,0,0,0.0,0,0,0,1
sample_18749.pdf,94,31,11868,163,68,4,5.4689158,8,4,1,1
sample_11264.pdf,1,15,3631,208,44,1,5.269875628,4,2,1,1
sample_00626.pdf,1260,21,78577,135,16,2,5.839669969,4,2,1,0
sample_02349.pdf,821,12,22571,198,12,3,5.32712013,6,3,1,0
sample_04150.pdf,26688,4246,162088,340,30,61,6.596685716,124,62,1,0
sample_12690.pdf,1,15,17415,208,44,0,3.283283473,4,2,1,1
sample_12063.pdf,0,0,10043,0,0,0,0.0,0,0,0,1
sample_03499.pdf,4581,23,11486,235,28,4,5.750280304,10,5,1,0
sample_13506.pdf,0,0,9691,0,0,0,0.0,0,0,0,1
sample_17635.pdf,0,0,9695,0,0,0,0.0,0,0,0,1
sample_14891.pdf,5283,20,15091,126,7,8,5.369574964,18,9,1,1
sample_10899.pdf,0,0,9424,0,0,0,0.0,0,0,0,1
sample_13577.pdf,5283,20,15093,126,7,8,5.369700406,18,9,1,1
sample_11839.pdf,0,0,9686,0,0,0,0.0,0,0,0,1
sample_16927.pdf,7741,22,8854,158,15,10,5.655626935,20,10,1,1
sample_05077.pdf,10631,40,22745,359,62,11,6.317948997,30,15,1,0
sample_02699.pdf,27128,87,164380,255,47,26,6.264619198,60,30,1,0
sample_07764.pdf,11702,159,150781,264,51,91,4.543723351,220,110,1,0
sample_03529.pdf,33375,1010,182884,266,27,89,6.411547387,182,91,1,0
sample_00682.pdf,7740,629,78270,350,16,48,6.034504222,98,49,1,0
sample_14981.pdf,0,0,9957,0,0,0,0.0,0,0,0,1
sample_04535.pdf,5540,1307,108425,406,27,55,6.312632868,108,54,1,0
sample_13350.pdf,0,0,2061,0,0,0,0.0,0,0,0,1
sample_08620.pdf,74089,260,281719,246,91,82,6.535016674,166,83,1,0
sample_12172.pdf,0,0,14862,0,0,0,0.0,0,0,0,1
sample_03545.pdf,973,13,17125,188,12,3,5.218143089,8,4,1,0
sample_13372.pdf,0,0,9773,0,0,0,0.0,0,0,0,1
sample_18004.pdf,0,0,9541,0,0,0,0.0,0,0,0,1
sample_17768.pdf,0,0,16104,0,0,0,0.0,0,0,0,1
sample_18808.pdf,0,0,9326,0,0,0,0.0,0,0,0,1
sample_06358.pdf,20275,1019,343864,431,65,36,6.531882997,78,39,1,0
sample_10880.pdf,0,0,9607,0,0,0,0.0,0,0,0,1
sample_16533.pdf,0,0,13788,0,0,0,0.0,0,0,0,1
sample_05144.pdf,2260,45,14470,298,55,6,6.539285785,12,6,1,0
sample_01727.pdf,992,13,17017,188,12,3,5.096916574,8,4,1,0
sample_17292.pdf,111,200006,38576,290,13,1,5.847533523,2,1,1,1
sample_02299.pdf,4451,34,25085,347,11,14,5.391548139,32,16,1,0
sample_05160.pdf,10069,348,75416,485,30,44,5.965139942,90,45,1,0
sample_04036.pdf,37581,57,46092,87,12,15,7.004220736,30,15,1,0
sample_09789.pdf,0,0,8469,0,0,0,0.0,0,0,0,1
sample_03464.pdf,11223,37,63486,239,29,10,6.765681111,22,11,1,0
sample_12503.pdf,0,0,75397,0,0,0,0.0,0,0,0,1
sample_15899.pdf,0,0,12144,0,0,0,0.0,0,0,0,1
sample_19108.pdf,0,0,8161,0,0,0,0.0,0,0,0,1
sample_10362.pdf,0,0,19056,0,0,0,0.0,0,0,0,1
sample_17689.pdf,0,0,74236,0,0,0,0.0,0,0,0,1
sample_08957.pdf,1683,144,176707,654,15,20,5.960837395,42,21,1,0
sample_10983.pdf,5283,20,15093,126,7,8,5.369667407,18,9,1,1
sample_01600.pdf,14920,44,22570,235,28,11,6.522711498,24,12,1,0
sample_06689.pdf,1271,21,77148,135,12,2,5.833286717,4,2,1,0
sample_12720.pdf,0,0,8237,0,0,0,0.0,0,0,0,1
sample_13308.pdf,0,0,8082,0,0,0,0.0,0,0,0,1
sample_11743.pdf,1,16,4714,332,44,3,6.238353774,6,3,1,1
sample_00653.pdf,13658,35,19760,32,12,10,6.597112723,20,10,1,0
sample_01902.pdf,2734,176,47289,497,32,31,5.813464172,60,30,1,0
sample_05036.pdf,1,13,344845,220,10,4,4.927913224,10,5,1,0
sample_16482.pdf,0,0,9516,0,0,0,0.0,0,0,0,1
sample_10332.pdf,0,0,2683,0,0,0,0.0,0,0,0,1
sample_14286.pdf,15725,19,12433,220,8,4,6.699393323,8,4,1,1
sample_15737.pdf,0,0,9681,0,0,0,0.0,0,0,0,1
sample_00045.pdf,4269,86,80146,163,10,42,6.413465164,86,43,1,0
sample_08199.pdf,1638,21,85363,145,12,2,5.860674158,4,2,1,0
sample_14529.pdf,5283,20,15091,126,7,8,5.369614977,18,9,1,1
sample_06114.pdf,1280,21,63751,138,12,2,5.829666209,4,2,1,0
sample_18784.pdf,6223,22,32351,268,8,6,6.126248293,12,6,1,1
sample_12698.pdf,0,0,9578,0,0,0,0.0,0,0,0,1
sample_04116.pdf,1391,315,275616,352,10,31,5.858871108,64,32,1,0
sample_15322.pdf,5283,20,14959,126,7,8,5.37037513,18,9,1,1
sample_01445.pdf,23703,69,41823,236,29,18,6.684526317,38,19,1,0
sample_08885.pdf,1468,21,79950,135,12,2,5.844122573,4,2,1,0
sample_16216.pdf,0,0,16273,0,0,0,0.0,0,0,0,1
sample_16442.pdf,0,0,8346,0,0,0,0.0,0,0,0,1
sample_18423.pdf,0,0,9333,0,0,0,0.0,0,0,0,1
sample_05145.pdf,1633,129,179100,382,16,20,5.919870853,42,21,1,0
sample_02760.pdf,1264,21,74891,135,12,2,5.828056705,4,2,1,0
sample_01316.pdf,846,28,135827,69,20,6,6.518189242,12,6,1,0
sample_17534.pdf,0,0,7952,0,0,0,0.0,0,0,0,1
sample_16067.pdf,0,0,9475,0,0,0,0.0,0,0,0,1
sample_13243.pdf,0,0,11892,0,0,0,0.0,0,0,0,1
sample_16911.pdf,0,0,8131,0,0,0,0.0,0,0,0,1
sample_07923.pdf,11967,683,71258,527,68,27,6.619456367,56,28,1,0
sample_18745.pdf,0,0,37925,0,0,0,0.0,0,0,0,1
sample_05836.pdf,1150,21,64433,135,10,2,5.8204128,4,2,1,0
sample_04302.pdf,65925,298,197429,284,37,30,6.812850025,62,31,1,0
sample_03853.pdf,1564,120,168915,381,10,26,5.891595271,54,27,1,0
sample_05510.pdf,7458,88,176525,194,27,10,5.408059054,28,14,1,0
sample_11306.pdf,0,0,9618,0,0,0,0.0,0,0,0,1
sample_01227.pdf,28737,128,148317,305,34,25,6.678412734,52,26,1,0
sample_08682.pdf,8851,30,11550,87,11,7,6.760691882,14,7,1,0
sample_17244.pdf,0,0,16253,0,0,0,0.0,0,0,0,1
sample_11471.pdf,0,0,4061,0,0,0,0.0,0,0,0,1
sample_15288.pdf,0,0,8282,0,0,0,0.0,0,0,0,1
sample_15718.pdf,0,0,74103,0,0,0,0.0,0,0,0,1
sample_12233.pdf,0,0,16590,0,0,0,0.0,0,0,0,1
sample_01848.pdf,1332,34,82576,173,14,19,5.526612046,42,21,1,0
sample_13153.pdf,828,10,7630,137,8,1,6.791384588,2,1,1,1
sample_17369.pdf,0,12,3061,88,44,2,5.839166028,4,2,1,1
sample_08002.pdf,23013,191,116146,219,6,20,6.960260072,42,21,1,0
sample_04853.pdf,45714,336,74867,488,80,23,6.112064188,52,26,1,0
sample_13013.pdf,1,996,7472,211,39,10,4.581477956,22,11,1,1
sample_10884.pdf,1,15,2048000,208,44,1,5.207265488,4,2,1,1
sample_03827.pdf,15062,354,42485,570,82,22,6.420729024,46,23,1,0
sample_01884.pdf,15299,688,113154,340,14,41,5.557333936,106,53,1,0
sample_03103.pdf,6272,31,53770,239,29,8,6.709194809,18,9,1,0
sample_11807.pdf,5283,20,14981,126,7,8,5.370468981,18,9,1,1
sample_18068.pdf,0,0,400918,0,0,0,0.0,0,0,0,1
sample_14349.pdf,0,0,9828,0,0,0,0.0,0,0,0,1
sample_16073.pdf,0,0,9450,0,0,0,0.0,0,0,0,1
sample_13570.pdf,0,0,16831,0,0,0,0.0,0,0,0,1
sample_17826.pdf,0,0,9593,0,0,0,0.0,0,0,0,1
sample_17229.pdf,0,0,2005,0,0,0,0.0,0,0,0,1
sample_01740.pdf,24375,40,29200,87,11,10,6.955023702,20,10,1,0
sample_13180.pdf,0,0,7810,0,0,0,0.0,0,0,0,1
sample_16365.pdf,0,0,2394,0,0,0,0.0,0,0,0,1
sample_09231.pdf,14013,448,92629,402,18,55,5.479238627,136,68,1,0
sample_15867.pdf,0,0,8045,0,0,0,0.0,0,0,0,1
sample_18433.pdf,0,0,16825,0,0,0,0.0,0,0,0,1
sample_17935.pdf,0,0,8155,0,0,0,0.0,0,0,0,1
sample_11096.pdf,0,0,9635,0,0,0,0.0,0,0,0,1
sample_07067.pdf,904,29,59431,173,13,14,5.704984336,32,16,1,0
sample_11081.pdf,0,0,16684,0,0,0,0.0,0,0,0,1
sample_13076.pdf,1,15,6271,258,44,0,4.358041243,4,2,1,1
sample_18504.pdf,0,0,15780,0,0,0,0.0,0,0,0,1
sample_16814.pdf,0,0,8384,0,0,0,0.0,0,0,0,1
sample_18038.pdf,0,0,17056,0,0,0,0.0,0,0,0,1
sample_11553.pdf,5283,20,15023,126,7,8,5.370000579,18,9,1,1
sample_13046.pdf,0,0,15713,0,0,0,0.0,0,0,0,1
sample_05318.pdf,8672,470,127373,302,16,52,5.525754823,138,69,1,0
sample_02309.pdf,10253,30,14938,203,6,6,6.726662999,12,6,1,0
sample_02082.pdf,3849,189,19692,540,6,8,6.002369485,18,9,1,0
sample_00435.pdf,63258,183,148825,365,32,84,6.14246944,172,86,1,0
sample_03930.pdf,13604,393,102385,464,24,60,5.376861863,184,92,1,0
sample_05383.pdf,995,13,17159,188,12,3,5.247157214,8,4,1,0
sample_08987.pdf,13664,1579,149903,351,30,76,5.212687167,226,113,1,0
sample_04871.pdf,1840,150,179767,682,11,35,6.005276755,72,36,1,0
sample_12161.pdf,5283,20,15047,126,7,8,5.369878557,18,9,1,1
sample_06396.pdf,1321,32,88051,173,13,17,5.483986937,38,19,1,0
sample_19163.pdf,0,0,15952,0,0,0,0.0,0,0,0,1
sample_18990.pdf,7741,22,8859,158,15,10,5.660545584,20,10,1,1
sample_01401.pdf,3365,94,23329,285,33,13,6.232523905,28,14,1,0
sample_16590.pdf,1,16,15229,147,44,3,5.066986961,6,3,1,1
sample_10652.pdf,0,0,13040,0,0,0,0.0,0,0,0,1
sample_18409.pdf,0,0,8326,0,0,0,0.0,0,0,0,1
sample_06880.pdf,9477,272,48038,439,66,18,6.401047638,38,19,1,0
sample_09933.pdf,0,0,9175,0,0,0,0.0,0,0,0,1
sample_01534.pdf,11253,29,16605,87,11,6,6.664280505,12,6,1,0
sample_06907.pdf,131982,174,137207,244,37,52,6.949486166,106,53,1,0
sample_00304.pdf,1010,13,17038,188,12,3,5.225856654,8,4,1,0
sample_11311.pdf,0,0,15806,0,0,0,0.0,0,0,0,1
sample_00327.pdf,28089,139,123053,255,21,25,6.574046754,52,26,1,0
sample_13705.pdf,0,0,8302,0,0,0,0.0,0,0,0,1
sample_04195.pdf,21134,238,276827,330,29,42,4.200906378,174,87,1,0
sample_11116.pdf,0,0,2705,0,0,0,0.0,0,0,0,1
sample_10787.pdf,0,0,8278,0,0,0,0.0,0,0,0,1
sample_10049.pdf,0,0,9617,0,0,0,0.0,0,0,0,1
sample_18475.pdf,0,0,17595,0,0,0,0.0,0,0,0,1
sample_13058.pdf,0,0,9762,0,0,0,0.0,0,0,0,1
sample_00569.pdf,18183,33,13957,127,12,8,6.715552886,16,8,1,0
sample_01265.pdf,4486,148,186412,326,40,58,6.463829921,122,61,1,0
sample_16648.pdf,0,0,9316,0,0,0,0.0,0,0,0,1
sample_17878.pdf,0,0,16908,0,0,0,0.0,0,0,0,1
sample_18193.pdf,0,0,8142,0,0,0,0.0,0,0,0,1
sample_18616.pdf,0,0,12266,0,0,0,0.0,0,0,0,1
sample_08249.pdf,864,12,20433,198,12,3,5.449626461,6,3,1,0
sample_02686.pdf,1952,44,172155,161,23,12,6.273002806,30,15,1,0
sample_10412.pdf,0,0,8011,0,0,0,0.0,0,0,0,1
sample_15573.pdf,0,0,8065,0,0,0,0.0,0,0,0,1
sample_05222.pdf,5852,36,46269,169,8,15,6.200732636,38,19,1,0
sample_13391.pdf,0,0,9733,0,0,0,0.0,0,0,0,1
sample_12046.pdf,0,0,8199,0,0,0,0.0,0,0,0,1
sample_09908.pdf,5283,20,15019,126,7,8,5.369883442,18,9,1,1
sample_10045.pdf,0,0,9368,0,0,0,0.0,0,0,0,1
sample_17351.pdf,0,0,2048000,0,0,0,0.0,0,0,0,1
sample_18753.pdf,0,0,12441,0,0,0,0.0,0,0,0,1
sample_18127.pdf,1229,10,15249,230,19,1,6.701132222,2,1,1,1
sample_06683.pdf,1055,12,18453,160,10,3,5.185197728,6,3,1,0
sample_02754.pdf,3062,99,81071,184,19,18,6.309959216,38,19,1,0
sample_15813.pdf,0,0,9419,0,0,0,0.0,0,0,0,1
sample_01566.pdf,1870,156,161340,492,14,30,5.918758877,62,31,1,0
sample_05501.pdf,16314,53,25801,234,29,12,6.554852073,26,13,1,0
sample_15168.pdf,0,0,9543,0,0,0,0.0,0,0,0,1
sample_07629.pdf,14277,66,47115,254,61,14,6.680119425,30,15,1,0
sample_13287.pdf,0,0,15738,0,0,0,0.0,0,0,0,1
sample_18087.pdf,0,0,9324,0,0,0,0.0,0,0,0,1
sample_05019.pdf,3751,22,35482,238,28,5,6.402170417,12,6,1,0
sample_02776.pdf,9936,622,70533,319,18,51,5.591748426,136,68,1,0
sample_14010.pdf,0,0,17282,0,0,0,0.0,0,0,0,1
sample_05083.pdf,29602,53,68740,278,8,20,6.667912746,42,21,1,0
sample_12377.pdf,0,0,9731,0,0,0,0.0,0,0,0,1
sample_03699.pdf,4844,145,18777,317,24,6,5.739329703,14,7,1,0
sample_06856.pdf,1288,21,75090,135,12,2,5.839802265,4,2,1,0
sample_03394.pdf,5541,24,11693,238,29,5,5.958505681,12,6,1,0
sample_17400.pdf,0,0,9815,0,0,0,0.0,0,0,0,1
sample_08491.pdf,1329,123,174244,404,20,29,5.87482741,66,33,1,0
sample_01887.pdf,9560,30,14583,235,28,7,6.204016738,16,8,1,0
sample_06908.pdf,1301,40,86098,173,11,25,5.601173317,54,27,1,0
sample_11140.pdf,0,0,35790,0,0,0,0.0,0,0,0,1
sample_13293.pdf,0,0,232208,0,0,0,0.0,0,0,0,1
sample_02414.pdf,1102,33,94695,262,46,9,6.247783036,20,10,1,0
sample_17096.pdf,0,0,9721,0,0,0,0.0,0,0,0,1
sample_12150.pdf,0,0,8445,0,0,0,0.0,0,0,0,1
sample_04191.pdf,754,684,126710,292,21,16,5.826607073,34,17,1,0
sample_05749.pdf,14874,393,85393,405,31,53,5.546873973,128,64,1,0
sample_09739.pdf,0,0,8094,0,0,0,0.0,0,0,0,1
sample_18395.pdf,0,0,3951,0,0,0,0.0,0,0,0,1
sample_15697.pdf,1,16,4474,201,44,2,5.28223918,4,2,1,1
sample_07263.pdf,52553,83,81433,278,98,23,6.806180088,48,24,1,0
sample_12164.pdf,0,0,1447,0,0,0,0.0,0,0,0,1
sample_17286.pdf,0,0,9559,0,0,0,0.0,0,0,0,1
sample_16378.pdf,37769,23,13700,308,15,7,6.997843559,14,7,1,1
sample_14288.pdf,0,0,2123,0,0,0,0.0,0,0,0,1
sample_04891.pdf,68539,388,94735,302,56,44,6.826754068,90,45,1,0
sample_18534.pdf,1,16,15135,214,44,0,4.657341829,4,2,1,1
sample_14696.pdf,0,0,9646,0,0,0,0.0,0,0,0,1
sample_18612.pdf,0,0,9767,0,0,0,0.0,0,0,0,1
sample_05194.pdf,8576,38,28807,263,56,10,6.401431237,22,11,1,0
sample_16201.pdf,1,15,3526,208,44,1,5.262557,4,2,1,1
sample_13601.pdf,1,9,167895,0,0,0,3.436005883,4,2,1,1
sample_12791.pdf,0,0,8002,0,0,0,0.0,0,0,0,1
sample_04952.pdf,11695,1653,89064,351,58,24,6.623645301,50,25,1,0
sample_17722.pdf,0,0,1430,0,0,0,0.0,0,0,0,1
sample_01766.pdf,1222,21,87526,135,12,2,5.882326303,4,2,1,0
sample_16883.pdf,0,0,9296,0,0,0,0.0,0,0,0,1
sample_13172.pdf,0,0,9771,0,0,0,0.0,0,0,0,1
sample_02230.pdf,1460,135,206402,352,10,26,5.792638185,54,27,1,0
sample_15508.pdf,0,0,29297,0,0,0,0.0,0,0,0,1
sample_01632.pdf,1526,31,94894,173,10,16,5.87354804,36,18,1,0
sample_04186.pdf,4251,455,76524,342,28,59,5.060396306,196,98,1,0
sample_03940.pdf,1631,130,199298,369,7,29,5.883773364,60,30,1,0
sample_17109.pdf,0,0,2018,0,0,0,0.0,0,0,0,1
sample_18024.pdf,0,0,9423,0,0,0,0.0,0,0,0,1
sample_13012.pdf,2399,10,9738,228,13,1,6.845239639,2,1,1,1
sample_15040.pdf,0,0,8126,0,0,0,0.0,0,0,0,1
sample_17851.pdf,0,0,8212,0,0,0,0.0,0,0,0,1
sample_12575.pdf,0,0,9383,0,0,0,0.0,0,0,0,1
sample_15555.pdf,0,0,9491,0,0,0,0.0,0,0,0,1
sample_16832.pdf,0,0,2793,0,0,0,0.0,0,0,0,1
sample_08375.pdf,1566,160,253949,507,12,28,5.754246807,58,29,1,0
sample_02303.pdf,902,78,102403,300,8,16,6.187907843,34,17,1,0
sample_05112.pdf,11177,1496,138464,419,15,93,4.793023541,360,180,1,0
sample_00064.pdf,1520,82,95503,379,8,13,6.257707153,28,14,1,0
sample_17573.pdf,0,0,13389,0,0,0,0.0,0,0,0,1
sample_11679.pdf,0,0,16731,0,0,0,0.0,0,0,0,1
sample_05121.pdf,6937,64,57925,225,25,10,6.612765417,22,11,1,0
sample_01182.pdf,1358,29,76960,173,11,14,5.783426744,32,16,1,0
sample_13851.pdf,1,70,9552,0,0,1,7.137338215,2,1,1,1
sample_05058.pdf,1548,34,10852,295,52,5,6.502019447,10,5,1,0
sample_05900.pdf,22811,66,34796,237,30,17,6.664616818,36,18,1,0
sample_05854.pdf,19369,49,51282,226,8,14,6.57993919,30,15,1,0
sample_05221.pdf,124313,373,313475,277,32,57,6.976635281,116,58,1,0
sample_14937.pdf,0,0,3782,0,0,0,0.0,0,0,0,1
sample_02416.pdf,19112,3168,225483,322,16,133,5.093015368,410,205,1,0
sample_11376.pdf,0,0,16687,0,0,0,0.0,0,0,0,1
sample_05894.pdf,1952,21,86301,138,12,2,5.873738265,4,2,1,0
sample_02757.pdf,1423,21,90656,135,12,2,5.884119769,4,2,1,0
sample_05712.pdf,5149,187,25135,543,86,10,6.078303097,22,11,1,0
sample_01660.pdf,8304,126,42394,304,17,26,6.373702137,54,27,1,0
sample_00184.pdf,10076,125,23722,273,27,10,6.160273515,22,11,1,0
sample_14321.pdf,0,0,9295,0,0,0,0.0,0,0,0,1
sample_10105.pdf,0,0,17987,0,0,0,0.0,0,0,0,1
sample_03119.pdf,3337,158,160306,278,65,84,4.468560546,216,108,1,0
sample_12508.pdf,0,0,17353,0,0,0,0.0,0,0,0,1
sample_14648.pdf,0,0,8215,0,0,0,0.0,0,0,0,1
sample_00448.pdf,1323,21,77872,135,12,2,5.830990753,4,2,1,0
sample_04878.pdf,16259,559,93837,425,29,56,5.497709843,138,69,1,0
sample_10186.pdf,13289,17,7745,220,82,4,6.948758067,8,4,1,1
sample_15190.pdf,0,0,2117,0,0,0,0.0,0,0,0,1
sample_18570.pdf,0,0,16153,0,0,0,0.0,0,0,0,1
sample_08332.pdf,5310,20,22972,270,8,3,7.128762313,6,3,1,0
sample_14813.pdf,10369,29,51423,291,14,8,6.709803658,16,8,1,1
sample_06633.pdf,1261,21,77560,138,12,2,5.860617447,4,2,1,0
sample_10133.pdf,0,0,1464,0,0,0,0.0,0,0,0,1
sample_02155.pdf,2662,82,16743,294,55,5,5.471195365,12,6,1,0
sample_07460.pdf,37271,150,357890,310,10,37,7.014247662,76,38,1,0
sample_15936.pdf,0,0,8064,0,0,0,0.0,0,0,0,1
sample_18536.pdf,0,0,18393,0,0,0,0.0,0,0,0,1
sample_05034.pdf,12435,34,55539,239,29,9,6.687393659,20,10,1,0
sample_15550.pdf,1,15,17140,208,68,0,3.217519591,4,2,1,1
sample_04451.pdf,23204,282,664464,324,65,75,6.353884783,182,91,1,0
sample_16319.pdf,0,0,9704,0,0,0,0.0,0,0,0,1
sample_06124.pdf,9847,72,175196,129,36,12,6.210312392,36,18,1,0
sample_05708.pdf,1040,12,22809,198,12,3,5.471481217,6,3,1,0
sample_04815.pdf,1571,110,213521,359,12,23,5.838759466,48,24,1,0
sample_14722.pdf,0,0,9696,0,0,0,0.0,0,0,0,1
sample_07823.pdf,8249,33,11848,87,11,8,6.420438253,16,8,1,0
sample_12469.pdf,0,0,19473,0,0,0,0.0,0,0,0,1
sample_05556.pdf,11604,118,124863,286,25,26,6.557834353,54,27,1,0
sample_07720.pdf,11379,288,63789,402,32,39,6.191525607,76,38,1,0
sample_12140.pdf,0,0,9694,0,0,0,0.0,0,0,0,1
sample_12650.pdf,0,0,8327,0,0,0,0.0,0,0,0,1
sample_12256.pdf,0,0,9256,0,0,0,0.0,0,0,0,1
sample_18893.pdf,0,0,17777,0,0,0,0.0,0,0,0,1
sample_02587.pdf,13417,58,200540,172,11,13,6.696975115,28,14,1,0
sample_10395.pdf,1,10,7092,153,37,2,5.636667602,6,3,1,1
sample_03943.pdf,1586,24,128004,135,12,4,5.753357802,8,4,1,0
sample_07024.pdf,1414,49,111693,173,14,32,6.137320308,70,35,1,0
sample_04627.pdf,1196,12,26837,198,12,3,5.367588615,6,3,1,0
sample_07700.pdf,1377,25,77484,173,12,10,5.583024,24,12,1,0
sample_12026.pdf,0,0,9397,0,0,0,0.0,0,0,0,1
sample_13844.pdf,0,0,8350,0,0,0,0.0,0,0,0,1
sample_07443.pdf,1425,21,96392,135,12,2,5.88443419,4,2,1,0
sample_11392.pdf,0,0,9556,0,0,0,0.0,0,0,0,1
sample_01755.pdf,19966,585,52393,545,76,25,6.535505494,52,26,1,0
sample_15663.pdf,0,0,8144,0,0,0,0.0,0,0,0,1
sample_06757.pdf,398,477,4019108,230,22,227,6.186275886,456,228,1,0
sample_10193.pdf,0,0,9721,0,0,0,0.0,0,0,0,1
sample_01411.pdf,6067,1223,384164,438,24,109,4.28876886,766,383,1,0
sample_12862.pdf,0,0,15706,0,0,0,0.0,0,0,0,1
sample_05628.pdf,7318,260,78805,446,30,28,5.603881223,66,33,1,0
sample_05820.pdf,21904,316,51117,400,35,21,6.588472625,44,22,1,0
sample_19025.pdf,0,0,74574,0,0,0,0.0,0,0,0,1
sample_01412.pdf,1523,29,79131,173,11,14,5.523057597,32,16,1,0
sample_01512.pdf,8003,79,57352,221,6,9,6.735084091,20,10,1,0
sample_06210.pdf,43993,105,931700,801,32,56,5.627805266,114,57,1,0
sample_00713.pdf,1215,12,26009,160,9,3,5.280651845,6,3,1,0
sample_07493.pdf,15102,547,89788,321,14,52,5.586521515,122,61,1,0
sample_11419.pdf,0,0,15714,0,0,0,0.0,0,0,0,1
sample_15866.pdf,0,0,8557,0,0,0,0.0,0,0,0,1
sample_09439.pdf,0,0,12575,0,0,0,0.0,0,0,0,1
sample_08627.pdf,11122,58,169356,172,11,11,6.609876507,24,12,1,0
sample_13273.pdf,0,0,8424,0,0,0,0.0,0,0,0,1
sample_16966.pdf,0,0,1905,0,0,0,0.0,0,0,0,1
sample_02500.pdf,12718,1956,153339,411,14,81,5.363075886,224,112,1,0
sample_16246.pdf,5283,20,15093,126,7,8,5.369653508,18,9,1,1
sample_16672.pdf,0,0,8422,0,0,0,0.0,0,0,0,1
sample_08188.pdf,1153,21,75944,135,12,2,5.845906351,4,2,1,0
sample_10517.pdf,5283,20,15091,126,7,8,5.369656569,18,9,1,1
sample_07020.pdf,7078,114,86450,218,3,9,6.802836558,20,10,1,0
sample_04562.pdf,11934,477,85365,299,14,52,5.935895842,110,55,1,0
sample_14846.pdf,0,0,78060,0,0,0,0.0,0,0,0,1
sample_03659.pdf,1303,21,81592,135,13,2,5.858316874,4,2,1,0
sample_03530.pdf,2494,197,101073,185,17,24,6.532142977,52,26,1,0
sample_05953.pdf,6956,127,20968,302,56,9,6.033846998,20,10,1,0
sample_18345.pdf,5283,20,15093,126,7,8,5.369674033,18,9,1,1
sample_15557.pdf,0,0,17257,0,0,0,0.0,0,0,0,1
sample_10455.pdf,0,0,16966,0,0,0,0.0,0,0,0,1
sample_17820.pdf,1,16,3243,214,44,2,5.219757133,4,2,1,1
sample_17227.pdf,5026,20,12700,126,7,9,5.515144331,18,9,1,1
sample_01324.pdf,94558,89,109760,270,8,19,7.080165259,38,19,1,0
sample_14119.pdf,0,0,8387,0,0,0,0.0,0,0,0,1
sample_13166.pdf,5283,20,14981,126,7,8,5.37043666,18,9,1,1
sample_00694.pdf,14978,425,97314,405,31,62,5.547002838,148,74,1,0
sample_04966.pdf,8900,842,103183,368,29,67,5.079004039,208,104,1,0
sample_16014.pdf,5283,20,14953,126,7,8,5.370357588,18,9,1,1
sample_07337.pdf,7781,575,96508,358,24,33,4.476952853,162,81,1,0
sample_12639.pdf,0,0,16731,0,0,0,0.0,0,0,0,1
sample_08643.pdf,26301,166,143193,261,21,29,6.612505307,60,30,1,0
sample_05021.pdf,10303,922,96753,375,14,52,6.227711847,102,51,1,0
sample_02089.pdf,1558,148,272673,370,16,28,5.673798519,60,30,1,0
sample_06058.pdf,140974,393,337293,277,32,60,6.983776819,122,61,1,0
sample_05107.pdf,18797,70,39297,282,21,22,6.667528002,46,23,1,0
sample_18118.pdf,0,0,1992,0,0,0,0.0,0,0,0,1
sample_18021.pdf,0,0,37618,0,0,0,0.0,0,0,0,1
sample_10261.pdf,0,0,9768,0,0,0,0.0,0,0,0,1
sample_03140.pdf,83902,122,96768,234,29,35,6.895403339,72,36,1,0
sample_16414.pdf,0,0,8166,0,0,0,0.0,0,0,0,1
sample_07552.pdf,9457,42,17376,234,29,9,6.316837198,20,10,1,0
sample_07856.pdf,344049,270,391076,109,13,80,6.426031369,160,80,1,0
sample_14828.pdf,0,0,9606,0,0,0,0.0,0,0,0,1
sample_11860.pdf,0,0,12874,0,0,0,0.0,0,0,0,1
sample_03564.pdf,8390,141,49905,241,19,12,6.728691108,26,13,1,0
sample_11801.pdf,0,0,13014,0,0,0,0.0,0,0,0,1
sample_06434.pdf,6564,171,163225,263,50,98,4.566119879,236,118,1,0
sample_15976.pdf,0,0,8266,0,0,0,0.0,0,0,0,1
sample_11725.pdf,0,0,9665,0,0,0,0.0,0,0,0,1
sample_15526.pdf,0,0,8525,0,0,0,0.0,0,0,0,1
sample_10070.pdf,5283,20,15089,126,7,8,5.369586169,18,9,1,1
sample_07426.pdf,13196,66,152097,194,14,17,5.907301324,32,16,1,0
sample_10289.pdf,0,0,9861,0,0,0,0.0,0,0,0,1
sample_12917.pdf,0,0,9429,0,0,0,0.0,0,0,0,1
sample_15314.pdf,0,0,38030,0,0,0,0.0,0,0,0,1
sample_11445.pdf,0,0,15368,0,0,0,0.0,0,0,0,1
sample_03662.pdf,1249,21,79428,135,10,2,5.856148711,4,2,1,0
sample_11389.pdf,0,0,16100,0,0,0,0.0,0,0,0,1
sample_11417.pdf,0,0,8241,0,0,0,0.0,0,0,0,1
sample_08966.pdf,1615,42,99103,186,25,10,5.566262226,22,11,1,0
sample_11037.pdf,0,0,17343,0,0,0,0.0,0,0,0,1
sample_13201.pdf,5283,20,15021,126,7,8,5.369893144,18,9,1,1
sample_16781.pdf,0,0,9643,0,0,0,0.0,0,0,0,1
sample_07162.pdf,52853,123,158080,163,10,59,6.658938704,120,60,1,0
sample_06345.pdf,5451,24,11266,237,28,5,5.937319312,12,6,1,0
sample_01737.pdf,297370,166,357814,219,28,45,7.08446147,90,45,1,0
sample_08224.pdf,1456,31,98580,173,10,16,6.141236969,36,18,1,0
sample_13474.pdf,0,0,12965,0,0,0,0.0,0,0,0,1
sample_15887.pdf,0,0,74640,0,0,0,0.0,0,0,0,1
sample_04181.pdf,79597,81,91306,270,8,19,6.895008242,40,20,1,0
sample_15289.pdf,0,0,16183,0,0,0,0.0,0,0,0,1
sample_17169.pdf,0,0,2829,0,0,0,0.0,0,0,0,1
sample_17575.pdf,0,0,8067,0,0,0,0.0,0,0,0,1
sample_04387.pdf,1210,12,27374,198,12,3,5.442227627,6,3,1,0
sample_07134.pdf,22388,140,356990,304,25,37,6.178482838,76,38,1,0
sample_12022.pdf,6875,26,30854,289,12,8,6.594698094,16,8,1,1
sample_18285.pdf,0,0,12465,0,0,0,0.0,0,0,0,1
sample_03123.pdf,4622,104,34996,330,26,12,5.247195796,30,15,1,0
sample_07813.pdf,11292,228,45038,391,50,11,6.327454034,24,12,1,0
sample_13748.pdf,5283,20,15041,126,7,8,5.369895181,18,9,1,1
sample_13631.pdf,0,0,8223,0,0,0,0.0,0,0,0,1
sample_06993.pdf,1433,118,204418,358,9,31,5.8399429,64,32,1,0
sample_11999.pdf,0,0,8357,0,0,0,0.0,0,0,0,1
sample_13282.pdf,0,0,8028,0,0,0,0.0,0,0,0,1
sample_06861.pdf,1286,12,27184,198,12,3,5.391411675,6,3,1,0
sample_14744.pdf,6726,28,32303,289,14,9,6.638952941,18,9,1,1
sample_15761.pdf,0,0,9637,0,0,0,0.0,0,0,0,1
sample_05523.pdf,11137,318,72651,398,32,48,5.672785108,110,55,1,0
sample_06791.pdf,2136,78,227007,185,23,26,6.128855475,60,30,1,0
sample_13242.pdf,5283,20,15019,126,7,8,5.36997684,18,9,1,1
sample_16031.pdf,0,0,9555,0,0,0,0.0,0,0,0,1
sample_00795.pdf,67302,126,84533,161,9,35,7.0243075,70,35,1,0
sample_04123.pdf,15297,762,60001,637,104,21,6.567322325,44,22,1,0
sample_18421.pdf,0,0,17602,0,0,0,0.0,0,0,0,1
sample_08347.pdf,21521,47,63505,287,42,18,6.613942046,38,19,1,0
sample_10480.pdf,0,0,16712,0,0,0,0.0,0,0,0,1
sample_08898.pdf,1268,12,25748,198,12,3,5.393741542,6,3,1,0
sample_19010.pdf,447,10,2048000,245,24,1,6.463554519,2,1,1,1
sample_05706.pdf,29887,39,57418,270,8,11,6.959116747,22,11,1,0
sample_08451.pdf,11872,516,91500,439,30,49,5.167984517,140,70,1,0
sample_05915.pdf,10130,64,37633,221,17,25,5.622835392,56,28,1,0
sample_16980.pdf,828,10,7645,137,8,1,6.791384588,2,1,1,1
sample_06881.pdf,1550,12,31237,198,10,3,5.390184562,6,3,1,0
sample_12249.pdf,5283,20,14961,126,7,8,5.370247577,18,9,1,1
sample_08177.pdf,1363,168,165192,292,1,21,6.451103185,44,22,1,0
sample_15421.pdf,0,0,17813,0,0,0,0.0,0,0,0,1
sample_17355.pdf,0,0,2996,0,0,0,0.0,0,0,0,1
sample_01630.pdf,10787,35,18004,237,28,8,6.342405769,18,9,1,0
sample_05552.pdf,1744,23,7532,248,36,8,5.01735684,18,9,1,0
sample_16352.pdf,0,0,12414,0,0,0,0.0,0,0,0,1
sample_13823.pdf,0,0,37930,0,0,0,0.0,0,0,0,1
sample_07322.pdf,1342,21,88611,135,12,2,5.890164336,4,2,1,0
sample_12727.pdf,0,0,9603,0,0,0,0.0,0,0,0,1
sample_02305.pdf,979,13,17120,188,12,3,5.277865261,8,4,1,0
sample_03524.pdf,1166,21,78097,135,12,2,5.835005135,4,2,1,0
sample_12466.pdf,0,0,8152,0,0,0,0.0,0,0,0,1
sample_10696.pdf,0,0,15939,0,0,0,0.0,0,0,0,1
sample_04012.pdf,10232,282,64578,470,31,39,6.183192593,76,38,1,0
sample_04516.pdf,1413,33,84217,173,11,18,5.365591192,40,20,1,0
sample_18016.pdf,1,10,5876,156,37,2,5.403109496,6,3,1,1
sample_00322.pdf,14950,38,36965,270,8,11,6.971143674,22,11,1,0
sample_17238.pdf,0,0,11997,0,0,0,0.0,0,0,0,1
sample_00412.pdf,1536,21,80066,145,12,2,5.844138238,4,2,1,0
sample_14745.pdf,0,0,9104,0,0,0,0.0,0,0,0,1
sample_00381.pdf,28196,54,66351,239,29,15,6.857280579,32,16,1,0
sample_09768.pdf,1,16,14975,214,68,0,4.650754278,4,2,1,1
sample_03366.pdf,3919,1043,96441,332,30,67,5.548900228,166,83,1,0
sample_08101.pdf,4181,322,86354,482,24,56,5.416197649,140,70,1,0
sample_13476.pdf,1,10,36337,184,7,1,1.0,2,1,1,1
sample_17483.pdf,0,0,9893,0,0,0,0.0,0,0,0,1
sample_11113.pdf,0,0,38164,0,0,0,0.0,0,0,0,1
sample_13393.pdf,0,0,8294,0,0,0,0.0,0,0,0,1
sample_03058.pdf,10303,1517,153843,458,32,98,4.915147473,320,160,1,0
sample_09843.pdf,1,70,9331,0,0,1,7.113284854,2,1,1,1
sample_09386.pdf,0,0,9746,0,0,0,0.0,0,0,0,1
sample_03172.pdf,1105,12,25205,198,9,3,5.280556676,6,3,1,0
sample_15565.pdf,0,0,16360,0,0,0,0.0,0,0,0,1
sample_16902.pdf,0,0,8401,0,0,0,0.0,0,0,0,1
sample_05675.pdf,1679,21,87966,145,12,2,5.882008791,4,2,1,0
sample_13534.pdf,5283,20,14957,126,7,8,5.37033602,18,9,1,1
sample_18138.pdf,1,9,95065,0,0,0,3.930592404,4,2,1,1
sample_06544.pdf,1166,12,28872,198,12,3,5.357710822,6,3,1,0
sample_04055.pdf,11845,46,46499,302,95,11,6.499758564,24,12,1,0
sample_15107.pdf,0,0,4147,0,0,0,0.0,0,0,0,1
sample_12632.pdf,0,0,17570,0,0,0,0.0,0,0,0,1
sample_05007.pdf,10918,1652,88567,351,58,24,6.621995668,50,25,1,0
sample_15024.pdf,0,0,9820,0,0,0,0.0,0,0,0,1
sample_16329.pdf,0,0,16205,0,0,0,0.0,0,0,0,1
sample_16413.pdf,0,0,9604,0,0,0,0.0,0,0,0,1
sample_09733.pdf,50156,21,13473,269,19,6,6.97855363,12,6,1,1
sample_19236.pdf,0,0,2905,0,0,0,0.0,0,0,0,1
sample_06074.pdf,4914,1144,391143,303,23,176,4.6535962,590,295,1,0
sample_13192.pdf,5283,20,14923,126,7,8,5.370678751,18,9,1,1
sample_13284.pdf,0,0,8183,0,0,0,0.0,0,0,0,1
sample_09991.pdf,0,0,9611,0,0,0,0.0,0,0,0,1
sample_10955.pdf,0,0,8267,0,0,0,0.0,0,0,0,1
sample_00533.pdf,14989,892,134302,349,34,81,5.105481641,236,118,1,0
sample_13586.pdf,0,0,16128,0,0,0,0.0,0,0,0,1
sample_18431.pdf,0,0,9248,0,0,0,0.0,0,0,0,1
sample_08139.pdf,1339,21,66879,173,10,6,5.272181753,16,8,1,0
sample_00624.pdf,2607,594,67972,304,27,48,6.141615686,94,47,1,0
sample_01609.pdf,6581,67,143814,194,13,16,5.889656072,30,15,1,0
sample_09399.pdf,5283,20,15029,126,7,8,5.369887532,18,9,1,1
sample_04382.pdf,1387,120,166958,355,10,26,5.89757282,54,27,1,0
sample_18013.pdf,1,10,5899,156,37,2,5.701663431,6,3,1,1
sample_10850.pdf,0,0,22406,0,0,0,0.0,0,0,0,1
sample_15834.pdf,1,9,306137,0,0,0,3.995125962,4,2,1,1
sample_02315.pdf,1281,21,78347,135,12,2,5.831865781,4,2,1,0
sample_04928.pdf,39599,102,53242,238,29,28,6.797969867,58,29,1,0
sample_12361.pdf,5283,20,15089,126,7,8,5.369703354,18,9,1,1
sample_16194.pdf,45989,23,13006,236,18,7,6.946483189,14,7,1,1
sample_14814.pdf,0,0,9299,0,0,0,0.0,0,0,0,1
sample_03578.pdf,27505,69,39218,199,8,18,6.944509863,36,18,1,0
sample_14032.pdf,0,0,8617,0,0,0,0.0,0,0,0,1
sample_11194.pdf,1,16,15013,214,44,0,4.552408854,4,2,1,1
sample_19159.pdf,0,0,8104,0,0,0,0.0,0,0,0,1
sample_10897.pdf,0,0,9109,0,0,0,0.0,0,0,0,1
sample_17063.pdf,1,10,5807,156,37,2,5.471615454,6,3,1,1
sample_08411.pdf,1385,37,89779,173,13,22,5.827870773,48,24,1,0
sample_14872.pdf,0,0,9181,0,0,0,0.0,0,0,0,1
sample_10103.pdf,1,18,6133,185,37,4,4.393045829,10,5,1,1
sample_13234.pdf,0,0,5201,0,0,0,0.0,0,0,0,1
sample_09975.pdf,0,0,74480,0,0,0,0.0,0,0,0,1
sample_07665.pdf,5272,355,233555,283,25,42,6.512596852,88,44,1,0
sample_00506.pdf,13836,37,75865,237,27,10,6.757387341,22,11,1,0
sample_14219.pdf,0,0,8626,0,0,0,0.0,0,0,0,1
sample_17093.pdf,0,0,8498,0,0,0,0.0,0,0,0,1
sample_03423.pdf,1471,41,93234,173,18,26,5.391580746,56,28,1,0
sample_16909.pdf,5283,20,15119,126,7,8,5.369490549,18,9,1,1
sample_15102.pdf,49,9,250469,0,0,0,3.474336704,2,1,1,1
sample_04061.pdf,3320,417,329639,123,12,39,6.403197572,78,39,1,0
sample_09589.pdf,0,0,12174,0,0,0,0.0,0,0,0,1
sample_07918.pdf,2037,103,19410,281,35,7,5.835144559,16,8,1,0
sample_03044.pdf,55141,726,147675,233,8,41,6.895527704,84,42,1,0
sample_03938.pdf,19298,138,30761,324,14,11,6.115334823,24,12,1,0
sample_14573.pdf,0,0,9573,0,0,0,0.0,0,0,0,1
sample_15682.pdf,5283,20,14963,126,7,8,5.370385056,18,9,1,1
sample_04030.pdf,8173,29,16640,237,28,7,6.263159662,16,8,1,0
sample_07975.pdf,1253,12,14814,160,12,3,5.197513545,6,3,1,0
sample_04255.pdf,1586,29,90748,173,12,14,6.027545619,32,16,1,0
sample_10973.pdf,3256,20,11875,126,7,9,5.523085615,18,9,1,1
sample_10726.pdf,0,0,77785,0,0,0,0.0,0,0,0,1
sample_11849.pdf,0,0,8195,0,0,0,0.0,0,0,0,1
sample_12756.pdf,0,0,26146,0,0,0,0.0,0,0,0,1
sample_15523.pdf,0,0,16368,0,0,0,0.0,0,0,0,1
sample_11630.pdf,0,0,1999,0,0,0,0.0,0,0,0,1
sample_05866.pdf,1231,30,80442,173,11,15,6.06558968,34,17,1,0
sample_03184.pdf,25132,63,33381,237,28,16,6.661294879,34,17,1,0
sample_04109.pdf,47247,101,62107,208,8,29,6.987937666,58,29,1,0
sample_02577.pdf,91709,40,126536,270,8,13,6.78501905,26,13,1,0
sample_10456.pdf,0,0,15360,0,0,0,0.0,0,0,0,1
sample_04713.pdf,1205,12,30622,160,8,3,5.296769887,6,3,1,0
sample_17787.pdf,0,0,8134,0,0,0,0.0,0,0,0,1
sample_02590.pdf,3557,284,61571,386,30,43,5.917567288,88,44,1,0
sample_01259.pdf,40409,204,167161,311,43,22,6.823021126,46,23,1,0
sample_14973.pdf,5283,20,14959,126,7,8,5.370294896,18,9,1,1
sample_11861.pdf,94,31,10693,163,44,4,5.425285735,8,4,1,1
sample_18957.pdf,5283,20,14983,126,7,8,5.37048715,18,9,1,1
sample_14438.pdf,0,0,8259,0,0,0,0.0,0,0,0,1
sample_19099.pdf,0,0,9782,0,0,0,0.0,0,0,0,1
sample_16565.pdf,0,0,9406,0,0,0,0.0,0,0,0,1
sample_02992.pdf,949,28,311991,255,54,7,6.33249385,20,10,1,0
sample_11318.pdf,0,0,15242,0,0,0,0.0,0,0,0,1
sample_04904.pdf,1210,12,23958,198,12,3,5.398004641,6,3,1,0
sample_15623.pdf,828,10,7630,137,8,1,6.791384588,2,1,1,1
sample_17338.pdf,25,20,42357,198,68,3,4.320012577,10,5,1,1
sample_18519.pdf,0,0,17014,0,0,0,0.0,0,0,0,1
sample_02983.pdf,1371,37,93296,173,11,22,5.426339402,48,24,1,0
sample_18062.pdf,0,0,9431,0,0,0,0.0,0,0,0,1
sample_12925.pdf,0,0,9555,0,0,0,0.0,0,0,0,1
sample_10891.pdf,0,0,15164,0,0,0,0.0,0,0,0,1
sample_12406.pdf,0,0,9465,0,0,0,0.0,0,0,0,1
sample_05822.pdf,8097,34,27331,263,56,9,6.364970344,20,10,1,0
sample_09512.pdf,0,0,22065,0,0,0,0.0,0,0,0,1
sample_01777.pdf,1429,24,35394,478,38,3,7.132238236,6,3,1,0
sample_13320.pdf,0,0,8145,0,0,0,0.0,0,0,0,1
sample_17181.pdf,0,0,9374,0,0,0,0.0,0,0,0,1
sample_06569.pdf,31519,76,41610,236,29,20,6.740755484,42,21,1,0
sample_00048.pdf,32177,356,55284,254,8,26,6.676177045,54,27,1,0
sample_14862.pdf,0,0,9061,0,0,0,0.0,0,0,0,1
sample_18399.pdf,0,0,9528,0,0,0,0.0,0,0,0,1
sample_05701.pdf,18474,47,58636,270,8,11,6.918850709,22,11,1,0
sample_09056.pdf,24635,1206,253207,313,17,51,6.345231493,102,51,1,0
sample_18936.pdf,0,0,15727,0,0,0,0.0,0,0,0,1
sample_16489.pdf,0,0,9658,0,0,0,0.0,0,0,0,1
sample_11869.pdf,0,0,12969,0,0,0,0.0,0,0,0,1
sample_11823.pdf,0,0,9617,0,0,0,0.0,0,0,0,1
sample_11355.pdf,1,10,5961,156,37,2,5.490241635,6,3,1,1
sample_00599.pdf,5877,467,71845,294,6,58,4.409346233,150,75,1,0
sample_01271.pdf,8030,27,16235,207,1,5,6.716090554,10,5,1,0
sample_08923.pdf,91557,2115,352952,435,61,81,6.845471277,166,83,1,0
sample_00881.pdf,86381,185,319993,238,28,58,7.008753326,118,59,1,0
sample_13684.pdf,0,0,17025,0,0,0,0.0,0,0,0,1
sample_16554.pdf,0,0,9439,0,0,0,0.0,0,0,0,1
sample_10890.pdf,0,0,8225,0,0,0,0.0,0,0,0,1
sample_10844.pdf,0,0,73287,0,0,0,0.0,0,0,0,1
sample_05351.pdf,1556,122,166586,398,13,20,5.920899719,42,21,1,0
sample_13278.pdf,1,19,7303,205,44,2,5.172992537,6,3,1,1
sample_10518.pdf,0,0,9355,0,0,0,0.0,0,0,0,1
sample_18763.pdf,1,15,9756,208,44,0,4.130011544,4,2,1,1
sample_02623.pdf,8685,106,359353,240,25,47,6.298898439,96,48,1,0
sample_14007.pdf,0,0,8245,0,0,0,0.0,0,0,0,1
sample_19003.pdf,5283,20,15095,126,7,8,5.369670116,18,9,1,1
sample_11295.pdf,0,0,15774,0,0,0,0.0,0,0,0,1
sample_09138.pdf,1210,21,75354,135,12,2,5.832267427,4,2,1,0
sample_11121.pdf,0,0,17339,0,0,0,0.0,0,0,0,1
sample_17999.pdf,0,0,16125,0,0,0,0.0,0,0,0,1
sample_15393.pdf,0,0,13524,0,0,0,0.0,0,0,0,1
sample_02891.pdf,1227,12,24771,198,12,3,5.456468852,6,3,1,0
sample_11076.pdf,0,0,16230,0,0,0,0.0,0,0,0,1
sample_12612.pdf,0,0,8232,0,0,0,0.0,0,0,0,1
sample_03952.pdf,1943,160,287278,568,15,29,5.786780768,60,30,1,0
sample_09980.pdf,0,0,8167,0,0,0,0.0,0,0,0,1
sample_17415.pdf,0,0,9313,0,0,0,0.0,0,0,0,1
sample_16768.pdf,0,0,18062,0,0,0,0.0,0,0,0,1
sample_18182.pdf,0,0,9852,0,0,0,0.0,0,0,0,1
sample_08868.pdf,11443,375,80533,401,30,48,5.297510628,126,63,1,0
sample_13124.pdf,0,0,12011,0,0,0,0.0,0,0,0,1
sample_12741.pdf,0,0,11742,0,0,0,0.0,0,0,0,1
sample_05191.pdf,12582,304,39394,525,66,13,6.37895756,28,14,1,0
sample_03020.pdf,14355,31,58422,239,29,8,6.649224545,18,9,1,0
sample_18892.pdf,0,0,9878,0,0,0,0.0,0,0,0,1
sample_09059.pdf,56954,89,70339,220,7,24,6.97288094,48,24,1,0
sample_08807.pdf,5873,20,11005,225,24,4,6.501783274,8,4,1,0
sample_04724.pdf,1427,26,73939,173,17,11,5.311918545,26,13,1,0
sample_09180.pdf,10929,1654,88918,351,58,24,6.622239081,50,25,1,0
sample_08888.pdf,25680,458,246963,242,22,33,7.040002464,68,34,1,0
sample_06966.pdf,1358,21,83359,135,15,2,5.85232763,4,2,1,0
sample_08072.pdf,1186,21,73881,135,12,2,5.836475055,4,2,1,0
sample_15950.pdf,0,0,9383,0,0,0,0.0,0,0,0,1
sample_17385.pdf,0,0,9737,0,0,0,0.0,0,0,0,1
sample_07143.pdf,11139,1588,83936,351,58,24,6.585810243,50,25,1,0
sample_05139.pdf,58458,109,189693,283,76,33,6.99035671,68,34,1,0
sample_18273.pdf,0,0,8509,0,0,0,0.0,0,0,0,1
sample_09479.pdf,0,0,9430,0,0,0,0.0,0,0,0,1
sample_14534.pdf,0,0,11893,0,0,0,0.0,0,0,0,1
sample_13892.pdf,0,0,8342,0,0,0,0.0,0,0,0,1
sample_12952.pdf,1,16,14866,214,44,0,4.523873964,4,2,1,1
sample_09093.pdf,1725,21,97844,135,8,2,5.892176952,4,2,1,0
sample_17498.pdf,0,0,8303,0,0,0,0.0,0,0,0,1
sample_03995.pdf,1248,12,26594,160,10,3,5.283574772,6,3,1,0
sample_08240.pdf,7162,79,116247,267,34,17,6.665996509,36,18,1,0
sample_17572.pdf,0,12,3060,88,44,2,5.841739406,4,2,1,1
sample_11896.pdf,0,0,9650,0,0,0,0.0,0,0,0,1
sample_09816.pdf,7741,22,8863,158,15,10,5.657357702,20,10,1,1
sample_10859.pdf,0,0,9425,0,0,0,0.0,0,0,0,1
sample_02986.pdf,1488,135,193934,376,10,23,5.843607215,48,24,1,0
sample_02301.pdf,21892,67,92557,165,36,19,6.398500375,38,19,1,0
sample_01497.pdf,1464,21,89641,135,11,2,5.879866379,4,2,1,0
sample_09844.pdf,0,0,1024,0,0,0,0.0,0,0,0,1
sample_07046.pdf,6716,126,59541,214,8,10,6.786689234,22,11,1,0
sample_11920.pdf,0,0,9552,0,0,0,0.0,0,0,0,1
sample_03351.pdf,21748,67,52080,256,63,15,6.609072809,34,17,1,0
sample_19109.pdf,0,0,9566,0,0,0,0.0,0,0,0,1
sample_07645.pdf,103598,244,163333,231,18,133,5.911629972,268,134,1,0
sample_14011.pdf,0,0,1996,0,0,0,0.0,0,0,0,1
sample_09936.pdf,0,0,17674,0,0,0,0.0,0,0,0,1
sample_07979.pdf,1346,21,76855,135,12,2,5.839256225,4,2,1,0
sample_04830.pdf,14019,37,65712,239,29,10,6.797491786,22,11,1,0
sample_00816.pdf,16396,214,230234,335,47,29,3.87658703,216,108,1,0
sample_08337.pdf,1676,24,142119,145,15,4,5.761458749,8,4,1,0
sample_11068.pdf,0,0,9731,0,0,0,0.0,0,0,0,1
sample_04828.pdf,15578,202,758686,308,49,67,6.43083668,142,71,1,0
sample_08279.pdf,11560,1674,89885,351,58,25,6.619524286,52,26,1,0
sample_05573.pdf,31393,69,42021,233,28,19,6.732832903,40,20,1,0
sample_08753.pdf,8770,168,42935,378,27,25,5.932109775,58,29,1,0
sample_09460.pdf,0,0,1995,0,0,0,0.0,0,0,0,1
sample_16529.pdf,0,0,17199,0,0,0,0.0,0,0,0,1
sample_17132.pdf,0,0,9561,0,0,0,0.0,0,0,0,1
sample_11227.pdf,0,0,9217,0,0,0,0.0,0,0,0,1
sample_10554.pdf,0,0,8011,0,0,0,0.0,0,0,0,1
sample_05118.pdf,136514,432,210871,253,44,62,6.950017756,126,63,1,0
sample_09639.pdf,0,0,232185,0,0,0,0.0,0,0,0,1
sample_01120.pdf,24533,165,269629,276,10,76,6.473421211,156,78,1,0
sample_00279.pdf,2592,51,31304,235,12,4,6.320971652,10,5,1,0
sample_04130.pdf,1127,12,27684,198,11,3,5.294619633,6,3,1,0
sample_13567.pdf,0,0,9566,0,0,0,0.0,0,0,0,1
sample_14658.pdf,5283,20,15091,126,7,8,5.369612589,18,9,1,1
sample_08732.pdf,1245,21,79103,135,12,2,5.874395297,4,2,1,0
sample_10607.pdf,5283,20,15095,126,7,8,5.369727077,18,9,1,1
sample_04121.pdf,1558,350,104027,419,49,26,6.165749118,54,27,1,0
sample_15863.pdf,0,0,16047,0,0,0,0.0,0,0,0,1
sample_08598.pdf,1344,47,92705,173,13,27,5.694453437,62,31,1,0
sample_07664.pdf,11194,39,30138,202,12,8,6.32917703,18,9,1,0
sample_09188.pdf,1225,21,76997,138,12,2,5.851916708,4,2,1,0
sample_16001.pdf,0,0,8182,0,0,0,0.0,0,0,0,1
sample_09946.pdf,0,0,9664,0,0,0,0.0,0,0,0,1
sample_05598.pdf,105058,170,166525,215,8,53,6.990376779,106,53,1,0
sample_17114.pdf,0,0,16781,0,0,0,0.0,0,0,0,1
sample_07626.pdf,3340,770,211121,323,43,49,3.760054804,436,218,1,0
sample_19260.pdf,0,0,9204,0,0,0,0.0,0,0,0,1
sample_07444.pdf,9294,154,49919,315,13,23,5.993765438,50,25,1,0
sample_13005.pdf,0,0,12439,0,0,0,0.0,0,0,0,1
sample_15004.pdf,1,53,5355,0,0,1,7.043283119,2,1,1,1
sample_05432.pdf,4475,29,11929,260,55,6,5.896183464,14,7,1,0
sample_17021.pdf,549,22,83252,214,44,6,6.442920589,12,6,1,1
sample_12058.pdf,5283,20,15095,126,7,8,5.369638091,18,9,1,1
sample_14963.pdf,0,0,9509,0,0,0,0.0,0,0,0,1
sample_05846.pdf,24675,76,39493,201,14,21,6.827885775,42,21,1,0
sample_02300.pdf,8603,63,55405,335,30,21,5.846719199,46,23,1,0
sample_09301.pdf,0,0,5857,0,0,0,0.0,0,0,0,1
sample_17322.pdf,0,0,8075,0,0,0,0.0,0,0,0,1
sample_17376.pdf,0,0,2009,0,0,0,0.0,0,0,0,1
sample_07473.pdf,1211,21,75812,135,12,2,5.850953159,4,2,1,0
sample_14308.pdf,0,0,17088,0,0,0,0.0,0,0,0,1
sample_14051.pdf,0,0,8037,0,0,0,0.0,0,0,0,1
sample_04646.pdf,14018,220,55900,264,48,14,6.561321375,30,15,1,0
sample_14310.pdf,1,16,11054,214,44,0,4.67938703,4,2,1,1
sample_10536.pdf,0,0,1992,0,0,0,0.0,0,0,0,1
sample_00468.pdf,1135,25,84584,173,12,10,5.851308959,24,12,1,0
sample_19206.pdf,3171,20,12021,126,7,9,5.532592861,18,9,1,1
sample_19202.pdf,1,10,5986,156,37,2,5.68397371,6,3,1,1
sample_15124.pdf,0,0,9511,0,0,0,0.0,0,0,0,1
sample_09815.pdf,0,0,12255,0,0,0,0.0,0,0,0,1
sample_08404.pdf,1328,35,79897,173,15,20,5.665218353,44,22,1,0
sample_05614.pdf,405,31,11883,235,90,2,5.288656307,8,4,1,0
sample_17352.pdf,5283,20,14963,126,7,8,5.370328862,18,9,1,1
sample_07677.pdf,18725,564,58377,521,67,19,6.532174574,40,20,1,0
sample_16627.pdf,0,0,15670,0,0,0,0.0,0,0,0,1
sample_01210.pdf,1348,21,84106,135,13,2,5.875677017,4,2,1,0
sample_12130.pdf,0,0,1444,0,0,0,0.0,0,0,0,1
sample_00862.pdf,1441,12,28469,198,12,3,5.361186521,6,3,1,0
sample_02520.pdf,1597,34,90082,173,13,16,5.788124246,38,19,1,0
sample_18032.pdf,0,0,8045,0,0,0,0.0,0,0,0,1
sample_17108.pdf,2319,10,12799,243,18,1,6.822814256,2,1,1,1
sample_03992.pdf,7261,39,109872,172,11,9,6.469328737,20,10,1,0
sample_11904.pdf,0,0,16260,0,0,0,0.0,0,0,0,1
sample_17783.pdf,0,0,8367,0,0,0,0.0,0,0,0,1
sample_16972.pdf,0,0,8192,0,0,0,0.0,0,0,0,1
sample_05278.pdf,3961,26,10921,234,29,5,5.917140602,12,6,1,0
sample_10419.pdf,0,0,8061,0,0,0,0.0,0,0,0,1
sample_14815.pdf,0,0,15577,0,0,0,0.0,0,0,0,1
sample_04373.pdf,4373,500,67530,294,6,54,4.646964713,128,64,1,0
sample_11882.pdf,0,0,9686,0,0,0,0.0,0,0,0,1
sample_02653.pdf,22116,44,56780,270,8,11,6.936422331,22,11,1,0
sample_02652.pdf,65729,111,72189,389,17,35,6.858634005,72,36,1,0
sample_09392.pdf,0,0,9877,0,0,0,0.0,0,0,0,1
sample_09338.pdf,0,0,16102,0,0,0,0.0,0,0,0,1
sample_09636.pdf,1,13,5160,37,68,2,5.271515283,4,2,1,1
sample_04504.pdf,3330,47,11329,281,35,5,5.38512553,12,6,1,0
sample_10949.pdf,0,0,15701,0,0,0,0.0,0,0,0,1
sample_04540.pdf,3895,26,10941,234,29,5,5.965879584,12,6,1,0
sample_13504.pdf,0,0,16716,0,0,0,0.0,0,0,0,1
sample_19147.pdf,0,0,8333,0,0,0,0.0,0,0,0,1
sample_16993.pdf,0,0,37713,0,0,0,0.0,0,0,0,1
sample_00296.pdf,4646,284,57694,83,17,32,6.186692721,66,33,1,0
sample_05994.pdf,1193,21,83236,135,12,2,5.872423158,4,2,1,0
sample_14991.pdf,5696,20,13019,126,7,9,5.545700196,18,9,1,1
sample_02457.pdf,1470,256,251634,369,13,25,5.79705853,52,26,1,0
sample_00642.pdf,9889,38,25219,237,28,9,6.429475801,20,10,1,0
sample_00509.pdf,1211,21,71862,135,12,2,5.848490718,4,2,1,0
sample_05910.pdf,977,13,17157,188,12,3,5.261314172,8,4,1,0
sample_11060.pdf,0,0,11847,0,0,0,0.0,0,0,0,1
sample_08180.pdf,17368,38,21701,238,29,9,6.409506145,20,10,1,0
sample_15320.pdf,0,0,8406,0,0,0,0.0,0,0,0,1
sample_18440.pdf,0,0,22772,0,0,0,0.0,0,0,0,1
sample_05013.pdf,1581,97,92797,446,19,17,6.12230669,36,18,1,0
sample_07485.pdf,22921,47,29129,400,68,11,6.733213707,24,12,1,0
sample_14566.pdf,1,49,11818,76,4,5,3.660888753,12,6,1,1
sample_02261.pdf,1497,173,149917,374,16,30,5.867591973,62,31,1,0
sample_18666.pdf,0,0,9597,0,0,0,0.0,0,0,0,1
sample_04462.pdf,10160,36,15950,87,12,9,6.547578346,18,9,1,0
sample_15315.pdf,0,0,8025,0,0,0,0.0,0,0,0,1
sample_07586.pdf,12861,31,47120,239,29,8,6.630032143,18,9,1,0
sample_06848.pdf,46303,205,175236,296,34,26,6.769961582,54,27,1,0
sample_08509.pdf,30259,1399,99915,483,54,40,6.676394943,82,41,1,0
sample_01147.pdf,30437,5698,244650,254,8,80,6.813830152,162,81,1,0
sample_02499.pdf,16499,117,146192,351,48,23,6.737935288,48,24,1,0
sample_08522.pdf,6077,227,110920,330,35,30,6.428790947,62,31,1,0
sample_05242.pdf,4509,26,11736,238,29,5,5.9151572,12,6,1,0
sample_14985.pdf,10127,14,4689,346,12,3,6.60423984,6,3,1,1
sample_15072.pdf,0,0,2697,0,0,0,0.0,0,0,0,1
sample_12746.pdf,5283,20,14981,126,7,8,5.370393413,18,9,1,1
sample_16963.pdf,828,10,7567,137,8,1,6.791384588,2,1,1,1
sample_12691.pdf,0,0,8053,0,0,0,0.0,0,0,0,1
sample_06205.pdf,8390,330,76083,83,17,40,5.925912763,82,41,1,0
sample_17775.pdf,0,0,9717,0,0,0,0.0,0,0,0,1
sample_19191.pdf,0,0,3612,0,0,0,0.0,0,0,0,1
sample_10977.pdf,22,10,3433,201,14,1,5.195485949,2,1,1,1
sample_17312.pdf,1,996,7517,211,39,10,4.655905648,22,11,1,1
sample_04505.pdf,11654,2677,75262,358,29,28,6.175392739,58,29,1,0
sample_00340.pdf,7754,1752,239283,288,14,40,6.224562863,82,41,1,0
sample_02516.pdf,3865,27,74869,172,25,12,6.430379764,26,13,1,0
sample_09538.pdf,0,0,9797,0,0,0,0.0,0,0,0,1
sample_11803.pdf,0,0,8221,0,0,0,0.0,0,0,0,1
sample_14736.pdf,0,0,9476,0,0,0,0.0,0,0,0,1
sample_13415.pdf,0,0,8399,0,0,0,0.0,0,0,0,1
sample_13080.pdf,0,0,154518,0,0,0,0.0,0,0,0,1
sample_16890.pdf,0,0,12272,0,0,0,0.0,0,0,0,1
sample_11196.pdf,828,10,7606,137,8,1,6.791384588,2,1,1,1
sample_03772.pdf,13631,82,185125,258,27,39,6.409503334,82,41,1,0
sample_04907.pdf,24856,4832,279368,297,16,130,4.782438926,570,285,1,0
sample_10972.pdf,0,0,8206,0,0,0,0.0,0,0,0,1
sample_01962.pdf,32129,81,42322,181,11,22,6.982189522,44,22,1,0
sample_01508.pdf,14204,38,56766,288,43,15,6.624099824,32,16,1,0
sample_18166.pdf,5283,20,15021,126,7,8,5.369806905,18,9,1,1
sample_08514.pdf,13539,19,20659,222,8,2,6.432689834,4,2,1,0
sample_00972.pdf,6177,35,55612,169,9,10,6.205357007,28,14,1,0
sample_15762.pdf,0,0,9191,0,0,0,0.0,0,0,0,1
sample_04416.pdf,3889,211,20404,492,6,8,6.036849467,18,9,1,0
sample_12759.pdf,0,0,9038,0,0,0,0.0,0,0,0,1
sample_11997.pdf,0,0,9584,0,0,0,0.0,0,0,0,1
sample_08449.pdf,1761,137,265877,417,15,30,5.839688007,62,31,1,0
sample_13332.pdf,0,0,15789,0,0,0,0.0,0,0,0,1
sample_14064.pdf,0,0,8397,0,0,0,0.0,0,0,0,1
sample_18637.pdf,5283,20,15023,126,7,8,5.369979396,18,9,1,1
sample_05968.pdf,10399,134,45039,275,19,26,6.225160786,56,28,1,0
sample_06819.pdf,27707,52,38356,126,11,14,6.945992738,28,14,1,0
sample_04915.pdf,12392,205,45358,423,60,14,6.370947545,30,15,1,0
sample_13431.pdf,0,0,8348,0,0,0,0.0,0,0,0,1
sample_07845.pdf,1860,14,61154,191,7,2,5.357388429,8,4,1,0
sample_12845.pdf,0,0,8183,0,0,0,0.0,0,0,0,1
sample_09912.pdf,0,0,8075,0,0,0,0.0,0,0,0,1
sample_03967.pdf,1588,21,97406,135,12,2,5.883637188,4,2,1,0
sample_18204.pdf,8056,22,9792,158,15,10,5.67218009,20,10,1,1
sample_06546.pdf,28251,92,149860,478,38,18,7.115931627,36,18,1,0
sample_00842.pdf,1265,21,76754,135,12,2,5.854250432,4,2,1,0
sample_04539.pdf,20068,537,396715,308,15,40,6.710976633,82,41,1,0
sample_11006.pdf,0,0,8168,0,0,0,0.0,0,0,0,1
sample_05256.pdf,8207,576,90469,317,14,54,5.577985105,134,67,1,0
sample_17087.pdf,0,0,9260,0,0,0,0.0,0,0,0,1
sample_04020.pdf,1771,24,87206,173,12,9,6.037467396,22,11,1,0
sample_08236.pdf,1340,21,74306,135,12,2,5.829465053,4,2,1,0
sample_18758.pdf,0,0,9371,0,0,0,0.0,0,0,0,1
sample_08044.pdf,6948,104,21059,334,70,13,6.192502803,28,14,1,0
sample_18212.pdf,0,0,15737,0,0,0,0.0,0,0,0,1
sample_02674.pdf,1147,12,30361,160,8,3,5.335612864,6,3,1,0
sample_17908.pdf,0,0,9032,0,0,0,0.0,0,0,0,1
sample_08730.pdf,41783,2697,180881,446,31,134,4.695127817,534,267,1,0
sample_03261.pdf,108873,40,126922,270,8,13,6.785482608,26,13,1,0
sample_07908.pdf,11738,458,42025,569,83,17,6.402479167,36,18,1,0
sample_10367.pdf,0,0,2003,0,0,0,0.0,0,0,0,1
sample_14734.pdf,0,0,17167,0,0,0,0.0,0,0,0,1
sample_04280.pdf,4524,264,409751,343,35,46,6.09936971,102,51,1,0
sample_14633.pdf,0,0,12122,0,0,0,0.0,0,0,0,1
sample_14416.pdf,5283,20,15089,126,7,8,5.369569383,18,9,1,1
sample_15441.pdf,5283,20,15093,126,7,8,5.369713924,18,9,1,1
sample_19117.pdf,0,0,8149,0,0,0,0.0,0,0,0,1
sample_10320.pdf,0,0,9263,0,0,0,0.0,0,0,0,1
sample_03438.pdf,74085,952,349028,300,31,81,6.661544757,164,82,1,0
sample_02908.pdf,13890,133,28210,253,7,12,6.316315481,26,13,1,0
sample_11134.pdf,0,0,15254,0,0,0,0.0,0,0,0,1
sample_01718.pdf,4797,29,22198,320,65,6,6.187976108,14,7,1,0
sample_04394.pdf,1507,124,203563,544,12,30,5.888184167,62,31,1,0
sample_06337.pdf,14509,995,135076,404,36,82,5.367774253,216,108,1,0
sample_08403.pdf,5034,27,15971,237,28,5,6.111750481,12,6,1,0
sample_07501.pdf,1249,12,24690,198,12,3,5.318388102,6,3,1,0
sample_15830.pdf,0,0,8296,0,0,0,0.0,0,0,0,1
sample_08829.pdf,16863,108,74848,394,28,27,5.366383392,80,40,1,0
sample_12996.pdf,71,16,10254,214,44,2,7.110598637,4,2,1,1
sample_12509.pdf,4598,20,12354,126,7,9,5.549609563,18,9,1,1
sample_12922.pdf,0,0,9601,0,0,0,0.0,0,0,0,1
sample_14832.pdf,0,0,9711,0,0,0,0.0,0,0,0,1
sample_02731.pdf,62327,137,178147,194,13,23,6.244623063,44,22,1,0
sample_09331.pdf,0,0,9424,0,0,0,0.0,0,0,0,1
sample_02690.pdf,4417,274,75944,284,16,41,6.122440524,80,40,1,0
sample_18800.pdf,5283,20,15095,126,7,8,5.369687299,18,9,1,1
sample_14918.pdf,0,0,1967,0,0,0,0.0,0,0,0,1
sample_08629.pdf,25318,640,106588,378,29,59,5.635162078,144,72,1,0
sample_14903.pdf,0,0,9719,0,0,0,0.0,0,0,0,1
sample_02183.pdf,22654,314,99070,377,21,51,6.098846023,114,57,1,0
sample_04395.pdf,5593,139,130775,265,52,76,4.512154763,190,95,1,0
sample_08278.pdf,1640,273,213576,412,10,23,5.879777322,48,24,1,0
sample_08424.pdf,1561,21,87366,145,12,2,5.880645733,4,2,1,0
sample_07579.pdf,1321,21,79292,135,12,2,5.844350236,4,2,1,0
sample_17540.pdf,0,0,17919,0,0,0,0.0,0,0,0,1
sample_00780.pdf,7278,33,23507,237,28,7,6.282930701,16,8,1,0
sample_13213.pdf,5283,20,14983,126,7,8,5.370452546,18,9,1,1
sample_04585.pdf,18268,36,34275,226,15,8,6.431924073,18,9,1,0
sample_10209.pdf,5283,20,15091,126,7,8,5.369630651,18,9,1,1
sample_19079.pdf,13350,17,8232,163,84,4,6.977916147,8,4,1,1
sample_06553.pdf,5733,472,95076,398,15,32,5.693027997,76,38,1,0
sample_18812.pdf,10005,14,4812,405,13,3,6.679739878,6,3,1,1
sample_11982.pdf,5283,20,14983,126,7,8,5.370458187,18,9,1,1
sample_09734.pdf,1,16,3207,214,44,2,5.227071785,4,2,1,1
sample_14660.pdf,0,0,8161,0,0,0,0.0,0,0,0,1
sample_00231.pdf,6035,1055,195128,325,25,91,4.693342637,352,176,1,0
sample_14507.pdf,0,0,1467,0,0,0,0.0,0,0,0,1
sample_06196.pdf,10755,26,15281,233,28,5,6.026286924,12,6,1,0
sample_14899.pdf,1,16,11023,214,44,0,4.680341842,4,2,1,1
sample_04099.pdf,14291,414,46027,552,75,22,6.522309764,46,23,1,0
sample_03615.pdf,12501,1088,117960,483,30,68,5.300291529,190,95,1,0
sample_13785.pdf,0,0,9439,0,0,0,0.0,0,0,0,1
sample_08134.pdf,1606,21,87063,135,12,2,5.860850183,4,2,1,0
sample_08264.pdf,34649,650,175235,293,33,27,6.662298053,58,29,1,0
sample_01627.pdf,2876,159,74533,252,1,20,6.392289356,42,21,1,0
sample_07982.pdf,76599,1447,191430,570,102,49,6.852646202,100,50,1,0
sample_11254.pdf,5283,20,15015,126,7,8,5.370004763,18,9,1,1
sample_15827.pdf,1,79,5345,210,37,8,3.875154549,18,9,1,1
sample_05588.pdf,30484,36,64576,270,8,9,7.147331519,18,9,1,0
sample_01283.pdf,19563,756,116212,296,36,85,4.726240152,312,156,1,0
sample_02277.pdf,1232,21,77426,135,17,2,5.832599403,4,2,1,0
sample_02782.pdf,3388,544,71326,468,30,49,5.491080678,124,62,1,0
sample_04296.pdf,1375,13,85133,188,12,3,5.225073345,8,4,1,0
sample_06088.pdf,9330,68,25230,302,30,10,6.2410546,22,11,1,0
sample_07033.pdf,14379,810,112776,514,33,70,5.15418652,206,103,1,0
sample_16688.pdf,0,0,9584,0,0,0,0.0,0,0,0,1
sample_07602.pdf,106217,1379,387353,227,57,55,6.918707459,112,56,1,0
sample_15715.pdf,0,0,77284,0,0,0,0.0,0,0,0,1
sample_19238.pdf,0,0,15781,0,0,0,0.0,0,0,0,1
sample_09758.pdf,1,996,7539,211,39,10,4.661585768,22,11,1,1
sample_10093.pdf,1,16,15291,147,44,3,5.06840733,6,3,1,1
sample_03482.pdf,1592,17,56641,199,22,5,6.161744794,12,6,1,0
sample_08564.pdf,4205,28,11476,238,29,5,5.963088518,12,6,1,0
sample_05723.pdf,8086,153,164520,266,53,86,4.670821707,208,104,1,0
sample_12532.pdf,0,0,9485,0,0,0,0.0,0,0,0,1
sample_03207.pdf,1304,21,70683,145,10,2,5.848776967,4,2,1,0
sample_17389.pdf,1,10,5815,156,37,2,5.449917714,6,3,1,1
sample_04056.pdf,13550,3540,191248,378,22,47,6.623541727,98,49,1,0
sample_04288.pdf,27576,51,75634,189,11,17,6.863025466,34,17,1,0
sample_00293.pdf,19338,133,159965,274,35,29,6.71385336,60,30,1,0
sample_08130.pdf,6990,9,115455,177,24,1,5.018019145,4,2,1,0
sample_09103.pdf,8376,208,27828,518,65,10,6.075215133,22,11,1,0
sample_13626.pdf,0,0,8452,0,0,0,0.0,0,0,0,1
sample_09433.pdf,0,0,7832,0,0,0,0.0,0,0,0,1
sample_10513.pdf,0,0,8046,0,0,0,0.0,0,0,0,1
sample_04921.pdf,1927,127,186321,416,18,30,5.901590681,62,31,1,0
sample_05609.pdf,30509,88,50017,87,12,26,6.604613199,52,26,1,0
sample_17493.pdf,0,0,16614,0,0,0,0.0,0,0,0,1
sample_03657.pdf,1290,12,37619,160,12,3,5.303610003,6,3,1,0
sample_10665.pdf,0,0,17514,0,0,0,0.0,0,0,0,1
sample_01145.pdf,1409,21,76193,135,13,2,5.844091818,4,2,1,0
sample_07435.pdf,16036,40,66440,239,29,11,6.835637826,24,12,1,0
sample_05071.pdf,14428,2842,330076,227,8,10,6.800234713,22,11,1,0
sample_05392.pdf,11396,1647,88673,351,58,24,6.622025102,50,25,1,0
sample_11905.pdf,0,0,16839,0,0,0,0.0,0,0,0,1
sample_12608.pdf,1,10,26383,182,7,1,0.0,2,1,1,1
sample_17129.pdf,0,0,15243,0,0,0,0.0,0,0,0,1
sample_15278.pdf,0,0,15881,0,0,0,0.0,0,0,0,1
sample_02186.pdf,10777,407,92182,353,19,62,5.258038855,174,87,1,0
sample_04163.pdf,10285,107,63045,234,11,8,6.735001925,18,9,1,0
sample_08275.pdf,1405,103,186381,362,9,27,5.920848589,56,28,1,0
sample_10695.pdf,0,0,8141,0,0,0,0.0,0,0,0,1
sample_03149.pdf,1578,326,114909,451,27,27,6.169560748,56,28,1,0
sample_03571.pdf,6450,161,58915,286,57,16,6.589532534,34,17,1,0
sample_18438.pdf,0,0,16761,0,0,0,0.0,0,0,0,1
sample_17120.pdf,14798,18,8620,82,36,5,6.94231132,10,5,1,1
sample_05442.pdf,1490,21,91883,135,12,2,5.877161707,4,2,1,0
sample_18326.pdf,0,0,9567,0,0,0,0.0,0,0,0,1
sample_01500.pdf,2704,76,60523,273,58,6,6.614788318,14,7,1,0
sample_18420.pdf,828,10,7624,137,8,1,6.791384588,2,1,1,1
sample_11043.pdf,1,15,3527,208,44,1,5.267982797,4,2,1,1
sample_18294.pdf,5283,20,15095,126,7,8,5.369720613,18,9,1,1
sample_02576.pdf,10301,87,105530,284,73,42,5.949257104,88,44,1,0
sample_08064.pdf,1276,21,77694,135,12,2,5.862829171,4,2,1,0
sample_04206.pdf,1294,32,75958,173,12,17,5.892667642,38,19,1,0
sample_03115.pdf,1382,21,82648,135,13,2,5.878089689,4,2,1,0
sample_09218.pdf,35005,484,352703,280,31,68,6.462266558,140,70,1,0
sample_13227.pdf,0,0,2016,0,0,0,0.0,0,0,0,1
sample_10516.pdf,828,10,7642,137,8,1,6.791384588,2,1,1,1
sample_11610.pdf,0,0,8340,0,0,0,0.0,0,0,0,1
sample_10428.pdf,1,15,3527,208,44,1,5.280039921,4,2,1,1
sample_00510.pdf,43307,242,542579,668,86,192,5.648630105,386,193,1,0
sample_07969.pdf,11390,440,74520,450,29,47,5.991188133,96,48,1,0
sample_01421.pdf,4109,491,69360,351,31,47,5.515525152,116,58,1,0
sample_02826.pdf,4899,530,66073,294,6,54,4.83293258,124,62,1,0
sample_05946.pdf,1401,47,97944,173,14,32,5.741989232,68,34,1,0
sample_05108.pdf,11619,83,61148,335,30,24,5.221852831,66,33,1,0
sample_16520.pdf,1,50,526077,167,3,13,4.441212408,34,17,1,1
sample_08290.pdf,1223,12,28777,198,12,3,5.450086473,6,3,1,0
sample_10566.pdf,7259,24,37115,289,17,7,6.700012376,14,7,1,1
sample_09523.pdf,1,10,5985,156,37,2,5.702400414,6,3,1,1
sample_02654.pdf,18483,54,30198,236,29,14,6.577128532,30,15,1,0
sample_03667.pdf,10530,36,21080,233,35,8,6.824415688,16,8,1,0
sample_15566.pdf,0,0,9628,0,0,0,0.0,0,0,0,1
sample_06149.pdf,31869,80,105085,239,29,24,6.873769828,50,25,1,0
sample_10330.pdf,5283,20,15091,126,7,8,5.369657011,18,9,1,1
sample_05317.pdf,28221,347,55923,475,19,23,6.674647607,48,24,1,0
sample_08124.pdf,22319,84,152788,194,13,18,6.010452584,34,17,1,0
sample_19116.pdf,0,0,154516,0,0,0,0.0,0,0,0,1
sample_07883.pdf,1203,17,162644,173,12,4,4.956051924,10,5,1,0
sample_07192.pdf,1295,21,76033,135,11,2,5.834715468,4,2,1,0
sample_01719.pdf,81211,202,89421,216,8,61,6.907602685,122,61,1,0
sample_08478.pdf,5075,200,56204,348,26,42,6.004029889,82,41,1,0
sample_18388.pdf,0,0,9858,0,0,0,0.0,0,0,0,1
sample_16232.pdf,0,0,9364,0,0,0,0.0,0,0,0,1
sample_13681.pdf,0,0,1894,0,0,0,0.0,0,0,0,1
sample_00888.pdf,1300,21,74944,138,12,2,5.855235545,4,2,1,0
sample_12800.pdf,0,0,8223,0,0,0,0.0,0,0,0,1
sample_15420.pdf,0,0,9465,0,0,0,0.0,0,0,0,1
sample_11741.pdf,0,0,9600,0,0,0,0.0,0,0,0,1
sample_05564.pdf,1427,64,80635,201,1,6,6.529418503,14,7,1,0
sample_01591.pdf,11224,35,28130,237,28,6,6.251132238,14,7,1,0
sample_17315.pdf,0,0,9376,0,0,0,0.0,0,0,0,1
sample_06783.pdf,5868,156,60078,214,8,9,6.707961944,20,10,1,0
sample_05059.pdf,5744,142,63711,228,6,10,6.681567277,22,11,1,0
sample_07335.pdf,12467,40,231687,264,24,3,5.393333116,16,7,1,0
sample_01384.pdf,13835,43,57958,293,48,17,6.594510725,36,18,1,0
sample_16501.pdf,1,28,12329,208,44,1,5.344209727,4,2,1,1
sample_16754.pdf,0,0,9799,0,0,0,0.0,0,0,0,1
sample_16664.pdf,0,0,9565,0,0,0,0.0,0,0,0,1
sample_09508.pdf,0,0,9147,0,0,0,0.0,0,0,0,1
sample_14764.pdf,0,0,16089,0,0,0,0.0,0,0,0,1
sample_03465.pdf,1915,371,209598,708,16,41,6.025736546,84,42,1,0
sample_14562.pdf,0,0,8590,0,0,0,0.0,0,0,0,1
sample_02260.pdf,11249,545,264427,314,36,39,6.337885803,84,42,1,0
sample_12674.pdf,5283,20,15043,126,7,8,5.36985397,18,9,1,1
sample_05734.pdf,4737,1291,82111,470,45,52,5.557818526,130,65,1,0
sample_08510.pdf,11513,119,23994,254,8,11,6.215225131,24,12,1,0
sample_08075.pdf,1302,32,82043,173,11,17,5.495896745,38,19,1,0
sample_04129.pdf,1137,21,75978,135,12,2,5.832670847,4,2,1,0
sample_03167.pdf,1171,21,66130,135,10,2,5.797141559,4,2,1,0
sample_18642.pdf,0,0,1910,0,0,0,0.0,0,0,0,1
sample_02868.pdf,1476,21,81603,135,13,2,5.859176904,4,2,1,0
sample_00746.pdf,6831,26,11622,197,6,5,6.544805855,10,5,1,0
sample_16017.pdf,0,0,8278,0,0,0,0.0,0,0,0,1
sample_06578.pdf,7786,646,54028,380,87,22,6.254822647,48,24,1,0
sample_08751.pdf,53166,634,157930,292,2,34,6.895673592,70,35,1,0
sample_11363.pdf,2110,10,9230,231,19,1,6.792911825,2,1,1,1
sample_07804.pdf,6957,327,70937,380,31,50,5.801856571,110,55,1,0
sample_18096.pdf,0,0,8094,0,0,0,0.0,0,0,0,1
sample_03000.pdf,1616,129,160407,358,10,33,5.843413638,68,34,1,0
sample_04002.pdf,14446,37,34998,267,22,10,6.557053103,22,11,1,0
sample_14213.pdf,0,0,16779,0,0,0,0.0,0,0,0,1
sample_17539.pdf,828,10,7633,137,8,1,6.791384588,2,1,1,1
sample_09535.pdf,0,0,17434,0,0,0,0.0,0,0,0,1
sample_14030.pdf,5283,20,14961,126,7,8,5.370415994,18,9,1,1
sample_00552.pdf,1127,12,36151,160,12,3,5.000321895,6,3,1,0
sample_13154.pdf,0,0,1469,0,0,0,0.0,0,0,0,1
sample_01408.pdf,1618,51,36851,221,6,4,6.347572211,10,5,1,0
sample_13695.pdf,1,15,3672,214,44,0,4.644812103,4,2,1,1
sample_13200.pdf,0,0,1901,0,0,0,0.0,0,0,0,1
sample_06099.pdf,1315,25,82190,173,12,10,6.007959165,24,12,1,0
sample_04157.pdf,3661,74,28090,386,29,8,4.807874392,22,11,1,0
sample_10938.pdf,0,0,8215,0,0,0,0.0,0,0,0,1
sample_12475.pdf,0,0,8268,0,0,0,0.0,0,0,0,1
sample_15035.pdf,0,0,8394,0,0,0,0.0,0,0,0,1
sample_17176.pdf,0,0,8286,0,0,0,0.0,0,0,0,1
sample_00193.pdf,1472,187,97207,387,13,26,6.115979537,54,27,1,0
sample_11233.pdf,5283,20,14959,126,7,8,5.370399013,18,9,1,1
sample_02927.pdf,1269,21,77333,135,14,2,5.844624437,4,2,1,0
sample_12433.pdf,5283,20,15015,126,7,8,5.36998337,18,9,1,1
sample_13014.pdf,0,0,9597,0,0,0,0.0,0,0,0,1
sample_10169.pdf,0,0,7962,0,0,0,0.0,0,0,0,1
sample_15368.pdf,0,0,16674,0,0,0,0.0,0,0,0,1
sample_03704.pdf,1195,12,25959,198,12,3,5.339674414,6,3,1,0
sample_16723.pdf,0,0,15577,0,0,0,0.0,0,0,0,1
sample_02471.pdf,4289,69,16405,341,95,7,5.802029434,16,8,1,0
sample_04856.pdf,1565,21,83694,135,12,2,5.869683187,4,2,1,0
sample_16373.pdf,0,0,9595,0,0,0,0.0,0,0,0,1
sample_02102.pdf,1277,21,77915,135,12,2,5.838396123,4,2,1,0
sample_11065.pdf,0,0,8037,0,0,0,0.0,0,0,0,1
sample_18056.pdf,0,0,8281,0,0,0,0.0,0,0,0,1
sample_00062.pdf,1898,413,70364,507,13,25,5.988022778,54,27,1,0
sample_16588.pdf,0,0,2000,0,0,0,0.0,0,0,0,1
sample_17159.pdf,5283,20,15091,126,7,8,5.369582634,18,9,1,1
sample_13032.pdf,5283,20,15091,126,7,8,5.369697606,18,9,1,1
sample_09781.pdf,0,0,8072,0,0,0,0.0,0,0,0,1
sample_17776.pdf,7,95,240872,200,8,31,5.237953054,83,41,1,1
sample_01104.pdf,5507,86,18631,364,58,6,5.710374736,14,7,1,0
sample_15137.pdf,0,0,1972,0,0,0,0.0,0,0,0,1
sample_06146.pdf,9648,163,79998,372,30,34,4.649859255,150,75,1,0
sample_17148.pdf,5283,20,15017,126,7,8,5.369898648,18,9,1,1
sample_19192.pdf,0,0,9636,0,0,0,0.0,0,0,0,1
sample_01619.pdf,1381,126,153424,345,8,27,5.917034884,56,28,1,0
sample_14724.pdf,135,200006,38699,290,13,1,6.036672561,2,1,1,1
sample_15463.pdf,0,0,9619,0,0,0,0.0,0,0,0,1
sample_15934.pdf,0,0,35715,0,0,0,0.0,0,0,0,1
sample_06630.pdf,8852,476,80057,291,25,66,4.706854698,222,111,1,0
sample_09191.pdf,123064,353,254031,246,21,49,6.797377005,100,50,1,0
sample_08786.pdf,12947,20,19075,83,13,2,6.032958024,6,3,1,0
sample_03857.pdf,1510,129,136637,521,8,24,5.992343513,50,25,1,0
sample_18392.pdf,0,0,76299,0,0,0,0.0,0,0,0,1
sample_08820.pdf,67211,171,257314,336,57,81,6.308471004,164,82,1,0
sample_17976.pdf,0,0,8362,0,0,0,0.0,0,0,0,1
sample_11403.pdf,0,0,9734,0,0,0,0.0,0,0,0,1
sample_13411.pdf,1,9,305957,0,0,0,4.013511991,4,2,1,1
sample_14397.pdf,1,22,146136,350,23,6,4.375764406,13,6,1,1
sample_01019.pdf,14206,70,40962,450,11,38,6.119076985,78,39,1,0
sample_19183.pdf,0,0,16450,0,0,0,0.0,0,0,0,1
sample_01494.pdf,0,0,11622,0,0,0,0.0,0,0,0,0
sample_12801.pdf,0,0,1971,0,0,0,0.0,0,0,0,1
sample_00350.pdf,8686,138,246463,294,52,11,6.283680882,24,12,1,0
sample_10751.pdf,0,0,1431,0,0,0,0.0,0,0,0,1
sample_09017.pdf,1230,13,26659,188,12,3,5.293646475,8,4,1,0
sample_14787.pdf,0,0,3395,0,0,0,0.0,0,0,0,1
sample_06926.pdf,1901,228,302864,321,40,84,6.213421993,184,92,1,0
sample_02232.pdf,17915,46,30895,262,55,12,6.595033148,26,13,1,0
sample_06600.pdf,13815,119,138305,280,35,21,6.675451835,44,22,1,0
sample_07637.pdf,12978,810,76992,421,30,48,6.00135011,100,50,1,0
sample_08950.pdf,1749,28,90700,173,14,13,5.847371017,30,15,1,0
sample_16462.pdf,0,0,78348,0,0,0,0.0,0,0,0,1
sample_01130.pdf,1353,27,70496,173,12,12,5.473784819,28,14,1,0
sample_04398.pdf,11931,185,266565,315,30,50,6.401222662,114,57,1,0
sample_18255.pdf,1,62,123812,137,44,45,5.24963365,107,53,1,1
sample_12982.pdf,0,0,7876,0,0,0,0.0,0,0,0,1
sample_09236.pdf,1177,12,25387,198,12,3,5.439716649,6,3,1,0
sample_02764.pdf,1666,25,78860,173,9,10,5.725072942,24,12,1,0
sample_17246.pdf,5243,20,12836,126,7,9,5.541186569,18,9,1,1
sample_09557.pdf,0,0,14736,0,0,0,0.0,0,0,0,1
sample_07651.pdf,85970,477,321035,271,32,57,6.817221672,116,58,1,0
sample_07897.pdf,3482,240,99188,469,34,17,3.644669824,220,110,1,0
sample_01724.pdf,21709,158,39026,246,12,16,6.494040901,34,17,1,0
sample_02978.pdf,13213,308,300098,325,42,26,3.703865103,298,149,1,0
sample_15428.pdf,0,0,15317,0,0,0,0.0,0,0,0,1
sample_17242.pdf,5283,20,14951,126,7,8,5.370325941,18,9,1,1
sample_18635.pdf,0,0,12988,0,0,0,0.0,0,0,0,1
sample_11024.pdf,0,0,12143,0,0,0,0.0,0,0,0,1
sample_03474.pdf,1552,124,305248,429,21,29,5.951635125,66,33,1,0
sample_08697.pdf,48352,165,154134,245,21,30,6.653843625,62,31,1,0
sample_01112.pdf,10957,35,28082,237,28,6,6.256754577,14,7,1,0
sample_01471.pdf,6514,73,156420,287,69,37,6.083519503,76,38,1,0
sample_10489.pdf,0,0,15445,0,0,0,0.0,0,0,0,1
sample_09813.pdf,0,0,12079,0,0,0,0.0,0,0,0,1
sample_13146.pdf,0,0,16907,0,0,0,0.0,0,0,0,1
sample_15779.pdf,1,10,5934,156,37,2,5.471833068,6,3,1,1
sample_15477.pdf,0,0,8019,0,0,0,0.0,0,0,0,1
sample_14499.pdf,0,0,9480,0,0,0,0.0,0,0,0,1
sample_11625.pdf,0,0,26693,0,0,0,0.0,0,0,0,1
sample_07633.pdf,22364,1025,178049,216,12,20,6.811855373,42,21,1,0
sample_16959.pdf,0,0,12091,0,0,0,0.0,0,0,0,1
sample_01748.pdf,1485,197,96777,412,29,22,6.178676447,46,23,1,0
sample_03382.pdf,1360,12,31883,198,12,3,5.133524158,6,3,1,0
sample_16579.pdf,0,0,9525,0,0,0,0.0,0,0,0,1
sample_09176.pdf,3550,25,16175,311,56,5,6.039808676,12,6,1,0
sample_10201.pdf,0,0,9412,0,0,0,0.0,0,0,0,1
sample_16702.pdf,5283,20,15091,126,7,8,5.369679677,18,9,1,1
sample_08696.pdf,15380,44,36415,402,56,12,6.57708909,26,13,1,0
sample_06493.pdf,21753,737,94445,277,8,19,6.597668809,40,20,1,0
sample_03549.pdf,62770,152,160427,258,32,47,6.940293721,96,48,1,0
sample_12544.pdf,0,0,3498,0,0,0,0.0,0,0,0,1
sample_11593.pdf,0,0,12080,0,0,0,0.0,0,0,0,1
sample_18866.pdf,50891,23,13047,229,13,7,6.93993728,14,7,1,1
sample_04447.pdf,1412,49,120868,173,16,34,5.823315625,72,36,1,0
sample_08239.pdf,2419,29,46388,172,11,5,6.034433626,12,6,1,0
sample_03505.pdf,1310,29,79870,173,12,14,6.0772345,32,16,1,0
sample_00839.pdf,1533,21,85963,145,8,2,5.875979046,4,2,1,0
sample_13822.pdf,0,0,12343,0,0,0,0.0,0,0,0,1
sample_10321.pdf,0,0,8278,0,0,0,0.0,0,0,0,1
sample_13470.pdf,0,0,17037,0,0,0,0.0,0,0,0,1
sample_04598.pdf,18522,46,35166,237,28,11,6.532782298,24,12,1,0
sample_07916.pdf,9909,103,121027,306,37,19,6.617655067,40,20,1,0
sample_18333.pdf,1,9,95065,0,0,0,3.932690694,4,2,1,1
sample_12142.pdf,0,0,15508,0,0,0,0.0,0,0,0,1
sample_01333.pdf,1350,30,78930,173,14,15,5.584490857,34,17,1,0
sample_09411.pdf,0,0,3987,0,0,0,0.0,0,0,0,1
sample_04334.pdf,1475,21,85431,138,12,2,5.854695086,4,2,1,0
sample_02060.pdf,8714,86,17300,508,56,6,5.728217693,14,7,1,0
sample_04596.pdf,10635,36,17865,199,8,9,6.747257312,18,9,1,0
sample_09461.pdf,0,0,14732,0,0,0,0.0,0,0,0,1
sample_05023.pdf,11391,371,80111,401,30,48,5.297129936,126,63,1,0
sample_13852.pdf,0,0,12389,0,0,0,0.0,0,0,0,1
sample_00600.pdf,1316,12,33111,160,12,3,5.152247575,6,3,1,0
sample_16119.pdf,0,0,12187,0,0,0,0.0,0,0,0,1
sample_04695.pdf,1211,12,33755,198,12,3,5.343276111,6,3,1,0
sample_02688.pdf,8166,90,41334,314,17,26,6.410144497,54,27,1,0
sample_18253.pdf,0,0,74404,0,0,0,0.0,0,0,0,1
sample_06128.pdf,8376,36,26237,285,13,12,6.074127277,28,14,1,0
sample_10451.pdf,0,0,7959,0,0,0,0.0,0,0,0,1
sample_04773.pdf,1219,12,32395,160,12,3,5.2147756,6,3,1,0
sample_01345.pdf,12294,42,20573,196,6,9,6.756615118,20,10,1,0
sample_02961.pdf,21131,282,83246,292,13,52,6.121195345,110,55,1,0
sample_06827.pdf,18867,202,33707,254,8,13,6.349710369,28,14,1,0
sample_03415.pdf,19859,180,35586,246,11,17,6.508011092,36,18,1,0
sample_18721.pdf,0,0,15729,0,0,0,0.0,0,0,0,1
sample_05248.pdf,14675,45,27718,248,39,11,6.809806308,22,11,1,0
sample_01976.pdf,8163,800,96708,338,14,57,5.093646871,198,99,1,0
sample_09109.pdf,1436,31,87647,173,13,16,5.68741951,36,18,1,0
sample_02333.pdf,4890,32,11702,234,21,10,6.527537639,20,10,1,0
sample_15193.pdf,0,0,8079,0,0,0,0.0,0,0,0,1
sample_10335.pdf,0,0,15598,0,0,0,0.0,0,0,0,1
sample_07465.pdf,10510,51,90950,238,28,15,6.852189151,32,16,1,0
sample_00848.pdf,3051,66,50860,269,58,5,6.522979408,12,6,1,0
sample_03997.pdf,40559,103,79298,384,13,48,6.07111004,100,50,1,0
sample_05951.pdf,5848,2427,296048,388,33,63,3.693093905,668,334,1,0
sample_00834.pdf,5862,405,113058,290,18,48,5.630183241,114,57,1,0
sample_06875.pdf,1228,13,21163,188,12,3,5.347546808,8,4,1,0
sample_16382.pdf,0,0,2795,0,0,0,0.0,0,0,0,1
sample_02535.pdf,1359,21,79993,135,11,2,5.867368224,4,2,1,0
sample_18158.pdf,0,0,77824,0,0,0,0.0,0,0,0,1
sample_04111.pdf,1935,21,104938,135,12,2,5.908777504,4,2,1,0
sample_19162.pdf,0,0,15675,0,0,0,0.0,0,0,0,1
sample_01957.pdf,5889,32,23318,207,11,7,6.302539976,16,8,1,0
sample_14720.pdf,0,0,1923,0,0,0,0.0,0,0,0,1
sample_15449.pdf,5283,20,15023,126,7,8,5.370050941,18,9,1,1
sample_03188.pdf,116153,66,109337,269,8,25,6.971346216,50,25,1,0
sample_06920.pdf,503,38,40843,290,31,12,6.664007545,28,14,1,0
sample_12468.pdf,5283,20,15041,126,7,8,5.369731889,18,9,1,1
sample_14971.pdf,0,0,8173,0,0,0,0.0,0,0,0,1
sample_11597.pdf,0,0,15778,0,0,0,0.0,0,0,0,1
sample_09018.pdf,14586,56,59107,338,93,18,6.538329286,38,19,1,0
sample_14298.pdf,0,0,15977,0,0,0,0.0,0,0,0,1
sample_00143.pdf,15192,544,55319,584,87,18,6.497800235,38,19,1,0
sample_05350.pdf,76239,114,151592,241,29,40,6.865799064,82,41,1,0
sample_02251.pdf,103632,22,124073,263,8,5,7.173324334,10,5,1,0
sample_01791.pdf,663,7,1407,313,12,1,6.457120631,2,1,1,0
sample_04268.pdf,12000,2479,295089,315,26,113,5.302884844,446,223,1,0
sample_15077.pdf,0,0,8245,0,0,0,0.0,0,0,0,1
sample_01353.pdf,31010,78,40162,235,28,21,6.721267252,44,22,1,0
sample_02228.pdf,15405,946,111156,298,14,61,5.707057878,148,74,1,0
sample_09116.pdf,72212,1335,194934,344,51,43,6.860384539,88,44,1,0
sample_13932.pdf,5283,20,14965,126,7,8,5.370487067,18,9,1,1
sample_08905.pdf,9511,37,19803,238,29,9,6.36802858,20,10,1,0
sample_14767.pdf,0,0,9413,0,0,0,0.0,0,0,0,1
sample_05934.pdf,632,240,375401,280,42,67,5.789031513,166,83,1,0
sample_08182.pdf,11840,422,88764,461,29,51,5.600172358,126,63,1,0
sample_08823.pdf,3206,203,54802,252,1,24,6.490295479,50,25,1,0
sample_03970.pdf,7973,446,87535,288,16,40,5.354048287,114,57,1,0
sample_03985.pdf,10954,35,16553,235,28,8,6.290666414,18,9,1,0
sample_12593.pdf,0,0,8400,0,0,0,0.0,0,0,0,1
sample_10618.pdf,0,0,9652,0,0,0,0.0,0,0,0,1
sample_03185.pdf,1461,31,90367,173,16,16,5.821031555,36,18,1,0
sample_04576.pdf,1550,146,195138,452,20,30,5.874774645,62,31,1,0
sample_05130.pdf,27131,267,50303,418,45,15,6.073775116,34,17,1,0
sample_16886.pdf,0,0,9144,0,0,0,0.0,0,0,0,1
sample_11512.pdf,0,0,37863,0,0,0,0.0,0,0,0,1
sample_16461.pdf,23,10,17924,184,7,1,5.195485949,2,1,1,1
sample_11753.pdf,0,0,8326,0,0,0,0.0,0,0,0,1
sample_09723.pdf,0,0,8149,0,0,0,0.0,0,0,0,1
sample_11739.pdf,0,0,8300,0,0,0,0.0,0,0,0,1
sample_03133.pdf,69109,278,209820,266,21,39,6.71391264,80,40,1,0
sample_10520.pdf,1,16,15107,214,44,0,4.573392856,4,2,1,1
sample_14523.pdf,0,0,1910,0,0,0,0.0,0,0,0,1
sample_14083.pdf,0,0,9617,0,0,0,0.0,0,0,0,1
sample_16275.pdf,0,0,12647,0,0,0,0.0,0,0,0,1
sample_00726.pdf,21272,47,36249,238,29,12,6.557035668,26,13,1,0
sample_08135.pdf,8748,554,241735,311,30,41,6.316306149,88,44,1,0
sample_05212.pdf,22322,52,77300,239,29,15,6.914463748,32,16,1,0
sample_13725.pdf,0,0,8257,0,0,0,0.0,0,0,0,1
sample_01085.pdf,25095,3890,238636,413,15,164,4.718536171,718,359,1,0
sample_02619.pdf,1873,25,94154,173,7,10,5.746752477,24,12,1,0
sample_04406.pdf,46809,68,48308,237,28,17,6.759589834,36,18,1,0
sample_13937.pdf,0,0,9211,0,0,0,0.0,0,0,0,1
sample_09296.pdf,2621,42,42823,175,26,6,6.629871422,12,6,1,0
sample_10930.pdf,0,0,15854,0,0,0,0.0,0,0,0,1
sample_08516.pdf,961,8,1641,160,36,1,6.749745884,2,1,1,0
sample_17982.pdf,1,16,4149,205,44,1,4.954278253,4,2,1,1
sample_11082.pdf,0,0,9656,0,0,0,0.0,0,0,0,1
sample_04254.pdf,11599,509,211103,274,56,22,6.806626788,46,23,1,0
sample_16325.pdf,0,0,9540,0,0,0,0.0,0,0,0,1
sample_04100.pdf,1449,95,346438,269,57,75,6.775499754,152,76,1,0
sample_06518.pdf,6374,438,68004,341,18,49,6.028116845,98,49,1,0
sample_00453.pdf,9064,38,20701,235,28,8,6.347504916,18,9,1,0
sample_03470.pdf,10243,898,142025,306,17,48,5.332687572,132,66,1,0
sample_17910.pdf,5283,20,15093,126,7,8,5.369673728,18,9,1,1
sample_17980.pdf,0,0,76491,0,0,0,0.0,0,0,0,1
sample_02989.pdf,7872,71,57469,318,30,18,5.308527764,44,22,1,0
sample_02234.pdf,1351,24,77856,173,12,9,5.996286166,22,11,1,0
sample_09494.pdf,0,0,15378,0,0,0,0.0,0,0,0,1
sample_03278.pdf,13397,153,23729,338,56,9,6.168008721,20,10,1,0
sample_17455.pdf,0,0,76609,0,0,0,0.0,0,0,0,1
sample_02765.pdf,1377,21,80346,135,12,2,5.854647431,4,2,1,0
sample_06156.pdf,10946,748,147112,297,18,73,4.919756823,254,127,1,0
sample_07349.pdf,1107,12,28854,160,11,3,5.29945947,6,3,1,0
sample_11776.pdf,0,0,9428,0,0,0,0.0,0,0,0,1
sample_11161.pdf,0,0,9453,0,0,0,0.0,0,0,0,1
sample_11206.pdf,0,0,12249,0,0,0,0.0,0,0,0,1
sample_15751.pdf,1,79,6112,210,37,8,4.286667606,18,9,1,1
sample_09692.pdf,0,0,16275,0,0,0,0.0,0,0,0,1
sample_06046.pdf,1866,61,198006,161,22,13,6.344613831,32,16,1,0
sample_17892.pdf,0,0,14784,0,0,0,0.0,0,0,0,1
sample_02482.pdf,1766,21,91602,145,12,2,5.877031617,4,2,1,0
sample_17579.pdf,0,0,37942,0,0,0,0.0,0,0,0,1
sample_15666.pdf,0,0,1976,0,0,0,0.0,0,0,0,1
sample_01741.pdf,18084,631,89927,311,14,46,6.08148999,104,52,1,0
sample_14038.pdf,0,0,3099,0,0,0,0.0,0,0,0,1
sample_02553.pdf,1470,78,88701,436,34,18,6.107941711,38,19,1,0
sample_05974.pdf,3809,28,11227,238,29,5,5.971702411,12,6,1,0
sample_14556.pdf,0,0,16327,0,0,0,0.0,0,0,0,1
sample_04470.pdf,13991,173,69327,302,56,17,6.484114468,36,18,1,0
sample_11036.pdf,5283,20,15089,126,7,8,5.36963447,18,9,1,1
sample_05840.pdf,1614,130,200846,369,11,32,5.83053931,66,33,1,0
sample_00147.pdf,6263,34,15745,235,28,7,6.223024981,16,8,1,0
sample_07018.pdf,10912,1128,243277,388,24,39,4.963708313,160,80,1,0
sample_08529.pdf,1615,13,25923,188,9,3,5.259668987,8,4,1,0
sample_05875.pdf,13399,1074,359469,294,6,141,4.312754597,360,180,1,0
sample_18627.pdf,1,17,758050,210,2,6,4.99623809,16,8,1,1
sample_12886.pdf,0,0,2148,0,0,0,0.0,0,0,0,1
sample_08344.pdf,1284,21,78848,135,11,2,5.84826012,4,2,1,0
sample_04166.pdf,136858,341,302777,278,33,51,6.897196989,104,52,1,0
sample_06018.pdf,1381,22,68678,175,12,2,5.694191089,6,3,1,0
sample_18513.pdf,14,36,75789,214,44,18,6.618587864,36,18,1,1
sample_09490.pdf,0,0,2406,0,0,0,0.0,0,0,0,1
sample_14636.pdf,0,0,17405,0,0,0,0.0,0,0,0,1
sample_12899.pdf,0,0,37664,0,0,0,0.0,0,0,0,1
sample_07477.pdf,1297,12,27297,198,12,3,5.500491953,6,3,1,0
sample_08547.pdf,5807,18,11228,234,29,3,5.532938364,8,4,1,0
sample_10565.pdf,0,0,9525,0,0,0,0.0,0,0,0,1
sample_01057.pdf,1628,318,159245,354,9,29,5.991702819,60,30,1,0
sample_05240.pdf,492,37,32297,337,17,13,5.473817433,28,14,1,0
sample_04411.pdf,12545,27,17398,87,12,5,6.981770275,10,5,1,0
sample_18981.pdf,0,0,16716,0,0,0,0.0,0,0,0,1
sample_11463.pdf,0,0,17146,0,0,0,0.0,0,0,0,1
sample_18105.pdf,0,0,9461,0,0,0,0.0,0,0,0,1
sample_02651.pdf,14032,36,20442,237,28,9,6.383426549,20,10,1,0
sample_13110.pdf,371,10,9839,232,21,1,6.526840757,2,1,1,1
sample_09693.pdf,0,0,8024,0,0,0,0.0,0,0,0,1
sample_08544.pdf,86081,232,137571,124,12,18,6.412821827,36,18,1,0
sample_04040.pdf,3903,166,20169,309,6,9,6.02216733,20,10,1,0
sample_14779.pdf,0,0,16181,0,0,0,0.0,0,0,0,1
sample_02287.pdf,1365,33,101393,173,12,18,5.861308745,40,20,1,0
sample_04665.pdf,4427,29,14434,238,29,6,6.140229333,14,7,1,0
sample_17143.pdf,5283,20,15017,126,7,8,5.369944056,18,9,1,1
sample_13464.pdf,0,0,12381,0,0,0,0.0,0,0,0,1
sample_13579.pdf,0,0,9659,0,0,0,0.0,0,0,0,1
sample_09635.pdf,5283,20,14981,126,7,8,5.370461984,18,9,1,1
sample_17701.pdf,0,0,17099,0,0,0,0.0,0,0,0,1
sample_14907.pdf,0,0,9940,0,0,0,0.0,0,0,0,1
sample_02885.pdf,1415,34,118732,173,15,19,6.14209155,42,21,1,0
sample_02813.pdf,3506,135,190771,261,48,79,4.62063951,184,92,1,0
sample_00229.pdf,20020,60,32795,231,55,14,6.908716058,28,14,1,0
sample_16088.pdf,0,0,8236,0,0,0,0.0,0,0,0,1
sample_05830.pdf,61768,739,147990,445,82,44,6.322598122,96,48,1,0
sample_11242.pdf,0,0,15594,0,0,0,0.0,0,0,0,1
sample_00452.pdf,71828,130,128759,295,13,45,6.405475075,94,47,1,0
sample_10092.pdf,0,0,15838,0,0,0,0.0,0,0,0,1
sample_16435.pdf,0,0,9584,0,0,0,0.0,0,0,0,1
sample_18899.pdf,0,0,26723,0,0,0,0.0,0,0,0,1
sample_09498.pdf,1,10,6013,156,37,2,5.713992128,6,3,1,1
sample_08824.pdf,1176,21,73566,135,12,2,5.831741768,4,2,1,0
sample_15878.pdf,5283,20,15019,126,7,8,5.369799275,18,9,1,1
sample_00974.pdf,4860,2757,94323,423,14,59,5.648877719,156,78,1,0
sample_17748.pdf,5283,20,15021,126,7,8,5.369985638,18,9,1,1
sample_10734.pdf,0,0,8124,0,0,0,0.0,0,0,0,1
sample_17069.pdf,0,0,9567,0,0,0,0.0,0,0,0,1
sample_12734.pdf,0,0,9547,0,0,0,0.0,0,0,0,1
sample_11820.pdf,1,19,5983,214,44,3,6.223611317,6,3,1,1
sample_06256.pdf,23390,59,26113,87,10,16,6.774890364,32,16,1,0
sample_06474.pdf,1188,21,69856,135,12,2,5.812512648,4,2,1,0
sample_12024.pdf,0,0,15962,0,0,0,0.0,0,0,0,1
sample_01935.pdf,51806,324,202814,258,26,41,6.687448392,84,42,1,0
sample_18542.pdf,1,9,71436,0,0,0,4.084010019,4,2,1,1
sample_11972.pdf,0,0,2049,0,0,0,0.0,0,0,0,1
sample_17018.pdf,0,0,3497,0,0,0,0.0,0,0,0,1
sample_01157.pdf,26727,913,663774,157,36,135,5.258784494,272,136,1,0
sample_15616.pdf,0,0,76332,0,0,0,0.0,0,0,0,1
sample_11155.pdf,828,10,7618,137,8,1,6.791384588,2,1,1,1
sample_02139.pdf,575,84,42810,344,29,4,4.537110576,8,4,1,0
sample_17551.pdf,0,0,9879,0,0,0,0.0,0,0,0,1
sample_09615.pdf,0,0,8375,0,0,0,0.0,0,0,0,1
sample_08036.pdf,9331,1133,198833,258,27,12,6.857426306,26,13,1,0
sample_06736.pdf,57881,850,349851,290,101,38,6.930247302,78,39,1,0
sample_19251.pdf,0,0,77930,0,0,0,0.0,0,0,0,1
sample_12638.pdf,1,996,6731,211,39,8,4.596628821,18,9,1,1
sample_00426.pdf,1426,21,73998,135,12,2,5.864140857,4,2,1,0
sample_15721.pdf,0,0,8135,0,0,0,0.0,0,0,0,1
sample_16034.pdf,1,16,4584,146,44,3,5.035467712,6,3,1,1
sample_03323.pdf,988,13,16869,188,12,3,5.206547052,8,4,1,0
sample_00255.pdf,1251,21,74536,135,11,2,5.844242844,4,2,1,0
sample_16264.pdf,0,0,37865,0,0,0,0.0,0,0,0,1
sample_06858.pdf,60877,241,142437,259,37,81,6.849325575,164,82,1,0
sample_18415.pdf,0,0,17451,0,0,0,0.0,0,0,0,1
sample_13304.pdf,0,0,9467,0,0,0,0.0,0,0,0,1
sample_12606.pdf,0,0,9201,0,0,0,0.0,0,0,0,1
sample_06393.pdf,592,16,43118,189,9,4,7.069295837,8,4,1,0
sample_01703.pdf,4828,638,112414,308,30,50,4.88488406,188,94,1,0
sample_02900.pdf,3603,14,11577,126,28,1,7.110312473,2,1,1,0
sample_16481.pdf,0,0,9569,0,0,0,0.0,0,0,0,1
sample_17605.pdf,571,10,10878,164,44,1,6.679855576,2,1,1,1
sample_11970.pdf,0,0,8217,0,0,0,0.0,0,0,0,1
sample_15318.pdf,0,0,5586,0,0,0,0.0,0,0,0,1
sample_14204.pdf,0,0,9295,0,0,0,0.0,0,0,0,1
sample_06706.pdf,25592,247,42830,254,8,20,6.563330528,42,21,1,0
sample_15909.pdf,5283,20,15023,126,7,8,5.369982081,18,9,1,1
sample_14520.pdf,0,0,13413,0,0,0,0.0,0,0,0,1
sample_02252.pdf,5655,267,26255,393,19,6,6.145574728,14,7,1,0
sample_18386.pdf,0,0,8133,0,0,0,0.0,0,0,0,1
sample_05800.pdf,1433,21,86320,145,12,2,5.866866333,4,2,1,0
sample_11752.pdf,1,10,6052,156,37,2,5.65861753,6,3,1,1
sample_09689.pdf,0,0,17819,0,0,0,0.0,0,0,0,1
sample_14988.pdf,0,0,15430,0,0,0,0.0,0,0,0,1
sample_02861.pdf,2541,156,90062,332,16,26,6.099435642,56,28,1,0
sample_14716.pdf,1,10,26456,182,7,1,0.0,2,1,1,1
sample_09487.pdf,0,0,9239,0,0,0,0.0,0,0,0,1
sample_18368.pdf,828,10,7630,137,8,1,6.791384588,2,1,1,1
sample_11278.pdf,0,0,17249,0,0,0,0.0,0,0,0,1
sample_13620.pdf,0,0,15844,0,0,0,0.0,0,0,0,1
sample_13962.pdf,0,0,15792,0,0,0,0.0,0,0,0,1
sample_07239.pdf,4089,26,43530,169,11,6,6.168410091,18,9,1,0
sample_16983.pdf,0,0,17122,0,0,0,0.0,0,0,0,1
sample_18245.pdf,0,0,12979,0,0,0,0.0,0,0,0,1
sample_10307.pdf,0,0,9562,0,0,0,0.0,0,0,0,1
sample_19257.pdf,7741,22,8845,158,15,10,5.656217639,20,10,1,1
sample_10430.pdf,0,0,9556,0,0,0,0.0,0,0,0,1
sample_04813.pdf,67173,229,193326,246,21,38,6.676980977,78,39,1,0
sample_13527.pdf,5283,20,14981,126,7,8,5.370410455,18,9,1,1
sample_07540.pdf,10608,68,30788,293,27,21,6.532097755,44,22,1,0
sample_05246.pdf,6493,464,274295,312,30,14,6.449233321,36,18,1,0
sample_11103.pdf,5283,20,15017,126,7,8,5.369845996,18,9,1,1
sample_10189.pdf,0,0,9067,0,0,0,0.0,0,0,0,1
sample_05174.pdf,6213,747,87486,489,31,52,5.425254713,142,71,1,0
sample_00665.pdf,3805,551,65939,294,6,47,4.934382405,108,54,1,0
sample_04028.pdf,99488,40,126865,270,8,13,6.794115779,26,13,1,0
sample_17946.pdf,0,0,9578,0,0,0,0.0,0,0,0,1
sample_15731.pdf,0,0,17595,0,0,0,0.0,0,0,0,1
sample_10937.pdf,0,0,16142,0,0,0,0.0,0,0,0,1
sample_05738.pdf,1281,12,29015,198,12,3,5.340885637,6,3,1,0
sample_18500.pdf,5283,20,15019,126,7,8,5.370018038,18,9,1,1
sample_14911.pdf,0,0,9374,0,0,0,0.0,0,0,0,1
sample_13037.pdf,0,0,9471,0,0,0,0.0,0,0,0,1
sample_03837.pdf,33948,76,38067,233,28,21,6.711330741,44,22,1,0
sample_02023.pdf,1315,21,76814,135,12,2,5.853339646,4,2,1,0
sample_04660.pdf,11870,7685,353696,336,14,135,4.811294499,540,270,1,0
sample_18028.pdf,0,0,17610,0,0,0,0.0,0,0,0,1
sample_03911.pdf,1366,48,99450,173,17,33,5.97486268,70,35,1,0
sample_10322.pdf,5283,20,15093,126,7,8,5.369554625,18,9,1,1
sample_08073.pdf,7665,126,80959,223,8,10,6.790017561,22,11,1,0
sample_16134.pdf,0,0,9869,0,0,0,0.0,0,0,0,1
sample_02795.pdf,12499,40,23479,209,39,6,7.097867075,12,6,1,0
sample_15869.pdf,0,0,8306,0,0,0,0.0,0,0,0,1
sample_16824.pdf,0,0,9509,0,0,0,0.0,0,0,0,1
sample_14175.pdf,5283,20,14953,126,7,8,5.370486267,18,9,1,1
sample_14193.pdf,0,0,1998,0,0,0,0.0,0,0,0,1
sample_19009.pdf,0,0,8004,0,0,0,0.0,0,0,0,1
sample_17856.pdf,0,0,15325,0,0,0,0.0,0,0,0,1
sample_01941.pdf,1604,141,195836,385,9,29,5.863085045,60,30,1,0
sample_08802.pdf,4491,68,15012,338,56,7,5.832833272,16,8,1,0
sample_08108.pdf,8820,1908,131855,368,17,69,6.249078798,146,73,1,0
sample_04772.pdf,4110,589,88950,361,29,65,4.884485237,212,106,1,0
sample_11646.pdf,0,0,2005,0,0,0,0.0,0,0,0,1
sample_09365.pdf,0,0,9568,0,0,0,0.0,0,0,0,1
sample_16766.pdf,0,0,7638,0,0,0,0.0,0,0,0,1
sample_03015.pdf,10350,91,24305,505,55,11,6.262651098,24,12,1,0
sample_10921.pdf,0,0,77897,0,0,0,0.0,0,0,0,1
sample_12491.pdf,5283,20,15089,126,7,8,5.369607971,18,9,1,1
sample_09764.pdf,0,0,15971,0,0,0,0.0,0,0,0,1
sample_18465.pdf,0,0,16718,0,0,0,0.0,0,0,0,1
sample_09304.pdf,3036,62,27691,137,44,23,5.275007745,54,27,1,1
sample_04508.pdf,12472,40,18560,238,29,9,6.409271693,20,10,1,0
sample_16531.pdf,0,0,1895,0,0,0,0.0,0,0,0,1
sample_18439.pdf,1,62,418750,137,44,45,5.216949062,107,53,1,1
sample_12510.pdf,5283,20,14959,126,7,8,5.370354016,18,9,1,1
sample_10909.pdf,0,0,12167,0,0,0,0.0,0,0,0,1
sample_11079.pdf,1,996,7481,211,39,10,4.612192747,22,11,1,1
sample_00621.pdf,13923,505,83698,513,30,48,5.904758796,102,51,1,0
sample_03246.pdf,3855,26,10864,234,29,5,5.953558251,12,6,1,0
sample_01374.pdf,1553,108,203345,368,9,29,5.8665013,60,30,1,0
sample_04583.pdf,3746,24,11233,237,28,3,5.467449831,8,4,1,0
sample_03398.pdf,9371,832,359972,472,24,67,4.734346917,270,135,1,0
sample_12789.pdf,0,0,7898,0,0,0,0.0,0,0,0,1
sample_04892.pdf,1515,1751,237030,391,10,46,6.254453129,94,47,1,0
sample_17470.pdf,0,0,8350,0,0,0,0.0,0,0,0,1
sample_15496.pdf,0,0,8273,0,0,0,0.0,0,0,0,1
sample_11552.pdf,0,0,17574,0,0,0,0.0,0,0,0,1
sample_11354.pdf,0,0,8202,0,0,0,0.0,0,0,0,1
sample_10490.pdf,5283,20,15095,126,7,8,5.369661344,18,9,1,1
sample_18308.pdf,0,0,9579,0,0,0,0.0,0,0,0,1
sample_03324.pdf,33819,84,107885,239,29,25,6.941596377,52,26,1,0
sample_01521.pdf,4947,451,67872,304,14,46,6.176030166,90,45,1,0
sample_08586.pdf,4768,26,11099,238,29,5,5.906884187,12,6,1,0
sample_08118.pdf,6505,30,16805,237,28,6,6.173703795,14,7,1,0
sample_14604.pdf,5283,20,14959,126,7,8,5.370376953,18,9,1,1
sample_03308.pdf,1302,35,83283,173,14,20,5.346523664,44,22,1,0
sample_05683.pdf,24370,57,27419,204,12,14,6.415126007,30,15,1,0
sample_03495.pdf,1772,133,175154,404,10,20,5.943947199,42,21,1,0
sample_14953.pdf,1,16,6567,214,44,2,7.054128884,4,2,1,1
sample_18950.pdf,0,0,15642,0,0,0,0.0,0,0,0,1
sample_17091.pdf,828,10,7606,137,8,1,6.791384588,2,1,1,1
sample_06499.pdf,74421,258,200942,294,34,32,6.828796792,66,33,1,0
sample_04242.pdf,56489,983,139215,529,22,35,6.844086191,72,36,1,0
sample_02147.pdf,1527,13,26794,188,12,3,5.243467229,8,4,1,0
sample_05885.pdf,17328,59,147476,119,17,25,6.825458137,62,31,1,0
sample_00096.pdf,1582,119,210560,385,7,22,5.844841998,46,23,1,0
sample_10062.pdf,1,9,306137,0,0,0,3.97753414,4,2,1,1
sample_03077.pdf,8218,189,36286,198,12,7,6.557434437,16,8,1,0
sample_15451.pdf,1,18,5097,100,44,3,6.833456286,6,3,1,1
sample_18851.pdf,0,0,8057,0,0,0,0.0,0,0,0,1
sample_08447.pdf,13681,594,49260,549,88,25,6.48151044,52,26,1,0
sample_04428.pdf,15597,53,24700,237,28,12,6.536700491,26,13,1,0
sample_16677.pdf,0,0,9224,0,0,0,0.0,0,0,0,1
sample_16268.pdf,0,0,12366,0,0,0,0.0,0,0,0,1
sample_13624.pdf,0,0,15613,0,0,0,0.0,0,0,0,1
sample_12889.pdf,1,15,3349,208,44,1,5.252317239,4,2,1,1
sample_05035.pdf,7260,84,19033,253,7,8,5.972747143,18,9,1,0
sample_16115.pdf,0,0,9843,0,0,0,0.0,0,0,0,1
sample_16725.pdf,0,0,15468,0,0,0,0.0,0,0,0,1
sample_12723.pdf,0,0,8168,0,0,0,0.0,0,0,0,1
sample_17456.pdf,0,0,12474,0,0,0,0.0,0,0,0,1
sample_06983.pdf,1344,30,98225,173,14,15,5.811997389,34,17,1,0
sample_16573.pdf,0,0,9667,0,0,0,0.0,0,0,0,1
sample_08066.pdf,8434,28,46683,238,28,7,6.549386262,16,8,1,0
sample_13799.pdf,5283,20,14983,126,7,8,5.370429747,18,9,1,1
sample_14095.pdf,0,0,1428,0,0,0,0.0,0,0,0,1
sample_10064.pdf,0,0,17184,0,0,0,0.0,0,0,0,1
sample_16632.pdf,0,0,17570,0,0,0,0.0,0,0,0,1
sample_11637.pdf,0,0,5339,0,0,0,0.0,0,0,0,1
sample_15763.pdf,0,0,9528,0,0,0,0.0,0,0,0,1
sample_03221.pdf,1174,48,98666,173,12,33,6.160772226,70,35,1,0
sample_08662.pdf,4274,28,57380,238,28,7,6.664421976,16,8,1,0
sample_06188.pdf,1371,41,94937,173,11,26,5.698363183,56,28,1,0
sample_12897.pdf,0,0,12261,0,0,0,0.0,0,0,0,1
sample_10829.pdf,0,0,8164,0,0,0,0.0,0,0,0,1
sample_03405.pdf,6078,27,11248,264,56,5,6.68509971,10,5,1,0
sample_16679.pdf,1,70,9464,0,0,1,7.109753464,2,1,1,1
sample_15090.pdf,0,0,8117,0,0,0,0.0,0,0,0,1
sample_04393.pdf,32141,77,71162,333,30,23,6.517538238,52,26,1,0
sample_03734.pdf,11163,319,291639,403,29,53,3.860715377,336,168,1,0
sample_00590.pdf,16613,49,29034,237,28,13,6.53846253,28,14,1,0
sample_03177.pdf,46910,55,79414,308,63,19,6.564481384,42,21,1,0
sample_14769.pdf,1,16,6570,214,44,2,7.052508902,4,2,1,1
sample_18487.pdf,0,0,13887,0,0,0,0.0,0,0,0,1
sample_02093.pdf,6379,256,399520,359,25,63,6.399482304,144,72,1,0
sample_17241.pdf,0,0,9740,0,0,0,0.0,0,0,0,1
sample_10774.pdf,1,16,15037,214,44,0,4.643991191,4,2,1,1
sample_16521.pdf,0,0,12452,0,0,0,0.0,0,0,0,1
sample_04326.pdf,10995,608,302795,345,30,91,4.595348676,348,174,1,0
sample_18299.pdf,0,0,17668,0,0,0,0.0,0,0,0,1
sample_08022.pdf,30613,285,56213,565,56,18,6.642854951,38,19,1,0
sample_04140.pdf,9953,28,40891,238,28,7,6.568335149,16,8,1,0
sample_04464.pdf,26845,639,105848,327,17,42,5.848986264,90,45,1,0
sample_07906.pdf,1821,168,148793,291,1,19,6.378338812,40,20,1,0
sample_03890.pdf,9852,31,44310,239,29,8,6.647874432,18,9,1,0
sample_04418.pdf,1307,21,79926,135,12,2,5.846112582,4,2,1,0
sample_14034.pdf,0,0,15832,0,0,0,0.0,0,0,0,1
sample_13334.pdf,0,0,8267,0,0,0,0.0,0,0,0,1
sample_06031.pdf,1367,24,81127,173,12,9,5.882851109,22,11,1,0
sample_02896.pdf,51286,271,64752,254,8,35,6.740659513,72,36,1,0
sample_01973.pdf,17527,716,126035,320,29,33,6.062877192,68,34,1,0
sample_11735.pdf,0,0,8115,0,0,0,0.0,0,0,0,1
sample_17434.pdf,0,0,8080,0,0,0,0.0,0,0,0,1
sample_12956.pdf,0,0,9325,0,0,0,0.0,0,0,0,1
sample_16690.pdf,0,0,9373,0,0,0,0.0,0,0,0,1
sample_12080.pdf,0,0,4147,0,0,0,0.0,0,0,0,1
sample_07231.pdf,2853,118,110523,337,30,19,6.213548823,48,24,1,0
sample_04479.pdf,28128,64,54058,126,11,19,6.776350564,38,19,1,0
sample_01923.pdf,1157,46,104248,173,11,26,5.834147455,60,30,1,0
sample_03858.pdf,32435,55,65175,270,8,13,6.917103665,26,13,1,0
sample_13730.pdf,1,10,5802,156,37,2,5.457696248,6,3,1,1
sample_11834.pdf,0,0,9156,0,0,0,0.0,0,0,0,1
sample_01883.pdf,5709,95,288792,299,30,39,6.195051031,90,45,1,0
sample_07926.pdf,63267,206,177412,281,36,36,6.847646574,74,37,1,0
sample_15344.pdf,0,0,15565,0,0,0,0.0,0,0,0,1
sample_07296.pdf,20094,2199,117180,254,8,49,6.765711733,100,50,1,0
sample_17463.pdf,0,0,16849,0,0,0,0.0,0,0,0,1
sample_09588.pdf,0,0,8166,0,0,0,0.0,0,0,0,1
sample_14480.pdf,3036,62,27691,137,68,23,5.275007745,54,27,1,1
sample_05172.pdf,12320,23,20675,0,0,4,5.801056369,8,4,1,0
sample_13085.pdf,0,0,9730,0,0,0,0.0,0,0,0,1
sample_05297.pdf,2411,56,25297,83,17,26,4.680046908,58,29,1,0
sample_14422.pdf,5283,20,15093,126,7,8,5.369650623,18,9,1,1
sample_05624.pdf,14781,138,29839,305,55,12,6.197133321,26,13,1,0
sample_05961.pdf,13130,28,51798,270,8,7,7.144382084,14,7,1,0
sample_04984.pdf,24948,58,30628,237,28,15,6.630677246,32,16,1,0
sample_12296.pdf,0,0,9802,0,0,0,0.0,0,0,0,1
sample_00042.pdf,1580,295,167572,356,7,31,5.950171763,64,32,1,0
sample_06665.pdf,4317,58,13830,424,56,6,5.693025939,14,7,1,0
sample_10394.pdf,0,0,7886,0,0,0,0.0,0,0,0,1
sample_09612.pdf,5283,20,15021,126,7,8,5.3699588,18,9,1,1
sample_12787.pdf,1,12,4518,135,44,1,4.673520069,4,2,1,1
sample_13318.pdf,0,0,9639,0,0,0,0.0,0,0,0,1
sample_07082.pdf,17919,863,162280,460,32,57,5.516630444,162,81,1,0
sample_17334.pdf,0,0,8190,0,0,0,0.0,0,0,0,1
sample_09021.pdf,1321,12,30726,160,8,3,5.174669762,6,3,1,0
sample_06876.pdf,183005,375,397993,280,35,57,6.928222677,116,58,1,0
sample_15856.pdf,1,16,21784,214,44,0,3.333861454,4,2,1,1
sample_05261.pdf,43207,83,147306,272,65,25,6.95086726,52,26,1,0
sample_02672.pdf,27037,3894,282632,340,34,158,4.781325104,594,297,1,0
sample_09480.pdf,1,16,5145,201,44,2,5.317916022,4,2,1,1
sample_08175.pdf,1158,21,84716,138,10,2,5.863155035,4,2,1,0
sample_14873.pdf,5283,20,15093,126,7,8,5.369664924,18,9,1,1
sample_05138.pdf,1592,24,149448,138,12,4,5.802726471,8,4,1,0
sample_14623.pdf,5283,20,15123,126,7,8,5.369571664,18,9,1,1
sample_16616.pdf,0,0,78069,0,0,0,0.0,0,0,0,1
sample_14851.pdf,0,0,8024,0,0,0,0.0,0,0,0,1
sample_07171.pdf,7058,102,17962,302,56,8,5.929195095,18,9,1,0
sample_18053.pdf,0,0,8330,0,0,0,0.0,0,0,0,1
sample_12776.pdf,0,0,232166,0,0,0,0.0,0,0,0,1
sample_07111.pdf,6313,283,60375,83,18,33,6.156206391,68,34,1,0
sample_12177.pdf,0,0,16139,0,0,0,0.0,0,0,0,1
sample_18213.pdf,5283,20,14979,126,7,8,5.370430388,18,9,1,1
sample_14053.pdf,5283,20,14955,126,7,8,5.370413628,18,9,1,1
sample_08521.pdf,23349,60,30626,126,12,17,6.834512893,34,17,1,0
sample_12089.pdf,1,15,3597,214,44,0,4.616362016,4,2,1,1
sample_10354.pdf,0,0,9502,0,0,0,0.0,0,0,0,1
sample_11599.pdf,0,0,3058,0,0,0,0.0,0,0,0,1
sample_13509.pdf,2273,10,15011,223,17,1,6.816216287,2,1,1,1
sample_09419.pdf,0,0,8039,0,0,0,0.0,0,0,0,1
sample_01650.pdf,1358,55,127339,173,14,40,5.857927682,84,42,1,0
sample_09761.pdf,0,0,9818,0,0,0,0.0,0,0,0,1
sample_09576.pdf,14,36,75797,214,44,18,6.59816546,36,18,1,1
sample_08181.pdf,3725,68,14269,246,12,6,5.612882821,14,7,1,0
sample_13343.pdf,5283,20,15091,126,7,8,5.369693302,18,9,1,1
sample_03169.pdf,18837,53,40972,399,62,13,6.462482384,28,14,1,0
sample_13010.pdf,0,0,1906,0,0,0,0.0,0,0,0,1
sample_02969.pdf,1396,33,77739,173,14,18,5.309582373,40,20,1,0
sample_08326.pdf,9012,370,255772,276,11,74,6.472355649,150,75,1,0
sample_06492.pdf,14745,539,371344,341,28,34,6.597234072,72,36,1,0
sample_13763.pdf,0,0,9540,0,0,0,0.0,0,0,0,1
sample_06563.pdf,104263,131,147311,238,28,40,6.965632153,82,41,1,0
sample_08380.pdf,1558,21,85970,135,13,2,5.870332307,4,2,1,0
sample_07746.pdf,306,31,11659,231,86,2,5.287353173,8,4,1,0
sample_13697.pdf,1,9,21874,0,0,0,3.949721605,4,2,1,1
sample_16844.pdf,0,0,9440,0,0,0,0.0,0,0,0,1
sample_00484.pdf,8731,800,96565,432,30,52,5.679489992,126,63,1,0
sample_19143.pdf,0,0,9396,0,0,0,0.0,0,0,0,1
sample_02901.pdf,1276,21,71906,135,13,2,5.850204251,4,2,1,0
sample_05616.pdf,1856,1487,108775,305,19,33,5.416818355,90,45,1,0
sample_11765.pdf,0,0,7968,0,0,0,0.0,0,0,0,1
sample_04962.pdf,13344,2626,166966,312,14,74,6.116836605,166,83,1,0
sample_17342.pdf,0,0,15239,0,0,0,0.0,0,0,0,1
sample_15567.pdf,5283,20,15021,126,7,8,5.369985638,18,9,1,1
sample_02037.pdf,17568,40,60605,238,28,11,6.753093891,24,12,1,0
sample_16068.pdf,0,0,15812,0,0,0,0.0,0,0,0,1
sample_11862.pdf,5283,20,14981,126,7,8,5.37032701,18,9,1,1
sample_06533.pdf,10029,36,41640,207,11,8,6.550268234,18,9,1,0
sample_07310.pdf,5395,576,72778,83,17,51,5.242603968,112,56,1,0
sample_15926.pdf,0,0,9476,0,0,0,0.0,0,0,0,1
sample_04533.pdf,7252,256,30097,513,63,12,6.164384623,26,13,1,0
sample_01569.pdf,22459,109,129387,319,37,18,6.74423698,38,19,1,0
sample_14135.pdf,0,0,9422,0,0,0,0.0,0,0,0,1
sample_07761.pdf,78471,129,123760,215,8,36,7.067721397,72,36,1,0
sample_11992.pdf,0,0,9449,0,0,0,0.0,0,0,0,1
sample_17171.pdf,15,10,17810,182,8,1,5.208410187,2,1,1,1
sample_02488.pdf,5744,350,203713,343,47,18,6.304052837,38,19,1,0
sample_01397.pdf,21021,1640,176027,357,16,103,5.156350168,294,147,1,0
sample_02168.pdf,1542,28,17972,204,11,11,5.508817885,24,12,1,0
sample_13062.pdf,1,18,6215,100,44,3,6.801179755,6,3,1,1
sample_10365.pdf,0,0,14836,0,0,0,0.0,0,0,0,1
sample_02182.pdf,1237,21,77504,135,12,2,5.83414618,4,2,1,0
sample_03154.pdf,26670,76,44160,237,28,20,6.705641987,42,21,1,0
sample_12203.pdf,0,0,17549,0,0,0,0.0,0,0,0,1
sample_04983.pdf,16046,3859,378942,356,27,126,3.991571373,938,469,1,0
sample_14105.pdf,0,0,7973,0,0,0,0.0,0,0,0,1
sample_05462.pdf,3021,397,95918,294,6,48,5.080630862,106,53,1,0
sample_10866.pdf,0,0,9609,0,0,0,0.0,0,0,0,1
sample_01868.pdf,5348,546,243613,248,19,63,4.558775622,222,111,1,0
sample_04330.pdf,10266,1244,163917,343,27,54,4.959549406,184,92,1,0
sample_17116.pdf,0,0,15968,0,0,0,0.0,0,0,0,1
sample_11312.pdf,0,0,9286,0,0,0,0.0,0,0,0,1
sample_03917.pdf,8203,32,15655,237,28,7,6.200773934,16,8,1,0
sample_17278.pdf,0,0,9731,0,0,0,0.0,0,0,0,1
sample_00494.pdf,8356,1206,110728,415,32,67,5.970186827,142,71,1,0
sample_07195.pdf,83078,893,3148720,299,40,143,6.189785198,364,182,1,0
sample_17620.pdf,0,0,17428,0,0,0,0.0,0,0,0,1
sample_15250.pdf,0,0,9352,0,0,0,0.0,0,0,0,1
sample_13832.pdf,1,34,172369,233,27,5,4.498555559,15,8,1,1
sample_04641.pdf,67508,636,97084,254,8,35,6.788835052,72,36,1,0
sample_17713.pdf,0,0,9411,0,0,0,0.0,0,0,0,1
sample_11332.pdf,5283,20,15019,126,7,8,5.370073868,18,9,1,1
sample_17781.pdf,0,0,17077,0,0,0,0.0,0,0,0,1
sample_08778.pdf,8960,794,106857,347,16,63,5.549283327,160,80,1,0
sample_10431.pdf,0,0,8224,0,0,0,0.0,0,0,0,1
sample_14568.pdf,13289,17,7743,218,80,4,6.948758067,8,4,1,1
sample_07468.pdf,49662,158,181849,315,34,25,6.822052997,52,26,1,0
sample_12549.pdf,0,0,16940,0,0,0,0.0,0,0,0,1
sample_08745.pdf,1146,12,24065,198,12,3,5.373083186,6,3,1,0
sample_09040.pdf,1231,10,19563,173,12,2,5.522955399,8,4,1,0
sample_18325.pdf,23,10,17640,191,5,1,5.323859469,2,1,1,1
sample_00289.pdf,44776,273,204695,278,21,45,6.714274064,92,46,1,0
sample_09177.pdf,144596,348,259941,290,23,44,6.801131361,90,45,1,0
sample_03241.pdf,9220,44,28566,308,13,17,5.483557884,38,19,1,0
sample_05770.pdf,33096,71,44375,238,29,19,6.59764901,40,20,1,0
sample_05459.pdf,15651,125,188367,276,10,54,6.403119945,112,56,1,0
sample_06519.pdf,3266,71,61524,298,15,24,6.005796908,50,25,1,0
sample_09603.pdf,1,31,9918,163,44,3,5.23949006,6,3,1,1
sample_15167.pdf,29,10,17911,188,11,1,5.179087541,2,1,1,1
sample_11112.pdf,0,0,9644,0,0,0,0.0,0,0,0,1
sample_04060.pdf,1198,21,76500,135,12,2,5.845637875,4,2,1,0
sample_13355.pdf,0,0,9257,0,0,0,0.0,0,0,0,1
sample_04424.pdf,5018,262,48416,414,33,32,5.902176487,72,36,1,0
sample_04846.pdf,12956,481,77024,311,29,45,5.785757157,104,52,1,0
sample_05461.pdf,1630,21,79171,135,12,2,5.871656546,4,2,1,0
sample_18928.pdf,0,0,9292,0,0,0,0.0,0,0,0,1
sample_12980.pdf,0,0,16645,0,0,0,0.0,0,0,0,1
sample_02685.pdf,4651,57,38397,262,48,13,6.357274466,28,14,1,0
sample_02955.pdf,1631,130,198417,350,8,30,5.885955343,62,31,1,0
sample_06081.pdf,1341,12,29186,160,11,3,5.250133873,6,3,1,0
sample_05794.pdf,1218,12,23675,198,10,3,5.190243958,6,3,1,0
sample_06889.pdf,9087,45,18419,231,40,12,6.676283698,24,12,1,0
sample_11288.pdf,0,0,9322,0,0,0,0.0,0,0,0,1
sample_04862.pdf,6670,97,56855,271,33,14,6.616986489,30,15,1,0
sample_10534.pdf,0,0,17318,0,0,0,0.0,0,0,0,1
sample_18806.pdf,0,0,12126,0,0,0,0.0,0,0,0,1
sample_12126.pdf,0,0,15065,0,0,0,0.0,0,0,0,1
sample_08289.pdf,1374,21,77640,145,12,2,5.857142951,4,2,1,0
sample_17124.pdf,0,0,9928,0,0,0,0.0,0,0,0,1
sample_11289.pdf,0,0,17457,0,0,0,0.0,0,0,0,1
sample_16433.pdf,0,0,15472,0,0,0,0.0,0,0,0,1
sample_01043.pdf,3921,34,24716,341,11,14,5.396811699,32,16,1,0
sample_03928.pdf,5959,59,15206,300,56,7,5.77707055,16,8,1,0
sample_07597.pdf,5227,102,16190,333,40,6,5.604261983,14,7,1,0
sample_06087.pdf,13466,369,49906,561,80,15,6.453749595,32,16,1,0
sample_08057.pdf,1756,296,252466,353,10,26,5.819970657,54,27,1,0
sample_18535.pdf,0,0,2462,0,0,0,0.0,0,0,0,1
sample_16665.pdf,0,0,9600,0,0,0,0.0,0,0,0,1
sample_04880.pdf,4991,202,84106,422,31,35,5.764490774,78,39,1,0
sample_13101.pdf,0,0,94486,0,0,0,0.0,0,0,0,1
sample_03650.pdf,12782,25,39124,218,8,5,7.1480684,10,5,1,0
sample_17683.pdf,0,0,41476,0,0,0,0.0,0,0,0,1
sample_19085.pdf,0,0,9793,0,0,0,0.0,0,0,0,1
sample_03321.pdf,15569,1383,154605,373,37,73,5.53881816,202,101,1,0
sample_18544.pdf,0,0,232179,0,0,0,0.0,0,0,0,1
sample_07865.pdf,5785,68,58332,220,7,7,6.702679146,16,8,1,0
sample_00491.pdf,1177,12,28952,198,12,3,5.440372837,6,3,1,0
sample_16430.pdf,0,0,8033,0,0,0,0.0,0,0,0,1
sample_07166.pdf,11263,101,25331,528,22,11,6.231307949,24,12,1,0
sample_02423.pdf,3114,194,50490,83,16,31,6.026686182,64,32,1,0
sample_14068.pdf,0,0,1998,0,0,0,0.0,0,0,0,1
sample_18454.pdf,94,31,12068,163,44,4,5.428137816,8,4,1,1
sample_05380.pdf,22855,658,229916,304,23,47,6.567312808,116,58,1,0
sample_19217.pdf,0,0,9750,0,0,0,0.0,0,0,0,1
sample_17442.pdf,13289,17,7745,220,82,4,6.948758067,8,4,1,1
sample_14675.pdf,0,0,9549,0,0,0,0.0,0,0,0,1
sample_16179.pdf,0,0,76102,0,0,0,0.0,0,0,0,1
sample_13454.pdf,0,0,9381,0,0,0,0.0,0,0,0,1
sample_17471.pdf,0,0,9395,0,0,0,0.0,0,0,0,1
sample_03009.pdf,1324,13,24141,188,11,3,5.267434381,8,4,1,0
sample_02616.pdf,3471,232,60482,83,16,35,6.085481415,72,36,1,0
sample_00320.pdf,7904,409,71040,309,16,49,6.164611185,98,49,1,0
sample_14041.pdf,0,0,8109,0,0,0,0.0,0,0,0,1
sample_18001.pdf,0,0,15121,0,0,0,0.0,0,0,0,1
sample_01874.pdf,1735,28,97770,173,13,13,5.969482345,30,15,1,0
sample_14031.pdf,0,0,8053,0,0,0,0.0,0,0,0,1
sample_04808.pdf,1342,40,87353,173,10,25,5.790649147,54,27,1,0
sample_04236.pdf,1242,21,86458,135,10,2,5.861210363,4,2,1,0
sample_16189.pdf,1,10,27240,182,7,1,0.0,2,1,1,1
sample_14978.pdf,0,0,9649,0,0,0,0.0,0,0,0,1
sample_09496.pdf,1,10,5939,156,37,2,5.683738624,6,3,1,1
sample_14514.pdf,0,0,8047,0,0,0,0.0,0,0,0,1
sample_13224.pdf,5283,20,15091,126,7,8,5.369550874,18,9,1,1
sample_18923.pdf,0,0,11717,0,0,0,0.0,0,0,0,1
sample_10441.pdf,0,0,17607,0,0,0,0.0,0,0,0,1
sample_06561.pdf,1272,21,80490,138,12,2,5.839022859,4,2,1,0
sample_10283.pdf,5111,20,13062,126,7,9,5.527492085,18,9,1,1
sample_00971.pdf,33969,274,210426,264,42,93,6.638531883,188,94,1,0
sample_16850.pdf,0,0,15479,0,0,0,0.0,0,0,0,1
sample_07683.pdf,7938,197,63170,312,39,11,6.288535786,24,12,1,0
sample_17611.pdf,0,0,9542,0,0,0,0.0,0,0,0,1
sample_09027.pdf,9234,37,18009,184,12,11,6.685695223,22,11,1,0
sample_14740.pdf,1,16,4119,204,44,1,4.950189937,4,2,1,1
sample_09243.pdf,9241,183,97047,270,54,13,6.802778116,28,14,1,0
sample_07742.pdf,14732,506,84375,405,15,47,6.063910852,96,48,1,0
sample_10990.pdf,0,0,15927,0,0,0,0.0,0,0,0,1
sample_17578.pdf,14,36,75721,214,44,18,6.611386626,36,18,1,1
sample_12479.pdf,0,0,9748,0,0,0,0.0,0,0,0,1
sample_07869.pdf,29040,47,64017,270,8,12,7.007146877,24,12,1,0
sample_12100.pdf,1,15,3591,208,44,1,5.293906123,4,2,1,1
sample_18428.pdf,1,70,10446,0,0,1,7.071552882,2,1,1,1
sample_05689.pdf,1448,21,81240,135,12,2,5.88146325,4,2,1,0
sample_06927.pdf,2206,16,239130,0,0,5,6.852920082,10,5,1,0
sample_08395.pdf,878,26,17644,266,8,6,6.840173489,12,6,1,0
sample_13924.pdf,0,0,12671,0,0,0,0.0,0,0,0,1
sample_14259.pdf,0,0,8245,0,0,0,0.0,0,0,0,1
sample_16383.pdf,5283,20,15173,126,7,8,5.368926965,18,9,1,1
sample_07298.pdf,92651,338,284478,278,26,41,6.826322019,84,42,1,0
sample_14683.pdf,0,0,9569,0,0,0,0.0,0,0,0,1
sample_17073.pdf,0,0,8364,0,0,0,0.0,0,0,0,1
sample_02875.pdf,1586,110,174889,532,15,27,5.915640811,56,28,1,0
sample_15130.pdf,0,0,17033,0,0,0,0.0,0,0,0,1
sample_07303.pdf,10888,534,146898,398,14,57,6.163363251,112,56,1,0
sample_01140.pdf,3228,132,311709,321,40,52,6.42135401,110,55,1,0
sample_14574.pdf,0,0,8002,0,0,0,0.0,0,0,0,1
sample_07035.pdf,97121,4282,416482,279,21,124,6.754341823,254,127,1,0
sample_11092.pdf,0,0,8321,0,0,0,0.0,0,0,0,1
sample_08143.pdf,169461,170,191453,240,28,54,6.981317727,110,55,1,0
sample_16266.pdf,0,0,605745,0,0,0,0.0,0,0,0,1
sample_16348.pdf,0,0,9464,0,0,0,0.0,0,0,0,1
sample_12017.pdf,0,0,8252,0,0,0,0.0,0,0,0,1
sample_07835.pdf,79293,139,237837,194,13,25,6.358563233,48,24,1,0
sample_03899.pdf,16633,4951,323164,400,47,51,6.591708008,114,57,1,0
sample_05295.pdf,1231,21,88681,135,12,2,5.893114516,4,2,1,0
sample_15413.pdf,0,0,8152,0,0,0,0.0,0,0,0,1
sample_11102.pdf,4507,20,12697,126,7,9,5.505765423,18,9,1,1
sample_04321.pdf,129433,142,90669,234,29,41,6.900351311,84,42,1,0
sample_06503.pdf,15588,521,89007,298,27,57,5.328963336,154,77,1,0
sample_12114.pdf,0,0,15342,0,0,0,0.0,0,0,0,1
sample_11520.pdf,0,0,15497,0,0,0,0.0,0,0,0,1
sample_12477.pdf,0,0,76064,0,0,0,0.0,0,0,0,1
sample_13869.pdf,0,0,2823,0,0,0,0.0,0,0,0,1
sample_19043.pdf,0,0,59333,0,0,0,0.0,0,0,0,1
sample_12710.pdf,0,0,9281,0,0,0,0.0,0,0,0,1
sample_10742.pdf,0,0,17432,0,0,0,0.0,0,0,0,1
sample_11958.pdf,5283,20,14917,126,7,8,5.370728188,18,9,1,1
sample_03523.pdf,13229,223,71633,271,1,19,6.426647365,40,20,1,0
sample_05398.pdf,37285,53,56493,226,8,16,6.789219885,34,17,1,0
sample_12060.pdf,0,0,9720,0,0,0,0.0,0,0,0,1
sample_03668.pdf,1587,21,241095,266,65,5,6.423183028,14,7,1,0
sample_06970.pdf,184,198,122897,124,12,19,6.387240181,38,19,1,0
sample_01778.pdf,1415,64,160495,173,10,49,6.282819874,102,51,1,0
sample_11501.pdf,1895,32,306400,255,54,9,6.383925759,24,12,1,1
sample_02464.pdf,14648,934,124878,324,17,66,5.534595156,166,83,1,0
sample_14515.pdf,0,0,9950,0,0,0,0.0,0,0,0,1
sample_11603.pdf,0,0,15766,0,0,0,0.0,0,0,0,1
sample_13503.pdf,0,0,17221,0,0,0,0.0,0,0,0,1
sample_10941.pdf,0,0,9545,0,0,0,0.0,0,0,0,1
sample_06943.pdf,8951,101,106996,259,23,21,6.576700501,44,22,1,0
sample_16190.pdf,0,0,8275,0,0,0,0.0,0,0,0,1
sample_18882.pdf,0,0,8244,0,0,0,0.0,0,0,0,1
sample_02322.pdf,1474,218,85776,369,25,16,5.18220797,54,27,1,0
sample_10794.pdf,0,0,12414,0,0,0,0.0,0,0,0,1
sample_17253.pdf,0,0,9323,0,0,0,0.0,0,0,0,1
sample_12084.pdf,0,0,9568,0,0,0,0.0,0,0,0,1
sample_18229.pdf,0,0,9906,0,0,0,0.0,0,0,0,1
sample_03678.pdf,1294,12,26228,198,12,3,5.281743221,6,3,1,0
sample_11867.pdf,0,0,9586,0,0,0,0.0,0,0,0,1
sample_12109.pdf,0,0,9956,0,0,0,0.0,0,0,0,1
sample_18218.pdf,0,0,12415,0,0,0,0.0,0,0,0,1
sample_13285.pdf,0,0,9779,0,0,0,0.0,0,0,0,1
sample_03197.pdf,3092,67,30054,83,18,35,4.632254534,80,40,1,0
sample_00335.pdf,11291,706,69980,276,14,58,5.033570341,198,99,1,0
sample_02124.pdf,13332,46,80240,239,29,13,6.889690533,28,14,1,0
sample_02950.pdf,2198,172,39058,436,143,16,6.32549915,34,17,1,0
sample_13270.pdf,0,0,76044,0,0,0,0.0,0,0,0,1
sample_04058.pdf,1402,26,85949,173,12,11,5.51430917,26,13,1,0
sample_18217.pdf,94,26,9462,163,44,3,4.935928213,6,3,1,1
sample_03533.pdf,1635,24,108651,138,12,4,5.33075769,8,4,1,0
sample_12110.pdf,5283,20,15015,126,7,8,5.369965697,18,9,1,1
sample_13786.pdf,5283,20,15095,126,7,8,5.369646635,18,9,1,1
sample_03555.pdf,3887,26,10942,234,29,5,5.98854854,12,6,1,0
sample_12866.pdf,0,0,9397,0,0,0,0.0,0,0,0,1
sample_14469.pdf,0,0,8236,0,0,0,0.0,0,0,0,1
sample_18241.pdf,5283,20,14957,126,7,8,5.370492348,18,9,1,1
sample_07992.pdf,79518,81,259797,183,22,34,6.650869505,76,38,1,0
sample_02486.pdf,1685,136,157158,572,11,25,6.015734922,52,26,1,0
sample_18621.pdf,0,0,8171,0,0,0,0.0,0,0,0,1
sample_16621.pdf,0,0,8499,0,0,0,0.0,0,0,0,1
sample_10966.pdf,0,0,2456,0,0,0,0.0,0,0,0,1
sample_05737.pdf,5875,287,71607,83,16,37,5.961971193,76,38,1,0
sample_15438.pdf,0,0,12972,0,0,0,0.0,0,0,0,1
sample_07208.pdf,12977,987,244201,294,6,130,4.181224138,334,167,1,0
sample_03937.pdf,1192,21,75514,135,12,2,5.830319848,4,2,1,0
sample_14324.pdf,0,0,15822,0,0,0,0.0,0,0,0,1
sample_11409.pdf,2627,10,11656,232,16,1,6.818373349,2,1,1,1
sample_01406.pdf,2136,73,188088,185,23,28,5.930680977,62,31,1,0
sample_16751.pdf,0,0,9480,0,0,0,0.0,0,0,0,1
sample_01212.pdf,1760,83,109804,363,10,14,6.269612505,30,15,1,0
sample_04959.pdf,41242,389,376866,290,34,37,6.644285679,76,38,1,0
sample_11040.pdf,0,0,37533,0,0,0,0.0,0,0,0,1
sample_00531.pdf,119450,305,277409,278,33,45,6.92692752,92,46,1,0
sample_12887.pdf,0,0,8462,0,0,0,0.0,0,0,0,1
sample_03932.pdf,140094,88,139807,449,83,24,6.918323881,50,25,1,0
sample_11623.pdf,0,0,8412,0,0,0,0.0,0,0,0,1
sample_08608.pdf,47695,99,86195,346,101,21,6.468070195,48,24,1,0
sample_15301.pdf,5283,20,15021,126,7,8,5.369942913,18,9,1,1
sample_05884.pdf,1993,782,70392,464,30,44,4.980780585,148,74,1,0
sample_13443.pdf,0,0,5197,0,0,0,0.0,0,0,0,1
sample_15367.pdf,0,0,8070,0,0,0,0.0,0,0,0,1
sample_06221.pdf,1211,21,70965,135,12,2,5.844249954,4,2,1,0
sample_04884.pdf,2369,24,18718,235,28,5,6.075799917,12,6,1,0
sample_17546.pdf,0,0,1442,0,0,0,0.0,0,0,0,1
sample_01809.pdf,3702,239,62080,83,17,33,5.910825249,68,34,1,0
sample_05782.pdf,8778,29,15064,231,55,5,6.615377185,10,5,1,0
sample_04093.pdf,11242,518,88764,339,25,58,5.414914219,146,73,1,0
sample_10018.pdf,0,0,9443,0,0,0,0.0,0,0,0,1
sample_05153.pdf,6793,534,52191,488,27,35,5.051254171,108,54,1,0
sample_17014.pdf,1,9,683581,0,0,0,4.606907863,4,2,1,1
sample_08699.pdf,6453,22,11351,87,11,4,6.969210014,8,4,1,0
sample_11422.pdf,1,9,21862,0,0,0,3.983994375,4,2,1,1
sample_14232.pdf,0,0,8215,0,0,0,0.0,0,0,0,1
sample_16655.pdf,0,0,9475,0,0,0,0.0,0,0,0,1
sample_08450.pdf,1546,128,188388,385,14,23,5.868655459,48,24,1,0
sample_18888.pdf,0,0,37756,0,0,0,0.0,0,0,0,1
sample_10615.pdf,0,0,8217,0,0,0,0.0,0,0,0,1
sample_01362.pdf,13078,43,81677,238,28,12,6.844972191,26,13,1,0
sample_14634.pdf,1,12,3105,135,44,1,4.639901038,4,2,1,1
sample_02167.pdf,667,40,10652,216,72,11,5.747777957,24,12,1,0
sample_10382.pdf,0,0,1438,0,0,0,0.0,0,0,0,1
sample_04029.pdf,2304,179,34370,298,5,15,6.338832559,32,16,1,0
sample_11959.pdf,0,0,9743,0,0,0,0.0,0,0,0,1
sample_09675.pdf,71,16,10138,214,68,2,7.128882166,4,2,1,1
sample_07780.pdf,6036,583,93469,389,33,68,4.974727232,218,109,1,0
sample_08330.pdf,4955,955,147085,373,15,50,6.315439178,98,49,1,0
sample_12032.pdf,5283,20,14961,126,7,8,5.370446448,18,9,1,1
sample_04747.pdf,3393,418,75267,336,14,45,5.129816393,136,68,1,0
sample_15186.pdf,0,0,8205,0,0,0,0.0,0,0,0,1
sample_02481.pdf,16401,945,162923,321,14,53,6.250353636,112,56,1,0
sample_04412.pdf,16499,448,59234,398,52,24,6.251980369,52,26,1,0
sample_12137.pdf,0,0,16576,0,0,0,0.0,0,0,0,1
sample_08708.pdf,14475,67,48415,271,62,30,6.062396313,62,31,1,0
sample_04817.pdf,319,194,113588,301,92,177,5.727149316,358,179,1,0
sample_12576.pdf,0,0,2460,0,0,0,0.0,0,0,0,1
sample_18154.pdf,0,0,16072,0,0,0,0.0,0,0,0,1
sample_12985.pdf,0,0,8275,0,0,0,0.0,0,0,0,1
sample_00215.pdf,13344,2937,151424,312,14,75,5.97097048,182,91,1,0
sample_09671.pdf,0,0,16204,0,0,0,0.0,0,0,0,1
sample_10922.pdf,0,0,12991,0,0,0,0.0,0,0,0,1
sample_17552.pdf,0,0,9662,0,0,0,0.0,0,0,0,1
sample_17026.pdf,40904,23,11588,279,17,7,6.905965726,14,7,1,1
sample_17930.pdf,0,0,8194,0,0,0,0.0,0,0,0,1
sample_11732.pdf,5283,20,15093,126,7,8,5.369665616,18,9,1,1
sample_11070.pdf,5283,20,15091,126,7,8,5.369574221,18,9,1,1
sample_11097.pdf,5283,20,15093,126,7,8,5.369651197,18,9,1,1
sample_04973.pdf,2263,434,67939,294,6,64,4.513594604,154,77,1,0
sample_17411.pdf,63,8,88863,0,0,0,4.694941868,2,1,1,1
sample_15877.pdf,0,0,9486,0,0,0,0.0,0,0,0,1
sample_18768.pdf,0,0,9657,0,0,0,0.0,0,0,0,1
sample_04162.pdf,5250,22,56949,132,23,6,6.914808624,12,6,1,0
sample_13271.pdf,0,0,12230,0,0,0,0.0,0,0,0,1
sample_18448.pdf,0,0,2109,0,0,0,0.0,0,0,0,1
sample_18176.pdf,0,0,8275,0,0,0,0.0,0,0,0,1
sample_10009.pdf,5283,20,14979,126,7,8,5.370383698,18,9,1,1
sample_16937.pdf,1,15,3621,208,44,1,5.285627882,4,2,1,1
sample_02355.pdf,100,11,1557,284,11,1,5.801086732,2,1,1,0
sample_08270.pdf,1374,148,259762,383,15,29,5.776896908,60,30,1,0
sample_12041.pdf,0,0,9589,0,0,0,0.0,0,0,0,1
sample_01570.pdf,6322,89,19327,426,56,8,5.960020948,18,9,1,0
sample_07543.pdf,42222,272,177463,311,31,22,6.655738115,48,24,1,0
sample_00948.pdf,5674,266,245020,411,31,19,3.700431542,252,126,1,0
sample_09212.pdf,7664,317,33403,555,77,13,6.259823324,28,14,1,0
sample_05468.pdf,42797,77,53735,235,28,21,6.791527215,44,22,1,0
sample_12193.pdf,0,0,17486,0,0,0,0.0,0,0,0,1
sample_03335.pdf,1645,28,84284,173,11,13,5.454272292,30,15,1,0
sample_03475.pdf,1103,21,66595,135,12,2,5.852795054,4,2,1,0
sample_09796.pdf,1,31,10344,163,44,3,5.255291649,6,3,1,1
sample_02730.pdf,1403,24,79193,173,14,10,5.900522052,24,12,1,0
sample_12272.pdf,0,0,9446,0,0,0,0.0,0,0,0,1
sample_15551.pdf,0,0,8002,0,0,0,0.0,0,0,0,1
sample_06384.pdf,1588,21,84766,135,12,2,5.876074303,4,2,1,0
sample_01204.pdf,1210,21,74863,135,11,2,5.857401306,4,2,1,0
sample_09870.pdf,0,0,15354,0,0,0,0.0,0,0,0,1
sample_01018.pdf,57532,6913,311787,522,70,118,6.782836447,238,119,1,0
sample_04569.pdf,17578,588,89725,350,26,51,6.19875389,100,50,1,0
sample_06164.pdf,3646,624,79250,408,62,17,6.26484246,36,18,1,0
sample_13144.pdf,0,0,9585,0,0,0,0.0,0,0,0,1
sample_03011.pdf,1332,21,72230,135,14,2,5.844325802,4,2,1,0
sample_18124.pdf,0,0,8313,0,0,0,0.0,0,0,0,1
sample_15518.pdf,0,0,16096,0,0,0,0.0,0,0,0,1
sample_01945.pdf,1565,159,186256,292,1,22,6.411384316,46,23,1,0
sample_16207.pdf,0,0,1437,0,0,0,0.0,0,0,0,1
sample_05730.pdf,1234,21,76549,135,9,2,5.829178945,4,2,1,0
sample_08919.pdf,14100,40,19712,203,6,10,6.746016053,20,10,1,0
sample_14021.pdf,0,0,9770,0,0,0,0.0,0,0,0,1
sample_08594.pdf,5893,118,69588,211,11,9,6.745034071,20,10,1,0
sample_02210.pdf,22263,60,63201,278,8,17,6.752257129,36,18,1,0
sample_07505.pdf,6123,116,21525,252,6,8,5.977872375,18,9,1,0
sample_04933.pdf,102,146,345185,297,86,129,6.33572993,260,130,1,0
sample_08438.pdf,4940,649,89687,308,30,69,4.951154712,224,112,1,0
sample_13330.pdf,0,0,1437,0,0,0,0.0,0,0,0,1
sample_17149.pdf,0,0,3736,0,0,0,0.0,0,0,0,1
sample_02766.pdf,10592,63,169315,172,11,13,6.622295978,28,14,1,0
sample_10226.pdf,0,0,15651,0,0,0,0.0,0,0,0,1
sample_03173.pdf,17831,193,69514,452,56,19,6.541830917,40,20,1,0
sample_01473.pdf,1340,30,123021,173,12,15,5.442470143,34,17,1,0
sample_10118.pdf,0,0,8231,0,0,0,0.0,0,0,0,1
sample_03747.pdf,3735,28,56835,238,28,7,6.634846675,16,8,1,0
sample_18677.pdf,0,0,8174,0,0,0,0.0,0,0,0,1
sample_13754.pdf,0,0,1302,0,0,0,0.0,0,0,0,1
sample_14297.pdf,0,0,9606,0,0,0,0.0,0,0,0,1
sample_05322.pdf,1409,21,85476,135,12,2,5.871877867,4,2,1,0
sample_03326.pdf,17601,130,199870,276,11,61,6.351849008,124,62,1,0
sample_13206.pdf,0,0,12535,0,0,0,0.0,0,0,0,1
sample_04615.pdf,1423,21,81312,135,14,2,5.852329159,4,2,1,0
sample_13698.pdf,0,0,9710,0,0,0,0.0,0,0,0,1
sample_17616.pdf,5283,20,14961,126,7,8,5.370378232,18,9,1,1
sample_17875.pdf,0,0,9635,0,0,0,0.0,0,0,0,1
sample_03681.pdf,1007,12,27225,198,12,3,5.385777208,6,3,1,0
sample_03389.pdf,1585,21,93523,138,12,2,5.889087062,4,2,1,0
sample_01659.pdf,2201,29,131962,247,37,6,5.889508218,18,9,1,0
sample_15792.pdf,2577,10,11202,230,15,1,6.960900676,2,1,1,1
sample_10779.pdf,0,0,9313,0,0,0,0.0,0,0,0,1
sample_08322.pdf,1382,12,28702,198,12,3,5.407805459,6,3,1,0
sample_13044.pdf,0,0,2123,0,0,0,0.0,0,0,0,1
sample_04342.pdf,1512,264,213954,382,18,21,5.903503408,44,22,1,0
sample_03298.pdf,5862,488,70750,290,18,49,5.528539904,122,61,1,0
sample_03146.pdf,4737,273,73092,316,16,49,5.34850602,120,60,1,0
sample_15764.pdf,0,0,8477,0,0,0,0.0,0,0,0,1
sample_03205.pdf,1233,21,73910,135,12,2,5.833875502,4,2,1,0
sample_11786.pdf,0,0,9681,0,0,0,0.0,0,0,0,1
sample_10296.pdf,0,0,8076,0,0,0,0.0,0,0,0,1
sample_00081.pdf,511,44,26671,274,1,14,5.352947969,34,17,1,0
sample_06931.pdf,13465,43,53171,269,8,12,6.866192973,24,12,1,0
sample_02762.pdf,1111,21,68948,135,12,2,5.803925604,4,2,1,0
sample_14194.pdf,0,0,8269,0,0,0,0.0,0,0,0,1
sample_11416.pdf,0,0,9361,0,0,0,0.0,0,0,0,1
sample_11148.pdf,0,0,8275,0,0,0,0.0,0,0,0,1
sample_04672.pdf,29686,55,37657,300,34,17,6.714612517,36,18,1,0
sample_08032.pdf,3388,1572,359948,333,29,331,4.950408316,1114,557,1,0
sample_01190.pdf,908,22,63479,198,12,7,5.779624229,14,7,1,0
sample_03627.pdf,15876,49,24330,236,29,12,6.4984089,26,13,1,0
sample_07269.pdf,6506,105,278234,253,52,28,6.512266201,56,28,1,0
sample_09110.pdf,1121,21,72017,145,10,2,5.813990833,4,2,1,0
sample_10235.pdf,0,0,74223,0,0,0,0.0,0,0,0,1
sample_10705.pdf,0,0,12297,0,0,0,0.0,0,0,0,1
sample_05553.pdf,22270,254,112514,228,50,28,6.502421093,58,29,1,0
sample_17644.pdf,0,0,9699,0,0,0,0.0,0,0,0,1
sample_14916.pdf,0,0,17597,0,0,0,0.0,0,0,0,1
sample_05286.pdf,16708,212,37346,254,8,17,6.496845515,36,18,1,0
sample_09125.pdf,38738,1245,142761,250,22,36,6.397992542,76,38,1,0
sample_14557.pdf,0,0,9612,0,0,0,0.0,0,0,0,1
sample_12419.pdf,0,0,16302,0,0,0,0.0,0,0,0,1
sample_00604.pdf,3268,61,16227,302,56,7,5.707596353,16,8,1,0
sample_06349.pdf,1393,24,76589,173,15,9,5.861187161,22,11,1,0
sample_17518.pdf,0,0,9465,0,0,0,0.0,0,0,0,1
sample_04903.pdf,1163,12,25384,198,11,3,5.305364453,6,3,1,0
sample_02003.pdf,1207,12,29622,198,12,3,5.418656982,6,3,1,0
sample_11977.pdf,0,0,9658,0,0,0,0.0,0,0,0,1
sample_09262.pdf,1397,32,88200,173,11,17,5.758409298,38,19,1,0
sample_08851.pdf,404,110,16544,379,29,11,5.212959995,26,13,1,0
sample_04238.pdf,3289,230,38246,507,23,18,4.97275803,58,29,1,0
sample_00965.pdf,12552,230,69377,250,58,15,6.632196182,32,16,1,0
sample_04440.pdf,1211,12,26394,198,12,3,5.444060438,6,3,1,0
sample_15317.pdf,5283,20,15091,126,7,8,5.369608529,18,9,1,1
sample_03314.pdf,588,12,21317,160,11,3,5.228221353,6,3,1,0
sample_14090.pdf,0,0,8249,0,0,0,0.0,0,0,0,1
sample_12770.pdf,0,0,8070,0,0,0,0.0,0,0,0,1
sample_17603.pdf,0,0,17583,0,0,0,0.0,0,0,0,1
sample_15055.pdf,0,0,8182,0,0,0,0.0,0,0,0,1
sample_06201.pdf,25132,1414,763280,80,36,17,3.478401665,1870,935,1,0
sample_11374.pdf,0,0,13635,0,0,0,0.0,0,0,0,1
sample_13533.pdf,0,0,17235,0,0,0,0.0,0,0,0,1
sample_02723.pdf,1549,153,241108,395,10,26,5.805311576,54,27,1,0
sample_03256.pdf,2764,211,129256,252,1,30,6.608636994,62,31,1,0
sample_08996.pdf,1374,127,304337,408,20,28,5.911157333,64,32,1,0
sample_15964.pdf,0,0,17470,0,0,0,0.0,0,0,0,1
sample_12630.pdf,0,0,8354,0,0,0,0.0,0,0,0,1
sample_18042.pdf,0,0,12866,0,0,0,0.0,0,0,0,1
sample_01053.pdf,9519,34,17593,238,29,7,6.27124787,16,8,1,0
sample_11979.pdf,0,0,16630,0,0,0,0.0,0,0,0,1
sample_14424.pdf,0,0,16375,0,0,0,0.0,0,0,0,1
sample_09209.pdf,2288,34,99510,172,11,11,6.319642232,30,15,1,0
sample_02518.pdf,9237,37,17331,236,29,8,6.301573589,18,9,1,0
sample_10142.pdf,0,0,9458,0,0,0,0.0,0,0,0,1
sample_06936.pdf,11926,798,70941,537,102,18,6.359475905,40,20,1,0
sample_06401.pdf,1585,365,213096,402,18,32,6.001257783,66,33,1,0
sample_07511.pdf,1257,21,81396,145,13,2,5.861494474,4,2,1,0
sample_09118.pdf,5135,35,92654,180,34,9,6.763785801,18,9,1,0
sample_05555.pdf,12532,169,240700,358,29,38,4.156800033,182,91,1,0
sample_06353.pdf,1304,21,78231,138,12,2,5.843170853,4,2,1,0
sample_10663.pdf,0,0,8247,0,0,0,0.0,0,0,0,1
sample_02647.pdf,20727,23,27712,222,8,3,6.429888263,6,3,1,0
sample_10111.pdf,0,0,12935,0,0,0,0.0,0,0,0,1
sample_18237.pdf,0,0,15689,0,0,0,0.0,0,0,0,1
sample_17587.pdf,1,16,14771,214,44,0,4.667667059,4,2,1,1
sample_09697.pdf,0,0,9486,0,0,0,0.0,0,0,0,1
sample_19188.pdf,0,0,15779,0,0,0,0.0,0,0,0,1
sample_16749.pdf,0,0,9228,0,0,0,0.0,0,0,0,1
sample_18604.pdf,0,0,1964,0,0,0,0.0,0,0,0,1
sample_05928.pdf,1685,13,2921,319,46,1,6.875046612,2,1,1,0
sample_16831.pdf,15,10,17977,192,12,1,5.0579247,2,1,1,1
sample_04767.pdf,3867,63,47861,242,25,7,6.685797603,16,8,1,0
sample_07272.pdf,3137,66,52317,241,35,6,6.390837828,16,8,1,0
sample_14319.pdf,0,0,8169,0,0,0,0.0,0,0,0,1
sample_05282.pdf,935,64,142740,324,33,6,5.652445224,14,7,1,0
sample_11543.pdf,0,0,77960,0,0,0,0.0,0,0,0,1
sample_00416.pdf,1395,28,90525,173,12,13,5.948454188,30,15,1,0
sample_19041.pdf,5283,20,14961,126,7,8,5.370378232,18,9,1,1
sample_06379.pdf,29083,61,44970,237,28,15,6.671079366,32,16,1,0
sample_11464.pdf,55617,27,17146,291,10,9,6.676005094,18,9,1,1
sample_05412.pdf,1416,35,404742,175,12,10,5.794615941,24,12,1,0
sample_01943.pdf,26840,74,58748,305,13,32,5.702740845,70,35,1,0
sample_12736.pdf,0,0,9443,0,0,0,0.0,0,0,0,1
sample_01544.pdf,4347,153,201886,316,25,26,6.6201619,56,28,1,0
sample_16170.pdf,0,0,9775,0,0,0,0.0,0,0,0,1
sample_13262.pdf,0,0,9633,0,0,0,0.0,0,0,0,1
sample_03091.pdf,1722,68,27373,264,48,15,6.304553292,32,16,1,0
sample_16071.pdf,0,0,9532,0,0,0,0.0,0,0,0,1
sample_09044.pdf,1099,12,23407,198,11,3,5.367867285,6,3,1,0
sample_01752.pdf,9804,433,79697,452,43,45,5.847460835,100,50,1,0
sample_05166.pdf,10255,201,1451206,280,8,71,6.874437048,144,72,1,0
sample_18378.pdf,0,0,8330,0,0,0,0.0,0,0,0,1
sample_05769.pdf,1343,21,82306,138,12,2,5.851941397,4,2,1,0
sample_08652.pdf,6116,30,21079,254,54,6,6.107314295,14,7,1,0
sample_00325.pdf,20403,94,39338,238,29,26,6.69344509,54,27,1,0
sample_03409.pdf,1518,21,84322,135,12,2,5.861523953,4,2,1,0
sample_02946.pdf,22852,1322,140926,300,26,96,4.904907511,332,166,1,0
sample_08833.pdf,44565,101,61760,215,8,28,6.935042106,58,29,1,0
sample_12506.pdf,0,0,15354,0,0,0,0.0,0,0,0,1
sample_13496.pdf,5283,20,15091,126,7,8,5.369626341,18,9,1,1
sample_07783.pdf,6175,27,11448,184,11,5,6.624917762,10,5,1,0
sample_04076.pdf,14184,38,20977,237,28,10,6.437668542,22,11,1,0
sample_02579.pdf,4355,507,130431,294,6,59,4.377974327,152,76,1,0
sample_11321.pdf,1,19,2769,0,0,2,4.946824891,6,3,1,1
sample_17009.pdf,0,0,1894,0,0,0,0.0,0,0,0,1
sample_10694.pdf,0,0,16199,0,0,0,0.0,0,0,0,1
sample_00185.pdf,53037,257,194811,296,25,34,6.695049519,70,35,1,0
sample_08591.pdf,29367,77,147130,194,13,18,6.040543968,34,17,1,0
sample_11632.pdf,0,0,17024,0,0,0,0.0,0,0,0,1
sample_07002.pdf,31968,98,50724,234,29,27,6.777796413,56,28,1,0
sample_13275.pdf,0,0,9435,0,0,0,0.0,0,0,0,1
sample_03536.pdf,553,32,37737,303,54,5,6.704761885,10,5,1,0
sample_09197.pdf,5327,2498,202273,332,26,112,4.701198909,540,270,1,0
sample_15963.pdf,0,0,5945,0,0,0,0.0,0,0,0,1
sample_14946.pdf,0,0,15784,0,0,0,0.0,0,0,0,1
sample_16363.pdf,0,0,15971,0,0,0,0.0,0,0,0,1
sample_18889.pdf,0,0,9542,0,0,0,0.0,0,0,0,1
sample_01808.pdf,9270,154,49050,300,19,39,6.425738145,80,40,1,0
sample_10182.pdf,5283,20,15019,126,7,8,5.369912188,18,9,1,1
sample_03403.pdf,17,8,1461,311,11,2,5.03385334,4,2,1,0
sample_11948.pdf,5283,20,15089,126,7,8,5.369682457,18,9,1,1
sample_18188.pdf,0,0,16231,0,0,0,0.0,0,0,0,1
sample_01236.pdf,11874,126,65016,201,12,11,6.774377878,24,12,1,0
sample_09175.pdf,1823,39,85085,357,30,7,5.743669109,20,10,1,0
sample_05016.pdf,1277,21,63785,135,13,2,5.805542782,4,2,1,0
sample_16594.pdf,1,16,15095,147,44,3,5.072682873,6,3,1,1
sample_15414.pdf,5283,20,15091,126,7,8,5.369614977,18,9,1,1
sample_07932.pdf,11294,2989,355224,287,30,17,6.139690468,40,20,1,0
sample_15968.pdf,5283,20,14957,126,7,8,5.370498168,18,9,1,1
sample_02088.pdf,3089,131,277749,472,22,6,6.282652176,16,8,1,0
sample_13746.pdf,0,0,17153,0,0,0,0.0,0,0,0,1
sample_05844.pdf,19044,41,24578,233,28,8,6.417647431,18,9,1,0
sample_00873.pdf,1197,12,31540,160,10,3,5.113214582,6,3,1,0
sample_12178.pdf,0,0,15720,0,0,0,0.0,0,0,0,1
sample_11069.pdf,0,0,8092,0,0,0,0.0,0,0,0,1
sample_16619.pdf,0,0,9556,0,0,0,0.0,0,0,0,1
sample_17898.pdf,0,0,7969,0,0,0,0.0,0,0,0,1
sample_02919.pdf,5517,80,64415,229,17,7,6.661287412,16,8,1,0
sample_03996.pdf,1424,35,92362,173,15,20,5.554576293,44,22,1,0
sample_11502.pdf,0,0,9604,0,0,0,0.0,0,0,0,1
sample_08464.pdf,33136,435,130567,218,3,15,6.876454014,32,16,1,0
sample_18267.pdf,1,9,305687,0,0,0,4.000023998,4,2,1,1
sample_13302.pdf,0,0,1447,0,0,0,0.0,0,0,0,1
sample_03525.pdf,112933,40,127003,270,8,13,6.821346304,26,13,1,0
sample_17802.pdf,0,0,16168,0,0,0,0.0,0,0,0,1
sample_10986.pdf,1,28,4358,190,37,5,4.471862157,12,6,1,1
sample_16659.pdf,5283,20,15019,126,7,8,5.370014794,18,9,1,1
sample_00254.pdf,1589,21,91229,145,11,2,5.888858647,4,2,1,0
sample_16364.pdf,0,0,12586,0,0,0,0.0,0,0,0,1
sample_05799.pdf,13274,44,58537,289,44,17,6.532913245,36,18,1,0
sample_11980.pdf,0,0,14772,0,0,0,0.0,0,0,0,1
sample_04822.pdf,11165,35,28173,237,28,6,6.265937432,14,7,1,0
sample_06047.pdf,7185,445,83901,293,33,21,6.483113453,46,23,1,0
sample_05550.pdf,17742,196,36122,246,12,15,6.473971288,32,16,1,0
sample_14757.pdf,0,0,2348,0,0,0,0.0,0,0,0,1
sample_18089.pdf,0,0,9353,0,0,0,0.0,0,0,0,1
sample_11851.pdf,0,0,232199,0,0,0,0.0,0,0,0,1
sample_05370.pdf,88249,3189,291348,529,59,56,6.754233607,112,56,1,0
sample_01924.pdf,24585,894,35269,339,6,29,6.470802024,60,30,1,0
sample_13845.pdf,0,0,16687,0,0,0,0.0,0,0,0,1
sample_07573.pdf,62816,205,197823,312,38,35,6.721973939,72,36,1,0
sample_05572.pdf,9845,966,240024,294,6,84,4.938214031,198,99,1,0
sample_04484.pdf,269959,417,399131,240,31,132,6.887917917,268,134,1,0
sample_15134.pdf,1,22,207408,350,23,6,4.579572217,13,6,1,1
sample_15030.pdf,0,0,9460,0,0,0,0.0,0,0,0,1
sample_07133.pdf,1576,21,75442,173,12,6,5.485550562,16,8,1,0
sample_12388.pdf,0,0,8351,0,0,0,0.0,0,0,0,1
sample_11564.pdf,0,0,17804,0,0,0,0.0,0,0,0,1
sample_09767.pdf,0,0,9761,0,0,0,0.0,0,0,0,1
sample_09115.pdf,1611,114,112059,400,9,17,6.131508876,36,18,1,0
sample_14485.pdf,0,0,15415,0,0,0,0.0,0,0,0,1
sample_08700.pdf,528,39,25737,186,29,4,6.616889196,8,4,1,0
sample_02772.pdf,2630,41,59907,232,23,11,6.811527604,26,13,1,0
sample_09075.pdf,463,58,11356,175,8,4,4.166510944,14,7,1,0
sample_04234.pdf,1529,30,101003,173,16,15,5.36257572,34,17,1,0
sample_05267.pdf,7805,391,57202,316,32,39,5.610185984,100,50,1,0
sample_16120.pdf,0,0,16513,0,0,0,0.0,0,0,0,1
sample_00115.pdf,28593,147,50582,337,8,22,6.657677872,46,23,1,0
sample_01966.pdf,226,18,5510,281,8,9,6.215708957,18,9,1,0
sample_01106.pdf,23191,33,50127,188,13,8,7.127568388,16,8,1,0
sample_18736.pdf,1,52,4364,211,37,6,3.738768735,14,7,1,1
sample_05787.pdf,34186,68,35914,236,29,18,6.584848157,38,19,1,0
sample_15594.pdf,0,0,2755,0,0,0,0.0,0,0,0,1
sample_13424.pdf,0,0,132233,0,0,0,0.0,0,0,0,1
sample_08927.pdf,1434,30,78481,173,11,15,5.620959238,34,17,1,0
sample_09511.pdf,0,0,2458,0,0,0,0.0,0,0,0,1
sample_00676.pdf,30678,226,111520,279,56,25,6.967513724,52,26,1,0
sample_15362.pdf,0,0,17342,0,0,0,0.0,0,0,0,1
sample_07529.pdf,1061,12,21278,198,12,3,5.40002971,6,3,1,0
sample_04656.pdf,1492,21,88896,135,12,2,5.882085676,4,2,1,0
sample_16956.pdf,0,0,16826,0,0,0,0.0,0,0,0,1
sample_11362.pdf,0,0,8453,0,0,0,0.0,0,0,0,1
sample_10843.pdf,0,0,16451,0,0,0,0.0,0,0,0,1
sample_03245.pdf,995,13,17186,188,12,3,5.299773284,8,4,1,0
sample_07921.pdf,3,17,329990,322,15,2,6.72174333,4,2,1,0
sample_01711.pdf,29265,102,260065,272,81,18,6.861805683,38,19,1,0
sample_16265.pdf,0,0,14861,0,0,0,0.0,0,0,0,1
sample_08810.pdf,1207,21,74877,135,12,2,5.837090432,4,2,1,0
sample_02580.pdf,12745,33,30601,259,3,7,6.359855463,16,8,1,0
sample_01004.pdf,53793,88,100953,87,11,24,6.978414743,48,24,1,0
sample_01967.pdf,8129,291,51600,198,12,7,6.586153631,16,8,1,0
sample_16706.pdf,0,0,9689,0,0,0,0.0,0,0,0,1
sample_03852.pdf,35955,61,48873,235,28,15,6.657959425,32,16,1,0
sample_13065.pdf,1,10,5778,156,37,2,5.491377879,6,3,1,1
sample_01504.pdf,79828,978,1255713,426,62,276,5.822151944,594,297,1,0
sample_11145.pdf,0,0,1903,0,0,0,0.0,0,0,0,1
sample_09625.pdf,0,0,2862,0,0,0,0.0,0,0,0,1
sample_02118.pdf,42385,75,65252,326,46,19,6.499714041,46,23,1,0
sample_09437.pdf,0,0,15433,0,0,0,0.0,0,0,0,1
sample_04787.pdf,1028,12,21934,198,11,3,5.329436949,6,3,1,0
sample_17008.pdf,1,24,106055,350,23,4,4.563216223,12,6,1,1
sample_00120.pdf,1543,21,85793,145,13,2,5.871864223,4,2,1,0
sample_11160.pdf,0,0,7900,0,0,0,0.0,0,0,0,1
sample_10030.pdf,1,15,3597,208,44,1,5.269082368,4,2,1,1
sample_17638.pdf,0,0,9710,0,0,0,0.0,0,0,0,1
sample_13229.pdf,5283,20,15091,126,7,8,5.369577602,18,9,1,1
sample_01670.pdf,1244,12,25024,198,12,3,5.327855294,6,3,1,0
sample_16213.pdf,0,0,16503,0,0,0,0.0,0,0,0,1
sample_05091.pdf,10859,48,33407,283,7,9,6.404800686,20,10,1,0
sample_06022.pdf,33764,2871,136447,252,6,47,6.718182033,96,48,1,0
sample_12749.pdf,0,0,7990,0,0,0,0.0,0,0,0,1
sample_11524.pdf,0,0,15156,0,0,0,0.0,0,0,0,1
sample_18802.pdf,1,10,5697,156,37,2,5.437374466,6,3,1,1
sample_09328.pdf,0,0,15538,0,0,0,0.0,0,0,0,1
sample_05486.pdf,3618,145,18334,334,41,9,5.850771673,20,10,1,0
sample_14146.pdf,0,0,17700,0,0,0,0.0,0,0,0,1
sample_07910.pdf,1419,46,231152,128,18,16,6.744644816,32,16,1,0
sample_01583.pdf,2720,97,16989,530,8,6,5.685662648,14,7,1,0
sample_13129.pdf,0,0,8011,0,0,0,0.0,0,0,0,1
sample_07583.pdf,1571,50,119127,173,11,35,5.686985603,74,37,1,0
sample_14512.pdf,0,0,15317,0,0,0,0.0,0,0,0,1
sample_06238.pdf,35190,2564,173428,359,27,75,6.395992256,156,78,1,0
sample_05254.pdf,8828,37,23094,411,68,6,6.329479664,14,7,1,0
sample_03481.pdf,4390,12,3704,92,36,3,6.545909309,6,3,1,0
sample_01567.pdf,15381,45,24084,291,89,11,6.833032238,22,11,1,0
sample_17168.pdf,0,0,15519,0,0,0,0.0,0,0,0,1
sample_11279.pdf,0,0,12195,0,0,0,0.0,0,0,0,1
sample_11410.pdf,0,0,9594,0,0,0,0.0,0,0,0,1
sample_05042.pdf,410,64,74070,166,29,13,5.78624774,28,14,1,0
sample_05400.pdf,4435,23,36842,276,64,5,5.994231395,12,6,1,0
sample_15133.pdf,0,0,16705,0,0,0,0.0,0,0,0,1
sample_11766.pdf,1,19,7105,205,44,2,5.150937735,6,3,1,1
sample_16250.pdf,1,10,26456,182,7,1,0.0,2,1,1,1
sample_09683.pdf,0,0,16036,0,0,0,0.0,0,0,0,1
sample_18319.pdf,5283,20,14967,126,7,8,5.370386948,18,9,1,1
sample_00140.pdf,23780,32,44436,218,8,7,7.010940058,14,7,1,0
sample_00810.pdf,3909,166,20170,309,6,9,6.031819626,20,10,1,0
sample_14473.pdf,0,0,9489,0,0,0,0.0,0,0,0,1
sample_07164.pdf,50278,260,182875,308,39,28,6.764970255,58,29,1,0
sample_12356.pdf,0,0,8390,0,0,0,0.0,0,0,0,1
sample_05720.pdf,8601,216,72939,373,35,19,6.468791294,36,18,1,0
sample_02670.pdf,1633,29,92542,173,12,14,5.873192252,32,16,1,0
sample_12900.pdf,0,0,11367,0,0,0,0.0,0,0,0,1
sample_16519.pdf,0,0,12064,0,0,0,0.0,0,0,0,1
sample_11751.pdf,0,0,16625,0,0,0,0.0,0,0,0,1
sample_02639.pdf,9254,314,72452,395,14,43,5.950919066,88,44,1,0
sample_15354.pdf,0,0,14782,0,0,0,0.0,0,0,0,1
sample_05187.pdf,4417,158,168198,447,24,24,5.506190627,68,34,1,0
sample_06824.pdf,52339,119,64425,238,29,35,6.82380449,72,36,1,0
sample_13523.pdf,0,0,12626,0,0,0,0.0,0,0,0,1
sample_08631.pdf,4842,15,6267,241,36,2,6.953888599,4,2,1,0
sample_15434.pdf,0,0,9607,0,0,0,0.0,0,0,0,1
sample_10795.pdf,0,0,8188,0,0,0,0.0,0,0,0,1
sample_05850.pdf,19508,154,66783,295,30,32,6.626053629,66,33,1,0
sample_16834.pdf,10145,14,4709,300,11,3,6.664348759,6,3,1,1
sample_05832.pdf,56215,556,74702,321,41,28,6.4795694,60,30,1,0
sample_09678.pdf,0,0,15405,0,0,0,0.0,0,0,0,1
sample_12773.pdf,94,31,10717,163,44,4,5.444113131,8,4,1,1
sample_09793.pdf,0,0,16412,0,0,0,0.0,0,0,0,1
sample_16154.pdf,828,10,7630,137,8,1,6.791384588,2,1,1,1
sample_19068.pdf,0,0,1999,0,0,0,0.0,0,0,0,1
sample_04410.pdf,1068,12,22638,198,10,3,5.429125559,6,3,1,0
sample_17044.pdf,0,0,17510,0,0,0,0.0,0,0,0,1
sample_12403.pdf,0,0,9551,0,0,0,0.0,0,0,0,1
sample_18787.pdf,0,0,2156,0,0,0,0.0,0,0,0,1
sample_09492.pdf,0,0,1444,0,0,0,0.0,0,0,0,1
sample_16298.pdf,1409,10,10752,238,23,1,6.824168604,2,1,1,1
sample_01790.pdf,712,43,272153,175,36,10,5.090031372,58,29,1,0
sample_12019.pdf,0,0,9712,0,0,0,0.0,0,0,0,1
sample_00783.pdf,31306,925,241093,421,17,68,6.606960821,138,69,1,0
sample_08359.pdf,33820,74,36383,236,29,20,6.514229485,42,21,1,0
sample_08503.pdf,1230,12,28219,160,12,3,5.117734536,6,3,1,0
sample_10974.pdf,27,27,2048000,210,3,6,5.143542726,16,8,1,1
sample_00195.pdf,1359,22,71505,173,12,7,5.466307593,18,9,1,0
sample_01439.pdf,1520,22,77312,173,13,6,5.522327281,16,8,1,0
sample_18799.pdf,1,28,4579,185,37,5,4.783328826,12,6,1,1
sample_08138.pdf,6561,78,42261,275,56,13,6.591567175,28,14,1,0
sample_10299.pdf,1,16,15226,214,44,0,4.645583,4,2,1,1
sample_09019.pdf,9953,813,78697,301,30,50,6.162768358,98,49,1,0
sample_01759.pdf,443,32,30517,292,13,11,5.632625531,24,12,1,0
sample_09004.pdf,2605,60,124771,161,31,15,6.36587881,36,18,1,0
sample_14751.pdf,0,0,9708,0,0,0,0.0,0,0,0,1
sample_09315.pdf,0,0,8297,0,0,0,0.0,0,0,0,1
sample_05096.pdf,8604,426,120901,343,18,53,5.645773008,116,58,1,0
sample_10080.pdf,0,0,12565,0,0,0,0.0,0,0,0,1
sample_18008.pdf,0,0,15460,0,0,0,0.0,0,0,0,1
sample_09931.pdf,0,0,9666,0,0,0,0.0,0,0,0,1
sample_13881.pdf,0,0,16484,0,0,0,0.0,0,0,0,1
sample_00105.pdf,1314,24,111389,138,12,4,5.659939221,8,4,1,0
sample_13208.pdf,0,0,76848,0,0,0,0.0,0,0,0,1
sample_11538.pdf,5283,20,15091,126,7,8,5.369682302,18,9,1,1
sample_07181.pdf,1609,27,90993,173,13,12,6.066091839,28,14,1,0
sample_00153.pdf,1480,31,92455,173,15,16,5.599878008,36,18,1,0
sample_07489.pdf,10548,92,133997,306,34,23,6.624454992,48,24,1,0
sample_02610.pdf,9265,204,47748,371,26,27,5.383420281,74,37,1,0
sample_01474.pdf,11375,35,28283,237,28,6,6.277011088,14,7,1,0
sample_13682.pdf,1,16,138163,150,44,2,3.865940465,6,3,1,1
sample_05635.pdf,39701,64,41375,87,12,24,6.126891155,48,24,1,0
sample_06240.pdf,7800,46,43695,284,14,16,6.334152918,36,18,1,0
sample_10433.pdf,1,19,8051,204,44,2,5.182068443,6,3,1,1
sample_12204.pdf,0,0,9765,0,0,0,0.0,0,0,0,1
sample_04863.pdf,258,19,7823,254,36,2,4.765031089,6,3,1,0
sample_07135.pdf,1441,16,389237,83,36,8,4.643562072,18,9,1,0
sample_01225.pdf,162579,360,343881,277,32,54,6.9202622,110,55,1,0
sample_03150.pdf,1207,66,57748,163,10,32,6.212743652,66,33,1,0
sample_03744.pdf,29658,77,38942,238,29,20,6.734522573,42,21,1,0
sample_06477.pdf,8132,266,90229,433,30,39,5.604372205,94,47,1,0
sample_00843.pdf,2141,97,60892,229,7,13,6.593386901,28,14,1,0
sample_18412.pdf,0,0,9620,0,0,0,0.0,0,0,0,1
sample_09417.pdf,0,0,15846,0,0,0,0.0,0,0,0,1
sample_03817.pdf,1245,21,77424,135,12,2,5.857044455,4,2,1,0
sample_13603.pdf,129,37,117049,179,48,4,4.755042723,16,8,1,1
sample_04950.pdf,1593,216,178447,499,12,31,5.909597496,64,32,1,0
sample_00077.pdf,32519,251,234859,204,14,22,7.014474826,44,22,1,0
sample_19090.pdf,0,0,2471,0,0,0,0.0,0,0,0,1
sample_17223.pdf,5283,20,14981,126,7,8,5.370377537,18,9,1,1
sample_19281.pdf,0,0,3285,0,0,0,0.0,0,0,0,1
sample_19006.pdf,1,16,4152,205,68,1,4.949707086,4,2,1,1
sample_17805.pdf,0,0,2004,0,0,0,0.0,0,0,0,1
sample_06356.pdf,1231,21,75445,135,12,2,5.827820832,4,2,1,0
sample_00305.pdf,1267,14,28235,158,12,6,4.480707528,16,8,1,0
sample_18046.pdf,0,0,9303,0,0,0,0.0,0,0,0,1
sample_18670.pdf,0,0,8403,0,0,0,0.0,0,0,0,1
sample_16050.pdf,0,0,9294,0,0,0,0.0,0,0,0,1
sample_10497.pdf,0,0,1364,0,0,0,0.0,0,0,0,1
sample_09240.pdf,20416,52,74115,240,30,15,6.863377315,32,16,1,0
sample_10088.pdf,0,0,9509,0,0,0,0.0,0,0,0,1
sample_16307.pdf,1,10,31204,191,6,1,1.0,2,1,1,1
sample_10159.pdf,0,0,9772,0,0,0,0.0,0,0,0,1
sample_05326.pdf,1076,12,22782,198,12,3,5.407874043,6,3,1,0
sample_15674.pdf,0,0,12272,0,0,0,0.0,0,0,0,1
sample_14368.pdf,0,0,9669,0,0,0,0.0,0,0,0,1
sample_09501.pdf,0,0,9732,0,0,0,0.0,0,0,0,1
sample_01102.pdf,11007,42,50872,312,58,7,6.404504211,16,8,1,0
sample_18667.pdf,0,0,16025,0,0,0,0.0,0,0,0,1
sample_10319.pdf,5283,20,14961,126,7,8,5.370337156,18,9,1,1
sample_14505.pdf,0,0,9898,0,0,0,0.0,0,0,0,1
sample_05413.pdf,1482,12,28283,198,12,3,5.303584715,6,3,1,0
sample_18304.pdf,0,0,7958,0,0,0,0.0,0,0,0,1
sample_01702.pdf,13330,203,1223197,298,39,68,6.451622513,146,73,1,0
sample_07707.pdf,16749,26,38737,218,8,5,7.142304568,10,5,1,0
sample_08043.pdf,18085,76,36999,318,13,39,5.828783864,80,40,1,0
sample_12248.pdf,0,0,16455,0,0,0,0.0,0,0,0,1
sample_08014.pdf,20967,45,27201,234,29,13,6.524950959,28,14,1,0
sample_11996.pdf,0,0,9608,0,0,0,0.0,0,0,0,1
sample_01599.pdf,18507,47,26580,233,28,12,6.541620007,26,13,1,0
sample_01783.pdf,13968,25,35266,218,8,5,7.130937542,10,5,1,0
sample_16099.pdf,0,0,9696,0,0,0,0.0,0,0,0,1
sample_08505.pdf,1176,21,75765,135,12,2,5.841357497,4,2,1,0
sample_13821.pdf,0,0,2726,0,0,0,0.0,0,0,0,1
sample_16541.pdf,0,0,9368,0,0,0,0.0,0,0,0,1
sample_17829.pdf,0,0,17415,0,0,0,0.0,0,0,0,1
sample_17490.pdf,0,0,9384,0,0,0,0.0,0,0,0,1
sample_10183.pdf,0,0,9504,0,0,0,0.0,0,0,0,1
sample_16422.pdf,0,0,17115,0,0,0,0.0,0,0,0,1
sample_00859.pdf,50058,602,129713,388,44,26,6.691548091,54,27,1,0
sample_09462.pdf,0,0,8958,0,0,0,0.0,0,0,0,1
sample_15422.pdf,0,0,12877,0,0,0,0.0,0,0,0,1
sample_11864.pdf,0,0,8195,0,0,0,0.0,0,0,0,1
sample_00473.pdf,12145,106,25927,377,7,11,6.23998046,24,12,1,0
sample_07172.pdf,1212,12,27500,160,12,3,5.190788975,6,3,1,0
sample_11561.pdf,0,0,2285,0,0,0,0.0,0,0,0,1
sample_17413.pdf,0,0,7923,0,0,0,0.0,0,0,0,1
sample_14035.pdf,0,0,8406,0,0,0,0.0,0,0,0,1
sample_01832.pdf,7211,895,89536,294,6,75,4.611528074,178,89,1,0
sample_18890.pdf,1,10,6004,156,37,2,5.665740752,6,3,1,1
sample_01552.pdf,2018,236,139158,185,17,28,6.41528333,62,31,1,0
sample_16952.pdf,0,0,13269,0,0,0,0.0,0,0,0,1
sample_02597.pdf,20906,81,28554,233,32,17,6.745201087,34,17,1,0
sample_10998.pdf,5283,20,15093,126,7,8,5.369685604,18,9,1,1
sample_04908.pdf,974,13,17166,188,12,3,5.260926162,8,4,1,0
sample_09997.pdf,7554,20,34434,284,9,5,6.621107037,10,5,1,1
sample_08481.pdf,2997,106,19696,339,38,6,5.761509499,14,7,1,0
sample_12915.pdf,1,15,4169,258,44,0,4.522538272,4,2,1,1
sample_01554.pdf,91128,1186,363293,156,21,51,7.036408559,102,51,1,0
sample_03625.pdf,11121,99,21269,246,11,10,6.135059085,22,11,1,0
sample_02069.pdf,1531,19,31160,238,28,4,6.282924518,10,5,1,0
sample_14783.pdf,0,0,8197,0,0,0,0.0,0,0,0,1
sample_18963.pdf,0,0,16263,0,0,0,0.0,0,0,0,1
sample_19165.pdf,0,0,8043,0,0,0,0.0,0,0,0,1
sample_18688.pdf,1,15,3611,208,44,1,5.286181283,4,2,1,1
sample_15311.pdf,0,0,1445,0,0,0,0.0,0,0,0,1
sample_17754.pdf,0,0,16435,0,0,0,0.0,0,0,0,1
sample_07885.pdf,8329,997,226639,367,26,56,4.550148638,346,173,1,0
sample_00367.pdf,16772,201,83126,228,6,10,6.76683316,22,11,1,0
sample_15406.pdf,0,0,16343,0,0,0,0.0,0,0,0,1
sample_16107.pdf,0,0,15452,0,0,0,0.0,0,0,0,1
sample_01831.pdf,14652,54,64576,278,8,19,6.410803289,42,21,1,0
sample_14393.pdf,0,0,9490,0,0,0,0.0,0,0,0,1
sample_05710.pdf,1845,161,151252,253,1,22,6.439148434,46,23,1,0
sample_17744.pdf,1033,73,137920,214,44,55,6.395664495,110,55,1,1
sample_16480.pdf,0,0,8316,0,0,0,0.0,0,0,0,1
sample_01260.pdf,7948,1237,111178,306,14,113,5.018215974,292,146,1,0
sample_11252.pdf,0,0,8293,0,0,0,0.0,0,0,0,1
sample_09297.pdf,1086,363,29928,267,7,15,6.361722226,32,16,1,0
sample_09470.pdf,0,0,9595,0,0,0,0.0,0,0,0,1
sample_11721.pdf,0,0,17277,0,0,0,0.0,0,0,0,1
sample_09732.pdf,5283,20,14961,126,7,8,5.370330494,18,9,1,1
sample_11674.pdf,0,0,9331,0,0,0,0.0,0,0,0,1
sample_00898.pdf,55819,119,93436,331,13,53,5.981416888,110,55,1,0
sample_01097.pdf,1364,21,80748,135,13,2,5.858111772,4,2,1,0
sample_13728.pdf,0,0,17075,0,0,0,0.0,0,0,0,1
sample_07580.pdf,1256,21,82115,135,12,2,5.849772719,4,2,1,0
sample_07274.pdf,5785,664,305863,280,30,33,6.657614777,72,36,1,0
sample_06484.pdf,239812,60,139658,270,8,15,6.589554091,34,17,1,0
sample_14426.pdf,1,18,5087,100,44,3,6.709089522,6,3,1,1
sample_00731.pdf,29672,613,401203,205,43,59,6.811850578,120,60,1,0
sample_16235.pdf,0,0,9481,0,0,0,0.0,0,0,0,1
sample_04930.pdf,6938,32,13626,222,8,9,6.523913762,18,9,1,0
sample_01861.pdf,1579,21,79189,135,12,2,5.860060664,4,2,1,0
sample_12223.pdf,1,15,17871,208,44,0,3.282518283,4,2,1,1
sample_08321.pdf,35043,257,314220,292,32,26,6.644907913,54,27,1,0
sample_01418.pdf,3050,22,44877,238,28,5,6.446098155,12,6,1,0
sample_07147.pdf,52353,276,187395,388,38,30,6.744875217,62,31,1,0
sample_16164.pdf,0,0,9567,0,0,0,0.0,0,0,0,1
sample_13595.pdf,0,0,9831,0,0,0,0.0,0,0,0,1
sample_00249.pdf,410,33,69524,177,13,9,5.535564043,24,12,1,0
sample_03290.pdf,1316,21,73340,135,15,2,5.845183399,4,2,1,0
sample_02115.pdf,1689,21,92819,135,11,2,5.873380647,4,2,1,0
sample_10221.pdf,0,0,1461,0,0,0,0.0,0,0,0,1
sample_06179.pdf,1140,12,32251,198,11,3,5.233777143,6,3,1,0
sample_16327.pdf,0,0,8311,0,0,0,0.0,0,0,0,1
sample_04996.pdf,6938,40,16022,399,62,11,6.349441284,24,12,1,0
sample_10660.pdf,0,0,16791,0,0,0,0.0,0,0,0,1
sample_00712.pdf,1282,12,32192,198,12,3,5.49136793,6,3,1,0
sample_00622.pdf,1339,12,33732,198,12,3,5.512778887,6,3,1,0
sample_16651.pdf,0,0,16890,0,0,0,0.0,0,0,0,1
sample_09591.pdf,0,0,9588,0,0,0,0.0,0,0,0,1
sample_17438.pdf,0,0,9534,0,0,0,0.0,0,0,0,1
sample_04770.pdf,986,13,17147,188,12,3,5.283760739,8,4,1,0
sample_10765.pdf,1,15,4247,208,44,1,5.291176079,4,2,1,1
sample_12420.pdf,0,0,17602,0,0,0,0.0,0,0,0,1
sample_03218.pdf,21267,46,64561,336,91,18,6.651962767,38,19,1,0
sample_02657.pdf,1429,26,71484,173,11,11,5.688079592,26,13,1,0
sample_18576.pdf,0,0,8163,0,0,0,0.0,0,0,0,1
sample_16828.pdf,0,0,8267,0,0,0,0.0,0,0,0,1
sample_00933.pdf,293105,176,290721,446,28,41,7.036163626,84,42,1,0
sample_07287.pdf,5701,789,39353,299,29,15,6.347170508,32,16,1,0
sample_10336.pdf,0,0,15487,0,0,0,0.0,0,0,0,1
sample_09137.pdf,1389,21,79449,135,12,2,5.851409317,4,2,1,0
sample_04078.pdf,1417,24,80993,173,12,9,5.691161939,22,11,1,0
sample_07474.pdf,1782,24,14933,292,82,9,5.227478341,20,10,1,0
sample_16139.pdf,0,0,102732,0,0,0,0.0,0,0,0,1
sample_15469.pdf,0,0,15371,0,0,0,0.0,0,0,0,1
sample_07433.pdf,13280,29,41073,218,8,5,7.151198114,10,5,1,0
sample_09144.pdf,3760,40,32597,294,19,5,4.928822684,10,5,1,0
sample_00060.pdf,88519,166,185384,421,26,67,6.695523606,136,68,1,0
sample_10664.pdf,5283,20,15113,126,7,8,5.369383697,18,9,1,1
sample_00853.pdf,4116,404,112570,404,24,48,4.678410018,234,117,1,0
sample_13581.pdf,0,0,17555,0,0,0,0.0,0,0,0,1
sample_15532.pdf,0,0,15982,0,0,0,0.0,0,0,0,1
sample_10796.pdf,5283,20,15095,126,7,8,5.369681583,18,9,1,1
sample_18655.pdf,5283,20,14981,126,7,8,5.370523146,18,9,1,1
sample_00677.pdf,5191,25,11457,233,28,4,5.733032727,10,5,1,0
sample_18353.pdf,0,0,15537,0,0,0,0.0,0,0,0,1
sample_11225.pdf,0,0,12122,0,0,0,0.0,0,0,0,1
sample_00514.pdf,1775,184,203377,427,10,20,5.948551198,42,21,1,0
sample_05372.pdf,15560,46,15552,126,10,12,6.702881557,24,12,1,0
sample_06731.pdf,1312,21,78802,138,12,2,5.852192979,4,2,1,0
sample_18211.pdf,0,0,16721,0,0,0,0.0,0,0,0,1
sample_14183.pdf,0,0,9797,0,0,0,0.0,0,0,0,1
sample_12311.pdf,0,0,1914,0,0,0,0.0,0,0,0,1
sample_03957.pdf,17131,195,35708,254,8,15,6.457928808,32,16,1,0
sample_01466.pdf,20377,98,109938,239,29,29,6.865085022,60,30,1,0
sample_10635.pdf,0,0,8365,0,0,0,0.0,0,0,0,1
sample_17125.pdf,1,15,17358,208,44,0,3.283408786,4,2,1,1
sample_03842.pdf,3511,211,277250,334,30,50,4.925922586,186,93,1,0
sample_06443.pdf,1292,21,80933,135,12,2,5.860322513,4,2,1,0
sample_16745.pdf,0,0,7950,0,0,0,0.0,0,0,0,1
sample_09022.pdf,1370,21,75632,135,11,2,5.871936364,4,2,1,0
sample_00094.pdf,11850,117,59578,219,6,8,6.749201598,18,9,1,0
sample_10275.pdf,0,0,1522,0,0,0,0.0,0,0,0,1
sample_11339.pdf,0,0,8381,0,0,0,0.0,0,0,0,1
sample_11797.pdf,0,0,15950,0,0,0,0.0,0,0,0,1
sample_00196.pdf,1162,49,205598,348,30,11,5.700910455,26,13,1,0
sample_01513.pdf,14204,33,56212,270,8,8,7.103525264,16,8,1,0
sample_10429.pdf,0,0,8256,0,0,0,0.0,0,0,0,1
sample_09846.pdf,0,0,5211,0,0,0,0.0,0,0,0,1
sample_16713.pdf,5283,20,14957,126,7,8,5.370340636,18,9,1,1
sample_01375.pdf,1312,34,83691,173,11,19,5.847325433,42,21,1,0
sample_00089.pdf,1444,28,264706,84,11,12,5.152502935,36,18,1,0
sample_17577.pdf,0,0,8391,0,0,0,0.0,0,0,0,1
sample_19243.pdf,0,0,7918,0,0,0,0.0,0,0,0,1
sample_00674.pdf,151514,174,161295,242,24,61,6.701798035,126,63,1,0
sample_00671.pdf,28164,656,124609,413,23,53,5.324133517,176,88,1,0
sample_00804.pdf,27363,68,39406,87,12,19,6.89045291,38,19,1,0
sample_15725.pdf,0,0,9515,0,0,0,0.0,0,0,0,1
sample_03110.pdf,1230,21,74500,135,10,2,5.819424555,4,2,1,0
sample_00568.pdf,13460,38,20777,234,29,10,6.463645313,22,11,1,0
sample_02249.pdf,1303,21,76235,135,12,2,5.846586621,4,2,1,0
sample_02133.pdf,1482,21,78148,145,12,2,5.870411452,4,2,1,0
sample_12795.pdf,0,0,1446,0,0,0,0.0,0,0,0,1
sample_18929.pdf,0,0,16213,0,0,0,0.0,0,0,0,1
sample_14381.pdf,170,200006,38718,290,13,1,6.159554253,2,1,1,1
sample_05427.pdf,6211,71,209441,232,19,27,6.218203116,60,30,1,0
sample_05002.pdf,1473,33,82737,173,18,18,5.592217279,40,20,1,0
sample_02410.pdf,53041,334,204694,258,26,41,6.688552624,84,42,1,0
sample_04439.pdf,4329,1489,179146,338,14,64,5.468855803,168,84,1,0
sample_00643.pdf,1228,16,10611,218,29,1,7.116654432,2,1,1,0
sample_00187.pdf,24927,47,32380,238,29,11,6.581204099,24,12,1,0
sample_01879.pdf,1192,21,70830,135,11,2,5.827626112,4,2,1,0
sample_03456.pdf,77408,299,233339,313,40,32,6.836064179,66,33,1,0
sample_13594.pdf,48212,23,16719,302,15,7,6.55899555,14,7,1,1
sample_11480.pdf,0,0,8015,0,0,0,0.0,0,0,0,1
sample_15009.pdf,0,0,77936,0,0,0,0.0,0,0,0,1
sample_06219.pdf,1751,287,106385,352,38,14,5.697603962,30,15,1,0
sample_04124.pdf,2494,81,31813,330,26,17,6.113413043,36,18,1,0
sample_14168.pdf,0,0,15056,0,0,0,0.0,0,0,0,1
sample_18396.pdf,1,9,306227,0,0,0,4.007137329,4,2,1,1
sample_15181.pdf,0,0,17177,0,0,0,0.0,0,0,0,1
sample_19229.pdf,5283,20,15025,126,7,8,5.369937838,18,9,1,1
sample_04520.pdf,37124,2443,383579,269,17,82,6.471461069,174,87,1,0
sample_01610.pdf,4173,23,243251,273,72,6,6.490024914,16,8,1,0
sample_01318.pdf,6346,18,13727,222,8,1,6.434912004,2,1,1,0
sample_03654.pdf,1364,21,92112,135,11,2,5.878405565,4,2,1,0
sample_12519.pdf,0,0,15978,0,0,0,0.0,0,0,0,1
sample_18097.pdf,0,0,9369,0,0,0,0.0,0,0,0,1
sample_08476.pdf,4382,1533,142266,232,36,12,6.43907017,26,13,1,0
sample_02122.pdf,1014,13,16987,188,12,3,5.179902629,8,4,1,0
sample_04046.pdf,1737,12,11404,87,11,1,7.126245274,2,1,1,0
sample_00038.pdf,1272,21,74787,135,12,2,5.853781374,4,2,1,0
sample_05361.pdf,27418,190,147167,230,23,27,6.488589486,58,29,1,0
sample_13978.pdf,71,16,10254,214,68,2,7.117293856,4,2,1,1
sample_15017.pdf,0,0,1450,0,0,0,0.0,0,0,0,1
sample_07221.pdf,13935,1545,179949,404,31,127,4.60428901,520,260,1,0
sample_06984.pdf,3381,9,69188,165,12,1,5.33514286,4,2,1,0
sample_03239.pdf,5197,85,55909,251,26,27,6.307285389,56,28,1,0
sample_03067.pdf,9983,31,42493,239,29,8,6.657076478,18,9,1,0
sample_10006.pdf,1,18,5093,100,68,3,6.825874099,6,3,1,1
sample_10240.pdf,0,0,9296,0,0,0,0.0,0,0,0,1
sample_01555.pdf,1401,49,92210,173,16,34,5.680598679,72,36,1,0
sample_01177.pdf,1091,12,32199,198,12,3,5.379367734,6,3,1,0
sample_02648.pdf,1710,24,151059,138,12,4,5.80209774,8,4,1,0
sample_02759.pdf,15363,141,29776,300,56,11,6.185004661,24,12,1,0
sample_05406.pdf,1293,237,17216,354,48,7,5.723691373,16,8,1,0
sample_10461.pdf,0,0,7959,0,0,0,0.0,0,0,0,1
sample_18943.pdf,0,0,8129,0,0,0,0.0,0,0,0,1
sample_15843.pdf,5283,20,15093,126,7,8,5.369677594,18,9,1,1
sample_15615.pdf,0,0,9774,0,0,0,0.0,0,0,0,1
sample_17947.pdf,0,0,9515,0,0,0,0.0,0,0,0,1
sample_15768.pdf,3784,20,12259,126,7,9,5.540159544,18,9,1,1
sample_02454.pdf,1002,13,17482,188,12,3,5.199503803,8,4,1,0
sample_03980.pdf,7805,687,93807,286,14,54,5.422851476,146,73,1,0
sample_03338.pdf,5671,62,115077,262,49,32,6.147172458,66,33,1,0
sample_00758.pdf,13891,43,60557,315,70,17,6.644595012,36,18,1,0
sample_05585.pdf,29136,70,55177,256,27,27,6.594467153,56,28,1,0
sample_02971.pdf,6327,544,82989,410,27,49,5.589114731,124,62,1,0
sample_09319.pdf,0,0,13482,0,0,0,0.0,0,0,0,1
sample_07423.pdf,63893,910,108812,433,140,40,6.817358995,82,41,1,0
sample_01232.pdf,1286,21,76319,135,13,2,5.848868124,4,2,1,0
sample_02938.pdf,1160,12,38001,160,12,3,5.221121461,6,3,1,0
sample_04126.pdf,32549,194,164630,299,21,30,6.656270791,62,31,1,0
sample_19049.pdf,0,0,9751,0,0,0,0.0,0,0,0,1
sample_11303.pdf,0,0,16322,0,0,0,0.0,0,0,0,1
sample_09926.pdf,0,0,1991,0,0,0,0.0,0,0,0,1
sample_16825.pdf,0,0,9723,0,0,0,0.0,0,0,0,1
sample_16449.pdf,0,0,77950,0,0,0,0.0,0,0,0,1
sample_13757.pdf,26091,20,9689,277,38,7,6.494539638,14,7,1,1
sample_16646.pdf,0,0,9385,0,0,0,0.0,0,0,0,1
sample_06536.pdf,21153,60,30910,203,6,16,6.858996939,32,16,1,0
sample_16278.pdf,0,0,8128,0,0,0,0.0,0,0,0,1
sample_09641.pdf,0,0,3780,0,0,0,0.0,0,0,0,1
sample_07392.pdf,11917,784,89369,323,14,47,6.151740999,96,48,1,0
sample_03443.pdf,1573,21,88671,135,11,2,5.865288782,4,2,1,0
sample_12354.pdf,0,0,78180,0,0,0,0.0,0,0,0,1
sample_11430.pdf,0,0,79718,0,0,0,0.0,0,0,0,1
sample_11249.pdf,0,0,9480,0,0,0,0.0,0,0,0,1
sample_00102.pdf,892,51,34386,298,27,15,6.348148695,32,16,1,0
sample_17163.pdf,71,16,10026,214,44,2,7.112710048,4,2,1,1
sample_05685.pdf,21821,191,83379,223,10,16,6.85353455,34,17,1,0
sample_14710.pdf,0,0,9666,0,0,0,0.0,0,0,0,1
sample_08172.pdf,38451,55,45319,87,11,14,6.996109877,28,14,1,0
sample_13522.pdf,0,0,7826,0,0,0,0.0,0,0,0,1
sample_14249.pdf,0,0,9576,0,0,0,0.0,0,0,0,1
sample_12496.pdf,1,10,5874,156,37,2,5.716114867,6,3,1,1
sample_05043.pdf,1353,63,280932,384,28,51,6.063610224,104,52,1,0
sample_10031.pdf,0,0,23192,0,0,0,0.0,0,0,0,1
sample_15952.pdf,0,0,17459,0,0,0,0.0,0,0,0,1
sample_01446.pdf,1222,12,25528,198,12,3,5.388661631,6,3,1,0
sample_16925.pdf,0,0,1449,0,0,0,0.0,0,0,0,1
sample_14373.pdf,0,0,17058,0,0,0,0.0,0,0,0,1
sample_16682.pdf,0,0,17378,0,0,0,0.0,0,0,0,1
sample_08089.pdf,10418,34,16797,161,12,8,6.756620671,16,8,1,0
sample_09397.pdf,0,0,13474,0,0,0,0.0,0,0,0,1
sample_10425.pdf,0,0,4059,0,0,0,0.0,0,0,0,1
sample_13969.pdf,0,0,16980,0,0,0,0.0,0,0,0,1
sample_02886.pdf,11618,708,274016,469,31,77,4.482292756,290,145,1,0
sample_03793.pdf,24010,101,265589,264,18,45,6.25007215,92,46,1,0
sample_11998.pdf,0,0,17128,0,0,0,0.0,0,0,0,1
sample_14885.pdf,0,0,8271,0,0,0,0.0,0,0,0,1
sample_11708.pdf,15,10,17729,199,13,0,4.462484766,2,1,1,1
sample_01069.pdf,21704,314,40860,305,6,17,6.483048117,36,18,1,0
sample_12075.pdf,0,0,9150,0,0,0,0.0,0,0,0,1
sample_17753.pdf,0,0,9438,0,0,0,0.0,0,0,0,1
sample_04483.pdf,6278,150,226810,263,50,90,4.650053018,210,105,1,0
sample_03528.pdf,20882,3261,150560,254,8,48,6.77294549,98,49,1,0
sample_01165.pdf,2139,374,151203,294,6,52,4.856274118,116,58,1,0
sample_01780.pdf,1158,21,73673,135,12,2,5.83992171,4,2,1,0
sample_10757.pdf,0,0,2454,0,0,0,0.0,0,0,0,1
sample_07905.pdf,3332,50,15876,317,18,6,5.676729168,14,7,1,0
sample_14644.pdf,0,0,16348,0,0,0,0.0,0,0,0,1
sample_03909.pdf,11838,658,369629,369,27,309,3.907490387,718,359,1,0
sample_05750.pdf,5072,565,73859,83,16,67,4.709850638,158,79,1,0
sample_17711.pdf,0,0,17240,0,0,0,0.0,0,0,0,1
sample_16985.pdf,1,26,23712,166,44,8,4.562660885,22,11,1,1
sample_11658.pdf,0,0,8231,0,0,0,0.0,0,0,0,1
sample_07210.pdf,10337,40,42062,253,72,8,6.958012061,16,8,1,0
sample_07154.pdf,1239,21,67443,138,12,2,5.813146928,4,2,1,0
sample_04392.pdf,5959,779,86616,413,30,54,5.637429146,130,65,1,0
sample_01510.pdf,3616,55,133510,128,9,18,6.988638089,36,18,1,0
sample_01535.pdf,2478,57,34203,272,56,5,6.45242097,12,6,1,0
sample_01122.pdf,1250,12,25632,198,12,3,5.41300398,6,3,1,0
sample_04295.pdf,6697,624,120084,395,26,40,5.57589981,114,57,1,0
sample_04032.pdf,16509,27,15952,87,11,6,6.933907332,12,6,1,0
sample_11680.pdf,0,0,9577,0,0,0,0.0,0,0,0,1
sample_08563.pdf,17029,3337,185083,419,17,77,5.038196866,274,137,1,0
sample_10957.pdf,1,9,95065,0,0,0,3.915948359,4,2,1,1
sample_02238.pdf,1319,32,154756,198,16,11,5.759316914,22,11,1,0
sample_07324.pdf,1029,21,61897,135,13,2,5.788961214,4,2,1,0
sample_10879.pdf,0,0,9528,0,0,0,0.0,0,0,0,1
sample_04620.pdf,13899,747,95454,377,14,61,5.913754748,130,65,1,0
sample_16192.pdf,0,0,16989,0,0,0,0.0,0,0,0,1
sample_18314.pdf,0,0,13125,0,0,0,0.0,0,0,0,1
sample_05255.pdf,8388,46,55801,239,29,15,6.673226383,32,16,1,0
sample_17059.pdf,0,0,9542,0,0,0,0.0,0,0,0,1
sample_03974.pdf,1644,21,77956,135,12,2,5.86672276,4,2,1,0
sample_06795.pdf,5818,69,14940,252,8,7,5.733258967,16,8,1,0
sample_10654.pdf,0,0,17326,0,0,0,0.0,0,0,0,1
sample_01807.pdf,1751,116,252332,381,17,26,5.816005972,54,27,1,0
sample_09751.pdf,7741,22,8872,158,15,10,5.656044457,20,10,1,1
sample_15703.pdf,0,0,8395,0,0,0,0.0,0,0,0,1
sample_15051.pdf,0,0,8260,0,0,0,0.0,0,0,0,1
sample_09687.pdf,0,0,1976,0,0,0,0.0,0,0,0,1
sample_14793.pdf,5283,20,14955,126,7,8,5.37051553,18,9,1,1
sample_13970.pdf,1,18,4538,100,68,3,6.737478283,6,3,1,1
sample_16885.pdf,7,95,240872,200,8,31,5.237715211,83,41,1,1
sample_11678.pdf,0,0,8267,0,0,0,0.0,0,0,0,1
sample_06682.pdf,1161,60,38432,323,21,7,4.058083735,34,17,1,0
sample_19209.pdf,0,0,16050,0,0,0,0.0,0,0,0,1
sample_02934.pdf,1323,44,124192,173,11,29,6.190532818,62,31,1,0
sample_11774.pdf,0,0,9669,0,0,0,0.0,0,0,0,1
sample_17272.pdf,0,0,9333,0,0,0,0.0,0,0,0,1
sample_08311.pdf,2834,93,48854,288,64,6,6.663231421,14,7,1,0
sample_00904.pdf,85183,1982,233545,300,2,53,6.8484335,108,54,1,0
sample_03947.pdf,13782,48,37601,277,12,10,6.487790758,22,11,1,0
sample_09090.pdf,1171,12,24284,198,12,3,5.304715386,6,3,1,0
sample_17883.pdf,0,0,9551,0,0,0,0.0,0,0,0,1
sample_09149.pdf,1004,13,17480,188,12,3,5.164628908,8,4,1,0
sample_10124.pdf,0,0,8247,0,0,0,0.0,0,0,0,1
sample_09737.pdf,0,0,9620,0,0,0,0.0,0,0,0,1
sample_08207.pdf,22072,139,187750,276,10,65,6.403881939,132,66,1,0
sample_12281.pdf,0,0,6607,0,0,0,0.0,0,0,0,1
sample_11942.pdf,0,0,13636,0,0,0,0.0,0,0,0,1
sample_09845.pdf,5283,20,15021,126,7,8,5.370062212,18,9,1,1
sample_15889.pdf,0,0,8338,0,0,0,0.0,0,0,0,1
sample_04702.pdf,1416,46,111621,173,13,31,5.909443717,66,33,1,0
sample_12701.pdf,0,0,12521,0,0,0,0.0,0,0,0,1
sample_04014.pdf,6445,954,101233,435,33,67,5.027997749,208,104,1,0
sample_06093.pdf,1373,12,27050,198,12,3,5.491337819,6,3,1,0
sample_00998.pdf,26802,296,51296,302,9,17,6.537036984,36,18,1,0
sample_03165.pdf,1558,145,177317,459,12,30,5.875268395,62,31,1,0
sample_08235.pdf,6001,58,13779,302,56,5,5.503572766,12,6,1,0
sample_08942.pdf,54677,259,202434,269,21,34,6.602802141,72,36,1,0
sample_01684.pdf,1199,12,25777,198,11,3,5.303594618,6,3,1,0
sample_14776.pdf,0,0,7908,0,0,0,0.0,0,0,0,1
sample_03310.pdf,20029,44,25879,222,8,13,6.446527633,26,13,1,0
sample_11153.pdf,0,0,9698,0,0,0,0.0,0,0,0,1
sample_12607.pdf,0,0,15522,0,0,0,0.0,0,0,0,1
sample_10050.pdf,0,0,15962,0,0,0,0.0,0,0,0,1
sample_04217.pdf,93199,296,265368,295,38,39,6.779153444,80,40,1,0
sample_11535.pdf,0,0,8116,0,0,0,0.0,0,0,0,1
sample_03626.pdf,1181,21,72542,135,12,2,5.813701424,4,2,1,0
sample_02522.pdf,23788,68,32999,235,28,17,6.682822277,36,18,1,0
sample_16041.pdf,0,0,9734,0,0,0,0.0,0,0,0,1
sample_05188.pdf,2537,68,166733,286,24,26,6.427355269,54,27,1,0
sample_17609.pdf,1,16,6546,214,44,2,7.05590636,4,2,1,1
sample_11682.pdf,0,0,1975,0,0,0,0.0,0,0,0,1
sample_02778.pdf,1767,25,85046,173,12,10,5.326981891,24,12,1,0
sample_09701.pdf,0,0,8166,0,0,0,0.0,0,0,0,1
sample_05545.pdf,37382,216,54709,302,56,27,6.695420859,56,28,1,0
sample_03114.pdf,26274,1166,144301,460,30,95,5.125123713,296,148,1,0
sample_16171.pdf,0,0,9771,0,0,0,0.0,0,0,0,1
sample_10564.pdf,135,200006,38699,290,13,1,6.036672561,2,1,1,1
sample_08561.pdf,2943,20,11378,238,29,4,5.743488189,10,5,1,0
sample_04490.pdf,3063,60,89337,308,30,17,6.726087405,36,18,1,0
sample_01539.pdf,16586,48,27283,235,28,12,6.566482673,26,13,1,0
sample_01738.pdf,2332,21,241434,276,75,5,6.429758607,14,7,1,0
sample_04316.pdf,1140,21,68771,135,12,2,5.828808513,4,2,1,0
sample_17520.pdf,0,0,2147,0,0,0,0.0,0,0,0,1
sample_16196.pdf,5283,20,15093,126,7,8,5.369697594,18,9,1,1
sample_14184.pdf,0,0,8431,0,0,0,0.0,0,0,0,1
sample_17663.pdf,569,21,244755,247,46,5,6.403837056,14,7,1,1
sample_03048.pdf,1581,126,256380,473,16,29,5.76540713,60,30,1,0
sample_08792.pdf,1572,12,33870,160,7,3,5.090660618,6,3,1,0
sample_08387.pdf,4691,123,361904,303,24,44,5.892404169,102,51,1,0
sample_13060.pdf,0,0,9620,0,0,0,0.0,0,0,0,1
sample_18144.pdf,0,0,13054,0,0,0,0.0,0,0,0,1
sample_07998.pdf,39212,189,170545,326,43,25,6.796836629,52,26,1,0
sample_04727.pdf,45714,65,45455,317,40,20,6.795142495,42,21,1,0
sample_00458.pdf,1539,21,97142,135,12,2,5.889932581,4,2,1,0
sample_03824.pdf,13614,46,25741,242,35,10,6.507681879,22,11,1,0
sample_06693.pdf,7681,28,20809,87,10,6,6.967021616,12,6,1,0
sample_06216.pdf,3434,545,71861,426,30,39,5.984489293,80,40,1,0
sample_11351.pdf,0,0,8296,0,0,0,0.0,0,0,0,1
sample_16304.pdf,0,0,12103,0,0,0,0.0,0,0,0,1
sample_10108.pdf,0,0,9817,0,0,0,0.0,0,0,0,1
sample_12128.pdf,1,19,8202,204,44,2,5.192359478,6,3,1,1
sample_09609.pdf,0,0,8339,0,0,0,0.0,0,0,0,1
sample_02877.pdf,1290,21,70498,145,12,2,5.840920542,4,2,1,0
sample_13125.pdf,0,0,8434,0,0,0,0.0,0,0,0,1
sample_04267.pdf,8821,541,79813,355,30,52,5.552867712,126,63,1,0
sample_18545.pdf,0,0,8279,0,0,0,0.0,0,0,0,1
sample_06567.pdf,4087,238,56701,418,32,37,5.599004841,84,42,1,0
sample_10351.pdf,1,62,284451,137,44,45,5.249488741,107,53,1,1
sample_17785.pdf,1,28,4586,134,37,4,3.213943853,10,5,1,1
sample_09031.pdf,1171,12,24584,198,12,3,5.478655424,6,3,1,0
sample_00110.pdf,767,23,65782,190,22,4,6.406628336,8,4,1,0
sample_02796.pdf,1567,12,31684,198,12,3,5.510877437,6,3,1,0
sample_17011.pdf,0,0,12323,0,0,0,0.0,0,0,0,1
sample_18178.pdf,0,0,9707,0,0,0,0.0,0,0,0,1
sample_14558.pdf,0,0,2048000,0,0,0,0.0,0,0,0,1
sample_08400.pdf,1070,12,22435,198,12,3,5.396184105,6,3,1,0
sample_07516.pdf,3615,139,183042,320,40,54,6.432413172,114,57,1,0
sample_07390.pdf,309,22,4055,175,36,3,5.933693812,6,3,1,0
sample_07085.pdf,14295,125,69804,226,11,8,6.662473611,18,9,1,0
sample_00471.pdf,5309,460,58619,352,38,39,6.029404906,76,38,1,0
sample_14883.pdf,0,0,8469,0,0,0,0.0,0,0,0,1
sample_07568.pdf,7231,37,248976,255,54,13,6.608326401,30,15,1,0
sample_05919.pdf,6064,40,53624,318,73,15,6.551323758,32,16,1,0
sample_07218.pdf,1313,21,83019,138,12,2,5.859826317,4,2,1,0
sample_06685.pdf,14361,27,39505,218,8,6,6.993153184,12,6,1,0
sample_11676.pdf,0,0,2011,0,0,0,0.0,0,0,0,1
sample_12750.pdf,0,0,9235,0,0,0,0.0,0,0,0,1
sample_00656.pdf,17575,195,52999,350,1,30,6.136900738,62,31,1,0
sample_13499.pdf,1,16,15029,214,44,0,4.647775259,4,2,1,1
sample_13711.pdf,0,0,8137,0,0,0,0.0,0,0,0,1
sample_02717.pdf,5521,40,149123,171,25,3,5.833891039,12,6,1,0
sample_08345.pdf,7133,462,83085,441,36,45,5.833841236,94,47,1,0
sample_13335.pdf,0,0,15509,0,0,0,0.0,0,0,0,1
sample_10995.pdf,0,0,9571,0,0,0,0.0,0,0,0,1
sample_18573.pdf,0,0,8327,0,0,0,0.0,0,0,0,1
sample_16790.pdf,0,0,13396,0,0,0,0.0,0,0,0,1
sample_12618.pdf,0,0,9489,0,0,0,0.0,0,0,0,1
sample_16426.pdf,1,9,95065,0,0,0,3.928490473,4,2,1,1
sample_05653.pdf,5827,31,19498,245,33,11,6.371395613,24,12,1,0
sample_10432.pdf,0,0,16993,0,0,0,0.0,0,0,0,1
sample_08217.pdf,9888,2100,126078,449,30,73,5.538056964,192,96,1,0
sample_15626.pdf,0,0,12284,0,0,0,0.0,0,0,0,1
sample_01080.pdf,8983,929,184239,294,6,72,4.988234547,166,83,1,0
sample_11971.pdf,0,0,12044,0,0,0,0.0,0,0,0,1
sample_02871.pdf,72431,130,65788,194,12,38,6.946995221,76,38,1,0
sample_17213.pdf,0,0,1465,0,0,0,0.0,0,0,0,1
sample_11495.pdf,0,0,15921,0,0,0,0.0,0,0,0,1
sample_03083.pdf,12062,88,272639,190,60,12,6.973081838,24,12,1,0
sample_15771.pdf,1,16,14823,214,44,0,4.629972945,4,2,1,1
sample_13677.pdf,71,16,10108,214,44,2,7.101505982,4,2,1,1
sample_06598.pdf,8453,655,133004,422,27,77,4.84715655,356,178,1,0
sample_19256.pdf,0,0,8285,0,0,0,0.0,0,0,0,1
sample_17708.pdf,5283,20,14963,126,7,8,5.370413247,18,9,1,1
sample_14239.pdf,0,0,1969,0,0,0,0.0,0,0,0,1
sample_03925.pdf,92853,59,83173,218,8,16,7.079938576,32,16,1,0
sample_03297.pdf,9223,141,64378,210,18,8,6.725933318,18,9,1,0
sample_02059.pdf,38633,1724,352449,449,56,145,4.932898745,440,220,1,0
sample_19152.pdf,17,10,17873,201,14,1,5.108276986,2,1,1,1
sample_02164.pdf,1451,26,105729,173,12,11,5.878670919,26,13,1,0
sample_14869.pdf,0,0,15487,0,0,0,0.0,0,0,0,1
sample_08056.pdf,1623,159,278998,431,13,29,5.801022998,60,30,1,0
sample_12325.pdf,0,0,12093,0,0,0,0.0,0,0,0,1
sample_14107.pdf,0,0,17097,0,0,0,0.0,0,0,0,1
sample_00168.pdf,25260,3676,307228,354,38,131,5.008880401,448,224,1,0
sample_14016.pdf,5283,20,15021,126,7,8,5.369960408,18,9,1,1
sample_10617.pdf,0,0,11963,0,0,0,0.0,0,0,0,1
sample_17657.pdf,0,0,8430,0,0,0,0.0,0,0,0,1
sample_09745.pdf,5283,20,15093,126,7,8,5.369568519,18,9,1,1
sample_13199.pdf,0,0,9549,0,0,0,0.0,0,0,0,1
sample_01169.pdf,3103,199,326466,322,40,75,6.218221215,168,84,1,0
sample_19178.pdf,0,0,9488,0,0,0,0.0,0,0,0,1
sample_15302.pdf,0,0,9672,0,0,0,0.0,0,0,0,1
sample_02575.pdf,17595,152,101279,305,13,17,5.914269293,36,18,1,0
sample_02276.pdf,36285,173,162870,360,35,26,6.73884456,54,27,1,0
sample_16944.pdf,0,0,1971,0,0,0,0.0,0,0,0,1
sample_01359.pdf,3593,94,42323,311,32,40,6.166892705,84,42,1,0
sample_13720.pdf,0,0,77946,0,0,0,0.0,0,0,0,1
sample_02113.pdf,5175,419,280960,358,25,41,3.734920459,404,202,1,0
sample_09193.pdf,1175,12,25648,198,12,3,5.356512942,6,3,1,0
sample_11945.pdf,5283,20,14957,126,7,8,5.370366905,18,9,1,1
sample_07590.pdf,2642,26,11943,233,28,5,5.890612279,12,6,1,0
sample_02264.pdf,13301,494,80733,463,30,48,5.578482311,114,57,1,0
sample_04336.pdf,13064,38,20495,238,29,9,6.426919264,20,10,1,0
sample_00409.pdf,108927,120,147920,314,34,38,6.949143649,78,39,1,0
sample_01096.pdf,10843,108,27429,418,45,8,5.279460358,20,10,1,0
sample_00617.pdf,8204,231,36516,572,84,12,6.23362533,26,13,1,0
sample_14475.pdf,0,0,15763,0,0,0,0.0,0,0,0,1
sample_05522.pdf,26271,1619,387725,272,56,29,6.962403438,60,30,1,0
sample_02570.pdf,21253,169,102762,220,6,17,6.899882259,36,18,1,0
sample_16345.pdf,6192,28,37299,288,16,9,6.748938437,18,9,1,1
sample_18027.pdf,1,10,6068,156,37,2,5.696821583,6,3,1,1
sample_13297.pdf,0,0,1449,0,0,0,0.0,0,0,0,1
sample_03883.pdf,8826,430,187325,275,14,48,5.669563627,114,57,1,0
sample_13322.pdf,0,0,17989,0,0,0,0.0,0,0,0,1
sample_16166.pdf,0,0,13286,0,0,0,0.0,0,0,0,1
sample_01289.pdf,3339,70,27478,175,8,5,4.366454486,20,10,1,0
sample_09770.pdf,0,0,9408,0,0,0,0.0,0,0,0,1
sample_11401.pdf,1,70,9135,0,0,1,7.165096352,2,1,1,1
sample_15269.pdf,0,0,7892,0,0,0,0.0,0,0,0,1
sample_06177.pdf,11894,82,52041,342,27,16,4.785764187,52,26,1,0
sample_05984.pdf,964,18,1895082,175,36,8,4.788903123,22,11,1,0
sample_12526.pdf,0,0,9412,0,0,0,0.0,0,0,0,1
sample_07915.pdf,10699,401,80287,323,17,50,5.782140846,110,55,1,0
sample_14847.pdf,5283,20,15093,126,7,8,5.369563558,18,9,1,1
sample_14279.pdf,0,0,17419,0,0,0,0.0,0,0,0,1
sample_13092.pdf,0,0,8032,0,0,0,0.0,0,0,0,1
sample_12613.pdf,0,0,12045,0,0,0,0.0,0,0,0,1
sample_19200.pdf,0,0,1970,0,0,0,0.0,0,0,0,1
sample_02433.pdf,6971,29,13659,233,28,6,6.152847598,14,7,1,0
sample_00151.pdf,1489,25,98682,173,13,10,5.766159326,24,12,1,0
sample_03056.pdf,20536,57,45374,263,56,16,6.681151425,34,17,1,0
sample_12450.pdf,10145,14,4703,294,11,3,6.664348759,6,3,1,1
sample_14575.pdf,0,0,1436,0,0,0,0.0,0,0,0,1
sample_11586.pdf,0,0,77548,0,0,0,0.0,0,0,0,1
sample_00511.pdf,1211,12,27917,160,12,3,5.05738284,6,3,1,0
sample_14274.pdf,14746,19,9132,167,56,5,6.940247567,10,5,1,1
sample_07374.pdf,4594,136,50377,268,55,7,6.565473945,16,8,1,0
sample_08858.pdf,1203,12,26358,198,12,3,5.382443057,6,3,1,0
sample_13744.pdf,0,0,9630,0,0,0,0.0,0,0,0,1
sample_00554.pdf,7729,202,53876,435,24,26,5.175435032,88,44,1,0
sample_19106.pdf,0,0,8087,0,0,0,0.0,0,0,0,1
sample_14003.pdf,0,0,12249,0,0,0,0.0,0,0,0,1
sample_02985.pdf,10604,31,51641,221,6,8,6.746268477,18,9,1,0
sample_15479.pdf,0,0,2712,0,0,0,0.0,0,0,0,1
sample_05171.pdf,25830,281,45012,254,8,20,6.557187442,42,21,1,0
sample_13103.pdf,0,0,9810,0,0,0,0.0,0,0,0,1
sample_01161.pdf,1410,21,82026,135,12,2,5.854958455,4,2,1,0
sample_05776.pdf,25894,1339,364047,360,27,228,4.235076316,1624,812,1,0
sample_11737.pdf,0,0,8344,0,0,0,0.0,0,0,0,1
sample_06866.pdf,24260,230,39119,363,72,15,6.48090718,32,16,1,0
sample_11038.pdf,0,0,9859,0,0,0,0.0,0,0,0,1
sample_11640.pdf,0,0,8125,0,0,0,0.0,0,0,0,1
sample_17943.pdf,0,0,9332,0,0,0,0.0,0,0,0,1
sample_01546.pdf,17135,151,29796,255,9,15,6.347971934,32,16,1,0
sample_13379.pdf,0,0,17206,0,0,0,0.0,0,0,0,1
sample_10754.pdf,0,0,9262,0,0,0,0.0,0,0,0,1
sample_08517.pdf,2244,389,176978,816,24,35,6.010252671,72,36,1,0
sample_13535.pdf,1107,25,213354,115,68,9,5.118450945,18,9,1,1
sample_00788.pdf,1505,126,123289,371,18,24,5.964194346,50,25,1,0
sample_05913.pdf,416,8,1391,285,12,1,6.163151724,2,1,1,0
sample_16224.pdf,0,0,44911,0,0,0,0.0,0,0,0,1
sample_10828.pdf,0,0,8027,0,0,0,0.0,0,0,0,1
sample_00721.pdf,4153,346,82037,424,28,41,5.729187991,94,47,1,0
sample_14148.pdf,2606,10,16440,237,19,1,6.878738285,2,1,1,1
sample_13589.pdf,0,0,8149,0,0,0,0.0,0,0,0,1
sample_19224.pdf,0,0,3933,0,0,0,0.0,0,0,0,1
sample_10469.pdf,5283,20,15041,126,7,8,5.369895181,18,9,1,1
sample_09566.pdf,0,0,77959,0,0,0,0.0,0,0,0,1
sample_08348.pdf,6383,104,18146,254,8,8,5.962492935,18,9,1,0
sample_14352.pdf,0,0,9716,0,0,0,0.0,0,0,0,1
sample_09833.pdf,5283,20,15017,126,7,8,5.369827436,18,9,1,1
sample_18477.pdf,5283,20,15019,126,7,8,5.37004012,18,9,1,1
sample_17377.pdf,0,0,7985,0,0,0,0.0,0,0,0,1
sample_13090.pdf,0,0,9419,0,0,0,0.0,0,0,0,1
sample_08782.pdf,13493,53,44811,301,37,20,6.581763385,42,21,1,0
sample_11384.pdf,0,0,8377,0,0,0,0.0,0,0,0,1
sample_16811.pdf,0,0,17184,0,0,0,0.0,0,0,0,1
sample_02222.pdf,1056,27,111340,198,12,9,5.792910824,18,9,1,0
sample_18408.pdf,0,0,9154,0,0,0,0.0,0,0,0,1
sample_15886.pdf,4956,20,13029,126,7,9,5.514061147,18,9,1,1
sample_06804.pdf,3468,88,87141,324,48,8,6.047831794,18,9,1,0
sample_19210.pdf,0,0,9643,0,0,0,0.0,0,0,0,1
sample_18905.pdf,0,0,9367,0,0,0,0.0,0,0,0,1
sample_13423.pdf,0,0,12230,0,0,0,0.0,0,0,0,1
sample_13795.pdf,0,0,2047,0,0,0,0.0,0,0,0,1
sample_04650.pdf,1220,12,28779,198,12,3,5.49441455,6,3,1,0
sample_08634.pdf,3588,78,20908,305,12,13,6.193291406,28,14,1,0
sample_08562.pdf,7501,69,17868,246,11,8,5.922042361,18,9,1,0
sample_09497.pdf,0,0,8124,0,0,0,0.0,0,0,0,1
sample_18187.pdf,0,0,9440,0,0,0,0.0,0,0,0,1
sample_17037.pdf,0,0,16082,0,0,0,0.0,0,0,0,1
sample_05823.pdf,20717,45,27304,234,29,13,6.490409137,28,14,1,0
sample_18085.pdf,0,0,9695,0,0,0,0.0,0,0,0,1
sample_16984.pdf,0,0,9656,0,0,0,0.0,0,0,0,1
sample_18606.pdf,0,0,10114,0,0,0,0.0,0,0,0,1
sample_03787.pdf,18933,42,25398,238,29,10,6.50826881,22,11,1,0
sample_08694.pdf,5567,36,20153,339,8,6,6.132931124,14,7,1,0
sample_07701.pdf,17320,52,27330,233,28,13,6.611131166,28,14,1,0
sample_13465.pdf,1,15,14725,68,44,2,5.318495697,4,2,1,1
sample_08828.pdf,6153,92,54472,214,8,9,6.731166438,20,10,1,0
sample_09899.pdf,0,0,9400,0,0,0,0.0,0,0,0,1
sample_00082.pdf,49309,807,146522,424,61,37,6.662432919,76,38,1,0
sample_03024.pdf,50102,82,81787,239,29,24,6.887691334,50,25,1,0
sample_18695.pdf,0,0,8183,0,0,0,0.0,0,0,0,1
sample_05423.pdf,13427,147,29685,302,56,13,6.294183586,28,14,1,0
sample_16907.pdf,0,0,8536,0,0,0,0.0,0,0,0,1
sample_19073.pdf,0,0,8270,0,0,0,0.0,0,0,0,1
sample_08821.pdf,2274,30,29980,247,34,12,6.338467379,26,13,1,0
sample_13401.pdf,0,0,15363,0,0,0,0.0,0,0,0,1
sample_05655.pdf,17436,35,20578,127,11,9,6.75965038,18,9,1,0
sample_10869.pdf,0,0,41127,0,0,0,0.0,0,0,0,1
sample_06203.pdf,1449,129,200245,491,14,30,5.881736273,62,31,1,0
sample_10223.pdf,1,9,21632,0,0,0,4.080748031,4,2,1,1
sample_06555.pdf,4754,85,62408,361,20,9,4.971475799,24,12,1,0
sample_10139.pdf,0,0,14658,0,0,0,0.0,0,0,0,1
sample_02459.pdf,242630,124,92216,221,17,38,5.937655051,88,44,1,0
sample_01282.pdf,31566,172,40519,265,14,14,6.453360098,30,15,1,0
sample_04478.pdf,2924,1198,109250,416,38,32,3.894700386,266,133,1,0
sample_10401.pdf,0,0,12166,0,0,0,0.0,0,0,0,1
sample_12599.pdf,1,16,5244,214,44,2,5.302882262,4,2,1,1
sample_07359.pdf,15595,288,51763,340,36,12,5.970458548,28,14,1,0
sample_05648.pdf,7746,34,52663,221,6,9,6.696415363,20,10,1,0
sample_00849.pdf,13263,483,90779,337,17,57,5.356270121,152,76,1,0
sample_04831.pdf,5027,32,13592,236,29,7,6.002328031,16,8,1,0
sample_13204.pdf,10145,14,4709,300,11,3,6.664348759,6,3,1,1
sample_15559.pdf,71,16,10205,214,44,2,7.106390766,4,2,1,1
sample_12418.pdf,0,0,15011,0,0,0,0.0,0,0,0,1
sample_08891.pdf,14543,449,79689,323,14,45,6.009028227,92,46,1,0
sample_04712.pdf,1341,12,28157,198,9,3,5.410723027,6,3,1,0
sample_01021.pdf,74581,2427,375247,403,64,75,6.836121048,154,77,1,0
sample_03783.pdf,1274,12,28231,198,12,3,5.263496471,6,3,1,0
sample_12634.pdf,1,996,6051,210,39,8,4.777869728,16,8,1,1
sample_01437.pdf,1387,12,33527,198,12,3,5.326113512,6,3,1,0
sample_11928.pdf,0,0,9270,0,0,0,0.0,0,0,0,1
sample_00504.pdf,929,12,20126,198,11,3,5.531937907,6,3,1,0
sample_07509.pdf,10029,34,19725,377,29,7,6.265817417,16,8,1,0
sample_07328.pdf,31975,95,48952,238,29,26,6.756065557,54,27,1,0
sample_10473.pdf,0,0,8126,0,0,0,0.0,0,0,0,1
sample_12346.pdf,0,0,8257,0,0,0,0.0,0,0,0,1
sample_00980.pdf,83175,119,111551,307,34,45,6.669613136,92,46,1,0
sample_13732.pdf,0,0,1434,0,0,0,0.0,0,0,0,1
sample_12355.pdf,0,0,9281,0,0,0,0.0,0,0,0,1
sample_19135.pdf,0,0,8095,0,0,0,0.0,0,0,0,1
sample_13519.pdf,94,26,9450,163,44,3,4.935928213,6,3,1,1
sample_03498.pdf,1529,21,88546,135,11,2,5.885329905,4,2,1,0
sample_13510.pdf,0,0,9728,0,0,0,0.0,0,0,0,1
sample_12087.pdf,1,79,4849,211,37,8,4.032653521,18,9,1,1
sample_11716.pdf,5283,20,14953,126,7,8,5.370530561,18,9,1,1
sample_00206.pdf,7397,230,65084,374,50,14,6.733692573,30,15,1,0
sample_10931.pdf,0,0,1439,0,0,0,0.0,0,0,0,1
sample_14110.pdf,1,10,7092,153,37,2,5.636667602,6,3,1,1
sample_13174.pdf,1,15,17415,208,44,0,3.283112197,4,2,1,1
sample_00398.pdf,6670,28,47654,240,30,7,6.666690814,16,8,1,0
sample_13187.pdf,0,0,8335,0,0,0,0.0,0,0,0,1
sample_09444.pdf,5283,20,15023,126,7,8,5.369976569,18,9,1,1
sample_06958.pdf,32751,109,133639,163,10,52,6.603203069,106,53,1,0
sample_07836.pdf,21667,166,88053,221,6,18,6.904347841,38,19,1,0
sample_12069.pdf,0,0,16998,0,0,0,0.0,0,0,0,1
sample_00176.pdf,9038,36,17803,302,98,6,6.721162309,12,6,1,0
sample_05649.pdf,2629,267,48372,371,25,22,5.428968989,58,29,1,0
sample_15730.pdf,0,0,74619,0,0,0,0.0,0,0,0,1
sample_15915.pdf,0,0,8401,0,0,0,0.0,0,0,0,1
sample_17874.pdf,5283,20,15051,126,7,8,5.369777864,18,9,1,1
sample_10628.pdf,0,0,9827,0,0,0,0.0,0,0,0,1
sample_04229.pdf,31507,53,40781,411,68,11,6.819906801,24,12,1,0
sample_14252.pdf,0,0,9509,0,0,0,0.0,0,0,0,1
sample_04337.pdf,1560,21,79091,135,12,2,5.878898041,4,2,1,0
sample_08990.pdf,175280,399,235757,219,19,124,6.984660794,248,124,1,0
sample_08830.pdf,157,11,6180,283,10,2,6.449918586,4,2,1,0
sample_02698.pdf,18327,782,68095,524,68,23,6.598068274,48,24,1,0
sample_07881.pdf,21735,50,60976,318,73,19,6.574679827,40,20,1,0
sample_09311.pdf,0,0,1912,0,0,0,0.0,0,0,0,1
sample_13998.pdf,1,9,94525,0,0,0,3.922119177,4,2,1,1
sample_06261.pdf,38054,522,327295,157,36,47,5.243786936,94,47,1,0
sample_16617.pdf,5283,20,15023,126,7,8,5.370029964,18,9,1,1
sample_14866.pdf,1,15,3637,208,44,1,5.295496098,4,2,1,1
sample_09184.pdf,1322,22,89184,175,12,2,5.723750045,6,3,1,0
sample_18512.pdf,1,18,5087,100,44,3,6.777788794,6,3,1,1
sample_15204.pdf,0,0,17674,0,0,0,0.0,0,0,0,1
sample_00057.pdf,794,99,27390,422,22,19,4.851050178,46,23,1,0
sample_07248.pdf,1338,12,26798,198,12,3,5.435196102,6,3,1,0
sample_05061.pdf,1483,232,35157,315,22,31,4.873817575,70,35,1,0
sample_11193.pdf,0,0,8018,0,0,0,0.0,0,0,0,1
sample_11420.pdf,0,0,8181,0,0,0,0.0,0,0,0,1
sample_05600.pdf,32326,154,135235,288,34,25,6.668694686,52,26,1,0
sample_19160.pdf,0,0,9560,0,0,0,0.0,0,0,0,1
sample_17591.pdf,0,0,8482,0,0,0,0.0,0,0,0,1
sample_04430.pdf,18125,2071,183122,348,24,131,4.650478888,620,310,1,0
sample_05736.pdf,4826,27,24263,332,56,6,5.994028599,14,7,1,0
sample_11124.pdf,94,31,10692,163,44,4,5.449951493,8,4,1,1
sample_03773.pdf,1382,134,204713,341,4,30,5.894607766,62,31,1,0
sample_08170.pdf,408,31,11844,226,81,2,5.31430763,8,4,1,0
sample_07768.pdf,7130,113,39526,357,25,40,4.659784644,102,51,1,0
sample_16055.pdf,0,0,9644,0,0,0,0.0,0,0,0,1
sample_06712.pdf,1602,32,97314,173,12,17,5.904884024,38,19,1,0
sample_09123.pdf,1560,149,252809,435,17,29,5.779902664,60,30,1,0
sample_03088.pdf,2654,83,60084,224,11,13,6.494447132,30,15,1,0
sample_01491.pdf,17065,43,50836,239,29,12,6.737847656,26,13,1,0
sample_12703.pdf,0,0,7938,0,0,0,0.0,0,0,0,1
sample_12979.pdf,0,0,9520,0,0,0,0.0,0,0,0,1
sample_01756.pdf,1452,1734,344892,469,44,23,5.868027915,48,24,1,0
sample_13290.pdf,0,0,8205,0,0,0,0.0,0,0,0,1
sample_01499.pdf,11563,35,37291,402,56,10,6.499360863,22,11,1,0
sample_12262.pdf,0,0,8640,0,0,0,0.0,0,0,0,1
sample_03719.pdf,1242,21,87011,135,12,2,5.866738882,4,2,1,0
sample_09195.pdf,3463,39,22568,204,11,20,6.002858968,42,21,1,0
sample_10569.pdf,0,0,9377,0,0,0,0.0,0,0,0,1
sample_00725.pdf,4440,434,63450,383,40,40,6.116308658,78,39,1,0
sample_02918.pdf,1238,33,332470,145,12,10,5.803472327,20,10,1,0
sample_17607.pdf,0,0,8428,0,0,0,0.0,0,0,0,1
sample_11046.pdf,0,0,9517,0,0,0,0.0,0,0,0,1
sample_17893.pdf,0,0,13397,0,0,0,0.0,0,0,0,1
sample_10697.pdf,0,0,8026,0,0,0,0.0,0,0,0,1
sample_05742.pdf,1252,21,68999,135,12,2,5.826123116,4,2,1,0
sample_17645.pdf,0,0,13574,0,0,0,0.0,0,0,0,1
sample_10257.pdf,0,0,9985,0,0,0,0.0,0,0,0,1
sample_14154.pdf,0,0,12238,0,0,0,0.0,0,0,0,1
sample_06837.pdf,12420,86,373683,172,36,62,6.337831725,126,63,1,0
sample_11660.pdf,0,0,15664,0,0,0,0.0,0,0,0,1
sample_13976.pdf,0,0,2897,0,0,0,0.0,0,0,0,1
sample_05217.pdf,1266,12,28386,198,12,3,5.482018188,6,3,1,0
sample_13951.pdf,0,0,17247,0,0,0,0.0,0,0,0,1
sample_11840.pdf,1,16,14621,214,44,0,4.659945875,4,2,1,1
sample_02017.pdf,8535,155,56323,224,8,7,6.592302272,16,8,1,0
sample_07264.pdf,13916,2041,167536,436,31,105,4.614279313,478,239,1,0
sample_18050.pdf,0,0,9288,0,0,0,0.0,0,0,0,1
sample_05154.pdf,13343,85,154414,261,96,42,6.783741741,84,42,1,0
sample_13750.pdf,0,0,9405,0,0,0,0.0,0,0,0,1
sample_14472.pdf,0,0,8078,0,0,0,0.0,0,0,0,1
sample_15023.pdf,0,0,9373,0,0,0,0.0,0,0,0,1
sample_17646.pdf,0,0,8441,0,0,0,0.0,0,0,0,1
sample_02843.pdf,10004,113,46376,200,12,13,6.643688104,28,14,1,0
sample_07203.pdf,5721,23,13949,399,62,3,6.101776777,8,4,1,0
sample_10215.pdf,0,0,3178,0,0,0,0.0,0,0,0,1
sample_00732.pdf,13722,55,58697,284,39,16,6.591258096,34,17,1,0
sample_09082.pdf,78402,307,254451,284,39,50,6.854516412,102,51,1,0
sample_00663.pdf,8545,58,52579,203,30,19,6.112661217,38,19,1,0
sample_16671.pdf,828,10,7645,137,8,1,6.791384588,2,1,1,1
sample_13883.pdf,71,16,10056,214,44,2,7.116414594,4,2,1,1
sample_17290.pdf,0,0,9391,0,0,0,0.0,0,0,0,1
sample_15791.pdf,1,16,6545,214,44,2,7.050798544,4,2,1,1
sample_10304.pdf,0,0,12602,0,0,0,0.0,0,0,0,1
sample_18712.pdf,0,0,1992,0,0,0,0.0,0,0,0,1
sample_04788.pdf,4870,950,157637,457,37,45,3.999384161,364,182,1,0
sample_02817.pdf,4225,24,13691,237,28,4,5.805152397,10,5,1,0
sample_18505.pdf,0,0,8281,0,0,0,0.0,0,0,0,1
sample_04292.pdf,1579,12,30342,198,12,3,5.317949397,6,3,1,0
sample_07106.pdf,2946,96,404502,276,10,43,6.182691864,92,46,1,0
sample_05559.pdf,64281,561,91518,502,50,46,6.84196965,94,47,1,0
sample_13413.pdf,1,10,5997,156,37,2,5.673335338,6,3,1,1
sample_04900.pdf,1300,21,78772,135,12,2,5.82317055,4,2,1,0
sample_16545.pdf,0,0,17390,0,0,0,0.0,0,0,0,1
sample_09922.pdf,0,0,9589,0,0,0,0.0,0,0,0,1
sample_05744.pdf,12138,159,50690,396,26,18,5.77983123,42,21,1,0
sample_02185.pdf,1287,94,156795,173,8,59,5.691121188,138,69,1,0
sample_03765.pdf,88772,150,88646,399,62,40,6.952986895,82,41,1,0
sample_16456.pdf,0,0,9672,0,0,0,0.0,0,0,0,1
sample_04705.pdf,1272,21,82774,135,11,2,5.865140254,4,2,1,0
sample_01088.pdf,23149,427,284670,276,10,73,6.464593165,150,75,1,0
sample_04527.pdf,121035,295,212899,124,12,25,6.415036446,50,25,1,0
sample_15519.pdf,0,0,4146,0,0,0,0.0,0,0,0,1
sample_10639.pdf,0,0,8399,0,0,0,0.0,0,0,0,1
sample_00199.pdf,12842,39,23555,266,57,9,6.434842608,20,10,1,0
sample_00478.pdf,1601,121,194343,349,10,33,5.858805625,68,34,1,0
sample_16459.pdf,0,0,8164,0,0,0,0.0,0,0,0,1
sample_02145.pdf,1482,45,98706,173,15,30,5.450481935,64,32,1,0
sample_07078.pdf,4035,806,115224,407,24,41,5.441154103,124,62,1,0
sample_09400.pdf,0,0,2686,0,0,0,0.0,0,0,0,1
sample_04558.pdf,1441,21,91338,138,12,2,5.877844538,4,2,1,0
sample_09036.pdf,26161,81,42778,209,8,21,6.832618411,44,22,1,0
sample_15983.pdf,1,15,3615,208,44,1,5.273202651,4,2,1,1
sample_08709.pdf,1282,21,79102,135,12,2,5.835552629,4,2,1,0
sample_17842.pdf,0,0,2048000,0,0,0,0.0,0,0,0,1
sample_12173.pdf,1,16,6048,332,44,3,6.260966122,6,3,1,1
sample_10153.pdf,0,0,2555,0,0,0,0.0,0,0,0,1
sample_17339.pdf,1,15,3595,208,44,1,5.275776366,4,2,1,1
sample_18586.pdf,5283,20,15093,126,7,8,5.369668558,18,9,1,1
sample_01113.pdf,10598,979,111435,285,15,52,6.136317226,106,53,1,0
sample_16252.pdf,44,34,190273,180,68,6,5.932310477,14,7,1,1
sample_16733.pdf,0,0,14701,0,0,0,0.0,0,0,0,1
sample_12417.pdf,0,0,9381,0,0,0,0.0,0,0,0,1
sample_17653.pdf,0,0,16775,0,0,0,0.0,0,0,0,1
sample_13685.pdf,0,0,12600,0,0,0,0.0,0,0,0,1
sample_01315.pdf,53902,666,105613,329,28,32,6.344510854,70,35,1,0
sample_14182.pdf,0,0,8468,0,0,0,0.0,0,0,0,1
sample_05479.pdf,1425,12,28817,198,12,3,5.360510992,6,3,1,0
sample_11855.pdf,0,0,17513,0,0,0,0.0,0,0,0,1
sample_14195.pdf,0,0,9498,0,0,0,0.0,0,0,0,1
sample_10345.pdf,0,0,8305,0,0,0,0.0,0,0,0,1
sample_05387.pdf,31089,4902,285208,332,17,141,5.185670017,436,218,1,0
sample_02019.pdf,2844,217,37136,436,143,15,6.307151397,32,16,1,0
sample_00035.pdf,7608,399,83709,330,14,62,5.247675669,174,87,1,0
sample_16949.pdf,0,0,16415,0,0,0,0.0,0,0,0,1
sample_17268.pdf,0,0,2000,0,0,0,0.0,0,0,0,1
sample_00486.pdf,7604,451,90170,330,14,57,5.071181712,170,85,1,0
sample_05193.pdf,29619,70,38935,237,28,19,6.730931851,40,20,1,0
sample_13886.pdf,0,0,12224,0,0,0,0.0,0,0,0,1
sample_01279.pdf,6668,53,29024,290,13,21,5.665055453,46,23,1,0
sample_09631.pdf,0,0,9826,0,0,0,0.0,0,0,0,1
sample_18863.pdf,0,0,12821,0,0,0,0.0,0,0,0,1
sample_06702.pdf,17354,111,141336,279,39,22,6.686594807,46,23,1,0
sample_13674.pdf,0,0,9556,0,0,0,0.0,0,0,0,1
sample_10808.pdf,0,0,15077,0,0,0,0.0,0,0,0,1
sample_03455.pdf,1965,221,67065,344,45,46,5.079878847,142,71,1,0
sample_04425.pdf,1160,21,75708,135,12,2,5.85421856,4,2,1,0
sample_09721.pdf,828,10,7618,137,8,1,6.791384588,2,1,1,1
sample_17955.pdf,0,0,9316,0,0,0,0.0,0,0,0,1
sample_01908.pdf,1285,12,28614,198,12,3,5.484917675,6,3,1,0
sample_06910.pdf,11389,362,73758,403,16,37,6.21429272,74,37,1,0
sample_05997.pdf,9864,29,14468,161,11,7,6.709767431,14,7,1,0
sample_15140.pdf,0,0,12264,0,0,0,0.0,0,0,0,1
sample_06471.pdf,86133,130,139736,362,13,42,7.052758019,84,42,1,0
sample_14868.pdf,0,0,9625,0,0,0,0.0,0,0,0,1
sample_11693.pdf,1,15,3493,208,44,1,5.27299657,4,2,1,1
sample_13051.pdf,0,0,8241,0,0,0,0.0,0,0,0,1
sample_10464.pdf,0,0,9490,0,0,0,0.0,0,0,0,1
sample_14417.pdf,0,0,9430,0,0,0,0.0,0,0,0,1
sample_11123.pdf,1,10,5903,156,37,2,5.678009984,6,3,1,1
sample_17308.pdf,5283,20,15093,126,7,8,5.369666978,18,9,1,1
sample_18422.pdf,0,0,8423,0,0,0,0.0,0,0,0,1
sample_00429.pdf,984,13,17075,188,12,3,5.295602716,8,4,1,0
sample_08737.pdf,6921,67,17068,270,24,7,5.813688923,16,8,1,0
sample_17833.pdf,0,0,9406,0,0,0,0.0,0,0,0,1
sample_01784.pdf,11283,43,24748,234,29,11,6.52607039,24,12,1,0
sample_10178.pdf,0,0,9618,0,0,0,0.0,0,0,0,1
sample_10174.pdf,1,15,7748,208,44,0,4.32157446,4,2,1,1
sample_05283.pdf,8583,225,71613,321,16,31,6.333050654,64,32,1,0
sample_04824.pdf,6771,402,286910,422,27,29,3.743660709,246,123,1,0
sample_03442.pdf,7675,29,13974,237,28,6,6.119895727,14,7,1,0
sample_03862.pdf,26811,518,127238,418,25,27,6.350086531,56,28,1,0
sample_10720.pdf,0,0,7866,0,0,0,0.0,0,0,0,1
sample_05131.pdf,1255,22,90702,198,12,7,5.646334574,14,7,1,0
sample_01224.pdf,238,90,21135,218,30,20,5.823690082,44,22,1,0
sample_07447.pdf,3061,22,44895,238,28,5,6.447880217,12,6,1,0
sample_05270.pdf,30209,72,40851,237,28,20,6.68231298,42,21,1,0
sample_06115.pdf,1188,12,22441,198,12,3,5.424595547,6,3,1,0
sample_16597.pdf,0,0,8039,0,0,0,0.0,0,0,0,1
sample_10298.pdf,5283,20,15095,126,7,8,5.369648699,18,9,1,1
sample_05506.pdf,9101,151,44735,276,16,31,6.324182054,64,32,1,0
sample_08090.pdf,6410,513,88644,433,35,59,5.232552264,148,74,1,0
sample_00217.pdf,110723,1009,330391,252,34,47,6.895253315,96,48,1,0
sample_00872.pdf,1460,53,154744,173,16,38,5.822121265,80,40,1,0
sample_08822.pdf,1384,21,89388,135,7,2,5.88228216,4,2,1,0
sample_07632.pdf,53969,527,87131,330,29,28,6.492316671,60,30,1,0
sample_12134.pdf,0,0,10038,0,0,0,0.0,0,0,0,1
sample_06724.pdf,12589,27,38212,218,8,6,6.975392795,12,6,1,0
sample_11231.pdf,0,0,9221,0,0,0,0.0,0,0,0,1
sample_04315.pdf,81470,334,262164,313,25,40,6.786381954,82,41,1,0
sample_15712.pdf,5283,20,14959,126,7,8,5.370361958,18,9,1,1
sample_01341.pdf,4687,193,231543,341,30,15,3.571204365,174,87,1,0
sample_02727.pdf,18739,45,26972,238,29,11,6.523233635,24,12,1,0
sample_12430.pdf,1,10,4008,156,37,2,5.443107785,6,3,1,1
sample_05629.pdf,13055,105,28895,253,7,11,6.250578248,24,12,1,0
sample_11074.pdf,0,0,9611,0,0,0,0.0,0,0,0,1
sample_03476.pdf,31901,77,43810,235,28,21,6.727480767,44,22,1,0
sample_00189.pdf,64692,138,69003,236,29,41,6.837993878,84,42,1,0
sample_09427.pdf,0,0,9554,0,0,0,0.0,0,0,0,1
sample_06625.pdf,9684,34,20492,288,28,6,6.176917182,14,7,1,0
sample_10960.pdf,0,0,76126,0,0,0,0.0,0,0,0,1
sample_16388.pdf,0,0,9940,0,0,0,0.0,0,0,0,1
sample_13190.pdf,5283,20,15091,126,7,8,5.369716323,18,9,1,1
sample_12195.pdf,0,0,9361,0,0,0,0.0,0,0,0,1
sample_01398.pdf,13114,1435,396143,299,33,51,6.77243413,104,52,1,0
sample_17899.pdf,0,0,8067,0,0,0,0.0,0,0,0,1
sample_13163.pdf,0,0,9582,0,0,0,0.0,0,0,0,1
sample_12016.pdf,0,0,8403,0,0,0,0.0,0,0,0,1
sample_06583.pdf,32157,750,160672,269,24,67,6.327365706,136,68,1,0
sample_18831.pdf,1,9,21874,0,0,0,3.982826745,4,2,1,1
sample_17743.pdf,0,0,9237,0,0,0,0.0,0,0,0,1
sample_07557.pdf,10451,1961,160607,406,14,89,4.808127432,332,166,1,0
sample_19136.pdf,0,0,8439,0,0,0,0.0,0,0,0,1
sample_16035.pdf,0,0,9644,0,0,0,0.0,0,0,0,1
sample_09457.pdf,5283,20,14961,126,7,8,5.370340325,18,9,1,1
sample_02862.pdf,25413,56,28744,87,11,15,6.863568221,30,15,1,0
sample_04300.pdf,123555,149,153831,215,18,32,7.020219762,66,33,1,0
sample_12914.pdf,0,0,9218,0,0,0,0.0,0,0,0,1
sample_06253.pdf,1614,124,252429,416,10,26,5.809240355,54,27,1,0
sample_10085.pdf,0,0,2723,0,0,0,0.0,0,0,0,1
sample_16538.pdf,0,0,1436,0,0,0,0.0,0,0,0,1
sample_06594.pdf,1295,21,73684,145,12,2,5.838046315,4,2,1,0
sample_16285.pdf,0,0,8015,0,0,0,0.0,0,0,0,1
sample_04175.pdf,8488,328,53541,531,82,20,6.382446665,42,21,1,0
sample_02655.pdf,8921,132,62129,232,18,8,6.737423745,18,9,1,0
sample_07930.pdf,1340,32,87677,173,11,17,5.690810063,38,19,1,0
sample_02821.pdf,108571,286,251721,284,35,50,6.957690889,102,51,1,0
sample_01478.pdf,5822,151,50586,503,24,28,6.392814823,58,29,1,0
sample_08949.pdf,1371,36,90928,173,16,19,5.805566505,44,22,1,0
sample_18530.pdf,0,0,15444,0,0,0,0.0,0,0,0,1
sample_15187.pdf,0,0,8339,0,0,0,0.0,0,0,0,1
sample_13380.pdf,0,0,11785,0,0,0,0.0,0,0,0,1
sample_09578.pdf,1,16,11007,214,44,0,4.478749295,4,2,1,1
sample_01877.pdf,1386,68,105657,173,12,51,5.392588436,108,54,1,0
sample_06026.pdf,88156,1077,4370055,944,104,90,5.859894202,206,103,1,0
sample_15445.pdf,0,0,16234,0,0,0,0.0,0,0,0,1
sample_02025.pdf,38112,157,156364,292,34,23,6.73659998,48,24,1,0
sample_13545.pdf,0,0,8239,0,0,0,0.0,0,0,0,1
sample_17215.pdf,0,0,76763,0,0,0,0.0,0,0,0,1
sample_09356.pdf,0,0,12331,0,0,0,0.0,0,0,0,1
sample_15460.pdf,0,0,1436,0,0,0,0.0,0,0,0,1
sample_02784.pdf,1201,12,31184,198,10,3,5.312248737,6,3,1,0
sample_15538.pdf,0,0,8281,0,0,0,0.0,0,0,0,1
sample_05682.pdf,3494,24,11295,237,28,3,5.511167622,8,4,1,0
sample_14036.pdf,0,0,15696,0,0,0,0.0,0,0,0,1
sample_12093.pdf,0,0,8024,0,0,0,0.0,0,0,0,1
sample_18744.pdf,0,0,9863,0,0,0,0.0,0,0,0,1
sample_14145.pdf,0,0,7937,0,0,0,0.0,0,0,0,1
sample_10515.pdf,0,0,9365,0,0,0,0.0,0,0,0,1
sample_12562.pdf,0,0,8396,0,0,0,0.0,0,0,0,1
sample_00358.pdf,4742,78,65077,271,56,9,6.726020538,20,10,1,0
sample_01921.pdf,1266,21,78192,135,9,2,5.856532107,4,2,1,0
sample_16544.pdf,0,0,16325,0,0,0,0.0,0,0,0,1
sample_07693.pdf,1385,21,78242,135,12,2,5.838517012,4,2,1,0
sample_03583.pdf,2742,22,33243,238,28,5,6.30249746,12,6,1,0
sample_10036.pdf,0,0,8212,0,0,0,0.0,0,0,0,1
sample_16463.pdf,0,0,1458,0,0,0,0.0,0,0,0,1
sample_07613.pdf,1212,21,78472,145,13,2,5.852422288,4,2,1,0
sample_01438.pdf,176899,731,350551,283,23,56,6.786829385,114,57,1,0
sample_17619.pdf,0,0,2719,0,0,0,0.0,0,0,0,1
sample_00968.pdf,1502,27,91886,173,12,12,5.823142094,28,14,1,0
sample_06754.pdf,3923,193,21161,309,6,9,6.061161319,20,10,1,0
sample_12345.pdf,0,0,16124,0,0,0,0.0,0,0,0,1
sample_11551.pdf,1,15,4917,214,68,0,4.304694072,4,2,1,1
sample_05066.pdf,12452,1287,113863,236,29,29,6.381750109,64,32,1,0
sample_04925.pdf,274306,630,372658,219,19,199,6.982264512,398,199,1,0
sample_03350.pdf,96178,138,94896,321,60,37,6.931121369,76,38,1,0
sample_16003.pdf,0,0,9503,0,0,0,0.0,0,0,0,1
sample_15897.pdf,5283,20,14967,126,7,8,5.370373137,18,9,1,1
sample_10992.pdf,0,0,9472,0,0,0,0.0,0,0,0,1
sample_01956.pdf,1387,23,87867,173,12,8,5.797005899,20,10,1,0
sample_05197.pdf,7973,455,122354,288,16,54,5.417576785,138,69,1,0
sample_08421.pdf,8189,33,14630,256,56,7,6.735297819,14,7,1,0
sample_17528.pdf,0,0,9823,0,0,0,0.0,0,0,0,1
sample_05325.pdf,21538,2936,153130,302,56,45,6.70996709,92,46,1,0
sample_13797.pdf,0,0,16695,0,0,0,0.0,0,0,0,1
sample_08099.pdf,5201,127,191339,321,40,50,6.393615655,108,54,1,0
sample_18664.pdf,0,0,9811,0,0,0,0.0,0,0,0,1
sample_13246.pdf,0,0,9578,0,0,0,0.0,0,0,0,1
sample_11892.pdf,0,0,19070,0,0,0,0.0,0,0,0,1
sample_09974.pdf,0,0,9719,0,0,0,0.0,0,0,0,1
sample_14114.pdf,0,0,8162,0,0,0,0.0,0,0,0,1
sample_06916.pdf,1228,35,94518,173,12,20,5.695374725,44,22,1,0
sample_16427.pdf,0,0,15544,0,0,0,0.0,0,0,0,1
sample_08334.pdf,42043,84,73072,311,13,27,6.202765872,58,29,1,0
sample_03873.pdf,1,28,809006,226,18,8,4.887798774,20,10,1,0
sample_16969.pdf,0,0,9409,0,0,0,0.0,0,0,0,1
sample_11319.pdf,0,0,9473,0,0,0,0.0,0,0,0,1
sample_18366.pdf,1,79,4646,211,37,8,3.794190255,18,9,1,1
sample_02289.pdf,7953,518,169171,284,19,30,3.560578073,372,186,1,0
sample_15568.pdf,0,0,1973,0,0,0,0.0,0,0,0,1
sample_01394.pdf,3753,86,53862,239,26,13,6.589657928,28,14,1,0
sample_03183.pdf,1243,12,26099,198,12,3,5.350904755,6,3,1,0
sample_02407.pdf,1391,21,77892,135,10,2,5.859788598,4,2,1,0
sample_01671.pdf,1231,21,66937,138,12,2,5.830008975,4,2,1,0
sample_04196.pdf,1457,23,78008,173,12,8,5.289849742,20,10,1,0
sample_16294.pdf,0,0,38095,0,0,0,0.0,0,0,0,1
sample_00976.pdf,1547,124,102101,406,22,23,6.072705464,48,24,1,0
sample_06930.pdf,1926,106,27025,401,23,5,4.842395162,22,11,1,0
sample_17804.pdf,0,0,8284,0,0,0,0.0,0,0,0,1
sample_17330.pdf,0,0,9302,0,0,0,0.0,0,0,0,1
sample_14772.pdf,0,0,12317,0,0,0,0.0,0,0,0,1
sample_01261.pdf,45158,51,42293,222,8,14,6.790658965,28,14,1,0
sample_18983.pdf,5283,20,15093,126,7,8,5.369660024,18,9,1,1
sample_18055.pdf,0,0,13121,0,0,0,0.0,0,0,0,1
sample_00158.pdf,1338,27,76868,173,16,12,5.971995859,28,14,1,0
sample_02134.pdf,8898,218,255624,183,33,10,7.032679158,20,10,1,0
sample_02413.pdf,6216,69,239185,320,35,24,6.752078211,50,25,1,0
sample_12531.pdf,0,0,77555,0,0,0,0.0,0,0,0,1
sample_05740.pdf,10995,608,302828,345,30,91,4.593713905,348,174,1,0
sample_12488.pdf,5283,20,15115,126,7,8,5.369580452,18,9,1,1
sample_08374.pdf,1414,30,74540,173,12,15,5.528091241,34,17,1,0
sample_19056.pdf,0,0,8271,0,0,0,0.0,0,0,0,1
sample_01859.pdf,1218,21,79478,135,12,2,5.870772957,4,2,1,0
sample_00535.pdf,25214,55,36825,186,15,12,7.031469963,24,12,1,0
sample_09649.pdf,0,0,9577,0,0,0,0.0,0,0,0,1
sample_13272.pdf,0,0,17006,0,0,0,0.0,0,0,0,1
sample_08731.pdf,9788,283,70466,426,33,46,5.943661138,94,47,1,0
sample_10870.pdf,0,0,9486,0,0,0,0.0,0,0,0,1
sample_15056.pdf,5283,20,15023,126,7,8,5.369922619,18,9,1,1
sample_16784.pdf,0,0,16170,0,0,0,0.0,0,0,0,1
sample_13331.pdf,0,0,8432,0,0,0,0.0,0,0,0,1
sample_13747.pdf,0,0,9663,0,0,0,0.0,0,0,0,1
sample_01336.pdf,5850,100,39734,314,14,17,5.660038778,36,18,1,0
sample_18718.pdf,36120,23,13802,315,15,7,6.996244967,14,7,1,1
sample_05668.pdf,10423,37,59518,239,29,10,6.767014298,22,11,1,0
sample_08132.pdf,178798,677,337788,262,21,53,6.729908228,108,54,1,0
sample_15374.pdf,0,0,8235,0,0,0,0.0,0,0,0,1
sample_00119.pdf,3549,88,72314,83,32,19,6.435164198,40,20,1,0
sample_13735.pdf,0,0,9568,0,0,0,0.0,0,0,0,1
sample_17945.pdf,0,0,232188,0,0,0,0.0,0,0,0,1
sample_03729.pdf,1313,84,87777,397,14,12,5.36571428,26,13,1,0
sample_05514.pdf,16313,159,4206277,189,44,57,6.297916637,134,67,1,0
sample_15521.pdf,0,0,9635,0,0,0,0.0,0,0,0,1
sample_08886.pdf,7033,295,61957,351,14,41,5.972758389,86,43,1,0
sample_06269.pdf,1233,21,80196,135,12,2,5.867819192,4,2,1,0
sample_07816.pdf,18301,728,98220,320,29,49,6.232202568,96,48,1,0
sample_18323.pdf,0,0,9571,0,0,0,0.0,0,0,0,1
sample_16387.pdf,0,0,8355,0,0,0,0.0,0,0,0,1
sample_15444.pdf,5283,20,15093,126,7,8,5.369542307,18,9,1,1
sample_09270.pdf,132796,631,275118,247,30,44,6.791766309,90,45,1,0
sample_08584.pdf,14205,46,22597,236,29,12,6.456718919,26,13,1,0
sample_11427.pdf,0,0,15477,0,0,0,0.0,0,0,0,1
sample_14755.pdf,1,15,4230,208,44,1,5.272521696,4,2,1,1
sample_06322.pdf,5664,27,11286,161,11,5,6.596791368,10,5,1,0
sample_08482.pdf,4272,281,78190,439,33,41,5.798596278,90,45,1,0
sample_09423.pdf,14,36,75836,214,44,18,6.60420624,36,18,1,1
sample_08280.pdf,1198,21,74147,135,14,2,5.816925756,4,2,1,0
sample_18585.pdf,0,0,17080,0,0,0,0.0,0,0,0,1
sample_12572.pdf,14,36,75722,214,44,18,6.611386626,36,18,1,1
sample_03466.pdf,13360,4009,291325,271,34,97,6.624495575,200,100,1,0
sample_06667.pdf,2184,83,232662,977,7,22,5.89407057,46,23,1,0
sample_06709.pdf,1369,33,94321,173,12,16,5.581303428,38,19,1,0
sample_00211.pdf,1402,26,89570,173,11,11,5.676183622,26,13,1,0
sample_05575.pdf,22479,77,43402,364,29,26,6.584814642,52,26,1,0
sample_01723.pdf,33613,1287,199020,491,29,80,5.14303292,470,235,1,0
sample_12215.pdf,0,0,14771,0,0,0,0.0,0,0,0,1
sample_09618.pdf,0,0,9774,0,0,0,0.0,0,0,0,1
sample_05661.pdf,1351,21,83961,138,12,2,5.863499707,4,2,1,0
sample_08744.pdf,8122,31,44856,239,29,8,6.68786431,18,9,1,0
sample_10511.pdf,5283,20,15019,126,7,8,5.369981615,18,9,1,1
sample_16130.pdf,0,0,15111,0,0,0,0.0,0,0,0,1
sample_15609.pdf,1,15,3994,208,44,1,5.203921315,4,2,1,1
sample_01222.pdf,1262,12,27390,198,12,3,5.374561518,6,3,1,0
sample_11521.pdf,0,0,8454,0,0,0,0.0,0,0,0,1
sample_15110.pdf,0,0,9526,0,0,0,0.0,0,0,0,1
sample_16774.pdf,0,0,9821,0,0,0,0.0,0,0,0,1
sample_01503.pdf,19368,674,117908,438,27,46,5.103208926,144,72,1,0
sample_00160.pdf,7994,108,113226,345,11,11,5.805235128,26,13,1,0
sample_00015.pdf,34795,283,94093,231,23,24,6.682551816,52,26,1,0
sample_02586.pdf,25081,53,35062,360,38,16,6.7206553,34,17,1,0
sample_15156.pdf,0,0,9693,0,0,0,0.0,0,0,0,1
sample_03028.pdf,1491,27,88523,173,16,12,5.320059079,28,14,1,0
sample_16652.pdf,0,0,8398,0,0,0,0.0,0,0,0,1
sample_18336.pdf,0,0,9777,0,0,0,0.0,0,0,0,1
sample_17968.pdf,0,0,9270,0,0,0,0.0,0,0,0,1
sample_14215.pdf,0,0,9524,0,0,0,0.0,0,0,0,1
sample_12976.pdf,0,0,9395,0,0,0,0.0,0,0,0,1
sample_00519.pdf,118,31,11216,220,75,2,5.305809031,8,4,1,0
sample_03013.pdf,1232,21,74297,135,12,2,5.828352737,4,2,1,0
sample_08492.pdf,1235,12,27856,160,11,3,5.023952783,6,3,1,0
sample_06061.pdf,1177,21,87499,135,8,2,5.876033812,4,2,1,0
sample_12274.pdf,0,0,9490,0,0,0,0.0,0,0,0,1
sample_05804.pdf,1648,136,201887,360,9,23,5.872172127,48,24,1,0
sample_01604.pdf,27782,152,151572,297,21,29,6.610037066,60,30,1,0
sample_08856.pdf,9439,227,66440,300,19,35,6.41450419,72,36,1,0
sample_17081.pdf,0,0,9902,0,0,0,0.0,0,0,0,1
sample_10376.pdf,1,16,15006,214,44,0,4.63280291,4,2,1,1
sample_17004.pdf,0,0,9452,0,0,0,0.0,0,0,0,1
sample_16226.pdf,0,0,8279,0,0,0,0.0,0,0,0,1
sample_18495.pdf,9868,13,4505,256,7,3,6.559979604,6,3,1,1
sample_02692.pdf,1763,45,101976,173,12,22,5.607492846,54,27,1,0
sample_19103.pdf,0,0,8293,0,0,0,0.0,0,0,0,1
sample_16996.pdf,0,0,12830,0,0,0,0.0,0,0,0,1
sample_10523.pdf,0,0,9756,0,0,0,0.0,0,0,0,1
sample_09254.pdf,24261,116,146034,222,10,44,6.255836887,90,45,1,0
sample_02020.pdf,33682,330,108760,480,31,39,5.814983243,104,52,1,0
sample_17974.pdf,1,9,94255,0,0,0,3.928602696,4,2,1,1
sample_03946.pdf,65459,1202,339809,185,31,57,6.694266241,116,58,1,0
sample_07129.pdf,1554,24,128622,135,12,4,5.695846671,8,4,1,0
sample_17981.pdf,0,0,8243,0,0,0,0.0,0,0,0,1
sample_14022.pdf,0,0,8341,0,0,0,0.0,0,0,0,1
sample_07157.pdf,32132,60,68836,207,12,19,6.779412075,40,20,1,0
sample_13436.pdf,0,0,367708,0,0,0,0.0,0,0,0,1
sample_14228.pdf,1,10,6109,156,37,2,5.606802687,6,3,1,1
sample_07589.pdf,12461,2423,133881,299,14,77,5.841378481,184,92,1,0
sample_01963.pdf,9717,58,157636,172,11,15,6.721008462,32,16,1,0
sample_12594.pdf,0,0,8306,0,0,0,0.0,0,0,0,1
sample_14086.pdf,0,0,17262,0,0,0,0.0,0,0,0,1
sample_15537.pdf,0,0,17126,0,0,0,0.0,0,0,0,1
sample_15011.pdf,0,0,16319,0,0,0,0.0,0,0,0,1
sample_09547.pdf,1,70,9481,0,0,1,7.148702016,2,1,1,1
sample_04380.pdf,141052,302,204204,124,12,24,6.415375773,48,24,1,0
sample_18781.pdf,5283,20,14957,126,7,8,5.37054217,18,9,1,1
sample_17291.pdf,0,0,1992,0,0,0,0.0,0,0,0,1
sample_11497.pdf,0,0,9591,0,0,0,0.0,0,0,0,1
sample_02284.pdf,9940,721,97571,368,30,66,4.943088628,222,111,1,0
sample_08904.pdf,1351,21,75576,138,12,2,5.848998945,4,2,1,0
sample_06121.pdf,4107,28,11459,236,29,5,5.955663395,12,6,1,0
sample_15202.pdf,1,16,5241,214,44,2,5.314359006,4,2,1,1
sample_01311.pdf,1297,21,76978,138,13,2,5.845014974,4,2,1,0
sample_13673.pdf,0,0,9808,0,0,0,0.0,0,0,0,1
sample_00544.pdf,20935,75,46437,235,28,20,6.726751738,42,21,1,0
sample_12780.pdf,0,0,8130,0,0,0,0.0,0,0,0,1
sample_18496.pdf,0,0,8213,0,0,0,0.0,0,0,0,1
sample_04809.pdf,27074,137,151352,327,37,24,6.70431162,50,25,1,0
sample_16864.pdf,0,0,16026,0,0,0,0.0,0,0,0,1
sample_05870.pdf,9641,293,70181,416,29,43,5.876725336,92,46,1,0
sample_15880.pdf,0,0,8261,0,0,0,0.0,0,0,0,1
sample_18582.pdf,0,0,12096,0,0,0,0.0,0,0,0,1
sample_13996.pdf,0,0,8092,0,0,0,0.0,0,0,0,1
sample_04857.pdf,12066,138,67959,248,56,12,6.814805751,26,13,1,0
sample_05857.pdf,1213,12,25217,198,12,3,5.179512415,6,3,1,0
sample_12716.pdf,0,0,16354,0,0,0,0.0,0,0,0,1
sample_03238.pdf,8694,51,16845,87,11,13,6.6491438,26,13,1,0
sample_00551.pdf,1413,32,89621,173,15,17,6.107977355,38,19,1,0
sample_13288.pdf,1,28,4607,134,37,4,3.224670283,10,5,1,1
sample_13296.pdf,1,18,6113,185,37,4,4.391932841,10,5,1,1
sample_03432.pdf,13962,29,26123,87,11,6,6.964134863,12,6,1,0
sample_08995.pdf,1250,13,21391,188,12,3,5.241907619,8,4,1,0
sample_17786.pdf,13377,16,7754,120,42,4,6.934277803,8,4,1,1
sample_13779.pdf,0,0,12046,0,0,0,0.0,0,0,0,1
sample_00308.pdf,1256,21,81611,135,12,2,5.868883029,4,2,1,0
sample_19290.pdf,0,0,16977,0,0,0,0.0,0,0,0,1
sample_03871.pdf,1720,124,154519,418,12,17,6.00042865,36,18,1,0
sample_17406.pdf,5283,20,15021,126,7,8,5.370006069,18,9,1,1
sample_02393.pdf,13406,54,150058,274,109,36,6.864045484,72,36,1,0
sample_18913.pdf,0,0,8049,0,0,0,0.0,0,0,0,1
sample_02920.pdf,676,53,52796,258,20,4,6.245153816,10,5,1,0
sample_12611.pdf,30,10,17742,206,14,1,5.349199939,2,1,1,1
sample_11285.pdf,0,0,8412,0,0,0,0.0,0,0,0,1
sample_09592.pdf,1,28,4347,190,37,5,4.454414258,12,6,1,1
sample_10830.pdf,1,10,6000,156,37,2,5.72551553,6,3,1,1
sample_11651.pdf,5283,20,15093,126,7,8,5.369715598,18,9,1,1
sample_18148.pdf,1,22,18067,158,15,8,5.006413559,18,9,1,1
sample_00801.pdf,1183,12,30075,198,12,3,5.348780154,6,3,1,0
sample_11549.pdf,1,5,6117,0,0,0,3.775687453,2,1,1,1
sample_04711.pdf,61068,187,200583,324,35,31,6.848922219,64,32,1,0
sample_18737.pdf,5283,20,15095,126,7,8,5.369685001,18,9,1,1
sample_00294.pdf,6783,22,10941,399,62,4,5.820743128,10,5,1,0
sample_12298.pdf,828,10,7621,137,8,1,6.791384588,2,1,1,1
sample_09823.pdf,0,0,9606,0,0,0,0.0,0,0,0,1
sample_11396.pdf,1,28,4426,190,37,5,4.505323805,12,6,1,1
sample_00027.pdf,16401,945,162735,321,14,53,6.239730718,112,56,1,0
sample_07119.pdf,45839,76,60194,193,18,17,6.965327627,34,17,1,0
sample_12449.pdf,0,0,9803,0,0,0,0.0,0,0,0,1
sample_18567.pdf,1,11,3417,135,44,1,4.624454787,4,2,1,1
sample_04648.pdf,1194,12,23266,198,12,3,5.450459318,6,3,1,0
sample_05060.pdf,4523,95,15484,322,8,6,5.517756875,14,7,1,0
sample_10817.pdf,0,0,16364,0,0,0,0.0,0,0,0,1
sample_15373.pdf,10013,14,4825,440,14,3,6.620028282,6,3,1,1
sample_08666.pdf,1351,36,83192,173,12,18,5.524050826,42,21,1,0
sample_17510.pdf,0,0,8146,0,0,0,0.0,0,0,0,1
sample_05157.pdf,29803,33,48985,218,8,8,7.033407062,16,8,1,0
sample_18011.pdf,0,0,2791,0,0,0,0.0,0,0,0,1
sample_04413.pdf,45505,474,827268,487,62,46,6.753163616,94,47,1,0
sample_11993.pdf,0,0,12227,0,0,0,0.0,0,0,0,1
sample_06412.pdf,40067,65,50992,237,28,18,6.716105162,38,19,1,0
sample_02761.pdf,14098,497,45295,509,66,17,6.432166219,36,18,1,0
sample_16074.pdf,5283,20,15019,126,7,8,5.369922717,18,9,1,1
sample_12421.pdf,1,15,7377,208,44,0,4.352786079,4,2,1,1
sample_11199.pdf,0,0,15929,0,0,0,0.0,0,0,0,1
sample_06496.pdf,16082,516,56132,521,70,24,6.529713857,50,25,1,0
sample_09849.pdf,0,0,9237,0,0,0,0.0,0,0,0,1
sample_05333.pdf,670,18,41481,217,26,3,7.114863556,6,3,1,0
sample_16892.pdf,1,16,14902,214,44,0,4.526744963,4,2,1,1
sample_14129.pdf,5283,20,14957,126,7,8,5.370364961,18,9,1,1
sample_14517.pdf,1,17,126238,210,2,6,5.030323065,16,8,1,1
sample_03551.pdf,1413,26,82904,173,11,11,5.607707611,26,13,1,0
sample_02943.pdf,118325,215,212960,240,28,90,6.464940694,182,91,1,0
sample_10603.pdf,5283,20,14923,126,7,8,5.370711518,18,9,1,1
sample_06697.pdf,7208,401,101476,1099,65,25,6.252660468,56,28,1,0
sample_02273.pdf,15202,127,130173,269,37,19,6.663491352,40,20,1,0
sample_19261.pdf,0,0,12634,0,0,0,0.0,0,0,0,1
sample_02285.pdf,41304,529,92191,439,59,21,6.694041721,44,22,1,0
sample_15707.pdf,0,0,76718,0,0,0,0.0,0,0,0,1
sample_03393.pdf,19,33,63849,284,11,5,5.332075957,10,5,1,0
sample_03606.pdf,1343,25,89513,173,10,10,5.376236174,24,12,1,0
sample_03121.pdf,1896,3266,287657,561,17,25,6.086329843,59,26,1,0
sample_03553.pdf,29986,238,208987,202,33,31,6.588401111,64,32,1,0
sample_02250.pdf,1601,17,61456,198,12,5,5.56437846,10,5,1,0
sample_02501.pdf,7611,93,59962,218,6,10,6.709777644,22,11,1,0
sample_02841.pdf,16335,41,25512,234,58,9,6.848828773,18,9,1,0
sample_17277.pdf,1,70,10057,0,0,1,7.158300548,2,1,1,1
sample_13659.pdf,1,19,6887,214,44,3,6.946601213,6,3,1,1
sample_01551.pdf,6392,616,293438,370,24,106,4.246584274,762,381,1,0
sample_02415.pdf,14027,43,21342,235,30,10,6.45991766,22,11,1,0
sample_14605.pdf,0,0,12841,0,0,0,0.0,0,0,0,1
sample_16602.pdf,0,0,11762,0,0,0,0.0,0,0,0,1
sample_08630.pdf,37229,355,364317,288,32,30,6.617613557,62,31,1,0
sample_03439.pdf,1267,12,27399,198,12,3,5.374521978,6,3,1,0
sample_00178.pdf,9649,305,77893,448,29,42,5.739536104,96,48,1,0
sample_14513.pdf,0,0,16788,0,0,0,0.0,0,0,0,1
sample_16915.pdf,1,22,18169,158,15,9,5.03054578,18,9,1,1
sample_17957.pdf,0,0,1999,0,0,0,0.0,0,0,0,1
sample_04956.pdf,6436,206,67367,280,16,40,6.419249008,82,41,1,0
sample_18875.pdf,0,0,9557,0,0,0,0.0,0,0,0,1
sample_04318.pdf,1390,27,150536,138,11,6,5.529123502,12,6,1,0
sample_08049.pdf,16663,512,95585,315,17,55,5.524245666,140,70,1,0
sample_16867.pdf,0,0,9637,0,0,0,0.0,0,0,0,1
sample_05508.pdf,11711,328,208804,455,37,26,4.554330323,122,61,1,0
sample_02058.pdf,18922,628,62700,566,82,27,6.547717117,56,28,1,0
sample_08287.pdf,1204,12,27113,160,7,3,5.271114859,6,3,1,0
sample_01870.pdf,1367,28,87749,173,13,13,5.298945457,30,15,1,0
sample_06797.pdf,1750,26,91110,173,13,11,5.626587801,26,13,1,0
sample_18209.pdf,0,0,8401,0,0,0,0.0,0,0,0,1
sample_06400.pdf,1200,12,30984,198,11,3,5.392425517,6,3,1,0
sample_16168.pdf,0,0,2619,0,0,0,0.0,0,0,0,1
sample_07841.pdf,1263,21,75571,135,13,2,5.843745073,4,2,1,0
sample_15896.pdf,1,28,38055,214,44,10,6.339811146,20,10,1,1
sample_02190.pdf,9685,37,33196,237,28,7,6.318586523,16,8,1,0
sample_04986.pdf,144732,330,299174,236,31,54,6.904838694,110,55,1,0
sample_16284.pdf,0,0,1904,0,0,0,0.0,0,0,0,1
sample_18501.pdf,0,0,16742,0,0,0,0.0,0,0,0,1
sample_12081.pdf,0,0,16355,0,0,0,0.0,0,0,0,1
sample_15473.pdf,0,0,9369,0,0,0,0.0,0,0,0,1
sample_12273.pdf,1,16,15119,214,44,0,4.646330907,4,2,1,1
sample_03791.pdf,4416,110,71579,250,35,15,6.775267381,32,16,1,0
sample_13749.pdf,0,0,15867,0,0,0,0.0,0,0,0,1
sample_12685.pdf,0,0,8454,0,0,0,0.0,0,0,0,1
sample_06214.pdf,9261,654,173789,320,14,38,5.441471225,100,50,1,0
sample_07427.pdf,302,12,11108,160,8,3,5.104193661,6,3,1,0
sample_16479.pdf,0,0,9289,0,0,0,0.0,0,0,0,1
sample_05148.pdf,628,28,357584,192,25,19,6.753253618,40,20,1,0
sample_03299.pdf,9942,29,14197,214,6,5,6.698630719,10,5,1,0
sample_02436.pdf,26286,54,36887,189,12,11,6.953901884,22,11,1,0
sample_05634.pdf,1374,21,82396,135,12,2,5.850479658,4,2,1,0
sample_18804.pdf,0,0,12840,0,0,0,0.0,0,0,0,1
sample_01098.pdf,1293,21,87808,135,10,2,5.872924337,4,2,1,0
sample_00909.pdf,1532,119,211435,383,8,23,5.84082853,48,24,1,0
sample_07367.pdf,801,21,55212,138,12,2,5.71753459,4,2,1,0
sample_04448.pdf,21054,145,34166,302,56,16,6.474150556,34,17,1,0
sample_02489.pdf,1255,21,77479,135,12,2,5.860960052,4,2,1,0
sample_15225.pdf,0,0,8250,0,0,0,0.0,0,0,0,1
sample_12103.pdf,0,0,9593,0,0,0,0.0,0,0,0,1
sample_02458.pdf,117598,267,184229,215,10,80,7.014778023,162,81,1,0
sample_10106.pdf,0,0,9404,0,0,0,0.0,0,0,0,1
sample_03888.pdf,1312,55,153552,173,13,40,6.361116427,84,42,1,0
sample_00403.pdf,1242,21,73918,135,11,2,5.836139372,4,2,1,0
sample_06999.pdf,1327,25,78044,173,11,10,5.525513734,24,12,1,0
sample_13723.pdf,1,28,38167,214,44,10,6.376618677,20,10,1,1
sample_06420.pdf,1225,12,24058,198,11,3,5.425117752,6,3,1,0
sample_10568.pdf,221,69,56055,214,44,51,6.264999856,102,51,1,1
sample_03333.pdf,1888,116,29304,305,59,8,5.782922231,18,9,1,0
sample_09257.pdf,36747,343,107120,231,23,23,6.694526389,50,25,1,0
sample_15793.pdf,10145,14,4703,294,11,3,6.664348759,6,3,1,1
sample_14404.pdf,0,0,9671,0,0,0,0.0,0,0,0,1
sample_04169.pdf,8843,1593,96598,322,10,33,6.469085572,70,35,1,0
sample_15389.pdf,0,0,2740,0,0,0,0.0,0,0,0,1
sample_04526.pdf,6667,21,11596,237,29,4,5.761881325,10,5,1,0
sample_05502.pdf,92925,268,199948,305,27,98,5.316692344,224,112,1,0
sample_02844.pdf,163060,796,334612,304,26,51,6.840128125,104,52,1,0
sample_07542.pdf,1467,320,53235,356,14,20,5.922401871,46,23,1,0
sample_01293.pdf,11290,42,51015,312,58,7,6.42100946,16,8,1,0
sample_06486.pdf,18353,63,49111,256,27,24,6.571891604,50,25,1,0
sample_13346.pdf,0,0,12608,0,0,0,0.0,0,0,0,1
sample_08956.pdf,10209,25,21042,247,23,4,6.756982829,10,5,1,0
sample_14367.pdf,0,0,9634,0,0,0,0.0,0,0,0,1
sample_12244.pdf,5283,20,15093,126,7,8,5.369674226,18,9,1,1
sample_14893.pdf,0,0,9404,0,0,0,0.0,0,0,0,1
sample_11482.pdf,5283,20,15091,126,7,8,5.369662225,18,9,1,1
sample_06886.pdf,1473,21,87167,135,12,2,5.861960185,4,2,1,0
sample_12944.pdf,1,70,9649,0,0,1,7.142731661,2,1,1,1
sample_00774.pdf,11455,24,14293,233,28,5,6.002023804,12,6,1,0
sample_17773.pdf,0,0,9618,0,0,0,0.0,0,0,0,1
sample_18352.pdf,0,0,8285,0,0,0,0.0,0,0,0,1
sample_06780.pdf,15058,48,23280,237,28,11,6.48546762,24,12,1,0
sample_07795.pdf,31393,165,141611,246,27,27,6.630541952,56,28,1,0
sample_10906.pdf,0,0,9686,0,0,0,0.0,0,0,0,1
sample_10867.pdf,0,0,17410,0,0,0,0.0,0,0,0,1
sample_16604.pdf,0,0,9641,0,0,0,0.0,0,0,0,1
sample_03320.pdf,1417,21,87021,145,12,2,5.876917223,4,2,1,0
sample_11191.pdf,0,0,8292,0,0,0,0.0,0,0,0,1
sample_16514.pdf,0,0,9739,0,0,0,0.0,0,0,0,1
sample_06568.pdf,13118,56,44188,327,60,6,6.549345734,16,8,1,0
sample_04841.pdf,8466,356,79087,318,16,49,5.797798559,108,54,1,0
sample_05447.pdf,62342,293,191903,322,37,32,6.763171815,66,33,1,0
sample_17225.pdf,5283,20,15093,126,7,8,5.369639126,18,9,1,1
sample_18552.pdf,0,0,8301,0,0,0,0.0,0,0,0,1
sample_12799.pdf,0,0,9707,0,0,0,0.0,0,0,0,1
sample_09077.pdf,8460,102,73163,237,6,9,6.754957173,20,10,1,0
sample_06271.pdf,1366,24,125997,138,12,4,5.685110995,8,4,1,0
sample_12148.pdf,0,0,9722,0,0,0,0.0,0,0,0,1
sample_03786.pdf,1359,21,81176,138,12,2,5.857407396,4,2,1,0
sample_00386.pdf,1474,27,80165,173,17,12,5.975018646,28,14,1,0
sample_16230.pdf,0,0,9735,0,0,0,0.0,0,0,0,1
sample_06135.pdf,1351,44,104108,173,14,29,5.395076368,62,31,1,0
sample_10312.pdf,0,0,77548,0,0,0,0.0,0,0,0,1
sample_00280.pdf,17409,520,160228,431,14,54,5.768134445,124,62,1,0
sample_01143.pdf,6986,197,182642,349,43,77,5.262071948,208,104,1,0
sample_13236.pdf,0,0,2717,0,0,0,0.0,0,0,0,1
sample_01084.pdf,1355,40,93635,173,11,25,5.872147285,54,27,1,0
sample_06204.pdf,1306,21,73680,145,12,2,5.846475174,4,2,1,0
sample_03279.pdf,1474,136,249654,352,11,25,5.802480677,52,26,1,0
sample_16614.pdf,0,0,9405,0,0,0,0.0,0,0,0,1
sample_04247.pdf,11481,33,20321,238,29,7,6.296158807,16,8,1,0
sample_19269.pdf,0,0,9688,0,0,0,0.0,0,0,0,1
sample_01379.pdf,12675,39,19948,222,8,11,6.558854274,22,11,1,0
sample_19176.pdf,0,0,8325,0,0,0,0.0,0,0,0,1
sample_07607.pdf,12483,403,73091,409,30,47,5.971566167,96,48,1,0
sample_17553.pdf,0,0,9713,0,0,0,0.0,0,0,0,1
sample_12888.pdf,1,70,10018,0,0,1,7.143361011,2,1,1,1
sample_00180.pdf,20925,224,41108,272,28,18,6.537760111,38,19,1,0
sample_05686.pdf,24,8,1285,287,14,1,5.291723153,2,1,1,0
sample_11086.pdf,0,0,8092,0,0,0,0.0,0,0,0,1
sample_11985.pdf,0,0,8443,0,0,0,0.0,0,0,0,1
sample_13323.pdf,0,0,7968,0,0,0,0.0,0,0,0,1
sample_08406.pdf,41399,70,80950,210,3,22,6.771227175,46,23,1,0
sample_08402.pdf,7798,2161,163996,309,16,64,6.593579819,132,66,1,0
sample_14950.pdf,0,0,7953,0,0,0,0.0,0,0,0,1
sample_06227.pdf,1629,25,93993,173,16,10,5.349388596,24,12,1,0
sample_11157.pdf,0,0,9688,0,0,0,0.0,0,0,0,1
sample_08310.pdf,13563,122,26826,322,7,12,6.313225793,26,13,1,0
sample_15611.pdf,0,0,8052,0,0,0,0.0,0,0,0,1
sample_04997.pdf,29924,176,52102,254,8,22,6.599582643,46,23,1,0
sample_00355.pdf,9210,42,102458,284,22,9,7.120387754,18,9,1,0
sample_13126.pdf,5283,20,14957,126,7,8,5.370344328,18,9,1,1
sample_02949.pdf,12250,505,49237,554,79,16,6.063022549,36,18,1,0
sample_14816.pdf,0,0,12322,0,0,0,0.0,0,0,0,1
sample_04340.pdf,37176,789,85101,340,47,28,6.691084315,58,29,1,0
sample_13580.pdf,0,0,5356,0,0,0,0.0,0,0,0,1
sample_04748.pdf,1643,29,93824,173,11,14,5.40513127,32,16,1,0
sample_14389.pdf,0,0,1440,0,0,0,0.0,0,0,0,1
sample_02136.pdf,851,12,33638,198,11,3,5.240436473,6,3,1,0
sample_18807.pdf,5283,20,15015,126,7,8,5.369957791,18,9,1,1
sample_09493.pdf,94,31,11876,163,44,4,5.434014988,8,4,1,1
sample_01594.pdf,61183,142,167992,163,11,66,6.624469139,134,67,1,0
sample_14205.pdf,0,0,8313,0,0,0,0.0,0,0,0,1
sample_08776.pdf,11619,428,40293,587,89,15,6.358847743,32,16,1,0
sample_16557.pdf,0,0,9803,0,0,0,0.0,0,0,0,1
sample_13158.pdf,1,19,7326,206,44,2,5.101684883,6,3,1,1
sample_17195.pdf,0,0,8340,0,0,0,0.0,0,0,0,1
sample_18852.pdf,0,0,3937,0,0,0,0.0,0,0,0,1
sample_11383.pdf,0,0,8194,0,0,0,0.0,0,0,0,1
sample_07876.pdf,8950,26,18593,127,12,6,6.695309424,12,6,1,0
sample_00869.pdf,1613,141,44907,446,31,30,5.793349822,58,29,1,0
sample_00389.pdf,1516,21,81294,145,13,2,5.850545809,4,2,1,0
sample_07946.pdf,1560,23,84161,173,11,8,5.765109044,20,10,1,0
sample_05235.pdf,4815,192,21522,309,6,9,6.068576482,20,10,1,0
sample_14859.pdf,0,0,15698,0,0,0,0.0,0,0,0,1
sample_08468.pdf,36339,61,67824,322,70,21,6.753788818,44,22,1,0
sample_06298.pdf,3754,43,30197,264,57,9,6.355729644,20,10,1,0
sample_06941.pdf,1612,168,142848,435,33,28,5.952131223,58,29,1,0
sample_04624.pdf,5699,62,15047,424,56,7,5.757692947,16,8,1,0
sample_06381.pdf,7447,40,17391,237,28,9,6.380322535,20,10,1,0
sample_16467.pdf,0,0,16929,0,0,0,0.0,0,0,0,1
sample_14307.pdf,0,0,7975,0,0,0,0.0,0,0,0,1
sample_13606.pdf,5283,20,15093,126,7,8,5.369642861,18,9,1,1
sample_06587.pdf,3768,84,20499,516,57,7,5.848818775,16,8,1,0
sample_06635.pdf,1312,129,102734,311,59,21,6.387022904,44,22,1,0
sample_00734.pdf,16307,871,380913,311,27,49,3.839509291,442,221,1,0
sample_12879.pdf,0,0,9656,0,0,0,0.0,0,0,0,1
sample_06444.pdf,1588,12,29960,198,12,3,5.405246823,6,3,1,0
sample_09919.pdf,0,0,8394,0,0,0,0.0,0,0,0,1
sample_16967.pdf,0,0,9400,0,0,0,0.0,0,0,0,1
sample_08578.pdf,8634,575,103856,368,14,53,5.835464151,120,60,1,0
sample_01648.pdf,1509,276,101391,347,9,25,6.145522129,52,26,1,0
sample_07476.pdf,82455,147,555800,254,7,62,6.6603219,126,63,1,0
sample_17512.pdf,0,0,8161,0,0,0,0.0,0,0,0,1
sample_13341.pdf,1,9,13293,0,0,0,5.670397685,2,1,1,1
sample_02756.pdf,2883,49,55478,245,48,8,6.183641096,18,9,1,0
sample_05359.pdf,412,67,74230,166,29,13,5.830304456,28,14,1,0
sample_03856.pdf,3247,63,70174,83,52,18,6.414947363,38,19,1,0
sample_17526.pdf,5283,20,14981,126,7,8,5.37048319,18,9,1,1
sample_13770.pdf,1,10,6026,156,37,2,5.486864116,6,3,1,1
sample_14894.pdf,0,0,9463,0,0,0,0.0,0,0,0,1
sample_02909.pdf,5114,1035,300435,294,6,119,4.152937572,308,154,1,0
sample_08141.pdf,9601,104,24806,254,8,10,6.16841892,22,11,1,0
sample_07672.pdf,10822,158,98139,253,29,11,6.676069342,24,12,1,0
sample_15552.pdf,0,0,9468,0,0,0,0.0,0,0,0,1
sample_08466.pdf,26672,200,43760,335,8,23,6.644937949,48,24,1,0
sample_15903.pdf,0,0,9492,0,0,0,0.0,0,0,0,1
sample_11579.pdf,0,0,16350,0,0,0,0.0,0,0,0,1
sample_07004.pdf,2190,537,132728,307,25,91,4.370704396,598,299,1,0
sample_01118.pdf,30782,334,122870,271,56,18,6.857758154,38,19,1,0
sample_01040.pdf,11933,102,21064,253,7,8,5.984275591,18,9,1,0
sample_08526.pdf,16457,733,124831,322,14,78,5.662586685,186,93,1,0
sample_18172.pdf,0,0,12263,0,0,0,0.0,0,0,0,1
sample_03284.pdf,1640,12,33021,160,12,3,5.247834854,6,3,1,0
sample_02622.pdf,6476,29,14038,242,35,6,6.099735645,14,7,1,0
sample_13584.pdf,0,0,15878,0,0,0,0.0,0,0,0,1
sample_00051.pdf,1617,103,196797,424,14,30,5.717582369,64,32,1,0
sample_13185.pdf,0,0,9656,0,0,0,0.0,0,0,0,1
sample_06740.pdf,14497,43,57927,318,73,17,6.583601418,36,18,1,0
sample_09350.pdf,0,0,9307,0,0,0,0.0,0,0,0,1
sample_02465.pdf,1107,21,70515,135,11,2,5.88056119,4,2,1,0
sample_06461.pdf,1292,46,107737,173,11,31,5.760182055,66,33,1,0
sample_07728.pdf,80456,1243,175858,273,20,41,6.866546845,84,42,1,0
sample_11702.pdf,1,15,7352,208,44,0,4.359408364,4,2,1,1
sample_05129.pdf,9412,3811,161920,343,41,81,5.901757408,192,96,1,0
sample_17517.pdf,0,0,9536,0,0,0,0.0,0,0,0,1
sample_07361.pdf,51727,115,58103,245,40,33,6.814878081,68,34,1,0
sample_05396.pdf,1218,12,34714,198,11,3,5.304188668,6,3,1,0
sample_04849.pdf,1445,22,73807,173,12,7,5.489684928,18,9,1,0
sample_04786.pdf,95,21,239996,259,58,5,6.348133629,14,7,1,0
sample_17135.pdf,0,0,8253,0,0,0,0.0,0,0,0,1
sample_06843.pdf,5574,49,49965,199,1,7,6.83975833,14,7,1,0
sample_14431.pdf,0,0,9227,0,0,0,0.0,0,0,0,1
sample_04521.pdf,50698,421,76302,252,8,38,6.756546836,78,39,1,0
sample_17598.pdf,0,0,15978,0,0,0,0.0,0,0,0,1
sample_09079.pdf,1993,622,80082,432,30,60,5.151492405,178,89,1,0
sample_10392.pdf,1,15,3702,208,44,1,5.288322894,4,2,1,1
sample_04990.pdf,1812,102,111687,375,13,16,6.134040986,34,17,1,0
sample_16434.pdf,5283,20,15093,126,7,8,5.369647139,18,9,1,1
sample_14392.pdf,1,5,3641,0,0,0,3.81463524,2,1,1,1
sample_12916.pdf,0,0,17211,0,0,0,0.0,0,0,0,1
sample_13127.pdf,0,0,8117,0,0,0,0.0,0,0,0,1
sample_11941.pdf,0,0,9533,0,0,0,0.0,0,0,0,1
sample_03400.pdf,8578,88,22782,582,55,14,6.252190593,30,15,1,0
sample_14661.pdf,0,0,9628,0,0,0,0.0,0,0,0,1
sample_13742.pdf,0,0,9583,0,0,0,0.0,0,0,0,1
sample_07453.pdf,4786,26,23430,402,56,5,6.063325618,12,6,1,0
sample_17275.pdf,0,0,1917,0,0,0,0.0,0,0,0,1
sample_16979.pdf,0,0,2669,0,0,0,0.0,0,0,0,1
sample_18283.pdf,0,0,9386,0,0,0,0.0,0,0,0,1
sample_08262.pdf,6759,335,68403,360,29,48,5.523166781,118,59,1,0
sample_00234.pdf,82346,66,115758,258,27,15,7.079796883,30,15,1,0
sample_02837.pdf,1320,21,77908,135,12,2,5.873936844,4,2,1,0
sample_06692.pdf,3375,76,30615,341,61,14,6.271756945,30,15,1,0
sample_05441.pdf,12275,576,155362,316,35,37,3.641785247,478,239,1,0
sample_16975.pdf,0,0,16094,0,0,0,0.0,0,0,0,1
sample_18270.pdf,0,0,12828,0,0,0,0.0,0,0,0,1
sample_18590.pdf,0,0,3865,0,0,0,0.0,0,0,0,1
sample_14117.pdf,0,0,8289,0,0,0,0.0,0,0,0,1
sample_02572.pdf,1517,21,79866,135,12,2,5.875651311,4,2,1,0
sample_01796.pdf,25743,75,166093,314,34,32,6.756216472,68,34,1,0
sample_04329.pdf,17746,689,56011,504,61,26,6.546671753,54,27,1,0
sample_16802.pdf,0,0,15559,0,0,0,0.0,0,0,0,1
sample_14143.pdf,828,10,8544,137,8,1,6.791384588,2,1,1,1
sample_17239.pdf,0,0,7661,0,0,0,0.0,0,0,0,1
sample_19195.pdf,0,0,2012,0,0,0,0.0,0,0,0,1
sample_18982.pdf,0,0,4001,0,0,0,0.0,0,0,0,1
sample_11657.pdf,0,0,23837,0,0,0,0.0,0,0,0,1
sample_13240.pdf,0,0,9612,0,0,0,0.0,0,0,0,1
sample_15815.pdf,0,0,8374,0,0,0,0.0,0,0,0,1
sample_03451.pdf,4157,201,21547,309,6,9,6.093396375,20,10,1,0
sample_11529.pdf,0,0,16663,0,0,0,0.0,0,0,0,1
sample_03151.pdf,21271,42,57918,270,8,8,7.142106414,16,8,1,0
sample_12561.pdf,0,0,15807,0,0,0,0.0,0,0,0,1
sample_10460.pdf,0,0,15284,0,0,0,0.0,0,0,0,1
sample_16785.pdf,0,0,8243,0,0,0,0.0,0,0,0,1
sample_16569.pdf,828,10,7651,137,8,1,6.791384588,2,1,1,1
sample_03609.pdf,6697,781,127033,329,13,44,5.288338405,124,62,1,0
sample_16741.pdf,0,0,8388,0,0,0,0.0,0,0,0,1
sample_00388.pdf,1541,139,205454,357,10,23,5.8628933,48,24,1,0
sample_16685.pdf,0,0,12123,0,0,0,0.0,0,0,0,1
sample_11447.pdf,0,0,9802,0,0,0,0.0,0,0,0,1
sample_10295.pdf,0,0,10755,0,0,0,0.0,0,0,0,1
sample_06904.pdf,110537,251,120335,87,12,82,6.62146227,164,82,1,0
sample_19018.pdf,0,0,9899,0,0,0,0.0,0,0,0,1
sample_09716.pdf,49,9,250469,0,0,0,3.534816154,2,1,1,1
sample_18925.pdf,0,0,12424,0,0,0,0.0,0,0,0,1
sample_10806.pdf,0,0,2038,0,0,0,0.0,0,0,0,1
sample_08086.pdf,1113,12,28403,160,10,3,5.014755155,6,3,1,0
sample_16281.pdf,0,0,15833,0,0,0,0.0,0,0,0,1
sample_02506.pdf,1587,137,172808,173,11,20,6.177190758,42,21,1,0
sample_13765.pdf,0,0,9485,0,0,0,0.0,0,0,0,1
sample_13264.pdf,1496,10,9240,225,18,1,6.718746165,2,1,1,1
sample_16408.pdf,0,0,8266,0,0,0,0.0,0,0,0,1
sample_10056.pdf,0,0,13130,0,0,0,0.0,0,0,0,1
sample_15786.pdf,0,0,8060,0,0,0,0.0,0,0,0,1
sample_02851.pdf,13596,49,29121,233,24,14,6.537468416,30,15,1,0
sample_16955.pdf,0,0,12022,0,0,0,0.0,0,0,0,1
sample_03036.pdf,3707,84,78023,163,10,41,6.397028083,84,42,1,0
sample_00310.pdf,52301,1250,195890,450,29,58,5.950337184,146,73,1,0
sample_16743.pdf,1,15,17472,208,44,0,3.283452588,4,2,1,1
sample_15622.pdf,0,0,12543,0,0,0,0.0,0,0,0,1
sample_07282.pdf,2666,68,140580,245,38,30,5.636746337,70,35,1,0
sample_09048.pdf,1270,31,56219,173,12,14,5.9556919,34,17,1,0
sample_02338.pdf,19194,49,83664,238,28,14,6.85285019,30,15,1,0
sample_12867.pdf,0,0,16937,0,0,0,0.0,0,0,0,1
sample_10238.pdf,0,0,9751,0,0,0,0.0,0,0,0,1
sample_07186.pdf,1774,211,143439,419,36,36,5.952525899,74,37,1,0
sample_00991.pdf,44505,41,56966,219,28,8,6.998854065,16,8,1,0
sample_06320.pdf,1173,13,22268,188,12,3,5.252383635,8,4,1,0
sample_09241.pdf,91637,125,214208,241,29,46,6.746014795,94,47,1,0
sample_07108.pdf,9713,35,17153,238,29,8,6.318348679,18,9,1,0
sample_08520.pdf,1279,13,22444,188,12,3,5.28192723,8,4,1,0
sample_06218.pdf,4583,516,263227,423,32,47,5.586084829,108,54,1,0
sample_02917.pdf,134338,148,169457,230,18,50,6.892998434,102,51,1,0
sample_15564.pdf,0,0,9663,0,0,0,0.0,0,0,0,1
sample_10925.pdf,0,0,7987,0,0,0,0.0,0,0,0,1
sample_15493.pdf,0,0,17050,0,0,0,0.0,0,0,0,1
sample_06487.pdf,1425,21,85717,135,12,2,5.868003334,4,2,1,0
sample_10311.pdf,0,0,16262,0,0,0,0.0,0,0,0,1
sample_11723.pdf,5283,20,14965,126,7,8,5.370355316,18,9,1,1
sample_06517.pdf,10629,432,86042,328,14,53,5.550912162,128,64,1,0
sample_09726.pdf,0,0,9316,0,0,0,0.0,0,0,0,1
sample_11961.pdf,0,0,8290,0,0,0,0.0,0,0,0,1
sample_12259.pdf,0,0,16520,0,0,0,0.0,0,0,0,1
sample_12631.pdf,0,0,9850,0,0,0,0.0,0,0,0,1
sample_12937.pdf,0,0,9558,0,0,0,0.0,0,0,0,1
sample_15643.pdf,0,0,8307,0,0,0,0.0,0,0,0,1
sample_01331.pdf,5386,24,11368,233,28,5,5.967765983,12,6,1,0
sample_16522.pdf,0,0,8016,0,0,0,0.0,0,0,0,1
sample_08232.pdf,23456,204,389885,317,58,63,6.398650106,132,66,1,0
sample_13283.pdf,0,0,9491,0,0,0,0.0,0,0,0,1
sample_13455.pdf,0,0,17216,0,0,0,0.0,0,0,0,1
sample_08327.pdf,1361,30,84522,173,10,15,5.82074645,34,17,1,0
sample_16193.pdf,0,0,8220,0,0,0,0.0,0,0,0,1
sample_08490.pdf,4173,26,10896,235,30,5,5.80901292,12,6,1,0
sample_06389.pdf,2969,21,20265,402,56,4,5.861001212,10,5,1,0
sample_13888.pdf,0,0,9592,0,0,0,0.0,0,0,0,1
sample_03617.pdf,1182,21,75971,135,12,2,5.84102196,4,2,1,0
sample_01849.pdf,11645,50,133683,294,29,24,6.013963609,52,26,1,0
sample_12876.pdf,0,0,1903,0,0,0,0.0,0,0,0,1
sample_04783.pdf,5794,325,107202,322,29,27,3.961801768,186,93,1,0
sample_04249.pdf,7234,883,109764,294,6,113,4.415147573,268,134,1,0
sample_08467.pdf,9099,263,103345,333,26,28,3.991473116,230,115,1,0
sample_04995.pdf,1267,21,88245,135,12,2,5.904135851,4,2,1,0
sample_11568.pdf,0,0,2880,0,0,0,0.0,0,0,0,1
sample_07475.pdf,11379,297,67170,434,32,37,6.035511865,76,38,1,0
sample_01860.pdf,16478,45,25219,235,28,11,6.494450991,24,12,1,0
sample_08487.pdf,3769,482,68302,83,17,59,4.54729034,146,73,1,0
sample_19058.pdf,0,0,9994,0,0,0,0.0,0,0,0,1
sample_15595.pdf,0,0,15537,0,0,0,0.0,0,0,0,1
sample_00240.pdf,2701,392,67485,428,37,29,6.17583268,62,31,1,0
sample_12633.pdf,1,996,7558,211,39,10,4.70631216,22,11,1,1
sample_03484.pdf,16533,49,23428,161,12,13,6.824790503,26,13,1,0
sample_14126.pdf,1,10,16797,184,7,1,1.0,2,1,1,1
sample_17086.pdf,0,0,9889,0,0,0,0.0,0,0,0,1
