file_name,TARGET
benign_sample_2024.xlsx,0.0
benign_sample_7646.xlsx,0.0
6a7dc42d944f5e6ff170a707ada2e74f6a61a24f024e6a27e7a4dcf23e0e48dc.xlsx,1.0
d398bf01e7cc29abe429cd6b0467316bf703a8f279dab35d910ff1cc63a7dd34.xls,1.0
2a7ed7a33e6cec37a91d0ab96ac8dccceedda87cd0c887b0d213d5cfec8f8074.xlsx,1.0
benign_sample_2403.xlsx,0.0
benign_sample_7032.xlsx,0.0
681a79f74500f26f90a737d9d4a807354761f8c91383727e975ee9b6eb5cc49a.xlsx,1.0
benign_sample_4938.xlsx,0.0
b0def8f7fce1dc1788b3d82407ffd47cf0b6d84ff47e6f0617626d22db091dc9.xls,1.0
benign_sample_1200.xlsx,0.005
af9630c043bf6ddfef7ffb10d020316720913a21eb9cd9f51853c21082b8e6fd.xlsx,1.0
0366a225a1514dde362ed1c5c58ae87188544d29b4ebee03417cc5dab6c67ade.xlsx,1.0
benign_sample_4052.xlsx,0.0
benign_sample_5101.xlsx,0.0
225f33d7f2f3635f683057d252bd5fa11408b6895c84e1c3056ecf96ab50c264.xlsx,1.0
dc1a568534305e8dd82443bd62f3fefe364de2073558c8237bbe099593714259.xlsx,1.0
benign_sample_2796.xlsx,0.0
c21af06b5a5f866a493669336f0c0d2d4d981faeab18708879be631c5b4f3c55.xlsx,1.0
1f7f0e807662dea1f41db59b70e82b89dee30c7f08a920ee2004273a5de977e3.xlsx,1.0
6f8a56599b475d70cb25121d1bfb3c42eef1917b24957654f07920356cb99967.xlsx,1.0
benign_sample_5195.xlsx,0.0
benign_sample_5227.xlsx,0.0
benign_sample_193.xlsx,0.0
benign_sample_8541.xlsx,0.0
a183c8724e51edb9351dcbcc051c07c331b655813c2bf4c141c5ece7689273ae.xls,1.0
benign_sample_4736.xlsx,0.0
c202f61174e571e38bee2aca5c8b39e9ebbba9bfe9d346bf7e0792f45da91472.xlsx,1.0
benign_sample_6024.xlsx,0.0
7db451689b677994eb9a1cc3d938d90b5c3a27da983a84bf2f5def1c02ba4fd7.xls,1.0
benign_sample_7911.xlsx,0.0
f4edbb58277b403b31b74082abd31ace4fe3122e80fbaba77f14f92a8b18d47b.xlsx,1.0
benign_sample_2255.xlsx,0.0
benign_sample_4869.xlsx,0.0
e5f34e6186145d80e095058a05ec1a7c225753cb992dd03ae77c44a01ed49e50.xlsx,1.0
benign_sample_8341.xlsx,0.0
benign_sample_3644.xlsx,0.0
benign_sample_3390.xlsx,0.0
f7a1ff7e1426b5d07acd02e17d67588eb4a3a62a42826dd8e0460fbf2a9be558.xls,1.0
benign_sample_3751.xlsx,0.0
benign_sample_5198.xlsx,0.0
benign_sample_8448.xlsx,0.0
47eb436f86de54c035d444bca13a39941cae21026bc8345225bffe64ba5e8ab2.xlsx,1.0
95bb490075886f0eb4ccaaeb4d1bcda48f74a3adeed83c96d578f693c93a87b8.xlsx,1.0
47abdf74b345bc0776b9857b90a4b453066fa3f1eb5e1007d1b08803a42c53cc.xlsx,1.0
benign_sample_9822.xlsx,0.0
17d30bca9a889c79d0bcd4674383f7406ba43ec1a0912a6790fdcb6ec5937972.xlsx,1.0
benign_sample_4670.xlsx,0.0
benign_sample_4795.xlsx,0.0
benign_sample_7194.xlsx,0.0
benign_sample_4913.xlsx,0.0
f841b63113c3f31257798e76084abe309c0d42fb3d6ad4046f851b7f81ea3009.xls,1.0
benign_sample_1568.xlsx,0.0
benign_sample_5157.xlsx,0.0
9698bea0b75dee144db24f36fde848aaa66d253be357218ef5062b42bda417aa.xlsx,1.0
benign_sample_3569.xlsx,0.0
benign_sample_3269.xlsx,0.0
3eb8446574e9e4f32f732335c902647c61b04bcccea45b14f6f5b069382fcbf8.xls,1.0
benign_sample_6410.xlsx,0.0
benign_sample_4827.xlsx,0.0
66f795cdcf35dd19d89806d2c75a93c0c6f9f9658c53d3cb78b55387ae548a98.xls,1.0
7649375914acc773cb1154cc47119e2a96373fc73f7bca1a71e4230a9f43e550.xlsx,1.0
cfa0583b578231c2501efd9db109b222d41c6e9108b5226812defe2e6457e08a.xlsx,1.0
ac45051234ed04d68d9e671b3e15ac442b40c9f556ba50334c669516d1672332.xls,1.0
dba2b4f8a17650e49dfa817fa19e2277b3c214f66b3c87530f94e6716e9d485f.xlsx,1.0
6633e604dc5de42e72c0c9c11b14dfb2e70ab2f40d3f7ff8c918975534465d21.xlsx,1.0
ca302ff60c4dff1307479f8a44c93086be90ab1bce345a40438f363ab879fbea.xlsx,1.0
benign_sample_3060.xlsx,0.0
b49c078ee2cc7d0e99ad47ae9b106807e3a335aa1bb7d099d10102c87760a1fd.xls,1.0
benign_sample_2016.xlsx,0.0
benign_sample_3055.xlsx,0.0
d041eb4d27665d30fa516a31242774fa89c5e50f30253637454ca9d6db135dfb.xlsx,1.0
71694d8c3c632885814de2f688f5b1dc8e58e548ed3ca9fa2eff7b8c6725a9e8.xlsx,1.0
fc0c519bf9c49905ffaae2f65ad12c581f2d9b5acd66eec30156be399b40ec52.xls,1.0
benign_sample_1061.xlsx,0.0
benign_sample_986.xlsx,0.0
benign_sample_3839.xlsx,0.0
7dcc98a43c1c2401b4a9a02fdadc34d06c138373a56e0140684fee2389de0604.xlsx,1.0
811ae19844681d5f6d2ec530f840d120f24fe455b898c5a663cdb6f5f8f9e253.xlsx,1.0
benign_sample_9033.xlsx,0.0
benign_sample_6457.xlsx,0.0
97900f5ab6be7f8c27f4c7618f73931ca14edabf70fe8557ebfc4b45bc625aa2.xlsx,1.0
f2afc148973efeb8571d0953bc6d84dbe9352c6e9534c2e6571ea632d9faa1d8.xlsx,1.0
benign_sample_4618.xlsx,0.0
128fcb6da1a0ace7e4a5762e24805f93eea4480badd3663d3962a4ab3ee9579b.xlsx,1.0
0a8509fefe75a7eef991f45b271af616ae380d3c422026e5f9cc467497319a2e.xlsx,1.0
benign_sample_2969.xlsx,0.0
benign_sample_9201.xlsx,0.0
benign_sample_4279.xlsx,0.0
benign_sample_7652.xlsx,0.0
benign_sample_3288.xlsx,0.0
7fbea3b587ba2127d19aae0bc872f05b3bfd6d43809838a69c52c3d5be468bf6.xlsx,1.0
benign_sample_9408.xlsx,0.0
3eb687e1ccd60cebe79294d3a640223c950085edf4857d2e30712f89f3176644.xlsx,1.0
benign_sample_4687.xlsx,0.0
benign_sample_4270.xlsx,0.0
benign_sample_4986.xlsx,0.0
benign_sample_6038.xlsx,0.0
benign_sample_1223.xlsx,0.0
539ccd6b68b28d2505d8f5d43b8ca93006e0a5d034bfacd98ec552cfc8822fee.xlsx,1.0
benign_sample_2411.xlsx,0.0
benign_sample_6353.xlsx,0.0
06959d08446e96fc65611c5c7b63c4b0cdef4b522d0af0b9658a20b78fce525e.xlsx,1.0
c02afb46974a66c63c9a0b410ae36c427131dbfe10ac3a969142ac9bf807274b.xlsx,1.0
6c6c29c1f639428e3023a02ee21b43907099a72b3e96e2ff7f844666b18b90d6.xlsx,1.0
benign_sample_8180.xlsx,0.0
71a16f86e0ebb756ab212618dff1340acefe2fa4957d087929af011136b02d71.xlsx,1.0
b21b429e1cb30997f4cd01277c8a9f5dd0a9dce52027c1fb31a6384b8cea689d.xlsx,1.0
d3000d5d591d23b5e060011729bab8cdfad9127c19fa8a08f9191a51f04d4a2d.xlsx,1.0
1bea081089eba379073470af2e29cf63f540f7ece2c44abd1f6ffc836629a657.xlsx,1.0
57aba8538fbcc27feb78e86955c96ed35c81bf318cbac50cff07ff9ade62d1b9.xlsx,1.0
benign_sample_9008.xlsx,0.0
3b6658d9a774a44809bfecf7edd20a7408958613ce87fb2a8464a2f99b56fe9a.xls,1.0
benign_sample_8545.xlsx,0.0
5778109b7f8d31da72f9b53d9d792247a2921dea31d4270986480a690b581075.xlsx,1.0
c1d125239b37b1c7739b907cd0347d97fc8d896f8bb07bee17fb4eac03458618.xlsx,1.0
benign_sample_7795.xlsx,0.0
8eb42c03d1442b238cbd1871224c6c6b2067c62429c4029637c666919d278ad8.xlsx,1.0
benign_sample_8207.xlsx,0.0
benign_sample_1327.xlsx,0.0
benign_sample_3506.xlsx,0.0
benign_sample_6035.xlsx,0.0
benign_sample_3176.xlsx,0.0
cae068c4c59a4082133d44bdc9db33444b759f8f465a24b37b84670243bd5104.xls,1.0
e4104b41a58f80f29e3831c470cbdf2bd4570c79e75ba7759e9cdc85b2622faf.xls,1.0
e4d2ed61560cca433b06f9fa0455fc96b5948a6b0f161ac3493fd3abddcb4068.xls,1.0
benign_sample_8718.xlsx,0.0
0678a782c1796acf082567ebfecc529bc6565a26c9bef2a73663569e1526edc1.xls,1.0
3a9f27c7ea68e0827a4ab1e49585926f3ff5e3c3486b1e578a4b0513dd05e2ba.xlsx,1.0
58c2ed34e3236d5b8c33923354e9a6308bb5c58a16937e047363dc37f82cdabf.xls,1.0
28cb512f86e46efdff2d6ea88e4c1e41d7c83c32d39b58b808985759742ce825.xlsx,1.0
benign_sample_5007.xlsx,0.0
af931881445f375b740f42f182c797e8267c576e36f3093b10a935744154df60.xlsx,1.0
benign_sample_1892.xlsx,0.0
benign_sample_8171.xlsx,0.0
25b0a782d4eb54e681d5fc3d8f5c309465bbe31c2721403ac8a49a1524bc56d4.xlsx,1.0
bcd299b45d3bca03d12ce6d9d94d7b2daff161ec6eb70f10c4c0c1bd12c76301.xlsx,1.0
benign_sample_4818.xlsx,0.0
benign_sample_1655.xlsx,0.0
274dc37c4eca51b6bb99f57523a8eb387931cd4b38ca58552a1efb5957b700ad.xlsx,1.0
895a4108d97a93c60f7250ad14d7b34aea78f61c9217cebfd038cb2399ff41a5.xlsx,1.0
benign_sample_1469.xlsx,0.0
5ba38037a764036e0a7091e51a79863992cf095189f4e4c0369653ba21a2fa9d.xls,1.0
bf5ab223f0e3559fc66fe92539ee7fcf6a35461818efb09bdcae16a22d1a0446.xls,1.0
d4b5829c4a9a66b9ef07c36f66d6c668e1ce95751661108551433dc9e014d0c7.xls,1.0
3f0f94ad174559f017c29d0de7e1b676d592cc664d514e8634513e9167346e12.xlsx,1.0
benign_sample_5652.xlsx,0.0
17491c7e11fa61c8383bccba3b1d28499e31809548c4136391ba891e3b42d290.xlsx,1.0
benign_sample_6145.xlsx,0.0
benign_sample_2373.xlsx,0.0
benign_sample_2966.xlsx,0.0
benign_sample_751.xlsx,0.0
c51858256a9ff93416dac81c402d79795e073e882dc184180327a81969c7b75d.xlsx,1.0
2613c1bc550241501fcac23737817f6921d7f249647e829b34a9ce7b71b2107e.xlsx,1.0
benign_sample_5331.xlsx,0.0
benign_sample_5109.xlsx,0.0
d4938e87e24325f05fd34ef10bc43a102fdd603354ea67c0d10da56460501d37.xlsx,1.0
benign_sample_7702.xlsx,0.0
0d62c46827e9545a8d89a76bbc6036e27355f81d5c1b29343730c42d4f093464.xlsx,1.0
benign_sample_9211.xlsx,0.0
758ff0fc04f8c92a348be1a12a76f47599171467fd9818c8cac90fbc57ac3e4e.xlsx,1.0
benign_sample_3753.xlsx,0.0
benign_sample_3862.xlsx,0.0
benign_sample_7525.xlsx,0.0
benign_sample_7327.xlsx,0.0
b10dce99ebd0a0c7ae7bb4119cec13661f212fac485b8380d03471b72db80029.xlsx,1.0
benign_sample_6107.xlsx,0.0
benign_sample_4835.xlsx,0.0
4b12165202c36daa91fba41332691ff1b3abc12c204d3c1fc93cb60435d0757e.xlsx,1.0
5cca6e36f5cb1cf38098159e6c7c71d4a832cb8d16a5f928bfa3abaa0a6cd96a.xls,1.0
benign_sample_4732.xlsx,0.0
benign_sample_8887.xlsx,0.0
8293ee68c887150f42de5aff4b62f51614300f6a8fd121ea87bb84a3af250e73.xlsx,1.0
a8ffbd6c833a52d18d538e69f3e82f71988b904e842d95d470eab87a05243dc8.xlsx,1.0
ec42950e1baff61cf694dabc9c6f22cc1f0edbe9372718a68a2a2388f6bb66a1.xlsx,1.0
7a9dfb784b520c69c8ab7c50e9c88d5e9bfa67ba329aac865ad891b5fd65a769.xls,1.0
benign_sample_3494.xlsx,0.0
benign_sample_3806.xlsx,0.0
benign_sample_9238.xlsx,0.0
42530da2b842fdf277e82a690f8a1d71f171614693c07a7c1230349590da7538.xlsx,1.0
benign_sample_9470.xlsx,0.0
benign_sample_2357.xlsx,0.0
c3d42d6d38b3a9255688f4b4503d3e168df135e0ee7b6320c3fb57798c1bf820.xlsx,1.0
benign_sample_4403.xlsx,0.0
benign_sample_7126.xlsx,0.0
benign_sample_5253.xlsx,0.0
ed635a02d34eeb039a69fd3edce854607882262c9d6fff46ff5512a961927371.xlsx,1.0
2d46eee159ec36ab5e9f8bc29a7e0464c9b1be8c3454cdb8c9880640dcfda02f.xlsx,1.0
benign_sample_3706.xlsx,0.0
a808198d5caa40d58a410562e502b865d30354811b16fa025fc75530fc485c1b.xlsx,1.0
c34aabd2f0d1c1dd50342b8bf5d2236e2d851a04ae85c46e88eb7af9193e2ebe.xls,1.0
benign_sample_3162.xlsx,0.0
bd99865c21fc37175430ccadc0f63e5ac6b83a8d2082dff0261052b37108d30f.xlsx,1.0
a188cff178cb2e136820b559d2eb045e346d1b3b2b8e9a8b2e614fae986c0186.xls,1.0
9a7c608d14a1d7343ecbb7f3c6883d0113860562d50456f6db72207f9d3c07bc.xls,1.0
f1c8131edd3c5a30be572c52d2e4c15e07968bebad0ee05c49eee8374b89fe5a.xlsx,1.0
0069e0696e7ac7a5301a27c0e5af6e85f0d6914f3e7588814fb7c2791de347f4.xls,1.0
benign_sample_165.xlsx,0.0
fe73fd3955380212aaecb045e92353f9684af4e89e4d1c183dd84a0b7271230b.xls,1.0
acca9499ec2c8251dfc53313c069e6286dd103764659dd00cfeb7e2d9e3b9027.xls,1.0
0b20638506b6b6ffe28564f757d17d41311a1b1887bfbd3a7e0f0e6df21370b8.xlsx,1.0
bf43b0e0341fce2b88439bdcc7cf43ba68cb26f0daaf7b43b86281f7dc9fad38.xls,1.0
benign_sample_9931.xlsx,0.0
benign_sample_3637.xlsx,0.0
benign_sample_7334.xlsx,0.0
c3e76a56ed9ab3d9e4a5a41d98f35a4a26eba51ef99f7bb86039cb5b3e8fbb05.xls,1.0
530f983b54ae85ce36aaf1b5d096fc2b63b3ad67792ee131e355855e98e205b2.xlsx,1.0
2d6bdacaaaf65af35dd2adcd7ef25e15b36c4bd3fac262a50488afccdaf8879f.xls,1.0
benign_sample_9935.xlsx,0.0
benign_sample_2608.xlsx,0.0
benign_sample_8702.xlsx,0.0
14400a65d8cc66198400d99f57e6e854389bc6a48f7e57dd2e26083ea2093ac3.xls,1.0
c6b709c0d1096a9d3c942596f9b6d47ce4e91817671989edfe6acb8e938f6f63.xlsx,1.0
e383138b90339fd655be9fb8d69cb1ae0f97257001b615b705c63d0058ab9c4b.xlsx,1.0
benign_sample_1240.xlsx,0.0
8140e974305689e26b6549bcf43853ee84f1e1c8889249bc3fe1cb491f4c3810.xlsx,0.995
b036ce2ffeddaa05f29adde09fc9b626eead250efb4b123eae7320e385f2bbf0.xlsx,1.0
26a114862604d230897a3c03570ee7c386a6971a5e6819c8490f0fa8be9c262a.xlsx,1.0
benign_sample_3317.xlsx,0.0
b188a45a1f05994b9091d02de0543cf0988a8ef67e2e74c1541dc7e7d5821ab5.xls,1.0
d648179105e6dc2ea3ad53cdfa344343297b29029752cb0eb9319c4a6c1aab05.xls,1.0
benign_sample_2188.xlsx,0.0
e123a616f5cf5e9dd7d8a458ba70852a7e5c4455cdf5285f42e21027662a5d64.xls,1.0
b3592d2adfe35860da9ce3722d2bc102fa8f2f1bf45a1bf94e9f36803e26f4e5.xlsx,1.0
benign_sample_4718.xlsx,0.0
69d8b3be477333dd3770df82ec7f4d34cc31e99e7b052628c65f536281845777.xlsx,1.0
e8f04ec518d13ac492771bd9ee700548c9f1be128610057c0647d47f0f1ce2b4.xls,1.0
benign_sample_3111.xlsx,0.0
benign_sample_1586.xlsx,0.0
9dd613c7f9833c7a8a7780baa3e00a00f98181ea1ee9938e7ec82692f7445ea8.xlsx,1.0
benign_sample_8140.xlsx,0.0
db943c4a250100c35c96f591c2d5b15dec88eaf73897e2e5c74d8c235f4427de.xls,1.0
5d4a1072d7774ce31c6032f61d4af598d1964e5193d87f3c87eca95d8e856d22.xlsx,1.0
benign_sample_807.xlsx,0.0
benign_sample_3561.xlsx,0.0
benign_sample_6759.xlsx,0.0
benign_sample_5589.xlsx,0.0
benign_sample_7166.xlsx,0.0
4cb805c54b98c27f39c20549c867dd4d3b6b3b07389d591a3f4ea823e4e7b0c3.xlsx,1.0
bf495fcde782b7208d88e1d224e8fbfc8917b42e5c0c1de5b81e9351e8392f48.xlsx,1.0
benign_sample_9543.xlsx,0.0
benign_sample_8751.xlsx,0.0
benign_sample_563.xlsx,0.0
benign_sample_7689.xlsx,0.0
2b0caad04296e209001ea506e32071cfe407459f915e4edc69fd6dcf73a28245.xls,1.0
a6aec62b76c7e51f20016f1974b89475b7ce886a1d33a7d029a5b0af6859b786.xlsx,1.0
benign_sample_7964.xlsx,0.0
benign_sample_6301.xlsx,0.0
0cbdf14c5c78e6e3fac9a8816f27f65fd01b0cc65c7d8d24b4bd387e84ce1997.xls,1.0
267c062c37fd53b0717363c79162951348614ff6eb935e684338e53e1c4242eb.xls,1.0
87ff57aa60845ee3d5763c66a524227f9bc456869e3d0593c91ab5aa4082b4bb.xlsx,1.0
benign_sample_5282.xlsx,0.0
5e82c071b91888ddebef0db9428e4c0d0a35402de22954220398d41f5c56d163.xlsx,1.0
2a12970a58b9fa71c40724651e8a4b9d6ad333f51054d609dcbca14802648803.xls,1.0
37295d58f2f0ad5127a705425704c761b9cd3a9dd50045675a184908c88868e2.xls,1.0
benign_sample_9702.xlsx,0.0
benign_sample_6322.xlsx,0.0
274cf35829d9276d12d33ca8f07eb74f80c3ea255dee2990399c85ba3d66c6f7.xls,1.0
benign_sample_9158.xlsx,0.0
fd61f4aa26ec4a9ca9b420bbfd87be1aeb628e3f9fd271783b484e08a1528377.xls,1.0
ae51f891d29f8245b2aa824740555c96778a88222007463b19026f06bfd726dc.xlsx,1.0
5a931dec4e0619f4050e8e7fb8a35596b81f1f3440c9b11cdf30377878ad8748.xls,1.0
cda009e3b67c5db65f0d81fff5910bf9f02e4282ed091e57f9e230a9c7837d56.xlsx,1.0
benign_sample_4195.xlsx,0.0
07adcdba685d21906fae445af137202e1eb7041e82180015fa8c6db0618f60ec.xls,1.0
6ebf5ae1dad09d6ee96fc8bfc428b851b76f179cff375fb6d982068eb4469dce.xlsx,1.0
6c4597a7b422d94996e0c405673c97c7b446839ead1453250df7cce656f663e6.xls,1.0
9a7cca84337b84fccff54be43ce1b74af7677874dffc0037ce3d9f8a4e7c1dd0.xlsx,1.0
300ea38fc05b83e27196d93e2f9825d5c20305e81d9f05981a1fb78521effbed.xls,1.0
benign_sample_8748.xlsx,0.0
benign_sample_5333.xlsx,0.0
benign_sample_7014.xlsx,0.0
benign_sample_9438.xlsx,0.0
1220a898efe49daa29e2fe95622d8b545fbc0a49299ffe816d20fc4436732333.xls,1.0
e26e88b1a9550ec6c7684fcb02a99df4ca4914c4e96ce226e47eab501c11b2a2.xlsx,1.0
d6a73177035f85fb463f42fd5d0f48b5b1a8927aa460de0a6fff7016e117213a.xlsx,1.0
d6d8cdb4ef4968e6d87d58445c64ae2a63fa7226acd42070644242a1ceea4b64.xlsx,1.0
benign_sample_9126.xlsx,0.0
3128da420bb3edd1dd5f4959593c27e3edabe4501eff01e8d121498d80f569c0.xlsx,1.0
benign_sample_2479.xlsx,0.0
benign_sample_2634.xlsx,0.0
0c2390b2651db31c0770ff6064dfd27753463cae5c1d753b802434db69a6431b.xls,1.0
benign_sample_3691.xlsx,0.0
ec25f163832fa584971598eafbe7ee967ac9b6c1459155aef1ec709c886898d6.xlsx,1.0
benign_sample_7185.xlsx,0.0
benign_sample_6178.xlsx,0.0
benign_sample_8102.xlsx,0.0
benign_sample_6115.xlsx,0.0
2e181dd48c4bee86a9fc4f7ecac8a299d69f21dc9d63a1625fcff4c7af49494c.xlsx,1.0
8025ecf274d102eb932a660312edf0f189031623a5144bbfdab877cf415a9f42.xls,1.0
0b74cf7f6edd570d5660874f3209e3ce8cb26eacde842a036ee534b47f837e06.xlsx,1.0
benign_sample_3291.xlsx,0.0
benign_sample_8700.xlsx,0.0
benign_sample_7170.xlsx,0.0
benign_sample_5628.xlsx,0.0
9aa08f13b82fc623a5df0d8e6af31801012b349eccd638cff9e3125a9ac0aa0b.xlsx,1.0
2f1847af906cc4a6aeaccde939a7159fba4c09613b03395ace1cb6999e2648e5.xlsx,1.0
bcc89b011c1530ad6b2049556974ed596ebd1c04c15527cf2dd36ed133181f69.xlsx,1.0
d432cdb10d205787567c38fb8a4ad64f0a416177afdf261ef8d81c50ceef93ef.xlsx,1.0
6f26cbcfae3e2bd9695b3e392ab147f69b56b0897902fdbebff6d2e3f40afbf7.xlsx,1.0
61039161704167e5ed869b70f9e390e007dad93e65cf97ab29815161dea3ef64.xlsx,1.0
bf06d4862805f73bed4623f25ded36bd833d80a54fd27d4efb99674085446fbe.xlsx,1.0
benign_sample_3625.xlsx,0.0
9bb2ebea9b5a85ffd22e2f2f97a07e9367ddc5ddcaa086c8903c57212273548b.xlsx,1.0
9adc28cfd51885a2ce3b9f54800a365d8ff8aa3405cd3cb62c60a4b7fc5a6c27.xls,1.0
2ef5c7f453ee951b1f6548be8ea9ddb3b68559ec2de925b2c685c4a7a36674c6.xlsx,1.0
2cc4045fea73fdcde8bdf656b37906990e2d391df9c9002cc30372694be7cb2d.xls,1.0
416e811b6839dbe39092f82dbb62064350da5400ce2e1fd94870f305f5b2b77d.xlsx,1.0
benign_sample_9592.xlsx,0.0
0354bd9fec1e1a41e3b0166e17a4b30b002c94cfe00239b79c728ddf3a9a8b77.xlsx,1.0
58555a1707536286e4105a124b834d768d37a75fc77d66b6d424f42990541a64.xlsx,1.0
7ea07a02f138a4eed3569273412432dbb40f8da4f7c9384de14e878772302047.xls,1.0
benign_sample_8134.xlsx,0.0
benign_sample_3652.xlsx,0.0
fb89049e87a3eb7f9f32f297d8adb8838f29d7e5be67aecb01a8dff5817ad53c.xlsx,1.0
benign_sample_5767.xlsx,0.0
a4ea29d3cc3355c2fe68fedcfb90474a5a0e1fbea3427f6c37a42eac3ac533ae.xls,1.0
abc81c5488b2d2773ff22529d294a16024774644e61b87f8b0dc5f968e2fe45d.xls,1.0
1732fc85ffa858decd46f4c6a4ff0be4978c20dd6c7a6beb4cd2a7bc746fce9c.xlsx,1.0
benign_sample_6664.xlsx,0.0
benign_sample_140.xlsx,0.0
0d0cce91ec054bbd534a683608e7ac4a6d1137f0cfcadb055dba9c8be1945dc4.xlsx,1.0
a0d590523e53e5cf23e1e244638bc39ea49b830770a38993cc4ca82f19de42c0.xlsx,1.0
benign_sample_4395.xlsx,0.0
d1a5da570d37de6f4adccfd6ae1b82bcf19872392cea93528d9ddbb4e4c268e7.xlsx,1.0
5f9038c33d3641a7b89ba8ea9d7c9a70e26aa5877d1e8dbc08990561f9eeaf82.xls,1.0
11dd224099af87c3c99b5f119522dd5bb09749f9eab76932232256f4437054f5.xlsx,1.0
benign_sample_8298.xlsx,0.0
benign_sample_1093.xlsx,0.0
benign_sample_4104.xlsx,0.0
2b9a763f83c44c1f4f92409d267612c9887c823928dd1ae1c8b586ba7400d284.xlsx,1.0
5d678f4e868ba941bdac1210520972363391545d2e689a55986d9a2689b831f1.xlsx,1.0
benign_sample_626.xlsx,0.0
benign_sample_2565.xlsx,0.0
benign_sample_7235.xlsx,0.0
62bbff686b12e063968692611686f870a92376649c78c36ee956530d116296ff.xls,1.0
benign_sample_3415.xlsx,0.0
e07d305dbdb50a865e3b823edb55b0d00166528b9ea4edb62e61c7ac29af9559.xlsx,1.0
benign_sample_2354.xlsx,0.0
benign_sample_8479.xlsx,0.0
benign_sample_7683.xlsx,0.0
d7cc816866a86a79c8f063e0bc58dd343eb466ab5c51c1f75ee2f55367848373.xlsx,1.0
benign_sample_5742.xlsx,0.0
benign_sample_2569.xlsx,0.0
ffe25b896ea1c75e158f790c2f9c86b23b70b3d32b4d11608d5ea5925b742937.xlsx,1.0
benign_sample_8206.xlsx,0.0
32d9a0b6c7b9bcb07600e9566a80b4e4a434eefe58ee9d5e3157b165c9c1849b.xlsx,1.0
9e3f79ca6c5776b6022f5379e6cf10700c64d8b45a8bfeedb3ce36aab90cdb25.xlsx,1.0
46ca41664438838922836417e36d7339046701680e3061e0e2a5ae98ee8c9ec2.xlsx,1.0
c49da30a5ef994b4388c65f8fd295e33766011b1b5a2221db9753490408f62c7.xlsx,1.0
benign_sample_2742.xlsx,0.0
11768e9b66199cde34e4489d9dcdde585e3998e47ee7e55361d3d7def2797059.xlsx,1.0
benign_sample_244.xlsx,0.0
benign_sample_3611.xlsx,0.0
benign_sample_3094.xlsx,0.0
benign_sample_756.xlsx,0.0
benign_sample_723.xlsx,0.0
benign_sample_5088.xlsx,0.0
benign_sample_2589.xlsx,0.005
5d3be237f9765fe7b13dbb722c1427cbc4449bf244f3878b5041ee34abc4265e.xlsx,1.0
660df590686a734a2ad01f3d7cb90d7885d1c3dbb2a3995c6459af638c164b3e.xls,1.0
benign_sample_6117.xlsx,0.0
fa6bf85ada0089a827118f6ab8dd98aa09adfd0e21d9648165c8806513cfa67e.xlsx,1.0
885ae047b80a3f916080bd8fa422c677e773a9be8747c20d5ed68f991e239d92.xlsx,1.0
34064bec45ced8738e99e76edd60bc20ac061e9b1f4e65bf50441cf871cebd33.xlsx,1.0
benign_sample_9734.xlsx,0.0
benign_sample_9699.xlsx,0.0
b79f08abf7ea8e72407cfd8e5d64fd8a138e36cc94bf8a249b12155c81aa0310.xls,1.0
c8aa97c470303f25e2d5e1a52812d69f8d096a7059d2d45b3eb8900ba7ebe38b.xls,1.0
benign_sample_7701.xlsx,0.0
benign_sample_4491.xlsx,0.0
benign_sample_3994.xlsx,0.0
benign_sample_9515.xlsx,0.0
54d8230199caabbab5472a7c92343960101223744e0cab53f7029113d144d77f.xlsx,1.0
f19569329d5c4da3d39c0b7d6a3c537f11a69cdf9176c468e4d68c3f42a7ad74.xls,1.0
c8381037a439cb72f8927b7f13c5007d8ac1e7964d9f7c98540227e5aae68805.xlsx,1.0
benign_sample_5473.xlsx,0.0
b692379fa52eabc7dfcf35dfc0c8da38e1ea83e76ef5f6f9405aa2845aaf6c11.xlsx,1.0
2aefa8b36cc88dba81da2456ca8b8fe1e59e3db69ae98300b0f77afeb030a8f8.xls,1.0
benign_sample_9073.xlsx,0.0
benign_sample_9936.xlsx,0.0
benign_sample_6436.xlsx,0.0
benign_sample_1969.xlsx,0.0
benign_sample_3151.xlsx,0.0
benign_sample_5224.xlsx,0.0
benign_sample_3372.xlsx,0.0
benign_sample_3117.xlsx,0.0
benign_sample_9877.xlsx,0.0
benign_sample_255.xlsx,0.0
fd120fa47f43c155b1185a3495ae54bd80edbf15bbaed465be35e959b31db6de.xls,1.0
fb1caf0f1c0e6357fc399ddd978b0648b30c5b1ad14f7949c9e39ff945da1a91.xlsx,1.0
benign_sample_2339.xlsx,0.0
benign_sample_1580.xlsx,0.0
benign_sample_117.xlsx,0.0
benign_sample_226.xlsx,0.0
benign_sample_9786.xlsx,0.0
benign_sample_7850.xlsx,0.0
benign_sample_163.xlsx,0.0
15388b1d382c256f99b3a5861b4081300b071eee23cef0ec9df761043754bb13.xlsx,1.0
d517d41779e25d0059bfe32d2ae013a32040020f04166317e0e625b5c0583cf8.xls,1.0
benign_sample_9208.xlsx,0.0
benign_sample_8996.xlsx,0.0
benign_sample_605.xlsx,0.0
benign_sample_4022.xlsx,0.0
benign_sample_561.xlsx,0.0
77ff803106457247e8b2a8c12a48922d5d205f11ca1c457e20d5d1b673b96e45.xlsx,1.0
d5bac99722ad9a33e97b7c377e4c3f46a4f20bc03c35b3016bd69183f2748d42.xls,1.0
2c05644ade42219257242af1c0299cda243750efac7f59310a07983a04576fd1.xlsx,1.0
8552519fc941783b0a32094c858386af5286677ff96b0a30f2a4c2bd8d89f7bb.xlsx,1.0
7579a0c7a0ed43a6b266379af5bb4322925b9b68180eaa5d6d9223f11c6cdfca.xlsx,1.0
9858c9d6bdad6b52d77833c5ecfca18a05d049cf7204050241075291654fa403.xlsx,1.0
599ade154a9a57fda1efd272e9d76988c187b2c4ee9ffe7d61246b3c391f72ce.xlsx,1.0
benign_sample_7259.xlsx,0.0
benign_sample_1287.xlsx,0.0
85ea8dc852f1311593b92d9f1988d5af18a97db1281870e3a581c10d3e08bc0b.xlsx,1.0
a87968576acba229c196682fdd63171052de42d703a962e04f62d0819e503be8.xlsx,1.0
benign_sample_3397.xlsx,0.0
benign_sample_7230.xlsx,0.0
benign_sample_9304.xlsx,0.0
benign_sample_2515.xlsx,0.0
df0834421cb507c99428f350597343e7b266b883324f613a0737249da53637dc.xlsx,1.0
2e048127403c7513ed61dd86f6f517b711d84933e4c5bf3807df9f9e65e9409a.xlsx,1.0
87149ad8f58e72191cfb287c0a130b1b0d2b0066396e639037798e278b0a9a1b.xlsx,1.0
3a3da395508e2633fe86470f5518faa9e49106724d78c16c7a4844cea8cc3a2d.xlsx,1.0
benign_sample_72.xlsx,0.0
benign_sample_5797.xlsx,0.0
ba3c7a930968407429cc8e33aa79f4033e1cf2d1597973b6d6cd31b9382cef37.xlsx,1.0
benign_sample_9434.xlsx,0.0
e358b5b158e7cb7c4f8f5726de20225b9276a99b5a511471c9277311a6b9920c.xlsx,1.0
768ff13cbcb4792d2b1c5b6ebea1a509dfe84074576d7a41bc8f990b28fffa62.xls,1.0
806cbd4bab7e77c8a90661c5f92d347ac3e6ba869f1ff1f7b27c5e289ff105ff.xlsx,1.0
12ab67389f04cb2d273231880b478cf6e197b150d075168fc2b3d5b732306834.xlsx,1.0
benign_sample_1958.xlsx,0.0
a47a2a5653e82120ad17f9b98ddfa314d269aa12ecc3a45d39c998c26e8680f7.xlsx,1.0
benign_sample_9525.xlsx,0.0
87427caf87ea644d2567c42ca2a3f00a61fd30c7e4d7d1c8a8a47c7ea9d4618f.xlsx,1.0
benign_sample_7217.xlsx,0.0
benign_sample_8535.xlsx,0.0
f37afddfca6c1e11957597a77d11c431a958f2d17e666e1b951de90016720502.xlsx,1.0
9c5045879d6a618352bec9437c486a3558c13f7c7cc436a214b26fe10debebff.xlsx,1.0
b3d154f28e1768e57b3af885720e979f51fcdd5a3d5800149f28483e6ca389e5.xlsx,1.0
5ccc8867cfba018e258804501d3188368175067b72c9e1861209eb686eb9ad91.xlsx,1.0
402fd4ea19845416b458e74d83604708e83fe68dccb9fd1702e71db063006b92.xlsx,1.0
benign_sample_9920.xlsx,0.0
ae0460b3c3ee1a3d58f9eb03f3ecbcc8d067c2b2a6fece1f3803264a3484ecba.xlsx,0.99
benign_sample_941.xlsx,0.0
dbd8e5d3849584cc9ee9b5c3165c45bc2a547f60b571b4d3103ea375837e54ac.xlsx,1.0
2acdd04554feb1ef8b0307d5fb2c1bf7fd6a8e1157f9d3753119e64b30c16c30.xls,1.0
benign_sample_5147.xlsx,0.0
0bcfb5ec55307b202d34f0fcdd61f1308ca007dad6288902b63fda00ba363d8c.xlsx,1.0
benign_sample_2207.xlsx,0.0
benign_sample_8517.xlsx,0.0
benign_sample_2014.xlsx,0.0
benign_sample_8829.xlsx,0.0
590d0740d14609ce00388cd4f5947e8deab9f521709d73ac0b3ff525296c932f.xlsx,1.0
benign_sample_1860.xlsx,0.0
0ab3b2e05fa596243a7d3e461a2c0b3ea072485516f82efbcb3771fc6dc0326a.xlsx,1.0
benign_sample_2042.xlsx,0.0
6095384f9d7a3ca3b485917dfba9a6aa78d0997b8cb0f9235d4063277ec75d0b.xlsx,1.0
8b92dff85e5903f2ccdeaa93e9714b98445fa631d08b7dd8428cdb15d3f8542a.xlsx,1.0
ae50069bca59efdd7b7862d4b2b4c83e05ec75765a82d3d2b7861c242b61739f.xlsx,1.0
benign_sample_334.xlsx,0.0
benign_sample_1207.xlsx,0.0
benign_sample_3845.xlsx,0.0
05dcbb79515777570d846ef7fcb48dda435a243b3d18f133a061d9c816fd1487.xlsx,1.0
benign_sample_235.xlsx,0.0
b7b0a2342c1a56a169ac4a056c14e143e731201d1da2b0c64c6c2081d2736ba4.xlsx,1.0
benign_sample_5855.xlsx,0.0
3613ebe4fd6373f1b3436d8a6ea7b22e7b7058b2d56cb05b7b550293b5221771.xlsx,1.0
benign_sample_1772.xlsx,0.0
774660f9853b8c35e2e2a6f5570dd02d96c5379ce99beedf095b3c3790f74894.xlsx,1.0
c836aabfd64d0f6d1b31e7c982254a119247fde4a40f3c2ed14e6f3ed8700102.xls,1.0
b455fab0ac5ed297c9a311ae07969c0b2fc6f087feb20705650b032f8deb8019.xlsx,0.975
benign_sample_353.xlsx,0.0
55fe0d3da712351725f8ed707ba729257a0a3cba6e61c2a62562ba5296f22144.xls,1.0
benign_sample_3036.xlsx,0.0
bf3a34857860559f5b6ad2c8b12b3a51140b62f2d36c1ece4dd6d118677cfff7.xlsx,1.0
f7f7eef1335e813a234c7bfa0122c9865ef55f8655082fa9cf4e295fb4b58981.xlsx,1.0
benign_sample_6839.xlsx,0.0
4be0b8a18e39d2fbf71f5e7208d53ddd827230dbfe641d2b4f6516b57c252ea7.xlsx,1.0
benign_sample_1187.xlsx,0.0
benign_sample_1024.xlsx,0.0
benign_sample_4671.xlsx,0.0
benign_sample_3041.xlsx,0.0
18098640229fcefd973d137befd6cd6292fac6a5599b91da439bb0beac47f1be.xls,1.0
benign_sample_3002.xlsx,0.0
dfc624a9477d16307743417f8004f0c8c50788b365cc92421dba59e7a41cb826.xlsx,1.0
benign_sample_810.xlsx,0.0
benign_sample_5835.xlsx,0.0
benign_sample_1081.xlsx,0.0
benign_sample_5768.xlsx,0.0
benign_sample_4526.xlsx,0.0
a24839909a0b5b154debd7ff9b7a78bb87b135883c2b39b011953240c8a70a10.xls,1.0
benign_sample_2945.xlsx,0.0
4234283ecd4c6a4caf71907ca77004bcf99853b6945fe8f457045beb9a1ec047.xlsx,1.0
5f022a207e0c1dd2686b5d72c46ea068977477361fb54123e038ef9812590ed7.xlsx,1.0
benign_sample_9754.xlsx,0.0
72a91911a3c0c7b751cbe37fa73d18f84cace772d526e089b0530a154aa8b5e1.xlsx,1.0
benign_sample_5975.xlsx,0.0
95d20a5f089ab2ac77a4ea9a24d26337dc2d0c02028deda6c115bbe7e881964a.xlsx,1.0
benign_sample_3498.xlsx,0.0
benign_sample_4446.xlsx,0.0
benign_sample_6261.xlsx,0.0
13c9658c9e1403e3830e25f9e9a74f6d757d7a2e77a95b82ae62fb9ddce465a0.xlsx,1.0
benign_sample_7987.xlsx,0.0
f9ae0cf3f21396459245e4cdf165164ae97615302fd7e1029139ae048b933ead.xlsx,1.0
benign_sample_5477.xlsx,0.0
benign_sample_4749.xlsx,0.0
5bac3bc0211a3fed363648e5b24e0665688d2036ddc66390168d9aa0bbda5b99.xls,1.0
benign_sample_3293.xlsx,0.0
ee6a68938d26599d38f72d82ba30bc9bb246282e2998e36d571687a69f2ac57e.xls,1.0
069ab63de29bc0e1c1c4eb94fdba0da9da9a22b68cd9f9280f13157136cc78d8.xlsx,1.0
f1e27c72e2d7af615aa05d9eec844ec067697273ce913312c6acfec30bb958c7.xlsx,1.0
benign_sample_2846.xlsx,0.0
da5ebdd9cbbb4c79badba99aa4fa269d88d564169abf5dd6139a2e14a52ad2c3.xlsx,1.0
benign_sample_929.xlsx,0.0
69015429f5569d1b3c07ae9efaec17c3b9df46ba95b2e0ddb44063af452b77c4.xls,1.0
83c1b988d6ded9e1bd043627a957b52d06ccb96770ada5d831d23ada1656d32a.xlsx,1.0
benign_sample_3524.xlsx,0.0
benign_sample_7759.xlsx,0.0
4c41928ca1cf5872040630a3fa66a68d101785ea66ba2677e2aa98677707dd9a.xlsx,1.0
133ca1c1e13ffba958e4c2d069eae3d9bd40afdda6fa0442ea3f22be834b9387.xlsx,1.0
benign_sample_63.xlsx,0.0
2e37f24456d28e7aeb3e3821d9ff9ce33825ab4d796b7f182b0de4874683b481.xls,1.0
benign_sample_2088.xlsx,0.0
benign_sample_8755.xlsx,0.0
benign_sample_6073.xlsx,0.0
benign_sample_4679.xlsx,0.0
45d86a49a0f6fd9f5d1714e9fe9fd3985ae593ec5bc36b74ca1d93ed275c57e9.xlsx,1.0
7da77c673f1b13fdd3449b4df25537e99cb7ae49f906550683b95517d5681b11.xlsx,1.0
7022fb610e55078372880cf6bb3f25d260cf1068f05b43157ca46eabb8d50f44.xlsx,1.0
5e1f61607c29d859f14455b0339716df23f68a312a5125f07273cdd85b75e189.xlsx,1.0
5ed22b104cb4f487dd5ef338b7996dd0f60103851639e78d8aacc1c12a71c680.xls,1.0
0ff9c5c169297f5e057b1989a501f5d81d8e4f2ff0a15df057058269b8172965.xlsx,1.0
7f29cffd5bc250da1fb9ce1006d9eb736f11479acebf60c3462659179f85d7c1.xls,1.0
bc77ed04e9d2407f99115163e3f46f310910e45fe135ee333c38b5a0d0ca724b.xls,1.0
b0cd7e27667054275b0b0e9959db8761cc05091b179999ff85b407ae97b458ca.xlsx,1.0
benign_sample_2844.xlsx,0.0
benign_sample_5791.xlsx,0.0
8af6e6ec8b4d613b784142a302ad1e662230be7676ada1f4291b188eec3bb705.xlsx,1.0
ef6a3ffd6919c365990cf5b55d4c2acc33414464b2e4312d4fc80c43afda4b21.xlsx,1.0
b27b3048288c5f28f60f84fcf62f953fc4129593a575bc49131c8a501d83d2b4.xlsx,1.0
benign_sample_6911.xlsx,0.0
benign_sample_4235.xlsx,0.0
387e8707c52720cecdb14002fe5601a8d9bd94e7f4a638b19d38832da90d167e.xls,1.0
benign_sample_367.xlsx,0.0
d551a06a344b2c3f37af29df305f4273a4ed0d9e2ea8fee09b306fef72acce3f.xlsx,1.0
benign_sample_3622.xlsx,0.0
22b0db85fd48b04fcb5617cc13654e0c4eb27fcd8ba04ee1c5e054cde3bdbe97.xlsx,1.0
fe7f2bbc774f55f85c473f1590cfb6bd02044b72a7847a9596348351595b2a5e.xlsx,1.0
benign_sample_4255.xlsx,0.0
563d0d4ecb08d319931e8520b69b1cb4aa811c0008e73d20f9568e6e3dcf5792.xlsx,1.0
benign_sample_6294.xlsx,0.0
benign_sample_3147.xlsx,0.0
benign_sample_4589.xlsx,0.0
benign_sample_8113.xlsx,0.0
benign_sample_6872.xlsx,0.0
benign_sample_2529.xlsx,0.0
7a67447bf02b1bfd8339c33e6fe3c914c983f6e81cb426980e6aa2ca5dbe31a8.xlsx,1.0
benign_sample_2579.xlsx,0.0
2ead5d2e5bbaea0f1171bdf32e02a5e8d85658534f353a4f7e20b0722c3b7b27.xlsx,1.0
benign_sample_1220.xlsx,0.0
f96bce11f2901a3e0a2de8b0c1757f7d6be1c444f1e071394ed0cbfd2a0a8fd5.xls,1.0
benign_sample_5445.xlsx,0.0
benign_sample_6739.xlsx,0.0
b574235bfe6663cbd7893963f87bfe21692e26312ebf25d3650abbf8cee571b4.xlsx,1.0
f7824521fa09069c426fb84f0a96ec7f070defa691c5699e2f265e5151d5a458.xlsx,1.0
11735f2abfdf9148ca884101856ae9559db644a18ed3a25541ce9e1a9f71b30d.xlsx,1.0
benign_sample_2180.xlsx,0.0
c02fdfc971daebfb89f3ced5499b94c98d4cfd395716afa67af935bb1cfae7da.xlsx,1.0
70e68c39f568687889a7d8accbf9d56d22510f3c1f828893e5691e256dd506fc.xlsx,1.0
1f4bba3f84f4c76606a7fe21ca051d09b1337544a64cd3d1b27139a355dda9ab.xls,1.0
5ceecb59adc2aa25379885aab769273c1807f8c92fad27631af5145237e2dfe9.xlsx,1.0
benign_sample_313.xlsx,0.0
benign_sample_8891.xlsx,0.0
ba78d2ef431035ceee82eec4916bfcac2f3c7bed9521a01fd1d9584710d80c11.xlsx,1.0
benign_sample_1149.xlsx,0.0
benign_sample_1824.xlsx,0.0
f9cd92a8296240622756c40d3b89c21586b5100b487d878b54a9384336bc2bfe.xls,1.0
benign_sample_8085.xlsx,0.0
6954c6ecc81bd24049bbc3279622a9ddd626bd5766fdb30d823d15e5b56d8858.xlsx,1.0
1697eb3e136125cfb97d7dde430624a3373a1c144a5cb14ce27a5e146fa5d70e.xlsx,1.0
fd6ebb1dbec17f8b7786a88938cae16d52455b483eb6d735635801a0b0399e49.xls,1.0
benign_sample_4464.xlsx,0.0
benign_sample_8358.xlsx,0.0
benign_sample_1944.xlsx,0.0
benign_sample_3421.xlsx,0.0
e5844caca8dc7554777439d57e3fc23f522216bf3280259f9c8274e1e6399a29.xlsx,1.0
benign_sample_4349.xlsx,0.0
benign_sample_1567.xlsx,0.0
ec6835af5d83f2257d3b572e31da5ba482299af7eaece89afbe5b4b159ae7fa7.xlsx,1.0
benign_sample_5831.xlsx,0.0
8838d5542614d45e9a82163699f249374c4680295ebc71a79fe65b602dfbc559.xlsx,1.0
benign_sample_3459.xlsx,0.0
3cc246549d3ddc24d9c828bc30b1a0583cb2d332e6017cd9fa9d7fb080411db4.xls,1.0
benign_sample_2438.xlsx,0.0
benign_sample_6082.xlsx,0.0
benign_sample_5324.xlsx,0.0
benign_sample_8950.xlsx,0.0
benign_sample_5426.xlsx,0.04
ce35f48e3576a11fdb2a8d40d1a8c3858573c8a2d0c4ca445f5b8ccd27399e49.xlsx,1.0
benign_sample_9791.xlsx,0.0
benign_sample_7241.xlsx,0.0
benign_sample_4300.xlsx,0.0
cbdc865304fca3533e6da4aafe1de0be4924ea6e4b406c33f5d6bd83126c8e33.xlsx,1.0
benign_sample_9889.xlsx,0.0
19c6f4584256f2ae29c74346181877c6796572955f9c9a699ea0c61cbcd12bad.xlsx,1.0
6b5c5d404649bac0a67beb95327dda8d762bf4e1f4d666cde814f4aff9ad8cae.xls,1.0
6e5d0e25330f5d7d6c00aea7a32e5256546d31add66431519af4957ae9dca729.xlsx,1.0
a0fcfa8c5f18fb8555a889bde0452593aafda877b58ae6316d949761834aaa4e.xlsx,1.0
benign_sample_9004.xlsx,0.0
benign_sample_1775.xlsx,0.0
fe814cea190528999e7ff7d65d28563605d284e8c0dfe96726c8c355d819af3f.xlsx,1.0
benign_sample_3053.xlsx,0.0
benign_sample_73.xlsx,0.0
benign_sample_4236.xlsx,0.0
e2e5befdffb1e53faef86bc6e18f21e4a098b40c24efb955f1da7864a978bb13.xlsx,1.0
benign_sample_4821.xlsx,0.0
benign_sample_3793.xlsx,0.0
benign_sample_9776.xlsx,0.0
benign_sample_483.xlsx,0.0
benign_sample_3217.xlsx,0.0
benign_sample_3304.xlsx,0.0
benign_sample_113.xlsx,0.0
benign_sample_1460.xlsx,0.0
8b568c8d501b0db929c27732696fd2f002791c55a18fdd65426130490fd7128e.xls,1.0
benign_sample_1968.xlsx,0.0
2920dcd35c8293d316049c412f4efdf46d61409e517a1976fe2e9f100316a5f6.xls,1.0
benign_sample_6063.xlsx,0.0
benign_sample_9059.xlsx,0.0
benign_sample_5913.xlsx,0.0
84b5d15b26145b69b9ac194629510d7ccf95275bb50004046c0ff3ff018ad6fd.xlsx,1.0
benign_sample_3173.xlsx,0.0
benign_sample_1998.xlsx,0.0
benign_sample_5225.xlsx,0.0
5a33c34cf8e01e90aeb70057a45f68d3191393c5bf6258421c9d4bf4b4efece0.xlsx,1.0
benign_sample_3562.xlsx,0.0
264d07b87e63275b70b60deb53a00314edebcc29520e4dc6802f439b7ff4f78c.xlsx,1.0
benign_sample_8333.xlsx,0.0
6d6ff6f138defb2bb7602c08c1cb22930f5e30ef264eeaf760f99d4ca95beca7.xlsx,0.995
benign_sample_780.xlsx,0.0
c665dcc3da4fdaa955841c58ce64f1a1ce6cc0cd413e4bae028cb43213e14f9f.xls,1.0
benign_sample_4819.xlsx,0.0
benign_sample_4101.xlsx,0.0
benign_sample_8322.xlsx,0.0
benign_sample_3082.xlsx,0.0
benign_sample_8595.xlsx,0.0
eadcd3dc65845d65bd6c20928d4ad83239c178bce024d256ef9edf87da7af422.xlsx,1.0
benign_sample_9283.xlsx,0.0
benign_sample_1913.xlsx,0.0
48579759dec450e7175560b44348c095c18058f109b088eb10434c0ebd4861a3.xlsx,1.0
62c16720a3a702cbd40f2c9db7a1433aca84c201c80878da7099a45f459fa913.xlsx,1.0
benign_sample_4706.xlsx,0.0
benign_sample_7712.xlsx,0.0
benign_sample_8660.xlsx,0.0
9782e9859470342e9e558edb1f36fbf9291636de2c85d523ae3c692920351cd7.xls,1.0
e6c8b72493b524a737f5b2c2b24cb55a14ccccfe9ffef6032f0908550f3e42e0.xlsx,1.0
benign_sample_2503.xlsx,0.0
94905451ac932e3e9ec40da18ab19977d56371945b2f3cf0c1563498f4d198f7.xlsx,1.0
17ba5272aaaa9fadb6f5ff7d21dc73ac18ac050da14556ca601a534e4c9c9e1c.xlsx,1.0
benign_sample_1254.xlsx,0.0
c2b68736c516d2ae0c88f0a730b5507d27081f2b9e181a4077836b22f4496f76.xlsx,1.0
benign_sample_1748.xlsx,0.0
benign_sample_3101.xlsx,0.0
benign_sample_7272.xlsx,0.0
eaa7463b67c21b13d169e608465a821d18d3d3fccf97bfc12348df3d37a60da1.xlsx,1.0
benign_sample_2701.xlsx,0.0
benign_sample_2397.xlsx,0.0
1c50888a51f41d9baa927cbdfd6a517f9473793a134fe842428eecbd7be5fcbc.xlsx,1.0
686217864e06b3caed4e4f97cc35d1987541f34e3764d6b2b9defa61501caee1.xlsx,0.975
benign_sample_5709.xlsx,0.0
benign_sample_9338.xlsx,0.0
912b1fb9f4e541c797b1f2a6a30b151a24c2b0757074be6f4184e8e8550a2c98.xlsx,1.0
benign_sample_543.xlsx,0.0
benign_sample_3573.xlsx,0.0
benign_sample_9350.xlsx,0.0
5b10cc4cefda40754b8b0f382d03fbcd3e265069a595b2b6d2336035b494fe4d.xlsx,1.0
39558770f51594155b91472a53ccf22217e12a5413c376d4ac06fd7964af50c5.xlsx,1.0
benign_sample_4655.xlsx,0.0
ba1653f4c4c84e82a022b91efecfcdbe4fe91fc0dba00bcb61e2b2c768b8cd02.xlsx,1.0
0a3eac7e8db6ece10ea81dd48bf7935cf3a79e2ab9b39b34d422d719b1622322.xlsx,1.0
benign_sample_4322.xlsx,0.0
benign_sample_222.xlsx,0.0
2b74c0929571e7b9661c5b0cf19559b2927a2e48ecbcda6d743144d34b7151cc.xlsx,1.0
benign_sample_5613.xlsx,0.0
benign_sample_1069.xlsx,0.0
benign_sample_8864.xlsx,0.0
301f25459a021906ee19dc6ca53d39d4eba05b44d8af2be3a44f1982cfb8f2ef.xlsx,1.0
benign_sample_6292.xlsx,0.0
benign_sample_3474.xlsx,0.0
benign_sample_5273.xlsx,0.0
f719b666bf5a08808acf20dde9ccf28c9b72f696fbdb3edaf8e2b0e8aec1d190.xls,1.0
f6e3b22ee57db2aca11e52a5b5f9a4ad89631e274e692fe59b6e7f0f6967a222.xlsx,1.0
benign_sample_9214.xlsx,0.0
benign_sample_3924.xlsx,0.0
benign_sample_3170.xlsx,0.0
92174e27cd789845bcd54f9efd543e404b85ce2b25b122cf5a9d34e6238d968c.xls,1.0
525ff3d09253c8170aab8e1a4ba083b30a9f736ca0a5a32d00f0f77187a2e8c4.xls,1.0
fa2be47ee774e9b635e1da8e7749cac5b3bc7162125f956e39c25a68c77c5151.xls,1.0
fd90505ef34196b278a8fa638c32ae96a294f900efe83adb9514b2b2f02d10d3.xlsx,1.0
408cc75f02a978ef41a22368421201354e756a968fd1549066cbffd312edb15a.xls,1.0
615f06c8476249029a9749be77cd01fb2e3861187bac23fd9f168b0cbcc37ad9.xls,1.0
9f7c274599a46def44f08132a0b099e8edf105fb7d4e63e7d363611db04c7fe3.xlsx,1.0
benign_sample_5190.xlsx,0.0
34b13339dad446f5def5d75dd4740c8d84ebb6d80d8ab0c9cabd6709fe7655af.xlsx,1.0
9f54a65c72c3d956de6e910496627d52cfb9af29d1eba8eaf045abc943eb3345.xlsx,1.0
7cbeaf3b8776371352d87e327edb9e47ebe02874bc4b61bbd2685d66eed5b983.xlsx,1.0
benign_sample_901.xlsx,0.0
9713bd6e70b57a5f98a05f4c674192803b49850ec2f298546fc6fa8e5b473d5e.xlsx,1.0
benign_sample_6538.xlsx,0.0
benign_sample_9533.xlsx,0.0
benign_sample_131.xlsx,0.0
a53ebd9766fe2fa24f197342a991c3a5dedf9525f3531ac1a287136c6d51a773.xls,1.0
benign_sample_6021.xlsx,0.0
bf41dc46d8bf434f7996b658e0f0de179f42deac13ce1790702d371977d4466b.xlsx,1.0
benign_sample_1391.xlsx,0.0
benign_sample_5897.xlsx,0.0
b895a0bdf324ebc778976ea8024cb8069043acbc2d0cfd7b994820177f3eb011.xls,1.0
1edfddac2628eb9a99e76ce610d3e06f2105c8ac0a95a5bef09fd57f63869f48.xlsx,1.0
benign_sample_1631.xlsx,0.0
1527a91d862211bdb800ca5a004b396ef1b54b5b8b1a0e6601c95f748adad64f.xlsx,1.0
benign_sample_5488.xlsx,0.0
840d0dc4e755522546547253acd24c10808e5f9857732ce663c858da4b263600.xls,1.0
benign_sample_9653.xlsx,0.0
benign_sample_1136.xlsx,0.0
benign_sample_9327.xlsx,0.0
b06a7b0c6053ad075b7b4f4e7040eda6db5a756498d5707ef0f75c993f19a6aa.xlsx,1.0
9d44a026af1539c8217bf65d08e53bb6854052e605aad50b301cfdfb164edd8e.xls,1.0
951170d76bbe2f286e8dcb90aba12c39d6f41264aea87ab5ae62f1e56c77c506.xlsx,1.0
benign_sample_4248.xlsx,0.0
benign_sample_650.xlsx,0.0
benign_sample_884.xlsx,0.0
benign_sample_6199.xlsx,0.0
44a92541a8e4bfc1933f968b7ec9fea89eaa243de36dd49e8204c4d028d3d7b1.xls,1.0
ca91573b090052265f07edc1345213700591e1d7e4a8efca88749d19f5379ad9.xls,1.0
benign_sample_1238.xlsx,0.0
379f89b9b7340a5265238272cdf3a6735c24e7193c0e76acfc55a8ca5b063421.xlsx,1.0
b4fd2ff3e67bd5993cf89b3a5fa1de5db639e91a5e19890d4c8b16756bee3e6f.xlsx,1.0
94183220baafa9f4b712b4c39af2d08e2c863d0704946973295b3228426876d2.xlsx,1.0
26b3cdfefe2059d184752ea68ec9f921a1b2bcd57563b6ea09425a99d4b0200f.xlsx,1.0
benign_sample_6622.xlsx,0.0
2a4fb0b86a5d54d2793e61ec31487a7a1ca4219deedcf203a7fb1de45debf8d3.xlsx,1.0
c1bbbdba5d8b6f287c5f2254d7d8a0cff48bd821d9af67b4044b0228aa51b16c.xlsx,1.0
18fc072eec1b9288d782afd22da11ab875fb3b7e326ac16ec3fbcd7bf691a64c.xlsx,1.0
c84d1516d4d145958f4c04650098531719b37a66dd990bd985cf82c0aa0f9cc5.xlsx,1.0
benign_sample_1512.xlsx,0.0
e6d49f987b3d4d6bb2f433aa664c6b81eb0575dee32aa7293143148ea0f37e48.xlsx,1.0
f55acd55de9763399f4a0abfdf49cb609ca7259a41f7d4656eae85564ba275d5.xlsx,1.0
a4486fffef0a8a89323d6721b869f0a8756ed355fdc8e26e92996454b1a9b4f1.xls,1.0
16e7ef62931117de72576eac6158e140115a8870a3e0aa6c1af77f7f764224db.xlsx,1.0
95df65a692d7c5e5ca2a4b340143d48152b84e6c9a3e7d860ccdfce4efa74c6d.xlsx,1.0
3b6fc39703a79a9991441e84fcfbd50b01bfe88e2b00acff262f02e76515b2b6.xls,1.0
benign_sample_2994.xlsx,0.0
5b1dc4293f5f84ff455e8a82887a7d7bc346b2daf1124a7b129eb176097cace9.xls,1.0
308bcfce40ddb9ea57a8cc60db0f99bda776d4379fde371a54fbdbfdef114708.xlsx,1.0
555c381bc559402d544b1694842fdce9eff018d09e013a72ac7c4fe7e0e67a7b.xlsx,1.0
831b22ef5a59a0529b29cdbe899ea67e2a9976bf881454d1a935d07b6bb4f819.xlsx,1.0
benign_sample_2392.xlsx,0.0
benign_sample_1684.xlsx,0.0
benign_sample_3407.xlsx,0.0
benign_sample_3336.xlsx,0.0
cf4a85e173a9339371786bb6fa161932eb55b9e80282eb14225a3c3f15523a57.xlsx,1.0
cc5066745836fa0b52010f3fc961cb084b997d1ab9729acfaab8cbd064fab9ef.xls,1.0
benign_sample_9862.xlsx,0.0
benign_sample_4738.xlsx,0.0
benign_sample_2633.xlsx,0.0
benign_sample_3469.xlsx,0.0
benign_sample_2249.xlsx,0.0
benign_sample_9546.xlsx,0.0
070d41454c6615c64c69797a426f8cbae0cc219879f21e6e61c63a9203fe2efe.xls,1.0
benign_sample_7558.xlsx,0.0
9fd93197a2bfb90d12aa80ca0c51a242af5c57defd88611eccffa32d945b2b3a.xlsx,1.0
benign_sample_8823.xlsx,0.0
benign_sample_8014.xlsx,0.0
benign_sample_1467.xlsx,0.0
6139ab099d10e46480a43fa9ba9d0e44d9823bacf3a53c0d4a6d745eb90dc466.xlsx,1.0
f639151388b38f17b77e8afe71d681a8ec795de9231ca00f741bf40eb38aa2ff.xls,1.0
benign_sample_4970.xlsx,0.0
216cd080a5bc3191e3237c0a7fa6f7a712c8a840653b860ad0b037e65875c784.xlsx,1.0
benign_sample_153.xlsx,0.0
benign_sample_8459.xlsx,0.0
benign_sample_7386.xlsx,0.0
874791b8d674976a87e59f843245a5e113f294cc2137369088d85921df26e2c3.xlsx,1.0
5b6787d5068199e43006b0918523a3685d9962f5c0a75113656051b3aa74b360.xlsx,1.0
benign_sample_1008.xlsx,0.0
5b08ea3d4949c5b6b0c18321da697cf593fc213416eb95851b700ca2f4c2df2e.xlsx,1.0
benign_sample_7685.xlsx,0.0
b28e4a6d89138b393ebc919951e03a088e664dda814f2a4aea0d9823699121c6.xls,1.0
benign_sample_5272.xlsx,0.0
f2c5692eab837f599d56079d06f4aa4441beb026f2ffcfe8424f67c4e836983d.xlsx,1.0
acf2ba455b160e390b53824b9e80843e22ff78c2bf19e96388d9e4e62d185e49.xlsx,1.0
benign_sample_108.xlsx,0.0
892d202b2cbf926daddadac855394c33755ae83556c896f0ccafbdd579ed5f4e.xlsx,1.0
26a60aef4db2a72362ce7568501210415bca21b781acd6633dc6b8a25d3a6880.xls,1.0
benign_sample_7165.xlsx,0.0
benign_sample_4065.xlsx,0.0
benign_sample_1166.xlsx,0.0
d088836f4f0c2f2c4373775efde86cfe53ca20ed3a37423889c78105e1749576.xlsx,1.0
6aa1225417987dcef3cebc5a91e35205e740866059a4dd664d324d2a192d0150.xlsx,1.0
781e70a36eb36d7586f69899acfcf45d321753b3bcb1ad7ce0ee9e91b540da33.xlsx,1.0
3cb6d86022665fff1368461d93cd6e2920df3e9031fb566eacfb66196b2f5b0d.xlsx,1.0
6858000bb5893dca8bf92a6dbb6b2d7b7f896bfcf8d61c29af9c0ddddee13feb.xls,1.0
b3ace4f85d219464799bb59f8daacd1de4c64b36813d9d9defefb0850de20be5.xlsx,1.0
benign_sample_7396.xlsx,0.0
fc3d5916daedd894dee5a69d52828e065a6b430d46653cd8c59f6cabb40f5e14.xls,1.0
2475d91b8c72995cc88e1b7372eef72b3cc1ea9abb32ee30eb5ef3791b0a7f54.xlsx,1.0
1a1fb96b2e6b285201fd93ffedad1f0e26303231d7b5ed071596f8b852a8d97a.xls,1.0
b39307eddeb58fec7d535db0e91233b1ff1250121808687e01f8588e885d676d.xlsx,1.0
7d2fddc59237b7d398c3918a1894f9cbe94520fd31971fa742e19547257d5efb.xls,1.0
79cdeb6744eac6831c6c17f409d8db7fa3de170fad691c1ed5eeb4a83b1a06b8.xlsx,1.0
bb5aa5f69c140e94ad6fe5c29aff11e7ff636d842b054d3613cd1139f8e8a07f.xls,1.0
benign_sample_3893.xlsx,0.0
benign_sample_3462.xlsx,0.46
benign_sample_6014.xlsx,0.03
ee9746f5e46a71a46cfe65f03b2508b23f853ae4a73847fe223b608a0f6c36e5.xlsx,1.0
76bac667effce42b08ca228acbeb9d3c4671c3e53c8cbb8df99d415037b2bc55.xlsx,1.0
b2f17ce000bc5ad9857dcd9129cabdf46f30b44b5c73dc3c64d4e5d84afd7e0a.xls,1.0
43c7a2c537c781e28e2691cd21a9eca213a8c53914d8040e53e5f630a7897f3a.xlsx,0.985
4704687b1de17953d9ff761e475bf410a229bce5389d7d3b63ee323d47129653.xls,1.0
benign_sample_384.xlsx,0.0
benign_sample_8619.xlsx,0.0
benign_sample_9199.xlsx,0.0
b3f0203e3b17a572d91ceafb82544df38fdae53e9633abd1bff7d242868b6fe2.xlsx,1.0
benign_sample_3661.xlsx,0.0
f29fc72142fe9a7d091355a83cfeb0caacf771c55ed51cdbaf8d56f0a7fd9fe4.xlsx,1.0
404fd781bc104d1cc971c78226ec9f40d6f0d2b3dfeccba26efcff01381c13f5.xlsx,1.0
benign_sample_7888.xlsx,0.0
benign_sample_4667.xlsx,0.0
2f6c495f823cc44f3fcae026dc1e427221ed71bb75ea9efc04194eace0a2e33d.xlsx,1.0
benign_sample_4561.xlsx,0.0
cc132ea4bd2036d64ec24f29d5d368fd3f1706584572a08698414f5fd580f4c0.xlsx,1.0
4ae32b99b912f0a6979697839ff6b3b9de464339ac0f585101cc23a460e7b2c3.xls,1.0
benign_sample_1322.xlsx,0.0
benign_sample_1451.xlsx,0.0
benign_sample_7498.xlsx,0.0
4f2f3f684d0556d80963300fa7f4e841a7ee57b3f4aa6fb5f9e6542b3afe4ef5.xls,1.0
benign_sample_9187.xlsx,0.0
benign_sample_9389.xlsx,0.0
471b384ca81a9d804992d4e4693ab3d42d419a2e2690ebb146671407fe0809d8.xlsx,1.0
4f610f6c174cbe665b712dbe7c2d3f3a150fed9f6f01051483e3fff384c81a8c.xls,1.0
benign_sample_5432.xlsx,0.0
benign_sample_2074.xlsx,0.0
benign_sample_5522.xlsx,0.0
56bd5969a8f7f1827f7498c4644eec92f360ed1f5f54818ed4bb09e270c5a4f2.xls,1.0
benign_sample_5086.xlsx,0.0
benign_sample_26.xlsx,0.0
28c22a4c197465f2fb31e98e8e6ef80634c70761109410be85f6f8d3bbfc3046.xls,1.0
benign_sample_3982.xlsx,0.0
cbb5cd3c0c86810f963148d6abdecbb8a848c4060a63bd9b31c358d6778afb17.xlsx,1.0
benign_sample_1162.xlsx,0.0
50e7afe9466c623dfd9ef371ec2dca0632bb82b01182ba727bca766aaa5d95ef.xlsx,1.0
benign_sample_2761.xlsx,0.0
benign_sample_4800.xlsx,0.0
benign_sample_8628.xlsx,0.0
f9aba1eb9bc9630ef3fc9323ec61d8da9b426f3241d1e69ba6f9249a6a78f183.xlsx,1.0
benign_sample_5231.xlsx,0.0
benign_sample_1331.xlsx,0.0
benign_sample_4771.xlsx,0.0
fce896d93c20c1ce234ded51b934d74f7478df9d9afca628f9f309a902b50b20.xlsx,1.0
benign_sample_8606.xlsx,0.0
benign_sample_1621.xlsx,0.0
4eb459306aa031beff023c4af433562e87e54ceef5708fe1921fca95a79c7642.xls,1.0
benign_sample_5770.xlsx,0.0
3bfec9c38416a25e5ffb6b71abe3df6c89f550d4aca984c35fb10c8c62bb9653.xlsx,1.0
benign_sample_2007.xlsx,0.0
benign_sample_7226.xlsx,0.0
f2af2ae0ce6dec7335b22d00446c90190e62c2816cc9276fc9e6be5d4bf89388.xlsx,1.0
benign_sample_5001.xlsx,0.0
7ad8e0e4debb31dea38da1a116af87ed7e48b1d5d786f6b7b0880eaaeffc64f1.xls,1.0
benign_sample_1498.xlsx,0.0
ba5c572ac6de3206812ccaf5fd177c1c4e21e09b15122416987ec5d1202e3d8f.xlsx,1.0
benign_sample_9911.xlsx,0.0
benign_sample_98.xlsx,0.0
09099cf810f2bd32023aa04e11b93963067a24f019f26c4bacce91f6db6a0c3f.xlsx,0.995
cda83d4338fc9a7af288973ad96ff82774ecb2db47ee88dad0bb91a79f4e485c.xlsx,1.0
dec15624fdaac9ec4f09842688f372e3eb64ebf2174e9182f0e22bdc00d8a1f7.xlsx,1.0
benign_sample_248.xlsx,0.0
cde79b611733257513397e83047c00cebe167495dea5e14f4cc2e1cedee8833c.xlsx,1.0
3809cb404f536733812960e2c738de5fded540678064ff026583e48e4f7b3025.xls,1.0
benign_sample_2195.xlsx,0.0
e710ce33419096c15a4f0a028141a8e29c7221c68f5a839cb1798509ee80bde6.xlsx,1.0
e45f01006f5b0948606fcc41c769a03d7461e2a5460cda12a282c25a7e6f988e.xlsx,1.0
0af0a8e9542323ac8b0637cd713dc192e139276efc786671de92c92cd816e9a4.xlsx,1.0
99fc09c323f667dbd90115ab7082c623e9a1daec3e8055513f9e62e34a97f22d.xls,1.0
benign_sample_298.xlsx,0.0
benign_sample_1316.xlsx,0.0
benign_sample_618.xlsx,0.0
benign_sample_8072.xlsx,0.0
benign_sample_1409.xlsx,0.0
4fca03b254e81987b490904aec9e540c836f8dad2f6fc44efc35657655e10b27.xlsx,1.0
f3c4f3a457aee9eca182765209dc31ba24f175e98141bafc7af8fa5ffb4b5b0a.xlsx,1.0
benign_sample_6456.xlsx,0.0
benign_sample_6161.xlsx,0.0
51a38b7bb8b113fa08964c57a4c629cf2a519c4bede6b6cb2780883ae42e3e9e.xlsx,1.0
66e55560e88424ff7b4c7f3400d62b4f10094b340e4dd8fd979d951d04153eef.xlsx,1.0
benign_sample_5237.xlsx,0.0
benign_sample_1688.xlsx,0.0
13ef663e8cd3ceb7836fa7f0c15f4e19850d0c53365b8425ae1f4262af86d8f7.xls,1.0
benign_sample_8888.xlsx,0.0
benign_sample_59.xlsx,0.0
benign_sample_3493.xlsx,0.0
5dee4d26829242d2a7e2c68b779a80bd23529b574c548786ed07b849e7f62338.xls,1.0
cfb2367a1a828b06b2cbe34ff70246284373d7d03e2f458d74db0868ea449a11.xlsx,1.0
benign_sample_7410.xlsx,0.0
benign_sample_6531.xlsx,0.0
d01af1b53a656cee7706e63250cb004fb6000a72c9d770d5b26fce9d1fa0cb12.xlsx,1.0
f0f897fa5c067a238cb0f0dc59164b72ae2a9f7686b1bcb58df65a63ba6d0e1a.xlsx,1.0
benign_sample_5689.xlsx,0.0
benign_sample_2026.xlsx,0.0
cd612387cc4572dae8d0ae24dbdc0614b8347233c5b80f5bada6e2d75efff920.xlsx,1.0
benign_sample_4327.xlsx,0.0
benign_sample_9197.xlsx,0.0
benign_sample_9243.xlsx,0.0
benign_sample_9265.xlsx,0.0
benign_sample_5571.xlsx,0.0
benign_sample_2102.xlsx,0.0
benign_sample_1616.xlsx,0.0
benign_sample_9231.xlsx,0.0
9a0b0337dd4aefc58cd23d98ae92f623cba87c70ceffdecb2e91244e0fcef506.xlsx,1.0
benign_sample_471.xlsx,0.0
a322cb352898fa387e520ffb30c8f77fdffcc09e301aa247bbafc43c8af301e3.xls,1.0
e882e69ad3feb7ce43901107100174293a866fb1d3a55ed67f1418b71b8fe17e.xlsx,1.0
6bbe67b5f91f49ff1cce69808d819d7a6f44672bc88d38f1abbf1c2fe582d3b4.xlsx,1.0
benign_sample_7811.xlsx,0.0
349fb80a7e7dc10019c9fdc474960a4aba1267191ff1c6d34070bc2b9a97490a.xlsx,1.0
db259d21c4bc0c2e680a3243f591eced319458f0cef80962807a31745ac3f37a.xls,1.0
85f918c3d3797f59525df3790c5c8682358d741a164e00bcd0f6fd5bc0c47345.xlsx,1.0
benign_sample_6110.xlsx,0.0
7a14386b2ce2a3a2f38c85d9ba24adfb6ddc2f8c633be98b3426be3fec1fde2f.xlsx,1.0
c690280d8a4b153173b4bce1412590631e6714a6a18da281dcd5eea4c78796bc.xlsx,1.0
0918d8db879b0ecb53e06802a33db65ed2b3d26cc2a4c7eb2a3b2b2a3b6c041b.xls,1.0
a987ed00818ba134d610fe45ef974f0c27c5d3988ea12f3ad40f1ab462a500cc.xlsx,1.0
84738ccb2b6d24596deaf0f517729d83a351aeff6a08a26a678b2dca049a6382.xls,1.0
8e2fac8ee6436a38b4e91e54964ca9def5c5e68b88e33d28b58b4b2614d191a6.xls,1.0
benign_sample_4536.xlsx,0.0
benign_sample_3380.xlsx,0.0
3fb6b02224378ac725708774fc7352f34584954bf7b4118e3164443afb7f0dc8.xlsx,1.0
89faafa9259c349d32e180e3f55e075cb2cc9db8a77a7870264f226728d8078b.xlsx,1.0
1d1a2dd729ee67eac42ed3cc7aee6403d83641c57aa377e0a1285506d106677e.xls,1.0
d4053dd5e65d83ffddb054a89aa08ba986623e6337f1b20683e89987959fa53c.xlsx,1.0
0d2f6209d514a862d07974e11e6722888d1e7d63c2dfdb6777f734929b6e5aaa.xlsx,1.0
d3f6d514aa61ae2a23585b238fb7e2c77095c8cb61136b9346cb87e9528491df.xlsx,1.0
benign_sample_615.xlsx,0.0
40448a4c3c2fb6587b2b68735fab1137fd677d63e3e9806e4b619d0b9f4f38da.xlsx,1.0
benign_sample_9089.xlsx,0.0
benign_sample_6727.xlsx,0.0
2f2d254fe3758b4119f09c4be7b8eba4a041cb469d4331d255ce62e074e1e324.xls,0.93
dd221c0b7c00579705ae33a75edd3e7563f436da1aff4d6f3f019a0dfdccde2b.xls,1.0
8d3049b54d3f2f01ec3f14b0955068d151099cecba8b2d0d66d35b04ae35f48b.xlsx,1.0
benign_sample_758.xlsx,0.0
c5b1ad3e317b762223675fcb01fc13da90009275416b0fa187bbec6bf3d5a731.xlsx,1.0
7d028d8d30ecc0c744dbf1cf83d5e30c53a1dace3cf2d176fb4bc98b2b2ce23e.xlsx,1.0
benign_sample_4072.xlsx,0.0
653b2a0a3f0bc105b8ecc101f7fe277fe25a935ef2d1cb3b03c4703c29f337f0.xlsx,1.0
fd9843d3ccc4b68e51ff1c7838a117c9715476df14c0f079fae59f06ff2d076c.xlsx,1.0
cfe9d06c8d7c70f5ff5bd5733e08c3004a2fd6fa3ff453957531c64c5a4bb600.xlsx,1.0
5e7c248341efa1f6b02b9de798ab18399dd799a30a08b4804235e1e90a8fcc7d.xls,1.0
benign_sample_4928.xlsx,0.0
benign_sample_6932.xlsx,0.0
d031674614f2d5c684319247a7f2a9d8b0a9ee43067aaf59750cf3851f4a3573.xlsx,1.0
benign_sample_3266.xlsx,0.0
benign_sample_5226.xlsx,0.0
benign_sample_8905.xlsx,0.0
b4eb8e75e74fb03a7a28cf17d98413fed877a43137d458e488216f8e938c551c.xlsx,1.0
ea18c3a494c648d375d28804d13b2cb58de9667c4b6cc150214c02f02d2a3559.xlsx,1.0
aa0a69e1a3224bbf62159ce1bd1e2e8e25bc32d2991e4172ebf1ee4544b15df4.xlsx,1.0
c6a201438827608e2ac3c304b16d7ca32ec90eead04f4b6b59d1b3203b0e0ccd.xlsx,1.0
e64a1d5f89f483d3638020031cf0602b1731c3311ee5fb8fba082605a8d19a70.xlsx,1.0
ed6e99590abf4fafa6f8b0943a77e886c7dfd5048c78b016cea038d8face187d.xlsx,1.0
benign_sample_9746.xlsx,0.0
benign_sample_3057.xlsx,0.0
benign_sample_6400.xlsx,0.0
a4d7c6ac9d6b2b8af9f0511fa9a3ee073090b39060ff2a7bb658f3a614b1296d.xlsx,1.0
c4965542fd9e7ee2664a2ce32a6778e975773a7fcb3df1e2a0039b1ec1407605.xls,1.0
d46703e8fcfaf47f358a657b5c265c34fed9044296435701a2ddfb56d724a12d.xlsx,1.0
4b98202753cd1b422738528f0d1ad2e7591df4aa529711e25a3ceedd2aa170db.xlsx,1.0
benign_sample_8327.xlsx,0.0
benign_sample_6257.xlsx,0.0
6c306046874f5f001d2724c08a35e936cb34a0eb041fccbdccc963ec24bb05f9.xlsx,1.0
benign_sample_2453.xlsx,0.0
2efb5ead574a05afddfd8148a425aea1b11509701ce05fa1c500eb3b67f82d80.xlsx,1.0
0c1b18a8b3f56fc02b245168b55972936a72ffd2dd1746e92b6a35cc25d9a713.xlsx,1.0
f976ca4c73bee0ef6dfca7c9f9c6b99c118810e2b96350e4e3e0655d07a106f5.xlsx,1.0
803ce4f70c44a253b60ef95fca667dfcd02ba3c619689d371126f4a071566cff.xls,1.0
benign_sample_4448.xlsx,0.0
benign_sample_4638.xlsx,0.0
benign_sample_8077.xlsx,0.0
d1ea94c241e00e8e59a7212f30a9117393f9e883d2b509e566505bc337c473e3.xlsx,1.0
e910e6a15d55f7d7dfb449be9e6508281254d1e9a6e85aa0997e53a075d13ae1.xlsx,1.0
benign_sample_2938.xlsx,0.0
a133cb21bacaf021eb739484fb149e562df370903e01f52fa023b2cdb519140e.xlsx,1.0
04d35341f3420f9b040fc11eae043a935ae1606c6d040ebcc8c22c88529f99b2.xlsx,1.0
benign_sample_660.xlsx,0.0
c05e38425cea29244a81d78fe50afe757564eab433436af1c32ea7ae6af4cbf1.xlsx,1.0
benign_sample_1703.xlsx,0.0
67a27ff7770150e954d5b1794e6917214bf540963060a82066a652608518d2d2.xlsx,1.0
benign_sample_4469.xlsx,0.0
benign_sample_9799.xlsx,0.0
484410a0e8e142f7c0f28263e9a43d5a4a968e6a44283ac25c3a2a999429ca2e.xlsx,1.0
benign_sample_8137.xlsx,0.0
f4e10c5743205f55ce4eca43f3741f71ecfdca9391ae883123c3372d5daae4b1.xlsx,1.0
a2d260fd0b42b54dabee99e616f7e53a7eea71e977c1501e08ed7c97974a6359.xlsx,1.0
b46f3853bc2f245e45ecb5103a6b586306cc11f8cfe0913ff814c8d87e93e774.xlsx,1.0
a80bbf5a977312a6f57a6b9a2d04ccd0474a7feebf8184ce5a138b37853dc4f7.xls,1.0
benign_sample_9752.xlsx,0.0
ffa61432d63f42221525dfbe252af32ec4b697e41b23cfa7ff23c97589b0463d.xlsx,1.0
benign_sample_9504.xlsx,0.0
b65ce6b208beb6175389222df3b586abd597683d8da19a6b046e35ccaf425c51.xlsx,1.0
benign_sample_8524.xlsx,0.0
a34007ef6bca0232ea09e33687bc32878fba54d00a030ae80c88af8e7687d926.xls,1.0
benign_sample_5591.xlsx,0.0
d78b7e38db56a689791bbaf376db9a595bd7442b04a8f668de2437aeb2b0e307.xls,1.0
benign_sample_7328.xlsx,0.0
benign_sample_6706.xlsx,0.0
37b1c3b7a96a3b4efa0fe7bfb80d3eab161e413e15cb9ab35b832cc10fc92464.xls,1.0
benign_sample_1300.xlsx,0.0
benign_sample_8414.xlsx,0.0
benign_sample_1270.xlsx,0.0
benign_sample_3812.xlsx,0.0
3c8c09837a03ece48178b036c216412475dc9ac13bfd581ca78c202adc103427.xlsx,1.0
benign_sample_1260.xlsx,0.0
09a0d6a0c441837ea7422cd4ed81d634b7a765be9549802263b35148fe02f3e9.xlsx,0.96
benign_sample_5214.xlsx,0.0
benign_sample_350.xlsx,0.0
benign_sample_7818.xlsx,0.0
benign_sample_1308.xlsx,0.0
5fc88d8d218ac5de79027951c65e2dea4977660afb32143c248514974670a257.xlsx,1.0
benign_sample_8744.xlsx,0.0
fed9ab0d5148f234ed4a0956232c6b31dc563aad3d79713c9793a25ff05b13c7.xlsx,1.0
df651fd93ce8c66fa57678bf6e387865151d489c2f5ddbd79fe05af9314f4b53.xls,0.995
benign_sample_1408.xlsx,0.0
cd24336a2e1e1b5e6bb6eebec4fb01fc53d2f0124cf34dda007056d9d30bb936.xls,1.0
7928916a278825eb6fd721ef14a1e5399b4297b331ee4cdf0851705c7ac6622d.xls,1.0
benign_sample_8621.xlsx,0.0
benign_sample_3341.xlsx,0.0
benign_sample_7844.xlsx,0.0
91e2439fa1ef2687833c9aa9eeb6dc26adef962eabad9742e69150036a219ac8.xlsx,1.0
benign_sample_9067.xlsx,0.0
benign_sample_3202.xlsx,0.0
a80b28e9a0baaf81593bec227b11cdabbbbd9027f2284d7f2443865dfe35ccf3.xls,1.0
35ac20a34ac4210328034670529dc32e7691aef3f3799d0e08fab497d0aa8e39.xlsx,1.0
benign_sample_4343.xlsx,0.0
benign_sample_4284.xlsx,0.0
benign_sample_6271.xlsx,0.0
75aca864d292000aa996c33477293ad49602d678d862e0cc01e4944ddb638873.xlsx,1.0
7867c49a01d1071e7f1e931b0d71176908cc1f325c23edb7da2832bef889dcad.xlsx,1.0
benign_sample_9628.xlsx,0.0
benign_sample_6315.xlsx,0.0
benign_sample_47.xlsx,0.0
benign_sample_6613.xlsx,0.0
53555c7e0e155b0f4e8152a78dd04033c9dd8e8b44f8b9536ec1927ca5dfcc4b.xlsx,1.0
benign_sample_7442.xlsx,0.0
7513105db410361d6d2e7a7ae293e8adb4ab230bd14889eb57f218efcf77fbc3.xls,1.0
benign_sample_2326.xlsx,0.0
benign_sample_750.xlsx,0.0
4c1626ead4b0d399485197e2f9353fc527a8c1ca923835d16e809cd66277223c.xls,1.0
4098eed9c3a2b676312fcf3dcdbcf4f18affb50ab9b31d02868aeee1b6e7d932.xlsx,1.0
9e7603363491df455c50b5331d4a8ce7a3fc461950369d6ffe8a5d749c4cea30.xls,1.0
1e65a78f62743f093062fddc5ade4190ed322db30e1270e7f78b5375d83ead20.xlsx,1.0
7858b455b9f9306fabd4a6ce4fb7e4235f3e219eb1830204e9ccbc447bcabbe2.xlsx,1.0
46704d6c1defede7337666751756e0e20f4042f577d434f4970d3ec24419493a.xlsx,1.0
5c86e80807cfeda9bb2658e707c29a1997ed9fbd17eda2c61c7026ab039f41e4.xls,1.0
benign_sample_8553.xlsx,0.0
benign_sample_488.xlsx,0.0
benign_sample_4152.xlsx,0.0
2eba64ed338ddda6fd02349614d6f431bb43be2aef2f7e7c850aa12e3a53bdc1.xlsx,1.0
benign_sample_9890.xlsx,0.0
b028885d6a366b03893dffba7a61f30b5ed164e56a42a365bdd65af84efc95fb.xls,1.0
843d198b843a4b30b073ffd2b7a018f215dc6d1378ae98cc0d4b2d1b9536fc63.xlsx,1.0
benign_sample_3058.xlsx,0.0
benign_sample_2289.xlsx,0.0
benign_sample_4677.xlsx,0.0
54fb9cad3c4e430025522add6623a3dba94ad9e507f35cd92b8d7248f9c10c11.xlsx,1.0
81bdf1ecf3b3db164fc52bbc64118e57f7cb02db7ada35c94fa5a85602d08c08.xls,1.0
d691645cdaef8f04850ad99dc522a9c879c99a8878e5a47fdb8a79da50af29f9.xls,1.0
benign_sample_3682.xlsx,0.0
848c14e5e518d43c8a3741e2bbd1f841c7697b60b8e5fa1a2343fcadc662e29b.xlsx,1.0
benign_sample_3088.xlsx,0.0
ce453ffc534f3cef0730071a4dac7391f5b38be72632cdf9160c06035d3a1c6d.xlsx,1.0
41218535f912b97de84a85978b502e175891af9aa6ca202f2a2b784b37b42a54.xls,1.0
benign_sample_3697.xlsx,0.0
f6e2756478a0fe2c50a758046cd4fdb169f1419f7af5cb8b940bb46112630882.xlsx,1.0
db8a5323738d4625c2447c09dd04d27b75bf97c0c3e444244bfba7ca009e88b9.xlsx,1.0
813d664306901ebef7ff32363699a13fe6775bcb5f5ecdf368731c25630098dd.xls,1.0
benign_sample_569.xlsx,0.0
62e71dacf3ef33f1d8b356e51b7e856a764756a39fff1f47bbd231a20004de6f.xlsx,1.0
benign_sample_2810.xlsx,0.0
cdabd783d6f9be74491879f3bbc53e76d8098b8b496571ca1a477951eac317a0.xlsx,1.0
benign_sample_3367.xlsx,0.0
4e2cd4d3ddb1aa605552f4ffd8e55f682424b7350751f20030c3048f081828dd.xlsx,1.0
2dcde0058a745abdeed81a069051ae6fa44701a8ec7bc4219c90222bfb3186a0.xlsx,1.0
20f63971cfd6df3a376fab0ddd43e53812dd2d41cb286417a4f79598ff5fefb6.xlsx,1.0
41e7ef79df05e400e3ddfdbcb5abf4dd6d944403a806199bab836af8cbefa694.xlsx,1.0
d56353051b3256c74c2e0df4d907f955ded8482f8cb8610f69916f80bc49eb67.xlsx,1.0
1a929cc463c3620fed7e897c6e4db735d465dbefc98b143648f7e37a8af3ce09.xls,1.0
benign_sample_1562.xlsx,0.0
benign_sample_7513.xlsx,0.0
e36dfb86dabba9893082af291578905285607284cb0499eee692ab3230225145.xlsx,1.0
c5255c9c0d0a8e4fed2b24b2b9f3024e0324f12239bc82056e3c7eeda5c446ce.xls,1.0
benign_sample_8336.xlsx,0.0
d3788e69dd125449af3d985de93701c49cef0658bc98e3b449185f86cbee027d.xlsx,1.0
benign_sample_8626.xlsx,0.0
benign_sample_7434.xlsx,0.0
benign_sample_2417.xlsx,0.0
benign_sample_8282.xlsx,0.0
benign_sample_886.xlsx,0.0
9965b2b7559fa2f6315c43505c8419fea505359fbf31b2a23a976a0d9098a324.xlsx,1.0
7cf3fa346b2c91fbb3929d55387f1f582c9b7fb7c7805c404eb40a5c71374f31.xls,1.0
benign_sample_8734.xlsx,0.0
benign_sample_1789.xlsx,0.0
benign_sample_3471.xlsx,0.0
benign_sample_1527.xlsx,0.0
3b375d843296384ecb2a422712523d4335a98ff0088df974e7daded63dc5159d.xlsx,1.0
benign_sample_8020.xlsx,0.0
benign_sample_216.xlsx,0.0
benign_sample_2644.xlsx,0.0
benign_sample_4292.xlsx,0.0
benign_sample_3475.xlsx,0.0
benign_sample_9138.xlsx,0.0
benign_sample_4669.xlsx,0.0
benign_sample_4867.xlsx,0.0
benign_sample_418.xlsx,0.0
benign_sample_6443.xlsx,0.0
933183fdc32de892d62509eaa681b43f29ede5fc428f8a51995d4057e6f2059d.xls,1.0
benign_sample_9257.xlsx,0.0
benign_sample_5194.xlsx,0.0
6bbe2f445c5476c06caddfa915a814a79b8e968841ed539455e011c545ba698b.xlsx,1.0
benign_sample_9922.xlsx,0.0
benign_sample_7355.xlsx,0.0
benign_sample_2916.xlsx,0.0
benign_sample_9528.xlsx,0.0
benign_sample_7401.xlsx,0.0
benign_sample_8228.xlsx,0.0
benign_sample_2575.xlsx,0.0
02431f7e928e4d96918d9edcbdf7e6ae5137ed8a634d6af14177d92bc16d941b.xlsx,1.0
benign_sample_4160.xlsx,0.0
cbec2b40fb13c8f78b0e87af9e691f0227a853617d3b816539e2bf28c6b25425.xlsx,1.0
3acc83882deb910ee88e57c7f02509c2c1784449d988a8eb0af33d41fc278dbf.xlsx,1.0
66a8ce9a1204436cba1e6196975f524a1d3e27ac728451ca9d4ed750dcd1bf59.xls,1.0
benign_sample_7258.xlsx,0.0
benign_sample_794.xlsx,0.0
benign_sample_7868.xlsx,0.0
837fd94e5ca8c85a03f97b51771adbc667c4254c40f7d2c9d4f68e767f9d33d5.xls,1.0
benign_sample_2666.xlsx,0.0
1d8e5ea6111003c450b589ad45e1d23dafb2b5e32e91f113351c91ac0464cfb0.xlsx,1.0
benign_sample_2272.xlsx,0.0
834bed70c38ef9d2a69704b9ca2553336862c611696f1ad41ebf804f503c4cb1.xlsx,1.0
9f525d99d27a8f4f8590d248a0cc4a899dd7b8f70a196289c958631fdb24fdc8.xlsx,1.0
benign_sample_9441.xlsx,0.0
benign_sample_3838.xlsx,0.0
c4a93814d2c2107a7d20f4f3a5c687dcd0d28acee63dc1677fe0651256c890e1.xlsx,1.0
842896955856e1ac0460baa33d1c49662f92e8959ca3855445283657541c02ae.xlsx,1.0
benign_sample_1980.xlsx,0.0
benign_sample_3463.xlsx,0.0
benign_sample_8285.xlsx,0.0
benign_sample_7263.xlsx,0.0
benign_sample_2278.xlsx,0.0
benign_sample_7268.xlsx,0.0
benign_sample_2190.xlsx,0.0
82e1de0ae328fef0db690e02c66700257933d502c7cfe44cb4b6d1513ef0d071.xlsx,1.0
49e3184aa755f70b8a484163eac18c14ee769e16eb1d7b749bef3b00ced64126.xlsx,1.0
7481bbb875d21794846f7bc3b3ebbecec8c4bc058d6ae2aea60bff793cecb2cb.xlsx,1.0
1d49ef3ba0b03ef4e3dc09739fd103c4cb7d7efa40c2f809e1fc340ab93be30d.xlsx,1.0
benign_sample_7373.xlsx,0.0
b05951994381eb4d953d58b7ffa7c428be1f640d8c70d70adbfb4a046fb6dc6c.xlsx,1.0
benign_sample_7982.xlsx,0.0
99800df852b01aa636d83b05b5c7f18ec22d3ada11dac31552120799fe77c120.xlsx,1.0
2ec4f63ab6afe82af1a05c498f18b14d0915cb1539a7a6937cb11a89d2c275c1.xls,1.0
benign_sample_9537.xlsx,0.0
3f29848d388492c1abc492012629834a5a03c4794e80999da4431bc27066c9d6.xls,1.0
benign_sample_5518.xlsx,0.0
benign_sample_1585.xlsx,0.0
9d4a3d5cff1c2ca6ae2d07209a2c494a4c3da7240089895e8f12395475c1ea89.xls,1.0
benign_sample_8848.xlsx,0.605
02ab655eb663dfe3962228aa76b49ed8cd0e6876cbd1815dd73cb27a0490d95e.xlsx,1.0
f9c8475a39a627f049796206c292f68912999e7eb7ad9fd0e4535e57e71bde56.xls,1.0
benign_sample_2395.xlsx,0.0
d4e52758f4e2fee637ab46d335ef2f5846e4f1a972b4970fa43d9a8e06c98a5f.xls,1.0
benign_sample_9010.xlsx,0.0
benign_sample_5495.xlsx,0.0
benign_sample_3842.xlsx,0.0
benign_sample_3146.xlsx,0.0
benign_sample_4391.xlsx,0.0
d9089fe3d7c307d479bb105afc6f26b84d60e4d0999a6c09268f9b4834f498d9.xlsx,1.0
9a31c2e5edec52c6851944fe0637a3e3c1f768d8f024b45d0940ab866b440504.xls,1.0
e2acee92bcd23566a27663541dcf199212ba2489d333bb7f231a950a68dbc122.xlsx,1.0
benign_sample_9106.xlsx,0.0
010ec7f85c692da2ae132eea2678184de75b86010aca5f89affe2245da8a877b.xls,1.0
benign_sample_1118.xlsx,0.0
b66d8fe9b7bd075705ebc6495bf75e8da7a8d81bfe669bff52a3f012957cbb9a.xlsx,1.0
03532ddbcff8173ea361d37a717aafa723f53addd83cb224f9ed0c0a2bbc0d33.xlsx,1.0
benign_sample_1934.xlsx,0.0
9242112d338a7b7f28de348c7c33fa101a5c1988baa5a33ff05961a0fcdcca76.xlsx,1.0
27e400ec75a6391da1a8e47de2c24530a6d303361f3cbf525a106c35a9a58ea5.xls,1.0
benign_sample_7140.xlsx,0.0
benign_sample_4953.xlsx,0.0
benign_sample_3824.xlsx,0.0
benign_sample_3259.xlsx,0.0
aae3c0a2a9b035aa31727510d6c73cb54e9d9dabf99c62ce08b6807d95088ff1.xlsx,1.0
benign_sample_5836.xlsx,0.0
e37ada64e8a295d2c7cf7be988bcb5a2c6ed8772e32cd350dedea4acb1ca9212.xlsx,1.0
688c7dccc1382470dfb8cd9d446637e37c6911c13b66ca3ddf16f2fe3f43d8e9.xls,1.0
benign_sample_6951.xlsx,0.0
6960c18b056ed2d682ce9dc1589f0d04cfbe92a561e9a6a2276843cb47cf2d53.xlsx,1.0
d2603b3afc7d23c52d48c3c890570c4410f413bd0f157af75df800ecbd5de21f.xlsx,1.0
48a77747b7dcfbbdd20b8598ad5e4b398bb0ba71bcd58024f09af04420a69e84.xlsx,1.0
131401cab5747a2b79dfe9801af21be424f49235fbf65ed7a016946397472071.xlsx,1.0
a04b3827276df4f3b7fdc2df79cb63196f422dc97107956321fa34b3cdf2ace9.xlsx,1.0
f5536b4a14e70167248cbf72ddf7ce116cf7c0aa20363fdcdac97a7081cc55d7.xlsx,0.955
benign_sample_7393.xlsx,0.0
benign_sample_7447.xlsx,0.0
2f9aff6878224347bc4b6533809d3b7c3e940e99dbb4067f7f08a42524bf6a7e.xlsx,1.0
benign_sample_8804.xlsx,0.0
benign_sample_3496.xlsx,0.0
benign_sample_9591.xlsx,0.0
benign_sample_8923.xlsx,0.0
benign_sample_2686.xlsx,0.0
benign_sample_3855.xlsx,0.0
143c1184c8d02adfc4b2ef5ffec579ce47436131e3c2c8e82172edb50f2ab962.xlsx,1.0
3b35442255107017103c203cbe6e3fe2a1c47ce9486f25c666a8c885c53e2581.xlsx,1.0
benign_sample_8794.xlsx,0.0
benign_sample_4233.xlsx,0.0
benign_sample_4534.xlsx,0.0
4d6bc8f7df3ef7c6c77fd6ed3aa6049ebf8de53e8cc28bd075c2a64df63687ac.xlsx,1.0
benign_sample_9995.xlsx,0.0
3ff447f351de7c11bb38df2320357913c5e3dc438fca4d33dd8792fe860ad3d3.xlsx,1.0
benign_sample_6637.xlsx,0.0
benign_sample_5177.xlsx,0.0
benign_sample_1102.xlsx,0.0
694074a3d8313e762aa0661211ce4cef58d49e9a6dbcb6c5e3cb7bf3f4df37eb.xlsx,1.0
21a2f887be678ee89e16569e9b57a53daacd32f2b844776161995ba908b45407.xlsx,1.0
benign_sample_1112.xlsx,0.0
7ab07761d40ce9cfefc1d2aa2e0710a6c7ead11469e2170e53c9ecb25b54467d.xls,1.0
83265d23e06358ca7daa741b4941394547406311bd0e4e2f95c244e21c27c6c4.xls,1.0
benign_sample_3033.xlsx,0.0
benign_sample_8898.xlsx,0.0
f62345cf0da475ba5892d8ccb2de4fbbffa6469597be76cda024fa23251bc708.xlsx,1.0
8d6eb0ea0a37d5573bd7a306d12837a74dd2e68a597b42516784b3f2d23743e4.xlsx,0.99
benign_sample_4416.xlsx,0.0
596c9f2442bff8c7984ff41a27c57f31b933e3b6e36e9cdf2068e3d95016f4be.xlsx,1.0
benign_sample_3732.xlsx,0.0
5d0137bf19bfd0b083b39902d961837860f7df67d8a4403657ac9b4e43562be8.xlsx,1.0
31284b329d5267ce49ed7b8e3e97568ad15aa83923648a69bb70c539dbc72c43.xlsx,1.0
51a69f449b27112d5b02fcb6e3870927734d9b6bc9cace28a090e21869a762c0.xlsx,1.0
0c4068936697d08bcfab6ef4ed9ea7f73900170073f99a9ef5f173da3bc1a42a.xlsx,1.0
benign_sample_1667.xlsx,0.0
benign_sample_1175.xlsx,0.0
benign_sample_1695.xlsx,0.0
dc4a6fbb5a80f71828d0be06061d7138d4d7454a40cf317339a50f9025a9fe73.xls,1.0
54d9d738e7da72a06f8602051f60eb726b91b2ac97060b6fb028a63d3b71c6b8.xls,1.0
benign_sample_3709.xlsx,0.0
ce0b8b6d98e1c76fa2c8dd158b1b1374671ba8a9c676acb88542215b3670c078.xls,1.0
2132dadea33d1c052e117f67cf7fd213638a4ddd0d7e67817c341c0fc7fb9697.xlsx,1.0
dcde900349ef5d7d8ff1ca50ee9af9f20e460cc2adb3b28f182d83412477383c.xls,1.0
benign_sample_6033.xlsx,0.0
84b071661a487fc8f56d3e424740269aad1cddae0a16d84bcdff9aa196f2459a.xlsx,1.0
benign_sample_94.xlsx,0.0
f107f93896e13db2c3f260c95675b34f2badc01fe9af91c828ff54daf722cd46.xls,0.995
81616f2c96c8dcd83c395381e090bfb94f294f18924c4ed4bb5cd6f7caebf32c.xlsx,1.0
benign_sample_8385.xlsx,0.0
benign_sample_6415.xlsx,0.0
benign_sample_4217.xlsx,0.0
benign_sample_5959.xlsx,0.0
ead01dd2ff8fa735dd67f1ec08cfd48488852ebb2ef7a8a204b86f7ef9a02b05.xls,1.0
c83c7bfb2c3cf2230c37ae548311fbacbca3daf340c8ade0dc6ade11c93fdad5.xls,1.0
442da867e6d871fad0d4e472ef48bd2ca7ac41ef601355875379056453ccf42d.xlsx,1.0
2a6f081ed998ed23a29f6112e28044d8296fc9526495f862abe639527811f659.xlsx,1.0
benign_sample_647.xlsx,0.0
aab8355448e722e4d5c67d271d7991e676c4889be275dc610f46357ddd8925a6.xlsx,1.0
9725b9e492b7671ca701040fea9474b16b2f3333e4c2379f38693e94bf6630a6.xlsx,1.0
66b1c81f08c8dc54566b066c990edb24d0bdd946a503255d68ec2f66e85643db.xls,1.0
benign_sample_3235.xlsx,0.0
424fff8525a1a9f460e50a5041495045011536cac1b8977fc170d1d373a7cfa2.xlsx,1.0
e1cb9e57fc1dfc5d8c6503d45f240129d166804b8ec741f9d11c1354b9607f9d.xlsx,1.0
301483d70a20a8eb2b35d329c14761014e4814dfbd3e318528cdd6a0e56e7961.xls,1.0
benign_sample_866.xlsx,0.0
benign_sample_1685.xlsx,0.0
8fe0f4dbaa8421f60a885e86031a02f2a6184aca4091768aa0ceea50ba920b30.xlsx,1.0
benign_sample_3523.xlsx,0.0
6fdfc3e5c1c04faec9f771b1ed595de0487368e394c0b62c6ede03695f73c322.xlsx,1.0
benign_sample_7577.xlsx,0.0
1cf188ef0a886198142a0f4cfc58b0f8633065da211ec87bd2915e1a2cb6ecc8.xlsx,1.0
7a521d93628bb8d7d9e0e7a14474f5f7804257bb52f0d529072b97baa6abbe19.xls,1.0
benign_sample_7250.xlsx,0.0
52cd3564657034e32dd45b5b6640ad6e0f152bb9dac811ba65e8308d93d38dfd.xlsx,1.0
0b9f47972855a57b0402cb51ee15e3bb198699f169858bce956e84bc7303adb5.xlsx,1.0
benign_sample_4069.xlsx,0.0
8fe3e38513d90ab6e8d2da6ccae7c02f77f01bc6e14f8ec34176dca83676108f.xls,1.0
benign_sample_6237.xlsx,0.0
benign_sample_8913.xlsx,0.0
477fd833fec32c5069c86a83b47b5f02b5c00e880cf33b94baa4e41fb2ae57e4.xls,1.0
e2c5aa9317d53502bcc95547c7449c6a05e230fc74a6ff8b62db039c8b25de51.xls,1.0
ffd86f0a75f92e3ab54c91097bd8a4ae118312221666d180cf824fad22ae4f24.xls,1.0
benign_sample_6078.xlsx,0.0
d4e0113247d78ded316bbe78d7534a4a4991e0354569e91089de70c1b8ae5735.xlsx,1.0
benign_sample_2713.xlsx,0.0
d1ceb41c265c6910965e852be55bdff850192dbea671876f8ed4e3a5b8b420d9.xls,1.0
3e7b4d42306638db9e9d35204492666f4d21f2a3dee04e8d3260966de8992dc7.xlsx,1.0
benign_sample_8858.xlsx,0.0
benign_sample_4830.xlsx,0.0
d2412b9e9c2c22a64e68979af14a2c6cff8baefc6002c2868b68a6e8024a9406.xls,1.0
bdde80ca241bed16a9a053d6fdfc4f41f8ab47e0081b076369218a618c661821.xls,1.0
1cd7833c7f9acb6db9d49a88fedbefd9888eb89b47c9137eff5b32ff9fb56b79.xlsx,1.0
benign_sample_2823.xlsx,0.0
benign_sample_1354.xlsx,0.0
480840ceda161ca88e155bd54bd8c7c18943af8663c695e7f8717834f2f4524c.xlsx,1.0
524e0df4569b85017f8fe9e54cfc5ceee17d21d884597b128ec9b366ad52f484.xlsx,1.0
80fba118606559f78b6e97b9fa8f5948b0b4eebbe72b0ed287e223653d9fe5ad.xlsx,1.0
ecf919296ce50cd9f6ed09d5db13646e9e770f9324a77bd3910ae6e62baf0f56.xlsx,1.0
baf0b37334d3db6830e714849d79a28e0cdc24109512a16b7303a65ec88e16d8.xlsx,1.0
benign_sample_2818.xlsx,0.0
benign_sample_1677.xlsx,0.0
1bf26151ff7cda6c78cc0de202bc85e30199aef600e43ef381ea59aef4b52ce9.xlsx,1.0
benign_sample_3593.xlsx,0.0
11efc80863a0f61fb65746086d47d8a1d2c39b6ca4a55c8635bf8587c8a56bfb.xls,1.0
169437b2a7d27c7ba08736c4484c8116f626fd3b6747828ca0d106124d6ffee9.xlsx,1.0
benign_sample_9422.xlsx,0.0
benign_sample_8226.xlsx,0.0
5c5fd037c414e33a6538da72a5ea4ae89c8dac15b396b6a10e8504a0b5a7ee75.xlsx,1.0
91504cbee61cf9e274dd81be11196e8f6457af97552149102e5ef48b96200a2f.xlsx,1.0
benign_sample_5362.xlsx,0.0
075555eed989c91cc21d672593523a35a2d2f1b235a2d61289277e1c0a4d1bd4.xlsx,1.0
09c7dad765ad807322f19d2a1882f6cc31ab3ecebaf54c0deb35edf64dbcbf31.xlsx,1.0
benign_sample_2908.xlsx,0.0
benign_sample_8873.xlsx,0.0
benign_sample_5720.xlsx,0.0
7e26681f44d3988403ba8ecd65f28fdeb36a70d168c377044a7f543710b5b8f1.xls,1.0
benign_sample_4127.xlsx,0.0
5ac39ec7051e059cbb97ad4acc501f00d378da400be6b02cb2606c08a32298ce.xls,1.0
benign_sample_7470.xlsx,0.0
benign_sample_5779.xlsx,0.0
benign_sample_5872.xlsx,0.0
a9c54a09fabcdec4a397af0407882ed10100c831e76aaab7f8d51b22239d36cd.xlsx,0.995
afec94464467d2ed6ff081ee561976fbe88d74dbc20a87ab4ca4f7ba4bb4012f.xlsx,1.0
benign_sample_1760.xlsx,0.0
be5173e7775fecb35ac359cd91299b0ceee9d7a1620d29b1153b25e3a64a7ed8.xlsx,1.0
benign_sample_9923.xlsx,0.0
benign_sample_7144.xlsx,0.0
251c40d0c836545b1d2ad59d07b9467b74d2cb354fee6a6cd58f96589749fd3b.xlsx,1.0
benign_sample_4742.xlsx,0.0
benign_sample_1543.xlsx,0.0
cf0d6ea61f8e56f80f24792e356adeab2f92b6db2f980a9e5932415484f5b732.xlsx,1.0
benign_sample_6155.xlsx,0.0
benign_sample_1495.xlsx,0.0
benign_sample_9943.xlsx,0.0
98d13e3fcf465d3a2b1587705fc07d34e00bc3e8a49792a297a7bf02fae91f0f.xlsx,1.0
3bc07e3da6b216bdbd98be69ea2f8e20b5ca04aba1ef3e360de90b1c219fd886.xlsx,1.0
benign_sample_5619.xlsx,0.0
e9170f41f12cdfe6dc65d06ed06cc1fb839fc764067e19c777eeb74eff084044.xlsx,1.0
3e7d6dfd59c6880f99c22439c9bd9751bb9fa5b5d688ae53f28930584ae00fc3.xlsx,1.0
benign_sample_7626.xlsx,0.0
591ba92a2cf9e9110165c0a3bc3190487277ebba6334d5f39c06bb2024d1cdb0.xls,1.0
ef806fad09b38077823c9e52d918424f076614c61f622314029875bc5ab4d0d9.xlsx,1.0
benign_sample_3876.xlsx,0.0
benign_sample_5862.xlsx,0.0
benign_sample_1416.xlsx,0.0
2ed866a315480d7590eb6a32c816aef4e4b016d2991e05b57c905270d2729cbf.xlsx,1.0
b63ca3c43605e3073a63a2aa9f67d318711af34bc15f7680878440a871735bc2.xls,1.0
43dfd78d02dae1a836cde9fd6e844e985a6c575d98fe0ee1815b8c3e1772441b.xlsx,1.0
ea8460534c283f6b56914814bcef4eb2d016d40bf7e2b1c65b48d83bd0f69cc2.xls,1.0
4807cdc27df6ef941f085ddac899144c15fbb87570f753ad9ac662fec622e378.xls,1.0
1e1c7a283b2376e501cc355d00195706d486c37b467f76b6cf0585a24ae28dce.xlsx,1.0
benign_sample_8037.xlsx,0.0
b8c89c62991c0cf85f07ee9ca534ca8575c78fbaa651485a19c826db78ef7d2c.xlsx,1.0
benign_sample_4700.xlsx,0.0
bd3023b1b8e6a9a51230e56e7a5175b9b4eb8e285aefb279ef0b23e82f3c2298.xls,1.0
4870c0e3e50bade945017df26b5729a022653c7f3e64c05ca1c9d2d2f4562493.xlsx,1.0
09da1207b47a704a9e7836038824e75a64f4a5f2775e115e5df159f4725a0823.xlsx,1.0
e5a1e7f51978b4e4dfcae60928b32d0d18510c90e43eb6464c47c5f738d21354.xls,1.0
benign_sample_885.xlsx,0.0
379756cf402063abcdf2ae56025517a01855d122f22fc8ec20792177d27ef612.xlsx,1.0
efbfadbd3551a8dfa47f4e9e1c896261ffce0592ff17f147c82faa5b9f3709ea.xlsx,1.0
benign_sample_4126.xlsx,0.0
a35b8333f36b0564af9f91a294073998b76916830177e121702975542d56b696.xlsx,1.0
benign_sample_7700.xlsx,0.0
benign_sample_3596.xlsx,0.0
2eaede8f82db259338421308c12924f2907fdf20eefd5ecf0ec4dbfcf1f934e3.xls,1.0
9e0ca94aae6766ff57628ec7326f5572fc4beacee9ceced6af47c48b0c6ff6e6.xlsx,1.0
benign_sample_4058.xlsx,0.0
benign_sample_454.xlsx,0.0
2e1af4d2b44a935abac619d5ab08432250989fd0492b083b327339b251b3f8b5.xlsx,1.0
benign_sample_6820.xlsx,0.0
benign_sample_151.xlsx,0.0
9adddf2e687bd50ea587660eb5cdfe23ba6993da5202608d03b78c68d2ca3b30.xlsx,1.0
15a2e3637fa8f2f43ce02dd591d451529388b680563a5b66e253f9b6b0d3eaab.xlsx,1.0
benign_sample_8492.xlsx,0.0
16081547fd3713cccfa116a79f8332cea981fc08e2056c5c090a2d88a73719c3.xlsx,1.0
82c9d9a92780976a7343e323876c458aecf4aad3d020729c126ce6d5b31c8e34.xls,1.0
benign_sample_4544.xlsx,0.0
benign_sample_368.xlsx,0.0
benign_sample_4373.xlsx,0.0
benign_sample_6640.xlsx,0.0
85760f04472992d1d3036971d9d69193c68b2e48c37110f8ea2b8805d9c2afff.xlsx,1.0
130b7abb44330b081d87a33dc5eb2600a1bb220212c54a10cdc4d0523f3360a4.xlsx,1.0
ff2d2d3b06fa4d675b4321c009c2d5f13257b7eda3931c6c74efe0432de1cb94.xlsx,1.0
benign_sample_1680.xlsx,0.0
8832dfc99f9441a9395bff2be126699d0211f2ad1e3de433588711a8b241cfe5.xls,1.0
c66a8861409ff8241c51b77a175d4f843073dfe2866d97f658822e4a1e67a3c3.xlsx,1.0
benign_sample_2678.xlsx,0.0
benign_sample_2793.xlsx,0.0
4d4c1673d335d4c15f3ea3ab166db6dd9dd760374b15149a4f72df89c468ed89.xlsx,1.0
benign_sample_1584.xlsx,0.0
03eccb4286e763775624927993448a980cf9a8f9a94ee84ee8e989726493760c.xls,1.0
8acca101ec3d9d2ea419e9c2bed4719dcd18a9b452be1397fce658b43cb868a0.xls,1.0
benign_sample_2772.xlsx,0.0
1138a7fc679ea8484ba6d386c34bdf28cb184228e9b29d3d384daefac1e0e2f4.xlsx,1.0
879d9ef859733dda7eeebcab9b3514d96522a0c525d6bb5f80a1a48c4fb75eb4.xlsx,1.0
benign_sample_8305.xlsx,0.0
benign_sample_1549.xlsx,0.0
cad62d83b3cdbae34107aa8c938cef18e0aa38144d40e8757cf0a6b48d2ae134.xlsx,1.0
9a23e402165aacfbcce237884abebd2ac2bd2373d0ff5289df4095feae667b67.xlsx,1.0
benign_sample_1225.xlsx,0.0
benign_sample_8956.xlsx,0.0
benign_sample_6356.xlsx,0.0
benign_sample_3272.xlsx,0.0
benign_sample_9735.xlsx,0.0
6d95aebf2eab2c02a6e192bed15a2070639238ceb9b45f1301ec02f635a9e5e0.xlsx,1.0
aefbd29fa01b6796341be145648ff5d0c776752cdf526865a88e70e20ae32bc2.xlsx,1.0
benign_sample_9843.xlsx,0.0
2107fac26923df70eec2a6ee4a6d567e6523c5fe9775002f31e721656dbf15b7.xlsx,1.0
b04631b1a6c5d940a680fcd326873dab1900edcbd2ba94d6986f6cb2336c56e9.xls,1.0
benign_sample_1461.xlsx,0.0
d92aa9a6c2ee695e3021384951c2db137690d2d6a94fa54a8f835b2e6d344481.xlsx,1.0
e6bd8c3714a3c008ac3dd85c19285e6265281435b8bbc907351d2fa0e3943454.xlsx,1.0
0cb1807eda58d5cb7a8dc05a12ea582e3266938caac18bb365cb699140cc91c9.xlsx,1.0
benign_sample_8257.xlsx,0.0
62a5cdcf9261df63c9a532ae49438a183369ef57af93f05cd9e1445bda6707ae.xls,1.0
benign_sample_3641.xlsx,0.0
benign_sample_6121.xlsx,0.0
benign_sample_5778.xlsx,0.0
benign_sample_3150.xlsx,0.0
benign_sample_4140.xlsx,0.0
36de82245c82342158247724320fdd8387ae050b20e71116e6ed80b8d6ffac86.xlsx,1.0
benign_sample_4282.xlsx,0.0
411a4587bc2cde60c95a72cdbbba4d283bd8ce4edc8b479c690ad2f10eea1269.xlsx,1.0
6f57827db6a32245f5dfd96684284fd45fe75935db2f59d8f71a5d70bc3f9620.xls,1.0
cecd66cee25401b0298a30bca4d3164ad37366cfd38ec7fc1e59ae7590d08d9f.xlsx,1.0
894dad8d458beefec849665e63f6747b7e8f9428636fbacb7e33e8bf23da28d6.xlsx,1.0
benign_sample_6998.xlsx,0.0
benign_sample_9914.xlsx,0.0
benign_sample_2980.xlsx,0.0
benign_sample_2621.xlsx,0.0
34dc98623cca746fbe477b37533cfea46fc2842cee2a779c8cd9c7747bfc4502.xlsx,1.0
benign_sample_4607.xlsx,0.0
benign_sample_9240.xlsx,0.0
685b86c53c8efed66edecbe3fb1cfc05df203ce9eb510772109d50678e266195.xls,1.0
benign_sample_7049.xlsx,0.0
benign_sample_7567.xlsx,0.0
740015b3b163bf1d31e6ec2ab734a90d4a5a8d6e6d2b65a569c453c6b0477beb.xlsx,1.0
benign_sample_3920.xlsx,0.0
benign_sample_7039.xlsx,0.0
77145fc3d9af4e2c11102de02651e8918017a9d9287489469556d8fd0ab8f3f6.xlsx,1.0
benign_sample_1447.xlsx,0.0
fceee81f03f6fb74c370e23970b074b36250bbb83d1dd16b4aa532eb2b7bd7ff.xls,1.0
3ff13ec44939510c7e62f31fa2b17e03448bdc54b5f522b2f62d559b3095b416.xlsx,1.0
5ea36be2a4294eb7e7af50fd0220da1cfc41909922d54501b18df38b2984e07b.xls,1.0
00b9997ea07ee18425ffa91c187319d609ffbcf5c46afb6769eea6c8c81c4e76.xlsx,1.0
benign_sample_5685.xlsx,0.0
042b7440d54d54334adbb93cefe5149e45b4816dc8729a9d49061369f457d8f3.xls,1.0
benign_sample_9736.xlsx,0.0
benign_sample_1274.xlsx,0.0
benign_sample_5161.xlsx,0.0
6247b03e40e6bf3bd2e6f20a59c0336c9168e76d02701ec6af308fd59e40dfe5.xlsx,1.0
benign_sample_1898.xlsx,0.0
benign_sample_4933.xlsx,0.0
633cf11ccef8e99a905ff2daae03003541433c7db3f4359731c46401092afb41.xlsx,1.0
benign_sample_9165.xlsx,0.0
benign_sample_3431.xlsx,0.0
7d7e34569d1d84e78bc045981ad265e86cdb154522d21e80741c4d0cbefd3ab4.xls,1.0
e0a804913850f4b58509ae7285ce4fbe523b3b7dbfeb8a12d2a03a6447198ebb.xlsx,1.0
benign_sample_8690.xlsx,0.0
benign_sample_1050.xlsx,0.0
benign_sample_912.xlsx,0.005
16299b2f74bd39613d8ff626d71e023cbc73a7e30756b68d2551a5a1e7e3af12.xlsx,1.0
f5a432df7db24117b43d797eb89f27402721eb441817ad1dfd52c26168344a66.xlsx,1.0
9d5fcbecd88af08eb9437ace362ef250f2d94e501c2bddf0ef14a8c2f00dd858.xls,1.0
ea77ca158e41a7a2f614da8c76b443abbe53fc93c935ef0bdb53ab51a31893b4.xlsx,1.0
f3bcdd1f0e694692374af230bc4f4f719bda2ede3ebd380dd1be8468395502a7.xlsx,1.0
benign_sample_11.xlsx,0.0
7fbae225eb5d5b6f784309592bb7cc7505bcaf0a8bd71650ee38cf28e0e2adee.xlsx,1.0
benign_sample_2921.xlsx,0.0
d6e8820923098a4d4e0310753ef02911a029ad8880ff618ef45ed57835f7d626.xlsx,1.0
555405bfb3722768f22ae1bdd853bc64688807ae3720ca2b277cf099cb758952.xls,1.0
d5d7818e96aa5aca2a12008c9a797da7da6f2e28ba06d934eb73c9e208d8a4be.xlsx,0.605
benign_sample_16.xlsx,0.0
benign_sample_4484.xlsx,0.0
ffbd714d22475752559c680ae621a9b0e4a7e4d9c5b60704dcac06c0002b1b46.xlsx,1.0
9054b5beca276815447586fc810a0568113327d70cbad40505dd83eb86a35253.xlsx,1.0
d8831a88c0830126428156dbb81ecc0e115274b6e05c3916b1d9593db69f7766.xls,1.0
265cc3db46cf8eb851a423f975ca0b0238dc283949a544a69f96a0c09b5a658d.xlsx,1.0
benign_sample_8559.xlsx,0.0
fc9ff44349863be5ae0ee1c2cea5cbee67c9a6bf250677828ee69a07741a5d0e.xlsx,1.0
benign_sample_1172.xlsx,0.0
benign_sample_975.xlsx,0.0
benign_sample_2961.xlsx,0.0
benign_sample_3070.xlsx,0.0
benign_sample_3156.xlsx,0.0
91b8531a4291f0c49a23b21d3a3a09a0310d5739ab4fcb40da0811078b6fef6b.xlsx,1.0
benign_sample_5229.xlsx,0.0
14c8a6301eecdf81c86c943ec60004581163d093e32ff6acefc2d600b5064a81.xlsx,1.0
benign_sample_2690.xlsx,0.0
benign_sample_7282.xlsx,0.0
benign_sample_8200.xlsx,0.0
benign_sample_4488.xlsx,0.0
73456575a84d9c7e20d29b3634df110e39510cb46309ab9daba7dd5aa1c71b53.xlsx,1.0
43d9dd081f4980ad54b47b98baf8c68ea0c9b03d143820828fd27cfa7487b3c5.xlsx,1.0
a65ac3514d74b9450c8951bdac22ab8db910a74718a074c4a009c704222d9030.xlsx,1.0
benign_sample_6158.xlsx,0.0
benign_sample_7456.xlsx,0.0
benign_sample_4959.xlsx,0.0
854305907432f8c3bb695a27b60c65d8dc34929e6d7adfc666191e6113b6b00c.xls,1.0
72460deb4766685835a865a32c9174db96b3773c5560317a0096ede3408100ef.xlsx,1.0
benign_sample_2318.xlsx,0.0
01bc706157d45619dd45f1a988c7e1ddfc47a2335a79b9ac87c64aa3398826ff.xls,1.0
benign_sample_2469.xlsx,0.0
98c261fc7e96320d629b105dbcc869fc87a5018a5537c9ba7687469b798c26ae.xlsx,1.0
daa6972b4eb84ef7b5937fad7ebab86ecdfcd81eb9d99d6e864765a227f0621d.xlsx,1.0
7fc92b01e57913a930fe5ab4162f1ec452ac3fc16a5fce475026cae6d2be967c.xlsx,1.0
3daff44f890f938d9ecc97ac4b5ec5a464552c6a90176384493e2a17c68f8751.xlsx,1.0
9220ef73f63575816765ab9c63a2b397352d6d0d873132c752d826544894b1d8.xlsx,1.0
0dd2ac7da719be9e593a1119cd0881d480e27c1a5d8ea979f0b9450a4cd0033a.xlsx,1.0
benign_sample_8760.xlsx,0.0
f439af2f1fb15b3a9d2b2924d8c602579823ac5cc1314f2a01c2e0c2717e2285.xlsx,1.0
fc60205c2dc7229021dbdd8475027d27ce9d3a253dcf550f4397073a8ef275ea.xlsx,1.0
benign_sample_7585.xlsx,0.0
929f7c7759cc5b6124f593d8dca044abe647117944d0ff24851091974d047148.xlsx,1.0
02574900720e764055f632a95845cfa847a4f8281f110543553da78bac018da0.xlsx,1.0
bf8e978e7da3582b64a53b69d748047b67eaf1e2d2ad4d2e6819c150f0802f72.xlsx,1.0
2f6a1115a13cc48c25a660788cf505e17b06d684d929f9b10c89b9548282993c.xls,1.0
c4fdabf9a909c0a4c5e123b773bce4407f890351a85196ea86aab0df21b631ba.xlsx,1.0
benign_sample_3012.xlsx,0.0
benign_sample_6734.xlsx,0.0
0af3d4cdf842ee68c64136a90764758b1258b8162767f70b2a4fe31f1176edb6.xlsx,1.0
benign_sample_2112.xlsx,0.0
benign_sample_8293.xlsx,0.0
benign_sample_7490.xlsx,0.0
benign_sample_3352.xlsx,0.0
benign_sample_4107.xlsx,0.0
3f57a7883612780b3db1e66a881e3b6708e0a36864ec16dee225c380abb3850a.xlsx,1.0
benign_sample_24.xlsx,0.0
bbc1337630f46853905e7fa804eb8bf2b3644f3a16a1911ea1fbd7fe1811c1ec.xlsx,1.0
benign_sample_1434.xlsx,0.0
benign_sample_5002.xlsx,0.0
benign_sample_1440.xlsx,0.0
benign_sample_256.xlsx,0.0
d527d3a0f979fe2a2887fa1cc302522c1d3f318562fabe77486382cee354691e.xlsx,1.0
benign_sample_4207.xlsx,0.0
benign_sample_3091.xlsx,0.0
benign_sample_7022.xlsx,0.0
91c7139db821dd5041d46f4306fb391847c31a94dd13812637cd3a3f8d678930.xls,1.0
ee1111e4953d81a2c43ed548bf4fbc201a3e5593ec04fc04d8a1beb9106ab3f9.xlsx,1.0
benign_sample_7904.xlsx,0.0
4e0a38aaa93cbceef10e172853142d87213952ad3b4ff3727cf7d633d5f4bf95.xlsx,1.0
a79306f7d167b5bbe339198be49ce54015d78e903680f8dde5df59207a70f4d8.xlsx,1.0
2f0f05b401d0587efb8f524596fd4d43532f3702e4d53604d1399138056374f6.xlsx,1.0
5de078ecc2c47433b42935ef80cffb9bf5fc57c3b82990a5d5901c9a1a9778ad.xlsx,1.0
7d72b56d5655b1d1062664af0c19b7214087526f7904b8e0916a2d957b715f45.xlsx,1.0
benign_sample_2273.xlsx,0.0
6d7b8e50c6136e46f5fb3b29643d44ec205e3aa542de0c255ca3169e2d067d9e.xlsx,1.0
benign_sample_7002.xlsx,0.0
benign_sample_1097.xlsx,0.0
6f5626f50401c843cd3d1d427ecde1cdfaef8d01b0a8f8a79c065cb1b4c6c0aa.xlsx,1.0
19f9421a3f3b04aae15ad99e1c8e0bddbaf7812feea7f072dc767172954feadc.xls,1.0
d034fd64931c293d458754c99e057ac4938dbd2761ca89043e5272a4ecd1776d.xls,1.0
ab2572abf0a2702f3dcfbc6fb561a64f550cc68d4982b1a7f184646726326b0f.xlsx,1.0
benign_sample_763.xlsx,0.0
benign_sample_3950.xlsx,0.0
benign_sample_312.xlsx,0.0
benign_sample_4708.xlsx,0.0
038214d4fc146d3a0b09db57ab584e3cef198a466d82206a03af0ca6aff4ac2e.xlsx,1.0
benign_sample_826.xlsx,0.0
benign_sample_8093.xlsx,0.0
028317fe152956e7f73a8da6a19956623a3872ef77538f8286481116809396c5.xls,1.0
a6ba8a487c1028f36f9bf7f4f85eb72041bfbac31eb6be2a35e58d588736020a.xlsx,1.0
benign_sample_6131.xlsx,0.0
benign_sample_1412.xlsx,0.0
benign_sample_4791.xlsx,0.0
benign_sample_9694.xlsx,0.0
benign_sample_7619.xlsx,0.0
benign_sample_2561.xlsx,0.0
benign_sample_5890.xlsx,0.0
benign_sample_9806.xlsx,0.0
benign_sample_5769.xlsx,0.0
7f761d76ab6ca496830a48fc630d6cd16fedac7625d89051fc31064a5ced3f68.xls,1.0
benign_sample_5856.xlsx,0.0
benign_sample_8405.xlsx,0.0
benign_sample_1406.xlsx,0.0
benign_sample_2547.xlsx,0.0
benign_sample_2432.xlsx,0.0
7ba3ff06fd883370dc95558f0e88a1a9e20b2627db55d8a40598f1d8426f74db.xls,1.0
91fb689f8dd770a9ddb00b21374d49c707d67a4f21a8f1c3496efefd1a078b6d.xls,1.0
738ad2eb0c2cf62772bb81b1db15d2732ebebeb97d53774d6a4fbff9b82e609f.xlsx,1.0
0227345a5258dafde5b0e7c4d60b5de52d46dfac924d5bace3ff7b50520fea10.xlsx,1.0
benign_sample_1491.xlsx,0.0
benign_sample_2132.xlsx,0.0
065cd43a82d40e85240a12b016c4ee88dfca4f77f24410b7336615d48c65f95d.xlsx,1.0
37f7f7b0870bc99766fd4ba5e19e2aa001d1b732c9a531463a3500fceba997b8.xls,1.0
19b7d978a08d120b40d7ae243aa662908652d93b7d5796b465bc95d4dd4e81ed.xlsx,1.0
ee90750babb5f5e777c0c9c1b49b08be8903d48ed52973b30714d0b14270cfa7.xlsx,1.0
937a0d634f1fa402791344b29b818218739bd27dca33aa1cac188b4f748d3661.xls,1.0
benign_sample_7804.xlsx,0.0
benign_sample_733.xlsx,0.0
benign_sample_519.xlsx,0.0
benign_sample_5716.xlsx,0.0
f3e7f68430934e19e618b8d6772b90ac3a7d42369058af3cdd35593266f28604.xlsx,1.0
benign_sample_4266.xlsx,0.0
3b9766cbc77489463dfe9a4e59dbe6ee91c7e4545da8077835adf3788cbaa875.xlsx,1.0
87a0dca4dc63a3da412570cbfc9be38d211e0e81cbfc25db03c1106d5329e5ee.xls,1.0
benign_sample_7101.xlsx,0.0
benign_sample_7736.xlsx,0.0
benign_sample_1.xlsx,0.0
b1152b1c5d68fe36961ea040c9066be0899eb63112290c393d493b7cde3dbebb.xlsx,1.0
benign_sample_2151.xlsx,0.0
benign_sample_1995.xlsx,0.0
74c3c4ad212e3caf61da9b432808b48375001ebf7d9cdf3278295ccba9df4305.xlsx,1.0
c10edf0a1d7d42938cb06b3a5fe8943918bca5f8597f20493d4c41988383f89f.xlsx,1.0
benign_sample_8000.xlsx,0.0
benign_sample_5734.xlsx,0.0
5588a27b2226d435b9c92c61324e43be2bd53aef25a76930942db81f2a20d920.xls,1.0
e4aaa9ab7bb52c43bbc335f97f316b7bf53e2f0004f976f54bda44c2f5d7ab37.xlsx,1.0
9a63de6e9a50583d5381aeb2313329500f5582fc216ed789312a10f7c44344a1.xls,1.0
benign_sample_6017.xlsx,0.0
a71eec60361ea97b8cefe6ebdc04a1fa77dbcccf6ea0f4dbdaa4ec0f9657fd7e.xlsx,1.0
benign_sample_7151.xlsx,0.0
benign_sample_1442.xlsx,0.0
benign_sample_1588.xlsx,0.0
benign_sample_9162.xlsx,0.0
benign_sample_1698.xlsx,0.0
6a2f44ffc6da1ed6037bd872f98c3959d16de4ceae75a749100abdfda4d88ad8.xlsx,1.0
3f311311fd6233ce61a2700d5585e3bdafbf2c1148e279918956e33180491813.xls,1.0
benign_sample_2048.xlsx,0.0
f98ab4b6e09c1aa82a07a9354379706526d9098a122c6ac65554ab8c268157eb.xlsx,1.0
benign_sample_3307.xlsx,0.0
benign_sample_1481.xlsx,0.0
benign_sample_9684.xlsx,0.0
8fd048abbf5a1d4c04e5b1a8b8ad9374112b9f0202749bd9eca0cbe1cf18d924.xlsx,1.0
benign_sample_2441.xlsx,0.0
benign_sample_3467.xlsx,0.0
5043671044b08ea559649306d10725a67687869bf2ae4154f183131e2514773b.xls,1.0
fe7207021fa4f36ecf848c3ab15ab89104973dfe673cbbadf60972eed7a12c4e.xlsx,1.0
benign_sample_9539.xlsx,0.0
benign_sample_7670.xlsx,0.0
benign_sample_6588.xlsx,0.0
benign_sample_6925.xlsx,0.0
9bf7308720265cb1efc2b250252be7121b37b8bfe985f88ec7ad5b0e4f7e419b.xlsx,1.0
ff5b881a7bb1e1f11ce73c2c1305eadf8a63369531f19f57b961333ab450d2ce.xlsx,1.0
benign_sample_7044.xlsx,0.0
benign_sample_4315.xlsx,0.0
benign_sample_4753.xlsx,0.0
benign_sample_465.xlsx,0.0
benign_sample_4621.xlsx,0.0
benign_sample_5874.xlsx,0.0
c66eeeefc8d42e89d594154655e5674a348346ab98612f4753ecb58b52dba5b9.xlsx,1.0
benign_sample_6330.xlsx,0.0
benign_sample_3942.xlsx,0.0
b9acd2a234b9855d64a7c56056575b5e89e72c8d69f5d8f6b7dce186be80a93d.xlsx,1.0
acd54963300e5cf0eb82b38286ed45afc27e4b07053002f16cc2af865e0d3f6a.xls,1.0
benign_sample_2803.xlsx,0.0
benign_sample_4220.xlsx,0.0
benign_sample_5064.xlsx,0.0
226887298779c3a8d0fa9bfd764ca9d6a0296e911cc522c3553fdb7fdbe4d839.xls,1.0
1e8fa99d7c24879642321d4a1bd49d04ce9a5f83064b40ede8507324ed6115b1.xlsx,1.0
3cf157e6a20d23136058acb3f231e59edb0b5d298357a85672cf5322815fc6d0.xls,1.0
benign_sample_9825.xlsx,0.0
benign_sample_9319.xlsx,0.0
benign_sample_7623.xlsx,0.0
998e294f76e1d860605e7681bb4162f16d80d2739326a59fc3caf8eca6c2f66d.xlsx,1.0
14b036be104e99e316310d94ce652292c024f016bba1f3bfb069d53bba747f4a.xls,1.0
4c21e097f3a96116e2077ae90e2ab8eed4802b4046d1d65ac8a6d825831e7110.xlsx,1.0
benign_sample_9729.xlsx,0.0
benign_sample_6979.xlsx,0.0
benign_sample_1593.xlsx,0.0
benign_sample_1319.xlsx,0.0
6373778a0ee969fd8fa10f5af36c0f274a49972ef66246f443c297b4870ba9bb.xls,1.0
f12a9220246114b76d86519b74bfb90ae0974f8479457f318914128ce3df4290.xlsx,1.0
benign_sample_5622.xlsx,0.0
benign_sample_4665.xlsx,0.0
592924c1caed86ba8cad60c4e9a3e8eedc4ddf27f24c1796f84a9fe713f300a6.xlsx,1.0
4128d12b9faaaf459d9801c094215bb6116e4640e2dcebfad5c7a9c1a5f94f27.xlsx,1.0
benign_sample_5599.xlsx,0.0
4cf1d7272141cea23ebd711c501759c74ebd812619e98889cae6d3766b7e1286.xlsx,1.0
benign_sample_2446.xlsx,0.0
benign_sample_8108.xlsx,0.0
benign_sample_3754.xlsx,0.0
benign_sample_5439.xlsx,0.0
f6e1b51a6ed4e1969776f6892c5762bd5f259d2a1a7dd12582168fd8cad667ec.xlsx,1.0
1be514692fb9c0e8177c1bb599789600f2b60ec5f0ce7a120d8d7d97002a89ca.xls,1.0
e41862e6cf7c3206fe699b624046c6d3f7ecd59fce0ddca1aadcc87b30545949.xls,1.0
1f97713aeec15447900dc11afa75dc5de0f376daf5532efbe3003b50d2cad3c5.xlsx,1.0
benign_sample_9945.xlsx,0.0
benign_sample_717.xlsx,0.0
348075fdb491ffdba3faf658fad54b35122d2c52ff29ae2ab3bbf53f2a054e8d.xls,1.0
124745723b74fc19237fb080c475b4dfb39cd722d2fa75da7da0b4f5c8f0e487.xls,0.995
benign_sample_5548.xlsx,0.0
benign_sample_9015.xlsx,0.0
benign_sample_5587.xlsx,0.0
benign_sample_6120.xlsx,0.0
benign_sample_4059.xlsx,0.0
590635a0f8af5a0fb018d8b3420d7325c59bdcfea65111f60689a9e1fcabb10b.xlsx,1.0
f1f59fccdcdb61748766bc4533737698056a8531c02b8692ddff61a00290aa4a.xlsx,1.0
benign_sample_6611.xlsx,0.0
66ba212d804fda48526994efa6477e90b458e0226d8b0bd626db9ec196e262e7.xls,1.0
95320273ee1e3c3c39be781056cc8c866ee139c82922e6c04a103654f69c9d8c.xls,1.0
benign_sample_6720.xlsx,0.0
53c0f1c39bfd14e272987800ef423c7a5c1a007956a2b74312e28edecc6b86b8.xlsx,1.0
benign_sample_1371.xlsx,0.0
3753fcbfe8bb20773856b62f90710ed75c1faad97c0ba74aebdadaf88a31ac32.xlsx,1.0
benign_sample_5827.xlsx,0.0
64d5d6a68b2a96cf1a93d4c2e3b80dc6093fe07ce804cfafd2f5c01f73cf758e.xlsx,1.0
benign_sample_8502.xlsx,0.0
6ddb6746cee09a46fa029ff420a94524169b8eb6f3915166cd58885dc78a25e4.xlsx,1.0
5c8f3ebbb789a7d46450f4025070c3f7c087ffad3c6d97af2917323037769585.xlsx,1.0
benign_sample_1921.xlsx,0.0
benign_sample_1652.xlsx,0.0
3b04cc5e7b3c6fdb03f79d25faa040f8cb631df24269fae79548fb2b4ea9b9fe.xlsx,1.0
3cc2fa4352ee053b0ea3ab6be516cbd186bbabf454624ff456cf557901e68f48.xls,1.0
benign_sample_3375.xlsx,0.0
benign_sample_4291.xlsx,0.0
b81303fc3b5d1f294c591238ee0bfce4c15cdd1c9c38938d170ee13f97ab4c9f.xlsx,1.0
benign_sample_4015.xlsx,0.0
298c679602d7c13e4aec9c9245590cf02b81b0e6f95835536daf692f2a0aa872.xlsx,1.0
benign_sample_4304.xlsx,0.0
benign_sample_3212.xlsx,0.0
b82f15b6da7b303484eff04a7483030e22fbe5e047f081378d2ce299c1e95cf5.xls,1.0
ddec8c0c8eaedec78f1814ba1171759933ceb30fc25c170493a1ba1c30aa6a53.xlsx,1.0
d8567a9f7bc749ac4eda0741e4192ddae430457441e3b1b5bd40b5c8324d48a3.xlsx,1.0
eec5e92567c8f88fe806bb53d91768228e8430a6969e5d1367f6ff317b384be3.xlsx,1.0
ebd14cffb933d3174d0bb0d03af96eed716a239291076d6f6db4e5370f27fe13.xls,1.0
benign_sample_3400.xlsx,0.0
5dc23e71334c6d67ec1dd1f18dc6da0f8e513872e588d86c24358a778f3f7aa6.xlsx,1.0
benign_sample_5620.xlsx,0.0
benign_sample_7914.xlsx,0.0
benign_sample_2782.xlsx,0.0
481b03e6597c6d610d6f59b51efbe23940c223ab7a48846780e71a61c4984e7c.xls,1.0
benign_sample_5280.xlsx,0.0
benign_sample_3752.xlsx,0.0
6a531cc744b720dc6870de00878d844d31a78eebe6397ef2dc5e9c7b4d36343b.xlsx,1.0
benign_sample_4326.xlsx,0.0
b3bc47d3f42969b036304359710fc9feb8c30b586815498354ebaaf64c3f3b91.xlsx,1.0
benign_sample_5838.xlsx,0.0
ef3051814231d81799063aca3fde60ddbcd2b9e88f779e0a154c3998017d97f5.xls,1.0
benign_sample_2401.xlsx,0.0
benign_sample_638.xlsx,0.0
e4d344a84bf735782bca0a1c83ab061987b89f9186fe310d7aeae1aefd65bb9c.xlsx,1.0
3ffa393b5d98418f510ebfb9c67f7b6a911b15d4c35f2574a5f4f59f9feb3fdd.xlsx,1.0
benign_sample_8667.xlsx,0.0
576a53ef4d326441facf3c9f036bfaa27117d3ee208d52bee66289bbaeb069e5.xlsx,1.0
benign_sample_3453.xlsx,0.0
6ad9215c711acb7040c9e623daa922612e11d358023cf73a8bf98dd75161c3a8.xlsx,1.0
cf193094c0b1b98280d699091f5d4c704942a533af214d705e65deb9ad5561d1.xls,1.0
5b8e586f023a93c4eeae8fde11a42c207943f09247651f4a37545ae5ed108886.xlsx,1.0
benign_sample_7256.xlsx,0.0
09ab6cbe2e3f6ba90584b1d8ffb69d84135cf84c3a13400c8923d1ad36218c87.xlsx,1.0
c7028ee6e43853c9ea7ca29a53230ad1260aac3657d207c1ed8114735aa656b0.xlsx,1.0
benign_sample_5256.xlsx,0.0
bf9fb2bb41306b5183c1b3a37409b42c70f284cc0ecbac448d4c773063c8bf9a.xlsx,1.0
benign_sample_2993.xlsx,0.0
4f2b47c45fc9a138b611708a04f05ad19e3ac0e4fd4978afc11a0059ae6bb8b6.xlsx,1.0
benign_sample_2033.xlsx,0.0
e7edce010e77e4f231606cbb62b7d7ed48b650b8a0f0582d8cb15e5dba989511.xls,1.0
bbee5220ad645446ab5135120c40ea755db1615b9233bcebe5358a07a93d01d5.xls,1.0
ed7738cbdec9de32e44e058c593b1dd4eed4438c4599194862cecb3696a413da.xlsx,1.0
acf491fc16fdcb4e317bbab0ed2c3904bff907c6d4af56dbc45acc15dfa8a90b.xlsx,1.0
benign_sample_8040.xlsx,0.0
1e3a3a4bf1083910fdca5163c41f94e2fe74ef1c7ba016a45c7f0452f6017352.xlsx,1.0
7d58393a4d8a75ed891f8bc6e2e1bc6cecd0eefae56bac9f2cd802ce1b828d09.xlsx,1.0
benign_sample_5601.xlsx,0.0
benign_sample_3020.xlsx,0.0
bfd8b7979ac089180384639f6e9ed3e1f6f931fbabcc941f8c77585ddf93ccca.xlsx,1.0
benign_sample_8392.xlsx,0.0
benign_sample_2864.xlsx,0.0
benign_sample_7833.xlsx,0.0
aa1fdbbf8344407f54cd0a6f9ca3cab2112d6fbb9278333373c577308df4333e.xlsx,0.975
8168f6d79d5162697bfc4cd9f2afa8d08119f01af170cb44979d03d858020da1.xlsx,0.975
benign_sample_7317.xlsx,0.0
benign_sample_2590.xlsx,0.0
benign_sample_125.xlsx,0.0
benign_sample_8409.xlsx,0.0
bf8273aa68c8c0cb2365fb9f72ad3dd22a08fe12ed276d72e8eb16b5752a8426.xlsx,1.0
benign_sample_3183.xlsx,0.0
8c6d177bf7ee03b7c41c1920b60068b8a33132d18e102fc8b333c385205c73db.xlsx,1.0
5f4e4fbde7ed003dc34954ee301977f697de1cd2d52beafd898023797ab47255.xlsx,1.0
7f536044fda3b3c0ba2f96376925710b343c87e16c822ca7f5e867b06e43ef1d.xlsx,1.0
a0ee31f222f7b6b4967878a34cd525ff2ad33a817d0d8aeb0064562cdb568fd6.xlsx,1.0
ec525c39ad25d59ac4ac1f1de75dca892bfda29514701e4bf109f00894895fa5.xlsx,1.0
493e65e748378be4ab7d2989d41c7d362ca34da30ed0de68717b59d3591a28c2.xlsx,1.0
benign_sample_4968.xlsx,0.0
dc5201f30f5b0e4236d6c0b973bef331075594aefa4b52db646ee9a151d5f067.xlsx,1.0
1e9e9f2e31c4b71ccaeb943fdb21922c8f658a2c9218eb7062ea2224cff1a6b1.xlsx,1.0
8eca793a3f17ed76923c1b9c9717cd0efc8396bf0c12c84eea977bde485c5307.xlsx,1.0
f859ddd9b0a93ab88c58c9b767a5533a9b5477dde42456f2c946ea5d06072fb0.xlsx,1.0
70ff9d0a798477d646bdbd29e93c229aac3b7ece21ec9c771d1e61a0f6c906fc.xlsx,1.0
benign_sample_8386.xlsx,0.0
benign_sample_3448.xlsx,0.0
7f4e3e1ae59ea33ffee083388824eaac64b410888ae82a9fdfc70356130875a9.xlsx,1.0
bb6a37fff305f74964586b088a31944293b8198dbec09c061767f99cfdee5b86.xlsx,1.0
benign_sample_7.xlsx,0.0
benign_sample_5695.xlsx,0.0
benign_sample_6577.xlsx,0.0
benign_sample_7450.xlsx,0.0
9e78d6dc74b334eb5028dc17bee0a1a27fe2636eeefce10ba2adc3244ac9de2b.xlsx,1.0
benign_sample_9186.xlsx,0.0
benign_sample_6861.xlsx,0.0
benign_sample_6029.xlsx,0.0
benign_sample_8095.xlsx,0.0
benign_sample_9393.xlsx,0.0
282a79b98e5858784d4960951684024a758f49316395da2b8a1b5e4e23411201.xls,1.0
7f540cecb4e67e8b9fe0374fd17211d3283bd2bf002fcf23a56655981b1b0339.xlsx,1.0
665ed6ba4d710d176ff7c3d42b178201490eadb9a7b85bd42cc6856be2515d4e.xlsx,1.0
benign_sample_3822.xlsx,0.0
benign_sample_2488.xlsx,0.0
benign_sample_5771.xlsx,0.0
19171d03a309e317aca3c4ba13a799ddfe2a4150bbecd574353c831355d19848.xlsx,1.0
c140da64d24afe10f3e320623c52d858e5a9fd6625988442837551b661432318.xlsx,1.0
329cd81a2ee3d77161ea1c440d8797db306c2161873d5e2840a8ae1b50630f79.xlsx,1.0
benign_sample_933.xlsx,0.0
benign_sample_1396.xlsx,0.0
ec29fd04ab1aa54267cadf791b3bb097b6351a52cc1a75c77e1760b82d251558.xls,1.0
benign_sample_7314.xlsx,0.0
a21c69f822fbbd5a2f69bd2898f1abfe4283f7107bfb73e3d90f0c735c82bd6d.xlsx,1.0
76754176d1c4b97ca52926a100c5873b4565b3a1768064caa3c60e5140c5b541.xls,1.0
89d560fee3792cb382b3cc5bf1c5ee92df1bc83eea66aa320a3f5516bc97052a.xls,1.0
benign_sample_2501.xlsx,0.0
491daf6f08a73818f42cf275b0d5010133a404a41c41149fe50c7e54e9913d49.xls,1.0
benign_sample_8985.xlsx,0.0
benign_sample_815.xlsx,0.0
0d6c79a8f0658981ed91f5d28201aef0cb7a8dba2695931bc4de033ad29857dc.xls,1.0
benign_sample_1531.xlsx,0.0
benign_sample_5083.xlsx,0.0
benign_sample_7495.xlsx,0.0
benign_sample_1030.xlsx,0.0
02f9914cecbbf3bcfe560752f1edd1fce16d5a29cd39afa26a3865e4a0ff9c47.xlsx,1.0
benign_sample_4672.xlsx,0.0
benign_sample_1722.xlsx,0.0
e1c354af6395c1b8215aec4f4556caff9ece4516f718603b4a9bd1cfb18bfe10.xls,1.0
benign_sample_5908.xlsx,0.0
657f3c788818b9fe47593dbd5e879c3b412c0708e92cdf2605cbc1ff3ddd9194.xls,1.0
benign_sample_2004.xlsx,0.0
benign_sample_5604.xlsx,0.0
b0655ae39105d4ff06f8d8c5ed1c81a3e9475e287e36ea155045a367d3c9e002.xls,1.0
fc6714d05fc42d63c016fbc711d2be366a51ec3223a78660a7ddb6700fb23b4a.xlsx,1.0
benign_sample_8641.xlsx,0.0
benign_sample_6837.xlsx,0.0
9805a0ba22152940ab7dd8fba679fe1c7a4d1cbc6589ba531a1d5d7e74fa95c8.xlsx,1.0
d0c87e3ca7bc1c855d54af2d207a85f512b1187635a382d5c2cd7b4cb47feb4e.xlsx,1.0
465edc301b615d56b9f279fef094ef4cc073a19103ee8bd7cacd2b8a904074e0.xls,1.0
benign_sample_7026.xlsx,0.0
benign_sample_2617.xlsx,0.0
c5ea10cbbef73b3bf491822d33820150bce810c7782bfcb3df2680ef252eda24.xls,1.0
f59a95b9f439aee8392951a912b80a1e2c59f553d9668f06705e274590de6696.xlsx,0.54
benign_sample_1678.xlsx,0.0
benign_sample_8908.xlsx,0.0
7550a2a99fe2768446351c653515cda693fc4978cdb437177efcc2133117efbc.xlsx,1.0
benign_sample_702.xlsx,0.0
benign_sample_4289.xlsx,0.0
e7762fab3e17b25542d5d40d6f0b52e6f86c9f99aa04317ca8673f43302fbe58.xlsx,1.0
0f5a0717cf23beef8e71234d13cc6d9c0f0ca9ccf3ebaab1628eb29286186558.xlsx,1.0
benign_sample_6931.xlsx,0.0
benign_sample_2313.xlsx,0.0
6f1cd74a139438866c9b0572a67060d8da2bd84f52f80f1f9890b84feb1e1271.xls,1.0
benign_sample_9603.xlsx,0.0
benign_sample_4966.xlsx,0.0
e3e8734b6c469b65527eae4d41f69c97dd670d2711cfbdf3cb12e82dc9cc81f8.xlsx,1.0
benign_sample_2028.xlsx,0.0
3dcb810f14a87f0a7d2afabc3c58d6f4da3332ba8fbb010028ddc9fd4410b69b.xlsx,1.0
benign_sample_8394.xlsx,0.0
benign_sample_6030.xlsx,0.0
benign_sample_8530.xlsx,0.0
benign_sample_3432.xlsx,0.0
benign_sample_8967.xlsx,0.0
benign_sample_8316.xlsx,0.0
e111c0a498db47ab1d0eb55dac2be6c6715c4b4f78977e22e17e1442b0cb97d9.xlsx,1.0
benign_sample_1521.xlsx,0.0
benign_sample_6327.xlsx,0.0
benign_sample_8859.xlsx,0.0
benign_sample_7720.xlsx,0.0
5c9381ac666a1efaf571d68b94e1e354d25e2cac64d03c4ee44f6b9396b0e55b.xlsx,1.0
b1561d6057f805c76e72f05c292c7a96eda7891a29444893c5047210dc86ed36.xlsx,1.0
01e64191a33ede89281285b9e46c3df04c9a221836d888a5be11c079c8098d9b.xls,1.0
benign_sample_3846.xlsx,0.0
b37117cc269557c0e2b9390792bbcad2ddc951ed07892f7b424cefd2eae73ba6.xlsx,1.0
benign_sample_7901.xlsx,0.0
82cfefb7929ac0d7045b0939dd4fc17d0d994223db14f12cbf30c667a67cf31c.xlsx,1.0
benign_sample_4712.xlsx,0.0
benign_sample_2896.xlsx,0.0
benign_sample_9781.xlsx,0.0
c05bfba0aa9fe40a2806a3234fbbe26516a58f8f7682bc8ea9e85d85da3bc860.xlsx,1.0
benign_sample_668.xlsx,0.0
benign_sample_5428.xlsx,0.0
7213b2d43c4873a4b5c2a861ae6776358819c555fa698495a2173609d25ac5ab.xlsx,1.0
8c86faf2875b1b94de7948f687cb80cf50d71f93f3f23262f8203e7d1e141b43.xlsx,1.0
6a2106420fea98b42643b935808c92d8791aef9171eff14e5575f2712b251edd.xlsx,1.0
c91c4ee65be8d0fa828bde7d69c0f5c2c32a09828c98cf6170151ffb3cc17fa6.xls,1.0
6629f8a21829490945d20f755c2d2ee38b94d9d52f050402861c88e9e82c0361.xlsx,1.0
benign_sample_386.xlsx,0.0
7483fb5495e3886d9e1504713b64a67e8dc5411fe135dda344fb3f58ae872c2e.xls,1.0
da3113d2e04ed3e8b67edfcf180d7b665c6f078bf9383b910b8222b14c9ce2a1.xlsx,1.0
36356eaf8cac9043ca8b43dec4a420755ae26b40d8ac84d84197e9973bb8da92.xls,1.0
c939e84ba2220da869470cf618b2a9f05ac697faae070938431df8efd425f974.xls,1.0
benign_sample_9333.xlsx,0.0
530b3f56f21077f475184074b4c035aff054cadd1d91e0b0106f0a38c024c4fb.xls,1.0
17a5e61895d2d36f3fb5579b0a00df00abe32c1264bd71196d1db5da9fb48e90.xlsx,1.0
00550bf506284ff979eb20ece25f7361750431596f8755970bde87f3157b8b9d.xlsx,1.0
benign_sample_5796.xlsx,0.0
benign_sample_9812.xlsx,0.0
5df29651a4119f456a983318f6cf5f5d15aa9751ff9f723c6b710ead9d01c7ac.xlsx,1.0
benign_sample_4122.xlsx,0.0
23b280242da6fb79f7c6f0d82ebc8fc5c45786965f54ee12f1ee450a1627795c.xlsx,1.0
benign_sample_7529.xlsx,0.0
benign_sample_712.xlsx,0.0
4470dab11a247884b13a382e184f7e9c4163efc3a1e6f3b88e039a756be30018.xlsx,1.0
benign_sample_234.xlsx,0.0
dbb9b1dff45c110189b9a553a73457e2143173cfa0ae82ffa176d490b2c33212.xlsx,1.0
benign_sample_4987.xlsx,0.0
benign_sample_4642.xlsx,0.0
benign_sample_9235.xlsx,0.0
730ed1ff68ceaecd5109012c52cc199009033a69f0a070a1d086f920055b6771.xlsx,1.0
benign_sample_2766.xlsx,0.0
benign_sample_2356.xlsx,0.0
0a8882390a1ff6303e7bd094b0a856ecab5fab59194163d68f58be335b4c8109.xlsx,1.0
benign_sample_5963.xlsx,0.0
benign_sample_5330.xlsx,0.0
45be1f2c7f3296c1c7ec087662bae3ee76b2faa58aae80e94642e2c33a631d59.xlsx,1.0
0643ca25912f84c28cab31e7a98c45ce7e6898c599d2861ce458e0dc882281b7.xlsx,1.0
benign_sample_8156.xlsx,0.0
benign_sample_8114.xlsx,0.0
benign_sample_5268.xlsx,0.0
44152f19bd27bc8f7d732fe2e7f68e7980ed40cc288c980dd66dca8605fa2e1f.xlsx,1.0
benign_sample_2341.xlsx,0.0
cbb105e594ae0bb4ba6250fa8d2053205b8b33c18bbf0bf8c37b0284470639ac.xlsx,1.0
1d209bd5d658860836f3479a7cf2a479bba8c9987f6d292a41b6b316c0cada39.xls,1.0
03a8d024c822cc8712ee92992a059f5ca6e09b4e087b3444c0474f0c34c3b7cc.xls,1.0
benign_sample_4998.xlsx,0.0
a4b897caab7668255e8c84808b12e4aad213b800fe87dec34ced3853cf3d2bb2.xlsx,1.0
benign_sample_362.xlsx,0.0
benign_sample_450.xlsx,0.0
9acc54c9317e6ed683395da9cd81bf40574afcfbc580b2bd966710fd8a92a5fb.xls,1.0
102871dcfed05b83c7e9807aaafdd0120c72e83b1286d58cf9de9e3dca21adc9.xlsx,1.0
benign_sample_5239.xlsx,0.0
3f7dce77eb0dc3f452f0e5e3ab6650aaa277b335d5267c8a4a786d9b50866d35.xlsx,1.0
benign_sample_4675.xlsx,0.0
d64b47622bffae7d9932dba1c92712cf31ff72cc511d6e171e66d8cbe96eede6.xlsx,1.0
8c9edcf241f42202e0be566ca9631f8836849b57328329e36166f9cfe6be312f.xlsx,1.0
c2b0f53433d37ce252b1dcef0fae4932e1c4cb4e196ee08a5870d2d43070fdc5.xls,1.0
benign_sample_3204.xlsx,0.0
b8e39a80c58b7bfe21d4a9cc695128aa1b3066e3f85a2138fcacdc4fd96403a2.xls,1.0
60a1b557ed9a62f7376a19b9d99515d32b0fae0e271004b404a7b2f958a7cd21.xlsx,1.0
16bf391e9ac9eb84cffa973540766efbfb8ba80333a00c2234c94a080037c28c.xlsx,1.0
benign_sample_7913.xlsx,0.0
2bcb21b3a77673ba853b040937faeca6e6dbd4b09a32393e9e1132d8b23594e5.xlsx,1.0
555d5d82bd596542d88df00a74344d09915620f018f49ee0fe13d889717995f7.xlsx,1.0
benign_sample_9188.xlsx,0.0
benign_sample_8504.xlsx,0.0
benign_sample_9260.xlsx,0.0
benign_sample_5722.xlsx,0.0
ba61734577ec78d7db67cf437e07ff13ef30cb5332f91ab4fbf110587382bfb2.xlsx,1.0
f91aa9407c191c1adf33a3bdd9549bf45e7dbc246b807cedf54e555f47e3476f.xlsx,1.0
90ef0701b1b0b9095c424824b6e2b5dc99ac784dacdeeeb40c0c6a4583933a0d.xls,1.0
c83f4a7f4e69be216d44495161832e99c666920456860ed60d144d9069ddb648.xls,1.0
benign_sample_5952.xlsx,0.0
benign_sample_2244.xlsx,0.0
benign_sample_8630.xlsx,0.0
benign_sample_2627.xlsx,0.0
2e7c6b9eef00daba7e9bdb8355cdb71278645579f64a892c79e0d57892766681.xlsx,1.0
201d138a89869f089570a87b5a0722efc102c7ed6b4ede187bb2e817e2d9c568.xls,1.0
e492d8569ffa95903e65e33992c6e5d9f17c3b73d91027d6d1ef2ea88d8ccf34.xlsx,1.0
benign_sample_516.xlsx,0.0
3eb668ea2da7b409d195c9f88f45e2ef6292d757f633a9886f963f7b2c08f5e2.xlsx,1.0
995b33d502489007d63864600fe2f1abee93526cfc517f70a7cd6086c1a4049f.xlsx,1.0
benign_sample_233.xlsx,0.0
benign_sample_1000.xlsx,0.0
benign_sample_3355.xlsx,0.0
benign_sample_6045.xlsx,0.0
benign_sample_9811.xlsx,0.0
benign_sample_1720.xlsx,0.0
3f45ec92fb57e41ef393e1c24a83987e992470ab946f153e07e1fc344750d153.xls,1.0
benign_sample_5765.xlsx,0.0
45cd1ac0eeab077f4a9cdd3a57333dad3b59cfede1fc5b03a60af451449e6b30.xlsx,1.0
ec94620321bc2590890d2c9b53e6c8f424c7e536c1f89d54909c92e5597c930c.xlsx,1.0
a254452582f30fa6aa95ca5debdd41aa9cb7d1a4a774130ea69c0ba792823896.xls,1.0
b95fa8f8b8ae3007e8c95e643d1ae4c4a476d30d7f01fdab4c26f9119776439a.xls,1.0
benign_sample_1145.xlsx,0.0
968472b2fc674dfe853ed10b28a789b239a28acff4621c67e78926c76d8bbf68.xlsx,1.0
benign_sample_6747.xlsx,0.0
benign_sample_3318.xlsx,0.055
benign_sample_4205.xlsx,0.0
2d5f11f4d54ad353f1d776d14215f7bb63479669965d9b678f037c7cb966bde5.xlsx,1.0
benign_sample_7085.xlsx,0.0
benign_sample_5648.xlsx,0.0
d442d0c827ee9b0b137db48066141b4173a70744479e2a1d2b2dfb92fddd4abc.xls,1.0
benign_sample_4962.xlsx,0.0
69731f00afe7845006edfcc160684a7104b00c461bebaa23b5821504f167ca9c.xlsx,1.0
32d6d82e0c329f100897096be371b4fe4d9bdca05a0f353bb72a8ff3b9c1e005.xlsx,1.0
650eb12a21a9ab6b9a3063f366e59066f12040cad0ff5967b028d9c199abc955.xls,0.97
579345cf974eacc370d6393eff16fe93a8f4dc876bf9aa952aa50f6ac316448a.xlsx,1.0
benign_sample_6505.xlsx,0.0
benign_sample_8300.xlsx,0.0
benign_sample_4238.xlsx,0.0
1c281b6303810208bae5d4f36edc3873f761b3ffc629cc4b3723f91c79459687.xls,1.0
benign_sample_8830.xlsx,0.0
a646738aacec840fd0a31b8f6fddc1f6e1cc0bffe2648c1b5e13389a428e22b7.xls,1.0
benign_sample_78.xlsx,0.0
benign_sample_5323.xlsx,0.0
benign_sample_9934.xlsx,0.0
benign_sample_6944.xlsx,0.0
benign_sample_1537.xlsx,0.0
21068b858028bc5d7958bf3cbf0c013239b4d93d889fc56fc43eb9d60effa17e.xls,1.0
21423d202df72cbfc2633af358bff81380cd2be531279debcaa665a3dc36b265.xlsx,0.98
benign_sample_2069.xlsx,0.0
benign_sample_3353.xlsx,0.0
f70c775b63b1e234aff6461468226480bbbf658591c6b5175658ebbdad6c3340.xlsx,1.0
a15a81ad32a1f2abff269d520c13f8815623240f879174d1da2765367f79918f.xlsx,1.0
benign_sample_385.xlsx,0.0
benign_sample_9420.xlsx,0.0
benign_sample_4014.xlsx,0.0
33005241b5867cf89969cf4980a1901cdda48fc967297d85f68e6417eafc0e11.xlsx,1.0
4015e22eb965e9c1ba13a24eeeb905cd65b975072fa0b657df17fd27caed6b1c.xlsx,1.0
benign_sample_3100.xlsx,0.0
9ecd149959f91eaac26115a8db98745e0f286989ff2944e3f471156042d3b11b.xlsx,1.0
benign_sample_7017.xlsx,0.0
benign_sample_3802.xlsx,0.0
a032f0a4a8bb98cfaff6ff5868d01a1c89c465f194e3fa82940a89ab5b992f50.xlsx,1.0
efeed523859d81083307c7ede48a25cae675055a529b33d8aa19935ec24c3f95.xlsx,1.0
2a6885a73de2403b004b372e25667f7c01e7ce0203b4420a9b383df02b9216ce.xls,1.0
499f869b93aa412fa94d8a58eb5e72f1041bd41166bd33c5890daab3bbe6b4b0.xlsx,1.0
475822d080763f70c7018c25527bce215092e2d9f7ad6038e6f9d0849e03b515.xls,1.0
benign_sample_6897.xlsx,0.0
b9deb45907e8d6afc39ce299a7c6eb8110d00d8493ed043eba3a5bf242837748.xlsx,1.0
benign_sample_7724.xlsx,0.0
benign_sample_9313.xlsx,0.0
benign_sample_4449.xlsx,0.0
benign_sample_9988.xlsx,0.0
b930c5fa0d3ad72f8f2864f9b0865a3e12731b2b062f24c131a0a5fd0cadaa68.xlsx,1.0
benign_sample_785.xlsx,0.0
d969f158cd072378c667fe7ccfe94ac88ca2571c04ea4032062ab601700c6312.xlsx,1.0
34d876256f2fc82df6de3c7a5c2cff709723fae2e0317d0c2451a95ca38ee9d9.xlsx,1.0
benign_sample_7047.xlsx,0.0
benign_sample_80.xlsx,0.0
07de4f8478c2c976eef251c2bd5f58cc4aca0f68b536a1fdc36f225341e7ca0a.xlsx,1.0
78fc6e02ed8b715bf93cbcbfcc6c663341e772e15bea06ec44a6e79404d0cb6b.xls,1.0
24a6e73e6276599b28499b433f14709a677a82ba24d46e0ec0f53e85ef20b644.xls,1.0
benign_sample_9827.xlsx,0.0
benign_sample_6373.xlsx,0.0
benign_sample_300.xlsx,0.0
benign_sample_4154.xlsx,0.0
865b286401b24700679715eb2572a3b8f49739e47d4f3f9750c28878d194b902.xlsx,1.0
benign_sample_9519.xlsx,0.0
benign_sample_4620.xlsx,0.0
benign_sample_6571.xlsx,0.0
benign_sample_9384.xlsx,0.0
bed210e24eb758d50ba57a168b84963a22f7e96161bb81d2f859dbc25dbcaa1e.xlsx,1.0
57cd2813ec18ee80c1b034ed2b8f3fd3193e57935bbc8f66413903116bbd2845.xlsx,1.0
benign_sample_6886.xlsx,0.0
4b581268f6b91a41293043b04f2ffdbb7498ab2390ccc7a253731f434cd4fffc.xls,1.0
benign_sample_8773.xlsx,0.0
benign_sample_4362.xlsx,0.0
b0690cdf7bfd6f7fc60b278269b018dac69e237c9887aa2a8b1a2f3dc92128ee.xls,1.0
benign_sample_7943.xlsx,0.0
1fc39f603daa6ca854038f47ff8277134ba01fbce6c61067eabec335970af84e.xls,1.0
benign_sample_2997.xlsx,0.0
benign_sample_9558.xlsx,0.0
e1890dc28d56e185e93a37e7a7ffc30c6a681f45f37cd366e4964643333c1983.xlsx,1.0
d86c329890b3d00d32828f203ce8b6db2e75c561745102bf4252cd0b976feb35.xlsx,1.0
benign_sample_7473.xlsx,0.0
50f3beedad39312761c7078aca103c9126553383925cabcb7ac4b6a2332748fe.xlsx,1.0
benign_sample_2971.xlsx,0.0
benign_sample_8532.xlsx,0.0
benign_sample_8947.xlsx,0.0
benign_sample_8273.xlsx,0.0
631d5ac8358a08b961ddfbaf096ac7798b3c2aaaf40b5b9adc679775ebadfe43.xlsx,1.0
0448325f41fce55dfc8736ab4ffa32ca8161f2089b6978426cce7064a8469ed8.xlsx,1.0
309d9d1c0d5bd6964f0e28a4b22e0dbe0aafd97a13700afddb288be2a2a81b4c.xls,1.0
benign_sample_5978.xlsx,0.0
aa0134ad7af8d9dd86b67da52166a465d84107f7a54c672061bfc3db7af87132.xls,1.0
benign_sample_400.xlsx,0.0
benign_sample_3740.xlsx,0.0
benign_sample_9751.xlsx,0.0
708fadb0f62f09a6f6994e20e8d6856d96988c26831e580c363b76b12e4713e4.xlsx,1.0
benign_sample_2061.xlsx,0.0
7c453be3ea20338e668094e116fa3078a5c0e91bff9520e215cbdf5fb55d2bf3.xlsx,1.0
benign_sample_6300.xlsx,0.0
benign_sample_4418.xlsx,0.0
5b35ee161073781a71c51ddf6416fdfca862887d5dfd4e22d2914c816dc32093.xls,1.0
6d3ca418bf36e05a091134fa02a9ba1bc1968bb21322818a5032c1e3e3a71a4c.xlsx,1.0
benign_sample_6434.xlsx,0.0
204444ba9e50f16873a7da65ef2ec28e5aeea4440fceb9670262cf955a0fa191.xls,1.0
benign_sample_4733.xlsx,0.0
1ee992734ba17c72636984122b916b5fc8a74b901ef236dec0aa452aa4040e4d.xlsx,1.0
0ee5523cc3b15bb2e3fb772fdbf00295cdd116474c53a19cbb7146bcbf812901.xlsx,1.0
fb10b2fc2fa83904047bd82e6e7ec80c4997f96a24cc3cc06f837d96a49149ef.xlsx,1.0
03b82c922cc5678dc96ec9c4f0e695b85c04ce2fc5615849af14ffff0bf0cf30.xlsx,1.0
benign_sample_4575.xlsx,0.0
benign_sample_9018.xlsx,0.0
benign_sample_3762.xlsx,0.0
benign_sample_8412.xlsx,0.0
cedb89093bb4ce62d7b3be5ad96358512b821e2874b42873590fa4eaab08e72a.xls,1.0
benign_sample_1496.xlsx,0.0
e123fa2abf1a2f12af9f1828b317d486d1df63aff801d591c5e939eb06eb4cfc.xls,0.54
93bb5ffd7096d212388dbaaf8d0a961c5cc6bee4295e81d0c13d1db9b8d39eb1.xls,1.0
df35aa94111baee3fa0761fa3d2186f6b50589049a932576a37771dc69e35eaf.xlsx,1.0
42d50eca7bd9e97f1fcaf6a4016d18addef623847a8692e994a60a94417de58a.xlsx,1.0
benign_sample_1803.xlsx,0.0
benign_sample_6507.xlsx,0.0
benign_sample_5479.xlsx,0.0
949cf521850c59e709835b7c5b97f795b0fdd2beffe09f70fa73d4d63aa8c987.xlsx,1.0
f61ec0b0ab944e49c42732d4ceb6ca50ec41b84ef0e78d3bb1cbefe709d5ef95.xlsx,1.0
59cd9dc7a9c2bc5f4d00c69e28c55d6622f8792fe87b016549c30e76736e3b58.xlsx,1.0
benign_sample_6423.xlsx,0.0
benign_sample_5730.xlsx,0.0
e2be2d569f24db646f5d168ba6ffbf1236c0b71bd3c0e0b2b249fe5e88c7509d.xls,1.0
099f39609d840cb815eb282110dd40dc56aaf49530c0aa7e50b3686b90c492b0.xlsx,1.0
f99c91d40458ac6fa9dbcf1cb123b0dd38e138d4d5cd7f358e3f9eb013847637.xls,1.0
benign_sample_2749.xlsx,0.0
f22ecc2b3574f42340051664ee3512c69ca9741684aeb52cddd89a9bf02aa9a2.xls,1.0
benign_sample_924.xlsx,0.005
benign_sample_7479.xlsx,0.0
092445a144289e58dc6ea7fcd95e4b385d0089090b1d2d2a3dd3af5d51a06d90.xlsx,0.965
fb19459fc58de1285b1bdcd9df79704e907f922d37ba2756e66cbbf70ec7c126.xlsx,1.0
4220a03998392e01ed5df37803ca21c7a6466cec21ecb20d4613cc310744a54c.xlsx,1.0
benign_sample_391.xlsx,0.0
9d31b56bd04b92d9b77d62f7bd681d9293b5d1367d06ea7545bc94cea024e30a.xlsx,1.0
b96a90e3c7fbce44e3eda334fece922ff05666acd08678d7e6e45a9282af458a.xlsx,1.0
benign_sample_1044.xlsx,0.0
benign_sample_5918.xlsx,0.0
benign_sample_1729.xlsx,0.0
benign_sample_2372.xlsx,0.0
c04d207a2b224add2542bb43ef4eb512b1bb4375032a9ae515504855b763c443.xlsx,1.0
4c948441a8c0a05ad24a0298931d045bf30313d46326f00d1e46a13fad4f662a.xls,1.0
8189922af148d593c5ca0a7c8ce9a2d9d511446d6f2340b1ed7b9eb1021453ad.xls,1.0
benign_sample_9325.xlsx,0.0
benign_sample_3499.xlsx,0.0
010c078d3dc4e100cdc38a033edf52dfd70bf098c0d471be563de6dece5dc6d1.xlsx,1.0
benign_sample_6589.xlsx,0.0
9e14c805451ef7ea95acb39ab8b3788db2ddd59609aae6c653a7f7137753c3af.xlsx,1.0
benign_sample_4630.xlsx,0.0
a9263f30fe818945fcdc5cbef781400058e012b1605efb63d1d4e4a432d41160.xls,0.975
f86e4b9ca55fc2c5e4a116314a56c30ecafed583ffcc7dfadf6358aa3d310cf5.xlsx,1.0
5043680a8fc9f7e30db128e6072ed4791863b3076c02e5e59617df206f99c389.xlsx,1.0
4209335df402c33ee8e988161ad26801382db9d0ccd9e302fc8db9ed0164056e.xlsx,1.0
b75d2ed8456bae9da6ef8459d34eff37b459dbb132d91cf7f239c4a07d344f78.xls,1.0
3bab2e9fa3e82b30c7531368db896f8f47916bbe52b29e285e83b8779eac34a9.xls,1.0
a1838d9930da1b56b7c20a572bca0762f80fcbe63ac26245979433eb9570aea2.xls,1.0
benign_sample_9728.xlsx,0.0
benign_sample_5451.xlsx,0.0
abcd610b4e78486f58b25badfba914cbfe59aef73af54b6d6fcb985ad7101314.xlsx,1.0
benign_sample_6298.xlsx,0.0
benign_sample_9783.xlsx,0.0
benign_sample_8011.xlsx,0.0
benign_sample_3391.xlsx,0.0
benign_sample_1908.xlsx,0.0
benign_sample_8321.xlsx,0.0
a96bec008a4cf0dfe19d2e1dcec9584ae24bcfa28d1112983d351f28db63da10.xlsx,1.0
benign_sample_2536.xlsx,0.0
a4cd8c804368eebf6c93bd4b306877fe6a562d2bee14dee5520c7488978defbf.xlsx,1.0
benign_sample_6406.xlsx,0.0
benign_sample_6537.xlsx,0.0
benign_sample_4012.xlsx,0.0
8051c7a3aa2a06e37a0b288bf688ae29d3ed5bb085339b410fa0795b0e7d8f2b.xlsx,1.0
93ef5896597de000c118b5c416af93afaac04629375ecc52bfdb6de460526972.xls,1.0
benign_sample_3692.xlsx,0.0
benign_sample_6729.xlsx,0.0
benign_sample_2034.xlsx,0.0
benign_sample_3207.xlsx,0.0
646b555bd3ce6d1573bb3579016d57a8eecc2f8328ef768b13a17ad6c4c91011.xlsx,1.0
037b6ead02822517a347554d0877e4d80f44ffb51bf5faf85cbc122bb9070d85.xlsx,1.0
3c077a8859d90933aece6c25430591471ac853f7af07fb24d61a0f570e5a0f36.xls,1.0
058f69cee7ce83581ef3e2d4ae3b3363f2d57b0f615e3f41f66700329e6b4fb3.xlsx,1.0
benign_sample_1673.xlsx,0.0
benign_sample_2393.xlsx,0.0
benign_sample_5519.xlsx,0.0
benign_sample_8096.xlsx,0.0
benign_sample_2306.xlsx,0.0
benign_sample_1403.xlsx,0.0
benign_sample_7267.xlsx,0.0
1a0a6162e318c913f890229338ef1b596c69d44014fddd800623a2fbf202b3a0.xlsx,1.0
benign_sample_1346.xlsx,0.0
benign_sample_9303.xlsx,0.0
benign_sample_2840.xlsx,0.0
736150b3ac923c51aa47c4c27eb2e02d991e3bab824879f353bed36baba600de.xlsx,1.0
benign_sample_264.xlsx,0.0
benign_sample_4978.xlsx,0.0
benign_sample_6790.xlsx,0.0
benign_sample_4230.xlsx,0.0
b57f0cf823a48a3091b4e63690e2d2eed9a9b28ad6db3a31b6b1348d90a5de23.xlsx,1.0
62bb4d89d905a988f154fcb9bd60a376cca42c1343e03b03a897d039eb8d4036.xlsx,1.0
benign_sample_6619.xlsx,0.0
benign_sample_6010.xlsx,0.0
aaa15e90e9bb12fae4b2e72b32897244c2ef286adc0e58d7570de362b8c342b1.xlsx,1.0
benign_sample_2361.xlsx,0.0
874f6566632ca9197489e21c95ba6d970cacebb820d1123fb685dd6a4daec5c9.xlsx,1.0
807fdd9b7eedcc9c31e4f21340d5806efd0e8648ceccc149701e174404871f5c.xlsx,1.0
benign_sample_1436.xlsx,0.0
66bb069247d42bd82f7adac7b09bbb24ce7e8427c3a01e8c7133f272869a9309.xls,1.0
benign_sample_7182.xlsx,0.0
ba2ed44259182968016648cea1a4655945a5843c34decc50cbfd2e2759a36278.xlsx,1.0
benign_sample_4204.xlsx,0.0
benign_sample_7783.xlsx,0.0
benign_sample_6275.xlsx,0.0
benign_sample_293.xlsx,0.0
benign_sample_3192.xlsx,0.0
ec7af7dc4327f5fe181ddd348cc7044c8ea94a1c81f2fa1ab5a5bc7806c83b3d.xlsx,1.0
65cb61155f04597306d3d063ed292605790a5dca2c616422756b23ef4d5c18df.xlsx,1.0
benign_sample_6984.xlsx,0.0
60775728f58b52c2d8e588412229d81fcf6a17565e9fd36e6bfeab488ac15477.xlsx,1.0
8f4583243d18f3003ba31cc657ac20d53a641fd642c721a5ff969a1cf2bc5b21.xls,1.0
benign_sample_8281.xlsx,0.0
benign_sample_9872.xlsx,0.0
343513fbd6880d9eb987e5115dc5b3b44dc455635d22c7c1dba38e7bd6beadf1.xlsx,1.0
460099102d1724718ea1145088f235ef46977576f9dffc0c40b96d236f13d176.xlsx,1.0
498e7ccca53ea1c4a96b01a5696b7b033b5a89e0ecceadd5da6b8dfcd06888db.xls,1.0
benign_sample_531.xlsx,0.0
767de19edc2e837e5472727ccb506020e3c5950087ddadee8b147e4e11f9faf5.xls,1.0
615a766ab51427a2d02af8ed1e4c262f0bccbb24c9b2ca890cb4760eb15ea241.xlsx,1.0
aae2cf00546070edda9898e8439236bb06001d46d2649d8a859a5952bb5229dd.xlsx,1.0
295de4cfdf908926a4ca63e58745b1fb55b0a6feef0c464e166152f8f4757b6f.xls,1.0
benign_sample_2540.xlsx,0.0
401118999eddfee8e242908690a48ad14f333ab18fd9c104833d29fdb8ca4b28.xls,1.0
benign_sample_9269.xlsx,0.0
benign_sample_6205.xlsx,0.005
benign_sample_8245.xlsx,0.0
benign_sample_5839.xlsx,0.0
ee1e81fcd5e336fd2d19cc9eb0a5a8f796613f387b1b7216106d7130da0ea3cf.xlsx,1.0
benign_sample_746.xlsx,0.0
benign_sample_993.xlsx,0.0
e50d2c40e789b9a03f39f948109bb1352b5341f74b7761d8c0ab01d9f55fa370.xlsx,1.0
9bfb1eee6403e410637b319fbb601585ac6858b5c169467e0cf07488ff642845.xlsx,1.0
benign_sample_4317.xlsx,0.0
benign_sample_7649.xlsx,0.0
benign_sample_5926.xlsx,0.0
2d568e2e3fafc0239205da89abe18eca67418da5baabe95cfaebff25a4858a7d.xlsx,1.0
benign_sample_461.xlsx,0.0
benign_sample_6628.xlsx,0.0
benign_sample_4158.xlsx,0.0
benign_sample_3046.xlsx,0.0
benign_sample_8003.xlsx,0.0
benign_sample_3434.xlsx,0.0
be5053ab2bab7a868252b6cc790dde78e19a7d1d468f53e69e337901c2bc7dc8.xls,1.0
benign_sample_9332.xlsx,0.0
benign_sample_2468.xlsx,0.0
benign_sample_4694.xlsx,0.0
19590d11c47403db77ac65242afdd008083c75274af4916d26327ef2219516f8.xls,1.0
c2c1f5ceb5324379dc1c69a99de91df9d5a7484b151ebe0110d33216a5d87bd9.xlsx,1.0
benign_sample_7682.xlsx,0.0
1cc849f91a248a93d8380cfbdfb30fe3c8bb9f43fdd6aae38da8ebcbfd0cda23.xls,1.0
8f94c141dc0dc738cc41a72b942d9a26f3a5a790db1806d3ca32555b7a2e7cb6.xls,1.0
benign_sample_2214.xlsx,0.0
benign_sample_555.xlsx,0.0
benign_sample_2347.xlsx,0.0
60c25a5867273c0dd739df5c10f6807d4fbfeb7db9b8ffeb4aac58a2da169010.xlsx,1.0
8c1e1085f19f0d1b82b8e4cac1bf12369e583fd6a5089c94c56cf34c01b32e97.xlsx,1.0
benign_sample_2817.xlsx,0.0
benign_sample_883.xlsx,0.0
benign_sample_4981.xlsx,0.0
benign_sample_805.xlsx,0.0
57857533a81a13b4eaa17f3516d5c5a9be138ee5dfa7b2c73788417061c9dbc4.xlsx,1.0
benign_sample_1762.xlsx,0.0
e918197fae3f8dfa76d937e4bd9eff85be2171f6d5459467a1818a2438baf677.xlsx,1.0
benign_sample_3532.xlsx,0.0
ba90c3c617315896df9fca8adfe8ecc57cb8a513af2b7e2941a421e136d7520d.xlsx,1.0
benign_sample_591.xlsx,0.0
benign_sample_7709.xlsx,0.0
benign_sample_9432.xlsx,0.0
benign_sample_1323.xlsx,0.0
e6dbde13c0104a7fb2fce77f3a26d7be94665ee8a5cf89b29ccf935c9119b7c7.xlsx,1.0
benign_sample_103.xlsx,0.0
8d99d44ad0dd16dbbd27d90ef968ca16f941a990c4441abd1f4de6bc2e35f7f7.xlsx,1.0
41d4baaa5dc08a1833322188545f86f4c3924cacce6c4fba9113826075cfb739.xlsx,1.0
19f00f858bafc1845d198c9f92d3e97aed5397e27c2d717e0a895a0e080e5253.xlsx,1.0
941cbe18b745cad16f78f5731c767c570ffe6a4130bdb9b64e699081c98bc1a8.xlsx,1.0
benign_sample_9652.xlsx,0.0
benign_sample_5419.xlsx,0.0
benign_sample_3081.xlsx,0.0
benign_sample_7281.xlsx,0.0
benign_sample_6754.xlsx,0.0
benign_sample_9637.xlsx,0.0
adb15ea95e28e8f9166f7a954e46013f00260078f7da1e7723928277be17ec29.xlsx,1.0
benign_sample_4639.xlsx,0.0
benign_sample_1159.xlsx,0.0
598539184bbd64ae89bb735ee2421fcd980a4fc1b0f9d1ad0782f4ac50e1e440.xls,1.0
856971479f118377817bebf83dd614799d320e1383604c67315508314529512f.xlsx,1.0
benign_sample_2647.xlsx,0.0
benign_sample_8907.xlsx,0.0
benign_sample_4798.xlsx,0.0
benign_sample_9472.xlsx,0.0
benign_sample_9282.xlsx,0.0
94b518e0dab3f357945a49fd8b801965e1e731ce719e68c42677dfbc8a508e12.xlsx,1.0
benign_sample_9159.xlsx,0.0
benign_sample_2705.xlsx,0.0
benign_sample_6743.xlsx,0.0
057251d4048ec5a6657a311889be7e0f6f17c12f3cf7ca5465ac199481da69ab.xls,1.0
benign_sample_5294.xlsx,0.0
benign_sample_4901.xlsx,0.0
benign_sample_6433.xlsx,0.0
benign_sample_6493.xlsx,0.0
benign_sample_1018.xlsx,0.0
5327c5a2ad6e34f58c756086192c0849db7b0740ef83f81ae40629452e4ffb2b.xls,1.0
benign_sample_1649.xlsx,0.0
benign_sample_1271.xlsx,0.0
benign_sample_9913.xlsx,0.0
572292c2347f6a033742ba298463740a657999c98eb8928b5b37f1bc9fd773e4.xlsx,1.0
benign_sample_3705.xlsx,0.0
benign_sample_4549.xlsx,0.0
benign_sample_3208.xlsx,0.0
a8ecb51510c6a946833dca12ceddbe99407a0b23ea234f58aa9354732d9a6d2f.xlsx,1.0
1ea15c758618bb18d1d3f6911d9c7d356a154f273e1d8c4b5d5851bb3687c3da.xlsx,1.0
473ab401945df6a3334f1813f6f98b5f0210760ca20587725a8c11180437e2ee.xls,1.0
03ffccc252127ed78ac47d72cc2108760a84bab5c2dcd1e0a66424985fc832d2.xlsx,1.0
b030ca3d38c25f4216d32017fa7a5ac82bdc7f7f17ec9469ae334d489c47e4a5.xlsx,1.0
075ed862ad8cd5653b3a185e6753b2bf3958d2bb87c8af33f1d80b343fee3d8c.xlsx,1.0
benign_sample_1582.xlsx,0.0
benign_sample_2154.xlsx,0.0
benign_sample_3370.xlsx,0.0
benign_sample_2186.xlsx,0.0
benign_sample_2309.xlsx,0.0
3fa086f7f42ece39ac85ebbe16c2a0a019fd6d2716c5908bfd7321a13a67e465.xlsx,1.0
benign_sample_6080.xlsx,0.0
6a904511e9839c764d96b1cf4469d065194d194f42ae6923d2a0ac629002fd29.xlsx,1.0
benign_sample_8069.xlsx,0.0
30dd7640f02734a767711193cff12b0de100a15180661ed64b7f5e6c8a7325a2.xlsx,0.94
benign_sample_3023.xlsx,0.0
benign_sample_8764.xlsx,0.0
benign_sample_4435.xlsx,0.0
fe5f487be050492a23b6054424d4e344e68f7b13d36757659c7582c9d8881bba.xlsx,1.0
fab78320f80566e6e19d6250e299fc67bc7e055c7cc2f37eef69915ac23ba71c.xlsx,1.0
benign_sample_3450.xlsx,0.0
benign_sample_3035.xlsx,0.0
02bdc6f9aab0fd9e1d21c3dbd840c792c48dc1d0f22ca3f9c93d67f1ff71245a.xls,1.0
095497d85aa060330013e0f99facfb67c35bd44ba03c7d05a86f9f326140b4b6.xlsx,1.0
5128904fd2cabb0dfcabee438dad999bd64822662d166fed551f3993810d4892.xls,1.0
52b330f16d858c74fef8c1b1917d8db589fc58965d076ec8ed31d9592f534b88.xlsx,1.0
benign_sample_3402.xlsx,0.0
610e8948eb35e974dec10240588c10a5e9d338fc06b82f0330bbb71dcf50c636.xls,1.0
benign_sample_8100.xlsx,0.0
benign_sample_8818.xlsx,0.0
826811e2e25f9835d5ab0cafbbfffe5d3a5ff5c4421a9731d84edd18c463622a.xlsx,1.0
c68c19cd297d6430ce90dc73ed139d59a51828c775f39b0ae8d8600461b1d116.xlsx,1.0
benign_sample_6293.xlsx,0.0
29026e93dec5fc2f04a9d0b50648a1daf00483bc7b5712edcc7724503acb780d.xlsx,1.0
benign_sample_4234.xlsx,0.0
858d2228753506ee1a04c27a0136d8981939826057c291f44fd9085728efd75e.xlsx,1.0
benign_sample_6751.xlsx,0.0
benign_sample_7383.xlsx,0.0
2dc4e6ebfcf8b8164c44ffad5dc86ebe3143bddc35645b2ca87f14d519ae2b39.xls,1.0
benign_sample_2167.xlsx,0.0
benign_sample_6933.xlsx,0.0
benign_sample_8703.xlsx,0.0
benign_sample_8349.xlsx,0.04
benign_sample_211.xlsx,0.0
dd009b241b88e534644e82ad5f1480402a1fb59b5247c0471451aa8a6935526c.xlsx,1.0
benign_sample_8565.xlsx,0.0
5589be5be2c12334f236d08fb99cc2eb430041075814d9c2841db62018a8b028.xlsx,1.0
92bab194eb8d9e8189b184caef04bfc4e8b375ec095cd027d94a5fec73747e53.xlsx,1.0
63aaa264c243b2dea7e063adc393276a84aa7a8bbc2c204b14538b97d26523a9.xlsx,0.995
benign_sample_3820.xlsx,0.0
benign_sample_508.xlsx,0.0
benign_sample_9496.xlsx,0.0
35d1e96caba80a40c8151a907280bea809904900ced9c704b56e45509ab0d3c4.xls,1.0
benign_sample_2071.xlsx,0.0
58b38775f655498b134ce8cd52ab0aba05b710f7611e41cbdffdc3597c5d5f3d.xlsx,1.0
6f0702bd1067a59dc036e671bc71f3ace69ed18c1e765baf515ec71c024fce7f.xlsx,1.0
benign_sample_2861.xlsx,0.0
3c46ca9214c07dec766b829e22f78b2aad7457af98c6f2559ad87f8579075c4e.xlsx,1.0
benign_sample_5649.xlsx,0.0
benign_sample_7622.xlsx,0.0
cd50cabf18d294284419e8ef3c012bf26293760204057e49a4fc4cdf3bdcdff0.xlsx,1.0
benign_sample_5026.xlsx,0.0
benign_sample_3087.xlsx,0.0
benign_sample_7349.xlsx,0.0
3d903b3ada21471aaf26d1f1354b011f3529385617fbdd2b95fcab44749ec42a.xlsx,1.0
92713b457c90861b16201ffa88fe2c16b77c58265d9a4c249d683fe899fe4af1.xlsx,1.0
benign_sample_6977.xlsx,0.0
29dc9f591689eec2f0de274a1fee457ad549bfacedfb11122d98ed194379cd4d.xlsx,1.0
62413a76dbe9ad2b87755b702cb73f25bf7a2a68cb1f776e75975a5381a7b817.xlsx,1.0
6c5e4e1e8a8a4654e9df0d004077f3a84cf36a63c2b251e253049e6c358c39bf.xlsx,1.0
benign_sample_6133.xlsx,0.0
benign_sample_3654.xlsx,0.0
benign_sample_7429.xlsx,0.0
benign_sample_8487.xlsx,0.0
benign_sample_3484.xlsx,0.0
benign_sample_3911.xlsx,0.0
benign_sample_96.xlsx,0.0
benign_sample_7801.xlsx,0.0
97b2cbaaaffec6f8363089059083b5d97456f0e597552db07f37865bb494079c.xlsx,1.0
benign_sample_2171.xlsx,0.0
benign_sample_2688.xlsx,0.0
benign_sample_2990.xlsx,0.0
7c6404171f04b899b020b1e1ea9f84a3770c0a9f4e568d9724f762d445b7c9c2.xlsx,1.0
benign_sample_6174.xlsx,0.0
9d43c84fa4de8b70f2160cb4b0c83854725ea277f1019091445de4a1ac7fd917.xlsx,1.0
c8a0330bcd3b208d6f7e63eacfd7f3052149b5ae523d1c5337e8a901fa71df22.xlsx,1.0
benign_sample_4834.xlsx,0.0
64967d0b1f6c0f6c905ff1904de7c2f556b035eacb7f8520ae2ab4b44db63a04.xls,1.0
ca0612c51bf58d2633f07a6f3bd4ab41d9d56e3f5bec1748c19de1a7801c9ef2.xls,1.0
6a625f644dbde9e91e57fa4cf0ecfdc7acab3650b72c3494e926f9d239db736b.xlsx,1.0
73c26bc78dfed7540c8255ec18730d3257ee29b60a175b99f28499177d1b3a7b.xlsx,1.0
benign_sample_2301.xlsx,0.0
7b2747cf019c6e067b5c8c3b580058f0b417614891cb83fd27e78ce9d557d080.xls,1.0
764a449030e163d6d5d140d021cc71633b4c2a0eea66076a9eb44aa5ec20245e.xlsx,1.0
benign_sample_9134.xlsx,0.0
benign_sample_7752.xlsx,0.0
e4164b8991b60aac8d1a66b021d40fc5e46aced1d519f25acc5c7fa26f932644.xlsx,1.0
benign_sample_1357.xlsx,0.0
benign_sample_2935.xlsx,0.0
58f4acb089818a665a1299dd0bd9358631ce9d8d7598b5ad61d943ef98ef45e5.xlsx,1.0
benign_sample_3882.xlsx,0.0
aafc81c00e7e5df11875d827a321238a816cd6ab7e1ca78c19bd1f91375a9645.xlsx,1.0
benign_sample_1755.xlsx,0.0
benign_sample_8622.xlsx,0.0
e67834a93d9e1db2f27ea54433f26a99e20073d81775d97e0740783d8ea6c6a0.xlsx,1.0
e6c1ef1cfe390d3ca6ba723243346bb406adaf50c521019f698eb9f1df8975dd.xlsx,1.0
ae301418779cda32b8bec10741c30094ee0615e81ec1d91dea3e940fde982fe0.xlsx,1.0
70bb2c7d9dc6208d1e30d22036e3aa4871a4bc10591fcada50f387f1862999fa.xlsx,0.99
benign_sample_4474.xlsx,0.0
c02698adfd7bcb03959a9bb8347457ed62014a15da2c960a28c500ae983802bf.xlsx,1.0
da0695114f256e15abbcd5459c25bfe8c87766eddca9fae0c0d808b6ec715883.xls,1.0
7205488fe5a1d3d05f0734af8b156d5c1603e9334b407845eb5545950e7b9acc.xlsx,1.0
1217dcbf810cee6fe242d7835078f9e5177ce7d1bb925405d550ea413b08fbb0.xlsx,1.0
benign_sample_3955.xlsx,0.0
378269898ca91efdcd36fe7475e88b51a14358ea97b410b572061a51a60a48b7.xlsx,1.0
benign_sample_6411.xlsx,0.0
benign_sample_7262.xlsx,0.0
169ecfb1c81d004f315f6647257e3b938f15f2736a30c390c62a6a94fae14908.xlsx,1.0
eea2d94f35c02cc7cc06850ded8941da80d7859810a28c9008945ea0bdf4ea17.xls,1.0
8845d949c570307e49ed0782b8827777880451f98bdd64922cd0a466240f8a33.xlsx,1.0
087696353c611ec1e5d854d91c523411278ab8cf68943c2157bbdae495e1c547.xlsx,1.0
benign_sample_6241.xlsx,0.0
cac511a7bfe9a60754190bf4a685b39ecea918da56e762a2f43290b91ef3aa03.xls,1.0
29bcfe676160be417d74a8813dece47684adfabc3ca5977ba38fb5f27fd36475.xls,1.0
benign_sample_8597.xlsx,0.0
benign_sample_8707.xlsx,0.0
b86a98449877a65301f301f70f4baa01e916b2277d95f80ecb29c8d2823a318e.xls,1.0
benign_sample_2602.xlsx,0.0
benign_sample_1174.xlsx,0.0
3d82d054046eb960301d5f167ac8b6b88162ab011e6ea55f14be6acbcb9aedd4.xlsx,1.0
benign_sample_621.xlsx,0.0
benign_sample_6902.xlsx,0.0
benign_sample_3229.xlsx,0.0
benign_sample_2497.xlsx,0.0
9c31307d7a3cf7dce4494db9a08fe48f6fda55db12d968af0d708fc818a9d637.xls,1.0
c075b81614cd6c4419dc0f1a59f3fbed5cbc41c5aadc2dea3a6da3c073d5985f.xlsx,1.0
benign_sample_4146.xlsx,0.0
4178cc7e9ab81e4937c29fde8763d37d8f870841b011838ccfa822e08e1c81e4.xlsx,1.0
09cad281d9244c7fde11862dcc5e2c815c0e40d9b5d4f2913523da65ec423e06.xlsx,1.0
benign_sample_1183.xlsx,0.0
ac3a15aed84b81d019766900350d1c0e73fb768efa10e7aa3119354acde22216.xlsx,1.0
57ed5ce0aff25339076ab6f0194dfb10802810490613daeca27a43f7862ecd84.xls,1.0
9ca23455dc4fb2369781419924a07119a1801a0d403d35ceb4c4e61050412cea.xlsx,1.0
e06e1cc33f42f59f86b44d17359234628540e287dc10a39ac66ae21449abd380.xlsx,1.0
benign_sample_9352.xlsx,0.0
benign_sample_8466.xlsx,0.0
benign_sample_7857.xlsx,0.0
benign_sample_3265.xlsx,0.0
benign_sample_6496.xlsx,0.0
benign_sample_5903.xlsx,0.0
benign_sample_5813.xlsx,0.0
benign_sample_9660.xlsx,0.0
benign_sample_2837.xlsx,0.0
benign_sample_8254.xlsx,0.0
62345de7d2596fce6a6ad64440972924219d8e189d1c9e709359fe8d1f2c1c4d.xlsx,1.0
benign_sample_9419.xlsx,0.0
benign_sample_6128.xlsx,0.0
benign_sample_4898.xlsx,0.0
9e92a1a7b3e291f9cc39a4e074f4ba802fc0fb65da57e5425c9e02c9429ee7cf.xls,1.0
benign_sample_1121.xlsx,0.0
benign_sample_876.xlsx,0.0
df02b9b640ba1807d41f3e508183376fdf76e24114dba049f58c92d293f9c2f5.xlsx,1.0
2219ab160442a9ec29e7280937b1e449173906f352f8291ce01689e6612d488c.xls,1.0
e7b337819ffbfd0cc64e0da0de7696a062cb134bb00e24dd761e4ce25acc958f.xlsx,1.0
benign_sample_3837.xlsx,0.0
16bdd6eeda90199d652db301be52de007a614ce473a865efbe9f360913cfb31b.xlsx,1.0
benign_sample_8297.xlsx,0.55
f2806460b71345e64c904a288618181368a831e27022b51dd49136080fc8c881.xlsx,1.0
benign_sample_4031.xlsx,0.0
78f4af29d5d201fa97a6780a8b848c36bb6955f03358d79543a97cc06239f6cb.xlsx,1.0
2054c8c271ddb618cc3bbcbb23ec490d636bb93075a07bc7aa50742b69385c00.xlsx,1.0
benign_sample_3663.xlsx,0.0
benign_sample_2233.xlsx,0.0
3e5ef4f3b554560db3aeffa1ee8b252f8cff70eb1ef6808605da35cea41e502a.xlsx,1.0
benign_sample_5286.xlsx,0.0
benign_sample_2518.xlsx,0.0
benign_sample_436.xlsx,0.0
8f758ab4c7195dddfd4f617ea0d066bb8198a2be9ef3c854417e38656f6c5aa0.xls,1.0
9d98067884ca6f00ed5de23645eb0423b79527a58bf26170461ea488c9868a05.xls,1.0
d74117026ea5e1cd6613ece8bf1e5e26d7a6c4e5887a7d72620a1dd2d3b360fd.xlsx,1.0
6a1b5f404c0257fc31362073c0d89c526fc9226864a09c6c3c58bda7876032cd.xlsx,1.0
f19490c625ffb23bfed034486d54cca1698eab10a638d58536dfd9ebf2776f49.xlsx,1.0
091dc9b401b7de0a9d9762fcc793529776d3cb712bc7e9f07372930f5bbc876c.xls,1.0
55a09427cf634b62b69f3be1f1f635210ac13821f858a9d75e45ab38cfe10c02.xlsx,1.0
78bd72b957a57f5ff2ac919c946f6f98e549e284d0d76b95813fc9c7978abe40.xls,1.0
benign_sample_9242.xlsx,0.0
66c0244268aed3dd88c77036aaf016dbde6c55d221d4038e000e96a3d2f55a24.xlsx,1.0
benign_sample_2379.xlsx,0.0
benign_sample_2987.xlsx,0.0
89f4e676c8fbce6ea735d81e3397af4ac88ac94f7bf9df5bda57ad8e967600c2.xls,1.0
bc2ef8c073a24c1270fb5ddd8b60af8e8cbd39ebe50bdddcb0998fbe7553ade5.xlsx,1.0
benign_sample_8076.xlsx,0.0
benign_sample_3877.xlsx,0.0
benign_sample_4180.xlsx,0.0
1c2ebd063d8ce2f4f77a5d8292d7b8488d7a8445129ddb705c9bd01ef7bfa5f6.xlsx,1.0
d8c61b9bd5e5f2cc4178d589b0279662a528562080a3405692dca96df95d84b8.xlsx,1.0
benign_sample_4190.xlsx,0.0
479120592c3ad17034859fcd35e63b6e796c4d22e122ee482447716a49134360.xlsx,1.0
29b66f1f5bf6003c912be1cd1cf82521afdd8cedcb3d154b0c7a082a213f8d85.xlsx,1.0
874c4d443e6e9e4486d2da25a828ee6ef3b33ed50bee92f2b300d4f0544bd566.xlsx,1.0
benign_sample_9896.xlsx,0.0
benign_sample_4062.xlsx,0.0
dcea4d5ebf71a6b53d5fde9815bc0efe0f673696fb822d44bcde178f47f06567.xls,1.0
benign_sample_4532.xlsx,0.0
benign_sample_9909.xlsx,0.0
ac5938f0bd0b761e170db9ed46bd574e33158cbc408260079d64724e05451ea2.xlsx,1.0
benign_sample_8443.xlsx,0.0
8ee2c5c6d2fea704224d5fa01c8d9ecfde75434052b4ea2f5340163f500ee5be.xls,1.0
benign_sample_836.xlsx,0.0
benign_sample_2626.xlsx,0.0
benign_sample_7374.xlsx,0.0
benign_sample_9904.xlsx,0.0
f989eadd719f153ea4d86a5feea12bde982d8ff9a393ce2e610848eb223a6128.xlsx,1.0
12018c2af0600fc1f1a75842a1d4f7777001fadb65f93125e479ec9b949e1773.xlsx,1.0
benign_sample_51.xlsx,0.0
benign_sample_5035.xlsx,0.0
ed81cbc7416713f6dc392325080a11eea6f19735ad6cb109a606f8b12fb6c4f8.xlsx,1.0
228676f807b4865dab3a8f9378a443cab50d2dae04650acd24b46d156cd2b029.xlsx,1.0
66973ca370427cd57af1604e53f58ebfccadcc5d9732ba701bae79f53b1ee0fa.xlsx,1.0
benign_sample_5899.xlsx,0.0
benign_sample_1808.xlsx,0.0
benign_sample_9155.xlsx,0.0
6eb41eee538e7a5c940b9c11ab2dff3a5fef8788133503c85b34866d207db018.xlsx,1.0
benign_sample_8993.xlsx,0.0
87833781d3d3193363c081062fdbe969ee9997d3a961d08b580895e212d62fb4.xlsx,1.0
08953343a9499e390c8121735a48232f0eac30a14520465bfe2c216b543f9909.xlsx,1.0
benign_sample_5686.xlsx,0.0
benign_sample_566.xlsx,0.0
benign_sample_3852.xlsx,0.0
56112dffd7905d004ceadf7cbfd4f37f6d335e541cacf04836cd11f340a6521f.xlsx,1.0
edac83b64e7b0623d871629d69b2eb5323a007c4c258ba2699c31d9aebb675f9.xlsx,1.0
79b3390ca3d58a94ae3787cb70a2de2365981380d2f92bd6b554ae578455f157.xlsx,1.0
benign_sample_9259.xlsx,0.0
47032a4d3a7b83937b79e648ad9b00db6af51aec688b7c1b0411dc7a3d19b14b.xlsx,1.0
benign_sample_2267.xlsx,0.0
0edb461d106feac4327c8e98406725a333bb02f4626ad644c3b5ba8159cd7570.xlsx,1.0
benign_sample_3433.xlsx,0.0
72b45e49b8756bcd84e646c93037ca053dc01d7a7dc994789ddfb769190ebe3d.xls,1.0
benign_sample_6360.xlsx,0.0
f9e9300992a934b5c46671bfd308552b4c565427eb7c9f744be2f8631d038597.xlsx,1.0
benign_sample_839.xlsx,0.0
25c21312f08085b556530382fee3e20b8bab4cd71807644dd3eaced0b4b03585.xlsx,1.0
benign_sample_4043.xlsx,0.0
d75f7f36886b1079893faf5978f66473b691ae8dd6fd5ccedf93f87b22aad4d7.xlsx,1.0
e1588c465b4bdaa80ffcb651edec51bd5dd2cd432b60785e62234a7ba8da120d.xlsx,1.0
97901fc2f64767b5331def1989b93662ebed3cd4b373d7702a88658a11cde10c.xlsx,1.0
benign_sample_3550.xlsx,0.0
benign_sample_8563.xlsx,0.0
223dead7eeaec4d5b26cc1e350045307e4182e1a08b13d3ba73d58c624c63744.xlsx,1.0
benign_sample_4820.xlsx,0.0
1f076ed2c7772855373d58dbb621152e2b42fa2ce5ab9de049cbf4dd1f61ccf1.xlsx,1.0
benign_sample_5360.xlsx,0.0
benign_sample_4715.xlsx,0.0
729f46406477fcd818ddc548d487200e52c2ad16ee3c6777da6332e1614c93cd.xlsx,1.0
benign_sample_8882.xlsx,0.0
87e3c4e969f620bb0bfda888c6dd9a7cbe4104302c432bb391bd39cf215408d1.xlsx,1.0
benign_sample_9686.xlsx,0.0
benign_sample_9672.xlsx,0.0
bb42c503ef90a3b580fe241d3935057273211a16974921ce0999f778cfe35f7e.xlsx,1.0
benign_sample_2892.xlsx,0.0
benign_sample_2279.xlsx,0.0
ac25fd2da95c7382c1d2c55bb189023f4cc378b07c04e31b026441df156bb26a.xlsx,1.0
88be9fc3b439313c5fa1837b32a221dfef03c3cca056245ad8a8d2202a23c8c0.xls,1.0
3757bde9ecbb5f8391f8fe53b58f0e93f2abfe569a3da807417d78c9674e3da0.xls,1.0
benign_sample_5949.xlsx,0.0
benign_sample_5927.xlsx,0.0
43810362bb85f34a5f1002001fc50e662ff6a15d4c99d6d631356fe92ca845bf.xls,1.0
benign_sample_8139.xlsx,0.0
benign_sample_9730.xlsx,0.0
d1d4c6bb598dcb01f7c666e9f8ad291ea1ff632f1ac4d51661d1d6b63cb1add8.xlsx,1.0
benign_sample_4593.xlsx,0.0
benign_sample_102.xlsx,0.0
benign_sample_466.xlsx,0.0
81db44b4949411669927d63c6babacca0dc1d6a53b3e7b17a0056fe191f85c09.xlsx,1.0
benign_sample_3072.xlsx,0.0
28d73c905b701c19d8735083190a7ddecc834c384697d3fbfe21528850321c87.xlsx,1.0
cfbb1f7cb88362e74d9f73fcadbb5c94ec68ec607a67376f618505e3a0df04c4.xls,1.0
f8cdd7261455c2df521aa36428aa224d4d0318e380569430edd8072eb891b957.xlsx,1.0
4e9fedadc38eb404aa35cc611c087facea072311a2a72074607337f5267a5c03.xls,1.0
benign_sample_6109.xlsx,0.0
f3c6fac83d7865ffa1169aa40070abdc110a5515963f204307d724a16203ab1d.xls,1.0
benign_sample_4648.xlsx,0.0
3f4b4fa4aa24877ecbd098ad58376d2ee8fd4cfe764d5cfc331b3cfbf68afe05.xlsx,1.0
29b5b4bd0ce70b708f073f3726ad2a478088abd7729b9acaa804334a45dc8f52.xlsx,1.0
2b757f90bdb7d3d629b1d452a4a2cded5f975066a03f04013b60dad54a6351f9.xlsx,1.0
benign_sample_9063.xlsx,0.0
benign_sample_138.xlsx,0.0
5ac6b844284e1d36f959192b88d4a74d9cc104b2961fd52f8a1c642bf38f6b1d.xlsx,1.0
487729aaf4381f06effaa6507f71f83a114e26ac27027a1e2c3bc5db151421a7.xlsx,1.0
benign_sample_932.xlsx,0.0
82edb778f7053d4394f38684fd76e972dec1f3b34cd01279ca8c94bbceeffee9.xlsx,1.0
4dfc8985c16767f083e5b7894e98edfbcbeb1175e11cf7e005424437accaf74e.xlsx,1.0
benign_sample_1064.xlsx,0.015
benign_sample_299.xlsx,0.0
4d8e8691cd815653405f0e83ef8487ec69647537b101a60fd306df8fb6c23e81.xlsx,1.0
b332e03ff95a2912fd2cfa4802c5aa9ae83613e44ebb6613f3aab26f2084cc2a.xlsx,1.0
5c24efbda9662d3af3f98a268f30ae41a3e122e7b80e1c25ce56afaf66b50a15.xlsx,1.0
45cc5c6bb3ca5cd25fdd735c23a17a98c3f9b4d38ad70cbea3c1c2919ad7243b.xlsx,0.92
benign_sample_1449.xlsx,0.0
benign_sample_8366.xlsx,0.0
68888c18b685d365f711cbd9ff0b4285239876b5dd8e2c8736134f8685a2f882.xlsx,1.0
662f993ddf616adf7550191c5036d719e0cb02c2c5e1fb9b0e87d51598b71190.xlsx,1.0
7a9d0f53ac0506555bece4a094f70445c391522c934001c782ca651f06675cea.xlsx,1.0
benign_sample_4011.xlsx,0.0
cd10d5e466a124f99ef5e5e163efca6eecfa162c675bd9baf03290d83c119eaf.xlsx,1.0
46c12f5c8756ca8350381684b013fc9c7ba9336a485ecdb4c093541a58c7e431.xlsx,1.0
d6d3ed83f69be7e6514cbabcb5b339f2770591ca2eb2e032a614c6b835bd2e70.xlsx,0.995
d3fe352f792e58f362fb5b5df97bbd191afa6c4d2c7c2b8b730123b1755858ee.xlsx,1.0
benign_sample_9999.xlsx,0.0
benign_sample_9871.xlsx,0.0
benign_sample_4436.xlsx,0.0
benign_sample_8188.xlsx,0.0
736ccd4db67873fe036199ce7eaba8d2634f53a7b78c6ad371dff2f968d7c7d2.xlsx,1.0
benign_sample_4967.xlsx,0.0
b07a075fc08de4dfbf9eb8a72017f7250a1e6fc5bad708a58ff0dcd29cab269a.xlsx,1.0
984b2395409920a9208f5066ef06879fe3e51c50f873d16e3e703033b6f7f4b4.xlsx,1.0
benign_sample_7011.xlsx,0.0
8c16564104bf40491a8276842256c4fa81fdb1b221659ba74c026749e95688b7.xlsx,1.0
benign_sample_2076.xlsx,0.0
a9929a993a58fc8cabe21465c82f8ef97a33435fa489792eee1161c7c2307ba3.xls,1.0
d2313fb5dc59b5b45829d0d03e639019c9ca7a62b5ba1da2b37b3b68fa40b16b.xlsx,1.0
benign_sample_1638.xlsx,0.0
d4800340fbd1803a42df8ac5b06b47b8d2cafa64738f02282fe4b32e97fa872b.xlsx,1.0
81edc681565935b8a10b6cc6fb860a34bab810b4939925d12d7779ef2b288d6e.xls,1.0
benign_sample_6341.xlsx,0.0
d371538ea99aba6886eaf5c080c719eef577b23fce43a2494495885a94a4561c.xlsx,1.0
benign_sample_6380.xlsx,0.0
benign_sample_7422.xlsx,0.135
6be7b157d45655a6c8a7b114bd76bc093cf9183ec09aeb7d93783049203001f7.xls,1.0
benign_sample_1083.xlsx,0.0
486ea54d610f4316beb62a874cc5dee7ac5fca5d98e5bc1b9a95e5b253fe2902.xlsx,1.0
87ee5b912e1285e632f61f67e049c2ab4aa14fd5c2530282388737a79b6e4519.xls,1.0
benign_sample_2732.xlsx,0.0
benign_sample_4683.xlsx,0.0
benign_sample_1216.xlsx,0.0
benign_sample_8474.xlsx,0.0
benign_sample_6562.xlsx,0.0
benign_sample_8433.xlsx,0.0
benign_sample_1979.xlsx,0.0
d8c12fb3fc8f75b90c2a11a84b190c7fb3736f08c78a45ab336bacd39f19d3b9.xlsx,1.0
benign_sample_7641.xlsx,0.0
benign_sample_7084.xlsx,0.0
benign_sample_5795.xlsx,0.0
3d877e78dce4cdb9ef64708c14fe6627505e1ff25946d5ae2c5625e967a5bf88.xlsx,1.0
benign_sample_988.xlsx,0.22
30f2f7db122e8331ed4715d7809f2ec14162e9c87469a708147f3170a7763528.xlsx,1.0
4f479bbdfc1e6f0ae1db03c1e09cda6d3aaa089523a4dfbd8d76ae26ec635e79.xlsx,1.0
benign_sample_3077.xlsx,0.0
a8d3ab49a3ce18d9e03f5595dd5938b6bc076af758eddea19f034c822657d325.xlsx,1.0
benign_sample_2115.xlsx,0.0
benign_sample_447.xlsx,0.0
4474d55a2152a0a23dc15db3e10773aa6a48305350e120de265b443caed8ca33.xlsx,1.0
762da1e53605886833955a1ae875752d413fac2c48d97781d7787d3bc091bfb3.xlsx,1.0
benign_sample_4817.xlsx,0.0
benign_sample_9465.xlsx,0.0
benign_sample_379.xlsx,0.0
benign_sample_9968.xlsx,0.0
benign_sample_10000.xlsx,0.0
9643f5248d6ee88e15068df584c9d875259ac81db505bb5ca120e0e401db9d8c.xlsx,1.0
benign_sample_9439.xlsx,0.0
benign_sample_3500.xlsx,0.0
benign_sample_9012.xlsx,0.0
benign_sample_1910.xlsx,0.0
1c054ac7db61da52fa4754a8a8bdb85cfbbd3cc77894a6279b4f52bfaf0f7341.xlsx,1.0
f8c0b2be49adcc44322d5d2c5db13063b9ff30ba751f8a5c5557e5803c3e11fe.xlsx,1.0
1b0e7b3ddd65c0d74f0ebf601be05a3b8caed6d579f52953a9a438f34d3938c3.xlsx,1.0
98ce586dc91b7a5c44624bf21fe0e6e2e946eac277aeb36080cf0f2343f94e59.xlsx,1.0
250a7bf3cfaa5f7167b894abf5b26ec52c5ebda30563821998cfe1ead7ccf69d.xlsx,1.0
54a282ff9cb5987a47b04c9ec71dc8e8c217e6bc58ad90dd6d5f2ea7f3201ec0.xlsx,1.0
benign_sample_84.xlsx,0.0
ccbad712d662bed97c92ab54652a00af5788e4aafc95ce210b9620f627944257.xlsx,1.0
603737048e524f8736477fafa40a76b02a7fce426a474aaa48b1d08c870949bc.xlsx,1.0
803dbe4358ea84a8013942e1b5a8b897ac8ce4144740d1a6f7bddb47da4edb7f.xlsx,1.0
benign_sample_4487.xlsx,0.0
benign_sample_9045.xlsx,0.0
2ebfcdc2395b2914cfff7b11c27097f82098a04f822b859489bfe6735922b48a.xlsx,1.0
benign_sample_332.xlsx,0.0
f6d3a7186d7f1c09967d99e6d04f823113075081c1a3a19cfed84236706a91de.xlsx,1.0
benign_sample_5405.xlsx,0.0
benign_sample_6470.xlsx,0.0
benign_sample_1180.xlsx,0.0
db2eb968e0d0672966a5cbdb4edf5eafb28263ff181e61a0b256c3f21d272503.xlsx,1.0
benign_sample_6156.xlsx,0.0
benign_sample_680.xlsx,0.0
aaa97571b8c811109ab623de66ca34027193e0e78835abd187f6c5750fc1c6d2.xlsx,1.0
af11a0f26870e750441bc6fa6dec51d1fc2fcadd9a92cb1152f72c0f64fffc39.xlsx,1.0
ad50273a7b0703e96a6a7133c0cf8611bad0132de077ca14bd07d79d519661e9.xls,1.0
e16a421f70cabdd2e5cccb46624777f4516b0c76ada51199100da4f125eafbfc.xls,1.0
ffac6be8e7a2809e1988ed114ab166e8e61bb33dca76e1155314dda1fdd30699.xls,1.0
75f4585295b5c86cc4eb2646441dbe26a2bfd2abfc3b4a108b59fd72aa1c70e7.xlsx,1.0
benign_sample_8838.xlsx,0.0
benign_sample_1290.xlsx,0.0
benign_sample_3125.xlsx,0.0
9d556b03aef01b2024c06183e0e240661ed9e0c8ab89b1937889283f0bf276db.xlsx,1.0
benign_sample_1020.xlsx,0.0
benign_sample_7175.xlsx,0.0
benign_sample_1897.xlsx,0.0
benign_sample_201.xlsx,0.0
398d8a8f0f937d4a2acd69a58eb4111ae21c13e2ee627032553502d29ca9432e.xlsx,1.0
benign_sample_1348.xlsx,0.0
benign_sample_4958.xlsx,0.0
benign_sample_2694.xlsx,0.0
benign_sample_3553.xlsx,0.0
87568ea97f7f8bc56f073b0c2eaa408a17873cf56b15a795895b74c0cdc8f81b.xlsx,1.0
57c8d8a165abbf392187483caa19c279ef5e880f9e7715647736d39d2cbb1fcb.xlsx,1.0
benign_sample_3507.xlsx,0.0
benign_sample_2000.xlsx,0.0
d1250a95013fc53b20c175e78cec056c9c64f1b0e2503f913cb9f6d9d2740a3e.xlsx,1.0
40dd9ae37b95be98534af43904353406debd8f9a95557279b0be3a9cb73dc4ed.xlsx,1.0
f5f7744779c0de2d737de27ffa63aa4e52c87c2bc6ee2273065e3c86948bce83.xls,1.0
add8ef4bd86d8261ea6ddfba549ad729632d59bddc92b08d4e926b5e05c820d0.xlsx,1.0
f474dc1e3cf5b704303466a814cd56eb18eab6620af1fffed2433cbe9c107202.xlsx,1.0
ff82c14c2f287cf83668ba8305bd5082f173d28d346d5be7706d076ca4d46f23.xlsx,1.0
benign_sample_1699.xlsx,0.0
benign_sample_6950.xlsx,0.0
benign_sample_7083.xlsx,0.0
34c0dcb569cdcce74d13833c67a79c344f0b93180af95cce442e4e88d665f9c1.xlsx,1.0
41a8e291c4067863877e3f4b033647f4d49c770bc031197af9d8b548f87a2c07.xlsx,1.0
benign_sample_4554.xlsx,0.0
9ccc9cc46d31f9a72c9195b007a77bd189707ed840c596bf40d3087612115cf9.xlsx,1.0
benign_sample_9388.xlsx,0.0
benign_sample_939.xlsx,0.0
28be0c8cb8387f2981da44bbd25c147cbc76013ec5573c58c061bf6cfe357c79.xlsx,0.99
26ff3ced51de4469fa08e9be792c050a5c69c381c077ae85f502589e06fa4c5c.xlsx,1.0
9227550261fcd4b7c5e3928be2a2302763e0b820680df3256051c4c40fc308c2.xlsx,1.0
e11f8856efded99b68446fccae7dfd655ecdbdb268ca376ccc7ce8ec3f7a6e5c.xlsx,1.0
benign_sample_9831.xlsx,0.0
benign_sample_5051.xlsx,0.0
3dc504b828229c746d13dfa6641a8bcf13be87c147fc347a4630e336dc9167a2.xlsx,1.0
5907130df34c34c80a84564c5374b51cadaa538ca598fcd89a1b84e6a5db9718.xls,1.0
769ab14597f0fc0fe701ff9caf7e2de93638928c6081dbd5612c2e130e416fd1.xls,0.985
b1d693ced0c6182ab151e715e9577cc734eea47b5b1d77082a81a50b69abc91a.xlsx,1.0
benign_sample_5074.xlsx,0.0
9bef4dd9f3160eeaa85d09700b5c0afe99eae6b423ecd26bc8e43cdd97be25ee.xls,1.0
997fa67e8fff3f42a57401b5c2e951a479f4ebd9bd6eae97266dba7b0431fa71.xlsx,1.0
benign_sample_983.xlsx,0.0
benign_sample_1234.xlsx,0.0
benign_sample_3555.xlsx,0.0
benign_sample_1184.xlsx,0.0
975c99ae1606758015598ba0202b333990684c203bbbe21b0eb7d6ce4c0aaa09.xlsx,1.0
b2fb7249f413125fbc602a7b493a570914a48ddee8ede973b84912fc329b4ed5.xlsx,1.0
089e633143bd918e34ab3b7e917737b7202d0dd6fc7327545102e760e483c6fd.xlsx,1.0
benign_sample_7568.xlsx,0.0
bb4691164c38cddaf255d39f63dd66a996539a858fb364863298e8d14a4eb12f.xlsx,1.0
f8aeab74e717370019ceef607561982b3c83c47ca2a51647200d541aca3abd53.xlsx,1.0
benign_sample_4775.xlsx,0.0
benign_sample_7673.xlsx,0.0
050a1f15f1c2255375bfbcb37daf6e8cdd81fcdbc974b07b85e326a24c5935e8.xls,1.0
35925476eeb690e468ea98b0e3c28c66f06d1df3316ed620b3255c0499089e42.xls,1.0
d22051112986e1ad59cf21181ae8295633a14c495bcdeb53d262d8d14229a3aa.xlsx,1.0
a1c50836a0c0fc7991729e1404d3b745a604ad8d36c2f677f7c45c52e19e8f74.xlsx,1.0
a1c35626ad79be233b6b3beca9adc658feeaebf0ce5a25e86979395021793fef.xlsx,1.0
d2a16d0ae5647af26b39c8a678950ddd6c1507641f512dd5a43e872dbf638a2e.xlsx,1.0
benign_sample_3309.xlsx,0.0
f26212597dcbc66c2d994e4d12442d4a682d277583ebda155a25239646a36b47.xlsx,1.0
54e5cb0a2ab285af43091d827b8766b78b3947c2434802c0a1821a8810baa7a5.xlsx,1.0
benign_sample_5332.xlsx,0.0
benign_sample_5849.xlsx,0.0
d988a82f0c70af93eec65964be25fe728f1f57991fa5f7045b5a42e752033dae.xls,1.0
benign_sample_9105.xlsx,0.0
87ed758883d4adcda7d7515523e673107633863dfc796753570d0b70b4b263fe.xlsx,1.0
30a94c083297108c23ab7f3d5912e4b7e2ba7602b9d690048ddb5a0bb3644aec.xlsx,1.0
benign_sample_8835.xlsx,0.0
0acdcb7b3c1a0ecee0580177190e0548862d4f80251a5d2d21762b6779ff2ed5.xlsx,1.0
benign_sample_3129.xlsx,0.0
benign_sample_7989.xlsx,0.0
benign_sample_8948.xlsx,0.0
ee14f543d3afd367c5e36620d843d266f4042e569ae9628efdf7902d5c9f97bb.xls,1.0
benign_sample_9766.xlsx,0.0
benign_sample_177.xlsx,0.0
cbba6ee0d1f33aa86639e7dfe21aec753e261e044476fe929b09332305d87dac.xls,1.0
benign_sample_1634.xlsx,0.0
4e3ea4b68a3549d5f919245ec5a761de934c4ad671d9f92216a76e30ef2197b1.xls,1.0
1286a0a4dffb1189beea594d22e2db83e9c19ba7fbea7b89184d0a1c8bc0be5d.xlsx,1.0
79d21212ede80612cecd2e319424918b3f95dd07e305e99bb3f4941ab60ff2c4.xlsx,1.0
benign_sample_7742.xlsx,0.0
9ecefa4537c1daef76a3ab598a3591ccb87e28f47783af3223bed5d99f4ee519.xlsx,1.0
b2e5f7b6a77bf5503430da399ed9b2c8ff66c79b1e8b01f9bea49340aa85256b.xlsx,1.0
3e53cfe4a40ae75148e19b4400ee03fa4bf6f6b48bdecff45a9b66f48fe11f29.xlsx,1.0
e7fbbb214b83a77b1a792fd4221ee0d66cf7a87211a8f0911d45167599a54421.xlsx,1.0
4449b639e407a70fd4c934107284480a11fdb250ab6f5a614f4fa11387ba5ebc.xlsx,1.0
922de602724815e690b266b665bf324f12c6a92aa090abacd3e883017fb38158.xlsx,1.0
b08a3ab40a2c024f138f3309c100fb3f347041597ae037621d14e778fd7bb9ed.xlsx,1.0
6fd5a846ccac39845dc0b3bcb4f50eff3a1c0b38de01fbb939609d3165ffab8f.xlsx,1.0
86a5b087621aa76a78188b85ef8010ec0e8b8d8884815d303740217eb6575dd2.xls,1.0
b10ed69f8e9b0da709cfaae8849ada80e45de31d91fbc07e9bf9a838aa73b1f9.xlsx,1.0
3fbd99f7f9551ac4921f9ff33f50651d51eb0a6c0d9a69ba2d97110e6462e824.xlsx,1.0
a5d2dbf78f839a0691161abac4f8f59fb77236bbb5ca815781e398111eb3a150.xls,1.0
cd3600d06199f9bf8da89397c5ddbc59ced953d6f4ea6e90e9ac02b3e5a2f8e7.xlsx,1.0
benign_sample_6513.xlsx,0.0
benign_sample_842.xlsx,0.0
aa2dc6551f70aa300b5d64205532d27bf3988c4c1163ec80ecae635a9c17d5e0.xlsx,1.0
8eedd5f55d8efe81f8c9d3732cec31ce6ce2975c349b138689309db24d9fc5a9.xlsx,1.0
6eb15c930ada1252d26d531af37b48ec91baf11d618eda3800060f406179dd71.xlsx,1.0
benign_sample_9566.xlsx,0.0
5e2f12ec578ace38e74d270e094a2855c77d98ce422be035cd8455cc7c021dbb.xlsx,1.0
bdb20099fec87251858f342c31e3e367d24aa03e5ae3ef840a2380af69f71157.xlsx,1.0
benign_sample_9095.xlsx,0.0
ddabcc392087818b1d46aee9292c954f3f997be659db01aa3f40e2f92f15f598.xls,1.0
benign_sample_6231.xlsx,0.0
benign_sample_128.xlsx,0.0
ae0b73ae045359ed934cb55bc49b8fb5494780a71ddd3f50f06ef21644feffb5.xlsx,1.0
benign_sample_6997.xlsx,0.0
8c428410483a74f09e4d2d8f2b55f9d28665d0753a286b467ac7459f4ac06372.xls,1.0
18b07a8aeb637d132a1a3c72bdd2c7d25f2aee8c31f9708efb944026a949c6b9.xlsx,1.0
5e019efe4f395e59309e1639d81db03d57919316eeae7f2ab26c29685886c163.xlsx,1.0
benign_sample_4409.xlsx,0.0
benign_sample_3628.xlsx,0.0
d56df5a9514c5c5bef2c023585991fec3d2b11b1abf1c9e0201108fc96337213.xlsx,1.0
benign_sample_7111.xlsx,0.0
287e58447d9ce7ee50187c29dc59551266c0819e222ac71ecf415c8063978e94.xlsx,1.0
benign_sample_6269.xlsx,0.0
4c35fba81783a0e138bb9d56403ca672caa4da4ffa0a044ec18988636df3b2dd.xlsx,1.0
76a9b55ca756ae574a90394bd66f3aa9bda5a18e809b4d640e1d11546f25928d.xlsx,1.0
b7f18c88be30ebafbf72f7eb35fc5882f7476ae10b263309cf204cab6d455132.xlsx,1.0
benign_sample_7188.xlsx,0.0
0c85b3f8f1997c59b86fa1519d4b2e4880bc766c31111cfb50b93ae53faa22d7.xlsx,1.0
270dae4d5ec1402e203f27359aa9c442c857b47d008f0b8477ec1809f6477947.xlsx,1.0
benign_sample_7653.xlsx,0.0
benign_sample_10.xlsx,0.0
benign_sample_2449.xlsx,0.0
benign_sample_7581.xlsx,0.0
benign_sample_2787.xlsx,0.0
benign_sample_5632.xlsx,0.0
benign_sample_2312.xlsx,0.0
f8194197ac25e3f303ed675d555406ed2ea23356769a2c904b9caf06cee05bb3.xlsx,1.0
3609fa988c61501f05d4fe9f6e7b1fe0941421e63b011e956d0e70e1c5b72f0a.xlsx,1.0
benign_sample_644.xlsx,0.0
3b9826cd510dd87596197995ecac4c4f732ac23d05f01089911d8bb8d46a190b.xls,1.0
140788ed51d6ff8b24af141db3fd8890c01993b59d5993292f9678399fa3c4e1.xlsx,1.0
benign_sample_5996.xlsx,0.0
50e6ab9438865ecb8b098bccea06958ef498d469c9c16609ab1c65017f991e99.xlsx,1.0
233b37fb29531e2ccec9604368b361644674e0d61f323e0deacadab436b56257.xlsx,1.0
e4f19bd780e1acdb26e8ba7ed1cbfe73abe6f789430e733a477ee194f644afad.xls,1.0
benign_sample_2657.xlsx,0.0
benign_sample_9508.xlsx,0.0
benign_sample_8310.xlsx,0.0
b97d4492f8d94475c82bdebec102895686e0d416cff170b3f78cc3e18a8eac3d.xls,1.0
a984819c944294dadce06985b8128930989e4cb9a1d69432717ead979abe71ca.xlsx,1.0
benign_sample_7728.xlsx,0.0
808bec7e30b2fd0abdfcdb4623783e0b64a9827d26d397d37bea35aa483c83c5.xlsx,1.0
15b3c9a091a2837be467c5de498cc6cee1606b37c9fd60eef5b173e79b608493.xls,1.0
benign_sample_6752.xlsx,0.0
benign_sample_1098.xlsx,0.0
benign_sample_7098.xlsx,0.0
a6558b710e458dd6f38e865601b8f3b5f36c4b70214904515eddcd329e5da6ec.xlsx,1.0
3ccc50d6d91e569d878426eabe87f0107f8c1e0bc09cb32c738f32d4b653ca1b.xlsx,1.0
a224de0a20a6099cc5b59ced3c0a0fd69e34334b33cfa024e4fe9e968cd2443a.xlsx,1.0
c5f69aeb150ff68894dc668c36c00fed7f7b6b326239cfd009ccbee757cb7236.xlsx,1.0
benign_sample_2858.xlsx,0.0
beb169971adc459ecb6d4502feff0946463223668bdb27a1598d95655c2e090b.xlsx,1.0
13d547716cb57574875e75f6cd10c9df4531ff71b8912956ce2b54d3e9708380.xlsx,1.0
benign_sample_8038.xlsx,0.0
benign_sample_5249.xlsx,0.0
183f2419357b3a35b936d5fb2f5b38381fa5ad0612742e42541b8a0dde651e60.xlsx,1.0
b396fa7e66c7bbf8f4e0be9c50bcab005b1e88d5fb2c7ba972b9b119d01a9f9f.xlsx,1.0
513d296ef97b994ef5dac3dbb835213f5386d465d558f5beb9e20c789b7d137e.xlsx,1.0
benign_sample_22.xlsx,0.0
benign_sample_3478.xlsx,0.0
benign_sample_3696.xlsx,0.0
benign_sample_8410.xlsx,0.0
benign_sample_739.xlsx,0.0
af26ea7f8a730bda956dd9afd9af7acda9e34401f24564114f1014d0225302f5.xls,1.0
0fbb989a9655d26a65e7ba0d0365ec737dbd5a2321402d16f6f96fcabe1e856f.xlsx,1.0
benign_sample_5656.xlsx,0.0
ca91a8dd6f50202cdc5ed444cb1c1f447f2dc108f2c276658f337c93259fb1ce.xlsx,1.0
8f1921dfc54861f82e620163d75f2c18349131954a76a145138cf2f41f498677.xlsx,1.0
45396624a6baf645800513cdbc6111703399e137c63c4498c0e9cfbc99b141f9.xlsx,1.0
benign_sample_4095.xlsx,0.0
b0262f17d19b567b3c443ab9c47d0809f5616bdfc3497558cc12ae4c93e45f75.xlsx,1.0
76dcd998b148a5e11a4d0fa5e43c15e7b269e6bf00c36c60ed0c7bd4c169d73c.xls,1.0
2a23f07ade137a28c46955051bce163aaa5140db202cbfb1db03b7ea47f7ff57.xls,1.0
9a5ce716aa165e4c8b695da9de3a49da58bb8b9fd87467ce33018e5d518954ed.xlsx,1.0
benign_sample_2103.xlsx,0.0
b0a96e872a7cadde1ff2f103047f37ee2bf55bbee88d8309c0028645ebd4569c.xls,1.0
benign_sample_440.xlsx,0.0
benign_sample_2158.xlsx,0.0
benign_sample_4106.xlsx,0.0
benign_sample_6898.xlsx,0.0
benign_sample_6053.xlsx,0.0
benign_sample_3935.xlsx,0.0
9596d8fc088eb93e4d2acc50bda87d864b5f87d7b2a842eaf8b53ae2885152cc.xls,1.0
benign_sample_5338.xlsx,0.0
09afc97b14d2e89f762dfa59100147f003867129f3804921cd79161984024b37.xlsx,1.0
benign_sample_5019.xlsx,0.0
benign_sample_4522.xlsx,0.0
benign_sample_8899.xlsx,0.0
benign_sample_1665.xlsx,0.0
benign_sample_6277.xlsx,0.0
a2369537aad92d9febb1353752bf07d7f85e5592071a6f417c9ba24a3d36aba8.xlsx,1.0
822650904111645fff62438d08c732ad9b91dd5a194c6f2d3e9c785610ce3463.xls,1.0
benign_sample_8647.xlsx,0.0
2db3ecf359950e3c853dfe1ae2e84bd0087e7da8830a7e8066eebe3e8a7f7721.xls,1.0
46edb08cf155e4a16a9de99ab757f13db0f0476e71d5527e8a568a4b04d06f5d.xlsx,1.0
benign_sample_9398.xlsx,0.0
27935f169f2b4c3c036ef1c1ad86835d4cb784519a33f65a6b9dbd7ed8a0d91a.xlsx,1.0
benign_sample_1730.xlsx,0.0
8d9e1daa7d35a59cd42d339ac5083118c2d8a762a71a656e606ddf63c154ddfa.xls,1.0
1993970f074573cd9635464ef84891724cab97c8d9dacc4688b30d0325de748f.xlsx,1.0
9457ba01dfc52f68d8825af78ec787efd5c86abd8c788aa6093d3cf16de5de66.xlsx,1.0
benign_sample_7947.xlsx,0.0
019fa669e854930a79366d4d42e1e8566bdad2537455b114dca8690894e52f81.xlsx,1.0
benign_sample_693.xlsx,0.0
10a21a1f332b64f68ffc594374b10ae72971e0c4555b332e86b138da922334ca.xlsx,1.0
9585b1c8b8b45e407d6e9c71a177ab04ce211fc3b8dff4b935ff4f4d5a408f2d.xlsx,1.0
benign_sample_1305.xlsx,0.0
benign_sample_8299.xlsx,0.0
12de42545f81238728010f5c504351691ce5692575edf2f43e92c315071bb62c.xlsx,1.0
benign_sample_260.xlsx,0.0
benign_sample_6595.xlsx,0.0
f7f7778dc5a244f1a862b5b806819945d268bef037049d962c50ecc723ff9773.xlsx,1.0
2289c3090494503037607e82a89748d06dae3bc85be888f2415bfc2ef33ed418.xlsx,1.0
a06c9bdf2b4cda06f2794eac1611051dda78ff8a4e713202658a65c9e2c562b4.xlsx,1.0
1004afa013863582c46745e82621b0f068f0463cce8ac33904a83d7f720caa74.xlsx,1.0
benign_sample_544.xlsx,0.0
benign_sample_8121.xlsx,0.0
31592edc5e101adf6fd5454d2a28b4799e42bd5a01ede1bfa0294f250f80a089.xls,1.0
benign_sample_6065.xlsx,0.0
8eae2db67186a7ff3940b8723d458b453914c0c97af9fde570fcf816b3ae2b24.xlsx,1.0
7ada3f791838033e3140e7909432e19a3d257fa107588e99cf88a00dfeedb4b1.xls,1.0
9291a30cc58874f0281e559b1b0f6fe72ef429e25e9bd88e483863a0b3559e57.xlsx,1.0
benign_sample_5269.xlsx,0.0
benign_sample_9770.xlsx,0.0
benign_sample_4887.xlsx,0.0
97163d87356bf0b69aa602ae0fa39d068b2408f6d7357e8929fef2d0334c5704.xls,1.0
benign_sample_5353.xlsx,0.0
9d7ae4105dd71edd7252fcdc6ea76927be10b08ef64ae85ec860663300a834cc.xls,1.0
benign_sample_7308.xlsx,0.0
benign_sample_3941.xlsx,0.0
64825f1053e2b84f1722fa107fb145a1d75eae2332ad47973a102f015a7a9d33.xlsx,1.0
7d997110981fa1174452ce7217044d117f1991aa3607f267fa7eb9b9c826b9af.xlsx,1.0
benign_sample_3870.xlsx,0.0
a0a3568f483239adaaf0e7e745c9791605a794f62d3cd44ebe18171422d00510.xlsx,1.0
c908addbd9486fcf3ac77a06e4d0b48422a7778f7f855795d2b9608908f57426.xlsx,1.0
01bb2dc89b0c4259785be8350cfe1c6085047e6149c38174494b3ad7f078a69e.xlsx,1.0
benign_sample_7059.xlsx,0.0
f2986d0e81cf57ed16bfe0afc22d0fc9bdce099de39854ffd76e1c0e8a16f106.xlsx,1.0
0510d32f4d774130d04134eb8c9f6f19d04d30de144ff245466dfeb08c1e4402.xlsx,1.0
9bd1c64bfaddd77b9d414ec74062bface7d15a99ee1d850975a01120a50fad9c.xls,1.0
benign_sample_5534.xlsx,0.0
benign_sample_4125.xlsx,0.0
76b28a6fcf7c2431e7817b95d5284e707c783e207179007d204987640f5534dc.xlsx,1.0
55ef44c265ffb1fced5a733d71737d936284276c3fbe9151bda77d9a8e21ab40.xlsx,1.0
9a94aaa41f8ebd8eb9729b288065278fc6be1836c16c0bcec6e5425db9562dfe.xlsx,1.0
c358681ef254f1379b3d62756d612042bb11d36cd6416e2c011824ad3bccb51b.xlsx,1.0
benign_sample_8306.xlsx,0.0
benign_sample_3403.xlsx,0.0
ffad3a19b964b9f0cfeafd5f5040fad24a0e45871ee17085e69b057cc53a4a26.xls,1.0
caa12722e0580d234e7ae0d8c9e89790425f726d49efefbb2bf3b6d38ad3c845.xls,1.0
f4df17393ded80993f0dcfeb86177bfade99a7a93805d232d60197b079825f0f.xls,1.0
9aa084ce34c6b511893a0164b497c068232735ef5a581fffb38f9a4517948184.xlsx,1.0
benign_sample_8569.xlsx,0.0
benign_sample_8870.xlsx,0.0
93ec306bcf68e1efefe89ad5e5962558987c9df3487f6e121e3141bbd84202c1.xlsx,1.0
benign_sample_3781.xlsx,0.0
9e4bf922ab4a78de5f581af1c78accdd8c3bd740306e4d41e174fb37f50c4e96.xlsx,1.0
benign_sample_2256.xlsx,0.0
benign_sample_8574.xlsx,0.0
3c3e872e0df7b7806ae47b846cb2d8d65ac3c0b2b9e38c1d3cbd95f7e6bcbbc7.xlsx,1.0
a6eac82225bf7f997d78efac1961cb2a3c8988f5cde6e2fdd1e827975cc0b89d.xlsx,1.0
benign_sample_6137.xlsx,0.0
b4844d9122daef4300f784786d315f1ad5af4e0bf4909809738436e5f99f8725.xlsx,1.0
benign_sample_1884.xlsx,0.0
4991b42e965212907f026d9b76fd46f31a57714ab52b38d93e5d3240683aff5e.xlsx,0.965
2aeb95c949f4365d6bca1fb68489b44b11647d0eaad6e03355a2d3659ed76c34.xlsx,1.0
42d370d12bea3eed279a330e63e75a0d34f133c8bb2388c92b9b65e8094bf691.xlsx,1.0
6983da3b6974b6c2f434f1d4bb9c8711a028482a74aa92a4f61aa1551b5ad125.xlsx,1.0
c943a745501248873ea7efa9a9b6cab603adeaaa596353c9428d5553a211673d.xlsx,1.0
benign_sample_6674.xlsx,0.0
benign_sample_6768.xlsx,0.0
benign_sample_4610.xlsx,0.0
4efad4c60b2894540134e8e602206de7805e5285396a9540536eb50c5fcd21c8.xls,1.0
82f32e4b77fe9b48ea7a4fb232ebb9d3b6bb61157b1889a9ee30ea8690ebbb9e.xlsx,1.0
benign_sample_8335.xlsx,0.0
benign_sample_1544.xlsx,0.0
benign_sample_675.xlsx,0.0
f790f80920a6bf4c53ffb43269df9c3abf206d44bbce5f6b4e1dd2edbf7d5e95.xlsx,1.0
111b14116d670212164aef667e205c6ecb92eba75aa74d5432e8bc58cd13fd16.xlsx,1.0
56d02e997ca5210e89ef9d770473e95f61701f65554ddb72db39913e8984e0aa.xlsx,1.0
benign_sample_8099.xlsx,0.0
06c24e37d4107bb65fd54ee36cbb0f22a08ea383176e1f467bfa77a8cc98b4b3.xls,1.0
benign_sample_6830.xlsx,0.0
04d307d2ec17b5db9467d903702f191d67321920b6d228f726d80abdbd558a3f.xlsx,1.0
6d9d57b319e27a50c352d638129e0159605bd7c26917a053c87aecbfaeb569e1.xlsx,1.0
benign_sample_5696.xlsx,0.0
benign_sample_6930.xlsx,0.0
bd1cc6c6369011a075ca49c030d40169ca196e3a8d1f4f79caa975189d8e96a2.xls,1.0
benign_sample_7369.xlsx,0.0
72a6cd224d41b2d4522d4b1ac396a5993ce7aa9614f58a935a0088c091ebe9a3.xlsx,1.0
50e167886db7ab75b9c4cef2174319abe4130dbf6f5833e4fef5517fecd51872.xlsx,1.0
benign_sample_8680.xlsx,0.0
benign_sample_1606.xlsx,0.0
benign_sample_7062.xlsx,0.0
c3ee22d25fb93af3245a4ca5c635dc21e8da7b79593299790852988ade7b6dd0.xlsx,1.0
ac74c6995affb203c279153a8318a638fca382ba0c3dfa3cd84bdaf1fe57bbf6.xls,1.0
79d6877cc41b591c55bb21d481bac0abeb2f3b24dd08e0d864958693452e11c4.xls,1.0
benign_sample_1405.xlsx,0.0
benign_sample_2632.xlsx,0.0
benign_sample_5803.xlsx,0.0
benign_sample_7324.xlsx,0.0
benign_sample_1297.xlsx,0.0
benign_sample_5533.xlsx,0.0
85278a1649ffd17dae84fce72827f804b0091b907efd841ac95f6b4644fd8d5a.xlsx,1.0
2177893e7253411d6658a8dd27e782baa55068be251ba4626bb3bfe3818dad62.xlsx,1.0
benign_sample_6352.xlsx,0.0
benign_sample_3379.xlsx,0.0
benign_sample_3316.xlsx,0.0
benign_sample_3191.xlsx,0.0
b62c0824bc30d66870e7179c4be7caa7353d3e4b1c9bbfe8714331efafc6e934.xlsx,1.0
896b498361e9fbdae647e584d549c55e137292cc6acac366227a2a9b5f490dd1.xls,1.0
benign_sample_4007.xlsx,0.0
09ddda7f74621fb1ccc86e0ca25ab0230d1e2b6dd471109b6de9a97477652539.xlsx,1.0
42aeef1b5f9d53105bd3d9076b7634e1eed53f89c9e3577426f4c51441e4fca4.xlsx,0.945
288fd66d5ce20977bbd5bddc1173c7e17fa9411ed4d411d6496616c1417c17d4.xlsx,1.0
154eb1d11658880286f310c0736297ced93d19084940dd1f848cebf1caacb310.xls,1.0
benign_sample_5740.xlsx,0.0
fff31d677f86404d114c07a3a4223f5ffc5966277d6303418088b547d75863a5.xlsx,1.0
29bf642213921602445d34d9d6881d4d8b9e96da2589c8257307dc069bfc36e7.xlsx,1.0
bb7f172d1ddd8d798bbe1f2bfb56e5029f07c34b3f429416461c9bed5b0287be.xls,1.0
benign_sample_3093.xlsx,0.0
803f85ff16679b78ef373bc5ad30723c82c2902f1958a53ec5cffafeee4d4b2e.xlsx,1.0
benign_sample_1414.xlsx,0.0
82619c811f7b7e4c903f2f437abddabf7836f1c92f3639374d5384526340ae92.xlsx,1.0
benign_sample_7677.xlsx,0.0
c5c4608078bfe1044aaa79bfc64b1e584a7a48fc0378fe3c65ee12cef4726561.xlsx,1.0
1889da0618f6c1e7107821309d5ef0d97fe6131e68dc5128fc830607346e2065.xlsx,1.0
benign_sample_9144.xlsx,0.0
a48ad672a5a4347064678ef331907d0ae18b8ac2edc28ff0ff31b414122be551.xlsx,1.0
b04415e5e272de7e3ed49858011f9cd780edd4f25bd428d2634f4a18637a4859.xlsx,1.0
benign_sample_9343.xlsx,0.0
8544b5ecffa12c5f0b35b931ef7dd9b738bac2b2d7ea75419a6216b8d2174670.xlsx,1.0
benign_sample_87.xlsx,0.0
aa02dda4636bca0bad99e6d1e7a6d7d8c56476eb15c566bc9eb2fa7eb5cd8e6e.xlsx,1.0
fa8008a2015d2d78b610f11d188c2bf2a1809ff447ec611a8d409319a2523544.xlsx,1.0
benign_sample_784.xlsx,0.0
a50c7d30cd1bda9d6c14fecd2d17fe7cd39c9a923c02c7ce5de58ffc6a7ffb82.xlsx,1.0
f431929ac6133e2a375488531a9e3f7452c657587ea5ccbd25a5980ac098eaac.xlsx,1.0
910ee5f1200462e135a997383a328495e884a84b79fb0ddbb0852a8395721d8f.xls,1.0
15419c03f26487cd75d625431aa191223f3c329d38268bd8faa7dafe1ec0c0e9.xlsx,1.0
benign_sample_8587.xlsx,0.0
92bdcffbf60bb935c2e738399b823219355c757ad66d8259547838fcd2b2f091.xls,1.0
benign_sample_4185.xlsx,0.0
benign_sample_7449.xlsx,0.0
benign_sample_7880.xlsx,0.0
5bf184ec9b207dcbf21c706cc60022a4b0360a27129086273d1a44dd337caf55.xlsx,1.0
benign_sample_9440.xlsx,0.0
benign_sample_9310.xlsx,0.0
b5c3446f393721feee90a203056131eaceac48fb209321e58d8c78d88fc27682.xlsx,1.0
benign_sample_1280.xlsx,0.0
benign_sample_868.xlsx,0.0
benign_sample_6490.xlsx,0.0
d4e19858889a5dbc289babdad43b0ea57ce873fd3225da6726d485003893c776.xlsx,1.0
a38e8c12c0650ca7f178f5fdde3a92c25396917544684ae673fdc18049306991.xlsx,1.0
49bb00876444277ed532a0c543305d21667d5a9128bf17b6a99543c04b127a83.xlsx,1.0
benign_sample_7125.xlsx,0.0
b609679d4d71549c33e4c3afc0ef6fa4bb24c3bd3de7923697c2a45a008efc7a.xlsx,1.0
e4683f11c3451a78961282b2cd2174fc0f2c2e0669ffadc4f2ceba8adca0e246.xlsx,1.0
3507f6c8d65ef89e9b284219ab670e6ec149298c995c36a0978829cf6d349edb.xlsx,1.0
fad6f303109fca5090e9b9608cfd6c5d70de9fca180191d2f4a0c040e4814b14.xls,1.0
4124992efb9328d4db5b2f94c4db7f4cdc4e421cc45f3641c7ef49c0418c5df7.xlsx,1.0
b496d4beb5df3df3367486df2bda1526bbb0520e43f85b498035b7321e7b023c.xlsx,1.0
benign_sample_2534.xlsx,0.0
fe667d6f3b6a80b5cd08944e39472885a14ba8d69c4e76489fcd793f15412e58.xls,1.0
benign_sample_5313.xlsx,0.0
fe1d20d6a3f6ac4d870b8a38b69a29d2a67464a300d2d527ba9c45a11f9d2b60.xlsx,1.0
benign_sample_3261.xlsx,0.0
37f3f17cdb6564edc9fcc276a9db930235744cdd21f9ac47d4b733d3ffe9f597.xls,1.0
benign_sample_4163.xlsx,0.0
3c8b54def22442aaa334cbae48263d897ca2d62d76dc4df4e6efb03849d8c2a7.xlsx,1.0
f81456a50fdd4b1be484ab2c20bd9fb68c5ab303a889ca321756ec718cbad6f3.xls,1.0
8c6e2feebbea7ad168d26e13f09b6720b5622d0d775380d045db76eb0f61d559.xls,1.0
05a9444b1542ec135d08695868dbb352c697919c919db882fa8ad5dda1698ca3.xlsx,1.0
45032e071c0522a80097b2114930aec322b608b1b44ee9607b2624f679e84a0f.xlsx,1.0
9c4e6e78bda1d3b9ad5d05dc92dd5f8d269c0f0041e2c874d09fbf2f855eb046.xlsx,1.0
9e32943020b094922a3403a339220f4e1f32b1fe424ebbf68f6d6ead4c542334.xlsx,1.0
benign_sample_97.xlsx,0.0
benign_sample_396.xlsx,0.0
c80c966715aecbd2b43dc364131511eb0db0ce5046eebe576750f2132e0be6c9.xlsx,1.0
benign_sample_863.xlsx,0.0
4bbf0c125c4991fbdde206518fd050a9f66f2ba517cdc0b746a84c8d707977b1.xlsx,1.0
68ccf7621036a833bc01ab5aff922b4fd0735a24f96992d9b1a6822e94f9d0b5.xlsx,1.0
14074dfc74a20c9e434fa572ef816a49a0abef40baa955c5090065e1f3eeda47.xlsx,1.0
be2fb3d1cbf1663cb0de5b45745df744650f5f73dd932ef8a6e003d0fd743d02.xlsx,1.0
benign_sample_6023.xlsx,0.0
benign_sample_7255.xlsx,0.0
678bd3ebd373023271d962c53d7e4bcc0060c33c5429cfcac39d1d67d363abd8.xlsx,1.0
benign_sample_3022.xlsx,0.0
243e8365d8d7992ee6011f32eff3d76c9a70afae4d7b5575deb949891962153c.xlsx,1.0
benign_sample_9274.xlsx,0.0
d16d3469c3248ea19ebec0c7800423e2121f8edebb33dedb16c9c0565e02acff.xlsx,1.0
benign_sample_1642.xlsx,0.0
293d8c0ec851f319bf26bf0158f251215150ba7886b1d66f715cfd2363914272.xlsx,1.0
614549f620b2f4473e79eb3b53b86f91d4dc66543c51648fd9fe0a543db0dd10.xls,1.0
531332cf17b821037ca9a70d827c4dd478200f0b67525b744e30b9de6b2f9df8.xlsx,1.0
benign_sample_9002.xlsx,0.0
0bb447388ca6f9fff725bbf1b81b2421a58dfcb0a3722e030a0772a2f81de7db.xlsx,1.0
b201a3917075a45a497d8d8cf0182d6c554501d53454a90861ad2056de466fab.xlsx,1.0
benign_sample_5450.xlsx,0.0
a9edb3731a01485e56ae2cf92a1c87f658ba4be6fcab24b01019f88a440616f9.xlsx,1.0
4ec015da9a96958df51b5816b63bc8eacbbeac16aea723835fb0b057bf492c7d.xlsx,1.0
benign_sample_3331.xlsx,0.0
benign_sample_2771.xlsx,0.0
benign_sample_6974.xlsx,0.0
3e09915692531b6fef124b9f7a8ec7c8536ba2979b7840dfe285a1bfa6ab61b3.xlsx,1.0
aff043bed5747149524ee06059ef647e57a4fc9e585bc3d94195bc8ea92c9d5e.xlsx,1.0
benign_sample_9868.xlsx,0.0
benign_sample_1802.xlsx,0.0
benign_sample_6714.xlsx,0.0
7c75aec49ffb4287b8b4196ad7696d5aaf3182d8b5d3aa2c777cf68d62d5feb4.xlsx,1.0
benign_sample_5066.xlsx,0.0
benign_sample_7417.xlsx,0.0
692a3d98234a1ac0caf9106ba58c934faeffa74711546b209a6ba0580d8da7a5.xlsx,1.0
a59cb233478b2152fb1b4ae9485401cd1dc6e69c9d0f969a105854076dd3e3bf.xlsx,1.0
8b40a7d704d2350a1d6ef90726de56e847fbee9ce5463ce802fbc521b47577e5.xls,1.0
fd45de7deb1b70bed458606c7fcce1b9e40ac410e6c95efbec674473ab070ce1.xlsx,1.0
c9c64476b8e74850763a1bbdd11855d964c53892af7fda9ea95ee7cb24e8903d.xlsx,1.0
8bb6c505ed1c924134869877d0ef6c34ac56ec35db5fe17b7c6f293627a4c09a.xlsx,1.0
7f1e2ba938fc7bf91ede8cfe8cd83c14b6b82ba6a1c8a0a09acd00d9fa6b913c.xlsx,1.0
benign_sample_1489.xlsx,0.0
f11e0aa2d4e49444850b9f578ff99ade49bcec703c52ad09b5e26bb871dd5092.xlsx,1.0
benign_sample_5738.xlsx,0.0
2271e2b3b1217be3778b5d997a3d1d1c7dbe9b3128331022968098f30ab245ef.xlsx,1.0
benign_sample_2096.xlsx,0.0
benign_sample_5501.xlsx,0.19
benign_sample_6485.xlsx,0.0
benign_sample_8480.xlsx,0.0
e559b417578b9e8e665c040cefda6d30d17b56829d98fa4c52fc99dfc045618f.xlsx,1.0
6947d0db3adfbbdf4718f9fd1526ec82e0a3812b56e412f9143556bb30d9a107.xlsx,1.0
12b19d00b8b55a216fbe3d5fd1aae60575c7452b53efb7614004e8037c15af39.xlsx,1.0
b2b24497206ad1267683b6c1b2fe92a55cad6f45d8c47ebb1d397476c811fcfa.xlsx,1.0
benign_sample_3196.xlsx,0.0
benign_sample_3218.xlsx,0.0
benign_sample_905.xlsx,0.0
benign_sample_8167.xlsx,0.0
benign_sample_7788.xlsx,0.0
1060b6b6d4bcf94b5942e81759325f06d9b5c57b17e5d0ea3ff306f1bc9f9525.xls,1.0
benign_sample_2221.xlsx,0.0
benign_sample_8765.xlsx,0.0
c485011c656c494e9008d7dfdeba65da60e33d8603c26614bb79b66dee29c92a.xlsx,1.0
2913da62af9a42e68de2ec1ae0febfa621ea4fe2f60b5af7fb3e0c67205614ac.xlsx,1.0
benign_sample_1042.xlsx,0.0
2829b838729946d3d22830dfd1b373ca7fb06667eeb7ab9d4eede6d4b13afebb.xls,1.0
benign_sample_5750.xlsx,0.0
benign_sample_8719.xlsx,0.0
cd18d903a0ff98d7487d8fe62218c514bd7a2037f5f4e32f2b81a5242cd01ead.xls,1.0
benign_sample_3795.xlsx,0.0
ee88089aec2e4691ed02144d4284ca98520d87ddd5b59bc4031a63c036101344.xlsx,1.0
benign_sample_500.xlsx,0.0
benign_sample_1888.xlsx,0.0
benign_sample_6874.xlsx,0.0
benign_sample_6259.xlsx,0.0
720a5787a0a664c492ed21d2bf71b6124d33306d5a5fb6c47e699fe72280f157.xls,1.0
0bda19993f59837640be7949ecacc06065b97e550496e8fa8d3e402e51995203.xlsx,1.0
5af730a3e336ee23e48cf20d373c8bdf712f0de04fad630f109b964b01b03b2a.xlsx,0.985
14bc64ad223cb338f04b46de7468180e22e2ce2ee9af6d101b32f67870deb62c.xlsx,1.0
258b9305ae4e8d647c2a7732e02c34edf9a29b935c91cf2e0621848579cd3b92.xlsx,1.0
benign_sample_718.xlsx,0.0
feb048ecea7162dc0edec87d87d732221fac8ef0ad24f6c0ed3f81e31dcde849.xlsx,1.0
8dce8e9a7d1fa8201234dcb2e2a58952673fd0eb45db2c2c207764ec9d95e638.xlsx,1.0
benign_sample_7965.xlsx,0.0
benign_sample_6043.xlsx,0.0
benign_sample_4651.xlsx,0.0
85aa2aa12931776d5d9b3a9612c322f970e9827e8ac75e2bd88ca29db004ec58.xls,1.0
2ccb720ffa9c042bb2b2be0952db273250f185e810bc6872326273debd65ef04.xls,1.0
benign_sample_694.xlsx,0.0
benign_sample_2293.xlsx,0.0
8296e9d0b1d2a34ae0ac67a2f7453aba52d58e9fd9b255640021cf0e2ba83b60.xlsx,1.0
benign_sample_5984.xlsx,0.0
benign_sample_8903.xlsx,0.0
af9ca97e89f5541118189a86669d640b6a25dddbb2fa679c9be9fd1e48456fcb.xls,1.0
bafd9e28db43f5599dea10a396c450906c23f42abbd4765a2ba001521a0fdd2a.xlsx,1.0
6873ec7ba2e49a925335f2d0b87d568b9135a115c5e64ad9f9c93dda4a02f02a.xls,1.0
benign_sample_7319.xlsx,0.0
f4cb11218d0aa361f247dbfaa01d1698d0c26cc41ae2ef247ac3cc86c5cd8bc0.xlsx,1.0
8946c54814cf8928fce1229830b682fab9620d7f7972900d5f50d7bd84e532f4.xlsx,1.0
benign_sample_6069.xlsx,0.0
7b9af26405d846131102222a04d5f46777a50ee63f4f5adbba9426e6df6c4f39.xlsx,1.0
2713d6dea4ce2944d56248cfa5c3fe0d3173574954936d87eda7a4320a0f1ea9.xls,1.0
benign_sample_6279.xlsx,0.0
benign_sample_5868.xlsx,0.0
benign_sample_4170.xlsx,0.0
59253dd636251a8e1ffd0ab7343f8cb0b2b341a205f70cc0cec35997a720366f.xlsx,1.0
benign_sample_1215.xlsx,0.0
de30e034279437f7a379fb28438c53bc2d6975351f1b685755969b76c98e4efa.xlsx,1.0
cb1b90589b18926eccdaa648b35f76824b85a6820439a7d6cffcda28ee1c154b.xlsx,1.0
464db543e1234ec91bcc2bc4f8d7518be6aea7974395d0ea0907282d2ed3ad1f.xls,1.0
benign_sample_3570.xlsx,0.0
308b593f5b62b6ab4cf14a46ec1cd2e3b4ebbcc8f96f50a9e3463424410a0570.xlsx,1.0
benign_sample_3650.xlsx,0.0
benign_sample_9086.xlsx,0.0
benign_sample_1735.xlsx,0.0
benign_sample_3292.xlsx,0.0
benign_sample_1683.xlsx,0.0
benign_sample_892.xlsx,0.0
benign_sample_9710.xlsx,0.0
6515c47c1fe18dc7c9f92bf95df962931a2ea49f1cf4410c8c21aff6a54bc84a.xls,1.0
18f77b66a1833a653b61c6223094aa43ddd3abbb87d607f7ac4668769d1ae6d4.xlsx,1.0
3c200454f4dde8b6ddfbd3e5a08e7f8e28e7268da1653b4ea06d21c2437dfc2f.xlsx,1.0
benign_sample_7849.xlsx,0.0
72c36881f8f23b0382e57430598f9ad2d4e59f0acf50f9db802d805725c6a620.xlsx,1.0
benign_sample_1949.xlsx,0.0
90877d7390437330a93a79362678ae02cd755c62fa9079ae4b78533213b279bc.xlsx,1.0
45bf1402c481b7aafdf86b79417cb1bf9fe5d6c01bb0d39ced4a535708845227.xlsx,1.0
cb59d09cdae79edceb4f5aa95dca34e81d6ef5836996c6f39e1b7c24dbc77621.xlsx,1.0
f61c3ae368c41f12eb54344d94ae8a2924469e49eb0ea18094db98a351d3a343.xls,1.0
127c178f1858c77827d49473c0c9f770421d74ffcf8eae31b4ecb28819da241d.xlsx,1.0
3a4dc33f85caf8737d378215f86adb9e5577aa9c6d1e231f0ace8759837c1cdf.xls,1.0
ce7b5009826266013b30d41cf8bc9f2b811b8780fc01cfc6a7019dd98462e8a8.xls,1.0
benign_sample_2863.xlsx,0.0
c6e1b5a7064867a73604fd6aa7ab477793b3ab1e2066923cf74254ef4bf931a3.xls,1.0
cd18e4093822ad4587e1ed90de956cbe8bb0122d1e151e11113f14a7730ca76d.xlsx,1.0
benign_sample_4075.xlsx,0.0
de39dcd434b4caa32e2f07adcf4b0905b5bf34717026b4e6434bc0e79aeec91a.xlsx,1.0
883e029af2f82368f65c3140c8f87278b79e49046bab8336a56d2ce0a93a7605.xlsx,1.0
fce9ebefb247a76f0441140b32c89eb75ae6a63abdb312d7d8ec8a2406da31ac.xlsx,1.0
benign_sample_1555.xlsx,0.0
0798743ef7f6855087a7322dd28736a830d45b7fb9fe122f4333048fe4e540b6.xlsx,1.0
e320906c1c1289efb9778a9b4b7ff9423d39d901c5054ecf6e90e55ba40c0d0b.xlsx,1.0
b8962c1c7c43d1f6d4751c07f60719aa30f4bd28c04a8ea5f5b5a37e1113f21d.xlsx,1.0
10d164258a05b43017ea2344e234477490adaef157633778e0a2f2f558ef9385.xls,1.0
23dc54d35406a09e9c7ebc21aed24c81434f62784b5a94ff6b762b39008d3a05.xlsx,1.0
benign_sample_7038.xlsx,0.0
7109feb33cb63c55f6f0fe0d605a617891dea37f866ea13a0aea914f94f0029a.xlsx,1.0
benign_sample_4344.xlsx,0.0
benign_sample_2133.xlsx,0.0
7876ca6bcbebb4dc047e65df2db2faecc902a2011d10d8d955589628fd20684c.xls,1.0
benign_sample_9146.xlsx,0.0
benign_sample_1574.xlsx,0.0
5a4fecdb87f9e9a30d685757c4cd5018e64799be0a1005690cc508af67fefe7d.xlsx,1.0
benign_sample_9468.xlsx,0.0
benign_sample_4175.xlsx,0.0
eb18ef6ab7614776fb05d922bc4c53681719feef254f83868899ec5a42c87378.xlsx,1.0
95761ae4efbb60ee498b7d56d6c84e48753a21ab59a655f5439b47167baf6ea2.xlsx,1.0
benign_sample_2744.xlsx,0.0
benign_sample_1837.xlsx,0.0
benign_sample_5700.xlsx,0.0
benign_sample_2400.xlsx,0.0
benign_sample_3925.xlsx,0.0
benign_sample_5955.xlsx,0.0
benign_sample_9307.xlsx,0.0
481456c561dc3faba47b833b491bd0378a0b372e8de01ae80a56e4640a15b01d.xlsx,1.0
a2e7fd58af2e6742c0cc0836760671811609fff444593863aee782a013cb1540.xlsx,1.0
benign_sample_2597.xlsx,0.0
b099720c336345fdeacab3da19844de7f31e7549f23af38a0d572be4f936214b.xlsx,1.0
69684f9a0f8eee09ca9e316a0710eb639c18e2c5ec4a9816e7d8d9229e16ee58.xlsx,1.0
benign_sample_1411.xlsx,0.0
c4033754d79d964802ae1ec989149bb6be38c9a4ecdca4b5f3bc1e87083fda6c.xlsx,1.0
benign_sample_3300.xlsx,0.0
77f0d2df5834c013b6e8968310f2c58a1d8765c24d4857605b5a8259dbb44bba.xlsx,1.0
8678216ccb71d2a9a7c1aa5199daa35250880bd3418a4705e58c37f036e8008c.xlsx,1.0
benign_sample_4174.xlsx,0.0
benign_sample_2321.xlsx,0.0
15178c46638c5c40d176bbe171579725bd042e65d0e56f3e71a134d0a9529790.xlsx,1.0
benign_sample_8986.xlsx,0.0
ac6e9d00f0f764c764a67acee2a9b8ba98b79285179689009be4f84d90a90a77.xls,1.0
3c195e0c3aea343b9e3b2da11b88408504e5f4e21e7b521e2acc76241af84869.xlsx,1.0
benign_sample_6578.xlsx,0.0
b3920ede40455fca2fbb1edfc6299d2491fded7fa6e7fddb4a1fd4f74bfda921.xls,1.0
9d55010635728395d5252f62e50df71ab65f416a0b568ceec3452941b08f1432.xlsx,1.0
37be5f16879c547b43eae72f5919c0c1ddfb41aa67a631d08b3628823ed44616.xlsx,1.0
0c8042e4a485e80ad4a293d39cb6ebd89449389402ceb768a13c3639d47f5a98.xlsx,1.0
benign_sample_9547.xlsx,0.0
benign_sample_2524.xlsx,0.0
20c3d056019a7f2881028fc4db9f160845dbef00df5a9b54e8268df1a50e2a9c.xls,1.0
benign_sample_7279.xlsx,0.0
96c05ff30bd944d33ec8df92cf7facc8e24b7c41337b53c2ec7b148391c34909.xlsx,1.0
0a192f7365cbe905554c04c199ecd43d31ea21e5aa2939eace22b59e29715319.xlsx,1.0
benign_sample_7240.xlsx,0.0
benign_sample_4912.xlsx,0.0
b3c2189858b6c7487f1c27b0922f9a0fb1ca6b52c789cec2bfe745e20d93147e.xls,1.0
d1c7d0e7980b60b38a05af5fe3db1575747bffa67c818a12f152801b3c5f5d9c.xls,1.0
benign_sample_3050.xlsx,0.0
benign_sample_9704.xlsx,0.0
benign_sample_850.xlsx,0.0
9284e99d371200358057e45a407fe8d1842827ab8ba3510f1e4d9448f2c36926.xlsx,1.0
benign_sample_238.xlsx,0.0
4e2b21fa3536ca18f18606c11e5e37303815bff2208a960fd0af33ce095fba5f.xls,1.0
3576c7491652236210183f0b6620586017fec98ca0d2628abd1aaa4c26791f56.xlsx,1.0
124e5f0ebc6237c67a0e7b3e7830a2d2afa4da0acd47b4ab42741d9abb3f6e8e.xlsx,1.0
1ffa8740eef2d512e0f34b42885d319a3ec66172452ccf45c9ad53e4faa11ff6.xlsx,1.0
benign_sample_5553.xlsx,0.0
benign_sample_2911.xlsx,0.0
21d843b72783cd43a6a3a8e2d15422bc5bb818e0e2397fd604f73b6fe3b83bcd.xlsx,1.0
6c346a8d176cee9211a518c246334cc5a3b7b69c6dce79ffc750137888f7338a.xlsx,1.0
benign_sample_1570.xlsx,0.0
benign_sample_6603.xlsx,0.0
ab8e0b37478ba05e901e66b502b1ee087e7112d092b4b8389e37265d11a4fad3.xlsx,1.0
3451d4742544f1464874001bcd59559c98c367eeb863d04257be9e37a625faca.xlsx,1.0
benign_sample_4900.xlsx,0.0
9111bde8b757ce51bd540728ab2672fff7aa5a9f75fdf87ca43659d695df4c26.xls,1.0
benign_sample_637.xlsx,0.0
benign_sample_4354.xlsx,0.0
a4e98ae15998fc06b7bad65c26236d4e79a67a40007f2a5ba38ea323323f35d6.xlsx,1.0
6cf0a44011ec1e1a891d7d06357c4687634e42d65a3eecfe9180e608b5d6e150.xls,1.0
benign_sample_1629.xlsx,0.0
benign_sample_6701.xlsx,0.0
20af4fd7fbeb87c8c40946683190650b7234e19627d4412e19a8090706907e5a.xls,1.0
856088b86ea97ccc0201d3f56f078470de99235e387ed8264e8d76cf4a5fef17.xlsx,1.0
benign_sample_8682.xlsx,0.0
505cdb0ce13a353b51d88c5d86c04d6e12fe9ab3145a2756d549c2b2e81a42e7.xlsx,1.0
benign_sample_6728.xlsx,0.0
1c7769f7756b40f89666e846a479b0a2270023e52b1504d9b7a6d1c7c707c9b4.xlsx,1.0
benign_sample_181.xlsx,0.0
53f15af99cc7552de02bf32b68d872d14e2e2923addc3b8079183b0e0473c615.xlsx,1.0
benign_sample_2598.xlsx,0.0
fcfc827205cd38cdf997f72b1d58eba51ac12da6ba5939279b626522b11fd938.xlsx,1.0
benign_sample_3603.xlsx,0.0
b4c3baf11444afb51a04d5483164e145a57261288f50955177deed2aa52f841f.xlsx,1.0
2f2e13dd553a42014a8de95e2b9fc13db5d53205a9969b2dc6ffb5aa26a500cb.xls,1.0
benign_sample_720.xlsx,0.0
b87e59072b12b1a42ff1103044bc2a2d643836acf27d7614eacefd8d61f7d90a.xls,1.0
b6e2d70143ddb958f72287c6f246fce986f882d28748d30a81a6a439cf08206b.xlsx,1.0
6518da3328eea9d6acf729d3bd5fced1c11153f099616fe2048277690032e096.xlsx,1.0
benign_sample_1619.xlsx,0.0
benign_sample_4897.xlsx,0.0
74556006bcf42a30a34eb0eaeb516dab4eee13fd7fff96bbd38426eac579a432.xls,1.0
6e73eee818a7ce59c0ef6d73a2505e7b6bb699273710a7d83897e500a14fee70.xls,1.0
87e151a0866bf274e2bd883a94d842419dfc0333abbf60c4cce66ae3ec71fb71.xlsx,1.0
benign_sample_3363.xlsx,0.0
a788314bf7b7f1e234b289191e57fbeb65bef0020b031df3fa24683662ea795d.xlsx,1.0
e6a2949cb9056ce1aa62a28d2a120a38a7073e64892c8ffefb8e6373412d7b66.xlsx,1.0
5d31e83b1dda43ba478dbf1bbd5b1ab90021810860493110ac6175f69e58a93d.xlsx,1.0
benign_sample_6221.xlsx,0.0
659d5313027260846bbc727a3745114d6efa730f2d88573302f46699cbd43c22.xls,1.0
612fae1aa12c6aa824ae63f78595470422e5b0e744969d23e26444ce0ed918ae.xlsx,1.0
benign_sample_3921.xlsx,0.0
208fcc57418f1dc0fcee3e4c333f9e96a869fec3da73a5197187cadb5c0418e5.xlsx,0.995
b876e30909eb2d33618c57523adc42c532c8e71a0b9bc3c6f773629284fd0b04.xlsx,1.0
2308a63cc78542b381547339f3dc4e3d96086bf8e8a4d06d00dbc2385df3087e.xlsx,1.0
benign_sample_4747.xlsx,0.0
0df7ad7701bad73576c07af6d33d56f48a849bbaaab3837172b3da2af8e2db4f.xls,1.0
90c68041ea2e1e9b44724b9e68a58b8490996a52a5c2eda58d2eef0247b37283.xlsx,1.0
cf5f5a6795b6bddd1bbc23b71e48945ea8ab1aca2e01df04ad00410b32f94b3a.xlsx,1.0
04bcc115f60f01d2a5f040bc4c2bf63d9970deb9ff4b9c407c1e8e692555717d.xlsx,1.0
benign_sample_4999.xlsx,0.0
a0f20851af1e498c93e1c6d7dccd52259299868b99a0da71053728a1c0c5eecf.xlsx,1.0
benign_sample_9725.xlsx,0.0
benign_sample_5938.xlsx,0.0
benign_sample_7400.xlsx,0.0
benign_sample_3547.xlsx,0.0
benign_sample_1622.xlsx,0.0
f2c3bb261628e7cdf01ca0700f790c0bc5123cfa0158dc5ab3e938e81d24db38.xls,1.0
benign_sample_9807.xlsx,0.0
494a6ebfd5ee41293789df6eb01345b653e6c9f392ca0fb103c18c15e87d5efc.xlsx,1.0
7535f004a9a33bfb19ebe72f92d51e49b33b4e20f7560a364ae780e5e3cae885.xls,0.985
1212cab72550ce0e1edab9e83a6eec0d7e9bbda340ff15c3d6132958a948a08b.xlsx,1.0
a390304388926218a36cb06ebefb466c76bbce51992d9e5da78161f3130dc92a.xlsx,1.0
c9e5b1a39498728010a331f84ef9394f4ff0a305170ca2f49654369d1bbe1ba0.xls,1.0
benign_sample_8607.xlsx,0.0
benign_sample_2039.xlsx,0.0
8e4cc95f5af45c16525126a054f09bdecf5618eec82fb683133382f4be1cf9bc.xls,1.0
benign_sample_7601.xlsx,0.0
benign_sample_157.xlsx,0.0
benign_sample_8390.xlsx,0.0
benign_sample_4917.xlsx,0.0
benign_sample_4371.xlsx,0.0
benign_sample_1482.xlsx,0.0
benign_sample_7508.xlsx,0.0
benign_sample_6817.xlsx,0.055
4578a5e2c7ac4c33de195f32128731009727d889a9b9763f5c92911e5a16764b.xlsx,1.0
bc4fbd02b462d5dfc54110cec5001fabdc58973a0f2f0ae3eba59a01b35a8da9.xls,1.0
cf377fb3a5ebebbe9996eb63b7fc8b0779c974d7f1edfa1a448c491b54a46aed.xls,1.0
5f0b14d31b73c780b820082c1cef9c3d2918903975ec25a4dabec5a4c0b08e10.xlsx,1.0
benign_sample_682.xlsx,0.0
benign_sample_9047.xlsx,0.0
benign_sample_2128.xlsx,0.0
benign_sample_8509.xlsx,0.0
2bcdc28869f930d8a21600c0d3e92716ec9894c8ab9259eb778d8f614c4e197f.xls,1.0
benign_sample_6008.xlsx,0.0
26f9aaa2e4d35297f4ac1a63ddbfdaf98f5dd50d976562c1ba7650633cf7d40e.xlsx,1.0
benign_sample_1976.xlsx,0.0
1344589e3f12668b5e894cb8764d72dd53e39d9e917e090ff7263da64ecbb6b6.xlsx,1.0
6247bf11dcc6e5a3fbdfee8fc19fb9a1f629653d77492444c20bd47d2ff57d21.xlsx,1.0
benign_sample_9161.xlsx,0.0
65cc6979b3048f40eb3e3f1bb6fc7789fa3d4bb392d65b03edbd096d908520e5.xlsx,1.0
91d91f2b18617d226317ee350418b4c3904ea30983302127658d75b5030b194c.xls,1.0
4ad46d8840c71601a1fae92cfff382eead8dbf2b94e7d199fcbf9e76eadb4118.xlsx,1.0
70e2ee8b1f6b0e1ce11bcc789bb964c890aa828f43190ebafac0755e1b887578.xlsx,1.0
eb9509c453a808694eb50c18101558f492f16e6fdb3f349686da3d7c627311c9.xls,1.0
benign_sample_648.xlsx,0.0
01ab57d8761a6864c78d3d51b0715d424b16a4c800b9d856ba1b59e35a607d07.xlsx,1.0
e71f5f5cef681b9db0a2903ac74246f03477189d09fcb6b7935ea9893567e96d.xls,1.0
benign_sample_6690.xlsx,0.0
1f6168dee8108137d5fa575f2ea934a16eb81b1214ef0ca3bb92c3d7901b086d.xlsx,1.0
benign_sample_3069.xlsx,0.0
1b07cb00b2a9790fd3d3dbc858112dc7308a0fa920fbc8a8ba019af5ea216752.xlsx,1.0
benign_sample_1071.xlsx,0.0
benign_sample_8539.xlsx,0.0
415d7022841d3e4ee546295bb3bf061bb5dfef99dc55fa99a23ab8f69666facf.xlsx,1.0
benign_sample_2845.xlsx,0.005
f1155b6e6f324fb848f00d743ce0e1fb0899163fc651b79261d65feb79342a4c.xlsx,1.0
benign_sample_8161.xlsx,0.0
benign_sample_7596.xlsx,0.0
dd2ef0da9e75ea1343927c33b586298bcc3a9498c1106f5cf533119693ac05da.xlsx,1.0
benign_sample_2029.xlsx,0.0
b28d2f25f9baf852ac39a97d6a4e849d354ba4afeda00f8d4d2344023a99c3f7.xlsx,1.0
benign_sample_1620.xlsx,0.0
d1bf2fbffa905d29d876be427445e9c007ced0fa89d75bc27d58a0411701144f.xlsx,1.0
benign_sample_8213.xlsx,0.0
benign_sample_4493.xlsx,0.0
9b00b734ddcdc14b683330015f231d9fef4388e4c481276a035f357af5cda7a6.xlsx,1.0
benign_sample_825.xlsx,0.0
08197df4cbc31490d8e491f127b36a1b1eb0e7390dbabde6a93fd9410cd97ad9.xlsx,1.0
07f7f5ac05c7d09206105d3827cdf09e69575f74a0337824ffb0c7fa19dbac0a.xlsx,1.0
bb6c7399be59d4e7bebf4d8a2ce161c090370737b0a9a5a227f41fb5720b1075.xlsx,1.0
a43ba8d81919079574bfe6f34f4f2933e34c08a455e579dbd74c71fa8642d4fb.xlsx,1.0
benign_sample_1540.xlsx,0.0
ebed772525a73efc670baa35d88736c5336089065ce6521985b813a4b7175217.xlsx,1.0
benign_sample_1036.xlsx,0.1
benign_sample_4460.xlsx,0.0
86601e76ab84eaf8a17797c73ba466eee522452986d3e19f98a76a5f9a38e2c5.xlsx,1.0
benign_sample_3973.xlsx,0.0
93ab808418f725a7d19b7cb84c098ccf25f4e1dd22f00290564f976d835171d1.xlsx,1.0
benign_sample_9027.xlsx,0.0
benign_sample_1676.xlsx,0.0
58d8f18495f55180f6578494d06d1edcff0ed755ba63db8cd480d49e8f2e1ad5.xlsx,1.0
benign_sample_4654.xlsx,0.0
56c16c8ce0c7ce7c5433195437c51d522ca56c451373237dbdc2e665197d5db3.xlsx,1.0
benign_sample_1377.xlsx,0.0
benign_sample_1919.xlsx,0.0
6a7e4c4a104b47b8294d56379861b9d2f5ca6bde5d1b3770d984c55b0c7b7722.xlsx,1.0
benign_sample_247.xlsx,0.0
benign_sample_5556.xlsx,0.0
benign_sample_4778.xlsx,0.0
0d743ccf88032d7a86ccfbb39c8d263b9007357bfe3304f05e571b1e89765b92.xlsx,1.0
benign_sample_8727.xlsx,0.0
6e9e307f90bc0c8cfd9a00ddfa9a9b96baf1c30885e8cf352180e7ad83cb8d3e.xls,1.0
36c2209f699c44e5a2220eb9539873c89a3cbb0fe67c2c5bdfe419edeb456ce8.xls,1.0
benign_sample_345.xlsx,0.0
d8d1e0bec72ed42657e37d35c6c0a997449ec8cf415e21e0c2116a79b4c8804f.xlsx,1.0
benign_sample_2641.xlsx,0.0
240840077529af39fe9d9bc54dc9ff42701db446a7a4b49c3326bc8d6123e1ee.xlsx,1.0
benign_sample_9529.xlsx,0.0
898844efce43b68f45d41a5db94e02ccb589fa4a805f532b3b79be2c8bdb61e6.xlsx,1.0
2b8619882dc2e079b61d272c3872562d81b7624e128b0b4df78e75b1a8c421be.xls,1.0
benign_sample_4415.xlsx,0.0
benign_sample_8919.xlsx,0.0
benign_sample_9070.xlsx,0.0
897cc437a49809b292861b8ae938d9e3b7c57c1538d99a5f8550364d33877b4a.xlsx,1.0
benign_sample_3049.xlsx,0.0
benign_sample_6487.xlsx,0.0
benign_sample_5449.xlsx,0.0
311854dec3e52260c01c747df94939f836cd95e28e7001fb2fb175ac7236bf0b.xlsx,1.0
e50dbee647fd35567ff72a72ced4792026cb86593fe77aa9b8342f63d19c28aa.xlsx,1.0
benign_sample_3783.xlsx,0.0
benign_sample_9572.xlsx,0.0
c636fb2fc2872b02c3f95dff8514bbdf7be9433c9fd058184fe10c3bdc1aadbe.xlsx,1.0
benign_sample_4262.xlsx,0.0
benign_sample_3939.xlsx,0.0
benign_sample_9302.xlsx,0.0
benign_sample_545.xlsx,0.0
80f39a11384507aac694ec2fd09ad5eb49d966728bac39613b4daea6a15110ea.xlsx,1.0
benign_sample_4546.xlsx,0.0
2d5c95525813d0f2cab5b7b6f3b6a7fe7f67fcfcd25e0f62846c97b9d515889f.xlsx,1.0
benign_sample_5386.xlsx,0.0
benign_sample_7107.xlsx,0.0
6a801aa9e7e1604fcc68fc0153d4974c184a75eccbe0e2ab2390959bc188f249.xlsx,1.0
d4fce3c7787fcc3d398ea03f4d81d2dfcd83bfc13f57bfeaa4e9f156938ecec4.xlsx,0.995
benign_sample_3817.xlsx,0.0
58a20563c578bb4e91d4aa20dcd8f7630dd132844069802d534b53c2ecce989b.xls,1.0
benign_sample_5807.xlsx,0.0
13461f4c5b1c06e0cc5643e2c9a84b35b34f6e58a56acffeedde3bb53a9a150d.xlsx,1.0
benign_sample_1119.xlsx,0.0
benign_sample_5492.xlsx,0.0
a84eb82d1e951b1ad16935488d58db143a41366d67aa880638c48af562b63c84.xlsx,1.0
benign_sample_4212.xlsx,0.0
benign_sample_4695.xlsx,0.0
benign_sample_7387.xlsx,0.0
benign_sample_4883.xlsx,0.0
04410fa5efa3ebafcd716397177ff1990ffac743a2a2b81e8078c055c2474051.xlsx,1.0
a6339dac51baf9842dbe41d937657623569340a89aaed84dcc6653b9b906ef34.xls,1.0
benign_sample_5538.xlsx,0.0
c49b5ea97bc02d01ee413e2a6aa9af6b3f04f9ebd9b30933ed4caef929066586.xls,1.0
5414ecc1a009a19621da23c35ccf8d02e257908997e196d32e53cdc3117995bf.xlsx,1.0
f9071720b4f380a80a471ef7b3999a96b6e9e8207006a2117b59c4f8c27d61d9.xls,1.0
benign_sample_9075.xlsx,0.0
5eccb5675636c0b37e270d6f5f8bc07557af0c339a54cdda37c387a7f5a48da8.xlsx,1.0
benign_sample_1143.xlsx,0.0
cef28f1425fcdbccf0cc823f077c284c7c68969d7001b0b759156b6a1afa7729.xls,1.0
552cd939d0fae960dd6b79eb883c89482cfe98af7f852a5a5e7a09756843db4b.xls,1.0
a7924978cc9446af048e39a6632ede79f14d840f463784fbffee6f7d38d1fb07.xls,1.0
benign_sample_9001.xlsx,0.0
benign_sample_8617.xlsx,0.0
benign_sample_8120.xlsx,0.0
e75d6e2950546dfc8cea5b7cec3ca97e63118c1e6cf764d7a13f91e9d92bfc86.xlsx,1.0
0feba7d2b105562c56a73e4851d330417368ac2e1fa10c53d8d3e30db26693a3.xlsx,1.0
a5e98ed028222f795d5841899c402a0b3630b9a7626a2f7d3a18fd7728d64bff.xls,1.0
benign_sample_8624.xlsx,0.0
benign_sample_6254.xlsx,0.0
b7e2110f58b55841828c604815da9539cd24465b1f66e4bed82b5b33370229e3.xlsx,1.0
b2b2580033a30c6968323299d17e8d379ff664b1be67dbb687c273510c6687c0.xls,1.0
benign_sample_8798.xlsx,0.0
f159c4db948caa97997da71e8d7f2f9e721e9f9b7a4c744d78159f0662961823.xlsx,1.0
d09017c405415e56e1ca154088e1556281248ddbdb503fe8b14c5dd4d76ef899.xlsx,1.0
a04c6e082072492c4bf8532cd1c237855d1b8ba6a2ed1f0b8423197d2d9d514c.xlsx,1.0
b332f46aee4d11ad37cbbcc23bbbff39655b2e5d382a447f2ba4d472026dc3e3.xlsx,1.0
benign_sample_195.xlsx,0.0
ce7c83cb5a6a6f2b0e0047bb82fcb84833b4dcdbb8a2fa9a113f66c342a9ac0b.xls,1.0
61c8fbd3040e8836e89db0de81f5476cd6b58507a1b5d7245d5676b380c76cdd.xlsx,1.0
5e09d7c6de828bab8404273ee6db8f41b7fd8746ed24b99c2b578f6a97a2e4c7.xlsx,1.0
f7cc69af65756651b8538d308f9f23a2e3fab3216fca3c702018a0a1eb45ba1b.xlsx,1.0
benign_sample_4540.xlsx,0.0
7573d18061640ec60a5fb9ced4e1903fc88c62b560b7e93025cbbb43c3daffce.xlsx,1.0
benign_sample_8784.xlsx,0.0
605d0e039329389b5e8e1fbed3d5bbeb6d26bca9500764ead20e60feef831add.xlsx,1.0
benign_sample_9129.xlsx,0.0
dd229ae6a41bdd03ea44991452355c9eabba0c18d5e9f58ef7260f4be76e4b32.xlsx,1.0
2692ff2996e958e3d31a9d77c490119326f7664332c9a8986a72164e0d41494f.xlsx,1.0
9c0994d3bab8ddf7d8b8e6609a3925de0b4b7ac62ed52057ce1f7429956c2c25.xls,1.0
benign_sample_291.xlsx,0.0
a0bb4d2f10f261f6e9f6898c5a56866b8e3bf4952e3c717c3b233ed1725a6a4e.xlsx,1.0
benign_sample_2878.xlsx,0.0
f77730edfa944e5bbd92e6ebcc546c52b1ddc9a017bff31b21d9e80867904aae.xlsx,1.0
benign_sample_8105.xlsx,0.0
benign_sample_2517.xlsx,0.0
benign_sample_2819.xlsx,0.0
a0758caf802e6ba10afbb1f1836c1d2851696a10298cb9b06f7577283dbb0cec.xlsx,1.0
73544c9e2c729b62784299383d4a5d347a266ae79b4cbb7765ec5e71ffe8f793.xls,1.0
87a2cc3fc72861c3c8ff97183c9364e28dcf44a52a801c7571d5b38aa631ae92.xlsx,1.0
benign_sample_6427.xlsx,0.0
benign_sample_6244.xlsx,0.0
benign_sample_955.xlsx,0.0
adf8701ff333b61f21d23c502373e3d4fdccb3da054b3fe6d0760de47bb300d8.xls,1.0
benign_sample_8377.xlsx,0.0
13dd76b562d70c07b88fdc5f02bd5e566f8447ee715e981c808aa31443af6d20.xlsx,1.0
benign_sample_9507.xlsx,0.0
047798d228aa74d6b3066e786f8456d0c252f61017989ea48a49d5b3b8d8d914.xls,1.0
7c8d130b8d3f01e0440933a74b8c9de813a4ce8c91b653b84caea3c849d6bec6.xlsx,1.0
benign_sample_5986.xlsx,0.0
benign_sample_4331.xlsx,0.0
benign_sample_9973.xlsx,0.0
6835f285bf5a6d6ae72794eca298eff63f2095a31d7c94b4626634fb2ec49f9d.xlsx,0.98
2219af042050fe580ca2c359e867683a56f902f135ff3a628ab4d9ebfd482fae.xlsx,1.0
762eb7a7f86df5a1648827e46c4cb194576eedd4780a5b6ccabc5800181f7260.xls,1.0
benign_sample_5315.xlsx,0.0
benign_sample_3881.xlsx,0.0
benign_sample_133.xlsx,0.0
d63bc23cd7873d690acf12e6cbd854c87b83a51f1ccd0a46ec2eb39413a1089b.xlsx,1.0
9cf78a8d22aa9d6e1039680ec38959e61f76400d9516edcf16f7d02bbb69b43c.xls,1.0
d6c5b985f9ce201325c0e800d83e0200468c8f1a3607292d3fb4cb474159ca73.xls,1.0
benign_sample_160.xlsx,0.0
e74592cd038ce40a3ea4e7fc68085ffd03bc70b0cb0773b17e32a2e66cebeb36.xls,1.0
853e3dc967c4909ad9ade8fa76ab3e9076cfd15c1aedeac8342a20f425d7deab.xls,1.0
benign_sample_899.xlsx,0.0
e47a8527d240cd97437f62c48f00ea5c466b86da1aaae97b6a260639985b09fc.xlsx,1.0
fe47e82943fed716742438826fba6bda9fedc788031f28e4a68621bf1cd18316.xlsx,1.0
227355e697e11cdde0d3d713d6131899ffb694e8495e5b80ff2788b40a4168fe.xlsx,1.0
benign_sample_8583.xlsx,0.0
benign_sample_8348.xlsx,0.0
benign_sample_377.xlsx,0.0
benign_sample_1907.xlsx,0.0
ea3ad3058ea3658cae46a7b80207d6335f1fc830b7baea802b856080468265b7.xlsx,1.0
benign_sample_585.xlsx,0.0
benign_sample_484.xlsx,0.0
benign_sample_6375.xlsx,0.0
benign_sample_4833.xlsx,0.0
benign_sample_2838.xlsx,0.0
benign_sample_3219.xlsx,0.0
8d0ceecee2f0a373187ecd0e8e2caf5505fd7b5c664ed473aea92856f05d0991.xlsx,1.0
2fedd40e83f6a524ce3537e41f66370fa76d664dacd6fd81e9a0750dfcc012a7.xlsx,1.0
1a69eb127d23fab67dc6b344c6a695e54115370862a9b80498b6eb19033378af.xls,1.0
benign_sample_4754.xlsx,0.0
4ecb9f3d9f704f40282682d93b547d555edcbce988b85b35d75ba928f6394132.xlsx,1.0
benign_sample_3829.xlsx,0.0
d93f68cce5f56ed4defbe7edca900252574f5bf75ca45e595a2b70e459d87e77.xlsx,1.0
cfa7cfd965ed2fc91308955c3844da35ce2f459548e9a53d697fef134c6cafc7.xlsx,1.0
benign_sample_2010.xlsx,0.0
benign_sample_9153.xlsx,0.0
benign_sample_3153.xlsx,0.0
cb99f08540ba158af3b83cd1da3ac652cd6161041d0e7ad2acf6fcf531f0ed8a.xlsx,1.0
benign_sample_2755.xlsx,0.0
benign_sample_5967.xlsx,0.0
benign_sample_1430.xlsx,0.0
799fa6358600cfc498218a652589d698b81db5c08cee9ba16e8d3c63c58234a9.xls,1.0
16ba133a070d1726e4bc1b074a3fb0f2861e7c7e53ce3788bfe91db57ee39273.xlsx,1.0
ed8756eaa9c6158b5fa2b5d54e873ef06c8642f911d42ee6bf812fb2043553f1.xlsx,1.0
10cb7ced7eb0f24bceedf42355377a531bc2052eb2e2e136149fee9e41595b4a.xls,1.0
benign_sample_715.xlsx,0.0
benign_sample_9964.xlsx,0.0
2757573fbacb803b2ae00feac6c8fd73de1571d6405e450bb11b3b732fd9bcb2.xlsx,1.0
benign_sample_7237.xlsx,0.0
1baed71a410cfb9c6c47a9328b1d51680789dddecfdd78842c53fbea13463fdd.xlsx,1.0
7c7294e1275326309651b1fe84ece3d74450c724980ea455c116eb8c819f8919.xlsx,1.0
446673c01480c79b21b7725ee529350f4995cc39532a324b01b61b352f50ab60.xlsx,1.0
benign_sample_479.xlsx,0.0
benign_sample_5211.xlsx,0.0
8655fe6919e1d6ece1e59a1b5a9e74632b173e9e452e22ec5c983d75730bf165.xlsx,1.0
benign_sample_2727.xlsx,0.0
5a1b98695eb4d6690a06c239d81a35472d61dad122a1d04e850e928f9875fa7e.xls,1.0
benign_sample_3745.xlsx,0.0
benign_sample_3653.xlsx,0.0
9cf11c05409ac93742efe3813f0da480b32c812cf80918281974ed4e384441ba.xls,1.0
619c310cb50b4bd97360a4f0a9684123ae3037faed054f7dead0ac0794d47295.xls,1.0
benign_sample_4197.xlsx,0.0
f7d3fd699437452aaff3b8a117cbd77c29b72a07eb0b80f37a3b060c6aa47ed8.xlsx,1.0
benign_sample_1654.xlsx,0.0
f58398d719869f9ce7478274ee24fe8c714184d37289efc2496c0ba52c64e0ce.xlsx,1.0
ad375bf1fa3cacb5e0044c0332b1780e6d3505c0e7effdfb38e837fb2742bbfd.xls,1.0
82d590992a821dadee4added2391eb74db73d4f481c015984a15be08ebdbee03.xlsx,1.0
343df224448e4cae04164e6372dcc41d52e232b3d648b9fc1157664d60271781.xlsx,1.0
cbcf429fa17a0b352d49d9493c2d8c7b14c5f183cd9b6c5cb7d313e7eec8c87c.xlsx,1.0
1f037902056b7b6432d7caa334ee5b054b0802bec6f65e596fb09d85e2c9e403.xlsx,1.0
70d4b32682d8514313788e78457fb59c6773926bc2aa393381b0b4c83693c55b.xlsx,1.0
benign_sample_2829.xlsx,0.0
benign_sample_6783.xlsx,0.0
benign_sample_3640.xlsx,0.0
benign_sample_4000.xlsx,0.0
benign_sample_7350.xlsx,0.0
d6f7117712ec9be334a940e8c2ba544a271a5bd63f182042dcbb159017068f1c.xlsx,1.0
benign_sample_9232.xlsx,0.0
0b46d30c7e94e2e4b12a668fc783a077402b659495cf41b5092731cd728a728f.xlsx,1.0
bf724ed7e11eec024f29d7f6927e55fd7933912d59d2d3b4142ac8b2e60361c4.xlsx,0.975
b87bdd8d3416fa8e51d850f66c32b31c9e0132d52e7050525dfda7aba8aa55b1.xls,1.0
b03b3324dabb86f74d4a4ca8ffb5620294bcb34686263cfb6f0f24fec24db00b.xlsx,1.0
2ed7bf7fecdd83fb1f01697be1df04cd6dbca8cb56a7b4a200b979fb2bff900c.xlsx,1.0
cba62fb0af8846a15a7f37f53a76e48366e96694eed0100c96491f175a4f277a.xlsx,1.0
benign_sample_7402.xlsx,0.0
f36e021a3c3fc3441db2e9cdde95706ec10f9134929b49bde0b693f30c2ecc14.xlsx,1.0
benign_sample_9614.xlsx,0.0
bdfc44661d3f95912ce66a9c1592267e061079e233ef53294c55361374009b78.xlsx,1.0
5cd269ba1251d714627ab6e4f595ff316006abccffbede4ef3645b3e43b71975.xlsx,1.0
benign_sample_4467.xlsx,0.0
5b45d5f627e2b91e149c70d19f393682932f207adad22973e6a6f590dcf05ad5.xlsx,1.0
benign_sample_5808.xlsx,0.0
07a07cfb9214be303196a49bbcb955af1011ac7138b4ab5d8beff5ec9547bd4d.xlsx,1.0
0be886818949b4e8495bfb3e46d567fc53d314577c55181015811f03e9279a89.xlsx,1.0
benign_sample_1607.xlsx,0.0
benign_sample_9880.xlsx,0.0
2e2b036db855ca1aa7f805bee7b8e2ab7772e0706ba1d89ec888fc17e4315388.xlsx,1.0
c08255787880bb3bd4792b0f6e508943b01e25a1dd63a7cba87cca4d11ef8643.xlsx,1.0
benign_sample_5752.xlsx,0.0
benign_sample_1681.xlsx,0.0
benign_sample_8370.xlsx,0.0
2028584a471db2307f05ca30eba595e5fa99a6b30188d1059139db3a319bea2a.xlsx,1.0
benign_sample_3410.xlsx,0.0
benign_sample_1001.xlsx,0.0
e0cfe6f2010622b4712728ce00b9086ec4a498716a19647bd9de9905a8779a66.xlsx,1.0
13539480905e4d35d2437d149610838248f8fe14741a5f913b1171bb4d2da5b3.xlsx,1.0
benign_sample_3096.xlsx,0.0
61086c3b7fb4953359f59489c0fb762decd08bea37e16a8401c3bb1a1d8ebf4d.xls,1.0
benign_sample_713.xlsx,0.0
e9c7b0d2f750e508317b3c684c371afab2ee15863fca4cb6b641cce516a21bf6.xls,1.0
benign_sample_8272.xlsx,0.0
f74964dbb9ba817e9acbccfc6c081eee34f21cb4d1942c7aafe8ecc867761917.xlsx,1.0
bbe2febe8b6653583c2f5a6d690349616c3046a85277be3597b3c3510592a1ec.xlsx,1.0
benign_sample_175.xlsx,0.0
benign_sample_3863.xlsx,0.0
face6e40ec8af5f02c04c11a81e32e124c8e58ba9d3b04e58e45402d69fd49e7.xls,1.0
6be6e23005012c56b51d4e9b1c18f002837a274ce82f93b331dc89c6da575f20.xlsx,1.0
bbe56f5213744345fea0654e4474dd45d761b139480a0edbc84f981712dca8e1.xls,1.0
benign_sample_7929.xlsx,0.0
benign_sample_9575.xlsx,0.0
614103e6bf36b917f69baa0bfc299b114b6f8339fbabdc67d18006b30e60d8e9.xlsx,1.0
benign_sample_1564.xlsx,0.0
3e9d03c8bf3e7218e2fcad49e3b3ddbbac7dc1db6da7eb94eb8018ae03e3a26f.xls,1.0
benign_sample_1723.xlsx,0.0
4b24a44535dad1035b2d251c84e2a005fee82acc94351bee21d5af3e29b5d364.xlsx,1.0
e5e271d771f5b49f2e013d307b3958ad97e05365e3228592fe5f1bc2c423da91.xlsx,1.0
benign_sample_7994.xlsx,0.0
benign_sample_8453.xlsx,0.005
a982be5d6aa04f90f242755aaba352a61cb273909dc1b9c4298b8200cd4d18f1.xlsx,1.0
24eb24bf6fc66b26e3a1c53ace64b90136646bf8bc591aad6d88d126180bd869.xls,1.0
07455a6d10c629322f72d9234bdb24ef56d96b81609d62bbdb7128c59f210901.xlsx,0.995
2c3a048443fd9e6d2a02e1229e3d13294ee4942b8fb974030b613a6f9859bc71.xlsx,1.0
4dfb7a9f41436ab5d642241ed14607ea304364631358f143b708011c1f90d63d.xlsx,1.0
benign_sample_9618.xlsx,0.0
dbf6f0b873d407f6503d8ebf9b7cc92a95d7d7f8eddc0dc5975c4c2db2d777bd.xlsx,1.0
174244c137742c9cd74448f3e2c7922d7b01b55c32c29b41ef1fa637b7b21f05.xlsx,1.0
benign_sample_3614.xlsx,0.0
09829068923a0ae7f9d1ce129806436aa62d70f51896f69b642971e55c857ee3.xlsx,1.0
benign_sample_813.xlsx,0.05
b3deeda40621cdd3d3baec0164e2a0da69d7ab13665851270c683bd8b76088ad.xlsx,1.0
benign_sample_9761.xlsx,0.0
9a88337521957f2dc97a81bc3d31ffb3494a02fb1908acbbba33d0d1451fe69c.xlsx,1.0
benign_sample_8918.xlsx,0.0
2089e39e9ab407f6ed2828ca48f6f28d19a6985be823f3f9c5e37fc8ea05b918.xls,1.0
7889782efc0df607bc29f1c23ebae7ae12b6b8c0423792c391febe3c84efa8c0.xls,1.0
benign_sample_3296.xlsx,0.0
benign_sample_5614.xlsx,0.0
benign_sample_2161.xlsx,0.0
benign_sample_6515.xlsx,0.0
benign_sample_6530.xlsx,0.0
benign_sample_5873.xlsx,0.0
benign_sample_4497.xlsx,0.0
5552b8bceca42f0d023e19c43e510befc122e36db703469d5a14db822d99c1b3.xls,1.0
4bbbe2b96546b0f3eb4a3d43b10d8858a07ce286f7a77039d480d021e4627b8f.xls,1.0
benign_sample_989.xlsx,0.0
79d8fc87e3d4278b00ecca964d0de2c4cb27c0a709738b345db32d50cc102e5c.xls,1.0
benign_sample_366.xlsx,0.0
benign_sample_6440.xlsx,0.0
75bee83fea277cdebce5d750ad0745ef8449933f3324c687b125e8f27b4d119b.xls,1.0
555dcec9771daf22a1535a5601c20606a3a81d5b29833dc76eeb7957e4afe65f.xlsx,1.0
benign_sample_7398.xlsx,0.0
a2dd9dfb617d99c53f309a719cde9485d51cbac87c9a14cf06c449f5e342bdc2.xlsx,1.0
benign_sample_3633.xlsx,0.0
e50661ba08aa07cfba84e441bd7fc43ecb4f94e1a3469605981285745c07b857.xlsx,1.0
benign_sample_8432.xlsx,0.0
benign_sample_3868.xlsx,0.0
benign_sample_3610.xlsx,0.0
benign_sample_7638.xlsx,0.0
b8b509a03643e795ab01342047385d9780efda93fc0ba6875976caeec5a43843.xlsx,1.0
benign_sample_1304.xlsx,0.0
benign_sample_7746.xlsx,0.0
427fe28b04334e3b9e1e2627ef07e9e8e463a5dd6741b1f942e4e3adbec7018e.xlsx,1.0
057ef75d7d72a4e43766fd9e91801a21539171c1b7321a8138fd5a815e472f05.xlsx,1.0
d6237352c99d9956dd3857cadcad11a382a471c8b73962e2f784728e8aba5cdd.xls,1.0
4abc325f640987ce170fd3b3b3d10b56ff3903ab0b5b82287e2a804d2e5a2a2f.xlsx,1.0
benign_sample_4444.xlsx,0.0
benign_sample_4865.xlsx,0.0
42de7cad464a4a9e6cc6a53a647afcaaf9e25ec70923a24b52cba195e0f62555.xls,1.0
822dbed53780882ef6c9e8d1b9b17e7c140c162618a66bc698c9d95469fb58c6.xlsx,1.0
benign_sample_6526.xlsx,0.0
benign_sample_6566.xlsx,0.0
benign_sample_3571.xlsx,0.0
benign_sample_6928.xlsx,0.0
benign_sample_2750.xlsx,0.0
benign_sample_1768.xlsx,0.0
75798031500c5903fb5b84db6bcb1347c361b799640be2734189cdc7ffa3dcb2.xlsx,1.0
26f7319aee009def85a6cdf90b3df5f8de80b4c49e5847e84649de8f6a389e90.xls,1.0
benign_sample_2084.xlsx,0.0
benign_sample_122.xlsx,0.0
benign_sample_6699.xlsx,0.0
4cd60b3fb88418e8b4b0f03da4bb48214df708c890e2d14f028dfb8ff74f2011.xlsx,1.0
benign_sample_8594.xlsx,0.0
7450b7b4ca84a3bf4844cd65ea20e29821cccc6f4229f33094ef89d476c9c567.xlsx,1.0
benign_sample_1422.xlsx,0.0
benign_sample_5644.xlsx,0.0
e7050448eb2a7866f588bd2636a820fb0d1a03a9c030fe9d99b2fa5bfb9fe232.xlsx,1.0
benign_sample_1023.xlsx,0.0
97dbd65909d20637c854b0098cef2ea2a72c4344bd4dd7218c1f76045d7a7173.xlsx,1.0
12e866f981eee2fdafd0ba7dfce79ab0623c7b8f092d5b853a71192767a889ce.xlsx,1.0
benign_sample_3135.xlsx,0.0
200bf5f295d80802b731e71b7f4f7ec9a5a24d32489c1c139d52fd755eca637f.xlsx,1.0
benign_sample_2768.xlsx,0.0
43a7f17334ebe449829c1b5bb7d13a785a1bc356ddb83d9733c0f2a47db177c7.xlsx,1.0
96a40d1cf73cca169ce741b21ba1b1855a445896f1c67ff5ddf8ac04b126eb1d.xlsx,1.0
benign_sample_205.xlsx,0.0
benign_sample_7762.xlsx,0.0
benign_sample_6815.xlsx,0.0
ab46ca1c7d41b9f8de60fd17683818a28c880ee879f06da775f172777bf07228.xls,1.0
benign_sample_9291.xlsx,0.0
f23fc293f7404b1be31d16754dee8cbc126f5df86115d3923f7d4dab7866d968.xlsx,1.0
benign_sample_7817.xlsx,0.0
89647ded22ae1673225800aa88b46f55537ba30c5e5fd7ea17dbf1c57924d853.xlsx,1.0
8114b50ad817db311eaeddc12d3969e3568c2f79235866db432bc0aef727e87e.xlsx,1.0
e2b344eb611f71b09a14aa9ac393c4019a2412fcc9ba03b3e8000bc0c1ea3e1f.xlsx,1.0
5943200f5d058b569f49d28cf53edba72f14ea043c1f80097fc95987b37c916c.xls,1.0
77ca4248d2bc9a7b6694c61b684c6a6ce6c5f0b8812a59dd007648b83326a745.xlsx,1.0
benign_sample_8659.xlsx,0.0
benign_sample_7041.xlsx,0.0
bf00adf8ef354988741570cee7c6492b908f5531d09a79ea85fadde4e0ab2e97.xls,1.0
benign_sample_4110.xlsx,0.0
e4ee71a7a6ff161df3059be63227171993bedac373681a90e56192ecd981955b.xls,1.0
254f4def44d75387a10ce1b925894d94f7ed2c0d519770549409375cfbb1cb36.xlsx,1.0
benign_sample_7790.xlsx,0.0
benign_sample_5751.xlsx,0.0
benign_sample_4408.xlsx,0.0
b316dcd321056670ab908e1ca42779aa51e831f4e8cdc58a2c38b8439d79c5d6.xlsx,1.0
f531746143a411ef1dec761fff6d71454c2e57863ae25dfa272a0b62b35d8c08.xls,1.0
d7ed549edd36c69756d88c6bd2e53b10328bcf4086613384f7525eb81aa771bc.xlsx,1.0
benign_sample_3830.xlsx,0.0
daba89bd210cad159f41b9458e7827d15bb1dc46c86c984840c9814fd4dfdbef.xlsx,1.0
1a2d6a29900fd6e9214f9b9b11a64d3ab50cef3a4991b42d0fb07d7a12846941.xlsx,1.0
80419b3d914700e15c3869dff0ea59c26a877014adc89a13445c0fba1a17b236.xlsx,1.0
benign_sample_683.xlsx,0.0
benign_sample_5830.xlsx,0.0
ec571e2cf3da114c8672f9766271f19af7c8b1c184411463aacbad0893dd389e.xlsx,1.0
benign_sample_310.xlsx,0.0
benign_sample_1956.xlsx,0.0
f2fa115f54dee2edbf3fa5e6dfce0dfd9e8daf2bb4dfbd564947aae1cc90eec1.xls,1.0
8c81c7f1352ee950ed291fdebae7d16bf485eca7c21f2a2a83374da950b98896.xls,1.0
benign_sample_5085.xlsx,0.0
7419106ec7430cee9167f7375fefe8db7222770b811dd208a87ebc8ecc6823db.xlsx,1.0
benign_sample_3452.xlsx,0.0
593bc76cf2d935fde3cd2f5c2791725518c7c1f2b84dd157a6008ade325258e5.xlsx,1.0
benign_sample_9411.xlsx,0.0
984d654ba8f763d952b91775ed6d4fea9dff5b72de880f60b3d94426ffff85ba.xlsx,1.0
c377d713b446fce70d9e959a18fe3f0822aed261e6a221761f83c9ac9459924f.xlsx,1.0
b228f590fcc866d82d95fbd0e4fb8aafae1123bb60e194d628b4ee2a58ca0c1b.xlsx,1.0
benign_sample_6359.xlsx,0.0
benign_sample_330.xlsx,0.0
73ade1b2d0a5eca1fe162d951a76af2ee8296c7244f5349b2a9861118fba1a4b.xlsx,1.0
benign_sample_6851.xlsx,0.0
benign_sample_888.xlsx,0.0
benign_sample_1237.xlsx,0.0
benign_sample_3975.xlsx,0.0
benign_sample_9448.xlsx,0.0
5f1c9ea3af80c563de5f8c633e805f1ee2e9ee34e4df53d068adcb15b9e6c1eb.xlsx,1.0
benign_sample_1523.xlsx,0.0
benign_sample_6345.xlsx,0.0
01c9617d2133ff705605d8dd0100dcf190eb75827573f5965a72712aa1f684e9.xls,1.0
benign_sample_1486.xlsx,0.0
fdc44d3969cdb48cf5d751dd28b3927941eb62b48b0a7975eb55c682c30014c9.xlsx,1.0
5b0edd0a4ba6f55dc9e1d5f47c91028579996ff2b0d51d89065c9a5cc13feeb6.xlsx,1.0
c97476ef17aeaa47b04e31c92444e6208b4f0adb06ed35aae320d0f0f3fe8a01.xlsx,1.0
benign_sample_3215.xlsx,0.0
benign_sample_1088.xlsx,0.0
58f86a749a334b5b62e74d2845014034e373883bd9b5d3e50ff51b7044bb2d1f.xls,1.0
91da94d83dbb7e3158a5236126199b8ac91d79dab724b96cbcd8765aea1382db.xlsx,1.0
0ba111aeeda430f675c660bf2d87928ea17f89c31fffb54f00924e9f4a032c1a.xlsx,1.0
d31133530551f2568bb6a394cb580272e3718475a63db49481a963fc057d82c8.xlsx,1.0
benign_sample_5371.xlsx,0.0
c7e61e6f0222679e12ccd85d77df45e09ceae1d1321d053f43889df9a6930244.xlsx,1.0
benign_sample_9038.xlsx,0.0
6af7fa6ca7b67173104136ffcd1fdd0f41c3336c7b958c51235be6c7406e3651.xlsx,1.0
bd96b4b5983953068c1ccc84907cc9f666e1ba959ac053d64cba7609c1fce492.xlsx,1.0
e3285b2fc1e528b63cd2072ddcc8a298a1476ee4db799a6ac4e8494a4a4a3791.xlsx,1.0
benign_sample_3210.xlsx,0.0
ddeb90ad7257d64580c41776e294c3e408156cb3545cd99cf02532e9bdb9c311.xlsx,1.0
benign_sample_1936.xlsx,0.0
43d9e9d9296ce79ca99a5ed599ea3bcec6695e21ea2c96bda7a80eb4d4ea1eba.xlsx,1.0
benign_sample_7832.xlsx,0.0
benign_sample_8578.xlsx,0.0
benign_sample_7404.xlsx,0.0
599aa910f87c1b2ee94b34e3423acdb847cc43eb4af5bfc49f9fe04900557585.xlsx,0.985
benign_sample_3144.xlsx,0.0
benign_sample_1599.xlsx,0.0
benign_sample_8274.xlsx,0.0
benign_sample_9280.xlsx,0.0
ba8bd4d68aefd7d995041f23536786513dae623454585460a8ba82af728b8416.xls,1.0
158f145ee2436d5c8be147546fdaf425d3a30e870b1cddf00ed2c90551e262fb.xlsx,1.0
benign_sample_1212.xlsx,0.0
benign_sample_5302.xlsx,0.0
benign_sample_4111.xlsx,0.0
987074af746c0784ab1634204595dc3390fbe499fe64bbeb804a0dd6bab3c470.xlsx,1.0
fae09aa989d63e661f1e35e2aba84cabc555cd0ad779d24f07fe3ff35013ab74.xlsx,1.0
benign_sample_9120.xlsx,0.0
72f816b0ca208700c09d903d662083136e7cc52623c00617b3328412f4419277.xlsx,1.0
benign_sample_7139.xlsx,0.0
benign_sample_8005.xlsx,0.0
456cf676be8028427627a21896c1ecbe5e2aa67bfeed8b127e44e37471e932a8.xlsx,1.0
benign_sample_3612.xlsx,0.0
6290a6b521d3534d5251c1ec32348cf65e82f32511a012123f4e011725e4cf39.xls,1.0
benign_sample_6093.xlsx,0.0
7760c915290bd5d04dbb1cf660a11e2ee52b15575ce08482d1bc2061810344cb.xlsx,1.0
9ade9daf48cb63c929cd8e7ec03ac77ed41d362efaa79453d0eda4553747c404.xlsx,1.0
benign_sample_1715.xlsx,0.0
benign_sample_4250.xlsx,0.0
c2d340c5925751b125733c8bb7f0c66dfb399a8350fd3b9c966c8f136d7325d2.xlsx,1.0
benign_sample_1535.xlsx,0.0
benign_sample_4556.xlsx,0.0
449f36bd3dc522e4bf4a150b7d5e99d945bfe2e11ddb7607f14d9e749342cd88.xlsx,1.0
benign_sample_3729.xlsx,0.0
benign_sample_9957.xlsx,0.0
benign_sample_7933.xlsx,0.0
3c8d855aa728cb57d1c99d1e8c1002bcc0461be793ba065d0ba6d95b4d847007.xlsx,1.0
benign_sample_9021.xlsx,0.0
83cc87dbbf1cd9153be048d996b90dcc5e7bef88d1a448193cd8e4b8c4d3aa82.xlsx,1.0
benign_sample_2770.xlsx,0.0
benign_sample_2570.xlsx,0.0
a7130503fc396c08c3209f45b8bf6b89a8c505f5bf6fe804471a212e203a35c1.xlsx,1.0
benign_sample_7768.xlsx,0.0
ac5c91927ab7e05c52ae0a10ed42938fbc4ba657ca91b86ad291349f1ed53e91.xlsx,1.0
benign_sample_3831.xlsx,0.0
benign_sample_388.xlsx,0.0
359e7a1f01c94fa4fff6d1304a8ba77a8404727f244e1d91fe8f1087a7ac6154.xlsx,1.0
benign_sample_1457.xlsx,0.0
benign_sample_8381.xlsx,0.0
benign_sample_5744.xlsx,0.0
7c29ab4e08a12171e6cb2c8ed70a74165a0930156dfe1cde8d1fd012d64d9573.xls,1.0
05aa16d03a72d30c1f53bf75f856f105589688d03b3118d711519ce877e4a2e6.xls,1.0
benign_sample_9460.xlsx,0.0
ae07b159e7a3695ed1b6936f7378760800fd15d75fa25e465e334e404ba5bb03.xlsx,1.0
fa9bdfd412f988bc42edeb0ac7e37e03077efc4877208514e375e391630cefa9.xlsx,1.0
benign_sample_3244.xlsx,0.0
benign_sample_1669.xlsx,0.0
benign_sample_4851.xlsx,0.0
db606ab69b263ca51c4b5148f7bd8388278a4954234bd1dbe70bfb358e77420a.xls,1.0
benign_sample_25.xlsx,0.0
benign_sample_3597.xlsx,0.0
benign_sample_4027.xlsx,0.0
benign_sample_7007.xlsx,0.0
6dca1a4692e2a9f84be30b677889edc7faa7899d41b616ea2ae85eaa693e92d2.xlsx,1.0
504976a341549585f2127ca456c93b3aea4d037430e8b623c8d851a0d3156e84.xls,1.0
b1f531a6068c5e411968dd2325f6a4a9d5bac16abb6567c0d8564a1bb4e906ae.xlsx,1.0
benign_sample_952.xlsx,0.0
benign_sample_174.xlsx,0.0
benign_sample_411.xlsx,0.0
96b15f583fb37ed282ab93ef6e1ee80f0e0d309bc93edfd7c85a87f533fc4af3.xlsx,1.0
benign_sample_3554.xlsx,0.0
benign_sample_2242.xlsx,0.0
benign_sample_7332.xlsx,0.0
benign_sample_8185.xlsx,0.0
benign_sample_4451.xlsx,0.0
8f029aa7215c20daed8fbca78b0b22744a43e868d3c9b5c24f8503e3bcf141e4.xls,1.0
benign_sample_5848.xlsx,0.0
benign_sample_1407.xlsx,0.0
9de8aeb2366fc3ba470c57349ee52a187f5aac0cb49cf521d23a8bbfa4e0b10e.xlsx,1.0
benign_sample_6850.xlsx,0.0
7e60af333b52731e98a3c49c7e0ecca12d86c8277f4e6f8f118fd021beb5acbe.xlsx,1.0
7b641845aff9593d8ef7905dd160d06fd2e2b45c2350824c6cb590bef1e1eb26.xlsx,1.0
benign_sample_8998.xlsx,0.0
benign_sample_7735.xlsx,0.0
f1d6620d62d354c6a34c82f975579cb0a3beeaf5539d5a5993f9c470d2616a59.xlsx,1.0
782f4d8f8dbcb923ee592f599b0fa11ed446ad3d5e0bb17bcafc8821a39ca709.xls,1.0
benign_sample_9469.xlsx,0.0
benign_sample_116.xlsx,0.0
7f2c1d82856308935c55e9caf847b5260c1198ed400f809a36617431151d3014.xlsx,1.0
benign_sample_6892.xlsx,0.0
fe22d3faa1f01531ec03f72b270f1a8cc77241c1d70ef7875103b103cb6e0054.xls,1.0
4d7bde9b019076a62b739c431162fe3145ab188c70d8c479b63559d851beb0f4.xlsx,1.0
0c64126ecd5c0515c12bb90400f34f6134161b6bae7d6c09b4ccc5fd80ff683e.xlsx,1.0
0d89ab0b02d0fc989175bbecf32cd39f889c03d02e8542ddc6ca8417e9dd6ab6.xlsx,1.0
benign_sample_8683.xlsx,0.0
650e420a910723f07c301ddada039c21e90d20afc95474b47623438298a4f276.xlsx,1.0
benign_sample_7172.xlsx,0.0
benign_sample_7521.xlsx,0.0
benign_sample_3359.xlsx,0.0
48a2ff25f54956ba3950af5bffa9dee531f4d018d566c76b64bdf8e5a4450084.xls,1.0
benign_sample_5958.xlsx,0.0
benign_sample_6451.xlsx,0.0
benign_sample_7916.xlsx,0.0
benign_sample_6084.xlsx,0.0
benign_sample_7247.xlsx,0.0
benign_sample_2365.xlsx,0.0
benign_sample_3755.xlsx,0.0
b781f530f62c2d0826af87e36a376ea3469bcbbd15185387cca2280c3e2bcde1.xlsx,1.0
benign_sample_1366.xlsx,0.0
d405884892b0348082f073e0f75df7772a5da2099722789e2989a6c82bbfc9c2.xlsx,1.0
benign_sample_3936.xlsx,0.0
5b061bcc593476ca93aaf0ba35e5b7accbf22cf4271e0b89fd18ce6901788f7e.xlsx,1.0
33e172c974d8765c466dfe1f48c27d8b21abaed3d3f7363da22cd70b24b77a2b.xlsx,1.0
6c73580415937ccb12f90eba16e675e43eef3c6ecd933d4ac9eef4be432ea337.xlsx,1.0
c394dd2d2dc1f8ec771d2dc0b2d706b369decc8df33f2d4a5354ee26b85c2806.xlsx,1.0
8c2c4e9debc33556352bc4a5d3dae9bc64f6400c60ffdec542f9464ec7404232.xlsx,1.0
932a0b6c3df4d27e13cad914eb5325a0da73bad0ad9941e3c1cf49371c0487fa.xls,1.0
benign_sample_9714.xlsx,0.0
f46572d373703e31f7866423d950b295ad1126968ffd8f72f109ffab39b900dc.xlsx,1.0
104bdccfd454b4aa89c0f3566057b9666347ce6c9df80ba6ed9e54f375efc315.xlsx,1.0
b273dc505cc6efdb92d73ea7db3f498aea49f7bd4a1fca10acdd8f2deca96341.xls,1.0
b83908c9b90178b961a7befb29e2552c03fd7f731944f47bc49049b8ca4708a4.xlsx,1.0
f126dd7d667bae9e69ba3b915f2e6df579d90c2ed02c333de6442628f78f6db0.xlsx,1.0
benign_sample_2141.xlsx,0.0
53fb17fa53cc229fa6ae5588541b06bbc6a89c991302840ed57210dfce5fcd27.xls,1.0
8c8949ea4366b524e7e6928c5a2a05a4738ecd0dde63af663fe95a4d18538b0f.xlsx,1.0
benign_sample_944.xlsx,0.0
benign_sample_1227.xlsx,0.0
benign_sample_7104.xlsx,0.0
415a8dad864c96b2799a9382a620e85ff274291fdda0277c1838161acbc1b108.xls,1.0
benign_sample_1887.xlsx,0.0
44752413e83a4cee1eefcbed1de6b13cf72a029dcfff411df431cfa263e83caa.xlsx,1.0
benign_sample_8806.xlsx,0.0
benign_sample_7716.xlsx,0.0
527409f651c52b8ef556ca856e1a15af2b35dc6b46f6e38f3ff636a92d2ee9b2.xlsx,1.0
c006d8947c8d38060d27d0eeb53dd21110f7a154ae1f66955c56d7c48538e32a.xlsx,1.0
benign_sample_9671.xlsx,0.0
benign_sample_8763.xlsx,0.0
benign_sample_1597.xlsx,0.0
a3c6fbfde489c86a064836855dec64603cbb6cb7bed288797ba926dc900c94e9.xlsx,1.0
benign_sample_7270.xlsx,0.0
benign_sample_5697.xlsx,0.0
0bd2aea9bad9aeb24ecd5ccb94e8972a42a7fff28a6955c5c4352668735b826a.xlsx,1.0
f19aa9cb3b4626d064e0a8caeab56759b73b3b4582ebfeabbbbf9325cc9fbc3b.xlsx,1.0
benign_sample_2036.xlsx,0.0
05aecdb06f381a1f9e09447d5ad3b04c6434bd30c842b71dbde7df57bf7dd57e.xlsx,1.0
benign_sample_4894.xlsx,0.0
6054c79d50cfcc57b7c39c9ce0dba0a9588080dfae2bc95ec6ab487482e1b38b.xlsx,1.0
c2bca02d95e80f430523aa52dad9806d785432f2bb4ca47af50bf7c230305c49.xlsx,1.0
97e354acb340c0031c880cba8ef5b5733cdcaf55c5509467222775e771a50dff.xls,1.0
benign_sample_2847.xlsx,0.0
ae870548094232fb8abce47d5227ebc734c1c3bdc76e908d33ee29b452c4d09e.xlsx,1.0
ea8b8b4175ca557c2b57c4f19bbed2be529d86a5c98c760588c0b322f3d717f4.xls,1.0
benign_sample_8596.xlsx,0.0
benign_sample_3159.xlsx,0.0
benign_sample_9759.xlsx,0.0
benign_sample_8710.xlsx,0.0
dd8b8fb459a717023927aa8563de1d3299452784e781550803ffa082dd2a4633.xls,1.0
benign_sample_9424.xlsx,0.0
43ddafd6589dd3ebe06f7dc210c4985a65a19439e1abd523bac34f8c4e2d59e2.xlsx,1.0
benign_sample_1609.xlsx,0.0
benign_sample_2360.xlsx,0.0
benign_sample_3699.xlsx,0.0
benign_sample_3782.xlsx,0.0
benign_sample_6616.xlsx,0.0
e21b2a0a6eb001d50e491723c4a4fcc9fec2025f582dbe071eb69436abe7161f.xlsx,1.0
benign_sample_8520.xlsx,0.0
86cefb2330bbf8ed518b879345fc8ebc44c390dc52b8b0bf1a26609c2791f1c4.xlsx,1.0
benign_sample_7992.xlsx,0.0
6988c31a1211046a00837371dd0c28d3ac17d28370b2c3e88524ba0ee1d448a1.xlsx,1.0
e288c853afd9e6369767d14553ebd6a471d2adb2a2e5b6b80f487d8e3d84d7d2.xlsx,1.0
benign_sample_6186.xlsx,0.0
benign_sample_4305.xlsx,0.0
benign_sample_383.xlsx,0.0
bb59c8f463d6228cbc4ff1087196dd638ba788f141dc38d23ee59651fa9fa0a4.xls,1.0
benign_sample_4943.xlsx,0.0
benign_sample_7437.xlsx,0.0
benign_sample_9820.xlsx,0.0
benign_sample_5203.xlsx,0.0
benign_sample_2429.xlsx,0.0
6c82526ec08f3125905310f477511c07f0e9c048ccbe03147384b0c1821b425e.xlsx,1.0
benign_sample_7691.xlsx,0.0
benign_sample_8158.xlsx,0.0
benign_sample_3131.xlsx,0.0
benign_sample_4041.xlsx,0.0
benign_sample_6772.xlsx,0.0
a8e528ca62a2bbe8f083642c6b59b9f274f59abf3f588fd0ceadb010a1a63b30.xls,1.0
benign_sample_408.xlsx,0.0
benign_sample_5462.xlsx,0.0
e2ebaad145df4175ea7d8a9f17af28fc46708f8757f934fe8208f386431d1551.xls,1.0
9ce1fb8836f5260297979597bd409e16d3fd6a651414a827fa7eb7f2961f74a3.xlsx,1.0
benign_sample_9395.xlsx,0.0
9f82f7f74b4f5846edabed703195f6bc8c573a37507c51cf1e5545ef81e1257e.xlsx,0.915
2e98f48da42fcd30ff2966ec40273bbe43c33a1c5d5ae1241e46784238e8c582.xlsx,1.0
benign_sample_3910.xlsx,0.0
benign_sample_7533.xlsx,0.0
benign_sample_579.xlsx,0.0
8d1f2048058fe337dc99727fbb6b5c8e46c93308595d0e6af0181336ae5a4bb1.xls,1.0
53f40620a66b197848fa88b17e4a9a655ed4fffa87e3b06a326149b91a0c4a14.xlsx,1.0
40d40fef13ba74ce69df1446c075266420370d846ead9ef25c39467910ecd0ed.xls,1.0
benign_sample_5923.xlsx,0.0
benign_sample_728.xlsx,0.0
ad9cee450812467571d9816e6d372ce8a3fb14fc303cece2b64d382d4136854a.xlsx,1.0
42e4c75d3ee375a91afc7d305a6defbb25b912b6838ef1cbd8da836983086986.xlsx,0.99
1a723725cd1b011eb26cb5879a7f44227dd973ac4c599961918491f9c337da28.xlsx,1.0
benign_sample_8164.xlsx,0.0
benign_sample_7253.xlsx,0.0
cef1b72129764197db693d3d68cc6725cc108c4a87050cb42455ad89efd51fe9.xls,1.0
6bec3a3c70ffef634a033687159c7b8046760a5b61cd744941a0de6f4f98ba52.xlsx,1.0
2fb4062b4aee3c081f6fe98db436125af8e4aacec92b5b93de1a073905c76544.xls,1.0
7686154407d538c41a93341b513ca2c2f94176d8d65f2f29947636669b753020.xlsx,1.0
e5494dcac2769cf311c2ab66af0f3e80ba659a26ba594e40bfffca136c552787.xlsx,1.0
benign_sample_6185.xlsx,0.0
0f7733066d2857280a04dbe1d6780d51d49894c7576632be019c7b7b54318028.xlsx,1.0
fd2429ee7c24a01f7bf3faf0c1c70266391d4335dfb94cd59b6a6253c6519aeb.xlsx,1.0
benign_sample_1757.xlsx,0.0
benign_sample_1870.xlsx,0.0
benign_sample_1125.xlsx,0.005
benign_sample_9098.xlsx,0.0
benign_sample_6090.xlsx,0.0
0b801f372647dee83d3d425117fd5c9ee08bc4cfeba9e7d742b89402bc251e0b.xlsx,1.0
d3994055588af94cdbd282bc718c122335104cc74dbebbc2eec6e33d94b5195b.xlsx,1.0
1cea11e60bce272e08ef8906924229cc33ba41dc2903ca2c397eb0ca70d85196.xlsx,1.0
benign_sample_5753.xlsx,0.0
benign_sample_2352.xlsx,0.005
benign_sample_3974.xlsx,0.0
benign_sample_6976.xlsx,0.0
benign_sample_9255.xlsx,0.0
benign_sample_3859.xlsx,0.0
benign_sample_6135.xlsx,0.0
benign_sample_3743.xlsx,0.0
81fec60f7102ff7293ae1e363baef1171ae374feab0820829525fcb2bb0f62e9.xls,1.0
benign_sample_9213.xlsx,0.0
41ca2185664422241527a61ab42a999b1c30057d066fca00aaf79d380386409c.xlsx,1.0
benign_sample_4307.xlsx,0.0
0ac5d0d011d937625b0fe92a5309a6be11982a2fa344b5b0d2163d4e8f3f386d.xls,1.0
9b0d11bbd94dbd46e4e47dbb3f24510e667ad9af193f67f7a11df1edaca7ce64.xls,0.97
852e3f282f98fe623c31d24402bcf31c42b0c1d2e9c35e40057229adc676b0a8.xls,1.0
benign_sample_4504.xlsx,0.0
96bf0039c8086e96b175fc8c5d09bd6ebb70c40a7f3a00293eebe287da4ecc8c.xls,1.0
99eefadf5162887ffa8ef5ec997b8f854f7763fea05ec57c7d1e47dccbfdb654.xls,1.0
benign_sample_8063.xlsx,0.0
86bae0f75e1ed0d968378df8eb278a548df3ffb315638cc9ac2eb29b826d2237.xlsx,1.0
benign_sample_8447.xlsx,0.0
benign_sample_5806.xlsx,0.0
5a9dfbbdfa6e043bf0a5597878692a45e83c71b1337963860e3ee6117d33eb75.xls,1.0
benign_sample_2610.xlsx,0.0
32844a3121ed8822f927974ab23b26bdb2d5af0d7dee08da31bfecdc7bd90ab4.xlsx,0.975
benign_sample_2187.xlsx,0.0
benign_sample_8926.xlsx,0.0
ff22fe1a0b00c97e42a906cae867805c22d9962dde59091c163e83e6151f8532.xlsx,1.0
benign_sample_5760.xlsx,0.0
benign_sample_8979.xlsx,0.0
benign_sample_9007.xlsx,0.0
9bd4b917bd8fa07b121f2ac98c58079679034add918c8fa107fdb95c46fb9a08.xls,1.0
b731da0d7485fa348275ffb6e3b489a6f81e60a484eb01f2fb132414dee3d1b5.xls,1.0
e85ed8154f832611a895d3bc6a8c647777b4ad3ba81c41f526770b68bd4d8eba.xlsx,1.0
419b48a1ec5873d626f9e65cd27a6146462a94d9c95337a71de1de27ce95ff9e.xlsx,1.0
08d2abb7d2989ea8584a6721ff7f3c85c0932b38be4b7e69dc1be401e4a2c370.xls,1.0
benign_sample_6000.xlsx,0.0
benign_sample_8782.xlsx,0.0
benign_sample_2299.xlsx,0.0
8147244b6eec1279688a3541abef980948e439cf2b0d7fafe80be066a5e431a9.xlsx,1.0
be051574275f5621bc3c9fb71d0f0a730c60d69232c559d68c4f068355f9eef8.xlsx,1.0
benign_sample_9039.xlsx,0.0
6694a4ed3558c2a5c9e62f41b6b0b7f6d14f2716b61fc7aa92f6bf36bf01edbe.xlsx,1.0
benign_sample_7322.xlsx,0.0
13a067e93915d47af65ec9287cda25f054f64f56d7e635f80a9d310b14b8155e.xlsx,1.0
a42ca13241a880ca5ae10dfd1e035847cdd8c76f58bc47e273898bf021dad0a1.xlsx,1.0
benign_sample_9220.xlsx,0.0
benign_sample_8438.xlsx,0.0
a0a6e55d2714273e7c3866776a187cc320e9bfa5086632fc12ed94db2efbfc3d.xlsx,1.0
benign_sample_5641.xlsx,0.0
benign_sample_1073.xlsx,0.0
8ff109bd3969fec4af7d796f7fd34188e6495500ddddf985944802e5d02ae390.xlsx,1.0
benign_sample_6483.xlsx,0.0
benign_sample_2307.xlsx,0.0
benign_sample_5595.xlsx,0.0
benign_sample_8500.xlsx,0.0
943924e25a7a7316cd4fd1d7ccd3fceeb227f709b82ca03147a5d25e5cc14b2c.xlsx,1.0
benign_sample_2098.xlsx,0.0
337f3864fea2c1094e73c9b7db31401a438f29fbd198b8d999e9b0362f3ff2f1.xlsx,1.0
benign_sample_1647.xlsx,0.0
00824a23925732021eb3a0a4048b1c35f08b3437a42b987c15c3524973d464de.xlsx,1.0
253209fa5848d89e5c40f4ed5a80332ff7becbc584c41f2253f1f330aaf4a196.xlsx,1.0
80be4ea6f73573a5973021132a138c8e367cafcbcfd0cf815e7f85c524bdaea1.xlsx,1.0
8a73d50780f514fcb909317afb79165fceff1e6fd5a17affa1ce2830772690ef.xlsx,1.0
422c8033a5235a0be97017c6a389c81ecf226b42903f901fbb085da263a5b575.xls,1.0
f330b6d58c8d31dd3a5aaa76b87867d05cc7588b64d6f0d007b60200336d5e5b.xlsx,1.0
benign_sample_6774.xlsx,0.0
benign_sample_3194.xlsx,0.0
benign_sample_741.xlsx,0.0
benign_sample_4696.xlsx,0.0
2aa0437cff5ffc752d08472aa67b5fe67fdccf8d269bc8751e5b9242f4174483.xls,1.0
4d8c94703135aba449a1fab2e4f475e4ed7bb81da4419c012e21df3448a1182f.xlsx,1.0
benign_sample_981.xlsx,0.0
951753f643d7cdd6d60952f7db6d8b6c5a8e0898389f0ee0e52547b1acecd54d.xlsx,1.0
benign_sample_7113.xlsx,0.0
benign_sample_7116.xlsx,0.0
b1f1abf31426438772f0f8afca021d0b3fc4703cb397d262abe9cb22d2dea0fb.xlsx,1.0
95b7c86e3bd63fdec0e7261c0c215ff6776aebe34e797f08c7715849a6b6cbe0.xlsx,1.0
567cbd83097abf776c444b681a622ab92294ef6dbf0b831e3bd018068c92a9d1.xls,1.0
6af2f89e1e9e791b754970b9759b27b9cb337c5e7e04d4f1f7f6d19ecea73c9f.xlsx,1.0
benign_sample_3263.xlsx,0.0
4e1c74fa91b88ad367a8a03457fe4c33a3b32e126c3c38c26235077517f7ed0d.xls,1.0
a0823e0ce21e4fe7f1e0a7c7313d5a76e2a8b205ed83caa60cbbb10be60c5b5f.xlsx,1.0
31566ad4a086ac1d4963b7e9b650242aadb9210cfcd3e74413b6870219328bcd.xlsx,1.0
049ab888d63d2aa06b36969575698c262adffafd7b8959076cd33e7f662e3b2d.xlsx,1.0
benign_sample_5586.xlsx,0.0
476254283d958bb7698593e9f97c61e2914be0cbae0812b19c985d2510835d20.xlsx,1.0
003edf3ec4f545a258c3a0adf800feb784f48a5c6ce1c35dc2d555d5690f6a14.xlsx,1.0
5e50b21f2c7e6c292e6505b071e43220ecccbd0185a69fb74c438689ea7ce03a.xlsx,1.0
benign_sample_7368.xlsx,0.0
benign_sample_4993.xlsx,0.0
3b121ece72676422e17261e8e7358c7451298bb59bd45cccde2a9236c7fb4365.xlsx,1.0
benign_sample_705.xlsx,0.0
2e3bfa733c7de0866fdcdbae88fa09bd5acef4ae8a6343cd873f0811ece8ad96.xlsx,1.0
benign_sample_2277.xlsx,0.0
benign_sample_657.xlsx,0.0
6af7950d0247095f5f400a715280d5dc79b308b434a105ccbd3c757b90c7e253.xlsx,1.0
61130c9fd8a6e60f204fb7f3725de32365308f5864432c415d5f85d232081f41.xlsx,1.0
1fc2ee8c05eff215962a252bf1e42f9f3d50d92081906597b2c7f169fb292011.xlsx,1.0
1629f5bbc5fc8feeb42e5b47b7a99edf70474248890ca128112ee51e82add087.xlsx,1.0
benign_sample_1873.xlsx,0.0
benign_sample_5781.xlsx,0.0
c03152d9d1d783a90f2af843404d84c7a71c837d957a80d0a2db3fc22a7b38ab.xlsx,1.0
3906ecd2330a5e59438dc7384ee743e8c2fe3a8340a5152600e953b72e7ab298.xlsx,1.0
32003740f5fbc6c6b135b633829cfe27be80011fdc3f4ee90a196c3cc9a3ac09.xlsx,1.0
20039ff121b47e5026b29877b299b76e47f3c7f766b9010a04e148a19823dbb6.xlsx,1.0
6f269b68f1e2ab7a0e99068eaaddf5e64482e34ef44ea0e07b686665fe54b302.xlsx,1.0
5b8b43f261c93fd8c24b78a30f6d51f611a982e9ab0d6e12d65d804c1c0ce7e3.xls,1.0
d9a0509a3236d95bb43aaaecbe8a06f33057212e63fdb918c7d251db428272da.xlsx,1.0
dc914561c85365c8cc399ef4d0818988cf72831fe753cc36b8bd684b9a0554c3.xlsx,1.0
benign_sample_7067.xlsx,0.0
benign_sample_8203.xlsx,0.0
2894ace7f47d322ddda8dab42657dd08f762e24792b8f4a0b06b5714d9a983df.xlsx,1.0
6df92e2c3b1e8f038b649bdb65b340d15a1195d1dab363edf3224bf4a7ebc3ce.xls,1.0
benign_sample_5579.xlsx,0.0
75d4d1bbdb3d2c45392aa6f10af1093af7f137b8cb7702f42bd08109f72ab345.xls,1.0
benign_sample_7296.xlsx,0.0
benign_sample_1232.xlsx,0.0
benign_sample_6765.xlsx,0.0
benign_sample_8417.xlsx,0.0
20cbe8325f3568dc47e4267377901d322dcc8c3f0106ce0a1fef725a16ad8529.xls,1.0
benign_sample_2298.xlsx,0.0
94efafa7810bcd437030e5bc01fe7275d719fc0cbcee13090f95553f9b070cf6.xls,1.0
b63bd58c1c692ed60df6793284d87f81a93874e473cf9aa3939ed127f5ebbd77.xlsx,0.99
benign_sample_6961.xlsx,0.0
benign_sample_9145.xlsx,0.0
benign_sample_5763.xlsx,0.0
abbc14cc05e5ce0abb6e32b3a221c5fa55ac60abb1f2e50a11eaf0cdb79820d5.xlsx,1.0
b754ad1ef322216e4d6b2799b9aa0b38450e02ce3cedb67f6448551aa88c31fc.xlsx,1.0
c934098251c677b9272d9ea74e2c4407473a75efc32dd6c6f2be41f3a55afc1f.xlsx,1.0
benign_sample_6289.xlsx,0.0
66db4f35414c834c5f144a668c804e75149ed55d81dcae4a02494a817332f4f3.xlsx,1.0
benign_sample_7036.xlsx,0.0
benign_sample_6280.xlsx,0.0
be0f76b10d7b1a672909826ae9351e30680b81be36d50fef07f45f5cb4b785ef.xlsx,1.0
benign_sample_954.xlsx,0.0
benign_sample_7666.xlsx,0.0
benign_sample_7960.xlsx,0.0
ce9192cad07f701f5b3304de9cb0654d1c00c339eb04b1d77f4acd1eb02ad455.xlsx,1.0
benign_sample_6181.xlsx,0.0
0cc39329e169ee4c07c551b0db5c6c22e860af9ca2f9a08db07425021cdbd2da.xlsx,1.0
benign_sample_1878.xlsx,0.0
benign_sample_2962.xlsx,0.0
5194bc66c35b988ddc5b5c15803b6eef8762a3a6436dc34e1d90342af3849cb6.xls,1.0
benign_sample_9477.xlsx,0.0
benign_sample_7699.xlsx,0.0
fac9e99d763f8b4d25ba39ae746cafa3faa4e990f62c4ae949a1d37ffc9c9b78.xlsx,1.0
benign_sample_5554.xlsx,0.0
benign_sample_2697.xlsx,0.0
benign_sample_9649.xlsx,0.0
benign_sample_1437.xlsx,0.0
2f7170fa50bf0c0b62138229b55c76eb96c9d7cd525363bc7cb3821a3ab22d4f.xlsx,1.0
benign_sample_5844.xlsx,0.0
8a4235447879bb4d7f2366158d892f29a5d9a06203ae71b7ae6bd563889f1de2.xlsx,1.0
a45c87d9f6e032513c699d77def4ae65baa9683b0558a511cdaadff5ea7dcf21.xlsx,1.0
benign_sample_5810.xlsx,0.0
c0ef7e50508b9b9d515170db25dc1da684171dd66629af37d81f3397258ab4bd.xlsx,1.0
719adb968e43f74d03d50b3cbabf93100d506f1b798198d2c8c212db6554c371.xlsx,1.0
d740c619517f505c2c36708f4da33ee59e7161fc5efe33aaa1d524eeb7972c65.xls,1.0
9eb204119fa5ff984d18de7ab0c5ca985bc39f32d3d048884c5b77e69eb85a18.xlsx,1.0
benign_sample_7191.xlsx,0.0
benign_sample_7060.xlsx,0.0
23194db3d06fff6e03fcaf1f69de0c6065e393ebd23f18a17d8bd14c9782fa5a.xlsx,1.0
benign_sample_239.xlsx,0.0
2044524fe88a8ed1ea1d5428cba427f87763e35ed487d91fe5c1bef12a6d26df.xlsx,1.0
bb8cbe77bdbbbb89309dff56683e9b1c3a29029fd9ec5dd8ded0d42b9bd088ca.xlsx,1.0
benign_sample_5381.xlsx,0.0
benign_sample_3816.xlsx,0.0
39d33b3fb921e4888802e1f34dc898a75de373d562bbb11d02a5483dd2ec69a9.xlsx,1.0
eb76e3a33df3f8d077cebdb3409d81b53bfb34a4519dbb6010eaca5ff9f029cf.xls,1.0
6d3ce74c72f7ed39803b430a09a3767f5c67359cb26d43fcf0823d6ac1332078.xlsx,1.0
benign_sample_7378.xlsx,0.0
44e93cb3bd2fc2536ac0a3affd7ba5d2e75dc9b511941dc77ba07813393ec46d.xlsx,1.0
553d5db98c37896ad952bf1b31a8247b3da11c4ec1c14bf4bd7c67efee8a8f07.xlsx,1.0
6e82bd1f95394864e349032d6cd74c67704ff7586924d5c31c9a5b318499cdcd.xlsx,1.0
benign_sample_2984.xlsx,0.0
benign_sample_5108.xlsx,0.0
3a34f35f5e4fffad412cc6cd381658dcf51643102ef148bb19a5cf6b8e59b283.xls,1.0
benign_sample_7819.xlsx,0.0
a683c8ff090d00332a32e5c6328950762720113e4bd618fdecd7e1a5ba42f300.xlsx,1.0
benign_sample_4.xlsx,0.0
benign_sample_2009.xlsx,0.0
507925933622efbd2341f32deca208e66363e936f40bf30f0b0cc10e47823ab6.xls,1.0
benign_sample_6641.xlsx,0.0
8f510c58e2887f623885ca96ac581df5cc708998ddcf43c9c02d100fb4c36937.xls,1.0
36881c60ecc42da1a8b8ecb5bf267fff8eb8c00b2f8c57f1c112ac17746aa112.xlsx,1.0
benign_sample_4388.xlsx,0.0
f427fa75b8c7da28cca20f8568a0592ca5ffe6fb6904a3ec64d5e4d9bbee6bcf.xlsx,1.0
2d5827838a3e3fbae5273e6f26ec579e26434e19b3bdb15a2cd5e9ea0a6f173a.xls,1.0
256cb778c3f5ea68c12a8a99fd39a36097113639de22b4c2bab5ea80d8a106a0.xlsx,1.0
benign_sample_2909.xlsx,0.0
benign_sample_4457.xlsx,0.0
benign_sample_7618.xlsx,0.0
469540bab4fdbc2f8dd603e2872fa4eb1c407a4b527fe4e8b2f69a362c5b8853.xlsx,1.0
2c865732e2b96fe19f46d8ab16be41e18d0d7f43941e663059266e7f0ca1822d.xlsx,1.0
benign_sample_2786.xlsx,0.0
04dbaec4fedbe0c142e0828aa4522048a914af66c2add559df963f5a472b0c65.xlsx,1.0
benign_sample_8026.xlsx,0.0
benign_sample_4114.xlsx,0.0
0c078fd098b93d54092be9217dc47c3aff4096f7dbbb831a5cfc89376e5ecda2.xlsx,1.0
d528bad25dcf8d6bcf4b448e711dbe276cec9b45db6540feb120a94517adef83.xlsx,1.0
29dc6e2d2fea32f45c2b5946bcbc4a82932a504e6345569780c330fcc43a4a5a.xls,1.0
benign_sample_7090.xlsx,0.0
b6ab0f6d63a17786653368972a7d754f3337d63c32decef976ae94c19f19c6a5.xls,1.0
benign_sample_6200.xlsx,0.0
4a299e20ac8054c3c911a3eeaae7b1092c33dab2d508f28e5fb2661ada695d2f.xls,1.0
db6451c91152b1d4756f3adbcb9c044d5bc6ce17b09c674ba55062f54b94be89.xls,1.0
benign_sample_6555.xlsx,0.0
e66b9c122ac10eb71188cb52daf00d928c475be5f5893fe80886e828d94f4b15.xls,1.0
benign_sample_7326.xlsx,0.0
1afee64787f72a5625842ed3abfd39e914b34bdc0c08998204dab89f2c404df4.xlsx,1.0
benign_sample_2841.xlsx,0.0
fcebb86b238a21e6a07e4da7b228ea6d2394bb3603af7decdff40faa63cbae29.xlsx,1.0
a07111b0e2baa3dce0e4b5ec4030c3c36ff02c01d7bca655d683d6e55c02e725.xlsx,1.0
benign_sample_2672.xlsx,0.0
benign_sample_9580.xlsx,0.0
930a51f05702dcb78a5f3c64dce9d9cc49d9c2e6e8a6b21e130867150a129ed1.xlsx,1.0
benign_sample_6922.xlsx,0.0
1f4a4dd4fa015a120838b31f2deab19cdb9c29484c0dcfaa705279c64ea22709.xlsx,1.0
0967ae832c06d273188411169976c460cfe19696b182cbc5cf5ac33e0ddded12.xlsx,1.0
benign_sample_8135.xlsx,0.0
benign_sample_3624.xlsx,0.0
benign_sample_7003.xlsx,0.0
benign_sample_1218.xlsx,0.0
1819a14bcda6fef5e3781f036031219fdeb5233b1febcf726bb57bbf44025119.xls,1.0
26c6f3197a24c1adca79490a2c33735bc4855ac03666a09b6c40080c59357ed3.xls,1.0
601641cf64833e9b37fc39a6f309cf40f1bb08ab263a47e659914d9949d82b52.xlsx,1.0
benign_sample_41.xlsx,0.0
b24e61853d962948d97e9ba192b054e269fcfc10a4f1009b572b09c67f54ecad.xlsx,1.0
benign_sample_83.xlsx,0.0
e7a67a1eca29ecf82c72368237d59f22dcb5824ea73b0bc903ab0b8782d6045a.xlsx,1.0
benign_sample_6785.xlsx,0.0
5b54b6abb8a041df58ab3744021149d2e4bddfc3891a1e760fdaea19fddc900b.xls,1.0
98d8ede3f7d787c14db561342294e73f6e204dde259ee9a8bdcdb692bf6c7efe.xlsx,1.0
b8390b6d3e974a5549e900c837da4f262e81b375f14d658314339c4a74b655c9.xls,1.0
7fc2401d14845d4b0f2c1e583863410dadb3d3e9b431169fae66fca517a1972a.xlsx,1.0
benign_sample_5542.xlsx,0.005
7cbe3e75ce8cc8f56f12e439b17ae6ce457e4fa331fd4bc268a6c95ea095b664.xls,1.0
11cc2099d5aa0ac5a10f26f50e346a5bac80efc4d54de5f89d5174f70808eb82.xls,1.0
c0fb3410e2ddca4fff784a5aa09f4bc22d46db70a23f934ed69c42c8b98c9d36.xlsx,1.0
benign_sample_7423.xlsx,0.0
benign_sample_1618.xlsx,0.0
benign_sample_8992.xlsx,0.0
benign_sample_7557.xlsx,0.0
benign_sample_3038.xlsx,0.0
4948bef6546f42802212ef209faf81a4ed855bea2389789cf70dc4449694e53c.xlsx,1.0
benign_sample_8932.xlsx,0.0
7fef2b14068c142f6a708feff82ef0a0c2f5967e9ec402ade70b4152e8b628dd.xlsx,1.0
6f8999b500502e2c5549313a29abfb46e6a717e8b0d22155399f5dc2d2f53039.xlsx,1.0
benign_sample_3636.xlsx,0.0
benign_sample_8411.xlsx,0.0
benign_sample_1473.xlsx,0.0
benign_sample_2950.xlsx,0.0
1ce5a81909cf7b19cf2ecc1a4b3035f374b0c1fdeeb8e7eb36b04b78f99f8bfa.xls,1.0
11524de2671271798703e08a4f07adfbc9fe8aeaaac78c07ea83bdc82712729f.xlsx,1.0
bab987378fee1fc1ed14c160024c9fcecedab5f663195a12c59d16c1303ed82a.xlsx,1.0
ab1cfc5403e7fd780f3dade25696cc27faeb1bee71ec075940c364687c539e68.xlsx,1.0
1f943b9381490f9e85fc6af3d033d5a42d66a8df3fceca51d65e33eaa61117b9.xlsx,1.0
benign_sample_99.xlsx,0.0
753d62bb46784fcdda4c826204bf985f3431019bb149c0db979b7dc48f6d3c08.xlsx,1.0
benign_sample_7979.xlsx,0.0
685a21a449aa1414d3919570dc0aae7ad2d784685893037dfc4bd60e9cd4b922.xlsx,1.0
benign_sample_4892.xlsx,0.0
a7b6c60c9aa6dbe97b4cbdc8f6d6c45771919f7c81e17ada472be1f692a7e046.xls,1.0
benign_sample_4150.xlsx,0.0
benign_sample_2338.xlsx,0.0
benign_sample_2558.xlsx,0.0
benign_sample_5289.xlsx,0.0
2131e95c8791079ad0259a4bdaf2808c807414fe0d8fd7bf1b6e605b87b640bf.xls,1.0
d44d329cb5be598dbd47672173ce5fcc9d6cc286dd564ef81c861e9a45327354.xlsx,1.0
69704877e7217601b5b26a37291f793644435da4683f0286da4be845a456dee2.xlsx,1.0
benign_sample_3540.xlsx,0.0
benign_sample_4792.xlsx,0.0
benign_sample_6784.xlsx,0.0
2dd89575a21c3e333817acc3a70019987319f600f0ebd3f6fee813bffa4fea97.xlsx,1.0
df6d999a6909df3f42beb79db7ac0fc4dde87b5df467cbacf23edfff1f1f5535.xlsx,1.0
d74c6bbb27dcc4204e3b39359d2cc11b50e9dbfc2a6d026bcc037f5f255ed01a.xlsx,1.0
743103852885654bb74cdd25d4a6c1bb58d254711d817d6cc8832f7a4f8d6f65.xls,1.0
benign_sample_7706.xlsx,0.0
c79887d0df6b69bbd47676fc6ef0ecd21e2509ba1af14e6106d4b51d02a5a926.xlsx,1.0
benign_sample_7805.xlsx,0.0
benign_sample_2203.xlsx,0.0
1f6267561e677af4b2ac2a0502be127ac3ef98f1e0cc230dcfa87a955e675847.xlsx,1.0
benign_sample_1476.xlsx,0.0
a8abb00def7d4f3f5a0d72be50262305fad36afcaa47ab2ec10987636d4c4f87.xlsx,1.0
benign_sample_1031.xlsx,0.0
benign_sample_5564.xlsx,0.0
fcf0d4248e00238c8588816ffad94b5ceb3a786a831efdccce9f3a878c7cfebe.xlsx,1.0
benign_sample_8372.xlsx,0.0
benign_sample_4097.xlsx,0.0
benign_sample_9079.xlsx,0.0
benign_sample_9859.xlsx,0.0
benign_sample_4263.xlsx,0.0
benign_sample_1952.xlsx,0.0
benign_sample_8012.xlsx,0.0
benign_sample_3953.xlsx,0.0
8e1926ea256c3e439c4dc17f82443c716893dd43b287f771c2872565a7f5901a.xlsx,1.0
04bd1d2d1969099e78c029c8874df9cabe801614d881a94c3d4d40fc294ce2d5.xls,1.0
e7ffe2f6ef080f4db1e604709294a85c4181395897e493ddfe898e810ea3d253.xlsx,1.0
benign_sample_5629.xlsx,0.0
benign_sample_9157.xlsx,0.0
benign_sample_3273.xlsx,0.0
9ede6d6328deeac84418c8f8377db8a9220e5ea9896dc50f0c807ac32751b714.xls,1.0
f023df04c17c7849eec5f1b8c5f29e5cc65144d52411b82db381b28ea454c85d.xls,1.0
benign_sample_5388.xlsx,0.0
benign_sample_4723.xlsx,0.0
3f557c8fbc2238882c4e88b9b7a9fbf6e277a103a9cebcc30f61ed34a09eb6ee.xlsx,1.0
6af43606d711f814e7047afb972927ace50394341c8ef7511410f93e02d49a0f.xlsx,1.0
7f03af8f9cc110a2ff8fbe81cbb4c234a66d9525ac932cdb9748a8a72adf86eb.xlsx,1.0
79982d6aa755d28ad95c9573a7a241361fa8d99d420f794cf1cd48a67deb6708.xlsx,1.0
benign_sample_5346.xlsx,0.0
35b21fb5a438e1d675e45d46e1914e8839dd67c39281a18f825141815d762b4b.xlsx,1.0
481ba4576aab966a7e8b0259439fa8eb05258f5782cf1cbeaba06d4262c2d958.xls,1.0
benign_sample_6605.xlsx,0.0
benign_sample_263.xlsx,0.0
1c1ce1ffea00778cc643c4822fa43aca1238aac2a1ac4b8c90c641597f8c9778.xlsx,1.0
312d0b749912e31b3f72c20a37603facf7a5e16da07ac56267baaae5b8aa9a0d.xlsx,1.0
582ebe1dd2cb37eaee3807157cf449829dcb732fbd81d9134b064d48c3a71be1.xlsx,1.0
benign_sample_3059.xlsx,0.0
benign_sample_9517.xlsx,0.0
acca7ae7131ad74df546df3278de13be85eb30c4c6b6a81146ea68ca479e4652.xls,1.0
0e701ae54a4756ad5a19d08d80dfd297d1c3bb50e4b18be79bec88eadc24aff2.xlsx,1.0
benign_sample_7835.xlsx,0.0
benign_sample_2100.xlsx,0.0
71520c6b61c641945ab1d47dd755be9ecb8dfd171fa5daf9773a99459cb45efb.xlsx,1.0
82226865e69adff84d53d22ccb55d87ee51873036c27753154cff6d1829e2104.xlsx,1.0
6096e290d2b9c5d1979cba04455c7dc9c57b65fd2e5fe96c3f5a551e574071e6.xlsx,1.0
benign_sample_8589.xlsx,0.0
ca15531ed3f4a307640b0dfee0cf060a12f70d9206e6f8ecbc1bdd9a546751e5.xlsx,1.0
benign_sample_404.xlsx,0.0
525cad864e0ca1450fc2e30caefab55372398cff8f5f3822566022ee0a652345.xlsx,1.0
benign_sample_2928.xlsx,0.0
b393ac3cbd8336e660d5d7d9672b2fef8189a07f3aece70c94cf1a30a3a4e6c0.xls,1.0
b1d52cde7ae713b010b4fc76a62273052246900bb8fd9391aa0e6ff83aeb5504.xlsx,1.0
benign_sample_3275.xlsx,0.01
benign_sample_8219.xlsx,0.0
benign_sample_9662.xlsx,0.0
benign_sample_8112.xlsx,0.0
benign_sample_8456.xlsx,0.0
benign_sample_9379.xlsx,0.0
189160bac0dc8008d3b49b5f11a263e61d2f2aeb3484d82aa18a1d01cf48627b.xls,1.0
0997afb947d7e15a21374d6b63c54d9c7e4781aba2d86bbd7c32e641c0b5036c.xls,1.0
5eca8a01c785c85dae69d88d2a679824f90bd0f170340840b30f54a8e6889946.xlsx,1.0
1ad6e5e30658b7e24ebd05b426df232fef3f30b894fcbb54fc3e7d4ab48d47e7.xlsx,1.0
689398e7cc649fd7d31f7c20e84f5262e7d799e895043c398afbb100f43ae487.xlsx,1.0
453ff69dc53a590b5a1ca52e104a9c70056d719d4e4be3c148ae3187bf612e40.xls,1.0
benign_sample_6125.xlsx,0.0
18028f38e09ed4e9705e099336dcd2d040de45c6db5627d3c9f2ea148d142db0.xlsx,1.0
1ddae3121e3bed88cb1d38bdb7a264dbbce7e8f7c27ff96bf2c27934834131b0.xls,1.0
benign_sample_76.xlsx,0.0
be43923639987d90671f19b0b2da9226a8405d713f2634e423ee552265746a60.xls,1.0
56e5ff88c20be6d4a8ce5f22c4c09dc6b8a9daa321c4466d5d68d8626f8ef6b3.xlsx,1.0
benign_sample_340.xlsx,0.0
benign_sample_4092.xlsx,0.0
5638dde84808e032770d4a15da72fd628d844cbb134e8b881c951d21b6fd210e.xlsx,1.0
fa1d554ca6c4d7e96290cc7d976b37ca52a3726bc750f9b1d936edb0156cd8a9.xlsx,1.0
benign_sample_6735.xlsx,0.0
benign_sample_8345.xlsx,0.0
516a2721fab2c0465806f3ca80102ed88b789ad13479451ef7c2da828cb97f5e.xls,1.0
benign_sample_2616.xlsx,0.0
b79c9b08f8a01e10b930bd7775a2b185049a910255ec0ebf437cea3fce4c2909.xlsx,1.0
benign_sample_8847.xlsx,0.0
3aa5ca5a49e31ce8349d160e4485955a4b0bd6ea14b071e297f58608e2ebd70d.xlsx,1.0
c8004a81642c3e18166263664240f532da8735ca28bdd4614e22480100276bbd.xlsx,1.0
benign_sample_8253.xlsx,0.0
benign_sample_877.xlsx,0.0
benign_sample_6013.xlsx,0.0
edb7ef5d016fbb9228f1c0d5a3f3088990dc3d55acfdcbc6e4ed7cc97ead62c2.xlsx,1.0
benign_sample_3358.xlsx,0.0
33c78650034c56609dd9793e9b1a136e6469414543657ddd6de83d079f4ebb21.xlsx,1.0
499fdbbb9ab0b0cbc127cda6a075ae0ba5f5cd3b74327bf6e80604bcf4b566a1.xls,1.0
c2ec8238c7c31d816344e46449b9a3b6541e6192b352079c4424778dd05276a8.xlsx,1.0
1af2ecbf7f9512317d7b239926f6f4744dd1dbcb53b9eecf026a912812c7db2c.xlsx,1.0
d9f7f488c6d1af54ce5248ced41ea4ce8e7fc28c6159700627c4be855fb84f46.xlsx,1.0
benign_sample_9057.xlsx,0.0
benign_sample_6478.xlsx,0.0
f7f82a0e66831438f30b0a942efaab9f21dc1ecb2eb5a967369ed8440eaf866f.xls,1.0
a98eb3f76f029823f5b5b925bf9e6272ace656955aad67fbad74813e135eb211.xlsx,1.0
dc92da90b642e4f9f8574cd27ee31086291da034a50c5267c447a158fccc0dbd.xlsx,0.975
1fe51e9009f5fdd642fe2977e9a3237b65e2b18795c990dab0ce4cffbd9975a2.xls,1.0
1aa1921274ea5e9879eb491bbb50ee4b1283ea5e73fc1e98e32501deeee85331.xlsx,1.0
benign_sample_1611.xlsx,0.0
8cf4d785bd526f738221e7b3c19fa8174aa3497a1408792bc44a0f446bbefd28.xls,1.0
benign_sample_721.xlsx,0.0
benign_sample_652.xlsx,0.0
a91362c1c3d8ec27dd54d1f632c20dde466fde5208ef0245d8c2e4f0a4876377.xlsx,1.0
73ebdf920a14981c528243f20ab5a7b97072bf7ba873146128a7da474e1736d7.xlsx,1.0
benign_sample_88.xlsx,0.0
acd6eb3ec81eb9b1fc30e58453696761faab712d8467ec004672b4088c4c507d.xlsx,1.0
1ef1c16dfaba1f72058f3142d5ed53607b9f60704ac7eea1f759eb9de90129a2.xlsx,1.0
ec9e656a7ef5791cc4f86d17140dd012a5154cd83419669e43785b6370a00b70.xlsx,1.0
benign_sample_7214.xlsx,0.0
08a1259090d5bf015cfd80caa7ac3ff5060ad503825ea5a5f010cec03178c157.xlsx,0.995
01e25605a5f7db8ed2bf21143a573762a592563daf36e596d7619b66c1c95d20.xls,1.0
9ab9d22c6aa218391415d1df98077212b67c5d82b150a813ba99b489abe3d2c0.xlsx,1.0
81c0b307cfba7e7c8799379111bffa27cc986aaba44a69709f06918d828e257d.xlsx,1.0
benign_sample_9172.xlsx,0.0
a837d78ecf5732692c7eb6a0b33735a98561dcd00286b52a8a367fabbaad5948.xlsx,1.0
167b4e80ad57488f7467028e2b575c63be0a72a5223b8124e87234e8f20f76cc.xlsx,1.0
4276e3ccb3779e0a592be37c170d06610ee51d51172075ff7fce457e3fcc5606.xls,1.0
benign_sample_5956.xlsx,0.0
benign_sample_7004.xlsx,0.0
benign_sample_6852.xlsx,0.0
ae3f2c31813f176863a08b012e70ee30ad811744dfa1ef0100a6533a2cae70de.xlsx,1.0
82f33ea50cb9e7a94629ea43a9734349f09c558ec89cb0367d20ab8f2a557e70.xlsx,1.0
f8746c0e7d492357a8f30e424870c4fce49699d165260610a62360668541035a.xlsx,1.0
e3e5d8b636ff2499fb04cefa955ec848d2442ebf4419b503775a4f317acfbd15.xls,1.0
803a6aa13358cede579f0f9ec04011fadc119e4f3bcf2fc556961bfdc34e8288.xlsx,1.0
17dc2ba0a2c97b909fb94ba1616af51ee4e60f8231ed6b2fedec5fb87464848a.xlsx,1.0
benign_sample_510.xlsx,0.0
dfc40c460a1f149a22427975713c0b1392e66156b69d6c14adfb0e08272122f4.xlsx,1.0
bb45921c3b6f9a9477d60a0b8aa50a92bbd43addc68a6817c3f394b9de029702.xlsx,1.0
4e7cf70236b86a8c77b3ddb0e0196a2fd48a63c569ba76b3c507a1659e469545.xlsx,1.0
benign_sample_9133.xlsx,0.0
cf5c13cf1f418fe08bcaacdd2284764dfdcc11f0c829e8999088be08f7b11c38.xlsx,1.0
ae76febfb62e49da12534ba18c4142d1a6e33894aadc9aad5fd2713135acdc68.xlsx,1.0
35926254701de4faefd5da56d7231d74a3d97f1c882a0ab86abb54c6320ad086.xls,1.0
fbb0f932b583346dba7678b185ae5886fa67bc95267a3891adec58c1d94bd64b.xlsx,1.0
benign_sample_5991.xlsx,0.0
benign_sample_3770.xlsx,0.0
859536898bd9b0cf35ffafa699bbe682cbccb724ed93ea16fe80fdd9a164c583.xls,1.0
dc8a36b74cb0adba4c80b3413c5963ad96f380681d3a6c3b74cbd436c67a93b9.xls,1.0
64b3761429fd284c651f360fff34b638a9c71bd8ec708ab827349ad025a93e2f.xlsx,1.0
ae2e7cc6644fbc8e27d85b4e48b92333644c73acd07bc171e68b336004da1d7a.xlsx,1.0
34620449b0bc2fd680e5fa3e11d9b89bf4ea9739abd4e68eabead0beda17886c.xlsx,1.0
benign_sample_5625.xlsx,0.0
benign_sample_586.xlsx,0.0
benign_sample_8344.xlsx,0.0
benign_sample_3575.xlsx,0.0
benign_sample_1423.xlsx,0.0
benign_sample_6843.xlsx,0.0
fec796654be091fb4bca5040fb0bc05f4a7c386fbc2d2db77ade039a64e7c314.xlsx,1.0
151bf2dfd3fc4d8ae0d84420cce91e2dfd6be3b0cb8ae83dc0fd9764acadca36.xlsx,1.0
833250cd38faa3adb3f384ca58127ffefd076ce5d7f83d0dc6ca52b40487f0d5.xls,1.0
benign_sample_7905.xlsx,0.0
ac452bae3c35387ec4267417ca44bccfe2d05dd5f7003d9866ed4b3221b867eb.xlsx,1.0
c87cd0a36e0f14dc2582ba10a31d9db5f4697be36e4bdd80935af4ed4704976c.xlsx,1.0
b43ac40a603962bb3ad98cada89ad7e9e6cfcfc1fe14115fc4b4716c1081406a.xlsx,1.0
a657c9a7732cb02c74c4032559c7f037d6d3200e4cacd9710ffb9f1a87c95101.xls,1.0
benign_sample_2113.xlsx,0.0
d0271e58ebd7fa92a8a30f5f4df2c106b98b14873fb0a7fa7fc81a6dfb3526d3.xlsx,1.0
benign_sample_4956.xlsx,0.0
e69005c489b5adf43a7a4385fe2e544faef55a2d74dc652424c335f411c484f2.xlsx,1.0
benign_sample_8178.xlsx,0.0
benign_sample_6590.xlsx,0.0
benign_sample_9651.xlsx,0.0
benign_sample_1734.xlsx,0.0
benign_sample_6220.xlsx,0.0
benign_sample_642.xlsx,0.0
075a573c403065521055966becfd29671c69d468c404f8a4c0456dbcdb0af9fc.xlsx,1.0
benign_sample_3294.xlsx,0.0
662980a1e60b066c942b884b8f3de36a5c1ad65cf42f1a1358711f5e976d4f38.xlsx,1.0
benign_sample_2021.xlsx,0.0
623c3808b0d10277fce7dfc8f3d0cd382ff52458ec4147ead3900d0b529bd3f2.xlsx,1.0
benign_sample_7430.xlsx,0.0
benign_sample_6533.xlsx,0.0
8facbb3d7b63c272935eac44b8931dfa65d7a304d80e2df45f0b84c0982ddaa3.xlsx,1.0
7d6d55d1698244ffb80566752ad25de335f5b77e8d346038c01e60cb8a164555.xlsx,1.0
benign_sample_773.xlsx,0.0
benign_sample_415.xlsx,0.0
c7665be16e6633d97b36311d0d67c697c4d26ed628441039c9bf37d6bab74b4a.xlsx,1.0
benign_sample_8047.xlsx,0.0
benign_sample_9780.xlsx,0.0
benign_sample_9840.xlsx,0.0
benign_sample_3623.xlsx,0.0
bf54f24559da24d967add736bde7d3a79b31ff12a12807cb579b6936ec14a43e.xlsx,1.0
c3a181186e800ceb0b70b886f728d994aa303cc70dc3e0325bf84c6927126182.xlsx,1.0
benign_sample_5358.xlsx,0.0
a370de183a79b73b96a2225e20e29467a354175a2016e4144b4c385a800fa84f.xls,1.0
2934819ea02a467143d0283016ab673d8786a891fd2ae9f107d875915d0dd393.xlsx,1.0
3f128baab09c07358030c098d4fc12f69ad5adc3728cd2e1cd6b1b31bc43cd41.xlsx,1.0
2bb41a3947831f69fb6c3cd95e2b30eda3525450d777d574bef1db0ae5b9bfe4.xls,1.0
41e721d4378f0e36d6c08249b9869cfbf054a56033311d89e50450ef5c515843.xlsx,1.0
1eac46733434ecac1adccaae13ecd859f6bf06c318285f55870a3c41b5a70a7a.xlsx,1.0
benign_sample_4794.xlsx,0.0
benign_sample_5646.xlsx,0.0
09e705038fc2adf93f4790d3f91f7044ae61fc3eadc7a50f51cf7218db28ff6b.xlsx,1.0
benign_sample_8694.xlsx,0.0
benign_sample_1313.xlsx,0.0
cb1e7cec2bf139d5f624b60db73b164573f688f4cfd62bfb57c388cd0d126adf.xls,1.0
570f8dc4af9cfab054e5aff5204ebcf5edabc0d161694374086a55246942fb69.xlsx,1.0
616a607dc3933e5efbfd7adb987f1d7b47fe2c2d442555c1d94301afe1c087b5.xlsx,1.0
benign_sample_1384.xlsx,0.0
105f041774aa7d9dcfe01d1765443a00a2b5d9f4fd55344c3c271ac617177876.xlsx,1.0
benign_sample_2630.xlsx,0.0
6fb82350c4cc1608d53ab07728ee99831e64d2d9352cb179b2080cb842f73e79.xlsx,1.0
4d1fbeca1370d7cdcf552ea717addc311fadb1293d35cd5ee1d04006de30a620.xlsx,1.0
72d65a46db11b7a68aeb3726da3317233f8e92b7c64271c85c5e717029f0fafb.xlsx,1.0
benign_sample_4017.xlsx,0.0
5737ccf57019b14db1739bca2c4e17248aca4c2e9f69a749fb67499530b27f4b.xls,1.0
ad7b5c2944b95126dc609c6bf9b304544acbfa8669a1f3bf06886f4ebfc646b1.xlsx,1.0
benign_sample_3787.xlsx,0.0
8542bae8ca5e29462fc1c127103b38d084005e18e843a5ef075c7e331a75bae3.xlsx,1.0
8023e603667c11210438ac31e676a9d0cf890ef840c2cd789f9f50893ab1a63b.xlsx,1.0
65834111f1ad187cc72bfd7f2a506c929d709fa2ae9f239facf7fbb2b67a45c4.xlsx,1.0
benign_sample_562.xlsx,0.0
5b9e75507ad88ff38e632f421b8d8d185f84a7e818db268f4f11f65dd6ef8804.xls,1.0
benign_sample_6780.xlsx,0.0
benign_sample_6787.xlsx,0.0
bb02f3d3d9a7eea6390126cc695b49962838ebbc08a3248fd22dafe9df0186d9.xlsx,1.0
benign_sample_1448.xlsx,0.0
1d3d249a4d196883748492fc9cd7f55883da3db746014b086fac4663fb160f01.xlsx,1.0
benign_sample_3867.xlsx,0.0
benign_sample_9371.xlsx,0.0
3b94f6ac851ed9141b050f6f1096af9c5011de29fc67bdf8608182a47f88ac10.xlsx,1.0
8402624c881cb1eeb0ea4267c7b07e2c8e5b4f14e90ddff72e315c71e30ce846.xlsx,1.0
6b6c39bc62c3a13cd1d83aff6aa3e50c3151dce3ae5662fe5aa58404593b2dbd.xlsx,1.0
0e20ff8c875e394e63a8f722e054e3fb22332835d7cc9196b3f61b99bd6589ff.xlsx,1.0
42fca57690ca9d83aafd596b3909daeaaf77ccc18ac5f31c3cf0d1ebadd475ac.xls,1.0
benign_sample_2717.xlsx,0.0
benign_sample_8111.xlsx,0.0
7b62f7bc2e4bb9ebe761c507f0b23ecd47bd606ff2f3bfdcd02e43f2115601a1.xlsx,1.0
benign_sample_5034.xlsx,0.0
benign_sample_9178.xlsx,0.0
benign_sample_6171.xlsx,0.0
benign_sample_1767.xlsx,0.0
38770a1d7fb564d852c3f22d70f6e4cf3f24a0e5240f96ebf3d2c017af671618.xlsx,1.0
benign_sample_9053.xlsx,0.0
6e1aecf86870722bccab2b4658e9bf904ee01d7687cea0757744ebc54f049059.xlsx,1.0
9f45e21c39c000efa8a76a7304796b59e28acd806d7546f3b1edf2dff648441b.xlsx,1.0
benign_sample_5929.xlsx,0.0
benign_sample_6831.xlsx,0.0
d1a3d7c5b90c927d0088b32f593ef9a28491b111c9758673805ae1cde25ec076.xls,1.0
9f391ba3600a0d6da7dff9321a1cfc8f84de6f28477d757d734075fef9677793.xlsx,1.0
benign_sample_6697.xlsx,0.0
2aec9c85bc2bdebafa66abf9e78011076e1716bf3e46a137b34eef2c11935f8f.xlsx,1.0
benign_sample_5480.xlsx,0.0
benign_sample_7408.xlsx,0.0
2cfd2fd534938aa84bbe3bbc3573eae5dca9c6dcc2385cc8082c3aa4e132d6e8.xlsx,1.0
benign_sample_7012.xlsx,0.0
da12302a8bc65b0d2ee33063500244ab04f190dc10bf865d2f4f330c8b104a98.xlsx,1.0
68afb8d14357c8931881d635874f36ac1e56e28213f29ee1ea06a42a59f39991.xls,1.0
9ba56efec9dfbeaca7216f658c75a50962169d958ce15e168479e490539e84dc.xls,1.0
benign_sample_7882.xlsx,0.0
benign_sample_5005.xlsx,0.0
1affda44c331a76ddbdbaf11c67335fc52e5cb8021ccedb839f6c2dd05cbaadd.xlsx,1.0
490f0fa417b2fff4e5834aa49741bc79191652daa5b88ad0327ddb37216beb5c.xlsx,1.0
7281a2e132f3b064507621ca929d7a7dfaf347c982c40f72497a2819d003a4bd.xlsx,1.0
benign_sample_1508.xlsx,0.0
benign_sample_663.xlsx,0.0
ce786a2683afec2ac15806af2c88bc930930bd2f84e5ea138e5bbd90405e0bd0.xlsx,1.0
benign_sample_8868.xlsx,0.0
benign_sample_8540.xlsx,0.0
d87320d3365b9da3f38bed92b4f1fd345954d3576ca36709972fe2d5e08c7bd9.xls,1.0
benign_sample_7390.xlsx,0.0
benign_sample_426.xlsx,0.0
benign_sample_6671.xlsx,0.0
e68147794e511eca3931b894a4b36c5de0dba56bf810a2a9c0cc2e96c2c59598.xlsx,1.0
benign_sample_5784.xlsx,0.0
benign_sample_5206.xlsx,0.0
fce7e2af47e776397809d9ab37b57c0ef2bbde029f811fd79aaf21bcb4c00cea.xlsx,1.0
066030ccd22ee137d4a3ea352e020ddd250e8288db8c215d51b0392e58f8db39.xlsx,1.0
68e5960b0d641f766ec18dd871d3010acd4271eab5aa67862e26408f66cae567.xlsx,1.0
7e9db04f1171b8c884e1224ac2cc3220de74a37a7d824b3e92cf440351a291cb.xlsx,1.0
benign_sample_4367.xlsx,0.0
a6af0911fde693a4d5a674fd5a9936d5b14971ce531ed1029f6c226c543d0f7d.xlsx,1.0
97bf639e55ca6fc3d005f12ba391ac82247995ebb62c70b9b9f1e4d13d480c51.xlsx,1.0
benign_sample_9156.xlsx,0.0
376b8a3db2b1daaf60724f4f5c151ab743ba7011682acbbb386fd23413a85a9f.xls,1.0
benign_sample_5017.xlsx,0.0
benign_sample_62.xlsx,0.0
16f315204a22137e20452351e58758ec14fbdfeca6825c12e6c1913f20eae175.xlsx,0.995
benign_sample_2476.xlsx,0.0
1b50970fff6c2764883447a04df7c544c9b7558ca36894580a43739bda088712.xlsx,1.0
30a199674fc6a90e21cf3713e3d22ca17549d1232c2294822d10b8b0eb33aa39.xlsx,1.0
benign_sample_1450.xlsx,0.0
d42c0e6f3d5e1df6d1290f4bead41aba0c794166d121387cc82f52358fcc4725.xlsx,1.0
benign_sample_8340.xlsx,0.0
7c97e04f69c6bf44d7b753661204b46dcff6ae910c99917b3e50ded36a974c61.xlsx,1.0
benign_sample_9921.xlsx,0.0
benign_sample_843.xlsx,0.0
5f8c7dc66770f75f7dccd10ac8811f37c344f1c8ba906f017186d2b9d756fba2.xlsx,1.0
aaf43cd64cdb95153fc6cac8470b4f35a1cf6e7b6279c556a083cb31115038f7.xls,1.0
benign_sample_1643.xlsx,0.0
f5c526fd505d86be5d8665a4852e6e2d2fe24ece2fff8a92e7042682315f303c.xlsx,1.0
benign_sample_1025.xlsx,0.0
benign_sample_5530.xlsx,0.0
benign_sample_8896.xlsx,0.0
benign_sample_9588.xlsx,0.0
benign_sample_5624.xlsx,0.0
benign_sample_523.xlsx,0.0
benign_sample_389.xlsx,0.0
2fcfbbaefeb1b411b1c40ba1badbe3c0c98e3b06636769096e772121814ff46f.xlsx,1.0
da1007119c4fc1a5dd1b664bef37727f974ada04c657fa5ae6f09cba2cbf6309.xlsx,1.0
benign_sample_8977.xlsx,0.0
benign_sample_9221.xlsx,0.0
9c2a1fd92900faf51139c1ca427a48989b376f4441f8d44dfcdad7974ac33c40.xlsx,1.0
309f57e5287de70eb1e81f1dacd38a00f0a94863002fde8c15915781476125fd.xlsx,1.0
benign_sample_6025.xlsx,0.0
benign_sample_2680.xlsx,0.0
66d046a08bcb08babf1141c0c3de8f0b3e1a5b491d469d435cffef9766482435.xlsx,0.995
6ac9a3c7813e32b9e716cf8bccbc08d95c9e929df3984b0ea9f019897df24fa6.xlsx,1.0
5bb18de990319a6b0997314a761d4de694954c16ac4914d160324624aaec1848.xlsx,1.0
benign_sample_9326.xlsx,0.0
39377c1e72c83eedd23547e759402d924ca2bfcca4540650450913b4742530db.xlsx,1.0
benign_sample_6475.xlsx,0.0
95141c557c2da97c647844e7c27133e0f8ba49907e167088ad774ed57e950294.xlsx,1.0
benign_sample_2781.xlsx,0.0
d321461d7849d41982b5a569487e1f7fd425339cac6c5f2835f73f3ed6e92095.xlsx,1.0
benign_sample_2431.xlsx,0.0
benign_sample_1303.xlsx,0.0
af8009bd579c743c465469b165f7fe7fd641e9e132e705e17ba42347f89491cf.xls,1.0
cb48f60ccf3277ba3664fd7b782a0446c17cda9a5e8d2a8e8249d2eedaadfe5f.xlsx,1.0
benign_sample_5603.xlsx,0.0
cfce9ab9263b58cd21cc6febdd0c89920613436cbc2c891ca460e8e7dde5fabe.xlsx,1.0
493f6d718dd2ec60b108ecf537b8deacdde7fe7db304d649274c7da565dacfa1.xlsx,1.0
benign_sample_4790.xlsx,0.0
d6949199ebb19045a9a94752ac3614f242ee114f23aaf864d0e0022876675c39.xlsx,1.0
ef2af7f9f4140bb939b5fb3a33a7c2b2b8fec4d203a195578502b6f35c94b13b.xlsx,1.0
bf63aae9581da1a5e192afdac06fe1dad319516b4165ad1acbaa9de502aaabec.xlsx,1.0
c92f46942e22c646aeb9605ec77ed19a67b8eb5a87f08d5538ec5bffc5353a14.xls,1.0
f885843a89d9fcae9182d4b041df46a0980c466a083153808c6133ac1af664f2.xlsx,1.0
41ec45d57c111ec927ab990370fe3537ed8b37efd14e707446b396b0a8297d21.xlsx,1.0
cba10ef84c22a6ace7e3de7bd96b7785bbc076e50fab919c8cb79478da4552d6.xls,1.0
c78fd33cb3660d1d6b208d6c2702cdd122f226f662917445507530b63816e228.xlsx,1.0
c240457f458cdc1eecf8854e06595114847b8856adad838e62098110bc3ccbf9.xlsx,1.0
97e47d2b35b2a5bd6981ea85c0800b17d7a4382820fa6ec85b2be67a85f3a920.xlsx,1.0
60e24149ee34b40b4b641c0647bd9acd8ae26dcc9783d6783101dc2bb7e361fb.xlsx,1.0
benign_sample_3764.xlsx,0.0
benign_sample_6455.xlsx,0.0
13e511d5b4612d1ea8bc524fb2dfd1cf7dd2717ed77318ee513ee35ef8f062b2.xlsx,1.0
4f2a28334d8c2c582c6b0f3f1fef19cff7469b6d97cb126120ccbfa477b678e1.xlsx,1.0
ebd73484200defe7911d04afe0a69c1ea67e329ced5293e70a1eb468e3cf85cd.xls,1.0
benign_sample_926.xlsx,0.0
98b71d65f90a50c1debad2b08f7f17fbee5ac23ea4a5254f8e3c0c93aaed5634.xlsx,1.0
363b26e2d658799411dce7450b43193b491eaddda8a40ebd614a7665ce504d3e.xlsx,1.0
benign_sample_5690.xlsx,0.0
benign_sample_5933.xlsx,0.0
benign_sample_9784.xlsx,0.0
938e2c76b7cb5805b297b2c6f8ece0f8e43c854639bec1a3decc78f1cf74bd1f.xls,1.0
5645ca61f3c3c4cd031074e27674b830aa98c73f471d86e473498a7af2f8b3b9.xlsx,1.0
ce7ef35724773a7d94a28e6a369dadd01e17aac317bc64d85c0761a46ece7ce7.xlsx,1.0
ac0c7c34acc173ea6f4c140c7945feb1cedc2f8b87d318ab39ce6867459ea64d.xlsx,1.0
benign_sample_1745.xlsx,0.0
benign_sample_3590.xlsx,0.0
82dbae97cb1afd29978df4ece8555703fb8fdf42052317ded7f62065d782a92c.xlsx,1.0
9eaf2727f1fdb090418fe58ee766df567912dbb110449b2a634b96d82e7dc4e3.xlsx,1.0
89136b644b6aa4c447540dd585039676d3308c0a434bc3f72322a45bc35df7ac.xlsx,1.0
benign_sample_2584.xlsx,0.0
ef31f9dace89943592640f69d7537821f60c83881e0a1a593dcb30bdce396437.xlsx,1.0
benign_sample_5472.xlsx,0.0
9bd1c77cb5fb52f378a482970f58c99261de2fce60732d4264bbb540c4c05122.xlsx,1.0
benign_sample_2422.xlsx,0.0
benign_sample_1049.xlsx,0.0
2c9d9d1bf848ed2b48987c4754ba81876b75007f71a1184927dd04188ffcd0f8.xlsx,1.0
benign_sample_3969.xlsx,0.0
benign_sample_6058.xlsx,0.0
ba17c5ab1aef53a749934df647ae6bd8b787da41e1e4184275af67f5f3ecab75.xls,1.0
d8975b3d34180a07691e5a123247eac7e5f33d89c49119fa1d629bd27762e25d.xlsx,1.0
benign_sample_771.xlsx,0.0
ceb459b365ef194e2ce63c366ae23a6e94ed302e240cf495947a61d0815db4cb.xls,1.0
6f94a50e5a1425fcd1f77da77b91528733cb5aa4d3b11b98d8375dbad4158941.xls,1.0
15b580dc10be803aafa2156ef3b8bc34b20fbbfe9a53e464e39f0fca2e831d2b.xlsx,1.0
benign_sample_7794.xlsx,0.0
09c023889b10883bae3722e68bd9d758852776ef02ae1add485a1e47263dee88.xls,1.0
bca0d64b14095f83b0f8e7ba57db85e77c343d2e39cefea62eaf2502de994213.xlsx,1.0
benign_sample_654.xlsx,0.0
benign_sample_7579.xlsx,0.0
8a836fb54233c38ea298295dcecb74f42bbb0379998072b2217686bebf957ef8.xlsx,1.0
b266ab86f5c033f981943185d6373b78aa0a732b9a1da5f73c2e84a3b92dcf08.xlsx,1.0
6accd09a333f1509ff427c5722d89a8cb1bab5f8445df5677238c5630a650407.xls,1.0
bc6a0298947129748c84a0ad5ea1406a826489729ac79ee5a89fd6176f3483c4.xlsx,1.0
benign_sample_4921.xlsx,0.0
benign_sample_3015.xlsx,0.01
benign_sample_7293.xlsx,0.0
benign_sample_641.xlsx,0.0
benign_sample_7313.xlsx,0.0
ec62d1af4ec98ad5f988fa7a5a52935e3cb487bb7d9bdfe93dee291e0c82c64a.xlsx,1.0
af28e4432f1add5fb061c254d7b83379d26a9f2a5c6019cc4b477a7ac63973f4.xlsx,1.0
4775d627be00dbe650a8d7b1bd2f6efaaff9a3435549a76155e77aac36865909.xlsx,1.0
benign_sample_2003.xlsx,0.0
71909d149f2ba350d442f80a02177169320e1d898a14a83b3570d62587815441.xlsx,1.0
benign_sample_5393.xlsx,0.0
fd4b117be86cb9802e186c5b09a8618e3e17bbaa01695afea5f4ffead8999c0a.xlsx,1.0
benign_sample_449.xlsx,0.0
6eccb09b7786870c052fd6b3c7c525b3af1349b678f0f460f44cff81f40d245c.xlsx,1.0
bb88ff63475d7f263a334faaaf87d3653efb664950af5be19b6ff79b55d1058a.xlsx,1.0
2f2d2b58dbf33f7b4d305ec25f24ed3846c61c0324b5e6a09a193cec429aeed7.xlsx,1.0
benign_sample_2225.xlsx,0.0
a128bfc94f1783253d8e983c6867a32d49cc561cdea9881e9a4cf516134a38ef.xlsx,1.0
7e8bc31fde2acc45f23d277c2e9ea931aec4bb3048571ee1244856b3b8607f48.xls,1.0
beb62a44b85c4498c9e2f73369adf2f362f53a856a9dbc04961553f8f5096a13.xlsx,1.0
b85bc30a316ee392563b1139f0f6a99430c0f50e83028824fc890215e62a05cf.xlsx,1.0
benign_sample_1924.xlsx,0.0
da62e71e7dc7607b61cbfd05385bb376c3b11e4dad260c30f7ad1612441bcb88.xlsx,1.0
benign_sample_7070.xlsx,0.0
benign_sample_9583.xlsx,0.0
30048861ef8eedf1273ec5c34528d9dd9155528113535945945029cd22d1c387.xls,1.0
benign_sample_7221.xlsx,0.0
benign_sample_3356.xlsx,0.0
5841768aaa3f1e8bdfb43f5487bc3bcd61562ba957e443ce77c7705f044b1acd.xlsx,1.0
38d08b6cb8474df48eebcb1e0b4e2ad222f0d06782f8de8377f7b9eccdfaa697.xlsx,1.0
benign_sample_9709.xlsx,0.0
386c3feebf8404ae538c2f6706ac51b1fc31ac15cef0c319460673657369494b.xls,1.0
benign_sample_6635.xlsx,0.0
benign_sample_2535.xlsx,0.0
benign_sample_5724.xlsx,0.0
3070bcc90d44d02a9d88ff847952df1066dea2be54a1191f890b10f473eb1287.xlsx,1.0
1e4e9ba2e4a50c30fe697e4bd3ea2872f60eb010945815de2b3c7867d53ded9c.xlsx,1.0
9983e38e2121201b54cd2d3cf1f3deded84beb06c9b0db9d5af19acc343140c2.xlsx,1.0
3e7f2fa35ced655a45b84904bff145c08a8361c0488d6a0bb93b98bd3ea9c364.xls,1.0
5f2adacaf4ecb00ed24dd9dfe355307d0d6e786e40c945ad4c6d1ae3a4835d2a.xls,1.0
benign_sample_3441.xlsx,0.0
945817d1bc190f1de0eca95f6cb95ec1c8d0007ce2315fb652367261714a23cd.xlsx,1.0
benign_sample_9083.xlsx,0.0
benign_sample_9816.xlsx,0.0
benign_sample_1591.xlsx,0.0
benign_sample_8696.xlsx,0.0
47af6582ecb77e3125af7734faabcd7f6e925af3128ac34357ec8c70b43755e5.xls,1.0
ee1b7c12976daeb009f9cbcbea37ec52b572fb4b47f4e566c8f368f85cf50e3f.xlsx,1.0
7f69b4c2b6596eb566dc50007984dc17d3931a67fd6bb940048faff1056af7e5.xlsx,1.0
8d5fdb4f733c57a49db04874a1ebceb63963d03305c59058d6d14a7a64f57c11.xlsx,1.0
benign_sample_6946.xlsx,0.0
benign_sample_7823.xlsx,0.0
benign_sample_8373.xlsx,0.0
benign_sample_502.xlsx,0.0
benign_sample_6268.xlsx,0.0
4d95f4d932c02440de1257bbca4148aed26456ce2760d5d92aaea687006f9e81.xls,1.0
d2b990e6c28cab31a5782f4b1192ddb63718aac52c58131a3f89f01c15d0121e.xlsx,1.0
5d20db9540bd127ce318387c8bc765ff944ed4cfe8e955c8bef6eda0cf8f0d3b.xlsx,1.0
benign_sample_1170.xlsx,0.01
9713ca1ba807983760c8a0b52cf80c528504673874b4b7c45f2d97d902c9488b.xlsx,1.0
benign_sample_9664.xlsx,0.0
benign_sample_9564.xlsx,0.0
benign_sample_5802.xlsx,0.0
benign_sample_6202.xlsx,0.0
d22bd522ecb08f1911dc80096a0b1dd02c57681790cffa47944dc7587f1c47b3.xlsx,1.0
benign_sample_8951.xlsx,0.0
45b88a718ddb3b2fc26604437e848ffde80be232ffc50b8426d93097cb122d88.xlsx,1.0
4e390b0b63aae266fa62477a27244868c228951a7fe6aaf47e3f0d0413b30817.xlsx,1.0
3f3f21189390158abe6d01848ce995c762f3b0e908ea27192778effb160a6014.xls,1.0
benign_sample_9882.xlsx,0.0
benign_sample_8739.xlsx,0.0
benign_sample_4779.xlsx,0.0
benign_sample_790.xlsx,0.0
31ae12b52112fed0ff6a4e4899c6f9245737284fe7a901d2d2b745e143add906.xlsx,1.0
ec7aed6ed93778086e60e146394881f30e9c5498d226036b70d794ee26460845.xlsx,1.0
benign_sample_7758.xlsx,0.0
benign_sample_8749.xlsx,0.0
435b84cd3955afd0a3faf1d7546ed9f20f5065471f30a18e9e4b62d173de18ce.xls,1.0
benign_sample_4358.xlsx,0.0
9d7a6fc589813831ba2539376a2acb2a58adc43791f927f25fdd33321a57a6e8.xlsx,1.0
39feaeb3ba9772c907c062f36cbf159c3da67f9a608583f5af7a3d13bfdf1d43.xlsx,1.0
benign_sample_9608.xlsx,0.0
benign_sample_8189.xlsx,0.0
8a77c0275a6ee0deeb7174b69321b5053234fe7833f35c5c2c697019ce0ba853.xls,1.0
7e866034c442e8a8d80ea287e1672a1fe31125edb29ba3698eb9ffd0d2e609e0.xlsx,1.0
benign_sample_2220.xlsx,0.0
benign_sample_1702.xlsx,0.0
benign_sample_7532.xlsx,0.0
eefd5b5336bb5abfcc2cd0593da8d305f244f9024706988996b250bfd51af354.xlsx,1.0
benign_sample_4806.xlsx,0.0
benign_sample_4252.xlsx,0.0
benign_sample_4617.xlsx,0.0
441ceabfc85382ddb6cd89f523673fab12c8924266943b7554e19b888bc6b09d.xlsx,1.0
benign_sample_8757.xlsx,0.0
bcacc866f54b13ac053d0392f9e7f78c1b871e01b87e0aa55852ca3f5af36aa8.xls,1.0
benign_sample_9985.xlsx,0.0
eef915543848c7a3e32f47f34aa8815e4d478fa7e16fe9b64f3a02d268389ff5.xlsx,1.0
33052ca61e337fbc54d71cef8f23248cd8f78e68c4fe7a24c30e76497518fd02.xls,1.0
2ccf6ffabe7df141d88910bdc77432f128f8c0de815d2ae9744a83c2c713ba9f.xlsx,1.0
benign_sample_190.xlsx,0.0
1668a792f51bf5937422781eda0e683d9a15e1fe6ff395f605b518b0c1de09e7.xlsx,1.0
benign_sample_2959.xlsx,0.0
benign_sample_9195.xlsx,0.0
bffeb3866f9e706a59e3a97dedebead4d911fe4a416f7336215cd5e7b91e0508.xlsx,1.0
56d97d7aa18c0273d77b53c1d488763a4a54f72ab10e20ba88bc086449da73cf.xlsx,1.0
23d6452ad97352dfdce69efd2eb4488f47499c635c68127104ea8b16237e054c.xlsx,1.0
ce235af98cab85a28634dd028827673bb8c3d6272361203d43dbf6141ae1bd22.xlsx,1.0
22acd61517af1606e1db800ea4cf5b2f301bdfb9d23e4ea36d9d5ff9ab5d90cf.xlsx,1.0
8d1e74bd842615d0c4cea2b45dd7ea3d4fbe94bf0fde6d2dec5741e2899e146b.xlsx,1.0
d0bd5b046c3204b1ba38657cd310f3f402b033fff9c4da8b42a56d8da890b65f.xlsx,0.995
aa855d7e6ebe57b546a719d3699b2c004a4ba00ee6810d0e9bc5a0759e734430.xls,1.0
benign_sample_880.xlsx,0.0
benign_sample_7338.xlsx,0.0
540c56a594f4d97d8822fb5d3b3587095def8e19d395b32805e1c19cc6c2cb89.xlsx,1.0
307cb7b156c76488a0883ba1161fae7c30948c48bf9dcf6b9c05e3d275dc3a48.xlsx,1.0
fc27f743144ea6052d1e6f8803cd46f41fc5ced7afa707f8c07e90754724c417.xlsx,1.0
ba4dedd9d6a738183c562aa5797056e06a76800364ab3df11d0907eb57568945.xlsx,1.0
benign_sample_1906.xlsx,0.0
47d51ec0eb230d461f6661111a9471b028c373ea96e80efbbf61851537569edb.xls,1.0
benign_sample_2667.xlsx,0.0
benign_sample_3668.xlsx,0.0
fc8eb9a14d5093bd4b71d7c7ee26232d36add4c9500f467be4f6bff28844ac37.xlsx,1.0
benign_sample_862.xlsx,0.0
benign_sample_2196.xlsx,0.0
benign_sample_3995.xlsx,0.0
benign_sample_997.xlsx,0.0
191b06be81a8308c2319936c32c856ab2472aad12b04846d956dee84e6062c43.xlsx,1.0
benign_sample_2022.xlsx,0.0
benign_sample_2831.xlsx,0.0
benign_sample_1615.xlsx,0.0
c01c36866cc3b2d60bfd4ce14edde319afa28bebed871b44b18151a499519102.xlsx,1.0
benign_sample_3538.xlsx,0.0
benign_sample_973.xlsx,0.0
c6d66fda6383eb58848d1efa6b299f21e54a01f5b0c4e74442ad7bf8fada7d7d.xls,1.0
benign_sample_7197.xlsx,0.0
0f22f63ef66acbf385e3fe609184d4a0f14bd985bf27a27c769dd3b4ac25e17c.xlsx,1.0
09fcfe7a67616b7a5dcebee89db48f98053cd2fe147f2459a4f92d68ad599a5a.xlsx,1.0
benign_sample_3810.xlsx,0.0
a2edbb0f81578ba4d733e4682ab1ea879c5b6d7d531fd333223c183496f495dd.xlsx,1.0
benign_sample_2854.xlsx,0.0
74fa5283ee11f2fbe497cc390750481d0d9d07eda269d0b6a3809733f4115911.xlsx,1.0
f08e3d16e21e8599d3a7f0e0f58973154101989505eec4cab7b3e8e819ae6988.xlsx,1.0
benign_sample_9594.xlsx,0.0
8d7c474b1fd9ab2e8239a0b7ab4a5023e7043e4eba6935f771921341a580fce3.xls,1.0
benign_sample_2156.xlsx,0.0
benign_sample_556.xlsx,0.0
26106ac4edb89d1f8e298151619a09b051ea93ce4ddbd5eea901c890e44a21e2.xlsx,1.0
benign_sample_4895.xlsx,0.0
benign_sample_8428.xlsx,0.0
729621f2b567b5edc0840dd1f77af8eea06f17a4ec6c0696196fa6e80671fd50.xlsx,1.0
763fe6fa030ccec78003be613de8e78afee82b9f52bc4c081f1f2603312c4292.xls,1.0
b8eba8e60dcb3170cbff7f72c86af1ec66b859dd6c6e682283668d07536a8718.xlsx,1.0
benign_sample_5222.xlsx,0.0
20de13d2ac1e26769986fdee712bcb7c531469798bd776083c7fde5058a7796b.xlsx,0.995
benign_sample_4896.xlsx,0.0
benign_sample_9298.xlsx,0.0
benign_sample_7928.xlsx,0.0
benign_sample_3567.xlsx,0.0
benign_sample_6062.xlsx,0.0
benign_sample_7576.xlsx,0.0
benign_sample_5823.xlsx,0.0
fe3de00b1653c887a4d0a16b313596e38073cd07a17e5b3c37f75056f2032939.xlsx,1.0
f5e1a983e0123821a1cde97400de5a56dd5635bf526e058dde501642e396a586.xlsx,1.0
6284f0c66dc43df2309cee125804c49647dfa46280d84d2904e04ca1b24b9655.xlsx,1.0
a841ed5ba798a78577b05bf1834471d657776500aa33d40bea512b159316161c.xlsx,1.0
benign_sample_9433.xlsx,0.0
b3bbe5c6707c4ecdaab7fb309fd2df58247cfcc4208d3dd5c3570171de51a660.xlsx,1.0
03310e5677705d676c834eaef1ffad96fff6cc7f50e618c08c29853db06e94f9.xlsx,1.0
13f9f6fbc09b49a4138785410cf1e50ef4f0213721c1eefcdb861c7aa9a3e04a.xls,1.0
benign_sample_1867.xlsx,0.0
c3d5642d2b2b0c8c8a91b915a5c2652725400cc16a32d890726518778f767c19.xls,1.0
107f969203c31c1593fb3eb175f85e64f6976b17f2a3cacfac5bbd7782bd8dcd.xlsx,1.0
benign_sample_1177.xlsx,0.0
benign_sample_5279.xlsx,0.0
8e4da25716da9c49553ee5401442e2d8beaf310181d829d3842da87aebd78f23.xlsx,1.0
benign_sample_7321.xlsx,0.0
benign_sample_5320.xlsx,0.0
benign_sample_2939.xlsx,0.0
benign_sample_8505.xlsx,0.0
benign_sample_6733.xlsx,0.0
benign_sample_4179.xlsx,0.0
benign_sample_9306.xlsx,0.0
benign_sample_9809.xlsx,0.0
744dc45f52c2377900ed8b8d46b85073dfa34503840adbda13e14c1c1c56d89a.xls,1.0
benign_sample_6449.xlsx,0.0
benign_sample_6658.xlsx,0.0
benign_sample_6980.xlsx,0.0
1d86948ef01c03d51fdcece6712ee3598cd8ecc19adb0db7411e43b0511524bb.xlsx,1.0
benign_sample_3384.xlsx,0.0
benign_sample_9212.xlsx,0.0
723201a919f210e160c96a05c73af5759790a7a55a8885f1f0133598d2833f65.xls,1.0
benign_sample_4137.xlsx,0.0
benign_sample_8461.xlsx,0.0
3e368ad96ec03a0a504f4b8213f6feb5ee0b69cc40160a65740211a933a58925.xlsx,1.0
benign_sample_267.xlsx,0.0
628187c83c385ff6fe1adb13e83758049fd6853423140ede34cc39c0e2f5f232.xlsx,1.0
91fe94cc33c543fc3eeeeaf0ee803e8556c2a96086a443d798540c90f933a0eb.xlsx,1.0
benign_sample_7025.xlsx,0.0
6280c63399b1438941f23d3a6c84fafa6b7881576373ee9b4388d1fa907e955c.xlsx,1.0
37dd9f3bae82ac2c5d9ba22974194058fbe9d9de23941450763c481f2a2a95d2.xlsx,1.0
d51711eecb03950944b65626423e1b36ff93d4852a715f25051cb683a16ff34d.xlsx,0.99
benign_sample_1226.xlsx,0.0
benign_sample_5377.xlsx,0.0
benign_sample_8579.xlsx,0.0
e85d4839723451c0b19734b7fa37eed7f1ba39a21f9d98f3c7c10a65aeb465ce.xlsx,1.0
benign_sample_8004.xlsx,0.0
c10ff5be4aff59b2ca65520cf135aeb89c571fd9dd1d185353346571a743c6ca.xlsx,1.0
493aace414685fd3efd852ba5dacabc2ed9ff8484a8cc7382fee7e4bb2416910.xlsx,1.0
benign_sample_3688.xlsx,0.0
c548e534358c07290a4bebebf723d8cc96f9889d940e4082157844642bc2a82b.xlsx,1.0
benign_sample_2229.xlsx,0.0
252db8ee3c10aeb1589590a3866ed4ef1e4824656916c1c1b2ae3f2f6b51ab80.xlsx,1.0
benign_sample_8644.xlsx,0.0
benign_sample_1195.xlsx,0.0
benign_sample_860.xlsx,0.0
59df4a1b740a668c3fab683f2b19b3178980e01348bc20db0cecc7c076c28b81.xlsx,1.0
e909437a928115bd8e22c463ceb700b8c15eed77891038e8a063e106423a4d00.xlsx,0.995
benign_sample_4044.xlsx,0.0
2edcdebe272aae712cc2a69305b643be8edace416f88c6f5ce9d18eda75129c1.xlsx,1.0
benign_sample_710.xlsx,0.0
929df8a15e583ad6b64698fb702cf44183f0d726d86cada07cf072d7f9f74913.xlsx,1.0
benign_sample_7510.xlsx,0.0
benign_sample_1320.xlsx,0.0
a215c1eddfc78def03185be182ffe41710ee7a2713651674b2f1777492a0ee1d.xlsx,1.0
679ad6ec54199c08b94f2e3068a1b4080f50824c0e5c7094aba9a8d8708abcac.xlsx,1.0
111b5694c2a49ad62fd043a77c3e42b324ecb86cba350cd9e90060cd22f2024c.xlsx,1.0
467a08065e0f78d04f3d9d57ecadcb5e5f15063811c38a3a4b299a3eb602fe8c.xls,1.0
2891b33ae2cfd18482dac39858fcd82928231b013894877fbc8eef959e65eb6d.xlsx,0.99
031cd08ea526b72dd40121a186e7c38b6a0f4a8ec51b2577f2bf9966e4ba5aba.xlsx,1.0
96cbd938729624e7183ff620da14030812bf8b7ee7c3102aaff27ecd8c6dc285.xlsx,1.0
benign_sample_4612.xlsx,0.0
352cc0a40617eaa9f150c7e8cd5fa09624936323d88cec629199eb35939f2f08.xlsx,1.0
e7de37551a34eeedad94894e8d087d4d9b8242e1441e57e27ba6dc0b0dc23180.xlsx,1.0
32ae0ce062b1a0511fa44a741428a597a85f7f5802be4c74c90be4fdb8d9938d.xlsx,1.0
4310e6c93148f8bc3d458f077a427f45448fae2123e90a784dfa38dbf38672e9.xls,1.0
d1d20907dd4f667d001ab873b4da7be97ea14e6075a096695bd2a9728874a827.xlsx,1.0
benign_sample_6904.xlsx,0.0
e5ddc55a2e53e0c962a00c016980e28404e1a2f456be6fa2c9d79d5dbce5643c.xls,1.0
6ad42c31b49e95db94c513c977b05bf44683c915bdac88092459e58de6ed2744.xlsx,1.0
benign_sample_4963.xlsx,0.0
346242fea0b852f0714e5c292a8917ef53d6607cdba626d60c37b251b5857963.xlsx,1.0
benign_sample_7149.xlsx,0.0
benign_sample_9498.xlsx,0.0
fa4593b9b833602d9e309c40ec8becb6159a94d2acff372bc75a4b0a91fe2fb3.xlsx,0.975
dfdc0f65c950ba3a1133f95b107f6b34ff9ae93b2e6fbe3b6c0fa6aa777e26b3.xlsx,1.0
889d7b0a4b718ae1c1cd1d2c16e42e03ac256216f57386314d27d93c05288869.xlsx,1.0
048ccab033e0fe3b5099efa13301f680e76b5012cf90f2b192355ced07cb764f.xlsx,1.0
benign_sample_4067.xlsx,0.0
benign_sample_9474.xlsx,0.0
5064748dcc80cf78bc4511ec3ea5907dd5efed3feb97f876bf944f834afbb3ab.xls,1.0
f007020c74daa0645b181b7b604181613b68d195bd585afd71c3cd5160fb8fc4.xlsx,1.0
4051f20e1877f5a72eb80a9969d9231a207fc48c982b24da2d60c5488379f86b.xlsx,1.0
267608b4621546df087dd8d154aec1d4a705006fcdb55d1bc419e8e4be46b6a4.xlsx,1.0
15dad764ecec9022657ecf1b785dc3c8aa9547fa610c5b37e65005f0c244fecc.xlsx,1.0
benign_sample_5758.xlsx,0.0
benign_sample_3685.xlsx,0.0
15b9ed4f53891434aa211b87f99f17c5882c7ed51e80946ca29f61b61c65c03b.xlsx,1.0
4b9528fe4b8dda082aa49f005ae11b43bc6c9769c7da3c14e7630bf155950612.xls,1.0
beda966a428a9612f2d278219f4b64b0691fa32acc363e8495de17b805522c95.xlsx,1.0
82a07f63fe3a1139d24b1d1d8e009414d479f0dad834df07e3e3fcd94a9b2ab4.xlsx,1.0
benign_sample_4685.xlsx,0.0
b18208bb9046b20ce3e92156f5fe976aaf94ac2a72ec39804256661875d61736.xlsx,1.0
2b32f6ada2947da4bf5b17543971fb26fd3e0353734ef9270351dfe142fd1d72.xls,1.0
d560b66fa1176790975b7682e03e63c03b31e0f9b12396cc768684c8a3a1c3d4.xls,1.0
25c4c68df01b4f3c2d6ff937dc75cc91ff15f39cac4d6b7b3d76e9715746372a.xlsx,1.0
benign_sample_5476.xlsx,0.0
29487e17876f2a30f447b97e2bda1f691ca6b3a393f0e07df01b6d9814971bd9.xlsx,1.0
53a88b95fd05ff2ee5897fdf46ab44d4815345c0a20e90a182679c2d4eaaa82c.xlsx,1.0
benign_sample_1140.xlsx,0.0
benign_sample_4752.xlsx,0.0
benign_sample_3143.xlsx,0.0
benign_sample_8475.xlsx,0.0
b07ffc98302388bbc70e4989503d9d9c55f8ff1c7b96d7630cd6f912c18995d7.xls,1.0
benign_sample_2562.xlsx,0.0
6bae8695b63a74ba02a311ecf189391ceba19c260b259b2c49e2740ca541e3be.xlsx,1.0
83a5ee98dbeeccf104dc83c97996fc636e5f8980e073b070df9f6a4b66a24c67.xls,1.0
2da43a9b99141455effcd46ca0dec06ad513b0a53ecf24cca1c05deba839595e.xls,1.0
benign_sample_1576.xlsx,0.0
benign_sample_3258.xlsx,0.0
benign_sample_6164.xlsx,0.0
cfcb59c4535000c3211d9b07d748175964d0148d433b7210f4a114080617dc7c.xlsx,1.0
acdf44a726179eb27a689a101c164d0a1600816955ddd5b79ab9314a7e5b7260.xls,1.0
benign_sample_9598.xlsx,0.0
benign_sample_6600.xlsx,0.0
benign_sample_3748.xlsx,0.0
benign_sample_8879.xlsx,0.0
9978c6c6a4afea768edc9bda9c134a8976211b4a0feb15b4cbe83f9db9eb7466.xlsx,1.0
benign_sample_7103.xlsx,0.0
benign_sample_779.xlsx,0.0
benign_sample_4090.xlsx,0.0
benign_sample_6235.xlsx,0.0
benign_sample_1342.xlsx,0.0
51fe8a6a209f361389f3257fe23f972da45b743fe19f3b5b8f6cfbbbce8dfcc1.xlsx,1.0
benign_sample_40.xlsx,0.0
68b954c9cc850cefc7e6bd2c1e6279c0e28db9b8fc441cbfa820df88713833de.xlsx,1.0
f28ef3167a0bb16e82461a879147ceef9aac96b4d908453c19c73ee588b968a6.xlsx,1.0
benign_sample_6563.xlsx,0.0
benign_sample_7215.xlsx,0.0
benign_sample_6026.xlsx,0.0
benign_sample_6304.xlsx,0.0
edf0a93ca7fb01bbca4e57b512a8d3fe0a2565b540e98f066ff210b4a3617752.xlsx,1.0
5d11ca4589811b9913b997a716659e220f166c6be9f6e0626a98c0f90c6abbc3.xlsx,1.0
