file_name,TARGET
sample_18426.pdf,0.999954019072259
sample_04531.pdf,0.017499999999999998
sample_07332.pdf,0.0
sample_11695.pdf,0.99994646207697
sample_08256.pdf,0.00125
sample_11717.pdf,0.99994646207697
sample_18266.pdf,0.99994646207697
sample_05569.pdf,0.0
sample_00739.pdf,0.0
sample_06944.pdf,0.022571428571428576
sample_03676.pdf,0.005
sample_02713.pdf,0.004583333333333333
sample_05371.pdf,0.0
sample_15994.pdf,0.99994646207697
sample_16428.pdf,1.0
sample_16675.pdf,0.9999019202130406
sample_13105.pdf,0.99994646207697
sample_12365.pdf,0.99994646207697
sample_07340.pdf,0.0
sample_07023.pdf,0.006666666666666666
sample_00967.pdf,0.0
sample_15267.pdf,0.99994646207697
sample_06894.pdf,0.0
sample_14994.pdf,0.99994646207697
sample_06321.pdf,0.0
sample_02732.pdf,0.0
sample_16950.pdf,0.99994646207697
sample_15346.pdf,1.0
sample_02428.pdf,0.0
sample_14583.pdf,0.99994646207697
sample_02335.pdf,0.02116666666666667
sample_14561.pdf,0.9999271317969104
sample_02412.pdf,0.0
sample_01735.pdf,0.0
sample_08039.pdf,0.0
sample_00251.pdf,0.0016666666666666666
sample_17596.pdf,0.999954019072259
sample_12280.pdf,0.8897876984126983
sample_11084.pdf,0.99994646207697
sample_10029.pdf,0.99994646207697
sample_08121.pdf,0.0
sample_11615.pdf,0.99994646207697
sample_15872.pdf,0.9976486724134728
sample_17297.pdf,0.9999019202130406
sample_14642.pdf,0.9767083333333333
sample_14939.pdf,0.99994646207697
sample_02354.pdf,0.0
sample_07344.pdf,0.0
sample_14770.pdf,0.99994646207697
sample_04885.pdf,0.0
sample_08944.pdf,0.0
sample_05924.pdf,0.0
sample_16022.pdf,0.99994646207697
sample_00736.pdf,0.0
sample_03328.pdf,0.021666666666666664
sample_01280.pdf,0.0045000000000000005
sample_15734.pdf,1.0
sample_17153.pdf,0.99994646207697
sample_09704.pdf,0.99994646207697
sample_12754.pdf,0.99994646207697
sample_04381.pdf,0.0
sample_11626.pdf,0.99994646207697
sample_02397.pdf,0.0
sample_10675.pdf,0.9638690476190476
sample_18618.pdf,0.9999019202130406
sample_03339.pdf,0.0
sample_04420.pdf,0.0
sample_14785.pdf,0.99994646207697
sample_11104.pdf,1.0
sample_08173.pdf,0.008714285714285714
sample_17948.pdf,0.9999019202130406
sample_04738.pdf,0.05227976190476191
sample_12444.pdf,0.99994646207697
sample_16546.pdf,1.0
sample_16043.pdf,0.99994646207697
sample_17067.pdf,0.99994646207697
sample_00538.pdf,0.0
sample_01605.pdf,0.0
sample_14063.pdf,0.99994646207697
sample_07561.pdf,0.0
sample_18436.pdf,0.99994646207697
sample_18683.pdf,0.99994646207697
sample_18066.pdf,0.9966666666666667
sample_09363.pdf,0.99994646207697
sample_18564.pdf,0.99994646207697
sample_10168.pdf,1.0
sample_01709.pdf,0.0
sample_02386.pdf,0.00375
sample_17760.pdf,0.999954019072259
sample_17258.pdf,1.0
sample_05692.pdf,0.0
sample_09568.pdf,0.99994646207697
sample_00936.pdf,0.0
sample_03295.pdf,0.0
sample_09071.pdf,0.0025
sample_13416.pdf,0.99994646207697
sample_09268.pdf,0.006666666666666666
sample_14436.pdf,0.9999019202130406
sample_13397.pdf,0.99994646207697
sample_14818.pdf,0.99994646207697
sample_04147.pdf,0.003
sample_11707.pdf,0.9976190476190476
sample_16973.pdf,1.0
sample_02748.pdf,0.0
sample_05011.pdf,0.0
sample_19118.pdf,0.99994646207697
sample_12942.pdf,0.99994646207697
sample_01999.pdf,0.0
sample_08756.pdf,0.0
sample_04125.pdf,0.0
sample_08619.pdf,0.0
sample_10204.pdf,0.99994646207697
sample_02960.pdf,0.0
sample_15995.pdf,0.99994646207697
sample_01585.pdf,0.0
sample_13954.pdf,0.99994646207697
sample_05774.pdf,0.0
sample_09390.pdf,0.9999019202130406
sample_18329.pdf,0.9750000000000001
sample_07846.pdf,0.0
sample_07321.pdf,0.0
sample_03511.pdf,0.003333333333333333
sample_09251.pdf,0.0
sample_05719.pdf,0.0
sample_08667.pdf,0.0
sample_11479.pdf,0.9999019202130406
sample_03487.pdf,0.0
sample_00318.pdf,0.0
sample_06020.pdf,0.0
sample_03463.pdf,0.0
sample_06834.pdf,0.0
sample_17697.pdf,0.99994646207697
sample_00459.pdf,0.012166666666666668
sample_19051.pdf,0.99994646207697
sample_00129.pdf,0.005277777777777778
sample_13515.pdf,0.99994646207697
sample_18129.pdf,0.9999019202130406
sample_01625.pdf,0.0
sample_17117.pdf,0.99994646207697
sample_18673.pdf,1.0
sample_18106.pdf,0.99994646207697
sample_18427.pdf,0.99994646207697
sample_16206.pdf,1.0
sample_18305.pdf,0.99994646207697
sample_14015.pdf,0.99994646207697
sample_03895.pdf,0.017166666666666667
sample_14304.pdf,0.99994646207697
sample_06375.pdf,0.0
sample_00903.pdf,0.0
sample_06620.pdf,0.0
sample_14486.pdf,0.99994646207697
sample_15608.pdf,1.0
sample_10580.pdf,0.99994646207697
sample_01948.pdf,0.0
sample_12821.pdf,0.99994646207697
sample_13877.pdf,0.99994646207697
sample_15245.pdf,0.9522797954103034
sample_00693.pdf,0.0
sample_11790.pdf,0.99994646207697
sample_00576.pdf,0.0
sample_13183.pdf,0.99994646207697
sample_16326.pdf,0.99994646207697
sample_04927.pdf,0.0
sample_06878.pdf,0.0
sample_15727.pdf,0.99994646207697
sample_06997.pdf,0.4918333333333333
sample_06678.pdf,0.0
sample_04027.pdf,0.0
sample_08873.pdf,0.0
sample_12282.pdf,0.9999019202130406
sample_17002.pdf,1.0
sample_01388.pdf,0.0
sample_17918.pdf,0.9999271317969104
sample_02205.pdf,0.0
sample_19112.pdf,0.99994646207697
sample_11071.pdf,0.8462916666666667
sample_09714.pdf,0.99994646207697
sample_01869.pdf,0.0
sample_09786.pdf,0.99994646207697
sample_03006.pdf,0.0025
sample_02540.pdf,0.0
sample_18559.pdf,0.9945684231480463
sample_19038.pdf,0.99994646207697
sample_12335.pdf,0.99994646207697
sample_04361.pdf,0.0
sample_07169.pdf,0.0025
sample_18238.pdf,0.99994646207697
sample_03567.pdf,0.0
sample_07036.pdf,0.0
sample_09854.pdf,0.99994646207697
sample_11207.pdf,0.99994646207697
sample_17146.pdf,0.99994646207697
sample_18189.pdf,0.9976486724134728
sample_03010.pdf,0.0
sample_07408.pdf,0.03395833333333333
sample_15037.pdf,0.99994646207697
sample_05300.pdf,0.0
sample_00855.pdf,0.0
sample_18643.pdf,0.999954019072259
sample_08413.pdf,0.0
sample_07993.pdf,0.0
sample_14571.pdf,0.999954019072259
sample_03874.pdf,0.0
sample_16018.pdf,0.99994646207697
sample_00956.pdf,0.0
sample_09369.pdf,0.99994646207697
sample_12545.pdf,0.99994646207697
sample_03764.pdf,0.0
sample_12622.pdf,0.9985714285714287
sample_09153.pdf,0.0
sample_16092.pdf,0.99994646207697
sample_10684.pdf,0.99994646207697
sample_03929.pdf,0.0
sample_18562.pdf,0.9984735559138914
sample_16040.pdf,0.99994646207697
sample_00385.pdf,0.0
sample_12290.pdf,0.99994646207697
sample_18404.pdf,0.99994646207697
sample_12939.pdf,0.99994646207697
sample_16606.pdf,0.9976486724134728
sample_14237.pdf,0.9999271317969104
sample_03390.pdf,0.0
sample_00917.pdf,0.0
sample_15178.pdf,0.99994646207697
sample_18017.pdf,0.99994646207697
sample_08474.pdf,0.0
sample_09007.pdf,0.0
sample_14602.pdf,0.9999271317969104
sample_04000.pdf,0.0
sample_02057.pdf,0.0
sample_12009.pdf,0.99994646207697
sample_00589.pdf,0.0
sample_06656.pdf,0.0
sample_04955.pdf,0.0
sample_17507.pdf,0.99994646207697
sample_08233.pdf,0.0
sample_09959.pdf,0.9999271317969104
sample_03213.pdf,0.029500000000000002
sample_16843.pdf,0.9999019202130406
sample_02937.pdf,0.0
sample_01661.pdf,0.0
sample_14626.pdf,0.9945833333333334
sample_15978.pdf,0.9966666666666667
sample_07139.pdf,0.0
sample_16744.pdf,0.99994646207697
sample_15984.pdf,0.99994646207697
sample_16000.pdf,1.0
sample_08567.pdf,0.0
sample_06230.pdf,0.0
sample_09133.pdf,0.006666666666666666
sample_11758.pdf,1.0
sample_00295.pdf,0.0
sample_15696.pdf,0.99994646207697
sample_10081.pdf,0.99994646207697
sample_18482.pdf,0.99994646207697
sample_17349.pdf,1.0
sample_02048.pdf,0.0
sample_15894.pdf,0.99994646207697
sample_03402.pdf,0.0
sample_13812.pdf,0.99994646207697
sample_05238.pdf,0.0
sample_13548.pdf,0.9999271317969104
sample_14020.pdf,0.9976486724134728
sample_07941.pdf,0.0
sample_12735.pdf,0.9915800990957321
sample_06882.pdf,0.0
sample_18341.pdf,0.99994646207697
sample_14292.pdf,0.99994646207697
sample_04200.pdf,0.0
sample_15407.pdf,0.99994646207697
sample_06435.pdf,0.013000000000000001
sample_06550.pdf,0.0
sample_12646.pdf,0.9496666666666667
sample_12975.pdf,0.9999271317969104
sample_11177.pdf,0.999954019072259
sample_00282.pdf,0.0
sample_09668.pdf,1.0
sample_16078.pdf,0.99994646207697
sample_06185.pdf,0.0016666666666666666
sample_05184.pdf,0.0
sample_12993.pdf,0.9750000000000001
sample_19107.pdf,0.9999271317969104
sample_07219.pdf,0.00375
sample_06284.pdf,0.0
sample_03565.pdf,0.0
sample_00028.pdf,0.0
sample_05183.pdf,0.003333333333333333
sample_11166.pdf,0.99994646207697
sample_15527.pdf,0.99994646207697
sample_02773.pdf,0.005
sample_02546.pdf,0.03241666666666667
sample_18910.pdf,0.99994646207697
sample_14403.pdf,0.99994646207697
sample_15092.pdf,1.0
sample_18416.pdf,0.99994646207697
sample_10538.pdf,1.0
sample_08918.pdf,0.03875
sample_13788.pdf,0.9999271317969104
sample_09594.pdf,0.99994646207697
sample_15211.pdf,0.99994646207697
sample_00886.pdf,0.002
sample_03767.pdf,0.0
sample_09206.pdf,0.0
sample_11684.pdf,1.0
sample_17068.pdf,0.99994646207697
sample_04552.pdf,0.005
sample_01626.pdf,0.0
sample_17741.pdf,0.99994646207697
sample_18135.pdf,0.99994646207697
sample_01305.pdf,0.0025
sample_04391.pdf,0.0
sample_12113.pdf,0.99994646207697
sample_13540.pdf,0.99994646207697
sample_07815.pdf,0.010625
sample_16686.pdf,1.0
sample_08244.pdf,0.0
sample_06558.pdf,0.0
sample_18249.pdf,0.9999019202130406
sample_08000.pdf,0.02020833333333333
sample_19007.pdf,0.9522797954103034
sample_05394.pdf,0.003333333333333333
sample_10509.pdf,0.99994646207697
sample_08902.pdf,0.0
sample_02818.pdf,0.0
sample_01017.pdf,0.0
sample_01199.pdf,0.0
sample_10530.pdf,0.99994646207697
sample_07386.pdf,0.004333333333333333
sample_14365.pdf,0.9999019202130406
sample_09622.pdf,0.99994646207697
sample_17872.pdf,0.7514197470595473
sample_07351.pdf,0.0
sample_17284.pdf,0.99994646207697
sample_17305.pdf,0.99994646207697
sample_10547.pdf,0.99994646207697
sample_01998.pdf,0.0
sample_00418.pdf,0.0
sample_01268.pdf,0.034940476190476195
sample_08596.pdf,0.0
sample_10799.pdf,0.99994646207697
sample_07833.pdf,0.0
sample_02372.pdf,0.0
sample_12458.pdf,0.99994646207697
sample_12350.pdf,0.99994646207697
sample_03557.pdf,0.0
sample_18735.pdf,0.99994646207697
sample_10352.pdf,0.99994646207697
sample_02055.pdf,0.0
sample_00311.pdf,0.0
sample_09956.pdf,0.99994646207697
sample_04791.pdf,0.0
sample_13136.pdf,0.9999019202130406
sample_16460.pdf,0.99994646207697
sample_14504.pdf,0.99994646207697
sample_00717.pdf,0.005
sample_00793.pdf,0.003333333333333333
sample_07028.pdf,0.0
sample_09911.pdf,0.9999019202130406
sample_09168.pdf,0.0
sample_18514.pdf,0.9999019202130406
sample_18547.pdf,1.0
sample_05327.pdf,0.0
sample_08801.pdf,0.0
sample_03639.pdf,0.0
sample_17499.pdf,0.99994646207697
sample_03900.pdf,0.0
sample_04269.pdf,0.0
sample_13775.pdf,0.99994646207697
sample_03674.pdf,0.0
sample_07527.pdf,0.0
sample_07031.pdf,0.0
sample_07575.pdf,0.0
sample_14250.pdf,0.99994646207697
sample_10059.pdf,0.9999271317969104
sample_05356.pdf,0.0
sample_07193.pdf,0.06180237358101135
sample_12045.pdf,0.99994646207697
sample_10091.pdf,0.99994646207697
sample_03477.pdf,0.0
sample_12285.pdf,0.999954019072259
sample_15208.pdf,0.9874413145539905
sample_06967.pdf,0.0
sample_04115.pdf,0.005416666666666666
sample_18498.pdf,0.99994646207697
sample_19187.pdf,0.99994646207697
sample_01501.pdf,0.05590873015873016
sample_07187.pdf,0.0
sample_15632.pdf,0.99994646207697
sample_15207.pdf,0.99994646207697
sample_08434.pdf,0.0
sample_07609.pdf,0.0
sample_14553.pdf,0.99994646207697
sample_14671.pdf,0.99994646207697
sample_08874.pdf,0.0
sample_05626.pdf,0.004910714285714286
sample_14214.pdf,0.99994646207697
sample_18951.pdf,0.99994646207697
sample_18357.pdf,0.99994646207697
sample_10946.pdf,0.99994646207697
sample_15758.pdf,0.9999271317969104
sample_18554.pdf,0.99994646207697
sample_18691.pdf,0.885108225108225
sample_17628.pdf,1.0
sample_06892.pdf,0.014142857142857141
sample_12278.pdf,0.99994646207697
sample_13532.pdf,0.9999271317969104
sample_07491.pdf,0.003333333333333333
sample_03153.pdf,0.026916666666666665
sample_01641.pdf,0.0
sample_13761.pdf,0.99994646207697
sample_07653.pdf,0.0
sample_09987.pdf,0.99994646207697
sample_02959.pdf,0.0
sample_00895.pdf,0.0
sample_05084.pdf,0.0
sample_02825.pdf,0.0
sample_15330.pdf,0.99994646207697
sample_01693.pdf,0.0
sample_07735.pdf,0.12312698412698411
sample_09140.pdf,0.0
sample_01467.pdf,0.019166666666666665
sample_19245.pdf,0.99994646207697
sample_07752.pdf,0.0
sample_04894.pdf,0.0
sample_06982.pdf,0.0
sample_17767.pdf,0.99994646207697
sample_16938.pdf,0.9996752607548839
sample_16553.pdf,0.9999271317969104
sample_19225.pdf,0.99994646207697
sample_17795.pdf,0.99994646207697
sample_03628.pdf,0.002857142857142857
sample_02490.pdf,0.0
sample_03532.pdf,0.005833333333333333
sample_11190.pdf,0.99994646207697
sample_02384.pdf,0.0
sample_06039.pdf,0.0
sample_14109.pdf,0.99994646207697
sample_08111.pdf,0.042166666666666665
sample_02876.pdf,0.034595238095238096
sample_18927.pdf,0.9999019202130406
sample_08998.pdf,0.008333333333333333
sample_11946.pdf,0.9999271317969104
sample_11899.pdf,0.99994646207697
sample_11195.pdf,0.99994646207697
sample_01931.pdf,0.0
sample_05162.pdf,0.0
sample_16630.pdf,0.999954019072259
sample_11827.pdf,0.9583333333333331
sample_09735.pdf,0.982361111111111
sample_08569.pdf,0.0
sample_05292.pdf,0.006
sample_05143.pdf,0.0
sample_03074.pdf,0.0
sample_10032.pdf,0.9775000000000001
sample_06457.pdf,0.0
sample_05244.pdf,0.0016666666666666666
sample_12705.pdf,0.99994646207697
sample_14559.pdf,0.99994646207697
sample_17870.pdf,0.99994646207697
sample_07649.pdf,0.24726785714285715
sample_13646.pdf,0.99994646207697
sample_05903.pdf,0.0
sample_12978.pdf,0.9999019202130406
sample_08320.pdf,0.0
sample_01713.pdf,0.0
sample_06949.pdf,0.0
sample_12859.pdf,0.99994646207697
sample_02254.pdf,0.0
sample_17757.pdf,0.9999019202130406
sample_13701.pdf,0.99994646207697
sample_14027.pdf,0.99994646207697
sample_17363.pdf,0.99994646207697
sample_05987.pdf,0.21616666666666667
sample_00131.pdf,0.0016666666666666666
sample_00375.pdf,0.0
sample_07209.pdf,0.0
sample_17791.pdf,0.999954019072259
sample_11143.pdf,0.99994646207697
sample_03098.pdf,0.0
sample_17259.pdf,0.99994646207697
sample_04638.pdf,0.035166666666666666
sample_07940.pdf,0.0
sample_05898.pdf,0.01916666666666667
sample_06079.pdf,0.0
sample_02271.pdf,0.001
sample_01029.pdf,0.0
sample_07197.pdf,0.0016666666666666666
sample_18508.pdf,0.9999271317969104
sample_10916.pdf,0.99994646207697
sample_06447.pdf,0.08811904761904761
sample_17473.pdf,1.0
sample_09536.pdf,0.999954019072259
sample_19061.pdf,0.99994646207697
sample_00672.pdf,0.0
sample_02244.pdf,0.0
sample_01166.pdf,0.0
sample_16846.pdf,0.99994646207697
sample_01274.pdf,0.0025
sample_17182.pdf,0.99994646207697
sample_02769.pdf,0.0
sample_00650.pdf,0.0
sample_09485.pdf,0.99994646207697
sample_03148.pdf,0.0
sample_11897.pdf,0.9999019202130406
sample_09070.pdf,0.0
sample_00687.pdf,0.004
sample_16356.pdf,0.99994646207697
sample_01464.pdf,0.0
sample_08045.pdf,0.0075
sample_15087.pdf,0.99994646207697
sample_11235.pdf,0.99994646207697
sample_12082.pdf,0.99994646207697
sample_16848.pdf,0.99994646207697
sample_17105.pdf,0.9999271317969104
sample_19054.pdf,1.0
sample_08760.pdf,0.008
sample_18159.pdf,0.99994646207697
sample_16714.pdf,0.99994646207697
sample_16425.pdf,0.99994646207697
sample_05110.pdf,0.004928571428571428
sample_17745.pdf,0.99994646207697
sample_14977.pdf,0.99994646207697
sample_05469.pdf,0.0
sample_08446.pdf,0.003333333333333333
sample_09246.pdf,0.0
sample_00718.pdf,0.0
sample_11146.pdf,0.99994646207697
sample_02366.pdf,0.004583333333333333
sample_12699.pdf,0.99994646207697
sample_09944.pdf,0.9976486724134728
sample_13448.pdf,0.9999271317969104
sample_12258.pdf,0.99994646207697
sample_15227.pdf,0.99994646207697
sample_13876.pdf,0.99994646207697
sample_08151.pdf,0.2873095238095238
sample_04224.pdf,0.0055000000000000005
sample_16093.pdf,0.49422619047619043
sample_03504.pdf,0.0
sample_03242.pdf,0.0
sample_13688.pdf,0.999857142857143
sample_08816.pdf,0.0
sample_03225.pdf,0.008333333333333333
sample_14061.pdf,0.999954019072259
sample_02704.pdf,0.0
sample_07937.pdf,0.03583333333333333
sample_00807.pdf,0.0
sample_11830.pdf,0.99994646207697
sample_09337.pdf,0.99994646207697
sample_17375.pdf,0.9267213539937862
sample_03815.pdf,0.0
sample_12021.pdf,0.99994646207697
sample_08681.pdf,0.0
sample_11627.pdf,0.99994646207697
sample_13442.pdf,0.9999271317969104
sample_01281.pdf,0.0
sample_09055.pdf,0.0016666666666666666
sample_05391.pdf,0.0
sample_18110.pdf,1.0
sample_11022.pdf,0.99994646207697
sample_12871.pdf,0.9999271317969104
sample_07369.pdf,0.0
sample_08648.pdf,0.0025
sample_14560.pdf,0.99994646207697
sample_15510.pdf,0.9999271317969104
sample_18985.pdf,0.99994646207697
sample_14837.pdf,1.0
sample_09160.pdf,0.009666666666666665
sample_10099.pdf,0.999857142857143
sample_09163.pdf,0.0
sample_07577.pdf,0.0025
sample_18859.pdf,0.8695079365079366
sample_08018.pdf,0.0
sample_01683.pdf,0.0
sample_18794.pdf,0.9910486577181209
sample_11671.pdf,0.99994646207697
sample_11467.pdf,1.0
sample_00263.pdf,0.0
sample_06011.pdf,0.007833333333333333
sample_06386.pdf,0.028354166666666666
sample_07655.pdf,0.0
sample_15229.pdf,0.99994646207697
sample_15982.pdf,0.99994646207697
sample_03789.pdf,0.01888095238095238
sample_09577.pdf,0.999954019072259
sample_13630.pdf,0.99994646207697
sample_17045.pdf,0.9999271317969104
sample_00011.pdf,0.0
sample_08863.pdf,0.0
sample_09156.pdf,0.04323809523809524
sample_03527.pdf,0.0
sample_04250.pdf,0.0
sample_18707.pdf,0.99994646207697
sample_17034.pdf,0.99994646207697
sample_19047.pdf,0.99994646207697
sample_06140.pdf,0.0
sample_18934.pdf,0.9976486724134728
sample_08307.pdf,0.0
sample_07891.pdf,0.0
sample_11585.pdf,0.99994646207697
sample_17299.pdf,0.99994646207697
sample_09797.pdf,0.99994646207697
sample_09875.pdf,0.99994646207697
sample_03192.pdf,0.0
sample_10273.pdf,0.99994646207697
sample_05393.pdf,0.0
sample_12722.pdf,0.99994646207697
sample_09542.pdf,1.0
sample_15381.pdf,0.99994646207697
sample_14670.pdf,0.99994646207697
sample_09896.pdf,0.99994646207697
sample_07292.pdf,0.0025
sample_06950.pdf,0.0
sample_13488.pdf,0.9999271317969104
sample_13778.pdf,0.99994646207697
sample_17402.pdf,0.9999019202130406
sample_05464.pdf,0.0
sample_05869.pdf,0.0
sample_03641.pdf,0.0
sample_02256.pdf,0.0
sample_00214.pdf,0.0016666666666666666
sample_01149.pdf,0.013333333333333332
sample_19113.pdf,0.99994646207697
sample_12031.pdf,0.9999271317969104
sample_09073.pdf,0.06517857142857145
sample_06738.pdf,0.0
sample_11652.pdf,0.99994646207697
sample_18146.pdf,0.99994646207697
sample_05189.pdf,0.0
sample_18054.pdf,0.9999271317969104
sample_16490.pdf,0.99994646207697
sample_15783.pdf,0.9999019202130406
sample_13381.pdf,0.99994646207697
sample_16384.pdf,0.99994646207697
sample_15336.pdf,0.99994646207697
sample_13258.pdf,0.99994646207697
sample_02632.pdf,0.0
sample_04282.pdf,0.0
sample_11234.pdf,0.99994646207697
sample_09540.pdf,0.9999271317969104
sample_06971.pdf,0.0
sample_01126.pdf,0.010666666666666666
sample_12930.pdf,0.9976486724134728
sample_16126.pdf,0.9999019202130406
sample_18331.pdf,0.99994646207697
sample_01529.pdf,0.20957539682539686
sample_00975.pdf,0.00375
sample_00274.pdf,0.0
sample_02845.pdf,0.0
sample_08300.pdf,0.0
sample_09728.pdf,0.99994646207697
sample_08083.pdf,0.0
sample_15021.pdf,0.99994646207697
sample_12324.pdf,1.0
sample_17250.pdf,0.99994646207697
sample_12408.pdf,0.99994646207697
sample_15332.pdf,0.7407402358308558
sample_14695.pdf,0.33023015873015865
sample_09575.pdf,0.99994646207697
sample_17737.pdf,0.99994646207697
sample_13726.pdf,0.99994646207697
sample_09725.pdf,0.99994646207697
sample_00021.pdf,0.0
sample_15942.pdf,0.99994646207697
sample_09507.pdf,0.9984735559138914
sample_13120.pdf,0.99994646207697
sample_05209.pdf,0.0
sample_04017.pdf,0.0
sample_00005.pdf,0.024553571428571428
sample_06491.pdf,0.005416666666666666
sample_13070.pdf,0.9999019202130406
sample_06043.pdf,0.0
sample_08163.pdf,0.0
sample_07422.pdf,0.003
sample_02409.pdf,0.005595238095238095
sample_05125.pdf,0.0
sample_11271.pdf,0.99994646207697
sample_18594.pdf,0.9966666666666667
sample_09863.pdf,1.0
sample_07315.pdf,0.0
sample_12635.pdf,0.99994646207697
sample_09323.pdf,0.9416496478873241
sample_01099.pdf,0.0
sample_06155.pdf,0.0
sample_14844.pdf,0.9720454545454545
sample_01044.pdf,0.0
sample_16187.pdf,0.99994646207697
sample_03912.pdf,0.0
sample_04844.pdf,0.0
sample_05586.pdf,0.0
sample_11290.pdf,0.9965
sample_09415.pdf,0.99994646207697
sample_18346.pdf,0.9999271317969104
sample_12317.pdf,0.99994646207697
sample_00250.pdf,0.0
sample_09606.pdf,0.99994646207697
sample_16550.pdf,0.9999271317969104
sample_10373.pdf,0.99994646207697
sample_04477.pdf,0.005
sample_02990.pdf,0.0
sample_17324.pdf,0.99994646207697
sample_03105.pdf,0.0
sample_00727.pdf,0.0
sample_14527.pdf,0.99994646207697
sample_15069.pdf,0.99994646207697
sample_13538.pdf,0.99994646207697
sample_03369.pdf,0.2787901892087476
sample_16458.pdf,0.99994646207697
sample_03116.pdf,0.023690476190476192
sample_13314.pdf,0.9999271317969104
sample_08805.pdf,0.0
sample_03592.pdf,0.0
sample_16006.pdf,0.9999271317969104
sample_08007.pdf,0.0
sample_16877.pdf,0.9999603542884686
sample_00850.pdf,0.0
sample_13619.pdf,0.99994646207697
sample_14342.pdf,0.999954019072259
sample_02042.pdf,0.0
sample_01123.pdf,0.0
sample_06895.pdf,0.0
sample_14123.pdf,0.6693630952380952
sample_08896.pdf,0.0
sample_03637.pdf,0.0
sample_10677.pdf,0.99994646207697
sample_07267.pdf,0.005
sample_10776.pdf,0.9975
sample_09201.pdf,0.0016666666666666666
sample_07513.pdf,0.012166666666666666
sample_10011.pdf,0.99994646207697
sample_04262.pdf,0.0
sample_00073.pdf,0.0025
sample_09198.pdf,0.02583333333333333
sample_14651.pdf,0.9294999999999999
sample_03585.pdf,0.0
sample_02753.pdf,0.0
sample_10804.pdf,0.99994646207697
sample_14226.pdf,0.9999271317969104
sample_04823.pdf,0.0008333333333333333
sample_05725.pdf,0.0
sample_04038.pdf,0.0
sample_08372.pdf,0.0
sample_06370.pdf,0.011166666666666667
sample_05536.pdf,0.0
sample_09800.pdf,1.0
sample_14196.pdf,0.999954019072259
sample_15858.pdf,0.99994646207697
sample_19205.pdf,0.9870833333333334
sample_07170.pdf,0.02
sample_07006.pdf,0.0
sample_18870.pdf,1.0
sample_17144.pdf,0.99994646207697
sample_15355.pdf,0.99994646207697
sample_05137.pdf,0.0008333333333333333
sample_07510.pdf,0.0
sample_00591.pdf,0.0
sample_17789.pdf,0.99994646207697
sample_09232.pdf,0.0
sample_16871.pdf,0.9999271317969104
sample_08131.pdf,0.3156825396825397
sample_04720.pdf,0.0
sample_15931.pdf,0.99994646207697
sample_16332.pdf,0.99994646207697
sample_16100.pdf,0.9999019202130406
sample_10292.pdf,0.9984735559138914
sample_17679.pdf,0.99994646207697
sample_03891.pdf,0.0
sample_04179.pdf,0.000625
sample_03580.pdf,0.01583333333333333
sample_06103.pdf,0.0025
sample_14377.pdf,0.999954019072259
sample_00039.pdf,0.0
sample_01519.pdf,0.0
sample_13277.pdf,0.99994646207697
sample_09670.pdf,0.99994646207697
sample_13219.pdf,0.99994646207697
sample_14519.pdf,0.99994646207697
sample_06708.pdf,0.0
sample_13116.pdf,0.9999271317969104
sample_17939.pdf,1.0
sample_12927.pdf,0.9999271317969104
sample_18153.pdf,0.9999271317969104
sample_01203.pdf,0.0
sample_12781.pdf,0.99994646207697
sample_08191.pdf,0.005
sample_05241.pdf,0.00625
sample_06888.pdf,0.09436904761904762
sample_07010.pdf,0.0
sample_13990.pdf,0.99994646207697
sample_02135.pdf,0.0
sample_10718.pdf,0.99994646207697
sample_01334.pdf,0.00125
sample_01266.pdf,0.0
sample_18458.pdf,1.0
sample_04590.pdf,0.0
sample_01101.pdf,0.0
sample_17142.pdf,0.99994646207697
sample_05834.pdf,0.022666666666666665
sample_16340.pdf,0.99994646207697
sample_16210.pdf,0.99994646207697
sample_16181.pdf,0.99994646207697
sample_08985.pdf,0.0
sample_17843.pdf,0.999954019072259
sample_15283.pdf,0.99994646207697
sample_18565.pdf,0.99994646207697
sample_06246.pdf,0.0
sample_02915.pdf,0.0
sample_06531.pdf,0.0
sample_06186.pdf,0.0
sample_03953.pdf,0.0
sample_04492.pdf,0.0
sample_08869.pdf,0.0
sample_15152.pdf,0.99994646207697
sample_09967.pdf,0.9991079812206572
sample_08692.pdf,0.006339285714285714
sample_11894.pdf,0.9035913066694209
sample_08528.pdf,0.0
sample_03226.pdf,0.0
sample_17752.pdf,1.0
sample_08970.pdf,0.0
sample_16381.pdf,0.99994646207697
sample_10410.pdf,0.99994646207697
sample_05052.pdf,0.0
sample_15625.pdf,0.9975
sample_10929.pdf,0.8724780675102066
sample_03171.pdf,0.0
sample_02867.pdf,0.05020833333333333
sample_00353.pdf,0.013000000000000001
sample_01556.pdf,0.0
sample_07308.pdf,0.0
sample_14701.pdf,0.99994646207697
sample_18676.pdf,0.9999271317969104
sample_05123.pdf,0.0
sample_14439.pdf,1.0
sample_17712.pdf,0.9528333333333333
sample_02565.pdf,0.1972942014126224
sample_07240.pdf,0.0
sample_07242.pdf,0.0
sample_02066.pdf,0.0
sample_12284.pdf,0.99994646207697
sample_00307.pdf,0.0
sample_00455.pdf,0.0
sample_06169.pdf,0.007916666666666666
sample_08747.pdf,0.0
sample_05812.pdf,0.00375
sample_10227.pdf,0.9855357142857143
sample_13600.pdf,0.99994646207697
sample_00601.pdf,0.0
sample_00879.pdf,0.0
sample_01640.pdf,0.00125
sample_12842.pdf,0.99994646207697
sample_04726.pdf,0.0
sample_09738.pdf,1.0
sample_05136.pdf,0.018166666666666668
sample_17562.pdf,0.99994646207697
sample_06078.pdf,0.0
sample_01522.pdf,0.0
sample_16358.pdf,0.8576616929638987
sample_03125.pdf,0.02996428571428571
sample_07934.pdf,0.014249999999999999
sample_19169.pdf,0.9999019202130406
sample_01708.pdf,0.0
sample_15981.pdf,0.99994646207697
sample_13801.pdf,0.99994646207697
sample_07807.pdf,0.0025
sample_17122.pdf,0.99994646207697
sample_03861.pdf,0.003333333333333333
sample_14045.pdf,0.40477976190476206
sample_00276.pdf,0.0
sample_18838.pdf,1.0
sample_04198.pdf,0.0
sample_14654.pdf,0.99994646207697
sample_03345.pdf,0.012880952380952382
sample_07925.pdf,0.0
sample_10171.pdf,0.99994646207697
sample_10054.pdf,0.99994646207697
sample_11594.pdf,0.99994646207697
sample_13317.pdf,0.9999019202130406
sample_01803.pdf,0.00125
sample_17989.pdf,0.99994646207697
sample_09309.pdf,0.9976486724134728
sample_07843.pdf,0.0
sample_09108.pdf,0.0
sample_10947.pdf,0.99994646207697
sample_03388.pdf,0.0
sample_15039.pdf,0.99994646207697
sample_07631.pdf,0.005
sample_16240.pdf,0.99994646207697
sample_02382.pdf,0.0
sample_06332.pdf,0.0
sample_15752.pdf,0.99994646207697
sample_15733.pdf,0.9999271317969104
sample_08550.pdf,0.0
sample_01253.pdf,0.0025
sample_13608.pdf,0.99994646207697
sample_12645.pdf,1.0
sample_02696.pdf,0.07125000000000001
sample_05579.pdf,0.0
sample_10531.pdf,0.99994646207697
sample_09684.pdf,0.99994646207697
sample_02931.pdf,0.0
sample_02613.pdf,0.0
sample_12872.pdf,1.0
sample_04144.pdf,0.0016666666666666666
sample_04182.pdf,0.0
sample_15397.pdf,0.99994646207697
sample_12073.pdf,0.0
sample_11440.pdf,0.99994646207697
sample_12390.pdf,0.99994646207697
sample_04165.pdf,0.0
sample_16141.pdf,0.99994646207697
sample_08339.pdf,0.0
sample_03620.pdf,0.0
sample_09394.pdf,0.99994646207697
sample_05017.pdf,0.0
sample_05746.pdf,0.0
sample_07870.pdf,0.0
sample_08733.pdf,0.0
sample_01168.pdf,0.0
sample_14428.pdf,0.9999271317969104
sample_07864.pdf,0.0
sample_19150.pdf,0.99994646207697
sample_04357.pdf,0.0016666666666666666
sample_12665.pdf,0.99994646207697
sample_02735.pdf,0.0075
sample_02824.pdf,0.034333333333333334
sample_03217.pdf,0.0
sample_03057.pdf,0.03779761904761905
sample_15474.pdf,0.99994646207697
sample_05302.pdf,0.0
sample_14857.pdf,0.99994646207697
sample_05960.pdf,0.0
sample_18406.pdf,0.9999511915510526
sample_11032.pdf,0.99994646207697
sample_10771.pdf,0.99994646207697
sample_07178.pdf,0.0
sample_05422.pdf,0.0
sample_16730.pdf,0.99994646207697
sample_11991.pdf,0.99994646207697
sample_07627.pdf,0.0
sample_17881.pdf,0.99994646207697
sample_16636.pdf,0.99994646207697
sample_00892.pdf,0.0
sample_07642.pdf,0.0
sample_15429.pdf,0.99994646207697
sample_04489.pdf,0.0
sample_16536.pdf,0.99994646207697
sample_09617.pdf,0.9999271317969104
sample_06266.pdf,0.0
sample_05627.pdf,0.0
sample_09596.pdf,0.9999271317969104
sample_07180.pdf,0.0
sample_11794.pdf,0.99994646207697
sample_07618.pdf,0.004333333333333333
sample_14795.pdf,0.99994646207697
sample_05102.pdf,0.4361944444444445
sample_08835.pdf,0.0
sample_06792.pdf,0.0025
sample_17681.pdf,0.99994646207697
sample_08323.pdf,0.0175
sample_02675.pdf,0.0
sample_01409.pdf,0.012916666666666665
sample_04180.pdf,0.0
sample_07484.pdf,0.0
sample_02041.pdf,0.0
sample_03877.pdf,0.0
sample_03573.pdf,0.005
sample_13114.pdf,0.99994646207697
sample_09285.pdf,0.011666666666666665
sample_15427.pdf,0.99994646207697
sample_08097.pdf,0.0
sample_06767.pdf,0.0
sample_04427.pdf,0.010625
sample_07011.pdf,0.0
sample_14733.pdf,0.99994646207697
sample_08880.pdf,0.0
sample_07839.pdf,0.0
sample_19157.pdf,0.9870833333333333
sample_16138.pdf,0.99994646207697
sample_06234.pdf,0.0
sample_04522.pdf,0.0
sample_11675.pdf,0.99994646207697
sample_01634.pdf,0.0
sample_08719.pdf,0.007083333333333333
sample_01389.pdf,0.0
sample_07743.pdf,0.0
sample_03311.pdf,0.0
sample_12689.pdf,0.9999271317969104
sample_12529.pdf,0.99994646207697
sample_07731.pdf,0.006999999999999999
sample_02341.pdf,0.0
sample_14112.pdf,0.99994646207697
sample_18826.pdf,0.99994646207697
sample_08171.pdf,0.035083333333333334
sample_15812.pdf,0.99994646207697
sample_16898.pdf,0.99994646207697
sample_11614.pdf,0.99994646207697
sample_05151.pdf,0.14205357142857142
sample_13020.pdf,0.99994646207697
sample_13068.pdf,0.99994646207697
sample_00861.pdf,0.0
sample_07152.pdf,0.0
sample_13516.pdf,0.99994646207697
sample_04389.pdf,0.0
sample_02625.pdf,0.0
sample_08076.pdf,0.0036249999999999998
sample_06870.pdf,0.0
sample_19017.pdf,0.99994646207697
sample_10887.pdf,0.99994646207697
sample_15369.pdf,0.99994646207697
sample_05291.pdf,0.0165
sample_06906.pdf,0.0
sample_00441.pdf,0.0
sample_01687.pdf,0.0
sample_07944.pdf,0.00625
sample_07600.pdf,0.0
sample_19274.pdf,0.968047619047619
sample_15572.pdf,0.99994646207697
sample_16681.pdf,0.99994646207697
sample_14590.pdf,0.9879033222731007
sample_15610.pdf,0.99994646207697
sample_06377.pdf,0.0
sample_11932.pdf,0.8056697470595473
sample_04544.pdf,0.0
sample_11576.pdf,0.99994646207697
sample_15576.pdf,0.99994646207697
sample_07612.pdf,0.0
sample_08781.pdf,0.0
sample_12268.pdf,0.99994646207697
sample_15455.pdf,0.99994646207697
sample_12672.pdf,0.9999271317969104
sample_05450.pdf,0.0
sample_12484.pdf,0.9999271317969104
sample_05593.pdf,0.005
sample_12265.pdf,0.9999019202130406
sample_12818.pdf,0.99994646207697
sample_10021.pdf,0.999954019072259
sample_10398.pdf,0.999954019072259
sample_08545.pdf,0.0
sample_11989.pdf,0.9999019202130406
sample_05766.pdf,0.0
sample_13071.pdf,0.99994646207697
sample_07000.pdf,0.0
sample_11078.pdf,0.99994646207697
sample_19146.pdf,0.99994646207697
sample_05159.pdf,0.0
sample_06242.pdf,0.0
sample_00537.pdf,0.0
sample_17309.pdf,0.99994646207697
sample_13982.pdf,0.9999019202130406
sample_08997.pdf,0.003928571428571429
sample_14452.pdf,0.999954019072259
sample_03055.pdf,0.0
sample_05089.pdf,0.0
sample_03021.pdf,0.0
sample_00962.pdf,0.005
sample_00833.pdf,0.0
sample_07233.pdf,0.17825
sample_08346.pdf,0.0
sample_07685.pdf,0.0
sample_14240.pdf,0.99994646207697
sample_11583.pdf,1.0
sample_02947.pdf,0.0029166666666666664
sample_17270.pdf,0.999954019072259
sample_02085.pdf,0.0
sample_02508.pdf,0.009595238095238096
sample_14066.pdf,0.99994646207697
sample_02204.pdf,0.0
sample_06509.pdf,0.0
sample_15916.pdf,0.99994646207697
sample_13810.pdf,0.9653742368742368
sample_03507.pdf,0.007666666666666666
sample_10770.pdf,0.99994646207697
sample_12764.pdf,0.9179107142857142
sample_02476.pdf,0.0
sample_06106.pdf,0.0
sample_11949.pdf,0.99994646207697
sample_05409.pdf,0.0
sample_04910.pdf,0.008333333333333333
sample_09505.pdf,0.99994646207697
sample_06705.pdf,0.0
sample_13648.pdf,0.9979824561403509
sample_00198.pdf,0.0
sample_05568.pdf,0.0
sample_19181.pdf,0.99994646207697
sample_05105.pdf,0.00375
sample_17374.pdf,0.99994646207697
sample_09569.pdf,0.9999019202130406
sample_02148.pdf,0.32043129896419376
sample_17954.pdf,0.99994646207697
sample_03508.pdf,0.0
sample_12577.pdf,0.99994646207697
sample_07684.pdf,0.00125
sample_04401.pdf,0.0
sample_06874.pdf,0.0
sample_17844.pdf,0.9999019202130406
sample_17185.pdf,0.9999271317969104
sample_17581.pdf,1.0
sample_05978.pdf,0.012083333333333333
sample_03531.pdf,0.0
sample_10256.pdf,0.99994646207697
sample_18789.pdf,0.999954019072259
sample_08390.pdf,0.0
sample_00699.pdf,0.16813690476190477
sample_17388.pdf,0.99994646207697
sample_04566.pdf,0.041833333333333333
sample_18930.pdf,0.99994646207697
sample_03664.pdf,0.0
sample_08780.pdf,0.0
sample_08184.pdf,0.0
sample_08389.pdf,0.10202777777777777
sample_01668.pdf,0.0
sample_12861.pdf,0.9999019202130406
sample_01061.pdf,0.00125
sample_12525.pdf,0.9999019202130406
sample_05998.pdf,0.0
sample_00907.pdf,0.04434523809523808
sample_05576.pdf,0.0
sample_08685.pdf,0.0
sample_16016.pdf,0.99994646207697
sample_01036.pdf,0.0
sample_11798.pdf,0.986982005746806
sample_03421.pdf,0.0025
sample_08789.pdf,0.0
sample_12804.pdf,1.0
sample_10135.pdf,0.99994646207697
sample_07554.pdf,0.0
sample_04331.pdf,0.0
sample_18602.pdf,0.99994646207697
sample_09051.pdf,0.0
sample_00117.pdf,0.0
sample_12175.pdf,1.0
sample_17298.pdf,0.99994646207697
sample_01638.pdf,0.0
sample_08428.pdf,0.0
sample_05080.pdf,0.0
sample_18163.pdf,0.99994646207697
sample_07909.pdf,0.0
sample_09662.pdf,0.99994646207697
sample_16792.pdf,0.99994646207697
sample_13946.pdf,0.999954019072259
sample_15759.pdf,0.99994646207697
sample_16157.pdf,0.99994646207697
sample_10407.pdf,0.999954019072259
sample_04573.pdf,0.0
sample_09443.pdf,0.999954019072259
sample_08005.pdf,0.0
sample_09374.pdf,0.999954019072259
sample_05803.pdf,0.0
sample_12707.pdf,0.99994646207697
sample_15970.pdf,0.999954019072259
sample_11522.pdf,0.982767094017094
sample_08935.pdf,0.0016666666666666666
sample_11957.pdf,0.9999019202130406
sample_04112.pdf,0.0
sample_07806.pdf,0.0
sample_00814.pdf,0.0
sample_17425.pdf,0.99994646207697
sample_02951.pdf,0.027916666666666666
sample_11381.pdf,0.9424448051948052
sample_02741.pdf,0.0
sample_18605.pdf,0.9999271317969104
sample_00154.pdf,0.024333333333333332
sample_17631.pdf,0.839840556262059
sample_12315.pdf,0.9999019202130406
sample_11697.pdf,0.99994646207697
sample_18926.pdf,0.9999019202130406
sample_11158.pdf,0.9996752607548839
sample_16184.pdf,0.99994646207697
sample_15237.pdf,0.99994646207697
sample_02879.pdf,0.0
sample_07774.pdf,0.0
sample_03954.pdf,0.0
sample_12194.pdf,0.99994646207697
sample_13221.pdf,0.99994646207697
sample_06655.pdf,0.0
sample_09391.pdf,0.99994646207697
sample_00126.pdf,0.0
sample_11015.pdf,0.979654761904762
sample_19233.pdf,0.99994646207697
sample_02574.pdf,0.0
sample_11761.pdf,0.99994646207697
sample_08638.pdf,0.0
sample_09343.pdf,0.999954019072259
sample_12187.pdf,0.7292202380952382
sample_09616.pdf,1.0
sample_18572.pdf,0.99994646207697
sample_12245.pdf,0.9999019202130406
sample_03846.pdf,0.0
sample_16200.pdf,0.99994646207697
sample_11176.pdf,0.99994646207697
sample_03473.pdf,0.0
sample_13390.pdf,0.99994646207697
sample_00482.pdf,0.006666666666666666
sample_12056.pdf,1.0
sample_10458.pdf,0.99994646207697
sample_02206.pdf,0.0025
sample_11368.pdf,0.99994646207697
sample_09330.pdf,0.99994646207697
sample_10338.pdf,0.99994646207697
sample_06529.pdf,0.0
sample_15323.pdf,0.9999271317969104
sample_03973.pdf,0.0
sample_18411.pdf,0.99994646207697
sample_10141.pdf,0.99994646207697
sample_18379.pdf,0.99994646207697
sample_04050.pdf,0.0
sample_12383.pdf,0.9999271317969104
sample_11968.pdf,0.99994646207697
sample_14359.pdf,0.99994646207697
sample_11763.pdf,0.999954019072259
sample_08809.pdf,0.0
sample_04613.pdf,0.002
sample_01277.pdf,0.0
sample_01242.pdf,0.0
sample_13006.pdf,0.99994646207697
sample_11700.pdf,0.99994646207697
sample_12007.pdf,0.9999271317969104
sample_11612.pdf,0.99994646207697
sample_03914.pdf,0.007083333333333333
sample_17102.pdf,0.9999019202130406
sample_05583.pdf,0.0
sample_13819.pdf,0.99994646207697
sample_09811.pdf,0.99994646207697
sample_16150.pdf,0.99994646207697
sample_04301.pdf,0.030750000000000003
sample_12693.pdf,0.9983333333333333
sample_17738.pdf,0.99994646207697
sample_01918.pdf,0.0
sample_06029.pdf,0.0
sample_02870.pdf,0.0
sample_11681.pdf,0.99994646207697
sample_13672.pdf,0.99994646207697
sample_18622.pdf,0.99994646207697
sample_17466.pdf,1.0
sample_03569.pdf,0.0
sample_18864.pdf,0.99994646207697
sample_07070.pdf,0.0
sample_18476.pdf,0.99994646207697
sample_08069.pdf,0.0
sample_02279.pdf,0.00125
sample_00769.pdf,0.0
sample_06945.pdf,0.0055000000000000005
sample_10532.pdf,0.99994646207697
sample_07621.pdf,0.0
sample_10548.pdf,0.99994646207697
sample_17519.pdf,0.99994646207697
sample_01575.pdf,0.0
sample_12220.pdf,0.99994646207697
sample_15874.pdf,0.9999271317969104
sample_00530.pdf,0.0
sample_12742.pdf,0.99994646207697
sample_00445.pdf,0.09911309523809525
sample_17231.pdf,0.99994646207697
sample_09279.pdf,0.005
sample_18886.pdf,0.99994646207697
sample_17813.pdf,0.99994646207697
sample_06938.pdf,0.020809523809523806
sample_11784.pdf,0.99994646207697
sample_17393.pdf,0.99994646207697
sample_10642.pdf,0.527672619047619
sample_04338.pdf,0.0016666666666666666
sample_09353.pdf,0.99994646207697
sample_12437.pdf,0.9994444444444445
sample_08947.pdf,0.0
sample_14888.pdf,0.99994646207697
sample_06646.pdf,0.0
sample_14144.pdf,0.99994646207697
sample_06294.pdf,0.0
sample_04827.pdf,0.0
sample_06802.pdf,0.04583333333333334
sample_12416.pdf,0.99994646207697
sample_02594.pdf,0.019
sample_09247.pdf,0.0
sample_02957.pdf,0.044988095238095244
sample_00987.pdf,0.004
sample_18685.pdf,0.99994646207697
sample_07148.pdf,0.0
sample_05496.pdf,0.0
sample_07401.pdf,0.0
sample_15405.pdf,0.99994646207697
sample_02714.pdf,0.0025
sample_16188.pdf,0.99994646207697
sample_12827.pdf,0.99994646207697
sample_04965.pdf,0.0
sample_08777.pdf,0.0
sample_08336.pdf,0.0075
sample_16225.pdf,0.9918991228070175
sample_13539.pdf,0.99994646207697
sample_17580.pdf,0.99994646207697
sample_04586.pdf,0.0
sample_13805.pdf,0.99994646207697
sample_15729.pdf,0.99994646207697
sample_03748.pdf,0.0
sample_04549.pdf,0.039630952380952385
sample_04821.pdf,0.0
sample_03112.pdf,0.0025
sample_06695.pdf,0.0
sample_18230.pdf,0.9999271317969104
sample_07985.pdf,0.0
sample_02137.pdf,0.006500000000000001
sample_07042.pdf,0.0
sample_02932.pdf,0.0
sample_14242.pdf,0.99994646207697
sample_04204.pdf,0.0008333333333333333
sample_02873.pdf,0.0
sample_06239.pdf,0.005833333333333333
sample_12116.pdf,0.99994646207697
sample_02626.pdf,0.0025
sample_13847.pdf,0.99994646207697
sample_09371.pdf,0.99994646207697
sample_14155.pdf,0.99994646207697
sample_10749.pdf,0.99994646207697
sample_06432.pdf,0.09013492063492062
sample_03854.pdf,0.0075
sample_00828.pdf,0.0
sample_17003.pdf,0.99994646207697
sample_02668.pdf,0.0
sample_07191.pdf,0.0
sample_15829.pdf,0.9999271317969104
sample_00540.pdf,0.015083333333333336
sample_12931.pdf,0.99994646207697
sample_16334.pdf,0.9789824561403507
sample_17636.pdf,0.99994646207697
sample_05347.pdf,0.002
sample_11031.pdf,0.99994646207697
sample_16389.pdf,0.9999019202130406
sample_10853.pdf,0.99994646207697
sample_17444.pdf,0.99994646207697
sample_09604.pdf,1.0
sample_12392.pdf,1.0
sample_10020.pdf,0.99994646207697
sample_03866.pdf,0.0
sample_01977.pdf,0.0
sample_15135.pdf,0.99994646207697
sample_12560.pdf,0.99994646207697
sample_13281.pdf,0.3987518037518037
sample_08581.pdf,0.0
sample_03428.pdf,0.0
sample_17514.pdf,0.9999019202130406
sample_04545.pdf,0.0
sample_14933.pdf,0.99994646207697
sample_16929.pdf,0.99994646207697
sample_17347.pdf,0.99994646207697
sample_14265.pdf,0.999954019072259
sample_00516.pdf,0.0
sample_03355.pdf,0.0
sample_01482.pdf,0.0
sample_18822.pdf,0.99994646207697
sample_19265.pdf,0.99994646207697
sample_14682.pdf,0.999954019072259
sample_04649.pdf,0.0
sample_12712.pdf,0.99994646207697
sample_13663.pdf,0.99994646207697
sample_17543.pdf,0.99994646207697
sample_08955.pdf,0.020059523809523805
sample_09308.pdf,0.99994646207697
sample_01073.pdf,0.0
sample_02740.pdf,0.0025
sample_13072.pdf,0.99994646207697
sample_04753.pdf,0.0
sample_09872.pdf,0.9999019202130406
sample_01694.pdf,0.15050595238095238
sample_11848.pdf,0.99994646207697
sample_16104.pdf,0.9976486724134728
sample_15054.pdf,0.99994646207697
sample_13740.pdf,0.99994646207697
sample_04781.pdf,0.0
sample_18743.pdf,0.9999271317969104
sample_13993.pdf,0.99994646207697
sample_11813.pdf,0.99994646207697
sample_10493.pdf,0.99994646207697
sample_08523.pdf,0.0
sample_04178.pdf,0.0
sample_08259.pdf,0.0
sample_14273.pdf,1.0
sample_11602.pdf,0.999954019072259
sample_06442.pdf,0.0
sample_11468.pdf,0.9971645021645021
sample_17162.pdf,0.99994646207697
sample_01241.pdf,0.01817857142857143
sample_02738.pdf,0.0
sample_10053.pdf,0.99994646207697
sample_07480.pdf,0.0
sample_08814.pdf,0.00375
sample_15126.pdf,0.9861904761904764
sample_04836.pdf,0.01
sample_04474.pdf,0.0
sample_16668.pdf,0.99994646207697
sample_17066.pdf,0.9946752607548839
sample_08683.pdf,0.0
sample_12778.pdf,0.99994646207697
sample_18894.pdf,0.99994646207697
sample_15149.pdf,0.99994646207697
sample_06918.pdf,0.009999999999999998
sample_12474.pdf,0.9999019202130406
sample_09628.pdf,0.99994646207697
sample_00029.pdf,0.0
sample_03417.pdf,0.1616547619047619
sample_07158.pdf,0.0
sample_09858.pdf,0.999954019072259
sample_05871.pdf,0.00375
sample_11727.pdf,0.7130833333333334
sample_10783.pdf,0.99994646207697
sample_08673.pdf,0.0
sample_16509.pdf,0.9403333333333334
sample_02391.pdf,0.0
sample_07091.pdf,0.0
sample_18233.pdf,0.99994646207697
sample_00708.pdf,0.0016666666666666666
sample_07907.pdf,0.0
sample_13818.pdf,0.9999019202130406
sample_10627.pdf,0.99994646207697
sample_06296.pdf,0.009666666666666665
sample_11421.pdf,0.99994646207697
sample_15927.pdf,1.0
sample_06053.pdf,0.011821428571428571
sample_16932.pdf,0.9999271317969104
sample_03742.pdf,0.006999999999999999
sample_17729.pdf,0.99994646207697
sample_09159.pdf,0.0
sample_01070.pdf,0.01375
sample_13108.pdf,0.99994646207697
sample_06613.pdf,0.0
sample_08157.pdf,0.0008333333333333333
sample_07972.pdf,0.0
sample_11428.pdf,0.99994646207697
sample_05989.pdf,0.011666666666666665
sample_17484.pdf,0.99994646207697
sample_16532.pdf,1.0
sample_18948.pdf,0.6067480158730157
sample_05320.pdf,0.00125
sample_08613.pdf,0.07815560026827634
sample_12391.pdf,0.99994646207697
sample_14858.pdf,0.99994646207697
sample_01342.pdf,0.0
sample_12494.pdf,0.999954019072259
sample_06223.pdf,0.009142857142857142
sample_16271.pdf,0.9999271317969104
sample_00521.pdf,0.09937499999999998
sample_02505.pdf,0.0
sample_07748.pdf,0.0
sample_06618.pdf,0.999954019072259
sample_16698.pdf,0.99994646207697
sample_04313.pdf,0.020138888888888887
sample_04091.pdf,0.0
sample_04098.pdf,0.005
sample_17822.pdf,0.99994646207697
sample_13835.pdf,0.54439613817555
sample_01344.pdf,0.0
sample_17763.pdf,0.99994646207697
sample_07727.pdf,0.0
sample_04842.pdf,0.00125
sample_06896.pdf,0.0
sample_09406.pdf,0.9999271317969104
sample_05879.pdf,0.0
sample_02242.pdf,0.007083333333333333
sample_05920.pdf,0.0
sample_04325.pdf,0.07058333333333333
sample_00396.pdf,0.0
sample_06788.pdf,0.009845238095238096
sample_18170.pdf,0.99994646207697
sample_08653.pdf,0.0
sample_14487.pdf,0.99994646207697
sample_06060.pdf,0.0
sample_09335.pdf,0.99994646207697
sample_06586.pdf,0.003333333333333333
sample_06675.pdf,0.0
sample_04212.pdf,0.0
sample_02425.pdf,0.0
sample_18382.pdf,0.99994646207697
sample_11159.pdf,0.99994646207697
sample_02044.pdf,0.0
sample_03779.pdf,0.0
sample_03158.pdf,0.0
sample_12951.pdf,0.99994646207697
sample_01767.pdf,0.0
sample_08432.pdf,0.0
sample_06666.pdf,0.0
sample_06003.pdf,0.003928571428571429
sample_14909.pdf,0.99994646207697
sample_05562.pdf,0.0
sample_02492.pdf,0.0
sample_11580.pdf,0.99994646207697
sample_03375.pdf,0.0
sample_06277.pdf,0.016583333333333332
sample_17062.pdf,0.99994646207697
sample_02921.pdf,0.0
sample_02109.pdf,0.18230357142857137
sample_06293.pdf,0.0
sample_01682.pdf,0.00125
sample_06096.pdf,0.0
sample_08840.pdf,0.0
sample_10862.pdf,0.9999019202130406
sample_11929.pdf,0.9999271317969104
sample_08059.pdf,0.0
sample_10187.pdf,0.99994646207697
sample_03958.pdf,0.0
sample_14224.pdf,0.9904166666666667
sample_17226.pdf,0.99994646207697
sample_17321.pdf,0.9986587410990766
sample_00667.pdf,0.0
sample_10413.pdf,0.99994646207697
sample_06372.pdf,0.0
sample_04151.pdf,0.005
sample_19272.pdf,0.99994646207697
sample_04676.pdf,0.0
sample_05882.pdf,0.0
sample_02201.pdf,0.00375
sample_08247.pdf,0.0
sample_18686.pdf,0.9976486724134728
sample_10353.pdf,0.99994646207697
sample_09280.pdf,0.04634523809523809
sample_03688.pdf,0.0
sample_14451.pdf,1.0
sample_09106.pdf,0.1223151884278645
sample_02106.pdf,0.0
sample_03696.pdf,0.0
sample_18462.pdf,0.99994646207697
sample_16580.pdf,0.99994646207697
sample_09541.pdf,0.99994646207697
sample_14728.pdf,0.9999019202130406
sample_13132.pdf,0.99994646207697
sample_11436.pdf,0.99994646207697
sample_10097.pdf,0.99994646207697
sample_00996.pdf,0.0
sample_06657.pdf,0.10033928571428571
sample_10800.pdf,0.9999271317969104
sample_04645.pdf,0.0025
sample_16914.pdf,1.0
sample_16721.pdf,0.9999019202130406
sample_03453.pdf,0.0
sample_14622.pdf,0.99994646207697
sample_16935.pdf,0.9914166666666665
sample_07115.pdf,0.005
sample_12247.pdf,0.99994646207697
sample_09779.pdf,0.9999271317969104
sample_06133.pdf,0.0
sample_15195.pdf,1.0
sample_18145.pdf,0.99994646207697
sample_08832.pdf,0.0
sample_03944.pdf,0.0
sample_02001.pdf,0.0
sample_03053.pdf,0.0
sample_12171.pdf,0.999954019072259
sample_09950.pdf,0.99994646207697
sample_02050.pdf,0.009047619047619047
sample_15199.pdf,0.99994646207697
sample_06937.pdf,0.0
sample_19204.pdf,0.99994646207697
sample_13325.pdf,0.99994646207697
sample_11673.pdf,0.99994646207697
sample_07892.pdf,0.0
sample_08367.pdf,0.0025
sample_03062.pdf,0.0
sample_02850.pdf,0.03375
sample_04567.pdf,0.0025
sample_05914.pdf,0.1323095238095238
sample_12851.pdf,1.0
sample_06123.pdf,0.0
sample_06961.pdf,0.02390909090909091
sample_12483.pdf,0.99994646207697
sample_13109.pdf,0.99994646207697
sample_07739.pdf,0.0
sample_18895.pdf,0.99994646207697
sample_07275.pdf,0.0
sample_10116.pdf,0.9999271317969104
sample_08153.pdf,0.0
sample_03597.pdf,0.0
sample_02047.pdf,0.0
sample_14861.pdf,0.99994646207697
sample_14159.pdf,0.99994646207697
sample_10214.pdf,0.99994646207697
sample_06137.pdf,0.00375
sample_12910.pdf,0.99994646207697
sample_07717.pdf,0.10133333333333332
sample_06773.pdf,0.007083333333333333
sample_06832.pdf,0.013392857142857142
sample_13375.pdf,0.99994646207697
sample_04228.pdf,0.032023809523809524
sample_13189.pdf,0.99994646207697
sample_09402.pdf,0.9999271317969104
sample_17923.pdf,0.9870454545454546
sample_08448.pdf,0.0026666666666666666
sample_12342.pdf,1.0
sample_09784.pdf,0.9999019202130406
sample_05407.pdf,0.0
sample_12209.pdf,0.9999019202130406
sample_09045.pdf,0.00125
sample_00365.pdf,0.0
sample_17319.pdf,0.99994646207697
sample_10427.pdf,0.99994646207697
sample_05714.pdf,0.0
sample_06288.pdf,0.0
sample_15376.pdf,1.0
sample_01940.pdf,0.029833333333333333
sample_02072.pdf,0.0
sample_03343.pdf,0.0
sample_11895.pdf,0.99994646207697
sample_04868.pdf,0.0
sample_16503.pdf,0.999954019072259
sample_01805.pdf,0.004857142857142857
sample_07791.pdf,0.0
sample_00503.pdf,0.0
sample_06285.pdf,0.0
sample_13716.pdf,0.9999271317969104
sample_02063.pdf,0.11554761904761902
sample_12974.pdf,0.99994646207697
sample_09965.pdf,0.9978787878787878
sample_00127.pdf,0.0
sample_09660.pdf,0.99994646207697
sample_17796.pdf,0.99994646207697
sample_07456.pdf,0.0
sample_03047.pdf,0.0
sample_05620.pdf,0.0
sample_08837.pdf,0.0
sample_11476.pdf,0.99994646207697
sample_00957.pdf,0.0
sample_12497.pdf,0.99994646207697
sample_06303.pdf,0.0
sample_07754.pdf,0.0
sample_17448.pdf,0.9720454545454545
sample_18502.pdf,1.0
sample_05353.pdf,0.0
sample_10317.pdf,0.9999019202130406
sample_14225.pdf,0.99994646207697
sample_12533.pdf,0.99994646207697
sample_13407.pdf,0.99994646207697
sample_03855.pdf,0.0
sample_18295.pdf,0.99994646207697
sample_15188.pdf,0.99994646207697
sample_13531.pdf,0.99994646207697
sample_16508.pdf,0.99994646207697
sample_05259.pdf,0.005
sample_13400.pdf,0.99994646207697
sample_16089.pdf,0.99994646207697
sample_14363.pdf,0.9999019202130406
sample_05190.pdf,0.0
sample_10767.pdf,1.0
sample_12380.pdf,0.99994646207697
sample_00043.pdf,0.0025
sample_14698.pdf,1.0
sample_17345.pdf,0.99994646207697
sample_09543.pdf,0.99994646207697
sample_05704.pdf,0.00375
sample_09387.pdf,0.9970833333333333
sample_01410.pdf,0.0
sample_14616.pdf,0.99994646207697
sample_15892.pdf,0.9999271317969104
sample_04006.pdf,0.0
sample_04911.pdf,0.005833333333333333
sample_06304.pdf,0.0
sample_07093.pdf,0.31975854700854706
sample_13935.pdf,0.99994646207697
sample_03988.pdf,0.074375
sample_17083.pdf,0.99994646207697
sample_09787.pdf,0.99994646207697
sample_17857.pdf,1.0
sample_05605.pdf,0.0
sample_12695.pdf,0.99994646207697
sample_12885.pdf,0.9999271317969104
sample_18197.pdf,0.99994646207697
sample_15675.pdf,0.99994646207697
sample_12929.pdf,0.99994646207697
sample_15143.pdf,0.99994646207697
sample_04294.pdf,0.0
sample_17778.pdf,0.99994646207697
sample_15104.pdf,0.99994646207697
sample_18276.pdf,0.9716428571428573
sample_10708.pdf,0.9999019202130406
sample_01082.pdf,0.0
sample_19273.pdf,0.99994646207697
sample_02984.pdf,0.0016666666666666666
sample_06440.pdf,0.18673684210526315
sample_07951.pdf,0.0
sample_11477.pdf,0.99994646207697
sample_19022.pdf,0.99994646207697
sample_04176.pdf,0.0
sample_04407.pdf,0.02766666666666667
sample_06260.pdf,0.0
sample_05601.pdf,0.00125
sample_18880.pdf,0.9999019202130406
sample_00827.pdf,0.003333333333333333
sample_13550.pdf,0.99994646207697
sample_17405.pdf,0.9996752607548839
sample_02801.pdf,0.0
sample_04080.pdf,0.0
sample_03714.pdf,0.0
sample_00944.pdf,0.0
sample_07176.pdf,0.0
sample_05760.pdf,0.0
sample_17876.pdf,0.99994646207697
sample_07271.pdf,0.0
sample_03702.pdf,0.0
sample_01246.pdf,0.0
sample_07805.pdf,0.0
sample_06117.pdf,0.0
sample_05728.pdf,0.0
sample_02462.pdf,0.007916666666666667
sample_00704.pdf,0.003333333333333333
sample_15673.pdf,0.9976486724134728
sample_11413.pdf,0.99994646207697
sample_02142.pdf,0.0
sample_15305.pdf,0.99994646207697
sample_05218.pdf,0.0
sample_15837.pdf,0.9999271317969104
sample_02569.pdf,0.0
sample_13198.pdf,0.9999019202130406
sample_04364.pdf,0.0
sample_07142.pdf,0.0
sample_05646.pdf,0.003333333333333333
sample_00037.pdf,0.0
sample_11080.pdf,0.9802995733143736
sample_08397.pdf,0.005
sample_11875.pdf,0.99994646207697
sample_01485.pdf,0.0
sample_02602.pdf,0.0
sample_06987.pdf,0.0
sample_18887.pdf,1.0
sample_00191.pdf,0.0029166666666666664
sample_03522.pdf,0.0
sample_00203.pdf,0.0803888888888889
sample_06403.pdf,0.021708333333333333
sample_17755.pdf,0.99994646207697
sample_02336.pdf,0.0
sample_17240.pdf,0.9975
sample_04433.pdf,0.0
sample_03082.pdf,0.0
sample_03554.pdf,0.0
sample_01680.pdf,0.0
sample_07334.pdf,0.007083333333333333
sample_04970.pdf,0.001
sample_11665.pdf,0.9999019202130406
sample_10393.pdf,0.99994646207697
sample_09742.pdf,0.99994646207697
sample_14131.pdf,0.99994646207697
sample_01185.pdf,0.0
sample_12078.pdf,0.99994646207697
sample_10585.pdf,0.999954019072259
sample_02431.pdf,0.0
sample_05306.pdf,0.0
sample_17478.pdf,0.99994646207697
sample_19259.pdf,0.99994646207697
sample_01442.pdf,0.0
sample_06008.pdf,0.0
sample_16879.pdf,0.99994646207697
sample_05735.pdf,0.0
sample_08319.pdf,0.0
sample_12027.pdf,0.9984735559138914
sample_16734.pdf,0.7732896825396824
sample_05632.pdf,0.0
sample_09901.pdf,0.9999271317969104
sample_15266.pdf,0.99994646207697
sample_11239.pdf,0.9999271317969104
sample_17770.pdf,0.99994646207697
sample_14617.pdf,0.99994646207697
sample_12310.pdf,0.9999271317969104
sample_11782.pdf,0.99994646207697
sample_18702.pdf,1.0
sample_09629.pdf,0.999857142857143
sample_05086.pdf,0.0
sample_14782.pdf,0.99994646207697
sample_14361.pdf,0.99994646207697
sample_16607.pdf,1.0
sample_15598.pdf,0.99994646207697
sample_05452.pdf,0.025666666666666664
sample_04737.pdf,0.0
sample_11182.pdf,0.99994646207697
sample_11054.pdf,0.9076071428571431
sample_02770.pdf,0.0
sample_02470.pdf,0.013928571428571427
sample_04132.pdf,0.0
sample_01934.pdf,0.0
sample_06710.pdf,0.0
sample_05656.pdf,0.0
sample_01686.pdf,0.0
sample_11909.pdf,0.9999271317969104
sample_04784.pdf,0.17017857142857143
sample_04622.pdf,0.3689841269841269
sample_18526.pdf,0.99994646207697
sample_12125.pdf,0.99994646207697
sample_11205.pdf,0.99994646207697
sample_14500.pdf,0.99994646207697
sample_14669.pdf,0.99994646207697
sample_17276.pdf,0.99994646207697
sample_16007.pdf,0.99994646207697
sample_03240.pdf,0.0
sample_00662.pdf,0.006499999999999999
sample_13885.pdf,0.99994646207697
sample_14295.pdf,1.0
sample_04034.pdf,0.0
sample_06100.pdf,0.0
sample_18705.pdf,0.99994646207697
sample_05645.pdf,0.0
sample_01620.pdf,0.0
sample_09366.pdf,0.9966666666666667
sample_15256.pdf,0.99994646207697
sample_01454.pdf,0.0
sample_13961.pdf,0.9999271317969104
sample_01015.pdf,0.17575793650793645
sample_09063.pdf,0.0
sample_17634.pdf,1.0
sample_15515.pdf,0.9960965749936338
sample_09850.pdf,0.99994646207697
sample_16922.pdf,0.99994646207697
sample_18184.pdf,0.99994646207697
sample_00794.pdf,0.0
sample_02361.pdf,0.0
sample_03875.pdf,0.0025
sample_07945.pdf,0.0
sample_02775.pdf,0.003333333333333333
sample_00272.pdf,0.0
sample_10876.pdf,0.99994646207697
sample_07030.pdf,0.008125
sample_16516.pdf,0.99994646207697
sample_18587.pdf,0.9638690476190476
sample_07410.pdf,0.007083333333333333
sample_12068.pdf,0.9540357142857142
sample_15979.pdf,0.9316428571428572
sample_15348.pdf,1.0
sample_14009.pdf,0.99994646207697
sample_19171.pdf,0.9986587410990766
sample_03016.pdf,0.0007142857142857143
sample_02193.pdf,0.013333333333333332
sample_12617.pdf,0.99994646207697
sample_17056.pdf,0.99994646207697
sample_09932.pdf,0.9875833333333334
sample_08720.pdf,0.005833333333333333
sample_09183.pdf,0.022416666666666668
sample_13791.pdf,0.99994646207697
sample_01995.pdf,0.00375
sample_12661.pdf,0.9999019202130406
sample_02051.pdf,0.0
sample_10895.pdf,0.99994646207697
sample_10721.pdf,1.0
sample_19040.pdf,0.9934722222222223
sample_00984.pdf,0.0
sample_09407.pdf,0.99994646207697
sample_16595.pdf,0.99994646207697
sample_08926.pdf,0.0
sample_05344.pdf,0.005
sample_15184.pdf,1.0
sample_16662.pdf,0.99994646207697
sample_14025.pdf,0.9999271317969104
sample_15067.pdf,0.998125
sample_13865.pdf,0.99994646207697
sample_10763.pdf,0.99994646207697
sample_08209.pdf,0.0
sample_13231.pdf,0.9999271317969104
sample_05641.pdf,0.0
sample_13857.pdf,1.0
sample_04434.pdf,0.0025
sample_05918.pdf,0.014000000000000002
sample_06458.pdf,0.0
sample_10738.pdf,0.99994646207697
sample_08452.pdf,0.018166666666666668
sample_17131.pdf,0.9999019202130406
sample_08663.pdf,0.0
sample_16148.pdf,0.99994646207697
sample_07722.pdf,0.0
sample_09295.pdf,0.0
sample_11494.pdf,0.99994646207697
sample_19044.pdf,0.99994646207697
sample_14419.pdf,0.99994646207697
sample_03666.pdf,0.0
sample_15831.pdf,0.999954019072259
sample_08541.pdf,0.0
sample_08378.pdf,0.07141666666666667
sample_18034.pdf,0.999954019072259
sample_18343.pdf,0.9999019202130406
sample_02027.pdf,0.0016666666666666666
sample_10563.pdf,0.99994646207697
sample_15907.pdf,0.99994646207697
sample_16680.pdf,0.99994646207697
sample_00546.pdf,0.0
sample_18140.pdf,0.99994646207697
sample_18879.pdf,0.99994646207697
sample_01325.pdf,0.002
sample_02360.pdf,0.0
sample_05487.pdf,0.0
sample_16279.pdf,0.99994646207697
sample_17933.pdf,0.99994646207697
sample_14080.pdf,0.99994646207697
sample_11571.pdf,0.999954019072259
sample_16081.pdf,0.9999530385326616
sample_03175.pdf,0.0
sample_05705.pdf,0.0
sample_10514.pdf,0.999954019072259
sample_03999.pdf,0.0
sample_00225.pdf,0.012000000000000002
sample_03437.pdf,0.0
sample_12537.pdf,0.99994646207697
sample_06198.pdf,0.0
sample_01436.pdf,0.0
sample_17048.pdf,0.999954019072259
sample_17668.pdf,0.99994646207697
sample_08799.pdf,0.0
sample_08764.pdf,0.00375
sample_15170.pdf,0.9941666666666668
sample_07872.pdf,0.0
sample_03352.pdf,0.016875
sample_02266.pdf,0.2275059523809524
sample_04854.pdf,0.0
sample_14593.pdf,0.9945833333333334
sample_01928.pdf,0.0
sample_08245.pdf,0.0
sample_03813.pdf,0.0
sample_04704.pdf,0.0
sample_14059.pdf,0.99994646207697
sample_04785.pdf,0.02782142857142857
sample_07288.pdf,0.03025
sample_00364.pdf,0.0
sample_18805.pdf,0.99994646207697
sample_07003.pdf,0.0
sample_00346.pdf,0.0
sample_14186.pdf,0.99994646207697
sample_05312.pdf,0.0
sample_06813.pdf,0.0
sample_00560.pdf,0.0
sample_13680.pdf,0.99994646207697
sample_07948.pdf,0.0
sample_10443.pdf,0.99994646207697
sample_00572.pdf,0.005833333333333333
sample_13780.pdf,0.99994646207697
sample_01623.pdf,0.0
sample_01548.pdf,0.0
sample_04117.pdf,0.0
sample_00635.pdf,0.0
sample_05277.pdf,0.0
sample_05140.pdf,0.0
sample_08417.pdf,0.0
sample_00054.pdf,0.013273809523809523
sample_00584.pdf,0.0
sample_15649.pdf,0.9999271317969104
sample_10604.pdf,0.99994646207697
sample_01328.pdf,0.0
sample_15166.pdf,0.9999271317969104
sample_04677.pdf,0.012619047619047618
sample_01121.pdf,0.0
sample_10555.pdf,0.999954019072259
sample_09868.pdf,0.99994646207697
sample_11489.pdf,0.999954019072259
sample_17150.pdf,0.99994646207697
sample_13860.pdf,1.0
sample_11818.pdf,0.99994646207697
sample_16676.pdf,0.99994646207697
sample_07038.pdf,0.0
sample_16155.pdf,0.99994646207697
sample_00989.pdf,0.0
sample_00796.pdf,0.00125
sample_16261.pdf,0.99994646207697
sample_09148.pdf,0.0
sample_16082.pdf,0.99994646207697
sample_07705.pdf,0.00125
sample_15127.pdf,0.99994646207697
sample_04441.pdf,0.0
sample_16666.pdf,0.999954019072259
sample_10629.pdf,0.999954019072259
sample_10836.pdf,0.99994646207697
sample_16581.pdf,1.0
sample_08971.pdf,0.0
sample_14494.pdf,0.99994646207697
sample_07838.pdf,0.0
sample_19182.pdf,0.99994646207697
sample_06800.pdf,0.0
sample_09050.pdf,0.0
sample_19275.pdf,0.99994646207697
sample_00918.pdf,0.11964069264069266
sample_01810.pdf,0.005833333333333333
sample_02890.pdf,0.0
sample_03509.pdf,0.0
sample_04497.pdf,0.0
sample_11990.pdf,0.99994646207697
sample_06032.pdf,0.0
sample_13668.pdf,0.99994646207697
sample_15073.pdf,1.0
sample_17248.pdf,0.99994646207697
sample_11095.pdf,0.99994646207697
sample_18449.pdf,0.99994646207697
sample_04154.pdf,0.0016666666666666666
sample_00278.pdf,0.0
sample_09842.pdf,0.999857142857143
sample_14124.pdf,1.0
sample_11456.pdf,0.99994646207697
sample_00660.pdf,0.001875
sample_06653.pdf,0.0
sample_16396.pdf,0.9999019202130406
sample_03703.pdf,0.0
sample_02533.pdf,0.0
sample_16255.pdf,0.99994646207697
sample_00420.pdf,0.0
sample_17178.pdf,0.99994646207697
sample_08435.pdf,0.05342424242424243
sample_09905.pdf,0.99994646207697
sample_13167.pdf,0.99994646207697
sample_02080.pdf,0.06379166666666666
sample_11809.pdf,0.99994646207697
sample_12865.pdf,0.05366666666666666
sample_19185.pdf,0.99994646207697
sample_10539.pdf,1.0
sample_02130.pdf,0.0
sample_10610.pdf,0.99994646207697
sample_18359.pdf,0.99994646207697
sample_14627.pdf,0.99994646207697
sample_04460.pdf,0.0
sample_18651.pdf,0.99994646207697
sample_07879.pdf,0.0
sample_07084.pdf,0.0
sample_09954.pdf,0.0916904761904762
sample_05531.pdf,0.0
sample_04684.pdf,0.0
sample_09131.pdf,0.0
sample_04019.pdf,0.0
sample_02892.pdf,0.006666666666666666
sample_18978.pdf,0.9999019202130406
sample_09275.pdf,0.0435
sample_06820.pdf,0.0007142857142857143
sample_17088.pdf,0.99994646207697
sample_08093.pdf,0.0
sample_08314.pdf,0.0
sample_12765.pdf,0.9999019202130406
sample_01270.pdf,0.0
sample_15603.pdf,0.999954019072259
sample_03005.pdf,0.0
sample_07520.pdf,0.0
sample_17987.pdf,0.99994646207697
sample_05544.pdf,0.0
sample_10834.pdf,0.99994646207697
sample_16618.pdf,0.99994646207697
sample_04001.pdf,0.0
sample_09881.pdf,0.9999019202130406
sample_06343.pdf,0.0
sample_17031.pdf,0.99994646207697
sample_12668.pdf,0.9870833333333334
sample_01041.pdf,0.0
sample_01637.pdf,0.0
sample_13235.pdf,0.99994646207697
sample_10964.pdf,0.9999019202130406
sample_07382.pdf,0.002857142857142857
sample_13582.pdf,1.0
sample_02444.pdf,0.0
sample_13480.pdf,1.0
sample_00010.pdf,0.0
sample_16585.pdf,0.9927995733143736
sample_00851.pdf,0.0
sample_08223.pdf,0.0
sample_17931.pdf,0.99994646207697
sample_03776.pdf,0.0
sample_14694.pdf,0.99994646207697
sample_13585.pdf,0.99994646207697
sample_09223.pdf,0.0
sample_13088.pdf,0.99994646207697
sample_14040.pdf,0.9985965749936337
sample_07669.pdf,0.0
sample_04851.pdf,0.0
sample_15953.pdf,0.99994646207697
sample_06669.pdf,0.0008333333333333333
sample_07778.pdf,0.0
sample_07695.pdf,0.015
sample_18310.pdf,0.99994646207697
sample_18528.pdf,0.99994646207697
sample_04446.pdf,0.07548809523809523
sample_01292.pdf,0.007166666666666666
sample_11474.pdf,0.99994646207697
sample_09349.pdf,0.99994646207697
sample_05069.pdf,0.0
sample_17736.pdf,0.999954019072259
sample_06564.pdf,0.0
sample_15128.pdf,1.0
sample_09078.pdf,0.0
sample_16300.pdf,0.99994646207697
sample_12414.pdf,0.99994646207697
sample_09988.pdf,0.99994646207697
sample_04806.pdf,0.005
sample_08156.pdf,0.0
sample_16683.pdf,0.99994646207697
sample_02977.pdf,0.0
sample_02872.pdf,0.0
sample_05290.pdf,0.01
sample_19001.pdf,1.0
sample_04736.pdf,0.03933333333333333
sample_11039.pdf,0.9941666666666668
sample_05388.pdf,0.03229166666666666
sample_05173.pdf,0.010107142857142856
sample_19153.pdf,0.9673154761904762
sample_09992.pdf,0.99994646207697
sample_07464.pdf,0.0
sample_00467.pdf,0.0
sample_05950.pdf,0.3759404761904761
sample_13947.pdf,0.99994646207697
sample_05384.pdf,0.0
sample_10184.pdf,0.99994646207697
sample_04431.pdf,0.0
sample_14702.pdf,0.999857142857143
sample_01846.pdf,0.005
sample_10207.pdf,0.99994646207697
sample_08881.pdf,0.0
sample_02220.pdf,0.0
sample_09305.pdf,0.5269318524612642
sample_08838.pdf,0.005
sample_16642.pdf,0.999954019072259
sample_03673.pdf,0.005
sample_10809.pdf,0.99994646207697
sample_08910.pdf,0.0
sample_13073.pdf,0.99994646207697
sample_12429.pdf,0.99994646207697
sample_16009.pdf,0.99994646207697
sample_02344.pdf,0.0
sample_10177.pdf,0.99994646207697
sample_15467.pdf,0.999954019072259
sample_13261.pdf,0.99994646207697
sample_14797.pdf,0.99994646207697
sample_17271.pdf,0.999954019072259
sample_12973.pdf,0.99994646207697
sample_18201.pdf,0.99994646207697
sample_17951.pdf,0.99994646207697
sample_10807.pdf,0.99994646207697
sample_07924.pdf,0.0
sample_03118.pdf,0.0
sample_11891.pdf,0.99994646207697
sample_02783.pdf,0.0
sample_05446.pdf,0.005
sample_11077.pdf,0.99994646207697
sample_13904.pdf,0.999954019072259
sample_15328.pdf,0.99994646207697
sample_11405.pdf,0.9999271317969104
sample_09791.pdf,0.99994646207697
sample_03829.pdf,0.0
sample_16444.pdf,0.99994646207697
sample_00825.pdf,0.18963690476190476
sample_03926.pdf,0.024797619047619048
sample_11645.pdf,0.999954019072259
sample_16530.pdf,0.999954019072259
sample_11740.pdf,0.9960000000000001
sample_11322.pdf,0.99994646207697
sample_06641.pdf,0.017166666666666667
sample_11108.pdf,0.99994646207697
sample_16322.pdf,0.99994646207697
sample_15442.pdf,0.99994646207697
sample_05986.pdf,0.0
sample_07222.pdf,0.053500000000000006
sample_00700.pdf,0.01042857142857143
sample_16692.pdf,0.99994646207697
sample_11556.pdf,0.99994646207697
sample_09775.pdf,0.999954019072259
sample_08473.pdf,0.0025
sample_11293.pdf,0.99994646207697
sample_15452.pdf,0.99994646207697
sample_09713.pdf,0.9999271317969104
sample_04244.pdf,0.05604365079365079
sample_08100.pdf,0.0026785714285714286
sample_11692.pdf,0.99994646207697
sample_18755.pdf,0.99994646207697
sample_10130.pdf,0.9999271317969104
sample_09930.pdf,0.999954019072259
sample_05777.pdf,0.0
sample_18039.pdf,1.0
sample_00134.pdf,0.0
sample_02563.pdf,0.0
sample_10286.pdf,0.9926486724134728
sample_13702.pdf,0.99994646207697
sample_04666.pdf,0.0
sample_07216.pdf,0.0
sample_09825.pdf,0.9999271317969104
sample_01950.pdf,0.0
sample_18714.pdf,0.99994646207697
sample_10416.pdf,0.99994646207697
sample_01679.pdf,0.0
sample_17307.pdf,0.99994646207697
sample_02924.pdf,0.0
sample_11000.pdf,0.99994646207697
sample_13434.pdf,0.99994646207697
sample_15923.pdf,0.99994646207697
sample_08945.pdf,0.0
sample_18689.pdf,0.9999019202130406
sample_16292.pdf,0.99994646207697
sample_10961.pdf,0.99994646207697
sample_03977.pdf,0.0
sample_08393.pdf,0.0
sample_15482.pdf,0.99994646207697
sample_15088.pdf,0.9999019202130406
sample_10479.pdf,0.99994646207697
sample_09835.pdf,0.99994646207697
sample_11132.pdf,0.99994646207697
sample_17257.pdf,0.99994646207697
sample_07329.pdf,0.0
sample_18867.pdf,0.99994646207697
sample_00236.pdf,0.03195833333333333
sample_11412.pdf,0.99994646207697
sample_13151.pdf,0.99994646207697
sample_14765.pdf,0.99994646207697
sample_09113.pdf,0.0025
sample_03029.pdf,0.0
sample_11276.pdf,0.99994646207697
sample_13560.pdf,0.99994646207697
sample_05085.pdf,0.0
sample_08010.pdf,0.0
sample_01078.pdf,0.0025
sample_07584.pdf,0.0
sample_14741.pdf,0.9999271317969104
sample_09517.pdf,0.999954019072259
sample_17221.pdf,0.99994646207697
sample_04233.pdf,0.0025
sample_14890.pdf,1.0
sample_03305.pdf,0.0
sample_07429.pdf,0.0
sample_07538.pdf,0.0
sample_08857.pdf,0.05508333333333332
sample_15966.pdf,0.99994646207697
sample_03684.pdf,0.0
sample_13449.pdf,0.99994646207697
sample_06019.pdf,0.0
sample_16942.pdf,0.99994646207697
sample_03713.pdf,0.0
sample_10255.pdf,0.9952662432596644
sample_16656.pdf,0.9999271317969104
sample_07556.pdf,0.0016666666666666666
sample_07495.pdf,0.0
sample_09408.pdf,0.99994646207697
sample_00413.pdf,0.0
sample_16547.pdf,0.99994646207697
sample_13598.pdf,0.999954019072259
sample_19292.pdf,0.9999271317969104
sample_04136.pdf,0.0
sample_07687.pdf,0.00375
sample_19008.pdf,0.99994646207697
sample_11559.pdf,0.8850833333333334
sample_18813.pdf,0.99994646207697
sample_09627.pdf,0.9999019202130406
sample_08011.pdf,0.0
sample_06715.pdf,0.0
sample_00629.pdf,0.0025
sample_14672.pdf,0.99994646207697
sample_10775.pdf,0.99994646207697
sample_18485.pdf,0.99994646207697
sample_13389.pdf,0.9366114718614719
sample_08471.pdf,0.09757827102803737
sample_10886.pdf,0.99994646207697
sample_03330.pdf,0.005357142857142857
sample_02323.pdf,0.0
sample_09746.pdf,0.99994646207697
sample_01758.pdf,0.0
sample_14115.pdf,0.9999271317969104
sample_01656.pdf,0.04533333333333333
sample_02404.pdf,0.0016666666666666666
sample_14471.pdf,0.99994646207697
sample_13171.pdf,1.0
sample_10543.pdf,0.99994646207697
sample_04493.pdf,0.03898809523809524
sample_17891.pdf,0.99994646207697
sample_04359.pdf,0.0
sample_05296.pdf,0.0
sample_10759.pdf,0.99994646207697
sample_05057.pdf,0.0
sample_05676.pdf,0.0
sample_06237.pdf,0.017833333333333333
sample_00952.pdf,0.0025
sample_07981.pdf,0.0
sample_07657.pdf,0.0025
sample_18246.pdf,0.99994646207697
sample_00914.pdf,0.0
sample_16708.pdf,0.7077150804972195
sample_09324.pdf,0.99994646207697
sample_06095.pdf,0.0
sample_05374.pdf,0.0
sample_04550.pdf,0.00125
sample_01798.pdf,0.02
sample_01532.pdf,0.0
sample_09053.pdf,0.0
sample_09282.pdf,0.0
sample_03431.pdf,0.003333333333333333
sample_17858.pdf,0.99994646207697
sample_17200.pdf,0.99994646207697
sample_02455.pdf,0.0
sample_10172.pdf,0.5413214285714285
sample_05980.pdf,0.015095238095238096
sample_02429.pdf,0.0
sample_13706.pdf,0.99994646207697
sample_13230.pdf,0.9999271317969104
sample_08003.pdf,0.0025
sample_11087.pdf,0.99994646207697
sample_11699.pdf,0.99994646207697
sample_10581.pdf,0.99994646207697
sample_10266.pdf,0.99994646207697
sample_14667.pdf,0.9999019202130406
sample_17925.pdf,1.0
sample_15285.pdf,0.99994646207697
sample_08227.pdf,0.0
sample_03381.pdf,0.08550083836351442
sample_16371.pdf,0.99994646207697
sample_12158.pdf,0.9893095238095239
sample_07893.pdf,0.0
sample_00233.pdf,0.0
sample_12797.pdf,0.99994646207697
sample_11152.pdf,0.99994646207697
sample_00955.pdf,0.0
sample_15971.pdf,0.99994646207697
sample_04810.pdf,0.06716666666666667
sample_11072.pdf,0.9999019202130406
sample_06541.pdf,0.0
sample_12583.pdf,0.99994646207697
sample_15617.pdf,0.99994646207697
sample_05451.pdf,0.0
sample_00312.pdf,0.0025
sample_09921.pdf,0.99994646207697
sample_18006.pdf,0.9999019202130406
sample_14677.pdf,0.99994646207697
sample_05691.pdf,0.0
sample_06645.pdf,0.0
sample_18729.pdf,0.99994646207697
sample_18726.pdf,0.99994646207697
sample_08420.pdf,0.0
sample_04266.pdf,0.0
sample_06778.pdf,0.04597619047619048
sample_19071.pdf,0.99994646207697
sample_01909.pdf,0.0
sample_11141.pdf,0.99994646207697
sample_04495.pdf,0.0
sample_04226.pdf,0.0
sample_09978.pdf,0.99994646207697
sample_04108.pdf,0.0
sample_00826.pdf,0.005
sample_16988.pdf,0.9869662399810403
sample_05967.pdf,0.0
sample_14613.pdf,0.9999271317969104
sample_01997.pdf,0.0
sample_03087.pdf,0.006
sample_02839.pdf,0.0
sample_18793.pdf,0.99994646207697
sample_09532.pdf,0.99994646207697
sample_07562.pdf,0.0
sample_17260.pdf,0.9226547619047619
sample_06639.pdf,0.0
sample_19014.pdf,0.9999019202130406
sample_11408.pdf,0.99994646207697
sample_05955.pdf,0.019905600268276324
sample_17488.pdf,0.9999271317969104
sample_00022.pdf,0.0
sample_14790.pdf,0.99994646207697
sample_04390.pdf,0.0
sample_08165.pdf,0.0
sample_12237.pdf,0.9999019202130406
sample_17160.pdf,0.99994646207697
sample_13566.pdf,0.99994646207697
sample_02605.pdf,0.0
sample_03745.pdf,0.0
sample_12199.pdf,0.99994646207697
sample_01647.pdf,0.0
sample_13410.pdf,0.99994646207697
sample_06314.pdf,0.0
sample_13358.pdf,0.99994646207697
sample_14938.pdf,0.99994646207697
sample_08071.pdf,0.0
sample_06472.pdf,0.004916666666666667
sample_06360.pdf,0.0
sample_11508.pdf,0.99994646207697
sample_08496.pdf,0.004833333333333334
sample_07113.pdf,0.005
sample_03041.pdf,0.0
sample_06013.pdf,0.0
sample_15635.pdf,0.99994646207697
sample_00607.pdf,0.0
sample_11762.pdf,0.99994646207697
sample_17988.pdf,0.9999271317969104
sample_11768.pdf,1.0
sample_15022.pdf,0.9999271317969104
sample_04847.pdf,0.0
sample_13156.pdf,1.0
sample_14044.pdf,0.9999019202130406
sample_05619.pdf,0.0016666666666666666
sample_13973.pdf,1.0
sample_03094.pdf,0.0
sample_18669.pdf,1.0
sample_00646.pdf,0.03316666666666667
sample_04452.pdf,0.0
sample_12603.pdf,0.99994646207697
sample_04444.pdf,0.0
sample_10014.pdf,0.9999019202130406
sample_14089.pdf,0.99994646207697
sample_18152.pdf,0.9966486724134727
sample_19252.pdf,0.9999271317969104
sample_13373.pdf,0.99994646207697
sample_01267.pdf,0.0
sample_12304.pdf,0.99994646207697
sample_12481.pdf,0.99994646207697
sample_14688.pdf,0.99994646207697
sample_07688.pdf,0.0
sample_02140.pdf,0.0
sample_18293.pdf,0.99994646207697
sample_12986.pdf,0.99994646207697
sample_13692.pdf,0.23345634920634925
sample_15701.pdf,0.99994646207697
sample_03452.pdf,0.0
sample_06132.pdf,0.0
sample_07832.pdf,0.0
sample_10449.pdf,0.99994646207697
sample_11483.pdf,0.99994646207697
sample_10591.pdf,0.99994646207697
sample_14163.pdf,0.99994646207697
sample_05700.pdf,0.0
sample_05030.pdf,0.029992458521870286
sample_04855.pdf,0.0
sample_15773.pdf,0.99994646207697
sample_13526.pdf,0.99994646207697
sample_19123.pdf,0.99994646207697
sample_01249.pdf,0.0
sample_06810.pdf,0.09389069264069264
sample_04840.pdf,0.0
sample_14335.pdf,0.999954019072259
sample_05032.pdf,0.0
sample_07777.pdf,0.0
sample_13741.pdf,0.6728492063492065
sample_00761.pdf,0.0
sample_12389.pdf,0.99994646207697
sample_03636.pdf,0.0
sample_16291.pdf,0.9984735559138914
sample_00934.pdf,0.0
sample_01192.pdf,0.0
sample_12504.pdf,0.99994646207697
sample_10908.pdf,0.99994646207697
sample_14082.pdf,0.99994646207697
sample_17038.pdf,0.9424880952380954
sample_16297.pdf,0.99994646207697
sample_11885.pdf,0.9999019202130406
sample_02554.pdf,0.0
sample_06808.pdf,0.0
sample_07295.pdf,0.0016666666666666666
sample_13003.pdf,0.9999271317969104
sample_07996.pdf,0.0
sample_06017.pdf,0.0
sample_15197.pdf,0.9709583333333334
sample_17532.pdf,0.99994646207697
sample_17174.pdf,0.9983333333333333
sample_02980.pdf,0.0
sample_16394.pdf,0.99994646207697
sample_09064.pdf,0.025222222222222222
sample_10685.pdf,0.99994646207697
sample_01842.pdf,0.0
sample_17771.pdf,0.99994646207697
sample_16443.pdf,0.999954019072259
sample_14208.pdf,0.99994646207697
sample_02840.pdf,0.005
sample_10386.pdf,0.99994646207697
sample_18652.pdf,0.99994646207697
sample_12127.pdf,0.99994646207697
sample_04805.pdf,0.0
sample_14685.pdf,0.99994646207697
sample_08136.pdf,0.006857142857142857
sample_03739.pdf,0.003
sample_08715.pdf,0.0
sample_03202.pdf,0.0
sample_11026.pdf,0.99994646207697
sample_03770.pdf,0.0
sample_16486.pdf,0.99994646207697
sample_01178.pdf,0.0
sample_12214.pdf,0.99994646207697
sample_11516.pdf,0.9999019202130406
sample_15490.pdf,0.99994646207697
sample_01577.pdf,0.0
sample_13574.pdf,0.99994646207697
sample_05768.pdf,0.0
sample_01855.pdf,0.0
sample_15440.pdf,0.99994646207697
sample_04883.pdf,0.0
sample_11510.pdf,0.9999019202130406
sample_08727.pdf,0.0
sample_17932.pdf,0.99994646207697
sample_14188.pdf,0.99994646207697
sample_13666.pdf,0.99994646207697
sample_09121.pdf,0.0
sample_06270.pdf,0.0
sample_13249.pdf,0.99994646207697
sample_14638.pdf,0.9999271317969104
sample_08912.pdf,0.0
sample_16717.pdf,0.99994646207697
sample_09389.pdf,0.99994646207697
sample_14395.pdf,0.9999271317969104
sample_17012.pdf,0.9999271317969104
sample_12398.pdf,0.99994646207697
sample_18361.pdf,0.99994646207697
sample_06485.pdf,0.0
sample_08292.pdf,0.003
sample_00710.pdf,0.0
sample_15852.pdf,1.0
sample_13596.pdf,0.99994646207697
sample_11902.pdf,0.99994646207697
sample_11119.pdf,0.3987518037518037
sample_03869.pdf,0.0
sample_07391.pdf,0.0
sample_09744.pdf,0.99994646207697
sample_12186.pdf,0.9999271317969104
sample_07966.pdf,0.0
sample_04445.pdf,0.004166666666666667
sample_11129.pdf,0.99994646207697
sample_18668.pdf,0.9941666666666668
sample_14425.pdf,0.99994646207697
sample_17208.pdf,0.99994646207697
sample_16872.pdf,0.99994646207697
sample_15401.pdf,0.99994646207697
sample_01578.pdf,0.0
sample_00138.pdf,0.0
sample_07490.pdf,0.007428571428571428
sample_12339.pdf,0.99994646207697
sample_12748.pdf,1.0
sample_11866.pdf,0.99994646207697
sample_13814.pdf,0.99994646207697
sample_10811.pdf,0.99994646207697
sample_13914.pdf,0.9999271317969104
sample_00404.pdf,0.021333333333333333
sample_05990.pdf,0.0
sample_06016.pdf,0.03238095238095238
sample_12029.pdf,0.99994646207697
sample_08328.pdf,0.00375
sample_09923.pdf,0.9999271317969104
sample_00921.pdf,0.0
sample_08657.pdf,0.0
sample_12570.pdf,0.9999019202130406
sample_01981.pdf,0.0
sample_06768.pdf,0.0025
sample_00261.pdf,0.0
sample_04070.pdf,0.010595238095238095
sample_15254.pdf,0.99994646207697
sample_04674.pdf,0.0
sample_09645.pdf,0.99994646207697
sample_16488.pdf,0.99994646207697
sample_17560.pdf,0.99994646207697
sample_10848.pdf,0.99994646207697
sample_16198.pdf,0.99994646207697
sample_13351.pdf,0.99994646207697
sample_05473.pdf,0.0
sample_08755.pdf,0.0
sample_18549.pdf,0.99994646207697
sample_07882.pdf,0.0
sample_07709.pdf,0.0
sample_01230.pdf,0.0
sample_14220.pdf,0.99994646207697
sample_07409.pdf,0.0
sample_18125.pdf,0.99994646207697
sample_08960.pdf,0.0
sample_10043.pdf,0.9999271317969104
sample_06864.pdf,0.0
sample_03763.pdf,0.0
sample_12647.pdf,0.9976486724134728
sample_00014.pdf,0.0
sample_15002.pdf,0.99994646207697
sample_04397.pdf,0.0
sample_02833.pdf,0.00625
sample_05520.pdf,0.0
sample_06574.pdf,0.03893452380952381
sample_03109.pdf,0.0
sample_06777.pdf,0.0
sample_18903.pdf,0.99994646207697
sample_02449.pdf,0.003839285714285714
sample_02383.pdf,0.0016666666666666666
sample_11923.pdf,0.99994646207697
sample_11128.pdf,0.99994646207697
sample_00330.pdf,0.0
sample_15563.pdf,0.99994646207697
sample_17550.pdf,0.99994646207697
sample_08261.pdf,0.03816666666666666
sample_16820.pdf,0.99994646207697
sample_05349.pdf,0.0025
sample_06603.pdf,0.0
sample_11098.pdf,0.99994646207697
sample_16987.pdf,0.99994646207697
sample_14490.pdf,0.99994646207697
sample_15076.pdf,0.99994646207697
sample_02422.pdf,0.0
sample_06354.pdf,0.0
sample_01317.pdf,0.0
sample_05566.pdf,0.07940476190476191
sample_17468.pdf,0.9999271317969104
sample_14073.pdf,0.99994646207697
sample_10975.pdf,0.99994646207697
sample_17055.pdf,1.0
sample_07312.pdf,0.003333333333333333
sample_16742.pdf,0.99994646207697
sample_02864.pdf,0.00375
sample_13664.pdf,0.99994646207697
sample_06542.pdf,0.07188095238095238
sample_06167.pdf,0.003928571428571429
sample_11874.pdf,0.99994646207697
sample_04580.pdf,0.0
sample_12891.pdf,0.99994646207697
sample_12981.pdf,0.99994646207697
sample_02507.pdf,0.0
sample_10028.pdf,0.99994646207697
sample_16934.pdf,0.9978787878787878
sample_00006.pdf,0.0
sample_05316.pdf,0.0
sample_17792.pdf,0.99994646207697
sample_04063.pdf,0.003333333333333333
sample_04812.pdf,0.0
sample_10008.pdf,0.9999019202130406
sample_07398.pdf,0.0
sample_12446.pdf,0.99994646207697
sample_11616.pdf,0.99994646207697
sample_17382.pdf,0.99994646207697
sample_18059.pdf,0.99994646207697
sample_04312.pdf,0.003
sample_17965.pdf,0.99994646207697
sample_08975.pdf,0.0
sample_04168.pdf,0.003333333333333333
sample_10038.pdf,0.999954019072259
sample_19237.pdf,0.99994646207697
sample_17827.pdf,0.99994646207697
sample_13639.pdf,0.99994646207697
sample_18216.pdf,1.0
sample_12260.pdf,0.999954019072259
sample_05478.pdf,0.005
sample_17615.pdf,0.99994646207697
sample_08988.pdf,0.0
sample_02181.pdf,0.0055000000000000005
sample_16158.pdf,0.99994646207697
sample_14986.pdf,0.9999019202130406
sample_15390.pdf,0.99994646207697
sample_18628.pdf,0.9915800990957321
sample_11726.pdf,0.9999271317969104
sample_00985.pdf,0.0
sample_00981.pdf,0.029345238095238098
sample_07420.pdf,0.0
sample_11313.pdf,0.9954999999999999
sample_13316.pdf,0.99994646207697
sample_12442.pdf,0.999954019072259
sample_16549.pdf,0.9999019202130406
sample_16469.pdf,0.99994646207697
sample_09756.pdf,0.99994646207697
sample_05179.pdf,0.0
sample_13627.pdf,0.9999271317969104
sample_12704.pdf,0.99994646207697
sample_18123.pdf,0.99994646207697
sample_07100.pdf,0.0
sample_03073.pdf,0.0
sample_01772.pdf,0.32122851966873706
sample_12465.pdf,0.9999271317969104
sample_18113.pdf,0.99994646207697
sample_08425.pdf,0.0
sample_14039.pdf,0.99994646207697
sample_03447.pdf,0.003333333333333333
sample_11400.pdf,0.99994646207697
sample_00216.pdf,0.0
sample_18040.pdf,0.99994646207697
sample_19119.pdf,0.99994646207697
sample_11890.pdf,0.99994646207697
sample_14383.pdf,0.9999271317969104
sample_08701.pdf,0.035761904761904766
sample_16045.pdf,0.9861904761904764
sample_08302.pdf,0.012624999999999999
sample_18437.pdf,0.99994646207697
sample_01356.pdf,0.0
sample_16343.pdf,0.99994646207697
sample_11515.pdf,0.99994646207697
sample_11258.pdf,0.99994646207697
sample_06831.pdf,0.0
sample_08305.pdf,0.0
sample_14406.pdf,0.9999271317969104
sample_10120.pdf,0.99994646207697
sample_08836.pdf,0.0
sample_03624.pdf,0.0
sample_15908.pdf,0.99994646207697
sample_11344.pdf,0.99994646207697
sample_05972.pdf,0.03022222222222222
sample_07411.pdf,0.0
sample_14245.pdf,0.999954019072259
sample_01864.pdf,0.10447619047619047
sample_17358.pdf,0.99994646207697
sample_09484.pdf,0.9999271317969104
sample_15823.pdf,0.99994646207697
sample_12381.pdf,0.99994646207697
sample_06942.pdf,0.0
sample_11582.pdf,0.9999271317969104
sample_01463.pdf,0.0
sample_10724.pdf,0.99994646207697
sample_11509.pdf,0.9976486724134728
sample_05438.pdf,0.0
sample_11001.pdf,0.99994646207697
sample_17475.pdf,0.99994646207697
sample_03720.pdf,0.0025
sample_13054.pdf,0.99994646207697
sample_00750.pdf,0.0
sample_14191.pdf,0.9983333333333333
sample_01233.pdf,0.0007142857142857143
sample_13195.pdf,0.99994646207697
sample_08728.pdf,0.005714285714285714
sample_11085.pdf,0.99994646207697
sample_16976.pdf,0.99994646207697
sample_05054.pdf,0.0
sample_12912.pdf,0.9999019202130406
sample_03441.pdf,0.00375
sample_03357.pdf,0.0025
sample_03736.pdf,0.0
sample_14464.pdf,0.99994646207697
sample_08906.pdf,0.0
sample_01876.pdf,0.0
sample_13385.pdf,0.9999019202130406
sample_09364.pdf,0.9999271317969104
sample_08401.pdf,0.0
sample_01839.pdf,0.0
sample_05589.pdf,0.0
sample_01592.pdf,0.0
sample_18328.pdf,0.9914166666666665
sample_14990.pdf,0.99994646207697
sample_02121.pdf,0.0
sample_14243.pdf,0.9974530385326617
sample_17354.pdf,0.99994646207697
sample_00245.pdf,0.0
sample_15212.pdf,0.99994646207697
sample_15326.pdf,0.999954019072259
sample_07127.pdf,0.0
sample_10063.pdf,0.99994646207697
sample_17665.pdf,0.99994646207697
sample_17800.pdf,0.998125
sample_05753.pdf,0.0
sample_09656.pdf,0.9999271317969104
sample_04896.pdf,0.0
sample_14420.pdf,0.99994646207697
sample_00207.pdf,0.001
sample_10162.pdf,0.99994646207697
sample_15063.pdf,0.9994444444444445
sample_07058.pdf,0.03475
sample_07130.pdf,0.0
sample_01526.pdf,0.0
sample_07674.pdf,0.006
sample_13483.pdf,0.9999271317969104
sample_01441.pdf,0.0
sample_16339.pdf,0.99994646207697
sample_08159.pdf,0.0
sample_15333.pdf,0.99994646207697
sample_10086.pdf,0.99994646207697
sample_00885.pdf,0.0
sample_10958.pdf,0.99994646207697
sample_02157.pdf,0.001
sample_10711.pdf,0.99994646207697
sample_13022.pdf,0.9999271317969104
sample_16316.pdf,0.99994646207697
sample_01496.pdf,0.0
sample_09253.pdf,0.0025
sample_11181.pdf,0.99994646207697
sample_14737.pdf,0.99994646207697
sample_11496.pdf,0.99994646207697
sample_09214.pdf,0.0
sample_06173.pdf,0.005416666666666666
sample_03550.pdf,0.0
sample_14966.pdf,0.99994646207697
sample_12675.pdf,0.99994646207697
sample_09124.pdf,0.0
sample_10590.pdf,0.99994646207697
sample_18916.pdf,0.9999271317969104
sample_09730.pdf,0.99994646207697
sample_02515.pdf,0.0022916666666666667
sample_12480.pdf,0.99994646207697
sample_02117.pdf,0.0
sample_15470.pdf,0.9993333333333334
sample_18443.pdf,0.8897329812206572
sample_03231.pdf,0.0
sample_04548.pdf,0.0
sample_07588.pdf,0.003333333333333333
sample_19194.pdf,0.999954019072259
sample_03805.pdf,0.0
sample_04207.pdf,0.0
sample_05893.pdf,0.0
sample_10072.pdf,0.9975
sample_07285.pdf,0.0
sample_10454.pdf,0.99994646207697
sample_05873.pdf,0.0
sample_08818.pdf,0.0
sample_03180.pdf,0.0
sample_06025.pdf,0.0
sample_10689.pdf,0.9609662399810404
sample_08202.pdf,0.1843690476190476
sample_06289.pdf,0.0
sample_15548.pdf,0.99994646207697
sample_12919.pdf,0.99994646207697
sample_10348.pdf,0.9811329066477069
sample_17966.pdf,0.9986587410990766
sample_16570.pdf,0.99994646207697
sample_03677.pdf,0.0
sample_18896.pdf,0.9999019202130406
sample_02034.pdf,0.0
sample_11588.pdf,0.99994646207697
sample_16891.pdf,0.99994646207697
sample_18265.pdf,0.9999530385326616
sample_16075.pdf,0.98875
sample_17695.pdf,0.9999271317969104
sample_13386.pdf,0.9791517564813796
sample_12064.pdf,0.99994646207697
sample_17503.pdf,0.9999019202130406
sample_04264.pdf,0.0
sample_05944.pdf,0.07833333333333334
sample_17041.pdf,0.9999019202130406
sample_17164.pdf,0.99994646207697
sample_18155.pdf,0.99994646207697
sample_10576.pdf,0.9264444444444444
sample_10719.pdf,0.99994646207697
sample_04243.pdf,0.0
sample_12328.pdf,0.99994646207697
sample_04069.pdf,0.0
sample_07281.pdf,0.0
sample_05985.pdf,0.012777777777777777
sample_17559.pdf,1.0
sample_15631.pdf,0.99994646207697
sample_18407.pdf,0.8337916666666666
sample_02709.pdf,0.0
sample_07668.pdf,0.0
sample_18871.pdf,0.9999271317969104
sample_19173.pdf,0.99994646207697
sample_19287.pdf,0.9999271317969104
sample_04009.pdf,0.0
sample_10646.pdf,0.9976486724134728
sample_11091.pdf,0.9691517564813796
sample_04466.pdf,0.027773809523809527
sample_00489.pdf,0.0025
sample_14746.pdf,0.9999271317969104
sample_15230.pdf,0.99994646207697
sample_03331.pdf,0.0
sample_00075.pdf,0.0
sample_02110.pdf,0.0
sample_01844.pdf,0.0
sample_08952.pdf,0.0025
sample_05095.pdf,0.0
sample_03267.pdf,0.0
sample_18047.pdf,0.99994646207697
sample_17742.pdf,0.9489166666666669
sample_09284.pdf,0.0
sample_11394.pdf,0.9999271317969104
sample_05090.pdf,0.0016666666666666666
sample_10408.pdf,0.99994646207697
sample_16905.pdf,0.99994646207697
sample_06091.pdf,0.041416666666666664
sample_08293.pdf,0.0
sample_09013.pdf,0.0
sample_19019.pdf,0.9999271317969104
sample_10274.pdf,0.99994646207697
sample_02746.pdf,0.0025
sample_06036.pdf,0.0
sample_01793.pdf,0.0
sample_12806.pdf,0.9999019202130406
sample_00118.pdf,0.0025
sample_07699.pdf,0.010833333333333332
sample_15286.pdf,0.9999019202130406
sample_01705.pdf,0.0
sample_08265.pdf,0.0
sample_08649.pdf,0.003333333333333333
sample_10052.pdf,0.99994646207697
sample_16863.pdf,0.9999271317969104
sample_05006.pdf,0.0
sample_00493.pdf,0.0
sample_07373.pdf,0.0025
sample_16306.pdf,0.99994646207697
sample_02013.pdf,0.0
sample_02191.pdf,0.006166666666666667
sample_17057.pdf,0.99994646207697
sample_13938.pdf,0.773912668552469
sample_15242.pdf,0.99994646207697
sample_10672.pdf,0.99994646207697
sample_13824.pdf,0.99994646207697
sample_15629.pdf,0.7304781746031747
sample_03562.pdf,0.0
sample_13253.pdf,0.99994646207697
sample_15851.pdf,0.9966666666666667
sample_19033.pdf,0.99994646207697
sample_11648.pdf,0.99994646207697
sample_07784.pdf,0.05163570691434469
sample_02502.pdf,0.0
sample_14817.pdf,0.99994646207697
sample_06528.pdf,0.0025
sample_16360.pdf,0.99994646207697
sample_17835.pdf,0.9999271317969104
sample_09286.pdf,0.0025
sample_10582.pdf,0.99994646207697
sample_10415.pdf,0.9999019202130406
sample_04637.pdf,0.00375
sample_07767.pdf,0.0
sample_19207.pdf,0.99994646207697
sample_03761.pdf,0.002
sample_14448.pdf,0.9999271317969104
sample_09827.pdf,0.9999019202130406
sample_18151.pdf,0.99994646207697
sample_06279.pdf,0.0
sample_15423.pdf,0.99994646207697
sample_04977.pdf,0.0
sample_03491.pdf,0.0
sample_03884.pdf,0.0
sample_10529.pdf,0.99994646207697
sample_13214.pdf,0.1840871212121212
sample_12961.pdf,0.99994646207697
sample_14681.pdf,1.0
sample_17533.pdf,0.9999271317969104
sample_19098.pdf,0.99994646207697
sample_01688.pdf,0.0
sample_03697.pdf,0.0
sample_14596.pdf,0.99994646207697
sample_16051.pdf,0.99994646207697
sample_09970.pdf,0.9976486724134728
sample_18282.pdf,0.99994646207697
sample_12336.pdf,0.9999603542884686
sample_13789.pdf,0.99994646207697
sample_02350.pdf,0.0035714285714285713
sample_05421.pdf,0.0
sample_16116.pdf,0.9999019202130406
sample_02939.pdf,0.0
sample_06097.pdf,0.0
sample_09754.pdf,1.0
sample_02899.pdf,0.0025
sample_01824.pdf,0.018666666666666665
sample_17421.pdf,0.999954019072259
sample_14995.pdf,0.99994646207697
sample_15822.pdf,0.9999019202130406
sample_15171.pdf,0.99994646207697
sample_06414.pdf,0.018583333333333334
sample_18767.pdf,0.99994646207697
sample_11204.pdf,0.99994646207697
sample_03730.pdf,0.00125
sample_03243.pdf,0.0
sample_09717.pdf,0.99994646207697
sample_12527.pdf,0.9999019202130406
sample_17446.pdf,0.929
sample_14889.pdf,0.99994646207697
sample_13811.pdf,0.99994646207697
sample_02640.pdf,0.005
sample_12378.pdf,0.9999271317969104
sample_00620.pdf,0.0
sample_01343.pdf,0.0
sample_18272.pdf,0.99994646207697
sample_08155.pdf,0.0
sample_00078.pdf,0.005
sample_10792.pdf,0.99994646207697
sample_13868.pdf,0.99994646207697
sample_06668.pdf,0.0
sample_03960.pdf,0.0
sample_07060.pdf,0.0
sample_19015.pdf,0.99994646207697
sample_06771.pdf,0.0
sample_12958.pdf,0.99994646207697
sample_07963.pdf,0.0
sample_01829.pdf,0.0
sample_09477.pdf,0.9976486724134728
sample_14108.pdf,0.999954019072259
sample_04239.pdf,0.21776785714285712
sample_13035.pdf,0.99994646207697
sample_12099.pdf,0.99994646207697
sample_16964.pdf,0.99994646207697
sample_09593.pdf,0.9310654761904763
sample_04022.pdf,0.0
sample_07578.pdf,0.0
sample_04062.pdf,0.0016666666666666666
sample_02369.pdf,0.0
sample_04796.pdf,0.0016666666666666666
sample_18224.pdf,0.99994646207697
sample_02138.pdf,0.00375
sample_18342.pdf,0.99994646207697
sample_11048.pdf,0.99994646207697
sample_10969.pdf,0.99994646207697
sample_03420.pdf,0.05658333333333333
sample_08763.pdf,0.0
sample_13704.pdf,1.0
sample_18738.pdf,0.99994646207697
sample_15339.pdf,0.29697619047619045
sample_04888.pdf,0.0
sample_14382.pdf,0.8433690476190476
sample_14094.pdf,1.0
sample_08192.pdf,0.0
sample_01811.pdf,0.0034999999999999996
sample_11162.pdf,0.99994646207697
sample_13839.pdf,1.0
sample_15038.pdf,0.99994646207697
sample_12696.pdf,1.0
sample_05896.pdf,0.00125
sample_07859.pdf,0.0
sample_13562.pdf,0.99994646207697
sample_00969.pdf,0.01
sample_17511.pdf,0.99994646207697
sample_03068.pdf,0.0
sample_07450.pdf,0.0
sample_05491.pdf,0.0
sample_02503.pdf,0.07972258297258296
sample_02720.pdf,0.00375
sample_01970.pdf,0.00375
sample_08570.pdf,0.0
sample_00824.pdf,0.0
sample_13210.pdf,0.99994646207697
sample_14156.pdf,0.9999019202130406
sample_19230.pdf,0.99994646207697
sample_01308.pdf,0.0
sample_17428.pdf,0.99994646207697
sample_12678.pdf,0.5889711494645706
sample_06599.pdf,0.010916666666666668
sample_13618.pdf,0.99994646207697
sample_17136.pdf,0.99994646207697
sample_09837.pdf,0.9953787878787879
sample_17563.pdf,0.99994646207697
sample_14127.pdf,0.99994646207697
sample_08572.pdf,0.03325
sample_16866.pdf,0.99994646207697
sample_13016.pdf,0.99994646207697
sample_05204.pdf,0.0016666666666666666
sample_02542.pdf,0.0
sample_03889.pdf,0.023238095238095235
sample_12334.pdf,0.99994646207697
sample_15638.pdf,0.99994646207697
sample_08051.pdf,0.0
sample_04525.pdf,0.0
sample_18862.pdf,0.99994646207697
sample_09405.pdf,0.9999019202130406
sample_16493.pdf,0.9999019202130406
sample_08637.pdf,0.0
sample_05806.pdf,0.003333333333333333
sample_15819.pdf,0.999954019072259
sample_17841.pdf,0.99994646207697
sample_18257.pdf,0.99994646207697
sample_06617.pdf,0.0025
sample_06925.pdf,0.004991539763113367
sample_02558.pdf,0.0025
sample_07997.pdf,0.0
sample_02633.pdf,0.004
sample_18471.pdf,0.9999271317969104
sample_16277.pdf,0.99994646207697
sample_12431.pdf,0.99994646207697
sample_05807.pdf,0.0
sample_04494.pdf,0.0
sample_00286.pdf,0.00125
sample_09003.pdf,0.0
sample_05257.pdf,0.01
sample_14241.pdf,0.99994646207697
sample_10943.pdf,0.9999019202130406
sample_13378.pdf,0.9999271317969104
sample_13479.pdf,0.9999511915510526
sample_02809.pdf,0.0
sample_04131.pdf,0.0
sample_11023.pdf,0.99994646207697
sample_13985.pdf,0.99994646207697
sample_09886.pdf,0.99994646207697
sample_14290.pdf,0.99994646207697
sample_05561.pdf,0.0
sample_05570.pdf,0.0
sample_07971.pdf,0.0
sample_08341.pdf,0.061720238095238106
sample_06893.pdf,0.0
sample_00410.pdf,0.0
sample_07044.pdf,0.0
sample_15410.pdf,0.99994646207697
sample_19184.pdf,0.99994646207697
sample_08123.pdf,0.03339285714285714
sample_17593.pdf,0.99994646207697
sample_00815.pdf,0.0
sample_16473.pdf,0.99994646207697
sample_11919.pdf,0.99994646207697
sample_18491.pdf,0.99994646207697
sample_02357.pdf,0.0016666666666666666
sample_03798.pdf,0.0
sample_08962.pdf,0.0
sample_05952.pdf,0.02407467532467533
sample_03757.pdf,0.0
sample_14136.pdf,0.99994646207697
sample_10501.pdf,0.9999271317969104
sample_16537.pdf,0.99994646207697
sample_05860.pdf,0.0245
sample_07159.pdf,0.0
sample_04496.pdf,0.0
sample_11270.pdf,1.0
sample_02666.pdf,0.0
sample_03599.pdf,0.0075
sample_15933.pdf,0.9999271317969104
sample_01366.pdf,0.0
sample_11962.pdf,0.9333180708180708
sample_15716.pdf,0.9999271317969104
sample_04346.pdf,0.0
sample_15991.pdf,0.9999271317969104
sample_19067.pdf,0.99994646207697
sample_01888.pdf,0.00375
sample_10066.pdf,0.99994646207697
sample_11873.pdf,0.99994646207697
sample_04290.pdf,0.2688412698412699
sample_18634.pdf,0.99994646207697
sample_14260.pdf,1.0
sample_14322.pdf,0.99994646207697
sample_06478.pdf,0.00375
sample_08812.pdf,0.0
sample_08841.pdf,0.0
sample_01215.pdf,0.0
sample_02745.pdf,0.0
sample_01348.pdf,0.0
sample_16485.pdf,0.99994646207697
sample_16173.pdf,0.99994646207697
sample_10453.pdf,0.9999019202130406
sample_08580.pdf,0.0
sample_03610.pdf,0.003333333333333333
sample_16608.pdf,0.4342261904761905
sample_09252.pdf,0.0
sample_05727.pdf,0.0
sample_18455.pdf,0.99994646207697
sample_12697.pdf,0.999954019072259
sample_04298.pdf,0.028041666666666666
sample_17409.pdf,0.99994646207697
sample_14792.pdf,0.99994646207697
sample_12066.pdf,0.99994646207697
sample_17941.pdf,0.99994646207697
sample_07715.pdf,0.0
sample_08195.pdf,0.0016666666666666666
sample_15553.pdf,0.99994646207697
sample_16109.pdf,0.99994646207697
sample_09278.pdf,0.0
sample_14587.pdf,0.99994646207697
sample_16718.pdf,0.99994646207697
sample_16986.pdf,0.99994646207697
sample_00776.pdf,0.0
sample_17595.pdf,0.99994646207697
sample_07165.pdf,0.0
sample_07565.pdf,0.01
sample_02712.pdf,0.037857981220657276
sample_01799.pdf,0.0
sample_07005.pdf,0.0
sample_18595.pdf,0.99994646207697
sample_11964.pdf,0.9435714285714286
sample_18898.pdf,0.99994646207697
sample_15709.pdf,0.99994646207697
sample_09478.pdf,0.9923333333333335
sample_15335.pdf,0.99994646207697
sample_08416.pdf,0.009999999999999998
sample_18619.pdf,0.9999271317969104
sample_15057.pdf,0.99994646207697
sample_13717.pdf,0.99994646207697
sample_17461.pdf,0.99994646207697
sample_18463.pdf,0.99994646207697
sample_07080.pdf,0.0
sample_03395.pdf,0.004166666666666667
sample_19023.pdf,0.99994646207697
sample_10414.pdf,0.99994646207697
sample_14443.pdf,0.99994646207697
sample_07116.pdf,0.028208333333333332
sample_18466.pdf,0.99994646207697
sample_07141.pdf,0.0
sample_12098.pdf,0.99994646207697
sample_12320.pdf,0.99994646207697
sample_16064.pdf,0.9976486724134728
sample_00339.pdf,0.0
sample_05250.pdf,0.0
sample_06545.pdf,0.0
sample_08839.pdf,0.18508333333333332
sample_14293.pdf,0.99994646207697
sample_09024.pdf,0.0
sample_18086.pdf,0.99994646207697
sample_10396.pdf,0.99994646207697
sample_06732.pdf,0.0016666666666666666
sample_12832.pdf,0.9999019202130406
sample_18878.pdf,0.7491283341658338
sample_09525.pdf,0.99994646207697
sample_17990.pdf,0.99994646207697
sample_11269.pdf,0.9993333333333334
sample_00515.pdf,0.0
sample_10944.pdf,0.99994646207697
sample_06679.pdf,0.0
sample_16237.pdf,0.99994646207697
sample_07990.pdf,0.0
sample_14691.pdf,1.0
sample_10422.pdf,0.99994646207697
sample_11987.pdf,0.9999271317969104
sample_10486.pdf,0.9999271317969104
sample_01932.pdf,0.0
sample_08226.pdf,0.0
sample_05798.pdf,0.0
sample_01764.pdf,0.0016666666666666666
sample_08705.pdf,0.450095238095238
sample_01608.pdf,0.0
sample_09553.pdf,0.99994646207697
sample_17541.pdf,0.9999271317969104
sample_09680.pdf,0.9316428571428572
sample_00770.pdf,0.00125
sample_04456.pdf,0.011404761904761904
sample_07507.pdf,0.0
sample_10596.pdf,0.99994646207697
sample_00581.pdf,0.0
sample_12499.pdf,0.99994646207697
sample_07102.pdf,0.23701388888888886
sample_12362.pdf,0.9999271317969104
sample_04362.pdf,0.0
sample_01896.pdf,0.0
sample_16912.pdf,0.99994646207697
sample_04045.pdf,0.07145833333333335
sample_11713.pdf,0.9999019202130406
sample_13252.pdf,0.9983333333333333
sample_12839.pdf,0.99994646207697
sample_03454.pdf,0.0
sample_02791.pdf,0.0
sample_15662.pdf,0.99994646207697
sample_10496.pdf,0.99994646207697
sample_12091.pdf,0.99994646207697
sample_14251.pdf,0.99994646207697
sample_15789.pdf,0.99994646207697
sample_12714.pdf,0.99994646207697
sample_11007.pdf,0.99994646207697
sample_12785.pdf,0.99994646207697
sample_03603.pdf,0.07849290185557792
sample_12190.pdf,1.0
sample_02426.pdf,0.0
sample_02737.pdf,0.007083333333333334
sample_04816.pdf,0.0
sample_01287.pdf,0.0
sample_03178.pdf,0.0
sample_14606.pdf,0.9999511915510526
sample_15547.pdf,0.9179107142857142
sample_11531.pdf,0.9879033222731007
sample_18048.pdf,0.99994646207697
sample_13621.pdf,0.99994646207697
sample_06369.pdf,0.09016666666666667
sample_05135.pdf,0.0
sample_06073.pdf,0.04975
sample_04689.pdf,0.005714285714285714
sample_02552.pdf,0.22650000000000003
sample_11320.pdf,0.9999019202130406
sample_12120.pdf,0.8323948114096118
sample_17141.pdf,0.910345843627551
sample_01853.pdf,0.0
sample_18955.pdf,0.999954019072259
sample_04159.pdf,0.028708333333333336
sample_15805.pdf,0.45817857142857144
sample_14516.pdf,0.99994646207697
sample_09452.pdf,0.9999271317969104
sample_08158.pdf,0.0
sample_05106.pdf,0.01839285714285714
sample_12052.pdf,0.99994646207697
sample_06733.pdf,0.00125
sample_00342.pdf,0.0025
sample_18954.pdf,0.8813114008435399
sample_01051.pdf,0.0025
sample_11537.pdf,0.99994646207697
sample_03864.pdf,0.021392857142857144
sample_13874.pdf,0.99994646207697
sample_19296.pdf,0.99994646207697
sample_17236.pdf,0.99994646207697
sample_03749.pdf,0.0
sample_10339.pdf,0.99994646207697
sample_16739.pdf,0.99994646207697
sample_13781.pdf,0.9983333333333334
sample_11633.pdf,1.0
sample_16367.pdf,0.99994646207697
sample_05482.pdf,0.0
sample_18470.pdf,0.99994646207697
sample_05456.pdf,0.017559523809523806
sample_12726.pdf,0.99994646207697
sample_16310.pdf,0.99994646207697
sample_09042.pdf,0.0
sample_04703.pdf,0.0
sample_02337.pdf,0.0
sample_11328.pdf,0.99994646207697
sample_06336.pdf,0.0
sample_08147.pdf,0.0
sample_08759.pdf,0.0025
sample_07053.pdf,0.0
sample_05127.pdf,0.0
sample_15456.pdf,0.995
sample_08058.pdf,0.0
sample_12145.pdf,0.99994646207697
sample_08978.pdf,0.016666666666666666
sample_03234.pdf,0.0
sample_01525.pdf,0.0
sample_18537.pdf,0.99994646207697
sample_11326.pdf,0.99994646207697
sample_11984.pdf,0.99994646207697
sample_06589.pdf,0.0
sample_10980.pdf,0.99994646207697
sample_07763.pdf,0.01875
sample_02849.pdf,0.00375
sample_18057.pdf,0.99994646207697
sample_01762.pdf,0.0
sample_07405.pdf,0.0
sample_13134.pdf,0.9999271317969104
sample_10237.pdf,0.9999019202130406
sample_13481.pdf,1.0
sample_06455.pdf,0.0
sample_18296.pdf,1.0
sample_01582.pdf,0.0
sample_01597.pdf,0.0016666666666666666
sample_07831.pdf,0.0
sample_12163.pdf,0.9999019202130406
sample_05223.pdf,0.071875
sample_03588.pdf,0.0
sample_02637.pdf,0.0
sample_14165.pdf,0.99994646207697
sample_15641.pdf,0.99994646207697
sample_00771.pdf,0.0
sample_17992.pdf,0.99994646207697
sample_07652.pdf,0.0
sample_06263.pdf,0.17740674603174597
sample_17727.pdf,0.9765119047619045
sample_19069.pdf,0.99994646207697
sample_06960.pdf,0.003333333333333333
sample_14362.pdf,0.99994646207697
sample_11353.pdf,0.999954019072259
sample_08042.pdf,0.0
sample_15699.pdf,0.9486309523809523
sample_03336.pdf,0.0025
sample_02739.pdf,0.0
sample_14432.pdf,0.9999271317969104
sample_12644.pdf,0.99994646207697
sample_05722.pdf,0.0
sample_01387.pdf,0.006666666666666666
sample_05454.pdf,0.0
sample_02638.pdf,0.0
sample_12436.pdf,0.99994646207697
sample_05623.pdf,0.0
sample_01365.pdf,0.0026785714285714286
sample_03189.pdf,0.0
sample_04870.pdf,0.0
sample_03292.pdf,0.19457142857142862
sample_14350.pdf,0.9999019202130406
sample_07358.pdf,0.0
sample_18064.pdf,0.99994646207697
sample_14912.pdf,0.99994646207697
sample_13121.pdf,0.99994646207697
sample_08724.pdf,0.0
sample_10138.pdf,0.99994646207697
sample_15501.pdf,0.99994646207697
sample_08654.pdf,0.0
sample_04574.pdf,0.005
sample_04189.pdf,0.0
sample_03360.pdf,0.0025
sample_08972.pdf,0.0
sample_00237.pdf,0.0017499999999999998
sample_07850.pdf,0.0
sample_18232.pdf,0.99994646207697
sample_14863.pdf,0.99994646207697
sample_11460.pdf,1.0
sample_10707.pdf,0.999954019072259
sample_07821.pdf,0.022416666666666668
sample_18848.pdf,0.99994646207697
sample_14621.pdf,0.99994646207697
sample_06765.pdf,0.010416666666666668
sample_04890.pdf,0.0
sample_01994.pdf,0.0
sample_01390.pdf,0.0
sample_08954.pdf,0.0
sample_13055.pdf,0.99994646207697
sample_18141.pdf,0.99994646207697
sample_16418.pdf,0.99994646207697
sample_09037.pdf,0.0
sample_17869.pdf,0.99994646207697
sample_07512.pdf,0.0
sample_11918.pdf,0.99994646207697
sample_01568.pdf,0.02341666666666667
sample_19076.pdf,0.9942075702075702
sample_09418.pdf,0.99994646207697
sample_09650.pdf,0.999954019072259
sample_14880.pdf,0.99994646207697
sample_06807.pdf,0.0009090909090909091
sample_17222.pdf,0.9999019202130406
sample_00715.pdf,0.0
sample_03991.pdf,0.0
sample_10202.pdf,0.99994646207697
sample_04860.pdf,0.0
sample_11334.pdf,0.99994646207697
sample_13635.pdf,0.99994646207697
sample_00190.pdf,0.0
sample_01665.pdf,0.0
sample_05476.pdf,0.0
sample_12428.pdf,0.99994646207697
sample_12297.pdf,0.99994646207697
sample_03727.pdf,0.0
sample_12517.pdf,1.0
sample_12108.pdf,0.99994646207697
sample_13827.pdf,0.99994646207697
sample_04209.pdf,0.0
sample_15001.pdf,0.999954019072259
sample_06083.pdf,0.03208333333333333
sample_16424.pdf,0.9999271317969104
sample_02235.pdf,0.0
sample_10068.pdf,0.99994646207697
sample_15480.pdf,1.0
sample_05802.pdf,0.002
sample_00146.pdf,0.0
sample_18137.pdf,0.99994646207697
sample_04905.pdf,0.010714285714285714
sample_00056.pdf,0.0
sample_03250.pdf,0.0
sample_03374.pdf,0.0025
sample_11687.pdf,0.99994646207697
sample_06571.pdf,0.0
sample_10244.pdf,0.99994646207697
sample_10659.pdf,0.99994646207697
sample_12968.pdf,1.0
sample_15308.pdf,0.99994646207697
sample_09321.pdf,0.99994646207697
sample_01008.pdf,0.0
sample_18365.pdf,0.99994646207697
sample_10403.pdf,0.99994646207697
sample_17092.pdf,0.99994646207697
sample_16805.pdf,1.0
sample_04749.pdf,0.0
sample_18262.pdf,0.99994646207697
sample_17155.pdf,1.0
sample_07241.pdf,0.0
sample_16241.pdf,0.99994646207697
sample_10682.pdf,0.9999271317969104
sample_10769.pdf,0.99994646207697
sample_08297.pdf,0.0
sample_00893.pdf,0.014750000000000001
sample_18900.pdf,0.99994646207697
sample_11888.pdf,0.99994646207697
sample_12179.pdf,1.0
sample_13855.pdf,0.8607352535463738
sample_15680.pdf,0.9319880952380954
sample_04987.pdf,0.0
sample_07099.pdf,0.0
sample_09647.pdf,0.99994646207697
sample_07548.pdf,0.017171717171717175
sample_14076.pdf,0.99994646207697
sample_13559.pdf,0.9999019202130406
sample_10239.pdf,0.99994646207697
sample_10589.pdf,0.99994646207697
sample_03931.pdf,0.0025
sample_18254.pdf,0.9487083668388747
sample_01760.pdf,0.0016666666666666666
sample_08539.pdf,0.0
sample_02144.pdf,0.0016666666666666666
sample_01332.pdf,0.1872380952380953
sample_18037.pdf,0.99994646207697
sample_18785.pdf,0.9999271317969104
sample_01572.pdf,0.0
sample_02480.pdf,0.27139285714285716
sample_13758.pdf,0.99994646207697
sample_00919.pdf,0.0
sample_10993.pdf,0.99994646207697
sample_16910.pdf,0.99994646207697
sample_04761.pdf,0.0
sample_16445.pdf,0.9999019202130406
sample_01714.pdf,0.11327380952380953
sample_00130.pdf,0.16976190476190478
sample_03023.pdf,0.00375
sample_09794.pdf,0.99994646207697
sample_06328.pdf,0.0008333333333333333
sample_08031.pdf,0.0
sample_04972.pdf,0.0
sample_02561.pdf,0.0
sample_02815.pdf,0.0
sample_10557.pdf,0.99994646207697
sample_16507.pdf,0.99994646207697
sample_07015.pdf,0.0
sample_07547.pdf,0.0
sample_01743.pdf,0.0
sample_12812.pdf,0.99994646207697
sample_14311.pdf,0.99994646207697
sample_03595.pdf,0.0014285714285714286
sample_01800.pdf,0.0
sample_17170.pdf,0.99994646207697
sample_10583.pdf,0.99994646207697
sample_03630.pdf,0.0
sample_02473.pdf,0.0
sample_18706.pdf,0.99994646207697
sample_10715.pdf,0.99994646207697
sample_17300.pdf,0.9870684231480463
sample_03497.pdf,0.002857142857142857
sample_15043.pdf,0.9999019202130406
sample_12034.pdf,0.99994646207697
sample_10082.pdf,0.99994646207697
sample_15590.pdf,0.99994646207697
sample_10505.pdf,0.9750833333333334
sample_18018.pdf,0.99994646207697
sample_09554.pdf,0.9999019202130406
sample_01991.pdf,0.0
sample_16928.pdf,0.99994646207697
sample_08324.pdf,0.06886507936507937
sample_00937.pdf,0.0
sample_07487.pdf,0.0
sample_04347.pdf,0.0
sample_00954.pdf,0.00125
sample_01476.pdf,0.0
sample_00373.pdf,0.0
sample_17317.pdf,0.99994646207697
sample_07438.pdf,0.2893333333333333
sample_01244.pdf,0.0
sample_04066.pdf,0.0
sample_05116.pdf,0.05637500000000001
sample_17035.pdf,0.9999271317969104
sample_10095.pdf,0.9999019202130406
sample_09740.pdf,0.9999019202130406
sample_10735.pdf,0.99994646207697
sample_14465.pdf,0.99994646207697
sample_04090.pdf,0.0
sample_09778.pdf,0.999954019072259
sample_13957.pdf,0.9999271317969104
sample_11273.pdf,0.99994646207697
sample_02213.pdf,0.0045000000000000005
sample_12455.pdf,0.99994646207697
sample_10271.pdf,0.99994646207697
sample_07384.pdf,0.0
sample_00162.pdf,0.0
sample_00256.pdf,0.0014285714285714286
sample_10096.pdf,0.99994646207697
sample_02065.pdf,0.006
sample_06615.pdf,0.0
sample_14649.pdf,0.99994646207697
sample_13306.pdf,0.99994646207697
sample_13083.pdf,0.99994646207697
sample_03346.pdf,0.002857142857142857
sample_00106.pdf,0.07680158730158732
sample_01712.pdf,0.0
sample_07970.pdf,0.0
sample_06165.pdf,0.0
sample_06939.pdf,0.0
sample_02968.pdf,0.0
sample_06084.pdf,0.005
sample_14982.pdf,0.99994646207697
sample_10988.pdf,0.99994646207697
sample_18429.pdf,0.99994646207697
sample_05425.pdf,0.05110714285714286
sample_05182.pdf,0.0
sample_07861.pdf,0.00375
sample_02402.pdf,0.0
sample_06853.pdf,0.0
sample_07902.pdf,0.01650595238095238
sample_01586.pdf,0.0
sample_13181.pdf,0.9986587410990766
sample_16670.pdf,0.99994646207697
sample_06763.pdf,0.0
sample_00141.pdf,0.0
sample_14976.pdf,0.99994646207697
sample_04500.pdf,0.0
sample_09060.pdf,0.0
sample_11884.pdf,0.9999511915510526
sample_14856.pdf,0.9583333333333331
sample_01067.pdf,0.27396428571428566
sample_06784.pdf,0.0
sample_10344.pdf,0.99994646207697
sample_00779.pdf,0.0
sample_12569.pdf,0.99994646207697
sample_03645.pdf,0.0
sample_13478.pdf,0.99994646207697
sample_16311.pdf,0.9936587410990767
sample_13854.pdf,0.99994646207697
sample_01926.pdf,0.0
sample_15756.pdf,0.99994646207697
sample_01083.pdf,0.0
sample_08674.pdf,0.0
sample_00513.pdf,0.0
sample_05916.pdf,0.0
sample_09403.pdf,0.9999271317969104
sample_01108.pdf,0.0
sample_14221.pdf,0.99994646207697
sample_10793.pdf,0.99994646207697
sample_13565.pdf,0.9999019202130406
sample_07802.pdf,0.0
sample_11130.pdf,0.9528463897419606
sample_13148.pdf,0.99994646207697
sample_02995.pdf,0.0
sample_13833.pdf,0.99994646207697
sample_00831.pdf,0.0
sample_04947.pdf,0.00875
sample_11183.pdf,0.9966666666666667
sample_09222.pdf,0.0
sample_16722.pdf,0.99994646207697
sample_13590.pdf,0.9999271317969104
sample_14791.pdf,0.99994646207697
sample_07788.pdf,0.0
sample_16517.pdf,0.99994646207697
sample_15450.pdf,1.0
sample_16441.pdf,0.9999511915510526
sample_15494.pdf,0.99994646207697
sample_18583.pdf,0.99994646207697
sample_10075.pdf,0.99994646207697
sample_18486.pdf,0.99994646207697
sample_11377.pdf,0.99994646207697
sample_07350.pdf,0.09678354978354978
sample_16593.pdf,1.0
sample_02075.pdf,0.0
sample_04414.pdf,0.002857142857142857
sample_04771.pdf,0.11110714285714286
sample_04134.pdf,0.003333333333333333
sample_16990.pdf,0.9978787878787878
sample_10522.pdf,0.99994646207697
sample_00805.pdf,0.0
sample_06883.pdf,0.0
sample_03187.pdf,0.0
sample_06497.pdf,0.0
sample_06610.pdf,0.0
sample_14091.pdf,0.99994646207697
sample_12840.pdf,0.99994646207697
sample_18692.pdf,0.9996752607548839
sample_12762.pdf,1.0
sample_17287.pdf,0.9999271317969104
sample_17051.pdf,0.99994646207697
sample_18844.pdf,0.999954019072259
sample_05976.pdf,0.0
sample_10199.pdf,0.99994646207697
sample_15465.pdf,0.46773863636363644
sample_12374.pdf,0.99994646207697
sample_11284.pdf,0.99994646207697
sample_05233.pdf,0.0
sample_07431.pdf,0.1852916666666666
sample_18675.pdf,0.99994646207697
sample_04832.pdf,0.0025
sample_14093.pdf,0.9999019202130406
sample_13453.pdf,0.99994646207697
sample_05064.pdf,0.0
sample_16330.pdf,0.99994646207697
sample_08788.pdf,0.0
sample_17839.pdf,0.99994646207697
sample_13729.pdf,0.99994646207697
sample_15029.pdf,0.9999019202130406
sample_08537.pdf,0.0
sample_09966.pdf,0.99994646207697
sample_18391.pdf,0.99994646207697
sample_13999.pdf,0.99994646207697
sample_02734.pdf,0.022166666666666668
sample_06431.pdf,0.0
sample_06781.pdf,0.0016666666666666666
sample_01710.pdf,0.0
sample_10549.pdf,0.99994646207697
sample_15785.pdf,0.9999271317969104
sample_17140.pdf,0.99994646207697
sample_04612.pdf,0.0016666666666666666
sample_11044.pdf,0.99994646207697
sample_04283.pdf,0.0007142857142857143
sample_01240.pdf,0.002
sample_11878.pdf,0.9999019202130406
sample_17904.pdf,0.839840556262059
sample_01986.pdf,0.0
sample_07644.pdf,0.0
sample_05206.pdf,0.10491666666666667
sample_10195.pdf,0.99994646207697
sample_05234.pdf,0.0
sample_18988.pdf,0.4120476190476191
sample_03224.pdf,0.0
sample_10510.pdf,0.6374583333333333
sample_14989.pdf,1.0
sample_16896.pdf,0.99994646207697
sample_12044.pdf,0.9999019202130406
sample_07352.pdf,0.0025
sample_08922.pdf,0.0
sample_01734.pdf,0.0
sample_12261.pdf,0.99994646207697
sample_04807.pdf,0.0025
sample_07692.pdf,0.0025
sample_09958.pdf,0.99994646207697
sample_03710.pdf,0.0
sample_18371.pdf,0.9999271317969104
sample_09798.pdf,0.9927777777777778
sample_08415.pdf,0.0
sample_01307.pdf,0.0
sample_17592.pdf,0.99994646207697
sample_05044.pdf,0.03141666666666667
sample_07675.pdf,0.0
sample_05861.pdf,0.005333333333333333
sample_00270.pdf,0.0
sample_16026.pdf,0.99994646207697
sample_01354.pdf,0.0
sample_18256.pdf,0.99994646207697
sample_09590.pdf,0.99994646207697
sample_12501.pdf,0.999954019072259
sample_13299.pdf,0.9999271317969104
sample_09688.pdf,0.9946752607548839
sample_09562.pdf,0.99994646207697
sample_08463.pdf,0.0
sample_09719.pdf,0.99994646207697
sample_01301.pdf,0.03133333333333333
sample_06048.pdf,0.0
sample_14435.pdf,0.99994646207697
sample_18825.pdf,0.999954019072259
sample_02794.pdf,0.002
sample_01137.pdf,0.0
sample_10264.pdf,0.999954019072259
sample_14518.pdf,0.99994646207697
sample_05792.pdf,0.0025
sample_14057.pdf,0.9999019202130406
sample_10658.pdf,0.10727976190476189
sample_01286.pdf,0.0016666666666666666
sample_13551.pdf,0.9999271317969104
sample_06749.pdf,0.0
sample_02539.pdf,0.0
sample_14384.pdf,0.9999019202130406
sample_03052.pdf,0.002833333333333333
sample_04485.pdf,0.0016666666666666666
sample_10491.pdf,0.99994646207697
sample_03268.pdf,0.0025
sample_07245.pdf,0.0
sample_12363.pdf,0.99994646207697
sample_12165.pdf,0.999857142857143
sample_11620.pdf,0.99994646207697
sample_07125.pdf,0.0
sample_00729.pdf,0.0
sample_15748.pdf,0.999954019072259
sample_16484.pdf,0.99994646207697
sample_11055.pdf,0.9994444444444445
sample_15097.pdf,0.99994646207697
sample_05117.pdf,0.004833333333333334
sample_05281.pdf,0.0
sample_10190.pdf,0.99994646207697
sample_19228.pdf,0.99994646207697
sample_04541.pdf,0.0
sample_05856.pdf,0.0025
sample_07737.pdf,0.01789285714285714
sample_03156.pdf,0.0
sample_12386.pdf,0.99994646207697
sample_03043.pdf,0.0
sample_08628.pdf,0.022916666666666665
sample_08519.pdf,0.0025
sample_17513.pdf,0.9999019202130406
sample_14970.pdf,0.99994646207697
sample_03682.pdf,0.0
sample_07544.pdf,0.005
sample_14023.pdf,0.99994646207697
sample_15914.pdf,0.99994646207697
sample_15363.pdf,0.9999271317969104
sample_15265.pdf,0.99994646207697
sample_00854.pdf,0.0
sample_17111.pdf,0.9995454545454545
sample_14411.pdf,0.99994646207697
sample_14914.pdf,0.9504166666666669
sample_09072.pdf,0.0
sample_17953.pdf,0.6350983184881188
sample_01817.pdf,0.0
sample_10110.pdf,0.9999019202130406
sample_14450.pdf,0.9999271317969104
sample_08752.pdf,0.0
sample_18126.pdf,0.99994646207697
sample_12054.pdf,0.9996752607548839
sample_09412.pdf,0.9999019202130406
sample_04453.pdf,0.003333333333333333
sample_12829.pdf,0.99994646207697
sample_00592.pdf,0.0016666666666666666
sample_19247.pdf,0.99994646207697
sample_15750.pdf,0.99994646207697
sample_05758.pdf,0.0
sample_03812.pdf,0.0
sample_07122.pdf,0.0
sample_10222.pdf,0.99994646207697
sample_17378.pdf,0.999954019072259
sample_04778.pdf,0.0
sample_15404.pdf,0.99994646207697
sample_13265.pdf,0.99994646207697
sample_08623.pdf,0.01125
sample_05923.pdf,0.0
sample_09824.pdf,0.99994646207697
sample_05658.pdf,0.016875
sample_18644.pdf,0.9999603542884686
sample_02683.pdf,0.0
sample_14564.pdf,0.99994646207697
sample_03325.pdf,0.0
sample_00763.pdf,0.005
sample_04789.pdf,0.015404761904761904
sample_11299.pdf,0.99994646207697
sample_06397.pdf,0.0
sample_14653.pdf,0.9999271317969104
sample_07957.pdf,0.1361845238095238
sample_10914.pdf,0.99994646207697
sample_00376.pdf,0.0
sample_04682.pdf,0.0
sample_10457.pdf,0.999954019072259
sample_01971.pdf,0.004166666666666667
sample_13792.pdf,0.999954019072259
sample_03174.pdf,0.0
sample_15409.pdf,0.99994646207697
sample_04279.pdf,0.0
sample_17458.pdf,0.999954019072259
sample_03392.pdf,0.008333333333333333
sample_05878.pdf,0.0
sample_02467.pdf,0.0
sample_18157.pdf,0.99994646207697
sample_08154.pdf,0.00525
sample_06421.pdf,0.0
sample_01005.pdf,0.0
sample_00432.pdf,0.0
sample_17788.pdf,0.9999019202130406
sample_17313.pdf,0.99994646207697
sample_00847.pdf,0.0
sample_11915.pdf,0.99994646207697
sample_07630.pdf,0.0
sample_14101.pdf,0.99994646207697
sample_03715.pdf,0.0
sample_11557.pdf,0.99994646207697
sample_07724.pdf,0.0
sample_15275.pdf,0.99994646207697
sample_04893.pdf,0.042833333333333334
sample_14539.pdf,0.99994646207697
sample_13979.pdf,0.99994646207697
sample_00395.pdf,0.0
sample_12123.pdf,0.9999271317969104
sample_04730.pdf,0.0
sample_12057.pdf,0.99994646207697
sample_03518.pdf,0.0
sample_01391.pdf,0.07126190476190476
sample_17372.pdf,1.0
sample_06636.pdf,0.0
sample_02600.pdf,0.0
sample_14595.pdf,1.0
sample_04010.pdf,0.0
sample_03301.pdf,0.0025
sample_17508.pdf,0.99994646207697
sample_16361.pdf,0.99994646207697
sample_02420.pdf,0.0
sample_07678.pdf,0.0
sample_18235.pdf,0.5948392857142858
sample_11049.pdf,0.9908333333333332
sample_16172.pdf,0.9999019202130406
sample_09030.pdf,0.0
sample_06295.pdf,0.0
sample_08312.pdf,0.019529761904761907
sample_06090.pdf,0.0
sample_10060.pdf,0.99994646207697
sample_03365.pdf,0.0
sample_10487.pdf,0.999954019072259
sample_00363.pdf,0.0
sample_15581.pdf,0.99994646207697
sample_01016.pdf,0.05324837662337663
sample_18281.pdf,0.99994646207697
sample_13336.pdf,0.99994646207697
sample_08819.pdf,0.0
sample_00988.pdf,0.0
sample_00155.pdf,0.0025
sample_04793.pdf,0.0
sample_14892.pdf,0.9999019202130406
sample_16694.pdf,0.99994646207697
sample_08041.pdf,0.0
sample_02033.pdf,0.0
sample_12332.pdf,0.99994646207697
sample_10113.pdf,0.99994646207697
sample_00095.pdf,0.0
sample_11988.pdf,0.999857142857143
sample_10686.pdf,0.9391666666666667
sample_17530.pdf,0.99994646207697
sample_10188.pdf,0.99994646207697
sample_08530.pdf,0.0
sample_05546.pdf,0.003333333333333333
sample_07393.pdf,0.0
sample_08884.pdf,0.0016666666666666666
sample_02103.pdf,0.0035714285714285713
sample_18557.pdf,0.999954019072259
sample_11248.pdf,0.99994646207697
sample_15142.pdf,0.999954019072259
sample_14229.pdf,0.9999271317969104
sample_10078.pdf,0.99994646207697
sample_18414.pdf,0.99994646207697
sample_07126.pdf,0.0
sample_12514.pdf,0.99994646207697
sample_04110.pdf,0.0
sample_09880.pdf,0.9856666666666668
sample_07063.pdf,0.0
sample_00785.pdf,0.0
sample_18850.pdf,1.0
sample_11316.pdf,0.99994646207697
sample_13652.pdf,0.99994646207697
sample_07327.pdf,0.010083333333333333
sample_12085.pdf,0.99994646207697
sample_15755.pdf,0.9975
sample_04932.pdf,0.0
sample_04600.pdf,0.0
sample_04400.pdf,0.0
sample_16649.pdf,0.99994646207697
sample_11842.pdf,1.0
sample_03966.pdf,0.0
sample_09969.pdf,0.99994646207697
sample_06507.pdf,0.0
sample_18435.pdf,0.99994646207697
sample_08968.pdf,0.052583333333333336
sample_00877.pdf,0.0
sample_00012.pdf,0.0
sample_16495.pdf,0.9999271317969104
sample_16377.pdf,0.99994646207697
sample_10761.pdf,0.99994646207697
sample_01250.pdf,0.014666666666666666
sample_02787.pdf,0.0
sample_14334.pdf,0.99994646207697
sample_07571.pdf,0.005
sample_09544.pdf,0.99994646207697
sample_13056.pdf,0.99994646207697
sample_02049.pdf,0.0
sample_00570.pdf,0.0
sample_17237.pdf,0.99994646207697
sample_18902.pdf,1.0
sample_06676.pdf,0.0
sample_07988.pdf,0.0
sample_15111.pdf,0.9194471794793186
sample_15911.pdf,0.99994646207697
sample_01866.pdf,0.0819404761904762
sample_02014.pdf,0.0025
sample_02646.pdf,0.007333333333333334
sample_13712.pdf,0.99994646207697
sample_15027.pdf,0.9999019202130406
sample_18766.pdf,0.999954019072259
sample_03907.pdf,0.0
sample_12254.pdf,0.99994646207697
sample_08542.pdf,0.0
sample_07446.pdf,0.0
sample_09084.pdf,0.003333333333333333
sample_13653.pdf,0.99994646207697
sample_09605.pdf,0.9999019202130406
sample_00392.pdf,0.0
sample_18543.pdf,0.99994646207697
sample_00630.pdf,0.0
sample_06737.pdf,0.0
sample_08703.pdf,0.11266666666666668
sample_17861.pdf,0.99994646207697
sample_05535.pdf,0.0
sample_02798.pdf,0.005
sample_09310.pdf,0.9980555555555556
sample_02636.pdf,0.0
sample_06468.pdf,0.0
sample_16701.pdf,0.99994646207697
sample_16794.pdf,0.99994646207697
sample_12687.pdf,1.0
sample_03634.pdf,0.005625
sample_18479.pdf,0.999954019072259
sample_16643.pdf,0.99994646207697
sample_13254.pdf,0.99994646207697
sample_07983.pdf,0.011666666666666665
sample_02475.pdf,0.00375
sample_05865.pdf,0.0
sample_09393.pdf,0.99994646207697
sample_07555.pdf,0.0
sample_05617.pdf,0.03233333333333333
sample_08793.pdf,0.0055000000000000005
sample_18589.pdf,0.99994646207697
sample_03031.pdf,0.0
sample_06597.pdf,0.2321666666666667
sample_00689.pdf,0.0025
sample_08706.pdf,0.0
sample_10290.pdf,0.9999271317969104
sample_13412.pdf,0.99994646207697
sample_03042.pdf,0.0
sample_05239.pdf,0.0016666666666666666
sample_13170.pdf,0.9999603542884686
sample_00505.pdf,0.025654761904761906
sample_09892.pdf,1.0
sample_00705.pdf,0.019345238095238096
sample_10079.pdf,0.99994646207697
sample_16391.pdf,0.99994646207697
sample_05178.pdf,0.0025
sample_03819.pdf,0.0
sample_18546.pdf,0.99994646207697
sample_12301.pdf,0.99994646207697
sample_05074.pdf,0.0
sample_01302.pdf,0.0
sample_01001.pdf,0.0
sample_12184.pdf,0.99994646207697
sample_16084.pdf,0.99994646207697
sample_02170.pdf,0.013333333333333332
sample_16762.pdf,0.99994646207697
sample_14608.pdf,0.99994646207697
sample_00036.pdf,0.0025
sample_17749.pdf,1.0
sample_18271.pdf,0.99994646207697
sample_03462.pdf,0.0
sample_10136.pdf,0.9999271317969104
sample_17303.pdf,0.99994646207697
sample_00526.pdf,0.0
sample_07103.pdf,0.02416666666666666
sample_18031.pdf,0.99994646207697
sample_11210.pdf,0.9978787878787878
sample_02512.pdf,0.0
sample_01854.pdf,0.0
sample_10213.pdf,0.99994646207697
sample_01543.pdf,0.0
sample_02662.pdf,0.0
sample_07716.pdf,0.007916666666666666
sample_04213.pdf,0.004166666666666667
sample_12135.pdf,0.9999271317969104
sample_03844.pdf,0.003333333333333333
sample_06306.pdf,0.0
sample_15992.pdf,0.9927777777777778
sample_03377.pdf,0.0016666666666666666
sample_07027.pdf,0.0
sample_05789.pdf,0.0
sample_15502.pdf,0.99994646207697
sample_10841.pdf,0.99994646207697
sample_08008.pdf,0.0
sample_10302.pdf,0.99994646207697
sample_05424.pdf,0.0025
sample_13406.pdf,0.999954019072259
sample_10482.pdf,0.9999019202130406
sample_09712.pdf,0.99994646207697
sample_15303.pdf,0.99994646207697
sample_05845.pdf,0.0
sample_14603.pdf,0.9927777777777778
sample_02061.pdf,0.06125
sample_02721.pdf,0.0
sample_10687.pdf,0.99994646207697
sample_17950.pdf,1.0
sample_09258.pdf,0.0
sample_10823.pdf,0.99994646207697
sample_10377.pdf,0.9976486724134728
sample_13891.pdf,0.9999271317969104
sample_13286.pdf,0.99994646207697
sample_05751.pdf,0.0017499999999999998
sample_02126.pdf,0.0
sample_09378.pdf,0.999954019072259
sample_16167.pdf,0.99994646207697
sample_02163.pdf,0.0
sample_12957.pdf,0.99994646207697
sample_08479.pdf,0.2528713768115942
sample_08729.pdf,0.0
sample_00061.pdf,0.0
sample_15125.pdf,1.0
sample_03084.pdf,0.0
sample_13015.pdf,0.99994646207697
sample_05948.pdf,0.0
sample_10987.pdf,0.99994646207697
sample_00303.pdf,0.0
sample_18173.pdf,0.9999271317969104
sample_16061.pdf,0.99994646207697
sample_09152.pdf,0.00625
sample_01063.pdf,0.0
sample_14442.pdf,0.99994646207697
sample_04432.pdf,0.0
sample_02812.pdf,0.0
sample_14905.pdf,0.8136071428571428
sample_01191.pdf,0.0
sample_07694.pdf,0.0
sample_19179.pdf,0.99994646207697
sample_03512.pdf,0.0
sample_09893.pdf,0.99994646207697
sample_13176.pdf,1.0
sample_18820.pdf,1.0
sample_13629.pdf,0.99994646207697
sample_11371.pdf,0.99994646207697
sample_18752.pdf,0.9975
sample_04659.pdf,0.0
sample_01275.pdf,0.007142857142857143
sample_00099.pdf,0.0
sample_01495.pdf,0.0
sample_15233.pdf,1.0
sample_19125.pdf,0.99994646207697
sample_17366.pdf,0.9999019202130406
sample_12092.pdf,0.99994646207697
sample_06547.pdf,0.0
sample_14545.pdf,0.99994646207697
sample_18931.pdf,0.99994646207697
sample_17348.pdf,0.99994646207697
sample_11198.pdf,0.99994646207697
sample_03433.pdf,0.008833333333333334
sample_01206.pdf,0.0
sample_05253.pdf,0.0025
sample_17353.pdf,0.99994646207697
sample_03445.pdf,0.0
sample_00668.pdf,0.0
sample_05294.pdf,0.0
sample_01751.pdf,0.0
sample_03987.pdf,0.040857142857142856
sample_02328.pdf,0.0
sample_06543.pdf,0.0
sample_15774.pdf,0.99994646207697
sample_19035.pdf,0.9999271317969104
sample_11822.pdf,0.99994646207697
sample_04981.pdf,0.0
sample_13017.pdf,0.99994646207697
sample_02807.pdf,0.0
sample_15832.pdf,0.9999271317969104
sample_11013.pdf,0.99994646207697
sample_12048.pdf,0.99994646207697
sample_04556.pdf,0.0
sample_01381.pdf,0.0
sample_16269.pdf,0.9999019202130406
sample_02559.pdf,0.0
sample_11298.pdf,0.999954019072259
sample_17671.pdf,0.99994646207697
sample_11345.pdf,0.9999271317969104
sample_02591.pdf,0.005
sample_10372.pdf,0.99994646207697
sample_13820.pdf,1.0
sample_15862.pdf,0.99994646207697
sample_10163.pdf,0.99994646207697
sample_14524.pdf,0.99994646207697
sample_10857.pdf,0.99994646207697
sample_11083.pdf,0.99994646207697
sample_10638.pdf,0.99994646207697
sample_09565.pdf,0.99994646207697
sample_07246.pdf,0.0
sample_19264.pdf,0.99994646207697
sample_17962.pdf,0.887149647887324
sample_15689.pdf,0.99994646207697
sample_15821.pdf,0.9999530385326616
sample_15735.pdf,0.9999271317969104
sample_05335.pdf,0.0
sample_13968.pdf,1.0
sample_11720.pdf,0.9999271317969104
sample_04426.pdf,0.0
sample_10284.pdf,0.99994646207697
sample_09245.pdf,0.0
sample_00055.pdf,0.005
sample_03161.pdf,0.0
sample_08609.pdf,0.0
sample_04235.pdf,0.011833333333333333
sample_16320.pdf,0.9999271317969104
sample_00483.pdf,0.0
sample_05053.pdf,0.0
sample_15636.pdf,0.99994646207697
sample_05070.pdf,0.0
sample_10167.pdf,0.99994646207697
sample_17740.pdf,0.999954019072259
sample_03370.pdf,0.0075
sample_08470.pdf,0.0
sample_04859.pdf,0.0
sample_12001.pdf,0.99994646207697
sample_07576.pdf,0.005
sample_16227.pdf,0.99994646207697
sample_11944.pdf,0.99994646207697
sample_14385.pdf,0.99994646207697
sample_08893.pdf,0.017666666666666667
sample_10024.pdf,0.9999019202130406
sample_18523.pdf,1.0
sample_17961.pdf,0.9980555555555556
sample_05922.pdf,0.1508073593073593
sample_00208.pdf,0.0
sample_07995.pdf,0.010833333333333332
sample_10484.pdf,0.99994646207697
sample_03418.pdf,0.25049603174603174
sample_14687.pdf,0.99994646207697
sample_08190.pdf,0.009166666666666667
sample_04969.pdf,0.06797222222222223
sample_04633.pdf,0.0136984126984127
sample_02353.pdf,0.0
sample_02114.pdf,0.0
sample_10366.pdf,0.99994646207697
sample_13186.pdf,0.999954019072259
sample_01547.pdf,0.011666666666666665
sample_01856.pdf,0.231489898989899
sample_00405.pdf,0.0
sample_15324.pdf,0.999954019072259
sample_17622.pdf,0.99994646207697
sample_05276.pdf,0.00375
sample_14277.pdf,0.99994646207697
sample_07419.pdf,0.0
sample_05761.pdf,0.0
sample_18779.pdf,0.8186249999999999
sample_15684.pdf,1.0
sample_02394.pdf,0.00625
sample_01297.pdf,0.0
sample_09640.pdf,0.99994646207697
sample_11811.pdf,0.986982005746806
sample_17230.pdf,0.99994646207697
sample_12542.pdf,0.99994646207697
sample_00929.pdf,0.0
sample_16821.pdf,0.99994646207697
sample_15298.pdf,0.99994646207697
sample_17161.pdf,0.99994646207697
sample_03994.pdf,0.0
sample_12402.pdf,0.99994646207697
sample_05780.pdf,0.08638492063492062
sample_10680.pdf,0.99994646207697
sample_00923.pdf,0.009242424242424241
sample_16930.pdf,0.99994646207697
sample_12838.pdf,0.99994646207697
sample_17747.pdf,0.99994646207697
sample_13492.pdf,0.9999019202130406
sample_15881.pdf,0.9999271317969104
sample_14339.pdf,0.99994646207697
sample_16737.pdf,0.99994646207697
sample_13093.pdf,0.9999271317969104
sample_14725.pdf,0.99994646207697
sample_00633.pdf,0.0016666666666666666
sample_16810.pdf,0.99994646207697
sample_07942.pdf,0.0
sample_05537.pdf,0.0
sample_19002.pdf,0.99994646207697
sample_09034.pdf,0.0
sample_03964.pdf,0.01125
sample_17325.pdf,0.99994646207697
sample_09530.pdf,0.99994646207697
sample_15766.pdf,0.999954019072259
sample_13049.pdf,0.99994646207697
sample_00664.pdf,0.005
sample_11052.pdf,0.9999019202130406
sample_00428.pdf,0.00375
sample_14223.pdf,0.99994646207697
sample_11517.pdf,1.0
sample_06981.pdf,0.0
sample_01368.pdf,0.0
sample_10965.pdf,0.9966486724134727
sample_08689.pdf,0.0
sample_03643.pdf,0.0
sample_13647.pdf,0.99994646207697
sample_04436.pdf,0.0
sample_12424.pdf,0.99994646207697
sample_05208.pdf,0.0
sample_17825.pdf,0.99994646207697
sample_05416.pdf,0.0
sample_04219.pdf,0.01625
sample_11025.pdf,0.99994646207697
sample_04617.pdf,0.0
sample_16135.pdf,0.99994646207697
sample_14668.pdf,0.99994646207697
sample_09334.pdf,1.0
sample_10821.pdf,0.99994646207697
sample_14330.pdf,0.99994646207697
sample_04498.pdf,0.011726190476190475
sample_06317.pdf,0.005
sample_12676.pdf,0.9999271317969104
sample_00636.pdf,0.0
sample_15797.pdf,0.99994646207697
sample_12926.pdf,0.99994646207697
sample_11951.pdf,0.9999271317969104
sample_02377.pdf,0.0
sample_13710.pdf,0.9612350898147128
sample_02494.pdf,0.0
sample_14532.pdf,0.99994646207697
sample_02780.pdf,0.0
sample_16783.pdf,0.99994646207697
sample_01541.pdf,0.0
sample_09434.pdf,0.99994646207697
sample_15255.pdf,1.0
sample_06601.pdf,0.0
sample_09934.pdf,0.99994646207697
sample_15575.pdf,0.99994646207697
sample_13321.pdf,0.9999019202130406
sample_18551.pdf,1.0
sample_15446.pdf,0.9999271317969104
sample_00527.pdf,0.0
sample_13541.pdf,0.999954019072259
sample_16534.pdf,0.99994646207697
sample_17416.pdf,0.99994646207697
sample_15747.pdf,0.9999271317969104
sample_06899.pdf,0.0
sample_08271.pdf,0.017916666666666668
sample_11836.pdf,1.0
sample_12344.pdf,0.99994646207697
sample_16070.pdf,0.99994646207697
sample_15659.pdf,0.99994646207697
sample_16341.pdf,0.99994646207697
sample_09008.pdf,0.0
sample_13374.pdf,0.999954019072259
sample_03179.pdf,0.0
sample_19293.pdf,0.99994646207697
sample_18533.pdf,0.99994646207697
sample_19066.pdf,0.9875833333333334
sample_12513.pdf,0.99994646207697
sample_13178.pdf,0.99994646207697
sample_09446.pdf,0.99994646207697
sample_10444.pdf,0.99994646207697
sample_15870.pdf,0.99994646207697
sample_16152.pdf,0.99994646207697
sample_14962.pdf,0.9999271317969104
sample_13809.pdf,0.99994646207697
sample_09889.pdf,0.99994646207697
sample_06184.pdf,0.0
sample_10329.pdf,0.9999271317969104
sample_07680.pdf,0.003333333333333333
sample_18860.pdf,0.9976486724134728
sample_18770.pdf,0.99994646207697
sample_02028.pdf,0.10296489621489624
sample_16121.pdf,0.9925965749936339
sample_15122.pdf,0.99994646207697
sample_19263.pdf,0.99994646207697
sample_06835.pdf,0.007916666666666666
sample_01219.pdf,0.0
sample_10542.pdf,0.99994646207697
sample_11029.pdf,0.9905000000000002
sample_00391.pdf,0.005833333333333333
sample_10220.pdf,0.99994646207697
sample_01209.pdf,0.0
sample_15772.pdf,0.99994646207697
sample_02976.pdf,0.0
sample_13933.pdf,0.99994646207697
sample_07118.pdf,0.003333333333333333
sample_15849.pdf,0.3187757936507936
sample_18101.pdf,0.5239880952380951
sample_16953.pdf,0.99994646207697
sample_14600.pdf,0.99994646207697
sample_09067.pdf,0.0
sample_18868.pdf,0.99994646207697
sample_11729.pdf,0.999954019072259
sample_07492.pdf,0.0
sample_03841.pdf,0.0
sample_00792.pdf,0.0
sample_05067.pdf,0.0
sample_05180.pdf,0.01325
sample_18568.pdf,0.99994646207697
sample_11212.pdf,0.99994646207697
sample_12006.pdf,0.9783199889397675
sample_12556.pdf,0.999857142857143
sample_07517.pdf,0.0125
sample_05048.pdf,0.0
sample_09551.pdf,0.9718631287436368
sample_00822.pdf,0.0
sample_08790.pdf,0.0
sample_03344.pdf,0.0
sample_15209.pdf,0.99994646207697
sample_10737.pdf,0.99994646207697
sample_12711.pdf,0.99994646207697
sample_13948.pdf,0.99994646207697
sample_08353.pdf,0.0
sample_03811.pdf,0.007857142857142858
sample_11831.pdf,0.99994646207697
sample_15943.pdf,0.9995454545454545
sample_01978.pdf,0.0
sample_17624.pdf,0.99994646207697
sample_16697.pdf,0.99994646207697
sample_04404.pdf,0.0
sample_16182.pdf,0.99994646207697
sample_13512.pdf,0.99994646207697
sample_03274.pdf,0.0
sample_08574.pdf,0.8340725341972643
sample_18723.pdf,0.99994646207697
sample_10744.pdf,0.99994646207697
sample_03849.pdf,0.0
sample_06814.pdf,0.0
sample_04643.pdf,0.0
sample_02718.pdf,0.0
sample_05507.pdf,0.0
sample_05597.pdf,0.09694642857142859
sample_01419.pdf,0.0
sample_12896.pdf,0.9999271317969104
sample_14871.pdf,0.99994646207697
sample_16147.pdf,0.9999271317969104
sample_16992.pdf,0.99994646207697
sample_01440.pdf,0.0
sample_03233.pdf,0.0025
sample_16884.pdf,0.9985965749936337
sample_01990.pdf,0.0
sample_05540.pdf,0.0
sample_10788.pdf,0.99994646207697
sample_18994.pdf,0.934111471861472
sample_19130.pdf,0.9932103542884687
sample_15194.pdf,0.99994646207697
sample_11192.pdf,0.99994646207697
sample_01907.pdf,0.0008333333333333333
sample_00226.pdf,0.0
sample_18924.pdf,0.9999019202130406
sample_15483.pdf,0.99994646207697
sample_15600.pdf,0.9976486724134728
sample_11983.pdf,0.99994646207697
sample_12793.pdf,0.99994646207697
sample_00852.pdf,0.12303174603174602
sample_16400.pdf,0.99994646207697
sample_18401.pdf,0.99994646207697
sample_01580.pdf,0.03580357142857143
sample_12536.pdf,1.0
sample_13345.pdf,0.999954019072259
sample_00524.pdf,0.00125
sample_09857.pdf,0.99994646207697
sample_09233.pdf,0.0
sample_02194.pdf,0.0025
sample_17025.pdf,0.9882746478873239
sample_10562.pdf,0.99994646207697
sample_10701.pdf,0.99994646207697
sample_16611.pdf,0.99994646207697
sample_01561.pdf,0.0
sample_11590.pdf,0.99994646207697
sample_03655.pdf,0.10386904761904762
sample_02199.pdf,0.04192857142857143
sample_18603.pdf,0.99994646207697
sample_12030.pdf,0.9999271317969104
sample_13536.pdf,0.8278333333333333
sample_11601.pdf,0.9999271317969104
sample_05733.pdf,0.0
sample_05743.pdf,0.0
sample_16274.pdf,0.885108225108225
sample_11719.pdf,1.0
sample_15468.pdf,0.99994646207697
sample_04671.pdf,0.0
sample_10657.pdf,1.0
sample_00285.pdf,0.0
sample_01064.pdf,0.0
sample_11947.pdf,0.99994646207697
sample_08645.pdf,0.003333333333333333
sample_00887.pdf,0.0
sample_06191.pdf,0.0
sample_12407.pdf,0.99994646207697
sample_02290.pdf,0.003333333333333333
sample_07120.pdf,0.0
sample_17728.pdf,0.99994646207697
sample_12331.pdf,0.99994646207697
sample_01059.pdf,0.0011250000000000001
sample_09442.pdf,0.9999271317969104
sample_13609.pdf,0.99994646207697
sample_16560.pdf,0.99994646207697
sample_03975.pdf,0.0
sample_04758.pdf,0.0
sample_16342.pdf,0.99994646207697
sample_14854.pdf,0.99994646207697
sample_15419.pdf,0.9999019202130406
sample_00553.pdf,0.022226190476190472
sample_13147.pdf,0.99994646207697
sample_06703.pdf,0.005
sample_01257.pdf,0.0
sample_02970.pdf,0.0
sample_08959.pdf,0.0
sample_14942.pdf,0.9857863718659949
sample_14441.pdf,0.99994646207697
sample_07001.pdf,0.0
sample_05343.pdf,0.03333333333333333
sample_18566.pdf,0.9999271317969104
sample_05321.pdf,0.005178571428571428
sample_15272.pdf,1.0
sample_10911.pdf,0.99994646207697
sample_15253.pdf,0.99994646207697
sample_13628.pdf,0.99994646207697
sample_01797.pdf,0.003333333333333333
sample_06515.pdf,0.0
sample_01646.pdf,0.0
sample_18884.pdf,0.99994646207697
sample_11406.pdf,0.99994646207697
sample_15585.pdf,0.99994646207697
sample_00939.pdf,0.0
sample_01900.pdf,0.0
sample_18297.pdf,0.9976486724134728
sample_01027.pdf,0.0
sample_15645.pdf,0.9996752607548839
sample_18614.pdf,0.9990000000000001
sample_17039.pdf,0.7407402358308558
sample_17610.pdf,1.0
sample_15425.pdf,0.99994646207697
sample_18569.pdf,0.99994646207697
sample_00716.pdf,0.06850566461834068
sample_12143.pdf,0.99994646207697
sample_11213.pdf,0.99994646207697
sample_11886.pdf,0.99994646207697
sample_19048.pdf,0.99994646207697
sample_19057.pdf,0.9976486724134728
sample_13473.pdf,0.99994646207697
sample_08983.pdf,0.0
sample_16705.pdf,0.99994646207697
sample_16323.pdf,0.99994646207697
sample_00401.pdf,0.0
sample_16309.pdf,0.99994646207697
sample_18841.pdf,0.99994646207697
sample_01183.pdf,0.0
sample_14609.pdf,0.99994646207697
sample_12018.pdf,0.99994646207697
sample_03193.pdf,0.06241666666666667
sample_00639.pdf,0.0
sample_10704.pdf,0.99994646207697
sample_12629.pdf,0.99994646207697
sample_03372.pdf,0.0
sample_09463.pdf,0.99994646207697
sample_07762.pdf,0.0
sample_07658.pdf,0.0025
sample_12222.pdf,0.99994646207697
sample_08309.pdf,0.0
sample_15534.pdf,0.7343174603174603
sample_15172.pdf,0.99994646207697
sample_05443.pdf,0.0
sample_16094.pdf,0.99994646207697
sample_15210.pdf,0.99994646207697
sample_08443.pdf,0.0
sample_02853.pdf,0.004166666666666667
sample_14378.pdf,0.99994646207697
sample_07974.pdf,0.0
sample_03416.pdf,0.0
sample_06826.pdf,0.008333333333333333
sample_13537.pdf,0.99994646207697
sample_03486.pdf,0.0052976190476190475
sample_02083.pdf,0.0
sample_01132.pdf,0.0
sample_16939.pdf,0.99994646207697
sample_08736.pdf,0.0
sample_13882.pdf,0.9976486724134728
sample_10071.pdf,0.99994646207697
sample_00631.pdf,0.0
sample_06151.pdf,0.0
sample_17032.pdf,0.99994646207697
sample_13906.pdf,0.99994646207697
sample_05402.pdf,0.0
sample_01248.pdf,0.0
sample_12473.pdf,0.99994646207697
sample_14503.pdf,0.99994646207697
sample_00002.pdf,0.0
sample_18446.pdf,0.99994646207697
sample_03229.pdf,0.0
sample_01987.pdf,0.001
sample_00925.pdf,0.022555555555555554
sample_13597.pdf,0.99994646207697
sample_04024.pdf,0.34176190476190477
sample_15174.pdf,0.99994646207697
sample_04800.pdf,0.0
sample_15988.pdf,0.99994646207697
sample_18970.pdf,1.0
sample_17127.pdf,0.99994646207697
sample_02434.pdf,0.0
sample_10723.pdf,0.99994646207697
sample_17676.pdf,0.99994646207697
sample_14309.pdf,0.99994646207697
sample_19175.pdf,0.99994646207697
sample_12316.pdf,0.99994646207697
sample_17201.pdf,0.99994646207697
sample_17880.pdf,0.9999019202130406
sample_01291.pdf,0.0
sample_10871.pdf,0.99994646207697
sample_11755.pdf,0.9999271317969104
sample_00047.pdf,0.034333333333333334
sample_08846.pdf,0.0
sample_07425.pdf,0.00375
sample_05368.pdf,0.006
sample_10250.pdf,0.99994646207697
sample_15800.pdf,0.999954019072259
sample_03142.pdf,0.007113095238095237
sample_03145.pdf,0.0
sample_08027.pdf,0.035731855094531154
sample_17494.pdf,0.9999271317969104
sample_16917.pdf,0.99994646207697
sample_03501.pdf,0.0
sample_04974.pdf,0.0
sample_11294.pdf,0.99994646207697
sample_02680.pdf,0.00375
sample_00714.pdf,0.0
sample_16037.pdf,0.99994646207697
sample_09379.pdf,0.99994646207697
sample_00166.pdf,0.0
sample_18474.pdf,0.99994646207697
sample_03596.pdf,0.0
sample_09300.pdf,0.99994646207697
sample_16220.pdf,0.9879033222731007
sample_01151.pdf,0.0
sample_15071.pdf,0.999954019072259
sample_05430.pdf,0.0
sample_10956.pdf,0.99994646207697
sample_16308.pdf,0.99994646207697
sample_09860.pdf,1.0
sample_04187.pdf,0.0025
sample_04469.pdf,0.0
sample_17220.pdf,0.9580089285714287
sample_06105.pdf,0.0
sample_12231.pdf,0.9999271317969104
sample_16558.pdf,0.99994646207697
sample_17071.pdf,0.9999019202130406
sample_01649.pdf,0.006666666666666666
sample_17065.pdf,1.0
sample_00823.pdf,0.009666666666666665
sample_11107.pdf,0.9999271317969104
sample_00065.pdf,0.0
sample_14625.pdf,0.99994646207697
sample_16640.pdf,0.99994646207697
sample_19291.pdf,0.9829847374847376
sample_05797.pdf,0.0
sample_08107.pdf,0.0
sample_11056.pdf,0.99994646207697
sample_15379.pdf,1.0
sample_04449.pdf,0.0
sample_06213.pdf,0.0
sample_01313.pdf,0.0016666666666666666
sample_15628.pdf,0.9999019202130406
sample_11636.pdf,0.99994646207697
sample_10323.pdf,0.99994646207697
sample_18704.pdf,0.9999019202130406
sample_10614.pdf,0.99994646207697
sample_02972.pdf,0.03216666666666666
sample_01915.pdf,0.0
sample_10813.pdf,0.99994646207697
sample_15620.pdf,0.99994646207697
sample_12657.pdf,0.99994646207697
sample_18372.pdf,0.99994646207697
sample_18394.pdf,0.99994646207697
sample_16151.pdf,0.99994646207697
sample_08765.pdf,0.003333333333333333
sample_15010.pdf,0.99994646207697
sample_03924.pdf,0.0
sample_16711.pdf,0.99994646207697
sample_17782.pdf,0.99994646207697
sample_02694.pdf,0.036833333333333336
sample_16710.pdf,0.99994646207697
sample_00067.pdf,0.005833333333333333
sample_06739.pdf,0.0
sample_12020.pdf,0.99994646207697
sample_11994.pdf,1.0
sample_12144.pdf,0.9985714285714287
sample_18684.pdf,0.999857142857143
sample_16137.pdf,1.0
sample_11804.pdf,0.99994646207697
sample_15031.pdf,0.99994646207697
sample_05414.pdf,0.0
sample_03611.pdf,0.0
sample_11019.pdf,0.9999271317969104
sample_12538.pdf,0.99994646207697
sample_04172.pdf,0.00375
sample_17054.pdf,0.99994646207697
sample_04471.pdf,0.003333333333333333
sample_14306.pdf,0.99994646207697
sample_06972.pdf,0.0
sample_01009.pdf,0.024166666666666666
sample_01066.pdf,0.0
sample_00520.pdf,0.0
sample_12516.pdf,0.99994646207697
sample_02897.pdf,0.0
sample_11563.pdf,0.99994646207697
sample_13485.pdf,0.99994646207697
sample_02912.pdf,0.0
sample_14904.pdf,0.99994646207697
sample_02031.pdf,0.008
sample_15902.pdf,0.99994646207697
sample_03601.pdf,0.0
sample_14067.pdf,0.99994646207697
sample_13971.pdf,0.99994646207697
sample_17762.pdf,0.99994646207697
sample_18121.pdf,0.99994646207697
sample_06258.pdf,0.0
sample_07917.pdf,0.016666666666666666
sample_07828.pdf,0.0
sample_13909.pdf,0.99994646207697
sample_19096.pdf,0.99994646207697
sample_02682.pdf,0.0988452380952381
sample_04146.pdf,0.0
sample_01717.pdf,0.003333333333333333
sample_12283.pdf,0.9952662432596644
sample_06805.pdf,0.044083333333333335
sample_12288.pdf,0.99994646207697
sample_02052.pdf,0.0
sample_07215.pdf,0.0
sample_15018.pdf,0.99994646207697
sample_18909.pdf,0.9879033222731007
sample_08196.pdf,0.0
sample_18754.pdf,0.99994646207697
sample_00755.pdf,0.0
sample_14958.pdf,0.9999019202130406
sample_09556.pdf,0.99994646207697
sample_06368.pdf,0.0
sample_14128.pdf,0.9999019202130406
sample_01263.pdf,0.0
sample_09451.pdf,0.9985965749936337
sample_09982.pdf,0.99994646207697
sample_15236.pdf,0.99994646207697
sample_15498.pdf,0.99994646207697
sample_12728.pdf,0.99994646207697
sample_16454.pdf,0.99994646207697
sample_04071.pdf,0.0
sample_09952.pdf,0.99994646207697
sample_19105.pdf,1.0
sample_04850.pdf,0.0
sample_15400.pdf,0.99994646207697
sample_16524.pdf,0.99994646207697
sample_01736.pdf,0.0
sample_10667.pdf,0.99994646207697
sample_18774.pdf,0.99994646207697
sample_00557.pdf,0.0025
sample_15580.pdf,0.99994646207697
sample_01914.pdf,0.0
sample_05512.pdf,0.22274404761904762
sample_18367.pdf,0.99994646207697
sample_18648.pdf,0.9999019202130406
sample_03467.pdf,0.0
sample_12295.pdf,0.99994646207697
sample_16623.pdf,0.99994646207697
sample_13866.pdf,0.999954019072259
sample_04423.pdf,0.0
sample_10732.pdf,0.99994646207697
sample_01461.pdf,0.0
sample_00935.pdf,0.0
sample_15080.pdf,0.99994646207697
sample_09838.pdf,0.99994646207697
sample_11925.pdf,0.9999271317969104
sample_18732.pdf,0.99994646207697
sample_10010.pdf,0.99994646207697
sample_19249.pdf,0.9999271317969104
sample_09601.pdf,0.9999271317969104
sample_11805.pdf,0.9960965749936338
sample_06494.pdf,0.0
sample_11558.pdf,1.0
sample_14577.pdf,0.99994646207697
sample_17147.pdf,0.99994646207697
sample_12379.pdf,0.99994646207697
sample_07539.pdf,0.0
sample_06470.pdf,0.0
sample_15505.pdf,1.0
sample_05440.pdf,0.01826785714285714
sample_01606.pdf,0.0
sample_10778.pdf,0.9976486724134728
sample_00302.pdf,0.0
sample_04874.pdf,0.0
sample_18835.pdf,0.9952662432596644
sample_14697.pdf,0.99994646207697
sample_14690.pdf,0.99994646207697
sample_19027.pdf,0.9999271317969104
sample_15342.pdf,0.99994646207697
sample_13498.pdf,0.99994646207697
sample_01960.pdf,0.0
sample_06723.pdf,0.0
sample_05659.pdf,0.0014285714285714286
sample_16289.pdf,0.9999019202130406
sample_09871.pdf,0.99994646207697
sample_07817.pdf,0.045
sample_07313.pdf,0.005
sample_11643.pdf,0.99994646207697
sample_07254.pdf,0.0
sample_10952.pdf,0.9999019202130406
sample_12147.pdf,0.99994646207697
sample_09250.pdf,0.0
sample_18872.pdf,0.99994646207697
sample_00615.pdf,0.0
sample_15562.pdf,0.9724761904761905
sample_10606.pdf,0.9999271317969104
sample_06236.pdf,0.0
sample_05942.pdf,0.02208333333333333
sample_12023.pdf,0.9999019202130406
sample_08502.pdf,0.0
sample_02107.pdf,0.0
sample_04322.pdf,0.0
sample_01395.pdf,0.0
sample_13392.pdf,0.99994646207697
sample_01309.pdf,0.0
sample_05288.pdf,0.004672619047619048
sample_07185.pdf,0.0
sample_03582.pdf,0.0029166666666666664
sample_01664.pdf,0.01
sample_04570.pdf,0.0
sample_12500.pdf,1.0
sample_06911.pdf,0.0
sample_13813.pdf,0.9999271317969104
sample_14488.pdf,0.9949530385326617
sample_07207.pdf,0.0
sample_15974.pdf,0.4424184704184704
sample_00159.pdf,0.0
sample_05542.pdf,0.0
sample_04663.pdf,0.007333333333333334
sample_04256.pdf,0.0
sample_04733.pdf,0.0
sample_09973.pdf,0.8085983184881188
sample_13942.pdf,0.99994646207697
sample_09898.pdf,0.99994646207697
sample_04958.pdf,0.0
sample_14058.pdf,0.9806269542667546
sample_13482.pdf,0.99994646207697
sample_17007.pdf,0.99994646207697
sample_03100.pdf,0.0
sample_13039.pdf,0.99994646207697
sample_17251.pdf,1.0
sample_00090.pdf,0.0
sample_04945.pdf,0.024333333333333335
sample_13987.pdf,0.99994646207697
sample_00149.pdf,0.0025
sample_00951.pdf,0.0
sample_04015.pdf,0.0016666666666666666
sample_07372.pdf,0.0
sample_00900.pdf,0.0
sample_15918.pdf,0.99994646207697
sample_18979.pdf,0.99994646207697
sample_09957.pdf,0.99994646207697
sample_04143.pdf,0.00125
sample_12276.pdf,0.8066744505494509
sample_07114.pdf,0.0
sample_09187.pdf,0.0
sample_07057.pdf,0.0
sample_07331.pdf,0.0
sample_00960.pdf,0.0
sample_17597.pdf,0.99994646207697
sample_00940.pdf,0.0
sample_07514.pdf,0.0
sample_11566.pdf,0.99994646207697
sample_08717.pdf,0.0
sample_19231.pdf,0.99994646207697
sample_08176.pdf,0.0
sample_02831.pdf,0.0
sample_10058.pdf,0.99994646207697
sample_11241.pdf,0.99994646207697
sample_14944.pdf,0.9999271317969104
sample_04834.pdf,0.0
sample_07750.pdf,0.0
sample_06229.pdf,0.0
sample_06566.pdf,0.0
sample_06989.pdf,0.0016666666666666666
sample_10971.pdf,0.99994646207697
sample_12963.pdf,0.99994646207697
sample_03901.pdf,0.0
sample_16731.pdf,0.9999019202130406
sample_17123.pdf,0.99994646207697
sample_13994.pdf,0.99994646207697
sample_17289.pdf,0.99994646207697
sample_14821.pdf,0.99994646207697
sample_09867.pdf,0.9902777777777777
sample_15218.pdf,0.99994646207697
sample_10147.pdf,0.9999019202130406
sample_14151.pdf,0.99994646207697
sample_13690.pdf,0.99994646207697
sample_17959.pdf,0.9999271317969104
sample_01060.pdf,0.0
sample_11484.pdf,0.5118787878787878
sample_12376.pdf,0.99994646207697
sample_11738.pdf,0.99994646207697
sample_15782.pdf,0.9999271317969104
sample_11572.pdf,0.99994646207697
sample_01691.pdf,0.0
sample_00864.pdf,0.0
sample_13572.pdf,0.99994646207697
sample_14581.pdf,0.99994646207697
sample_13975.pdf,0.8504114741641337
sample_15949.pdf,0.99994646207697
sample_15879.pdf,0.99994646207697
sample_09157.pdf,0.0
sample_04287.pdf,0.01
sample_05192.pdf,0.0
sample_00003.pdf,0.0
sample_16020.pdf,0.9999271317969104
sample_03851.pdf,0.0016666666666666666
sample_04877.pdf,0.0
sample_07394.pdf,0.0
sample_04769.pdf,0.0
sample_00964.pdf,0.07075
sample_08396.pdf,0.0
sample_14913.pdf,0.9999019202130406
sample_18509.pdf,0.99994646207697
sample_00317.pdf,0.0
sample_01046.pdf,0.023666666666666666
sample_04912.pdf,0.0
sample_01763.pdf,0.0
sample_02962.pdf,0.012857142857142855
sample_15814.pdf,0.999954019072259
sample_10712.pdf,0.9995454545454545
sample_09531.pdf,0.99994646207697
sample_15299.pdf,0.9999019202130406
sample_19193.pdf,0.839840556262059
sample_12427.pdf,0.995
sample_17024.pdf,0.99994646207697
sample_03386.pdf,0.0
sample_12287.pdf,0.99994646207697
sample_00407.pdf,0.0
sample_03903.pdf,0.04416666666666667
sample_02483.pdf,0.0
sample_13045.pdf,0.99994646207697
sample_13675.pdf,0.99994646207697
sample_05855.pdf,0.0
sample_12025.pdf,0.99994646207697
sample_13268.pdf,0.9999271317969104
sample_15200.pdf,0.99994646207697
sample_04037.pdf,0.24967063492063496
sample_06255.pdf,0.0
sample_01022.pdf,0.0
sample_11670.pdf,0.9908333333333332
sample_16796.pdf,0.9999271317969104
sample_12117.pdf,0.99994646207697
sample_00575.pdf,0.0
sample_11587.pdf,0.7563571428571427
sample_01155.pdf,0.0
sample_09528.pdf,1.0
sample_08033.pdf,0.0
sample_08054.pdf,0.0
sample_04934.pdf,0.0
sample_08174.pdf,0.0
sample_14399.pdf,0.9999019202130406
sample_16002.pdf,0.999954019072259
sample_09638.pdf,0.99994646207697
