file_name,TARGET
sample_02859.docx,8.298366953884362e-06
sample_18163.docx,8.298366953884362e-06
sample_07961.docx,0.9986791539148444
sample_16566.docx,1.0
sample_05384.docx,0.9986791539148444
sample_10409.docx,8.298366953884362e-06
sample_08181.docx,8.298366953884362e-06
sample_10896.docx,0.9986791539148444
sample_07669.docx,8.298366953884362e-06
sample_16184.docx,0.9986791539148444
sample_04246.docx,8.298366953884362e-06
sample_00899.docx,1.0
sample_05816.docx,0.9986791539148444
sample_19973.docx,8.298366953884362e-06
sample_02934.docx,8.298366953884362e-06
sample_03828.docx,0.9986791539148444
sample_12695.docx,0.9986791539148444
sample_15868.docx,8.298366953884362e-06
sample_06309.docx,0.9986791539148444
sample_06045.docx,1.0
sample_06946.docx,0.9986791539148444
sample_00469.docx,8.298366953884362e-06
sample_06395.docx,0.00454078176840433
sample_00529.docx,8.298366953884362e-06
sample_18941.docx,8.298366953884362e-06
sample_18123.docx,0.9986791539148444
sample_01245.docx,8.298366953884362e-06
sample_11960.docx,1.0
sample_01191.docx,8.298366953884362e-06
sample_15885.docx,0.9986791539148444
sample_00724.docx,8.298366953884362e-06
sample_08261.docx,0.9986791539148444
sample_08786.docx,8.298366953884362e-06
sample_04675.docx,8.298366953884362e-06
sample_02263.docx,0.9986791539148444
sample_07312.docx,8.298366953884362e-06
sample_15108.docx,8.298366953884362e-06
sample_08397.docx,8.298366953884362e-06
sample_17164.docx,0.9986791539148444
sample_06165.docx,8.298366953884362e-06
sample_17616.docx,7.99912439196568e-05
sample_13989.docx,8.298366953884362e-06
sample_08728.docx,0.9986791539148444
sample_14119.docx,0.9986791539148444
sample_03494.docx,1.0
sample_04725.docx,8.298366953884362e-06
sample_02202.docx,1.0
sample_04866.docx,8.298366953884362e-06
sample_00276.docx,8.298366953884362e-06
sample_18755.docx,8.298366953884362e-06
sample_11750.docx,8.298366953884362e-06
sample_16542.docx,0.9986791539148444
sample_18276.docx,8.298366953884362e-06
sample_04219.docx,8.298366953884362e-06
sample_11469.docx,1.0
sample_12328.docx,8.298366953884362e-06
sample_13421.docx,8.298366953884362e-06
sample_19076.docx,0.9986791539148444
sample_09874.docx,8.298366953884362e-06
sample_01407.docx,8.298366953884362e-06
sample_18165.docx,0.9986791539148444
sample_14355.docx,1.0
sample_07826.docx,0.9986791539148444
sample_17255.docx,0.9986791539148444
sample_01855.docx,0.9986791539148444
sample_03272.docx,1.0
sample_02139.docx,0.9986791539148444
sample_17074.docx,8.298366953884362e-06
sample_18545.docx,0.9986791539148444
sample_07977.docx,8.298366953884362e-06
sample_09203.docx,8.298366953884362e-06
sample_12688.docx,1.0
sample_02983.docx,0.9986791539148444
sample_18738.docx,1.0
sample_05642.docx,8.298366953884362e-06
sample_09602.docx,0.0
sample_02701.docx,0.0
sample_10658.docx,0.9986791539148444
sample_05916.docx,1.0
sample_12572.docx,8.298366953884362e-06
sample_15621.docx,8.298366953884362e-06
sample_07964.docx,0.9986791539148444
sample_01476.docx,1.0
sample_03237.docx,8.298366953884362e-06
sample_07657.docx,0.9986791539148444
sample_02238.docx,1.0
sample_00582.docx,8.298366953884362e-06
sample_13042.docx,8.298366953884362e-06
sample_04009.docx,8.298366953884362e-06
sample_05367.docx,8.298366953884362e-06
sample_19608.docx,8.298366953884362e-06
sample_05869.docx,1.0
sample_15615.docx,8.298366953884362e-06
sample_05338.docx,0.9986791539148444
sample_12962.docx,8.298366953884362e-06
sample_00327.docx,8.298366953884362e-06
sample_13258.docx,8.298366953884362e-06
sample_03778.docx,8.298366953884362e-06
sample_11891.docx,0.00454078176840433
sample_12035.docx,0.9986791539148444
sample_12297.docx,8.298366953884362e-06
sample_03792.docx,8.298366953884362e-06
sample_08725.docx,1.0
sample_14864.docx,0.9986791539148444
sample_19840.docx,1.0
sample_15928.docx,0.0
sample_14592.docx,0.9986791539148444
sample_10767.docx,1.0
sample_09529.docx,0.9986791539148444
sample_12964.docx,0.9986791539148444
sample_14208.docx,0.9986791539148444
sample_14533.docx,8.298366953884362e-06
sample_17195.docx,0.9986791539148444
sample_03823.docx,8.298366953884362e-06
sample_08807.docx,0.9986791539148444
sample_00569.docx,0.9986791539148444
sample_03892.docx,8.298366953884362e-06
sample_04770.docx,0.9986791539148444
sample_15045.docx,8.298366953884362e-06
sample_08698.docx,8.298366953884362e-06
sample_10533.docx,8.298366953884362e-06
sample_02563.docx,8.298366953884362e-06
sample_08629.docx,8.298366953884362e-06
sample_13920.docx,0.9986791539148444
sample_17480.docx,0.9986791539148444
sample_11569.docx,0.9986791539148444
sample_11213.docx,8.298366953884362e-06
sample_18302.docx,0.9986791539148444
sample_15588.docx,1.0
sample_18285.docx,0.9986791539148444
sample_13358.docx,0.9986791539148444
sample_13676.docx,8.298366953884362e-06
sample_15598.docx,0.9986791539148444
sample_15284.docx,0.0
sample_08953.docx,8.298366953884362e-06
sample_04622.docx,0.9986791539148444
sample_14551.docx,0.9986791539148444
sample_10497.docx,8.298366953884362e-06
sample_13785.docx,8.298366953884362e-06
sample_11679.docx,1.0
sample_06671.docx,1.0
sample_13312.docx,8.298366953884362e-06
sample_19410.docx,0.9986791539148444
sample_16989.docx,0.9986791539148444
sample_10129.docx,1.0
sample_15180.docx,0.9986791539148444
sample_09406.docx,8.298366953884362e-06
sample_11076.docx,1.0
sample_16950.docx,8.298366953884362e-06
sample_10146.docx,8.298366953884362e-06
sample_12371.docx,8.298366953884362e-06
sample_11822.docx,8.298366953884362e-06
sample_11357.docx,1.0
sample_01133.docx,0.9986791539148444
sample_18980.docx,8.298366953884362e-06
sample_10294.docx,8.298366953884362e-06
sample_13999.docx,0.9986791539148444
sample_02387.docx,8.298366953884362e-06
sample_19900.docx,0.9986791539148444
sample_04008.docx,8.298366953884362e-06
sample_11283.docx,0.9986791539148444
sample_04932.docx,8.298366953884362e-06
sample_03152.docx,8.298366953884362e-06
sample_14048.docx,8.298366953884362e-06
sample_14324.docx,8.298366953884362e-06
sample_02864.docx,0.9986791539148444
sample_07375.docx,8.298366953884362e-06
sample_08027.docx,8.298366953884362e-06
sample_10585.docx,1.0
sample_17392.docx,0.9986791539148444
sample_02204.docx,8.298366953884362e-06
sample_03709.docx,8.298366953884362e-06
sample_04744.docx,1.0
sample_04830.docx,1.0
sample_05269.docx,0.9986791539148444
sample_18831.docx,1.0
sample_18509.docx,8.298366953884362e-06
sample_10954.docx,8.298366953884362e-06
sample_16042.docx,8.298366953884362e-06
sample_14880.docx,1.0
sample_06962.docx,0.0
sample_11428.docx,8.298366953884362e-06
sample_05641.docx,0.9986791539148444
sample_10059.docx,8.298366953884362e-06
sample_18487.docx,8.298366953884362e-06
sample_02226.docx,8.298366953884362e-06
sample_14795.docx,1.0
sample_01388.docx,1.0
sample_13165.docx,8.298366953884362e-06
sample_09461.docx,1.0
sample_18325.docx,0.9986791539148444
sample_01423.docx,8.298366953884362e-06
sample_05213.docx,0.9986791539148444
sample_16293.docx,1.0
sample_18725.docx,0.9986791539148444
sample_07110.docx,0.9986791539148444
sample_17184.docx,0.9986791539148444
sample_14537.docx,0.00454078176840433
sample_13075.docx,0.9986791539148444
sample_17635.docx,0.9986791539148444
sample_01308.docx,0.9986791539148444
sample_16968.docx,1.0
sample_14313.docx,8.298366953884362e-06
sample_15798.docx,8.298366953884362e-06
sample_06887.docx,8.298366953884362e-06
sample_17704.docx,0.9986791539148444
sample_07242.docx,0.9986791539148444
sample_09073.docx,1.0
sample_03025.docx,8.298366953884362e-06
sample_09411.docx,8.298366953884362e-06
sample_05358.docx,8.298366953884362e-06
sample_16806.docx,0.9986791539148444
sample_05086.docx,1.0
sample_10657.docx,0.9986791539148444
sample_01938.docx,8.298366953884362e-06
sample_01521.docx,0.9986791539148444
sample_12434.docx,0.9986791539148444
sample_19751.docx,0.9986791539148444
sample_18859.docx,8.298366953884362e-06
sample_10375.docx,0.9986791539148444
sample_13364.docx,0.9986791539148444
sample_15204.docx,8.298366953884362e-06
sample_18875.docx,1.0
sample_03533.docx,0.9986791539148444
sample_14066.docx,8.298366953884362e-06
sample_00856.docx,1.0
sample_16747.docx,0.9986791539148444
sample_11547.docx,8.298366953884362e-06
sample_10064.docx,8.298366953884362e-06
sample_12350.docx,0.9986791539148444
sample_04792.docx,8.298366953884362e-06
sample_09224.docx,0.9986791539148444
sample_01180.docx,0.9986791539148444
sample_09418.docx,0.0
sample_12409.docx,8.298366953884362e-06
sample_12613.docx,8.298366953884362e-06
sample_03603.docx,8.298366953884362e-06
sample_00218.docx,8.298366953884362e-06
sample_08053.docx,1.0
sample_05469.docx,1.0
sample_16001.docx,8.298366953884362e-06
sample_17574.docx,8.298366953884362e-06
sample_09340.docx,8.298366953884362e-06
sample_00487.docx,8.298366953884362e-06
sample_07759.docx,0.9986791539148444
sample_09507.docx,1.0
sample_04863.docx,8.298366953884362e-06
sample_17896.docx,8.298366953884362e-06
sample_17910.docx,0.9986791539148444
sample_15828.docx,1.0
sample_11952.docx,0.9986791539148444
sample_04232.docx,8.298366953884362e-06
sample_02160.docx,1.0
sample_09106.docx,0.9986791539148444
sample_17642.docx,0.9986791539148444
sample_07269.docx,0.0
sample_13746.docx,8.298366953884362e-06
sample_09058.docx,0.9986791539148444
sample_03294.docx,8.298366953884362e-06
sample_15972.docx,0.9986791539148444
sample_04479.docx,1.0
sample_18584.docx,1.0
sample_00906.docx,1.0
sample_12894.docx,8.298366953884362e-06
sample_16825.docx,0.9986791539148444
sample_07670.docx,1.0
sample_18936.docx,0.9986791539148444
sample_03020.docx,1.0
sample_16502.docx,1.0
sample_02361.docx,8.298366953884362e-06
sample_08101.docx,8.298366953884362e-06
sample_04064.docx,8.298366953884362e-06
sample_06719.docx,8.298366953884362e-06
sample_12796.docx,1.0
sample_03791.docx,0.9986791539148444
sample_12560.docx,0.9986791539148444
sample_05057.docx,0.9986791539148444
sample_18420.docx,8.298366953884362e-06
sample_11770.docx,0.9986791539148444
sample_08590.docx,8.298366953884362e-06
sample_16162.docx,7.99912439196568e-05
sample_17582.docx,0.9986791539148444
sample_00591.docx,8.298366953884362e-06
sample_19877.docx,1.0
sample_01248.docx,8.298366953884362e-06
sample_18630.docx,8.298366953884362e-06
sample_04962.docx,8.298366953884362e-06
sample_06597.docx,8.298366953884362e-06
sample_04114.docx,0.9986791539148444
sample_16918.docx,0.9986791539148444
sample_13273.docx,0.9986791539148444
sample_13142.docx,8.298366953884362e-06
sample_04308.docx,8.298366953884362e-06
sample_13405.docx,8.298366953884362e-06
sample_14624.docx,8.298366953884362e-06
sample_06075.docx,0.9986791539148444
sample_00705.docx,0.9986791539148444
sample_14716.docx,0.9986791539148444
sample_14052.docx,0.9986791539148444
sample_14959.docx,0.9986791539148444
sample_13818.docx,0.9986791539148444
sample_11649.docx,0.9986791539148444
sample_10285.docx,8.298366953884362e-06
sample_06304.docx,0.9986791539148444
sample_07702.docx,0.9986791539148444
sample_07527.docx,1.0
sample_10304.docx,0.9986791539148444
sample_12686.docx,0.9986791539148444
sample_03234.docx,8.298366953884362e-06
sample_02004.docx,0.9986791539148444
sample_12425.docx,0.9986791539148444
sample_18845.docx,0.9986791539148444
sample_16048.docx,7.99912439196568e-05
sample_03577.docx,8.298366953884362e-06
sample_09295.docx,1.0
sample_04508.docx,8.298366953884362e-06
sample_17470.docx,0.9986791539148444
sample_16362.docx,1.0
sample_14601.docx,0.9986791539148444
sample_11686.docx,8.298366953884362e-06
sample_14889.docx,8.298366953884362e-06
sample_13384.docx,0.9986791539148444
sample_02699.docx,0.9986791539148444
sample_14154.docx,7.99912439196568e-05
sample_09560.docx,0.9986791539148444
sample_19241.docx,1.0
sample_06577.docx,0.9986791539148444
sample_03051.docx,8.298366953884362e-06
sample_07437.docx,0.0
sample_11146.docx,8.298366953884362e-06
sample_03890.docx,0.9986791539148444
sample_15677.docx,1.0
sample_09697.docx,8.298366953884362e-06
sample_17467.docx,8.298366953884362e-06
sample_06538.docx,8.298366953884362e-06
sample_16722.docx,1.0
sample_08248.docx,8.298366953884362e-06
sample_04948.docx,1.0
sample_15273.docx,8.298366953884362e-06
sample_13950.docx,8.298366953884362e-06
sample_05684.docx,8.298366953884362e-06
sample_07649.docx,0.9986791539148444
sample_14213.docx,8.298366953884362e-06
sample_05109.docx,0.0
sample_03841.docx,1.0
sample_18004.docx,8.298366953884362e-06
sample_08757.docx,0.9986791539148444
sample_14784.docx,1.0
sample_05069.docx,0.9986791539148444
sample_14591.docx,0.9986791539148444
sample_11883.docx,8.298366953884362e-06
sample_10032.docx,0.9986791539148444
sample_15567.docx,8.298366953884362e-06
sample_15967.docx,8.298366953884362e-06
sample_15214.docx,8.298366953884362e-06
sample_16861.docx,8.298366953884362e-06
sample_19713.docx,8.298366953884362e-06
sample_06111.docx,8.298366953884362e-06
sample_14616.docx,8.298366953884362e-06
sample_03784.docx,1.0
sample_18763.docx,1.0
sample_12529.docx,8.298366953884362e-06
sample_09355.docx,0.9986791539148444
sample_04902.docx,0.9986791539148444
sample_19721.docx,1.0
sample_00875.docx,8.298366953884362e-06
sample_19658.docx,0.0
sample_18920.docx,0.9986791539148444
sample_16508.docx,1.0
sample_11032.docx,8.298366953884362e-06
sample_17946.docx,8.298366953884362e-06
sample_05080.docx,8.298366953884362e-06
sample_16930.docx,8.298366953884362e-06
sample_11550.docx,1.0
sample_18191.docx,1.0
sample_00512.docx,0.9986791539148444
sample_04635.docx,0.00454078176840433
sample_01327.docx,0.9986791539148444
sample_16979.docx,1.0
sample_16345.docx,8.298366953884362e-06
sample_15452.docx,8.298366953884362e-06
sample_13561.docx,8.298366953884362e-06
sample_14051.docx,8.298366953884362e-06
sample_17859.docx,8.298366953884362e-06
sample_17791.docx,8.298366953884362e-06
sample_18409.docx,8.298366953884362e-06
sample_16732.docx,8.298366953884362e-06
sample_19275.docx,8.298366953884362e-06
sample_05083.docx,8.298366953884362e-06
sample_09105.docx,1.0
sample_08303.docx,0.9986791539148444
sample_08853.docx,8.298366953884362e-06
sample_14182.docx,8.298366953884362e-06
sample_12017.docx,8.298366953884362e-06
sample_07986.docx,8.298366953884362e-06
sample_13392.docx,8.298366953884362e-06
sample_19163.docx,8.298366953884362e-06
sample_01369.docx,8.298366953884362e-06
sample_03410.docx,0.9986791539148444
sample_16085.docx,0.9986791539148444
sample_16936.docx,8.298366953884362e-06
sample_05920.docx,8.298366953884362e-06
sample_12047.docx,8.298366953884362e-06
sample_10277.docx,0.0
sample_15476.docx,8.298366953884362e-06
sample_11280.docx,0.9986791539148444
sample_07319.docx,1.0
sample_01103.docx,1.0
sample_05720.docx,1.0
sample_08247.docx,1.0
sample_03982.docx,0.9986791539148444
sample_00396.docx,1.0
sample_10405.docx,8.298366953884362e-06
sample_12264.docx,8.298366953884362e-06
sample_11786.docx,1.0
sample_01773.docx,0.9986791539148444
sample_19966.docx,8.298366953884362e-06
sample_08856.docx,8.298366953884362e-06
sample_00894.docx,8.298366953884362e-06
sample_01541.docx,8.298366953884362e-06
sample_14125.docx,1.0
sample_05061.docx,1.0
sample_15688.docx,0.9986791539148444
sample_12210.docx,1.0
sample_14406.docx,8.298366953884362e-06
sample_13866.docx,8.298366953884362e-06
sample_07192.docx,0.9986791539148444
sample_05543.docx,8.298366953884362e-06
sample_03977.docx,0.9986791539148444
sample_15823.docx,0.9986791539148444
sample_13089.docx,1.0
sample_19531.docx,0.9986791539148444
sample_07060.docx,0.00454078176840433
sample_04277.docx,1.0
sample_05831.docx,8.298366953884362e-06
sample_04570.docx,0.9986791539148444
sample_15511.docx,8.298366953884362e-06
sample_08718.docx,8.298366953884362e-06
sample_08462.docx,0.9986791539148444
sample_10698.docx,0.9986791539148444
sample_00142.docx,1.0
sample_14049.docx,0.9986791539148444
sample_11127.docx,0.9986791539148444
sample_10435.docx,8.298366953884362e-06
sample_00686.docx,0.9986791539148444
sample_15880.docx,8.298366953884362e-06
sample_14510.docx,0.9986791539148444
sample_13073.docx,0.9986791539148444
sample_19321.docx,8.298366953884362e-06
sample_15378.docx,0.9986791539148444
sample_19365.docx,8.298366953884362e-06
sample_01573.docx,8.298366953884362e-06
sample_04057.docx,8.298366953884362e-06
sample_18331.docx,8.298366953884362e-06
sample_19801.docx,1.0
sample_05883.docx,8.298366953884362e-06
sample_19842.docx,0.9986791539148444
sample_19921.docx,8.298366953884362e-06
sample_14528.docx,0.9986791539148444
sample_06900.docx,1.0
sample_14779.docx,0.9986791539148444
sample_00467.docx,8.298366953884362e-06
sample_02267.docx,8.298366953884362e-06
sample_14392.docx,8.298366953884362e-06
sample_10614.docx,0.9986791539148444
sample_06547.docx,8.298366953884362e-06
sample_11480.docx,0.9986791539148444
sample_18631.docx,8.298366953884362e-06
sample_14770.docx,0.9986791539148444
sample_01940.docx,8.298366953884362e-06
sample_11232.docx,0.9986791539148444
sample_18161.docx,1.0
sample_13194.docx,1.0
sample_10633.docx,8.298366953884362e-06
sample_11614.docx,0.9986791539148444
sample_17835.docx,8.298366953884362e-06
sample_00139.docx,1.0
sample_01325.docx,1.0
sample_06929.docx,8.298366953884362e-06
sample_13146.docx,0.9986791539148444
sample_07728.docx,8.298366953884362e-06
sample_01585.docx,0.0
sample_13806.docx,8.298366953884362e-06
sample_14259.docx,8.298366953884362e-06
sample_16044.docx,1.0
sample_01657.docx,8.298366953884362e-06
sample_03762.docx,0.9986791539148444
sample_08145.docx,8.298366953884362e-06
sample_06133.docx,8.298366953884362e-06
sample_03656.docx,8.298366953884362e-06
sample_04901.docx,8.298366953884362e-06
sample_13944.docx,8.298366953884362e-06
sample_18915.docx,1.0
sample_15699.docx,8.298366953884362e-06
sample_07141.docx,0.9986791539148444
sample_12621.docx,0.9986791539148444
sample_05481.docx,8.298366953884362e-06
sample_13039.docx,0.9986791539148444
sample_03741.docx,8.298366953884362e-06
sample_02499.docx,0.9986791539148444
sample_07196.docx,8.298366953884362e-06
sample_17219.docx,8.298366953884362e-06
sample_07684.docx,8.298366953884362e-06
sample_06988.docx,0.9986791539148444
sample_08116.docx,8.298366953884362e-06
sample_03637.docx,0.9986791539148444
sample_08771.docx,8.298366953884362e-06
sample_01316.docx,0.0
sample_10355.docx,1.0
sample_00269.docx,8.298366953884362e-06
sample_16927.docx,1.0
sample_07724.docx,0.9986791539148444
sample_03743.docx,0.9986791539148444
sample_14315.docx,8.298366953884362e-06
sample_05805.docx,1.0
sample_11133.docx,8.298366953884362e-06
sample_18715.docx,1.0
sample_03659.docx,0.9986791539148444
sample_07204.docx,8.298366953884362e-06
sample_04643.docx,8.298366953884362e-06
sample_04519.docx,0.9986791539148444
sample_05718.docx,1.0
sample_19776.docx,0.0
sample_07276.docx,0.9986791539148444
sample_03652.docx,8.298366953884362e-06
sample_07358.docx,8.298366953884362e-06
sample_18882.docx,8.298366953884362e-06
sample_14997.docx,8.298366953884362e-06
sample_06683.docx,1.0
sample_14014.docx,0.9986791539148444
sample_02628.docx,1.0
sample_12236.docx,1.0
sample_17082.docx,1.0
sample_02460.docx,0.9986791539148444
sample_16611.docx,0.9986791539148444
sample_15834.docx,0.9986791539148444
sample_11233.docx,0.9986791539148444
sample_16348.docx,8.298366953884362e-06
sample_16903.docx,8.298366953884362e-06
sample_14245.docx,1.0
sample_03517.docx,1.0
sample_15738.docx,0.9986791539148444
sample_05400.docx,8.298366953884362e-06
sample_01101.docx,8.298366953884362e-06
sample_19346.docx,0.9986791539148444
sample_02083.docx,0.0
sample_02788.docx,0.9986791539148444
sample_00755.docx,8.298366953884362e-06
sample_14028.docx,0.9986791539148444
sample_03626.docx,1.0
sample_09449.docx,8.298366953884362e-06
sample_04585.docx,0.9986791539148444
sample_10571.docx,8.298366953884362e-06
sample_12361.docx,8.298366953884362e-06
sample_19004.docx,8.298366953884362e-06
sample_00486.docx,8.298366953884362e-06
sample_12469.docx,8.298366953884362e-06
sample_12158.docx,8.298366953884362e-06
sample_09430.docx,0.9986791539148444
sample_01653.docx,8.298366953884362e-06
sample_00737.docx,1.0
sample_16792.docx,8.298366953884362e-06
sample_10060.docx,1.0
sample_12193.docx,8.298366953884362e-06
sample_17254.docx,8.298366953884362e-06
sample_05986.docx,1.0
sample_07083.docx,0.9986791539148444
sample_19868.docx,0.9986791539148444
sample_16917.docx,8.298366953884362e-06
sample_01507.docx,0.9986791539148444
sample_11304.docx,0.9986791539148444
sample_16399.docx,1.0
sample_01400.docx,0.9986791539148444
sample_01645.docx,8.298366953884362e-06
sample_12324.docx,8.298366953884362e-06
sample_01021.docx,1.0
sample_02371.docx,8.298366953884362e-06
sample_07489.docx,8.298366953884362e-06
sample_09732.docx,0.9986791539148444
sample_00787.docx,8.298366953884362e-06
sample_01485.docx,1.0
sample_19959.docx,0.9986791539148444
sample_12820.docx,0.9986791539148444
sample_19830.docx,8.298366953884362e-06
sample_09144.docx,8.298366953884362e-06
sample_11036.docx,8.298366953884362e-06
sample_19972.docx,8.298366953884362e-06
sample_05963.docx,0.9986791539148444
sample_18854.docx,8.298366953884362e-06
sample_02875.docx,8.298366953884362e-06
sample_14830.docx,1.0
sample_01036.docx,8.298366953884362e-06
sample_01924.docx,1.0
sample_09543.docx,8.298366953884362e-06
sample_19150.docx,1.0
sample_17185.docx,8.298366953884362e-06
sample_16763.docx,8.298366953884362e-06
sample_09051.docx,0.0
sample_16995.docx,8.298366953884362e-06
sample_17858.docx,8.298366953884362e-06
sample_13504.docx,0.9986791539148444
sample_08548.docx,8.298366953884362e-06
sample_11706.docx,8.298366953884362e-06
sample_18001.docx,8.298366953884362e-06
sample_08368.docx,1.0
sample_12857.docx,8.298366953884362e-06
sample_10637.docx,0.9986791539148444
sample_16931.docx,0.9986791539148444
sample_15376.docx,1.0
sample_14979.docx,1.0
sample_00945.docx,8.298366953884362e-06
sample_12360.docx,8.298366953884362e-06
sample_11245.docx,1.0
sample_16734.docx,8.298366953884362e-06
sample_16654.docx,8.298366953884362e-06
sample_04966.docx,8.298366953884362e-06
sample_09347.docx,1.0
sample_02219.docx,8.298366953884362e-06
sample_10105.docx,8.298366953884362e-06
sample_19914.docx,8.298366953884362e-06
sample_17989.docx,8.298366953884362e-06
sample_01649.docx,8.298366953884362e-06
sample_19145.docx,8.298366953884362e-06
sample_02654.docx,8.298366953884362e-06
sample_16428.docx,8.298366953884362e-06
sample_18324.docx,0.9986791539148444
sample_19108.docx,8.298366953884362e-06
sample_17106.docx,1.0
sample_14732.docx,8.298366953884362e-06
sample_03064.docx,8.298366953884362e-06
sample_13822.docx,0.0
sample_06366.docx,1.0
sample_18938.docx,8.298366953884362e-06
sample_09755.docx,8.298366953884362e-06
sample_04154.docx,8.298366953884362e-06
sample_15499.docx,0.9986791539148444
sample_01802.docx,8.298366953884362e-06
sample_00277.docx,1.0
sample_08139.docx,8.298366953884362e-06
sample_09626.docx,0.9986791539148444
sample_17559.docx,8.298366953884362e-06
sample_10523.docx,0.9986791539148444
sample_12595.docx,8.298366953884362e-06
sample_00934.docx,8.298366953884362e-06
sample_07344.docx,8.298366953884362e-06
sample_02462.docx,8.298366953884362e-06
sample_14420.docx,7.99912439196568e-05
sample_14017.docx,1.0
sample_15339.docx,8.298366953884362e-06
sample_08803.docx,8.298366953884362e-06
sample_10839.docx,0.9986791539148444
sample_05623.docx,1.0
sample_06484.docx,8.298366953884362e-06
sample_17669.docx,8.298366953884362e-06
sample_05478.docx,8.298366953884362e-06
sample_16466.docx,1.0
sample_13322.docx,0.9986791539148444
sample_11042.docx,8.298366953884362e-06
sample_03614.docx,0.9986791539148444
sample_15188.docx,0.9986791539148444
sample_16360.docx,8.298366953884362e-06
sample_12355.docx,1.0
sample_04293.docx,8.298366953884362e-06
sample_01009.docx,8.298366953884362e-06
sample_07328.docx,8.298366953884362e-06
sample_09160.docx,0.9986791539148444
sample_15056.docx,8.298366953884362e-06
sample_00704.docx,8.298366953884362e-06
sample_00767.docx,1.0
sample_13638.docx,0.9986791539148444
sample_02342.docx,8.298366953884362e-06
sample_04654.docx,8.298366953884362e-06
sample_12069.docx,1.0
sample_03810.docx,8.298366953884362e-06
sample_11112.docx,8.298366953884362e-06
sample_01184.docx,7.99912439196568e-05
sample_08990.docx,0.9986791539148444
sample_04065.docx,0.9986791539148444
sample_07124.docx,8.298366953884362e-06
sample_13487.docx,0.9986791539148444
sample_02973.docx,1.0
sample_05605.docx,8.298366953884362e-06
sample_11371.docx,8.298366953884362e-06
sample_06112.docx,0.9986791539148444
sample_18159.docx,8.298366953884362e-06
sample_04271.docx,8.298366953884362e-06
sample_13155.docx,8.298366953884362e-06
sample_03592.docx,1.0
sample_16618.docx,8.298366953884362e-06
sample_03513.docx,8.298366953884362e-06
sample_14707.docx,8.298366953884362e-06
sample_18873.docx,1.0
sample_13829.docx,0.9986791539148444
sample_17018.docx,8.298366953884362e-06
sample_06074.docx,8.298366953884362e-06
sample_07581.docx,8.298366953884362e-06
sample_07366.docx,0.9986791539148444
sample_16191.docx,0.9986791539148444
sample_17366.docx,1.0
sample_04884.docx,1.0
sample_18391.docx,0.9986791539148444
sample_15900.docx,0.9986791539148444
sample_14094.docx,0.9986791539148444
sample_07103.docx,8.298366953884362e-06
sample_07793.docx,0.9986791539148444
sample_19673.docx,1.0
sample_04644.docx,1.0
sample_11965.docx,8.298366953884362e-06
sample_15385.docx,0.9986791539148444
sample_15356.docx,8.298366953884362e-06
sample_01033.docx,8.298366953884362e-06
sample_04836.docx,8.298366953884362e-06
sample_10086.docx,0.9986791539148444
sample_17297.docx,8.298366953884362e-06
sample_02824.docx,0.9986791539148444
sample_15018.docx,0.0
sample_01961.docx,8.298366953884362e-06
sample_18431.docx,0.9986791539148444
sample_02944.docx,0.9986791539148444
sample_06406.docx,8.298366953884362e-06
sample_11658.docx,0.9986791539148444
sample_10535.docx,0.00454078176840433
sample_18829.docx,0.9986791539148444
sample_08660.docx,8.298366953884362e-06
sample_18192.docx,0.9986791539148444
sample_06749.docx,8.298366953884362e-06
sample_02353.docx,0.9986791539148444
sample_18807.docx,1.0
sample_11420.docx,0.9986791539148444
sample_06642.docx,8.298366953884362e-06
sample_17792.docx,8.298366953884362e-06
sample_16642.docx,8.298366953884362e-06
sample_14062.docx,8.298366953884362e-06
sample_16133.docx,1.0
sample_19191.docx,1.0
sample_06385.docx,8.298366953884362e-06
sample_13411.docx,0.9986791539148444
sample_11298.docx,1.0
sample_04655.docx,0.9986791539148444
sample_03471.docx,1.0
sample_03910.docx,8.298366953884362e-06
sample_10228.docx,0.9986791539148444
sample_09302.docx,0.9986791539148444
sample_04492.docx,1.0
sample_00548.docx,0.9986791539148444
sample_04689.docx,8.298366953884362e-06
sample_04970.docx,0.9986791539148444
sample_05594.docx,0.9986791539148444
sample_10510.docx,0.9986791539148444
sample_12072.docx,0.9986791539148444
sample_02122.docx,0.9986791539148444
sample_17711.docx,1.0
sample_07049.docx,8.298366953884362e-06
sample_17758.docx,1.0
sample_08300.docx,0.9986791539148444
sample_08182.docx,0.9986791539148444
sample_07705.docx,0.9986791539148444
sample_13797.docx,8.298366953884362e-06
sample_01390.docx,8.298366953884362e-06
sample_15921.docx,8.298366953884362e-06
sample_15719.docx,8.298366953884362e-06
sample_08643.docx,0.9986791539148444
sample_16097.docx,0.9986791539148444
sample_10162.docx,8.298366953884362e-06
sample_02717.docx,8.298366953884362e-06
sample_03519.docx,8.298366953884362e-06
sample_13468.docx,8.298366953884362e-06
sample_04664.docx,8.298366953884362e-06
sample_17459.docx,8.298366953884362e-06
sample_17016.docx,0.9986791539148444
sample_19515.docx,8.298366953884362e-06
sample_03346.docx,0.9986791539148444
sample_11878.docx,7.99912439196568e-05
sample_15171.docx,8.298366953884362e-06
sample_01921.docx,8.298366953884362e-06
sample_14505.docx,1.0
sample_17503.docx,0.9986791539148444
sample_09791.docx,8.298366953884362e-06
sample_00279.docx,0.9986791539148444
sample_17401.docx,8.298366953884362e-06
sample_02730.docx,8.298366953884362e-06
sample_19573.docx,8.298366953884362e-06
sample_07914.docx,0.9986791539148444
sample_00129.docx,1.0
sample_18257.docx,8.298366953884362e-06
sample_03714.docx,1.0
sample_04825.docx,0.0
sample_18555.docx,1.0
sample_02712.docx,8.298366953884362e-06
sample_08044.docx,1.0
sample_19913.docx,0.9986791539148444
sample_12172.docx,8.298366953884362e-06
sample_08096.docx,0.9986791539148444
sample_18820.docx,0.9986791539148444
sample_04796.docx,8.298366953884362e-06
sample_05070.docx,8.298366953884362e-06
sample_11029.docx,8.298366953884362e-06
sample_00397.docx,0.9986791539148444
sample_11376.docx,1.0
sample_05699.docx,1.0
sample_07509.docx,1.0
sample_17341.docx,0.9986791539148444
sample_09904.docx,1.0
sample_13948.docx,8.298366953884362e-06
sample_18045.docx,0.9986791539148444
sample_04531.docx,0.9986791539148444
sample_16136.docx,1.0
sample_12265.docx,1.0
sample_18513.docx,0.9986791539148444
sample_02425.docx,0.9986791539148444
sample_16652.docx,0.9986791539148444
sample_19738.docx,8.298366953884362e-06
sample_05989.docx,8.298366953884362e-06
sample_14453.docx,8.298366953884362e-06
sample_10692.docx,1.0
sample_11834.docx,0.9986791539148444
sample_18701.docx,0.9986791539148444
sample_01614.docx,0.9986791539148444
sample_17105.docx,0.9986791539148444
sample_15052.docx,8.298366953884362e-06
sample_01633.docx,8.298366953884362e-06
sample_07643.docx,8.298366953884362e-06
sample_02133.docx,0.9986791539148444
sample_13276.docx,8.298366953884362e-06
sample_11320.docx,1.0
sample_10930.docx,1.0
sample_08026.docx,8.298366953884362e-06
sample_11124.docx,8.298366953884362e-06
sample_02550.docx,1.0
sample_18350.docx,8.298366953884362e-06
sample_14229.docx,0.9986791539148444
sample_17619.docx,1.0
sample_16797.docx,8.298366953884362e-06
sample_08562.docx,8.298366953884362e-06
sample_13667.docx,8.298366953884362e-06
sample_18372.docx,1.0
sample_10031.docx,8.298366953884362e-06
sample_00681.docx,8.298366953884362e-06
sample_01420.docx,1.0
sample_17349.docx,1.0
sample_16525.docx,8.298366953884362e-06
sample_13349.docx,8.298366953884362e-06
sample_00010.docx,8.298366953884362e-06
sample_18625.docx,1.0
sample_08663.docx,8.298366953884362e-06
sample_08228.docx,8.298366953884362e-06
sample_17667.docx,0.9986791539148444
sample_18535.docx,8.298366953884362e-06
sample_01925.docx,1.0
sample_13171.docx,8.298366953884362e-06
sample_13422.docx,1.0
sample_09723.docx,8.298366953884362e-06
sample_07267.docx,8.298366953884362e-06
sample_13314.docx,8.298366953884362e-06
sample_08249.docx,0.9986791539148444
sample_03616.docx,8.298366953884362e-06
sample_04345.docx,8.298366953884362e-06
sample_03516.docx,8.298366953884362e-06
sample_01828.docx,0.9986791539148444
sample_18381.docx,8.298366953884362e-06
sample_13041.docx,8.298366953884362e-06
sample_18957.docx,0.9986791539148444
sample_11728.docx,8.298366953884362e-06
sample_01260.docx,0.9986791539148444
sample_07134.docx,8.298366953884362e-06
sample_03126.docx,8.298366953884362e-06
sample_09287.docx,1.0
sample_19137.docx,8.298366953884362e-06
sample_11616.docx,1.0
sample_10139.docx,8.298366953884362e-06
sample_04579.docx,0.9986791539148444
sample_13420.docx,8.298366953884362e-06
sample_07598.docx,8.298366953884362e-06
sample_01505.docx,0.9986791539148444
sample_05135.docx,0.9986791539148444
sample_01252.docx,1.0
sample_05657.docx,7.99912439196568e-05
sample_15123.docx,1.0
sample_09742.docx,1.0
sample_13017.docx,8.298366953884362e-06
sample_01378.docx,0.9986791539148444
sample_14643.docx,1.0
sample_12934.docx,1.0
sample_16051.docx,0.9986791539148444
sample_08387.docx,0.00454078176840433
sample_02287.docx,8.298366953884362e-06
sample_09519.docx,8.298366953884362e-06
sample_01312.docx,8.298366953884362e-06
sample_08910.docx,8.298366953884362e-06
sample_04876.docx,0.9986791539148444
sample_08603.docx,0.9986791539148444
sample_03574.docx,8.298366953884362e-06
sample_00414.docx,8.298366953884362e-06
sample_04802.docx,1.0
sample_07634.docx,1.0
sample_13052.docx,8.298366953884362e-06
sample_05030.docx,8.298366953884362e-06
sample_18002.docx,1.0
sample_18563.docx,8.298366953884362e-06
sample_17710.docx,8.298366953884362e-06
sample_02514.docx,8.298366953884362e-06
sample_19350.docx,0.9986791539148444
sample_12399.docx,0.9986791539148444
sample_12448.docx,8.298366953884362e-06
sample_18275.docx,8.298366953884362e-06
sample_04861.docx,0.9986791539148444
sample_02151.docx,0.9986791539148444
sample_14723.docx,8.298366953884362e-06
sample_04946.docx,8.298366953884362e-06
sample_04184.docx,1.0
sample_07538.docx,8.298366953884362e-06
sample_05643.docx,8.298366953884362e-06
sample_08664.docx,8.298366953884362e-06
sample_14390.docx,0.0
sample_12016.docx,8.298366953884362e-06
sample_17655.docx,8.298366953884362e-06
sample_06845.docx,8.298366953884362e-06
sample_05380.docx,8.298366953884362e-06
sample_08923.docx,0.9986791539148444
sample_05891.docx,8.298366953884362e-06
sample_16640.docx,1.0
sample_13424.docx,0.9986791539148444
sample_12708.docx,0.9986791539148444
sample_15034.docx,8.298366953884362e-06
sample_07796.docx,1.0
sample_17198.docx,0.9986791539148444
sample_12268.docx,0.9986791539148444
sample_11934.docx,8.298366953884362e-06
sample_01147.docx,1.0
sample_05837.docx,1.0
sample_15997.docx,0.9986791539148444
sample_06682.docx,1.0
sample_17302.docx,1.0
sample_09883.docx,0.9986791539148444
sample_19637.docx,8.298366953884362e-06
sample_15374.docx,8.298366953884362e-06
sample_07823.docx,0.9986791539148444
sample_04478.docx,0.9986791539148444
sample_19336.docx,0.9986791539148444
sample_00559.docx,0.9986791539148444
sample_10457.docx,1.0
sample_02273.docx,0.9986791539148444
sample_14041.docx,8.298366953884362e-06
sample_07054.docx,0.9986791539148444
sample_00560.docx,8.298366953884362e-06
sample_16572.docx,7.99912439196568e-05
sample_17142.docx,0.9986791539148444
sample_15300.docx,0.9986791539148444
sample_09337.docx,0.9986791539148444
sample_14362.docx,8.298366953884362e-06
sample_14983.docx,0.9986791539148444
sample_04425.docx,0.9986791539148444
sample_03121.docx,8.298366953884362e-06
sample_10834.docx,1.0
sample_02121.docx,0.9986791539148444
sample_03217.docx,1.0
sample_17812.docx,0.9986791539148444
sample_03767.docx,8.298366953884362e-06
sample_07456.docx,8.298366953884362e-06
sample_19833.docx,1.0
sample_19988.docx,8.298366953884362e-06
sample_18130.docx,8.298366953884362e-06
sample_14180.docx,8.298366953884362e-06
sample_15592.docx,0.9986791539148444
sample_13821.docx,0.9986791539148444
sample_12068.docx,1.0
sample_10023.docx,0.9986791539148444
sample_09041.docx,1.0
sample_01090.docx,0.9986791539148444
sample_02867.docx,8.298366953884362e-06
sample_12862.docx,8.298366953884362e-06
sample_00260.docx,8.298366953884362e-06
sample_14676.docx,1.0
sample_18147.docx,0.9986791539148444
sample_11250.docx,1.0
sample_08274.docx,1.0
sample_15027.docx,8.298366953884362e-06
sample_08328.docx,8.298366953884362e-06
sample_07369.docx,0.9986791539148444
sample_13526.docx,8.298366953884362e-06
sample_06525.docx,0.9986791539148444
sample_00293.docx,0.9986791539148444
sample_01591.docx,1.0
sample_19214.docx,0.9986791539148444
sample_03083.docx,8.298366953884362e-06
sample_12357.docx,8.298366953884362e-06
sample_01993.docx,8.298366953884362e-06
sample_00853.docx,1.0
sample_06036.docx,1.0
sample_14803.docx,8.298366953884362e-06
sample_15742.docx,0.9986791539148444
sample_02623.docx,0.9986791539148444
sample_17814.docx,8.298366953884362e-06
sample_01580.docx,1.0
sample_18933.docx,8.298366953884362e-06
sample_04734.docx,0.9986791539148444
sample_18258.docx,8.298366953884362e-06
sample_07618.docx,8.298366953884362e-06
sample_14972.docx,0.9986791539148444
sample_17229.docx,8.298366953884362e-06
sample_01877.docx,0.9986791539148444
sample_11652.docx,0.9986791539148444
sample_03016.docx,0.9986791539148444
sample_18437.docx,1.0
sample_06012.docx,8.298366953884362e-06
sample_01809.docx,1.0
sample_05238.docx,8.298366953884362e-06
sample_11475.docx,1.0
sample_16219.docx,8.298366953884362e-06
sample_17227.docx,1.0
sample_12252.docx,8.298366953884362e-06
sample_15976.docx,0.9986791539148444
sample_19625.docx,8.298366953884362e-06
sample_13565.docx,8.298366953884362e-06
sample_18300.docx,0.9986791539148444
sample_11814.docx,8.298366953884362e-06
sample_01221.docx,8.298366953884362e-06
sample_06338.docx,8.298366953884362e-06
sample_12909.docx,8.298366953884362e-06
sample_11494.docx,0.9986791539148444
sample_00662.docx,8.298366953884362e-06
sample_06984.docx,1.0
sample_12663.docx,8.298366953884362e-06
sample_18986.docx,8.298366953884362e-06
sample_16312.docx,8.298366953884362e-06
sample_12574.docx,8.298366953884362e-06
sample_19754.docx,0.9986791539148444
sample_05815.docx,0.0
sample_08530.docx,0.9986791539148444
sample_13206.docx,0.9986791539148444
sample_17585.docx,8.298366953884362e-06
sample_16197.docx,0.9986791539148444
sample_15954.docx,0.9986791539148444
sample_09135.docx,0.0
sample_00011.docx,8.298366953884362e-06
sample_11219.docx,8.298366953884362e-06
sample_00015.docx,1.0
sample_07675.docx,8.298366953884362e-06
sample_03847.docx,8.298366953884362e-06
sample_17007.docx,0.9986791539148444
sample_07586.docx,0.9986791539148444
sample_18361.docx,8.298366953884362e-06
sample_11257.docx,8.298366953884362e-06
sample_12455.docx,8.298366953884362e-06
sample_02153.docx,1.0
sample_12094.docx,0.9986791539148444
sample_09627.docx,8.298366953884362e-06
sample_01542.docx,8.298366953884362e-06
sample_13713.docx,8.298366953884362e-06
sample_10680.docx,8.298366953884362e-06
sample_04241.docx,0.9986791539148444
sample_05376.docx,8.298366953884362e-06
sample_10154.docx,0.9986791539148444
sample_04272.docx,8.298366953884362e-06
sample_06308.docx,8.298366953884362e-06
sample_18897.docx,0.9986791539148444
sample_06235.docx,0.9986791539148444
sample_17323.docx,0.9986791539148444
sample_10583.docx,0.9986791539148444
sample_13466.docx,0.9986791539148444
sample_06483.docx,0.9986791539148444
sample_16742.docx,0.9986791539148444
sample_12460.docx,8.298366953884362e-06
sample_18732.docx,8.298366953884362e-06
sample_06023.docx,8.298366953884362e-06
sample_14454.docx,0.9986791539148444
sample_08292.docx,8.298366953884362e-06
sample_17107.docx,1.0
sample_00212.docx,0.9986791539148444
sample_09656.docx,8.298366953884362e-06
sample_11981.docx,8.298366953884362e-06
sample_02523.docx,8.298366953884362e-06
sample_11145.docx,0.9986791539148444
sample_09165.docx,1.0
sample_09996.docx,0.9986791539148444
sample_00290.docx,8.298366953884362e-06
sample_07551.docx,0.9986791539148444
sample_03975.docx,8.298366953884362e-06
sample_10703.docx,0.9986791539148444
sample_09795.docx,0.9986791539148444
sample_08366.docx,8.298366953884362e-06
sample_07436.docx,1.0
sample_05138.docx,1.0
sample_18055.docx,0.9986791539148444
sample_03347.docx,8.298366953884362e-06
sample_07626.docx,1.0
sample_12814.docx,8.298366953884362e-06
sample_08414.docx,1.0
sample_11211.docx,8.298366953884362e-06
sample_09463.docx,0.9986791539148444
sample_05997.docx,1.0
sample_11335.docx,1.0
sample_00968.docx,0.9986791539148444
sample_12804.docx,0.9986791539148444
sample_16857.docx,1.0
sample_12960.docx,0.00454078176840433
sample_14099.docx,8.298366953884362e-06
sample_08897.docx,0.9986791539148444
sample_18960.docx,1.0
sample_07379.docx,8.298366953884362e-06
sample_14127.docx,0.9986791539148444
sample_18020.docx,8.298366953884362e-06
sample_19976.docx,8.298366953884362e-06
sample_13764.docx,8.298366953884362e-06
sample_05765.docx,8.298366953884362e-06
sample_04975.docx,8.298366953884362e-06
sample_11019.docx,1.0
sample_10491.docx,1.0
sample_18382.docx,8.298366953884362e-06
sample_16570.docx,8.298366953884362e-06
sample_14736.docx,8.298366953884362e-06
sample_02541.docx,8.298366953884362e-06
sample_11635.docx,1.0
sample_15025.docx,8.298366953884362e-06
sample_08209.docx,8.298366953884362e-06
sample_17920.docx,0.0
sample_16450.docx,8.298366953884362e-06
sample_09493.docx,8.298366953884362e-06
sample_18617.docx,8.298366953884362e-06
sample_13823.docx,8.298366953884362e-06
sample_03987.docx,8.298366953884362e-06
sample_12797.docx,8.298366953884362e-06
sample_10080.docx,8.298366953884362e-06
sample_15971.docx,0.9986791539148444
sample_13040.docx,8.298366953884362e-06
sample_03941.docx,8.298366953884362e-06
sample_05948.docx,1.0
sample_01989.docx,8.298366953884362e-06
sample_06051.docx,8.298366953884362e-06
sample_10982.docx,8.298366953884362e-06
sample_07816.docx,8.298366953884362e-06
sample_14408.docx,8.298366953884362e-06
sample_13097.docx,8.298366953884362e-06
sample_19745.docx,8.298366953884362e-06
sample_11105.docx,0.9986791539148444
sample_02555.docx,8.298366953884362e-06
sample_15728.docx,0.9986791539148444
sample_07335.docx,1.0
sample_17397.docx,0.9986791539148444
sample_14218.docx,8.298366953884362e-06
sample_09663.docx,8.298366953884362e-06
sample_02483.docx,8.298366953884362e-06
sample_16134.docx,1.0
sample_14669.docx,0.0
sample_10580.docx,1.0
sample_16267.docx,8.298366953884362e-06
sample_15086.docx,0.9986791539148444
sample_11809.docx,0.9986791539148444
sample_02089.docx,8.298366953884362e-06
sample_07390.docx,8.298366953884362e-06
sample_11150.docx,0.9986791539148444
sample_02641.docx,0.9986791539148444
sample_04005.docx,8.298366953884362e-06
sample_04234.docx,8.298366953884362e-06
sample_15260.docx,8.298366953884362e-06
sample_07464.docx,8.298366953884362e-06
sample_13059.docx,8.298366953884362e-06
sample_14472.docx,8.298366953884362e-06
sample_13298.docx,8.298366953884362e-06
sample_09354.docx,0.9986791539148444
sample_13394.docx,0.9986791539148444
sample_13371.docx,1.0
sample_02367.docx,1.0
sample_07129.docx,8.298366953884362e-06
sample_00503.docx,0.9986791539148444
sample_11152.docx,8.298366953884362e-06
sample_06427.docx,0.9986791539148444
sample_16046.docx,1.0
sample_18022.docx,8.298366953884362e-06
sample_12846.docx,0.9986791539148444
sample_15876.docx,8.298366953884362e-06
sample_06883.docx,8.298366953884362e-06
sample_14556.docx,1.0
sample_12483.docx,8.298366953884362e-06
sample_04429.docx,0.9986791539148444
sample_18166.docx,0.9986791539148444
sample_15741.docx,8.298366953884362e-06
sample_09783.docx,1.0
sample_18768.docx,8.298366953884362e-06
sample_17408.docx,8.298366953884362e-06
sample_15110.docx,8.298366953884362e-06
sample_08900.docx,8.298366953884362e-06
sample_19995.docx,8.298366953884362e-06
sample_12774.docx,1.0
sample_16376.docx,0.9986791539148444
sample_09291.docx,0.9986791539148444
sample_16974.docx,8.298366953884362e-06
sample_14414.docx,0.9986791539148444
sample_08286.docx,8.298366953884362e-06
sample_05440.docx,1.0
sample_02346.docx,0.9986791539148444
sample_01139.docx,8.298366953884362e-06
sample_19548.docx,1.0
sample_15490.docx,0.9986791539148444
sample_17265.docx,8.298366953884362e-06
sample_08437.docx,8.298366953884362e-06
sample_14587.docx,8.298366953884362e-06
sample_05330.docx,8.298366953884362e-06
sample_14826.docx,0.9986791539148444
sample_18804.docx,8.298366953884362e-06
sample_04844.docx,0.9986791539148444
sample_09049.docx,1.0
sample_08899.docx,8.298366953884362e-06
sample_04255.docx,0.9986791539148444
sample_19768.docx,0.9986791539148444
sample_03360.docx,0.9986791539148444
sample_01201.docx,0.9986791539148444
sample_07401.docx,0.9986791539148444
sample_00880.docx,0.9986791539148444
sample_01586.docx,8.298366953884362e-06
sample_05602.docx,8.298366953884362e-06
sample_12123.docx,0.9986791539148444
sample_01370.docx,8.298366953884362e-06
sample_04103.docx,8.298366953884362e-06
sample_01066.docx,8.298366953884362e-06
sample_04193.docx,8.298366953884362e-06
sample_09194.docx,8.298366953884362e-06
sample_08528.docx,8.298366953884362e-06
sample_00733.docx,1.0
sample_02976.docx,0.9986791539148444
sample_02054.docx,8.298366953884362e-06
sample_19680.docx,8.298366953884362e-06
sample_11461.docx,8.298366953884362e-06
sample_06184.docx,1.0
sample_03261.docx,8.298366953884362e-06
sample_10609.docx,0.9986791539148444
sample_19000.docx,8.298366953884362e-06
sample_04653.docx,8.298366953884362e-06
sample_09911.docx,8.298366953884362e-06
sample_01225.docx,0.9986791539148444
sample_13737.docx,1.0
sample_15746.docx,8.298366953884362e-06
sample_16013.docx,0.9986791539148444
sample_17821.docx,1.0
sample_06407.docx,8.298366953884362e-06
sample_02251.docx,8.298366953884362e-06
sample_19570.docx,1.0
sample_07295.docx,0.9986791539148444
sample_18262.docx,8.298366953884362e-06
sample_09719.docx,0.9986791539148444
sample_18974.docx,7.99912439196568e-05
sample_02000.docx,0.9986791539148444
sample_08517.docx,0.9986791539148444
sample_03813.docx,0.9986791539148444
sample_15744.docx,1.0
sample_19963.docx,8.298366953884362e-06
sample_18720.docx,8.298366953884362e-06
sample_00561.docx,8.298366953884362e-06
sample_13949.docx,0.9986791539148444
sample_09107.docx,0.9986791539148444
sample_07507.docx,8.298366953884362e-06
sample_10075.docx,0.9986791539148444
sample_10710.docx,0.9986791539148444
sample_15637.docx,0.9986791539148444
sample_00126.docx,8.298366953884362e-06
sample_06784.docx,0.9986791539148444
sample_18306.docx,8.298366953884362e-06
sample_07318.docx,0.9986791539148444
sample_12213.docx,0.9986791539148444
sample_08844.docx,8.298366953884362e-06
sample_12869.docx,7.99912439196568e-05
sample_07484.docx,8.298366953884362e-06
sample_12333.docx,8.298366953884362e-06
sample_18604.docx,1.0
sample_19451.docx,0.9986791539148444
sample_06319.docx,0.9986791539148444
sample_01217.docx,0.9986791539148444
sample_08219.docx,8.298366953884362e-06
sample_19931.docx,0.9986791539148444
sample_12382.docx,1.0
sample_15639.docx,1.0
sample_03834.docx,8.298366953884362e-06
sample_01836.docx,0.9986791539148444
sample_12198.docx,1.0
sample_17309.docx,1.0
sample_15236.docx,8.298366953884362e-06
sample_19844.docx,8.298366953884362e-06
sample_00109.docx,0.9986791539148444
sample_05889.docx,8.298366953884362e-06
sample_13471.docx,0.9986791539148444
sample_06137.docx,8.298366953884362e-06
sample_13741.docx,0.9986791539148444
sample_16206.docx,1.0
sample_00057.docx,8.298366953884362e-06
sample_03919.docx,1.0
sample_07195.docx,1.0
sample_17289.docx,8.298366953884362e-06
sample_09820.docx,1.0
sample_13361.docx,8.298366953884362e-06
sample_08569.docx,8.298366953884362e-06
sample_15898.docx,0.9986791539148444
sample_16122.docx,0.9986791539148444
sample_17091.docx,0.9986791539148444
sample_02082.docx,8.298366953884362e-06
sample_02450.docx,1.0
sample_06521.docx,8.298366953884362e-06
sample_12616.docx,0.9986791539148444
sample_05820.docx,1.0
sample_10292.docx,8.298366953884362e-06
sample_10316.docx,8.298366953884362e-06
sample_18050.docx,1.0
sample_16506.docx,1.0
sample_06600.docx,0.9986791539148444
sample_11001.docx,8.298366953884362e-06
sample_09558.docx,8.298366953884362e-06
sample_13045.docx,1.0
sample_09505.docx,1.0
sample_04489.docx,0.9986791539148444
sample_04279.docx,0.9986791539148444
sample_11214.docx,0.9986791539148444
sample_07405.docx,8.298366953884362e-06
sample_04470.docx,8.298366953884362e-06
sample_12082.docx,0.9986791539148444
sample_15646.docx,8.298366953884362e-06
sample_18408.docx,1.0
sample_07349.docx,0.9986791539148444
sample_08348.docx,8.298366953884362e-06
sample_09252.docx,8.298366953884362e-06
sample_12707.docx,0.9986791539148444
sample_12363.docx,0.9986791539148444
sample_17435.docx,8.298366953884362e-06
sample_01303.docx,0.9986791539148444
sample_01335.docx,0.9986791539148444
sample_00431.docx,8.298366953884362e-06
sample_08504.docx,8.298366953884362e-06
sample_18663.docx,8.298366953884362e-06
sample_18198.docx,1.0
sample_18481.docx,8.298366953884362e-06
sample_18771.docx,0.9986791539148444
sample_17253.docx,8.298366953884362e-06
sample_13112.docx,8.298366953884362e-06
sample_02050.docx,8.298366953884362e-06
sample_13202.docx,1.0
sample_13695.docx,0.9986791539148444
sample_15765.docx,8.298366953884362e-06
sample_03327.docx,0.9986791539148444
sample_18182.docx,8.298366953884362e-06
sample_19053.docx,8.298366953884362e-06
sample_02447.docx,0.9986791539148444
sample_00480.docx,8.298366953884362e-06
sample_13830.docx,8.298366953884362e-06
sample_06008.docx,0.9986791539148444
sample_00198.docx,8.298366953884362e-06
sample_06881.docx,8.298366953884362e-06
sample_13131.docx,8.298366953884362e-06
sample_07633.docx,0.9986791539148444
sample_03352.docx,0.9986791539148444
sample_07292.docx,8.298366953884362e-06
sample_00537.docx,1.0
sample_00714.docx,1.0
sample_02433.docx,8.298366953884362e-06
sample_14140.docx,0.9986791539148444
sample_05876.docx,1.0
sample_08646.docx,8.298366953884362e-06
sample_09962.docx,8.298366953884362e-06
sample_04093.docx,8.298366953884362e-06
sample_03038.docx,1.0
sample_09771.docx,0.9986791539148444
sample_05206.docx,0.9986791539148444
sample_18153.docx,0.9986791539148444
sample_16339.docx,0.9986791539148444
sample_12767.docx,1.0
sample_10156.docx,8.298366953884362e-06
sample_01954.docx,0.9986791539148444
sample_19500.docx,8.298366953884362e-06
sample_09836.docx,1.0
sample_19765.docx,0.9986791539148444
sample_03330.docx,0.9986791539148444
sample_17177.docx,0.9986791539148444
sample_15502.docx,8.298366953884362e-06
sample_19486.docx,1.0
sample_01490.docx,1.0
sample_09631.docx,8.298366953884362e-06
sample_10976.docx,0.9986791539148444
sample_06732.docx,8.298366953884362e-06
sample_00610.docx,8.298366953884362e-06
sample_18173.docx,0.9986791539148444
sample_07987.docx,0.9986791539148444
sample_10831.docx,8.298366953884362e-06
sample_16262.docx,8.298366953884362e-06
sample_01534.docx,0.9986791539148444
sample_07799.docx,8.298366953884362e-06
sample_10824.docx,8.298366953884362e-06
sample_00183.docx,0.9986791539148444
sample_07565.docx,1.0
sample_05414.docx,8.298366953884362e-06
sample_01345.docx,0.9986791539148444
sample_16687.docx,1.0
sample_16787.docx,8.298366953884362e-06
sample_12081.docx,8.298366953884362e-06
sample_15946.docx,8.298366953884362e-06
sample_03745.docx,8.298366953884362e-06
sample_02761.docx,1.0
sample_12918.docx,0.9986791539148444
sample_07222.docx,1.0
sample_16378.docx,8.298366953884362e-06
sample_19259.docx,0.9986791539148444
sample_09556.docx,1.0
sample_07010.docx,8.298366953884362e-06
sample_03688.docx,8.298366953884362e-06
sample_12177.docx,0.9986791539148444
sample_03489.docx,8.298366953884362e-06
sample_10332.docx,0.9986791539148444
sample_17040.docx,1.0
sample_13423.docx,8.298366953884362e-06
sample_07461.docx,1.0
sample_10013.docx,0.9986791539148444
sample_17772.docx,8.298366953884362e-06
sample_04069.docx,8.298366953884362e-06
sample_09524.docx,1.0
sample_13540.docx,0.9986791539148444
sample_14345.docx,8.298366953884362e-06
sample_10712.docx,8.298366953884362e-06
sample_01757.docx,8.298366953884362e-06
sample_02780.docx,8.298366953884362e-06
sample_07621.docx,8.298366953884362e-06
sample_08687.docx,1.0
sample_05973.docx,0.9986791539148444
sample_07345.docx,8.298366953884362e-06
sample_14214.docx,1.0
sample_10196.docx,0.9986791539148444
sample_07757.docx,8.298366953884362e-06
sample_00326.docx,1.0
sample_13429.docx,0.9986791539148444
sample_19863.docx,0.9986791539148444
sample_18851.docx,8.298366953884362e-06
sample_16135.docx,0.9986791539148444
sample_17475.docx,8.298366953884362e-06
sample_10775.docx,8.298366953884362e-06
sample_19307.docx,8.298366953884362e-06
sample_00658.docx,8.298366953884362e-06
sample_13232.docx,8.298366953884362e-06
sample_12410.docx,1.0
sample_06702.docx,8.298366953884362e-06
sample_12919.docx,0.9986791539148444
sample_09903.docx,1.0
sample_10618.docx,1.0
sample_14312.docx,0.9986791539148444
sample_05868.docx,0.0
sample_13493.docx,8.298366953884362e-06
sample_16897.docx,8.298366953884362e-06
sample_01397.docx,8.298366953884362e-06
sample_03023.docx,1.0
sample_01643.docx,8.298366953884362e-06
sample_02431.docx,8.298366953884362e-06
sample_19106.docx,0.9986791539148444
sample_18692.docx,8.298366953884362e-06
sample_12568.docx,8.298366953884362e-06
sample_14250.docx,0.9986791539148444
sample_07116.docx,8.298366953884362e-06
sample_12057.docx,8.298366953884362e-06
sample_09372.docx,0.9986791539148444
sample_00814.docx,8.298366953884362e-06
sample_18087.docx,0.9986791539148444
sample_07407.docx,0.9986791539148444
sample_18554.docx,1.0
sample_14542.docx,1.0
sample_00003.docx,0.0
sample_16946.docx,0.9986791539148444
sample_00344.docx,8.298366953884362e-06
sample_09498.docx,8.298366953884362e-06
sample_11753.docx,8.298366953884362e-06
sample_02363.docx,0.9986791539148444
sample_01913.docx,8.298366953884362e-06
sample_14836.docx,8.298366953884362e-06
sample_15460.docx,0.9986791539148444
sample_05439.docx,8.298366953884362e-06
sample_16774.docx,8.298366953884362e-06
sample_17849.docx,0.9986791539148444
sample_08486.docx,0.9986791539148444
sample_16168.docx,8.298366953884362e-06
sample_14641.docx,8.298366953884362e-06
sample_11279.docx,8.298366953884362e-06
sample_12433.docx,0.9986791539148444
sample_19860.docx,1.0
sample_09680.docx,1.0
sample_05189.docx,1.0
sample_08514.docx,1.0
sample_07352.docx,8.298366953884362e-06
sample_06884.docx,0.9986791539148444
sample_03098.docx,8.298366953884362e-06
sample_07827.docx,1.0
sample_18589.docx,0.9986791539148444
sample_14322.docx,1.0
sample_17575.docx,8.298366953884362e-06
sample_14370.docx,8.298366953884362e-06
sample_03069.docx,0.9986791539148444
sample_01385.docx,0.9986791539148444
sample_19050.docx,1.0
sample_01694.docx,1.0
sample_00890.docx,8.298366953884362e-06
sample_02567.docx,1.0
sample_18459.docx,7.99912439196568e-05
sample_02048.docx,8.298366953884362e-06
sample_11551.docx,8.298366953884362e-06
sample_07225.docx,0.00454078176840433
sample_12558.docx,8.298366953884362e-06
sample_03796.docx,0.9986791539148444
sample_03740.docx,8.298366953884362e-06
sample_10371.docx,0.9986791539148444
sample_07764.docx,8.298366953884362e-06
sample_15221.docx,8.298366953884362e-06
sample_01985.docx,8.298366953884362e-06
sample_07801.docx,8.298366953884362e-06
sample_12129.docx,0.9986791539148444
sample_02545.docx,0.9986791539148444
sample_01537.docx,0.9986791539148444
sample_19729.docx,8.298366953884362e-06
sample_02034.docx,8.298366953884362e-06
sample_10319.docx,8.298366953884362e-06
sample_19202.docx,0.9986791539148444
sample_15185.docx,0.9986791539148444
sample_10189.docx,8.298366953884362e-06
sample_16058.docx,1.0
sample_13021.docx,8.298366953884362e-06
sample_07426.docx,0.9986791539148444
sample_03293.docx,0.9986791539148444
sample_09038.docx,1.0
sample_11028.docx,0.9986791539148444
sample_11497.docx,0.9986791539148444
sample_03317.docx,0.9986791539148444
sample_17973.docx,8.298366953884362e-06
sample_12929.docx,0.9986791539148444
sample_11645.docx,1.0
sample_10420.docx,8.298366953884362e-06
sample_04819.docx,0.9986791539148444
sample_07398.docx,1.0
sample_08425.docx,1.0
sample_11887.docx,0.9986791539148444
sample_03411.docx,1.0
sample_14460.docx,8.298366953884362e-06
sample_08317.docx,0.0
sample_08295.docx,1.0
sample_10346.docx,8.298366953884362e-06
sample_08568.docx,7.99912439196568e-05
sample_19159.docx,8.298366953884362e-06
sample_08790.docx,8.298366953884362e-06
sample_07616.docx,8.298366953884362e-06
sample_02276.docx,0.9986791539148444
sample_12532.docx,8.298366953884362e-06
sample_10406.docx,0.9986791539148444
sample_10100.docx,8.298366953884362e-06
sample_05276.docx,8.298366953884362e-06
sample_01283.docx,8.298366953884362e-06
sample_03970.docx,8.298366953884362e-06
sample_04073.docx,0.9986791539148444
sample_01032.docx,8.298366953884362e-06
sample_18569.docx,8.298366953884362e-06
sample_13566.docx,8.298366953884362e-06
sample_13756.docx,0.9986791539148444
sample_04680.docx,0.9986791539148444
sample_04995.docx,8.298366953884362e-06
sample_00978.docx,1.0
sample_07210.docx,1.0
sample_01209.docx,1.0
sample_01152.docx,0.9986791539148444
sample_15684.docx,0.9986791539148444
sample_04936.docx,8.298366953884362e-06
sample_03365.docx,0.9986791539148444
sample_12302.docx,8.298366953884362e-06
sample_19372.docx,8.298366953884362e-06
sample_05762.docx,0.9986791539148444
sample_18822.docx,1.0
sample_10203.docx,1.0
sample_03605.docx,0.9986791539148444
sample_07955.docx,8.298366953884362e-06
sample_19979.docx,8.298366953884362e-06
sample_16777.docx,8.298366953884362e-06
sample_04348.docx,8.298366953884362e-06
sample_13912.docx,0.9986791539148444
sample_14691.docx,8.298366953884362e-06
sample_07715.docx,0.0
sample_18815.docx,0.9986791539148444
sample_10218.docx,0.9986791539148444
sample_01451.docx,7.99912439196568e-05
sample_10099.docx,8.298366953884362e-06
sample_02206.docx,8.298366953884362e-06
sample_05319.docx,8.298366953884362e-06
sample_10679.docx,8.298366953884362e-06
sample_19369.docx,8.298366953884362e-06
sample_04203.docx,8.298366953884362e-06
sample_06640.docx,8.298366953884362e-06
sample_01107.docx,8.298366953884362e-06
sample_15636.docx,0.9986791539148444
sample_11558.docx,8.298366953884362e-06
sample_15181.docx,8.298366953884362e-06
sample_15793.docx,8.298366953884362e-06
sample_18242.docx,8.298366953884362e-06
sample_08788.docx,8.298366953884362e-06
sample_13544.docx,0.9986791539148444
sample_17453.docx,1.0
sample_05652.docx,0.9986791539148444
sample_12949.docx,0.9986791539148444
sample_15309.docx,8.298366953884362e-06
sample_08522.docx,8.298366953884362e-06
sample_10868.docx,0.9986791539148444
sample_18443.docx,0.9986791539148444
sample_07460.docx,0.9986791539148444
sample_15773.docx,0.9986791539148444
sample_16472.docx,1.0
sample_12567.docx,8.298366953884362e-06
sample_17326.docx,8.298366953884362e-06
sample_11091.docx,8.298366953884362e-06
sample_07147.docx,8.298366953884362e-06
sample_01034.docx,0.9986791539148444
sample_05243.docx,8.298366953884362e-06
sample_06958.docx,0.9986791539148444
sample_17681.docx,1.0
sample_12655.docx,8.298366953884362e-06
sample_10483.docx,8.298366953884362e-06
sample_04086.docx,8.298366953884362e-06
sample_00452.docx,0.9986791539148444
sample_01328.docx,8.298366953884362e-06
sample_16178.docx,8.298366953884362e-06
sample_04688.docx,0.9986791539148444
sample_04609.docx,0.9986791539148444
sample_08227.docx,8.298366953884362e-06
sample_14919.docx,8.298366953884362e-06
sample_15814.docx,0.9986791539148444
sample_05204.docx,1.0
sample_15784.docx,0.9986791539148444
sample_04603.docx,8.298366953884362e-06
sample_01486.docx,0.9986791539148444
sample_03689.docx,8.298366953884362e-06
sample_03648.docx,8.298366953884362e-06
sample_05184.docx,8.298366953884362e-06
sample_19880.docx,8.298366953884362e-06
sample_13730.docx,8.298366953884362e-06
sample_00986.docx,0.9986791539148444
sample_18736.docx,1.0
sample_01254.docx,8.298366953884362e-06
sample_05449.docx,0.9986791539148444
sample_03725.docx,8.298366953884362e-06
sample_12145.docx,8.298366953884362e-06
sample_01851.docx,8.298366953884362e-06
sample_14656.docx,0.9986791539148444
sample_08167.docx,8.298366953884362e-06
sample_02520.docx,8.298366953884362e-06
sample_16510.docx,0.9986791539148444
sample_13706.docx,1.0
sample_03542.docx,8.298366953884362e-06
sample_08795.docx,8.298366953884362e-06
sample_10145.docx,0.0
sample_09797.docx,8.298366953884362e-06
sample_14942.docx,1.0
sample_05607.docx,0.9986791539148444
sample_17028.docx,8.298366953884362e-06
sample_06339.docx,8.298366953884362e-06
sample_16430.docx,8.298366953884362e-06
sample_08318.docx,8.298366953884362e-06
sample_08291.docx,8.298366953884362e-06
sample_17927.docx,8.298366953884362e-06
sample_07512.docx,0.9986791539148444
sample_03456.docx,8.298366953884362e-06
sample_18643.docx,8.298366953884362e-06
sample_05411.docx,0.9986791539148444
sample_16419.docx,1.0
sample_12618.docx,0.00454078176840433
sample_12721.docx,8.298366953884362e-06
sample_12585.docx,8.298366953884362e-06
sample_18072.docx,0.9986791539148444
sample_02741.docx,0.9986791539148444
sample_19119.docx,1.0
sample_17369.docx,8.298366953884362e-06
sample_01868.docx,8.298366953884362e-06
sample_07341.docx,8.298366953884362e-06
sample_09467.docx,1.0
sample_18186.docx,0.9986791539148444
sample_19869.docx,1.0
sample_19083.docx,8.298366953884362e-06
sample_10373.docx,8.298366953884362e-06
sample_17551.docx,8.298366953884362e-06
sample_19402.docx,8.298366953884362e-06
sample_18404.docx,1.0
sample_00207.docx,0.9986791539148444
sample_18482.docx,8.298366953884362e-06
sample_07140.docx,8.298366953884362e-06
sample_12113.docx,0.9986791539148444
sample_11964.docx,1.0
sample_06912.docx,8.298366953884362e-06
sample_00858.docx,0.9986791539148444
sample_06491.docx,8.298366953884362e-06
sample_00988.docx,8.298366953884362e-06
sample_00567.docx,8.298366953884362e-06
sample_01421.docx,8.298366953884362e-06
sample_03386.docx,0.9986791539148444
sample_18527.docx,0.9986791539148444
sample_09744.docx,1.0
sample_10851.docx,0.9986791539148444
sample_10290.docx,8.298366953884362e-06
sample_10089.docx,8.298366953884362e-06
sample_09989.docx,0.9986791539148444
sample_14143.docx,1.0
sample_17872.docx,8.298366953884362e-06
sample_00775.docx,8.298366953884362e-06
sample_09104.docx,8.298366953884362e-06
sample_13158.docx,0.0
sample_05977.docx,8.298366953884362e-06
sample_03443.docx,0.9986791539148444
sample_06080.docx,0.9986791539148444
sample_17103.docx,8.298366953884362e-06
sample_16346.docx,0.9986791539148444
sample_16992.docx,1.0
sample_18813.docx,8.298366953884362e-06
sample_01800.docx,0.9986791539148444
sample_06545.docx,8.298366953884362e-06
sample_15314.docx,1.0
sample_03131.docx,8.298366953884362e-06
sample_07515.docx,1.0
sample_01888.docx,8.298366953884362e-06
sample_00515.docx,0.9986791539148444
sample_19992.docx,1.0
sample_05093.docx,8.298366953884362e-06
sample_16602.docx,8.298366953884362e-06
sample_11290.docx,1.0
sample_17804.docx,0.9986791539148444
sample_19742.docx,8.298366953884362e-06
sample_07342.docx,8.298366953884362e-06
sample_02526.docx,1.0
sample_05077.docx,8.298366953884362e-06
sample_08894.docx,1.0
sample_05201.docx,0.0
sample_04507.docx,8.298366953884362e-06
sample_13058.docx,0.9986791539148444
sample_11958.docx,1.0
sample_15578.docx,0.9986791539148444
sample_09588.docx,0.9986791539148444
sample_18341.docx,1.0
sample_05321.docx,8.298366953884362e-06
sample_08775.docx,1.0
sample_05914.docx,8.298366953884362e-06
sample_01114.docx,8.298366953884362e-06
sample_12788.docx,8.298366953884362e-06
sample_16889.docx,0.9986791539148444
sample_07514.docx,0.0
sample_03274.docx,8.298366953884362e-06
sample_05949.docx,1.0
sample_06664.docx,8.298366953884362e-06
sample_04685.docx,1.0
sample_15829.docx,8.298366953884362e-06
sample_19002.docx,0.9986791539148444
sample_19545.docx,8.298366953884362e-06
sample_04449.docx,8.298366953884362e-06
sample_02429.docx,0.9986791539148444
sample_01565.docx,0.9986791539148444
sample_09992.docx,8.298366953884362e-06
sample_02104.docx,0.9986791539148444
sample_07859.docx,8.298366953884362e-06
sample_02264.docx,1.0
sample_09083.docx,1.0
sample_03850.docx,0.9986791539148444
sample_19538.docx,8.298366953884362e-06
sample_01810.docx,1.0
sample_07655.docx,0.9986791539148444
sample_16326.docx,8.298366953884362e-06
sample_19743.docx,0.9986791539148444
sample_19340.docx,8.298366953884362e-06
sample_01284.docx,1.0
sample_00985.docx,8.298366953884362e-06
sample_16425.docx,1.0
sample_18695.docx,0.9986791539148444
sample_13151.docx,0.9986791539148444
sample_11224.docx,0.9986791539148444
sample_06751.docx,8.298366953884362e-06
sample_15527.docx,1.0
sample_01064.docx,1.0
sample_13958.docx,8.298366953884362e-06
sample_19747.docx,8.298366953884362e-06
sample_02649.docx,0.9986791539148444
sample_12027.docx,8.298366953884362e-06
sample_18141.docx,8.298366953884362e-06
sample_18608.docx,8.298366953884362e-06
sample_14059.docx,0.9986791539148444
sample_00247.docx,0.9986791539148444
sample_01091.docx,0.0
sample_11110.docx,8.298366953884362e-06
sample_12071.docx,8.298366953884362e-06
sample_00590.docx,8.298366953884362e-06
sample_06830.docx,1.0
sample_02455.docx,8.298366953884362e-06
sample_09360.docx,1.0
sample_06624.docx,0.9986791539148444
sample_05664.docx,0.9986791539148444
sample_15704.docx,1.0
sample_10451.docx,1.0
sample_19725.docx,0.9986791539148444
sample_10782.docx,8.298366953884362e-06
sample_14894.docx,1.0
sample_07803.docx,0.9986791539148444
sample_19487.docx,1.0
sample_13483.docx,0.9986791539148444
sample_12101.docx,0.9986791539148444
sample_05732.docx,8.298366953884362e-06
sample_09612.docx,8.298366953884362e-06
sample_11709.docx,1.0
sample_11515.docx,0.9986791539148444
sample_19450.docx,8.298366953884362e-06
sample_04710.docx,8.298366953884362e-06
sample_15630.docx,8.298366953884362e-06
sample_06860.docx,8.298366953884362e-06
sample_01871.docx,1.0
sample_03301.docx,8.298366953884362e-06
sample_03378.docx,8.298366953884362e-06
sample_17724.docx,8.298366953884362e-06
sample_10208.docx,8.298366953884362e-06
sample_15712.docx,0.0
sample_16145.docx,0.9986791539148444
sample_00355.docx,0.9986791539148444
sample_01682.docx,0.9986791539148444
sample_04848.docx,8.298366953884362e-06
sample_00022.docx,8.298366953884362e-06
sample_08331.docx,8.298366953884362e-06
sample_08460.docx,0.9986791539148444
sample_08774.docx,1.0
sample_00912.docx,1.0
sample_09154.docx,8.298366953884362e-06
sample_12917.docx,8.298366953884362e-06
sample_19168.docx,0.9986791539148444
sample_08231.docx,0.0
sample_03362.docx,1.0
sample_17276.docx,0.9986791539148444
sample_18078.docx,0.9986791539148444
sample_01934.docx,7.99912439196568e-05
sample_08220.docx,0.9986791539148444
sample_06868.docx,8.298366953884362e-06
sample_16319.docx,0.0
sample_17657.docx,0.9986791539148444
sample_08237.docx,8.298366953884362e-06
sample_15336.docx,8.298366953884362e-06
sample_15989.docx,8.298366953884362e-06
sample_03839.docx,8.298366953884362e-06
sample_08632.docx,0.9986791539148444
sample_15893.docx,8.298366953884362e-06
sample_16098.docx,8.298366953884362e-06
sample_17766.docx,1.0
sample_05067.docx,8.298366953884362e-06
sample_17897.docx,0.9986791539148444
sample_15359.docx,8.298366953884362e-06
sample_10444.docx,8.298366953884362e-06
sample_18593.docx,0.9986791539148444
sample_03130.docx,0.9986791539148444
sample_17330.docx,8.298366953884362e-06
sample_08465.docx,8.298366953884362e-06
sample_04662.docx,0.9986791539148444
sample_08490.docx,0.9986791539148444
sample_13876.docx,0.9986791539148444
sample_00712.docx,8.298366953884362e-06
sample_14891.docx,8.298366953884362e-06
sample_17102.docx,0.9986791539148444
sample_01354.docx,0.9986791539148444
sample_10610.docx,8.298366953884362e-06
sample_11739.docx,8.298366953884362e-06
sample_12642.docx,1.0
sample_06337.docx,8.298366953884362e-06
sample_08596.docx,8.298366953884362e-06
sample_13373.docx,0.9986791539148444
sample_19706.docx,0.9986791539148444
sample_17275.docx,8.298366953884362e-06
sample_18799.docx,8.298366953884362e-06
sample_17316.docx,0.9986791539148444
sample_11240.docx,8.298366953884362e-06
sample_11537.docx,8.298366953884362e-06
sample_14021.docx,1.0
sample_19272.docx,8.298366953884362e-06
sample_04969.docx,0.9986791539148444
sample_01881.docx,8.298366953884362e-06
sample_15855.docx,8.298366953884362e-06
sample_14426.docx,8.298366953884362e-06
sample_06356.docx,8.298366953884362e-06
sample_08587.docx,8.298366953884362e-06
sample_00149.docx,0.00454078176840433
sample_14515.docx,0.9986791539148444
sample_17909.docx,8.298366953884362e-06
sample_12223.docx,8.298366953884362e-06
sample_06976.docx,8.298366953884362e-06
sample_17241.docx,8.298366953884362e-06
sample_07809.docx,0.9986791539148444
sample_13675.docx,1.0
sample_18970.docx,0.9986791539148444
sample_14190.docx,8.298366953884362e-06
sample_09233.docx,0.9986791539148444
sample_06826.docx,8.298366953884362e-06
sample_01442.docx,0.9986791539148444
sample_02413.docx,8.298366953884362e-06
sample_11979.docx,8.298366953884362e-06
sample_15479.docx,8.298366953884362e-06
sample_12229.docx,0.9986791539148444
sample_15584.docx,8.298366953884362e-06
sample_08787.docx,8.298366953884362e-06
sample_11707.docx,0.9986791539148444
sample_00613.docx,1.0
sample_05791.docx,1.0
sample_12500.docx,0.9986791539148444
sample_00776.docx,1.0
sample_12677.docx,8.298366953884362e-06
sample_18338.docx,0.9986791539148444
sample_11442.docx,0.9986791539148444
sample_09489.docx,1.0
sample_19134.docx,1.0
sample_05434.docx,8.298366953884362e-06
sample_17364.docx,1.0
sample_05836.docx,0.9986791539148444
sample_05282.docx,0.9986791539148444
sample_17251.docx,8.298366953884362e-06
sample_04171.docx,8.298366953884362e-06
sample_03343.docx,1.0
sample_04331.docx,8.298366953884362e-06
sample_06680.docx,0.9986791539148444
sample_15043.docx,8.298366953884362e-06
sample_15139.docx,8.298366953884362e-06
sample_08686.docx,0.9986791539148444
sample_01256.docx,8.298366953884362e-06
sample_15697.docx,0.9986791539148444
sample_19353.docx,8.298366953884362e-06
sample_04591.docx,8.298366953884362e-06
sample_12799.docx,8.298366953884362e-06
sample_01453.docx,0.9986791539148444
sample_06264.docx,8.298366953884362e-06
sample_07497.docx,8.298366953884362e-06
sample_02440.docx,0.9986791539148444
sample_13880.docx,8.298366953884362e-06
sample_03401.docx,8.298366953884362e-06
sample_04764.docx,0.9986791539148444
sample_04621.docx,0.9986791539148444
sample_01393.docx,8.298366953884362e-06
sample_03342.docx,8.298366953884362e-06
sample_06431.docx,8.298366953884362e-06
sample_02327.docx,0.9986791539148444
sample_16014.docx,8.298366953884362e-06
sample_13325.docx,0.9986791539148444
sample_19221.docx,1.0
sample_17852.docx,0.9986791539148444
sample_18693.docx,8.298366953884362e-06
sample_00656.docx,1.0
sample_01078.docx,8.298366953884362e-06
sample_14873.docx,0.00454078176840433
sample_18351.docx,1.0
sample_04618.docx,0.9986791539148444
sample_04418.docx,7.99912439196568e-05
sample_01767.docx,1.0
sample_00332.docx,8.298366953884362e-06
sample_05773.docx,0.9986791539148444
sample_01522.docx,1.0
sample_18794.docx,1.0
sample_08737.docx,8.298366953884362e-06
sample_10155.docx,1.0
sample_04040.docx,0.9986791539148444
sample_00777.docx,1.0
sample_11215.docx,8.298366953884362e-06
sample_10743.docx,1.0
sample_00602.docx,0.9986791539148444
sample_13009.docx,8.298366953884362e-06
sample_10693.docx,8.298366953884362e-06
sample_00419.docx,8.298366953884362e-06
sample_00639.docx,8.298366953884362e-06
sample_12384.docx,1.0
sample_13599.docx,0.9986791539148444
sample_18860.docx,0.9986791539148444
sample_17354.docx,0.9986791539148444
sample_10907.docx,8.298366953884362e-06
sample_04076.docx,0.0
sample_12779.docx,8.298366953884362e-06
sample_10236.docx,8.298366953884362e-06
sample_11830.docx,0.9986791539148444
sample_15907.docx,0.9986791539148444
sample_12080.docx,1.0
sample_01193.docx,0.0
sample_01813.docx,0.9986791539148444
sample_19687.docx,0.9986791539148444
sample_11230.docx,8.298366953884362e-06
sample_00471.docx,8.298366953884362e-06
sample_15082.docx,8.298366953884362e-06
sample_05537.docx,8.298366953884362e-06
sample_04084.docx,8.298366953884362e-06
sample_03956.docx,8.298366953884362e-06
sample_18232.docx,1.0
sample_11492.docx,8.298366953884362e-06
sample_10341.docx,0.9986791539148444
sample_08754.docx,0.9986791539148444
sample_18049.docx,1.0
sample_11919.docx,0.9986791539148444
sample_13874.docx,8.298366953884362e-06
sample_13256.docx,0.9986791539148444
sample_07266.docx,8.298366953884362e-06
sample_13977.docx,8.298366953884362e-06
sample_09758.docx,8.298366953884362e-06
sample_02456.docx,1.0
sample_05435.docx,8.298366953884362e-06
sample_12056.docx,8.298366953884362e-06
sample_18336.docx,0.9986791539148444
sample_07513.docx,8.298366953884362e-06
sample_11473.docx,0.9986791539148444
sample_02179.docx,0.9986791539148444
sample_13595.docx,0.9986791539148444
sample_14201.docx,0.9986791539148444
sample_10433.docx,8.298366953884362e-06
sample_14013.docx,8.298366953884362e-06
sample_19220.docx,8.298366953884362e-06
sample_17026.docx,1.0
sample_13472.docx,8.298366953884362e-06
sample_18327.docx,0.9986791539148444
sample_12513.docx,8.298366953884362e-06
sample_09772.docx,8.298366953884362e-06
sample_17117.docx,8.298366953884362e-06
sample_19907.docx,8.298366953884362e-06
sample_16284.docx,8.298366953884362e-06
sample_07696.docx,1.0
sample_06699.docx,1.0
sample_06494.docx,8.298366953884362e-06
sample_12871.docx,8.298366953884362e-06
sample_01232.docx,0.9986791539148444
sample_08430.docx,1.0
sample_11909.docx,8.298366953884362e-06
sample_18176.docx,8.298366953884362e-06
sample_09725.docx,8.298366953884362e-06
sample_06947.docx,0.9986791539148444
sample_13809.docx,0.9986791539148444
sample_16738.docx,8.298366953884362e-06
sample_11959.docx,0.9986791539148444
sample_12699.docx,8.298366953884362e-06
sample_18977.docx,8.298366953884362e-06
sample_02785.docx,1.0
sample_00722.docx,1.0
sample_07700.docx,0.9986791539148444
sample_10377.docx,1.0
sample_17120.docx,0.9986791539148444
sample_12564.docx,8.298366953884362e-06
sample_19679.docx,0.9986791539148444
sample_14107.docx,8.298366953884362e-06
sample_08540.docx,8.298366953884362e-06
sample_15929.docx,8.298366953884362e-06
sample_16395.docx,8.298366953884362e-06
sample_13290.docx,0.9986791539148444
sample_01988.docx,8.298366953884362e-06
sample_05113.docx,0.9986791539148444
sample_03279.docx,0.9986791539148444
sample_13265.docx,8.298366953884362e-06
sample_10293.docx,8.298366953884362e-06
sample_13240.docx,0.9986791539148444
sample_09792.docx,0.9986791539148444
sample_18515.docx,1.0
sample_09972.docx,8.298366953884362e-06
sample_13755.docx,8.298366953884362e-06
sample_11781.docx,8.298366953884362e-06
sample_04068.docx,8.298366953884362e-06
sample_08791.docx,0.9986791539148444
sample_00432.docx,8.298366953884362e-06
sample_17870.docx,8.298366953884362e-06
sample_00160.docx,8.298366953884362e-06
sample_11944.docx,8.298366953884362e-06
sample_06060.docx,0.9986791539148444
sample_08532.docx,0.9986791539148444
sample_04059.docx,8.298366953884362e-06
sample_18528.docx,1.0
sample_12692.docx,8.298366953884362e-06
sample_08316.docx,8.298366953884362e-06
sample_19301.docx,1.0
sample_11043.docx,8.298366953884362e-06
sample_17271.docx,1.0
sample_19453.docx,8.298366953884362e-06
sample_13227.docx,8.298366953884362e-06
sample_00807.docx,0.9986791539148444
sample_01793.docx,0.9986791539148444
sample_18402.docx,8.298366953884362e-06
sample_06834.docx,0.9986791539148444
sample_18024.docx,8.298366953884362e-06
sample_18877.docx,8.298366953884362e-06
sample_13191.docx,8.298366953884362e-06
sample_04539.docx,8.298366953884362e-06
sample_00420.docx,1.0
sample_10833.docx,1.0
sample_10138.docx,0.9986791539148444
sample_08906.docx,8.298366953884362e-06
sample_19360.docx,0.9986791539148444
sample_12606.docx,8.298366953884362e-06
sample_04889.docx,8.298366953884362e-06
sample_06715.docx,8.298366953884362e-06
sample_19640.docx,0.9986791539148444
sample_14927.docx,8.298366953884362e-06
sample_03459.docx,0.9986791539148444
sample_04230.docx,8.298366953884362e-06
sample_09506.docx,8.298366953884362e-06
sample_12882.docx,0.9986791539148444
sample_08716.docx,1.0
sample_05542.docx,8.298366953884362e-06
sample_10097.docx,1.0
sample_19133.docx,8.298366953884362e-06
sample_14361.docx,1.0
sample_05302.docx,1.0
sample_11153.docx,0.9986791539148444
sample_05810.docx,0.9986791539148444
sample_12735.docx,0.00454078176840433
sample_03927.docx,8.298366953884362e-06
sample_13835.docx,8.298366953884362e-06
sample_09413.docx,8.298366953884362e-06
sample_18758.docx,0.9986791539148444
sample_16301.docx,8.298366953884362e-06
sample_14090.docx,1.0
sample_09947.docx,0.9986791539148444
sample_12341.docx,0.9986791539148444
sample_13315.docx,0.9986791539148444
sample_16746.docx,8.298366953884362e-06
sample_19190.docx,8.298366953884362e-06
sample_10415.docx,8.298366953884362e-06
sample_10799.docx,0.9986791539148444
sample_15135.docx,0.9986791539148444
sample_11802.docx,1.0
sample_05714.docx,8.298366953884362e-06
sample_18987.docx,8.298366953884362e-06
sample_18648.docx,0.9986791539148444
sample_01636.docx,0.9986791539148444
sample_18714.docx,0.9986791539148444
sample_13898.docx,8.298366953884362e-06
sample_18916.docx,0.9986791539148444
sample_10024.docx,8.298366953884362e-06
sample_02010.docx,8.298366953884362e-06
sample_09647.docx,0.9986791539148444
sample_02534.docx,1.0
sample_12173.docx,0.9986791539148444
sample_07519.docx,8.298366953884362e-06
sample_09409.docx,0.9986791539148444
sample_04642.docx,1.0
sample_09420.docx,8.298366953884362e-06
sample_16043.docx,8.298366953884362e-06
sample_01842.docx,8.298366953884362e-06
sample_02630.docx,8.298366953884362e-06
sample_02985.docx,0.9986791539148444
sample_18151.docx,1.0
sample_18538.docx,0.9986791539148444
sample_07561.docx,8.298366953884362e-06
sample_03685.docx,8.298366953884362e-06
sample_04854.docx,0.9986791539148444
sample_14684.docx,8.298366953884362e-06
sample_13415.docx,0.9986791539148444
sample_07003.docx,8.298366953884362e-06
sample_12824.docx,0.9986791539148444
sample_05857.docx,0.9986791539148444
sample_13125.docx,0.9986791539148444
sample_01748.docx,0.9986791539148444
sample_16256.docx,1.0
sample_18175.docx,0.9986791539148444
sample_16016.docx,0.9986791539148444
sample_13995.docx,8.298366953884362e-06
sample_02158.docx,8.298366953884362e-06
sample_14645.docx,0.9986791539148444
sample_04895.docx,8.298366953884362e-06
sample_01697.docx,8.298366953884362e-06
sample_02702.docx,8.298366953884362e-06
sample_06979.docx,8.298366953884362e-06
sample_10726.docx,8.298366953884362e-06
sample_05387.docx,8.298366953884362e-06
sample_04476.docx,0.9986791539148444
sample_01686.docx,8.298366953884362e-06
sample_15767.docx,1.0
sample_06433.docx,8.298366953884362e-06
sample_13186.docx,8.298366953884362e-06
sample_07775.docx,8.298366953884362e-06
sample_02417.docx,0.9986791539148444
sample_17576.docx,0.9986791539148444
sample_12942.docx,8.298366953884362e-06
sample_04264.docx,8.298366953884362e-06
sample_13234.docx,8.298366953884362e-06
sample_09544.docx,0.0
sample_13759.docx,1.0
sample_07949.docx,1.0
sample_14111.docx,1.0
sample_12562.docx,1.0
sample_01639.docx,8.298366953884362e-06
sample_19708.docx,8.298366953884362e-06
sample_03775.docx,8.298366953884362e-06
sample_03963.docx,8.298366953884362e-06
sample_05198.docx,8.298366953884362e-06
sample_00401.docx,8.298366953884362e-06
sample_06809.docx,8.298366953884362e-06
sample_15200.docx,0.9986791539148444
sample_08971.docx,8.298366953884362e-06
sample_18494.docx,8.298366953884362e-06
sample_13947.docx,8.298366953884362e-06
sample_05579.docx,1.0
sample_08254.docx,8.298366953884362e-06
sample_19766.docx,8.298366953884362e-06
sample_14138.docx,8.298366953884362e-06
sample_09258.docx,8.298366953884362e-06
sample_08620.docx,0.9986791539148444
sample_15329.docx,1.0
sample_14187.docx,8.298366953884362e-06
sample_19382.docx,8.298366953884362e-06
sample_12716.docx,0.9986791539148444
sample_06603.docx,8.298366953884362e-06
sample_04813.docx,0.9986791539148444
sample_03129.docx,1.0
sample_13645.docx,8.298366953884362e-06
sample_17163.docx,0.9986791539148444
sample_08332.docx,8.298366953884362e-06
sample_02081.docx,0.9986791539148444
sample_16453.docx,8.298366953884362e-06
sample_19020.docx,8.298366953884362e-06
sample_04163.docx,8.298366953884362e-06
sample_05017.docx,8.298366953884362e-06
sample_10882.docx,0.00454078176840433
sample_01161.docx,0.9986791539148444
sample_10383.docx,0.9986791539148444
sample_15471.docx,8.298366953884362e-06
sample_13725.docx,1.0
sample_15493.docx,1.0
sample_04594.docx,8.298366953884362e-06
sample_02748.docx,8.298366953884362e-06
sample_01927.docx,0.9986791539148444
sample_19964.docx,0.9986791539148444
sample_09619.docx,1.0
sample_14484.docx,8.298366953884362e-06
sample_17840.docx,0.9986791539148444
sample_06801.docx,0.9986791539148444
sample_07906.docx,1.0
sample_16445.docx,0.9986791539148444
sample_00206.docx,8.298366953884362e-06
sample_19246.docx,1.0
sample_09438.docx,8.298366953884362e-06
sample_01039.docx,8.298366953884362e-06
sample_05703.docx,8.298366953884362e-06
sample_07286.docx,8.298366953884362e-06
sample_13906.docx,0.9986791539148444
sample_14330.docx,8.298366953884362e-06
sample_12542.docx,8.298366953884362e-06
sample_03379.docx,1.0
sample_15358.docx,0.9986791539148444
sample_03390.docx,8.298366953884362e-06
sample_05128.docx,8.298366953884362e-06
sample_10266.docx,8.298366953884362e-06
sample_15563.docx,1.0
sample_14783.docx,8.298366953884362e-06
sample_19723.docx,8.298366953884362e-06
sample_09442.docx,0.0
sample_01367.docx,8.298366953884362e-06
sample_03303.docx,8.298366953884362e-06
sample_10612.docx,8.298366953884362e-06
sample_17595.docx,0.9986791539148444
sample_13692.docx,8.298366953884362e-06
sample_06966.docx,8.298366953884362e-06
sample_15864.docx,8.298366953884362e-06
sample_19260.docx,1.0
sample_08085.docx,0.9986791539148444
sample_18947.docx,8.298366953884362e-06
sample_09944.docx,0.9986791539148444
sample_16638.docx,1.0
sample_07281.docx,8.298366953884362e-06
sample_06315.docx,8.298366953884362e-06
sample_05453.docx,8.298366953884362e-06
sample_15369.docx,0.9986791539148444
sample_13350.docx,0.9986791539148444
sample_05228.docx,8.298366953884362e-06
sample_18951.docx,8.298366953884362e-06
sample_03042.docx,8.298366953884362e-06
sample_12640.docx,8.298366953884362e-06
sample_13982.docx,0.9986791539148444
sample_03802.docx,8.298366953884362e-06
sample_00456.docx,1.0
sample_05429.docx,8.298366953884362e-06
sample_00213.docx,1.0
sample_08426.docx,8.298366953884362e-06
sample_18037.docx,8.298366953884362e-06
sample_15054.docx,8.298366953884362e-06
sample_14367.docx,8.298366953884362e-06
sample_08071.docx,0.9986791539148444
sample_01069.docx,8.298366953884362e-06
sample_07628.docx,0.9986791539148444
sample_00592.docx,0.9986791539148444
sample_02811.docx,0.9986791539148444
sample_19541.docx,0.9986791539148444
sample_15487.docx,8.298366953884362e-06
sample_03239.docx,8.298366953884362e-06
sample_01554.docx,8.298366953884362e-06
sample_08120.docx,8.298366953884362e-06
sample_05655.docx,8.298366953884362e-06
sample_10157.docx,8.298366953884362e-06
sample_04629.docx,1.0
sample_03625.docx,8.298366953884362e-06
sample_01129.docx,8.298366953884362e-06
sample_19480.docx,1.0
sample_15408.docx,0.9986791539148444
sample_01444.docx,8.298366953884362e-06
sample_18583.docx,8.298366953884362e-06
sample_17941.docx,8.298366953884362e-06
sample_07020.docx,8.298366953884362e-06
sample_16718.docx,8.298366953884362e-06
sample_12137.docx,0.9986791539148444
sample_16875.docx,8.298366953884362e-06
sample_12319.docx,8.298366953884362e-06
sample_03222.docx,8.298366953884362e-06
sample_16125.docx,0.9986791539148444
sample_16714.docx,0.0
sample_06318.docx,0.0
sample_17985.docx,8.298366953884362e-06
sample_12825.docx,8.298366953884362e-06
sample_15603.docx,8.298366953884362e-06
sample_16463.docx,1.0
sample_07186.docx,8.298366953884362e-06
sample_16240.docx,8.298366953884362e-06
sample_09894.docx,8.298366953884362e-06
sample_14284.docx,0.9986791539148444
sample_17975.docx,8.298366953884362e-06
sample_16119.docx,8.298366953884362e-06
sample_13263.docx,8.298366953884362e-06
sample_19656.docx,1.0
sample_14336.docx,1.0
sample_18066.docx,0.9986791539148444
sample_12286.docx,0.9986791539148444
sample_08591.docx,0.9986791539148444
sample_09199.docx,0.9986791539148444
sample_02220.docx,8.298366953884362e-06
sample_04682.docx,8.298366953884362e-06
sample_04092.docx,8.298366953884362e-06
sample_04526.docx,8.298366953884362e-06
sample_05679.docx,8.298366953884362e-06
sample_15038.docx,0.9986791539148444
sample_00799.docx,8.298366953884362e-06
sample_03818.docx,1.0
sample_00314.docx,8.298366953884362e-06
sample_07082.docx,1.0
sample_09747.docx,8.298366953884362e-06
sample_17062.docx,8.298366953884362e-06
sample_09654.docx,8.298366953884362e-06
sample_08649.docx,0.9986791539148444
sample_10643.docx,1.0
sample_02430.docx,8.298366953884362e-06
sample_15094.docx,0.0
sample_09860.docx,0.9986791539148444
sample_09156.docx,0.9986791539148444
sample_18307.docx,0.9986791539148444
sample_13108.docx,0.9986791539148444
sample_13619.docx,8.298366953884362e-06
sample_19317.docx,0.9986791539148444
sample_11768.docx,8.298366953884362e-06
sample_03918.docx,8.298366953884362e-06
sample_10840.docx,0.9986791539148444
sample_00629.docx,0.9986791539148444
sample_15881.docx,8.298366953884362e-06
sample_05051.docx,0.9986791539148444
sample_17285.docx,0.00454078176840433
sample_01760.docx,0.9986791539148444
sample_14657.docx,8.298366953884362e-06
sample_17211.docx,8.298366953884362e-06
sample_18433.docx,1.0
sample_02065.docx,8.298366953884362e-06
sample_09526.docx,8.298366953884362e-06
sample_01716.docx,8.298366953884362e-06
sample_14018.docx,8.298366953884362e-06
sample_09871.docx,8.298366953884362e-06
sample_14849.docx,0.9986791539148444
sample_08374.docx,8.298366953884362e-06
sample_01885.docx,0.9986791539148444
sample_13923.docx,1.0
sample_07256.docx,0.9986791539148444
sample_18817.docx,8.298366953884362e-06
sample_12739.docx,8.298366953884362e-06
sample_06425.docx,8.298366953884362e-06
sample_17672.docx,0.9986791539148444
sample_08534.docx,8.298366953884362e-06
sample_07359.docx,0.9986791539148444
sample_00824.docx,1.0
sample_18991.docx,8.298366953884362e-06
sample_12326.docx,1.0
sample_16824.docx,8.298366953884362e-06
sample_10740.docx,8.298366953884362e-06
sample_14917.docx,1.0
sample_12569.docx,8.298366953884362e-06
sample_11987.docx,8.298366953884362e-06
sample_02721.docx,0.0
sample_08656.docx,0.9986791539148444
sample_06151.docx,0.9986791539148444
sample_15933.docx,8.298366953884362e-06
sample_14465.docx,0.9986791539148444
sample_13828.docx,1.0
sample_10482.docx,1.0
sample_03253.docx,8.298366953884362e-06
sample_07666.docx,8.298366953884362e-06
sample_17172.docx,8.298366953884362e-06
sample_15337.docx,8.298366953884362e-06
sample_02560.docx,8.298366953884362e-06
sample_19778.docx,8.298366953884362e-06
sample_17778.docx,8.298366953884362e-06
sample_13882.docx,8.298366953884362e-06
sample_08617.docx,1.0
sample_13389.docx,8.298366953884362e-06
sample_18566.docx,8.298366953884362e-06
sample_19892.docx,8.298366953884362e-06
sample_19838.docx,1.0
sample_16594.docx,8.298366953884362e-06
sample_06456.docx,0.9986791539148444
sample_11448.docx,0.9986791539148444
sample_01263.docx,8.298366953884362e-06
sample_15643.docx,0.9986791539148444
sample_19472.docx,0.9986791539148444
sample_11243.docx,1.0
sample_03119.docx,1.0
sample_02370.docx,8.298366953884362e-06
sample_09835.docx,0.9986791539148444
sample_13546.docx,1.0
sample_18867.docx,8.298366953884362e-06
sample_05048.docx,8.298366953884362e-06
sample_02404.docx,1.0
sample_17031.docx,8.298366953884362e-06
sample_02355.docx,8.298366953884362e-06
sample_08911.docx,0.9986791539148444
sample_18649.docx,8.298366953884362e-06
sample_05005.docx,0.9986791539148444
sample_19468.docx,8.298366953884362e-06
sample_10859.docx,8.298366953884362e-06
sample_12217.docx,0.9986791539148444
sample_14115.docx,0.9986791539148444
sample_00973.docx,1.0
sample_00111.docx,0.9986791539148444
sample_10946.docx,8.298366953884362e-06
sample_09278.docx,0.9986791539148444
sample_09969.docx,1.0
sample_01017.docx,0.9986791539148444
sample_06210.docx,0.9986791539148444
sample_02572.docx,8.298366953884362e-06
sample_02648.docx,0.9986791539148444
sample_00492.docx,0.0
sample_13915.docx,8.298366953884362e-06
sample_10484.docx,1.0
sample_19077.docx,1.0
sample_08792.docx,1.0
sample_02583.docx,0.9986791539148444
sample_11925.docx,8.298366953884362e-06
sample_17085.docx,1.0
sample_10334.docx,1.0
sample_10416.docx,8.298366953884362e-06
sample_08351.docx,8.298366953884362e-06
sample_17442.docx,1.0
sample_00514.docx,8.298366953884362e-06
sample_19334.docx,8.298366953884362e-06
sample_01265.docx,0.9986791539148444
sample_07942.docx,0.00454078176840433
sample_11284.docx,8.298366953884362e-06
sample_16547.docx,8.298366953884362e-06
sample_14195.docx,8.298366953884362e-06
sample_16926.docx,0.9986791539148444
sample_08377.docx,1.0
sample_08886.docx,8.298366953884362e-06
sample_06898.docx,0.9986791539148444
sample_01437.docx,1.0
sample_06604.docx,8.298366953884362e-06
sample_04888.docx,1.0
sample_17081.docx,0.9986791539148444
sample_07483.docx,0.9986791539148444
sample_06127.docx,0.9986791539148444
sample_07260.docx,7.99912439196568e-05
sample_06536.docx,8.298366953884362e-06
sample_14903.docx,8.298366953884362e-06
sample_10719.docx,8.298366953884362e-06
sample_06072.docx,0.00454078176840433
sample_04335.docx,8.298366953884362e-06
sample_00786.docx,0.0
sample_19595.docx,8.298366953884362e-06
sample_06314.docx,8.298366953884362e-06
sample_00742.docx,8.298366953884362e-06
sample_14929.docx,0.9986791539148444
sample_08030.docx,8.298366953884362e-06
sample_03383.docx,8.298366953884362e-06
sample_16750.docx,8.298366953884362e-06
sample_16581.docx,0.9986791539148444
sample_19566.docx,7.99912439196568e-05
sample_15465.docx,8.298366953884362e-06
sample_03722.docx,0.9986791539148444
sample_18277.docx,0.9986791539148444
sample_10449.docx,0.9986791539148444
sample_09400.docx,8.298366953884362e-06
sample_13817.docx,1.0
sample_18434.docx,8.298366953884362e-06
sample_05325.docx,1.0
sample_06193.docx,8.298366953884362e-06
sample_03986.docx,0.9986791539148444
sample_07558.docx,1.0
sample_15858.docx,8.298366953884362e-06
sample_16571.docx,8.298366953884362e-06
sample_12325.docx,1.0
sample_15927.docx,8.298366953884362e-06
sample_08082.docx,0.0
sample_19436.docx,8.298366953884362e-06
sample_12527.docx,0.9986791539148444
sample_16635.docx,1.0
sample_12040.docx,0.9986791539148444
sample_08102.docx,0.9986791539148444
sample_03837.docx,0.9986791539148444
sample_16509.docx,0.9986791539148444
sample_02554.docx,1.0
sample_16879.docx,0.9986791539148444
sample_15801.docx,8.298366953884362e-06
sample_03483.docx,0.9986791539148444
sample_15187.docx,8.298366953884362e-06
sample_13707.docx,8.298366953884362e-06
sample_16807.docx,1.0
sample_08703.docx,0.9986791539148444
sample_04930.docx,8.298366953884362e-06
sample_11572.docx,8.298366953884362e-06
sample_17100.docx,8.298366953884362e-06
sample_04843.docx,1.0
sample_07304.docx,0.9986791539148444
sample_16342.docx,8.298366953884362e-06
sample_11698.docx,1.0
sample_10815.docx,1.0
sample_13126.docx,0.9986791539148444
sample_14320.docx,8.298366953884362e-06
sample_14696.docx,8.298366953884362e-06
sample_17464.docx,1.0
sample_11543.docx,8.298366953884362e-06
sample_02074.docx,8.298366953884362e-06
sample_01992.docx,0.9986791539148444
sample_16151.docx,8.298366953884362e-06
sample_19429.docx,0.9986791539148444
sample_13601.docx,8.298366953884362e-06
sample_03893.docx,8.298366953884362e-06
sample_04778.docx,8.298366953884362e-06
sample_10164.docx,8.298366953884362e-06
sample_12985.docx,0.9986791539148444
sample_00357.docx,0.9986791539148444
sample_00542.docx,8.298366953884362e-06
sample_10572.docx,7.99912439196568e-05
sample_05475.docx,1.0
sample_15170.docx,0.9986791539148444
sample_03145.docx,0.9986791539148444
sample_01543.docx,8.298366953884362e-06
sample_06331.docx,8.298366953884362e-06
sample_19378.docx,8.298366953884362e-06
sample_08558.docx,1.0
sample_05196.docx,8.298366953884362e-06
sample_03011.docx,0.9986791539148444
sample_05296.docx,0.9986791539148444
sample_03031.docx,8.298366953884362e-06
sample_06638.docx,8.298366953884362e-06
sample_09205.docx,8.298366953884362e-06
sample_12668.docx,0.9986791539148444
sample_14668.docx,0.9986791539148444
sample_07070.docx,1.0
sample_14489.docx,8.298366953884362e-06
sample_00040.docx,0.9986791539148444
sample_19013.docx,8.298366953884362e-06
sample_04735.docx,0.9986791539148444
sample_12232.docx,8.298366953884362e-06
sample_17572.docx,0.9986791539148444
sample_15466.docx,8.298366953884362e-06
sample_15666.docx,0.9986791539148444
sample_12649.docx,8.298366953884362e-06
sample_06838.docx,0.9986791539148444
sample_12075.docx,8.298366953884362e-06
sample_02476.docx,1.0
sample_12293.docx,0.9986791539148444
sample_15146.docx,0.9986791539148444
sample_16235.docx,8.298366953884362e-06
sample_00538.docx,8.298366953884362e-06
sample_04195.docx,0.9986791539148444
sample_07779.docx,8.298366953884362e-06
sample_07434.docx,0.9986791539148444
sample_07005.docx,8.298366953884362e-06
sample_10887.docx,8.298366953884362e-06
sample_08913.docx,1.0
sample_10016.docx,8.298366953884362e-06
sample_11167.docx,0.9986791539148444
sample_15415.docx,8.298366953884362e-06
sample_18556.docx,8.298366953884362e-06
sample_06110.docx,0.9986791539148444
sample_18793.docx,8.298366953884362e-06
sample_06052.docx,8.298366953884362e-06
sample_12943.docx,0.9986791539148444
sample_16011.docx,0.9986791539148444
sample_16393.docx,0.9986791539148444
sample_14755.docx,8.298366953884362e-06
sample_17937.docx,8.298366953884362e-06
sample_18772.docx,0.9986791539148444
sample_14217.docx,8.298366953884362e-06
sample_13894.docx,8.298366953884362e-06
sample_11505.docx,1.0
sample_19709.docx,8.298366953884362e-06
sample_03882.docx,8.298366953884362e-06
sample_17009.docx,8.298366953884362e-06
sample_14835.docx,1.0
sample_08427.docx,8.298366953884362e-06
sample_02652.docx,0.9986791539148444
sample_17571.docx,0.9986791539148444
sample_00190.docx,1.0
sample_19408.docx,1.0
sample_19549.docx,8.298366953884362e-06
sample_18948.docx,0.9986791539148444
sample_12994.docx,8.298366953884362e-06
sample_07223.docx,1.0
sample_12215.docx,0.9986791539148444
sample_08880.docx,0.9986791539148444
sample_11183.docx,8.298366953884362e-06
sample_02249.docx,8.298366953884362e-06
sample_02991.docx,0.9986791539148444
sample_15192.docx,0.9986791539148444
sample_03318.docx,8.298366953884362e-06
sample_19512.docx,1.0
sample_12165.docx,1.0
sample_09147.docx,8.298366953884362e-06
sample_11795.docx,8.298366953884362e-06
sample_04883.docx,0.9986791539148444
sample_12272.docx,0.9986791539148444
sample_07562.docx,0.9986791539148444
sample_06409.docx,0.9986791539148444
sample_13055.docx,8.298366953884362e-06
sample_19035.docx,8.298366953884362e-06
sample_01052.docx,1.0
sample_12711.docx,0.9986791539148444
sample_02695.docx,1.0
sample_16408.docx,8.298366953884362e-06
sample_02953.docx,1.0
sample_14758.docx,0.9986791539148444
sample_01054.docx,0.9986791539148444
sample_12790.docx,0.9986791539148444
sample_13282.docx,8.298366953884362e-06
sample_09892.docx,8.298366953884362e-06
sample_16143.docx,8.298366953884362e-06
sample_09035.docx,8.298366953884362e-06
sample_06053.docx,1.0
sample_18355.docx,8.298366953884362e-06
sample_11947.docx,1.0
sample_02051.docx,1.0
sample_15004.docx,8.298366953884362e-06
sample_19089.docx,0.9986791539148444
sample_04424.docx,8.298366953884362e-06
sample_17481.docx,0.9986791539148444
sample_02629.docx,0.9986791539148444
sample_13733.docx,8.298366953884362e-06
sample_06762.docx,0.9986791539148444
sample_08212.docx,0.9986791539148444
sample_10625.docx,8.298366953884362e-06
sample_08174.docx,0.9986791539148444
sample_01561.docx,8.298366953884362e-06
sample_17570.docx,8.298366953884362e-06
sample_17716.docx,0.9986791539148444
sample_08373.docx,8.298366953884362e-06
sample_08107.docx,1.0
sample_19113.docx,1.0
sample_11175.docx,8.298366953884362e-06
sample_10388.docx,8.298366953884362e-06
sample_07376.docx,8.298366953884362e-06
sample_11582.docx,8.298366953884362e-06
sample_19812.docx,8.298366953884362e-06
sample_02485.docx,8.298366953884362e-06
sample_16336.docx,8.298366953884362e-06
sample_15585.docx,0.9986791539148444
sample_10599.docx,8.298366953884362e-06
sample_04326.docx,8.298366953884362e-06
sample_07123.docx,8.298366953884362e-06
sample_14429.docx,0.9986791539148444
sample_18647.docx,8.298366953884362e-06
sample_10252.docx,0.9986791539148444
sample_03906.docx,0.9986791539148444
sample_02199.docx,8.298366953884362e-06
sample_03288.docx,1.0
sample_18833.docx,8.298366953884362e-06
sample_15510.docx,8.298366953884362e-06
sample_10177.docx,1.0
sample_10246.docx,1.0
sample_04168.docx,8.298366953884362e-06
sample_15788.docx,8.298366953884362e-06
sample_13768.docx,8.298366953884362e-06
sample_02966.docx,8.298366953884362e-06
sample_11695.docx,8.298366953884362e-06
sample_09574.docx,1.0
sample_08092.docx,8.298366953884362e-06
sample_09828.docx,8.298366953884362e-06
sample_16536.docx,0.00454078176840433
sample_04181.docx,8.298366953884362e-06
sample_10870.docx,1.0
sample_07117.docx,0.9986791539148444
sample_15099.docx,0.9986791539148444
sample_05102.docx,0.9986791539148444
sample_08699.docx,1.0
sample_07729.docx,0.9986791539148444
sample_03146.docx,8.298366953884362e-06
sample_07957.docx,1.0
sample_09577.docx,1.0
sample_06750.docx,1.0
sample_19918.docx,8.298366953884362e-06
sample_09019.docx,0.0
sample_19612.docx,0.9986791539148444
sample_19418.docx,8.298366953884362e-06
sample_09132.docx,0.9986791539148444
sample_07933.docx,8.298366953884362e-06
sample_05725.docx,8.298366953884362e-06
sample_02067.docx,8.298366953884362e-06
sample_14851.docx,0.9986791539148444
sample_17141.docx,8.298366953884362e-06
sample_05631.docx,8.298366953884362e-06
sample_01135.docx,0.9986791539148444
sample_11059.docx,0.9986791539148444
sample_16895.docx,1.0
sample_19375.docx,0.9986791539148444
sample_18342.docx,1.0
sample_08601.docx,0.9986791539148444
sample_10517.docx,8.298366953884362e-06
sample_16022.docx,8.298366953884362e-06
sample_14954.docx,8.298366953884362e-06
sample_10751.docx,1.0
sample_04448.docx,8.298366953884362e-06
sample_13793.docx,8.298366953884362e-06
sample_07440.docx,8.298366953884362e-06
sample_02993.docx,8.298366953884362e-06
sample_11439.docx,1.0
sample_14925.docx,8.298366953884362e-06
sample_10098.docx,8.298366953884362e-06
sample_17507.docx,8.298366953884362e-06
sample_00618.docx,8.298366953884362e-06
sample_05015.docx,0.9986791539148444
sample_06084.docx,0.9986791539148444
sample_18464.docx,8.298366953884362e-06
sample_02105.docx,8.298366953884362e-06
sample_02804.docx,1.0
sample_00800.docx,0.9986791539148444
sample_15839.docx,0.9986791539148444
sample_08876.docx,1.0
sample_05729.docx,0.9986791539148444
sample_10802.docx,0.9986791539148444
sample_05468.docx,8.298366953884362e-06
sample_02114.docx,8.298366953884362e-06
sample_19110.docx,0.00454078176840433
sample_06342.docx,0.9986791539148444
sample_19696.docx,0.9986791539148444
sample_14381.docx,8.298366953884362e-06
sample_03528.docx,0.9986791539148444
sample_08985.docx,8.298366953884362e-06
sample_03474.docx,8.298366953884362e-06
sample_01065.docx,0.9986791539148444
sample_14854.docx,1.0
sample_08996.docx,1.0
sample_02319.docx,1.0
sample_19252.docx,8.298366953884362e-06
sample_08458.docx,8.298366953884362e-06
sample_01464.docx,0.9986791539148444
sample_11623.docx,0.9986791539148444
sample_12478.docx,0.9986791539148444
sample_13716.docx,1.0
sample_16113.docx,8.298366953884362e-06
sample_17518.docx,0.9986791539148444
sample_09150.docx,1.0
sample_19409.docx,8.298366953884362e-06
sample_10593.docx,8.298366953884362e-06
sample_05378.docx,8.298366953884362e-06
sample_06468.docx,8.298366953884362e-06
sample_09540.docx,1.0
sample_08089.docx,0.9986791539148444
sample_09235.docx,0.9986791539148444
sample_15559.docx,8.298366953884362e-06
sample_01445.docx,0.9986791539148444
sample_01276.docx,0.9986791539148444
sample_14611.docx,0.0
sample_15724.docx,8.298366953884362e-06
sample_16737.docx,1.0
sample_15947.docx,0.9986791539148444
sample_02138.docx,0.9986791539148444
sample_19885.docx,1.0
sample_03372.docx,0.9986791539148444
sample_03750.docx,0.9986791539148444
sample_03195.docx,7.99912439196568e-05
sample_12330.docx,0.9986791539148444
sample_10564.docx,0.9986791539148444
sample_10180.docx,8.298366953884362e-06
sample_03911.docx,8.298366953884362e-06
sample_11599.docx,0.9986791539148444
sample_05554.docx,8.298366953884362e-06
sample_13839.docx,1.0
sample_00070.docx,1.0
sample_05496.docx,8.298366953884362e-06
sample_04871.docx,0.9986791539148444
sample_03529.docx,8.298366953884362e-06
sample_08778.docx,8.298366953884362e-06
sample_05146.docx,7.99912439196568e-05
sample_17080.docx,0.9986791539148444
sample_00238.docx,8.298366953884362e-06
sample_13291.docx,8.298366953884362e-06
sample_16497.docx,1.0
sample_17761.docx,8.298366953884362e-06
sample_16603.docx,1.0
sample_19646.docx,1.0
sample_06321.docx,1.0
sample_07011.docx,8.298366953884362e-06
sample_15750.docx,1.0
sample_10652.docx,0.9986791539148444
sample_01231.docx,0.9986791539148444
sample_05339.docx,0.9986791539148444
sample_03393.docx,0.9986791539148444
sample_05466.docx,1.0
sample_14617.docx,0.9986791539148444
sample_12346.docx,0.9986791539148444
sample_11408.docx,1.0
sample_01869.docx,0.9986791539148444
sample_13239.docx,0.9986791539148444
sample_17715.docx,0.9986791539148444
sample_19091.docx,0.9986791539148444
sample_12446.docx,8.298366953884362e-06
sample_13836.docx,8.298366953884362e-06
sample_01685.docx,0.9986791539148444
sample_03046.docx,0.9986791539148444
sample_03170.docx,0.9986791539148444
sample_07411.docx,8.298366953884362e-06
sample_00177.docx,1.0
sample_01575.docx,0.9986791539148444
sample_18129.docx,8.298366953884362e-06
sample_19319.docx,0.9986791539148444
sample_16599.docx,8.298366953884362e-06
sample_17423.docx,8.298366953884362e-06
sample_04978.docx,1.0
sample_12516.docx,8.298366953884362e-06
sample_11604.docx,0.9986791539148444
sample_03376.docx,0.9986791539148444
sample_06879.docx,1.0
sample_18185.docx,8.298366953884362e-06
sample_11789.docx,8.298366953884362e-06
sample_03244.docx,0.9986791539148444
sample_01814.docx,8.298366953884362e-06
sample_14310.docx,0.9986791539148444
sample_09525.docx,8.298366953884362e-06
sample_05181.docx,1.0
sample_00075.docx,1.0
sample_05379.docx,0.9986791539148444
sample_11119.docx,8.298366953884362e-06
sample_11311.docx,0.9986791539148444
sample_01149.docx,0.9986791539148444
sample_12171.docx,8.298366953884362e-06
sample_17877.docx,8.298366953884362e-06
sample_12039.docx,8.298366953884362e-06
sample_07928.docx,0.0
sample_15199.docx,8.298366953884362e-06
sample_00840.docx,8.298366953884362e-06
sample_17958.docx,8.298366953884362e-06
sample_01849.docx,0.9986791539148444
sample_14464.docx,0.9986791539148444
sample_00826.docx,8.298366953884362e-06
sample_16404.docx,0.9986791539148444
sample_13819.docx,0.9986791539148444
sample_03350.docx,8.298366953884362e-06
sample_06610.docx,0.9986791539148444
sample_10718.docx,1.0
sample_16669.docx,1.0
sample_09451.docx,8.298366953884362e-06
sample_08449.docx,8.298366953884362e-06
sample_13088.docx,8.298366953884362e-06
sample_12988.docx,0.9986791539148444
sample_03683.docx,0.9986791539148444
sample_11957.docx,8.298366953884362e-06
sample_13198.docx,0.9986791539148444
sample_16140.docx,1.0
sample_11329.docx,8.298366953884362e-06
sample_11353.docx,8.298366953884362e-06
sample_14971.docx,8.298366953884362e-06
sample_03962.docx,0.9986791539148444
sample_10796.docx,0.9986791539148444
sample_01824.docx,0.9986791539148444
sample_05419.docx,1.0
sample_15872.docx,0.00454078176840433
sample_15243.docx,0.9986791539148444
sample_02419.docx,0.9986791539148444
sample_15210.docx,8.298366953884362e-06
sample_03181.docx,8.298366953884362e-06
sample_00060.docx,0.9986791539148444
sample_05239.docx,1.0
sample_14819.docx,0.9986791539148444
sample_16627.docx,8.298366953884362e-06
sample_16834.docx,8.298366953884362e-06
sample_08903.docx,8.298366953884362e-06
sample_19376.docx,8.298366953884362e-06
sample_16421.docx,8.298366953884362e-06
sample_10150.docx,0.9986791539148444
sample_06049.docx,1.0
sample_11446.docx,8.298366953884362e-06
sample_06618.docx,0.9986791539148444
sample_06003.docx,0.9986791539148444
sample_01458.docx,1.0
sample_01873.docx,0.0
sample_10762.docx,0.9986791539148444
sample_17449.docx,0.9986791539148444
sample_17930.docx,0.9986791539148444
sample_07786.docx,1.0
sample_18800.docx,8.298366953884362e-06
sample_09492.docx,0.9986791539148444
sample_09018.docx,8.298366953884362e-06
sample_11940.docx,8.298366953884362e-06
sample_16615.docx,8.298366953884362e-06
sample_15692.docx,0.0
sample_13732.docx,8.298366953884362e-06
sample_05533.docx,8.298366953884362e-06
sample_18475.docx,1.0
sample_00811.docx,8.298366953884362e-06
sample_10803.docx,0.9986791539148444
sample_18202.docx,8.298366953884362e-06
sample_01666.docx,8.298366953884362e-06
sample_14482.docx,8.298366953884362e-06
sample_02599.docx,8.298366953884362e-06
sample_12506.docx,8.298366953884362e-06
sample_13080.docx,0.9986791539148444
sample_10199.docx,0.9986791539148444
sample_18474.docx,8.298366953884362e-06
sample_17676.docx,0.9986791539148444
sample_06944.docx,1.0
sample_06853.docx,8.298366953884362e-06
sample_06265.docx,1.0
sample_01366.docx,8.298366953884362e-06
sample_16077.docx,0.9986791539148444
sample_08267.docx,0.9986791539148444
sample_10673.docx,0.9986791539148444
sample_17067.docx,8.298366953884362e-06
sample_04498.docx,0.9986791539148444
sample_19891.docx,8.298366953884362e-06
sample_03276.docx,0.9986791539148444
sample_03790.docx,0.9986791539148444
sample_01007.docx,8.298366953884362e-06
sample_04019.docx,8.298366953884362e-06
sample_00941.docx,1.0
sample_06226.docx,8.298366953884362e-06
sample_17833.docx,8.298366953884362e-06
sample_13339.docx,0.9986791539148444
sample_10616.docx,0.9986791539148444
sample_10631.docx,0.9986791539148444
sample_08940.docx,0.9986791539148444
sample_05946.docx,8.298366953884362e-06
sample_18172.docx,8.298366953884362e-06
sample_18393.docx,0.9986791539148444
sample_02736.docx,8.298366953884362e-06
sample_01553.docx,1.0
sample_16548.docx,1.0
sample_05090.docx,1.0
sample_18900.docx,8.298366953884362e-06
sample_19980.docx,8.298366953884362e-06
sample_14023.docx,8.298366953884362e-06
sample_17813.docx,0.9986791539148444
sample_05600.docx,8.298366953884362e-06
sample_16279.docx,0.9986791539148444
sample_14456.docx,8.298366953884362e-06
sample_01818.docx,8.298366953884362e-06
sample_06192.docx,1.0
sample_11040.docx,0.9986791539148444
sample_16438.docx,8.298366953884362e-06
sample_12394.docx,0.9986791539148444
sample_04617.docx,0.9986791539148444
sample_11261.docx,0.9986791539148444
sample_05711.docx,8.298366953884362e-06
sample_12599.docx,1.0
sample_11194.docx,0.9986791539148444
sample_19278.docx,0.9986791539148444
sample_06307.docx,8.298366953884362e-06
sample_18757.docx,8.298366953884362e-06
sample_01339.docx,1.0
sample_04906.docx,1.0
sample_02365.docx,1.0
sample_04441.docx,0.9986791539148444
sample_09678.docx,8.298366953884362e-06
sample_17362.docx,8.298366953884362e-06
sample_18318.docx,1.0
sample_10474.docx,1.0
sample_10522.docx,0.9986791539148444
sample_08491.docx,0.9986791539148444
sample_01329.docx,8.298366953884362e-06
sample_08450.docx,8.298366953884362e-06
sample_19710.docx,1.0
sample_16364.docx,8.298366953884362e-06
sample_15454.docx,1.0
sample_06842.docx,8.298366953884362e-06
sample_15551.docx,0.0
sample_00468.docx,0.9986791539148444
sample_13868.docx,0.9986791539148444
sample_13993.docx,0.0
sample_14966.docx,1.0
sample_14993.docx,8.298366953884362e-06
sample_01096.docx,0.9986791539148444
sample_01006.docx,1.0
sample_11765.docx,0.9986791539148444
sample_04020.docx,1.0
sample_11374.docx,0.9986791539148444
sample_07415.docx,0.0
sample_01942.docx,8.298366953884362e-06
sample_01906.docx,8.298366953884362e-06
sample_14564.docx,0.9986791539148444
sample_03180.docx,1.0
sample_05467.docx,8.298366953884362e-06
sample_10608.docx,8.298366953884362e-06
sample_07833.docx,8.298366953884362e-06
sample_00659.docx,0.9986791539148444
sample_02300.docx,0.9986791539148444
sample_12262.docx,0.9986791539148444
sample_17150.docx,8.298366953884362e-06
sample_10057.docx,0.9986791539148444
sample_13241.docx,8.298366953884362e-06
sample_03686.docx,1.0
sample_01206.docx,0.9986791539148444
sample_00257.docx,8.298366953884362e-06
sample_12152.docx,8.298366953884362e-06
sample_17918.docx,0.9986791539148444
sample_19338.docx,8.298366953884362e-06
sample_09363.docx,1.0
sample_03582.docx,1.0
sample_19195.docx,8.298366953884362e-06
sample_02893.docx,8.298366953884362e-06
sample_07208.docx,8.298366953884362e-06
sample_11653.docx,0.9986791539148444
sample_16218.docx,0.9986791539148444
sample_11832.docx,0.9986791539148444
sample_05398.docx,0.0
sample_04794.docx,8.298366953884362e-06
sample_02124.docx,8.298366953884362e-06
sample_10198.docx,8.298366953884362e-06
sample_01398.docx,8.298366953884362e-06
sample_06145.docx,8.298366953884362e-06
sample_15256.docx,0.9986791539148444
sample_12603.docx,1.0
sample_02565.docx,8.298366953884362e-06
sample_10042.docx,8.298366953884362e-06
sample_07815.docx,8.298366953884362e-06
sample_18853.docx,8.298366953884362e-06
sample_14602.docx,0.9986791539148444
sample_10338.docx,0.9986791539148444
sample_03068.docx,8.298366953884362e-06
sample_02881.docx,1.0
sample_12810.docx,1.0
sample_14937.docx,0.9986791539148444
sample_18646.docx,0.9986791539148444
sample_11364.docx,8.298366953884362e-06
sample_09208.docx,1.0
sample_06734.docx,0.9986791539148444
sample_17225.docx,0.9986791539148444
sample_08909.docx,8.298366953884362e-06
sample_00115.docx,0.9986791539148444
sample_00915.docx,8.298366953884362e-06
sample_11120.docx,1.0
sample_07911.docx,8.298366953884362e-06
sample_07615.docx,1.0
sample_02809.docx,0.9986791539148444
sample_08921.docx,8.298366953884362e-06
sample_03335.docx,1.0
sample_06819.docx,0.9986791539148444
sample_13990.docx,8.298366953884362e-06
sample_06413.docx,0.9986791539148444
sample_19146.docx,8.298366953884362e-06
sample_05546.docx,0.9986791539148444
sample_01075.docx,0.9986791539148444
sample_00442.docx,8.298366953884362e-06
sample_01932.docx,0.9986791539148444
sample_01644.docx,0.9986791539148444
sample_12879.docx,0.9986791539148444
sample_06953.docx,1.0
sample_05953.docx,8.298366953884362e-06
sample_17603.docx,0.9986791539148444
sample_12673.docx,8.298366953884362e-06
sample_15019.docx,8.298366953884362e-06
sample_07095.docx,8.298366953884362e-06
sample_02965.docx,0.9986791539148444
sample_00020.docx,8.298366953884362e-06
sample_11884.docx,8.298366953884362e-06
sample_08719.docx,1.0
sample_01759.docx,8.298366953884362e-06
sample_12364.docx,8.298366953884362e-06
sample_15208.docx,8.298366953884362e-06
sample_01262.docx,0.9986791539148444
sample_03339.docx,1.0
sample_04961.docx,0.9986791539148444
sample_00759.docx,8.298366953884362e-06
sample_07495.docx,0.9986791539148444
sample_15676.docx,0.9986791539148444
sample_04892.docx,1.0
sample_12526.docx,0.9986791539148444
sample_10567.docx,0.9986791539148444
sample_12762.docx,1.0
sample_04089.docx,8.298366953884362e-06
sample_18457.docx,1.0
sample_18928.docx,8.298366953884362e-06
sample_19994.docx,0.9986791539148444
sample_11437.docx,8.298366953884362e-06
sample_18940.docx,0.9986791539148444
sample_10314.docx,8.298366953884362e-06
sample_06168.docx,0.9986791539148444
sample_15628.docx,0.9986791539148444
sample_17204.docx,0.9986791539148444
sample_07725.docx,0.9986791539148444
sample_01182.docx,0.9986791539148444
sample_03368.docx,0.9986791539148444
sample_00006.docx,1.0
sample_01258.docx,8.298366953884362e-06
sample_08307.docx,8.298366953884362e-06
sample_06246.docx,0.9986791539148444
sample_12629.docx,8.298366953884362e-06
sample_08483.docx,0.9986791539148444
sample_00457.docx,0.9986791539148444
sample_12100.docx,0.9986791539148444
sample_10765.docx,0.9986791539148444
sample_06667.docx,8.298366953884362e-06
sample_00694.docx,8.298366953884362e-06
sample_00181.docx,0.9986791539148444
sample_01695.docx,8.298366953884362e-06
sample_08216.docx,0.9986791539148444
sample_08356.docx,8.298366953884362e-06
sample_00063.docx,0.9986791539148444
sample_04751.docx,8.298366953884362e-06
sample_05521.docx,0.9986791539148444
sample_19006.docx,1.0
sample_04170.docx,1.0
sample_16998.docx,8.298366953884362e-06
sample_11449.docx,1.0
sample_03430.docx,0.9986791539148444
sample_12895.docx,8.298366953884362e-06
sample_19564.docx,0.9986791539148444
sample_04614.docx,0.9986791539148444
sample_04650.docx,8.298366953884362e-06
sample_00191.docx,8.298366953884362e-06
sample_00100.docx,8.298366953884362e-06
sample_02421.docx,0.9986791539148444
sample_01220.docx,0.9986791539148444
sample_15060.docx,8.298366953884362e-06
sample_17730.docx,8.298366953884362e-06
sample_16333.docx,8.298366953884362e-06
sample_02530.docx,0.9986791539148444
sample_04762.docx,8.298366953884362e-06
sample_13387.docx,8.298366953884362e-06
sample_04495.docx,0.9986791539148444
sample_08904.docx,1.0
sample_19357.docx,0.9986791539148444
sample_02852.docx,0.9986791539148444
sample_14875.docx,0.9986791539148444
sample_02779.docx,0.9986791539148444
sample_01696.docx,0.9986791539148444
sample_08276.docx,8.298366953884362e-06
sample_08511.docx,0.9986791539148444
sample_19657.docx,8.298366953884362e-06
sample_19683.docx,0.9986791539148444
sample_06941.docx,8.298366953884362e-06
sample_12051.docx,0.00454078176840433
sample_10841.docx,8.298366953884362e-06
sample_02446.docx,8.298366953884362e-06
sample_15673.docx,0.9986791539148444
sample_07099.docx,1.0
sample_04433.docx,1.0
sample_14699.docx,1.0
sample_11166.docx,8.298366953884362e-06
sample_02056.docx,8.298366953884362e-06
sample_12179.docx,8.298366953884362e-06
sample_05717.docx,8.298366953884362e-06
sample_12185.docx,0.0
sample_18931.docx,0.9986791539148444
sample_01282.docx,8.298366953884362e-06
sample_15851.docx,0.0
sample_04459.docx,0.9986791539148444
sample_01528.docx,0.9986791539148444
sample_14892.docx,8.298366953884362e-06
sample_15787.docx,0.9986791539148444
sample_10324.docx,8.298366953884362e-06
sample_03830.docx,8.298366953884362e-06
sample_09898.docx,1.0
sample_02209.docx,7.99912439196568e-05
sample_15774.docx,0.9986791539148444
sample_09193.docx,8.298366953884362e-06
sample_09280.docx,8.298366953884362e-06
sample_07202.docx,8.298366953884362e-06
sample_11205.docx,8.298366953884362e-06
sample_17288.docx,0.9986791539148444
sample_14600.docx,0.9986791539148444
sample_01346.docx,0.9986791539148444
sample_08665.docx,1.0
sample_03586.docx,0.9986791539148444
sample_17577.docx,8.298366953884362e-06
sample_07097.docx,1.0
sample_05871.docx,1.0
sample_16025.docx,8.298366953884362e-06
sample_17523.docx,8.298366953884362e-06
sample_10068.docx,8.298366953884362e-06
sample_09787.docx,1.0
sample_17742.docx,0.9986791539148444
sample_07161.docx,8.298366953884362e-06
sample_05374.docx,8.298366953884362e-06
sample_04812.docx,0.9986791539148444
sample_00790.docx,8.298366953884362e-06
sample_09095.docx,8.298366953884362e-06
sample_17231.docx,0.9986791539148444
sample_13283.docx,0.9986791539148444
sample_17293.docx,0.9986791539148444
sample_07284.docx,8.298366953884362e-06
sample_14170.docx,1.0
sample_02095.docx,0.9986791539148444
sample_07889.docx,8.298366953884362e-06
sample_13163.docx,0.9986791539148444
sample_07829.docx,0.9986791539148444
sample_11160.docx,8.298366953884362e-06
sample_02128.docx,8.298366953884362e-06
sample_05763.docx,8.298366953884362e-06
sample_15663.docx,1.0
sample_00909.docx,8.298366953884362e-06
sample_03506.docx,1.0
sample_07431.docx,0.9986791539148444
sample_16200.docx,0.9986791539148444
sample_04823.docx,8.298366953884362e-06
sample_10396.docx,0.9986791539148444
sample_08784.docx,8.298366953884362e-06
sample_12241.docx,8.298366953884362e-06
sample_08124.docx,8.298366953884362e-06
sample_03508.docx,8.298366953884362e-06
sample_15514.docx,8.298366953884362e-06
sample_04842.docx,8.298366953884362e-06
sample_09417.docx,8.298366953884362e-06
sample_17917.docx,1.0
sample_14386.docx,0.9986791539148444
sample_08843.docx,0.9986791539148444
sample_05029.docx,8.298366953884362e-06
sample_14237.docx,0.9986791539148444
sample_12586.docx,8.298366953884362e-06
sample_01299.docx,0.9986791539148444
sample_10344.docx,0.9986791539148444
sample_19912.docx,1.0
sample_18267.docx,0.9986791539148444
sample_04111.docx,0.9986791539148444
sample_18021.docx,1.0
sample_14567.docx,0.9986791539148444
sample_09645.docx,8.298366953884362e-06
sample_16118.docx,0.9986791539148444
sample_03514.docx,1.0
sample_09584.docx,0.0
sample_03935.docx,0.9986791539148444
sample_12416.docx,0.9986791539148444
sample_12195.docx,0.9986791539148444
sample_18104.docx,8.298366953884362e-06
sample_12060.docx,0.9986791539148444
sample_13351.docx,1.0
sample_15757.docx,0.9986791539148444
sample_09808.docx,1.0
sample_15355.docx,0.9986791539148444
sample_15562.docx,8.298366953884362e-06
sample_04041.docx,1.0
sample_17232.docx,8.298366953884362e-06
sample_06481.docx,8.298366953884362e-06
sample_18585.docx,1.0
sample_17419.docx,8.298366953884362e-06
sample_05808.docx,8.298366953884362e-06
sample_07979.docx,1.0
sample_03444.docx,8.298366953884362e-06
sample_15109.docx,8.298366953884362e-06
sample_12353.docx,1.0
sample_06121.docx,1.0
sample_03629.docx,0.0
sample_05092.docx,8.298366953884362e-06
sample_13178.docx,8.298366953884362e-06
sample_00707.docx,8.298366953884362e-06
sample_17261.docx,8.298366953884362e-06
sample_13743.docx,8.298366953884362e-06
sample_16900.docx,8.298366953884362e-06
sample_00479.docx,1.0
sample_08126.docx,0.9986791539148444
sample_13705.docx,8.298366953884362e-06
sample_05251.docx,0.9986791539148444
sample_01517.docx,0.9986791539148444
sample_16261.docx,8.298366953884362e-06
sample_11578.docx,1.0
sample_14348.docx,8.298366953884362e-06
sample_11180.docx,1.0
sample_08772.docx,0.9986791539148444
sample_04698.docx,8.298366953884362e-06
sample_11354.docx,8.298366953884362e-06
sample_03979.docx,0.9986791539148444
sample_16067.docx,8.298366953884362e-06
sample_16383.docx,1.0
sample_13323.docx,0.9986791539148444
sample_06535.docx,8.298366953884362e-06
sample_09937.docx,1.0
sample_11490.docx,0.9986791539148444
sample_05284.docx,0.9986791539148444
sample_03584.docx,1.0
sample_14944.docx,8.298366953884362e-06
sample_11837.docx,8.298366953884362e-06
sample_16829.docx,1.0
sample_16815.docx,8.298366953884362e-06
sample_09034.docx,1.0
sample_00521.docx,1.0
sample_01690.docx,8.298366953884362e-06
sample_08385.docx,8.298366953884362e-06
sample_17888.docx,0.9986791539148444
sample_17955.docx,1.0
sample_14300.docx,8.298366953884362e-06
sample_16614.docx,8.298366953884362e-06
sample_19514.docx,8.298366953884362e-06
sample_08942.docx,1.0
sample_16641.docx,8.298366953884362e-06
sample_10066.docx,1.0
sample_00042.docx,0.9986791539148444
sample_03206.docx,0.9986791539148444
sample_14356.docx,0.9986791539148444
sample_12544.docx,8.298366953884362e-06
sample_06873.docx,8.298366953884362e-06
sample_19875.docx,0.9986791539148444
sample_08812.docx,0.9986791539148444
sample_16501.docx,8.298366953884362e-06
sample_06055.docx,8.298366953884362e-06
sample_14787.docx,1.0
sample_11518.docx,1.0
sample_08748.docx,8.298366953884362e-06
sample_18360.docx,1.0
sample_06260.docx,8.298366953884362e-06
sample_10979.docx,8.298366953884362e-06
sample_14704.docx,1.0
sample_15656.docx,0.9986791539148444
sample_05658.docx,8.298366953884362e-06
sample_14240.docx,8.298366953884362e-06
sample_09905.docx,0.9986791539148444
sample_12233.docx,1.0
sample_07709.docx,8.298366953884362e-06
sample_11900.docx,0.9986791539148444
sample_15266.docx,8.298366953884362e-06
sample_15134.docx,0.9986791539148444
sample_08023.docx,8.298366953884362e-06
sample_12396.docx,0.9986791539148444
sample_12691.docx,8.298366953884362e-06
sample_07136.docx,0.9986791539148444
sample_16363.docx,8.298366953884362e-06
sample_04415.docx,0.9986791539148444
sample_14562.docx,0.9986791539148444
sample_06275.docx,8.298366953884362e-06
sample_17810.docx,0.9986791539148444
sample_08734.docx,1.0
sample_13772.docx,0.9986791539148444
sample_01546.docx,8.298366953884362e-06
sample_11575.docx,8.298366953884362e-06
sample_16818.docx,0.9986791539148444
sample_12493.docx,1.0
sample_10012.docx,0.9986791539148444
sample_14212.docx,8.298366953884362e-06
sample_13524.docx,0.9986791539148444
sample_03535.docx,0.9986791539148444
sample_01128.docx,1.0
sample_12679.docx,8.298366953884362e-06
sample_19313.docx,0.9986791539148444
sample_11278.docx,1.0
sample_11030.docx,8.298366953884362e-06
sample_07257.docx,0.9986791539148444
sample_01513.docx,0.9986791539148444
sample_04738.docx,0.9986791539148444
sample_03218.docx,8.298366953884362e-06
sample_18978.docx,1.0
sample_06130.docx,0.9986791539148444
sample_08083.docx,0.9986791539148444
sample_19698.docx,1.0
sample_00763.docx,8.298366953884362e-06
sample_11489.docx,1.0
sample_03835.docx,0.0
sample_11380.docx,8.298366953884362e-06
sample_05922.docx,8.298366953884362e-06
sample_19590.docx,8.298366953884362e-06
sample_12466.docx,8.298366953884362e-06
sample_17940.docx,1.0
sample_17398.docx,8.298366953884362e-06
sample_02252.docx,0.9986791539148444
sample_13627.docx,1.0
sample_07668.docx,0.9986791539148444
sample_15142.docx,0.9986791539148444
sample_07850.docx,1.0
sample_00670.docx,8.298366953884362e-06
sample_09624.docx,8.298366953884362e-06
sample_16448.docx,0.9986791539148444
sample_11488.docx,8.298366953884362e-06
sample_09187.docx,7.99912439196568e-05
sample_17373.docx,8.298366953884362e-06
sample_04340.docx,8.298366953884362e-06
sample_17308.docx,8.298366953884362e-06
sample_00598.docx,8.298366953884362e-06
sample_16222.docx,8.298366953884362e-06
sample_10846.docx,8.298366953884362e-06
sample_13907.docx,1.0
sample_17956.docx,0.9986791539148444
sample_09667.docx,0.9986791539148444
sample_20000.docx,1.0
sample_07121.docx,8.298366953884362e-06
sample_04119.docx,8.298366953884362e-06
sample_14762.docx,8.298366953884362e-06
sample_15870.docx,8.298366953884362e-06
sample_11597.docx,1.0
sample_00892.docx,8.298366953884362e-06
sample_05141.docx,0.9986791539148444
sample_10806.docx,8.298366953884362e-06
sample_06721.docx,0.9986791539148444
sample_03650.docx,1.0
sample_10538.docx,8.298366953884362e-06
sample_08819.docx,0.9986791539148444
sample_18304.docx,1.0
sample_09314.docx,1.0
sample_02797.docx,0.9986791539148444
sample_15564.docx,0.9986791539148444
sample_14824.docx,8.298366953884362e-06
sample_02840.docx,0.9986791539148444
sample_19356.docx,0.9986791539148444
sample_05915.docx,8.298366953884362e-06
sample_08241.docx,1.0
sample_13182.docx,8.298366953884362e-06
sample_12700.docx,0.9986791539148444
sample_01296.docx,8.298366953884362e-06
sample_11773.docx,8.298366953884362e-06
sample_11161.docx,0.9986791539148444
sample_05152.docx,8.298366953884362e-06
sample_06891.docx,1.0
sample_07732.docx,8.298366953884362e-06
sample_07474.docx,8.298366953884362e-06
sample_13775.docx,1.0
sample_04712.docx,0.00454078176840433
sample_11064.docx,0.9986791539148444
sample_08821.docx,8.298366953884362e-06
sample_06340.docx,1.0
sample_07424.docx,8.298366953884362e-06
sample_03872.docx,8.298366953884362e-06
sample_04472.docx,0.9986791539148444
sample_14271.docx,8.298366953884362e-06
sample_14318.docx,0.9986791539148444
sample_15718.docx,0.9986791539148444
sample_09408.docx,0.9986791539148444
sample_02997.docx,0.9986791539148444
sample_02847.docx,8.298366953884362e-06
sample_05115.docx,1.0
sample_03255.docx,8.298366953884362e-06
sample_00697.docx,8.298366953884362e-06
sample_14913.docx,1.0
sample_08667.docx,8.298366953884362e-06
sample_08022.docx,0.9986791539148444
sample_06675.docx,8.298366953884362e-06
sample_10555.docx,8.298366953884362e-06
sample_14670.docx,0.9986791539148444
sample_00030.docx,8.298366953884362e-06
sample_03565.docx,0.9986791539148444
sample_08289.docx,8.298366953884362e-06
sample_13180.docx,8.298366953884362e-06
sample_02989.docx,0.9986791539148444
sample_08399.docx,8.298366953884362e-06
sample_19968.docx,8.298366953884362e-06
sample_15995.docx,7.99912439196568e-05
sample_05075.docx,1.0
sample_01816.docx,8.298366953884362e-06
sample_16257.docx,0.9986791539148444
sample_19156.docx,0.9986791539148444
sample_15252.docx,8.298366953884362e-06
sample_06743.docx,0.9986791539148444
sample_00236.docx,8.298366953884362e-06
sample_07158.docx,1.0
sample_05170.docx,0.0
sample_19624.docx,1.0
sample_17340.docx,1.0
sample_00706.docx,8.298366953884362e-06
sample_04344.docx,8.298366953884362e-06
sample_05945.docx,8.298366953884362e-06
sample_04353.docx,0.9986791539148444
sample_13757.docx,8.298366953884362e-06
sample_18912.docx,8.298366953884362e-06
sample_06723.docx,8.298366953884362e-06
sample_05182.docx,0.9986791539148444
sample_02513.docx,0.9986791539148444
sample_14806.docx,8.298366953884362e-06
sample_17213.docx,8.298366953884362e-06
sample_09609.docx,0.9986791539148444
sample_06278.docx,8.298366953884362e-06
sample_19773.docx,8.298366953884362e-06
sample_19424.docx,8.298366953884362e-06
sample_17591.docx,8.298366953884362e-06
sample_09456.docx,0.9986791539148444
sample_04736.docx,8.298366953884362e-06
sample_00294.docx,0.9986791539148444
sample_07904.docx,8.298366953884362e-06
sample_17799.docx,8.298366953884362e-06
sample_09651.docx,0.9986791539148444
sample_15505.docx,0.9986791539148444
sample_14092.docx,8.298366953884362e-06
sample_10191.docx,1.0
sample_17552.docx,8.298366953884362e-06
sample_04723.docx,0.9986791539148444
sample_08515.docx,8.298366953884362e-06
sample_19010.docx,8.298366953884362e-06
sample_11351.docx,0.9986791539148444
sample_07993.docx,8.298366953884362e-06
sample_06299.docx,8.298366953884362e-06
sample_11712.docx,8.298366953884362e-06
sample_09545.docx,8.298366953884362e-06
sample_03264.docx,1.0
sample_18870.docx,0.9986791539148444
sample_08070.docx,8.298366953884362e-06
sample_16093.docx,1.0
sample_02207.docx,1.0
sample_09887.docx,1.0
sample_17759.docx,8.298366953884362e-06
sample_01241.docx,0.9986791539148444
sample_11204.docx,8.298366953884362e-06
sample_16443.docx,0.9986791539148444
sample_16266.docx,1.0
sample_09782.docx,0.9986791539148444
sample_01178.docx,8.298366953884362e-06
sample_02595.docx,8.298366953884362e-06
sample_08780.docx,8.298366953884362e-06
sample_02744.docx,0.9986791539148444
sample_02326.docx,1.0
sample_09215.docx,0.9986791539148444
sample_01904.docx,8.298366953884362e-06
sample_14847.docx,0.00454078176840433
sample_15261.docx,0.9986791539148444
sample_17613.docx,1.0
sample_06180.docx,0.00454078176840433
sample_05042.docx,0.9986791539148444
sample_05230.docx,1.0
sample_00687.docx,0.9986791539148444
sample_01130.docx,0.9986791539148444
sample_04021.docx,8.298366953884362e-06
sample_18136.docx,0.9986791539148444
sample_14548.docx,1.0
sample_12111.docx,0.9986791539148444
sample_12078.docx,0.9986791539148444
sample_19526.docx,8.298366953884362e-06
sample_01136.docx,1.0
sample_03245.docx,8.298366953884362e-06
sample_01134.docx,0.9986791539148444
sample_09640.docx,8.298366953884362e-06
sample_13489.docx,0.9986791539148444
sample_12931.docx,1.0
sample_09891.docx,0.9986791539148444
sample_10899.docx,8.298366953884362e-06
sample_08448.docx,0.9986791539148444
sample_07488.docx,8.298366953884362e-06
sample_02159.docx,0.9986791539148444
sample_11828.docx,8.298366953884362e-06
sample_01417.docx,8.298366953884362e-06
sample_13541.docx,8.298366953884362e-06
sample_08422.docx,0.9986791539148444
sample_15800.docx,0.9986791539148444
sample_19544.docx,1.0
sample_13015.docx,8.298366953884362e-06
sample_15421.docx,8.298366953884362e-06
sample_19719.docx,8.298366953884362e-06
sample_10372.docx,0.9986791539148444
sample_15313.docx,8.298366953884362e-06
sample_03756.docx,0.9986791539148444
sample_08518.docx,8.298366953884362e-06
sample_19283.docx,1.0
sample_07763.docx,0.9986791539148444
sample_06614.docx,8.298366953884362e-06
sample_15582.docx,8.298366953884362e-06
sample_12551.docx,8.298366953884362e-06
sample_06729.docx,0.9986791539148444
sample_02257.docx,0.9986791539148444
sample_15923.docx,0.9986791539148444
sample_11495.docx,8.298366953884362e-06
sample_13406.docx,0.00454078176840433
sample_11737.docx,8.298366953884362e-06
sample_03990.docx,0.9986791539148444
sample_19138.docx,0.9986791539148444
sample_16396.docx,0.9986791539148444
sample_09994.docx,0.0
sample_17360.docx,0.9986791539148444
sample_17784.docx,0.9986791539148444
sample_05034.docx,8.298366953884362e-06
sample_02643.docx,1.0
sample_01602.docx,0.9986791539148444
sample_06466.docx,0.9986791539148444
sample_04708.docx,8.298366953884362e-06
sample_00315.docx,8.298366953884362e-06
sample_15604.docx,8.298366953884362e-06
sample_15647.docx,8.298366953884362e-06
sample_10640.docx,1.0
sample_15618.docx,8.298366953884362e-06
sample_12743.docx,8.298366953884362e-06
sample_18659.docx,8.298366953884362e-06
sample_12778.docx,8.298366953884362e-06
sample_15246.docx,8.298366953884362e-06
sample_13440.docx,8.298366953884362e-06
sample_02586.docx,1.0
sample_02195.docx,0.9986791539148444
sample_17223.docx,1.0
sample_05982.docx,0.0
sample_03752.docx,1.0
sample_02631.docx,8.298366953884362e-06
sample_08293.docx,0.9986791539148444
sample_08319.docx,1.0
sample_17614.docx,8.298366953884362e-06
sample_11854.docx,8.298366953884362e-06
sample_08469.docx,8.298366953884362e-06
sample_01330.docx,1.0
sample_12006.docx,8.298366953884362e-06
sample_15153.docx,8.298366953884362e-06
sample_02900.docx,8.298366953884362e-06
sample_19343.docx,0.9986791539148444
sample_03405.docx,1.0
sample_00138.docx,1.0
sample_15427.docx,0.9986791539148444
sample_05886.docx,8.298366953884362e-06
sample_16505.docx,8.298366953884362e-06
sample_12390.docx,1.0
sample_01941.docx,8.298366953884362e-06
sample_06937.docx,1.0
sample_12414.docx,0.9986791539148444
sample_15380.docx,0.9986791539148444
sample_15795.docx,8.298366953884362e-06
sample_01079.docx,8.298366953884362e-06
sample_08482.docx,0.9986791539148444
sample_10790.docx,8.298366953884362e-06
sample_19192.docx,0.9986791539148444
sample_14552.docx,8.298366953884362e-06
sample_16384.docx,8.298366953884362e-06
sample_18134.docx,1.0
sample_17779.docx,0.9986791539148444
sample_00485.docx,8.298366953884362e-06
sample_02279.docx,0.9986791539148444
sample_15856.docx,8.298366953884362e-06
sample_07189.docx,0.9986791539148444
sample_12897.docx,0.9986791539148444
sample_06752.docx,0.9986791539148444
sample_04571.docx,0.9986791539148444
sample_03708.docx,0.9986791539148444
sample_08834.docx,1.0
sample_15049.docx,0.9986791539148444
sample_01843.docx,8.298366953884362e-06
sample_02609.docx,8.298366953884362e-06
sample_07410.docx,8.298366953884362e-06
sample_14175.docx,8.298366953884362e-06
sample_16361.docx,8.298366953884362e-06
sample_00398.docx,0.9986791539148444
sample_07502.docx,0.0
sample_04406.docx,0.9986791539148444
sample_14064.docx,1.0
sample_17012.docx,0.9986791539148444
sample_12465.docx,0.9986791539148444
sample_07166.docx,1.0
sample_04652.docx,0.9986791539148444
sample_12087.docx,8.298366953884362e-06
sample_13016.docx,0.9986791539148444
sample_04510.docx,8.298366953884362e-06
sample_02224.docx,1.0
sample_12417.docx,0.9986791539148444
sample_03445.docx,8.298366953884362e-06
sample_01001.docx,0.9986791539148444
sample_08524.docx,8.298366953884362e-06
sample_07862.docx,0.9986791539148444
sample_07713.docx,1.0
sample_05597.docx,8.298366953884362e-06
sample_03396.docx,8.298366953884362e-06
sample_05180.docx,1.0
sample_03461.docx,0.9986791539148444
sample_00524.docx,8.298366953884362e-06
sample_19579.docx,8.298366953884362e-06
sample_02045.docx,8.298366953884362e-06
sample_00666.docx,0.9986791539148444
sample_01145.docx,8.298366953884362e-06
sample_01063.docx,8.298366953884362e-06
sample_01436.docx,0.9986791539148444
sample_06805.docx,1.0
sample_11018.docx,8.298366953884362e-06
sample_13057.docx,0.9986791539148444
sample_02945.docx,8.298366953884362e-06
sample_19460.docx,0.9986791539148444
sample_11418.docx,8.298366953884362e-06
sample_15354.docx,0.9986791539148444
sample_09821.docx,0.9986791539148444
sample_05310.docx,8.298366953884362e-06
sample_06549.docx,8.298366953884362e-06
sample_18697.docx,1.0
sample_11711.docx,0.9986791539148444
sample_16634.docx,0.9986791539148444
sample_13473.docx,8.298366953884362e-06
sample_19316.docx,8.298366953884362e-06
sample_14964.docx,0.9986791539148444
sample_11362.docx,8.298366953884362e-06
sample_16447.docx,1.0
sample_03511.docx,8.298366953884362e-06
sample_13649.docx,0.9986791539148444
sample_04797.docx,1.0
sample_15529.docx,8.298366953884362e-06
sample_04188.docx,8.298366953884362e-06
sample_05193.docx,0.9986791539148444
sample_16153.docx,0.9986791539148444
sample_07259.docx,1.0
sample_02905.docx,0.9986791539148444
sample_11847.docx,1.0
sample_03164.docx,8.298366953884362e-06
sample_14188.docx,0.9986791539148444
sample_02529.docx,0.9986791539148444
sample_11943.docx,8.298366953884362e-06
sample_14130.docx,1.0
sample_01567.docx,8.298366953884362e-06
sample_19678.docx,0.9986791539148444
sample_18581.docx,8.298366953884362e-06
sample_07449.docx,0.9986791539148444
sample_18330.docx,8.298366953884362e-06
sample_15803.docx,0.9986791539148444
sample_17802.docx,0.9986791539148444
sample_19534.docx,8.298366953884362e-06
sample_00494.docx,8.298366953884362e-06
sample_14738.docx,8.298366953884362e-06
sample_08310.docx,8.298366953884362e-06
sample_01389.docx,8.298366953884362e-06
sample_01606.docx,8.298366953884362e-06
sample_10414.docx,8.298366953884362e-06
sample_17487.docx,0.9986791539148444
sample_17454.docx,0.9986791539148444
sample_16370.docx,8.298366953884362e-06
sample_17035.docx,0.9986791539148444
sample_18305.docx,8.298366953884362e-06
sample_10705.docx,8.298366953884362e-06
sample_16864.docx,1.0
sample_05938.docx,1.0
sample_09284.docx,8.298366953884362e-06
sample_10912.docx,0.9986791539148444
sample_05355.docx,8.298366953884362e-06
sample_06163.docx,1.0
sample_14881.docx,8.298366953884362e-06
sample_09694.docx,8.298366953884362e-06
sample_17566.docx,8.298366953884362e-06
sample_06757.docx,8.298366953884362e-06
sample_06486.docx,1.0
sample_13299.docx,8.298366953884362e-06
sample_18812.docx,8.298366953884362e-06
sample_11226.docx,0.9986791539148444
sample_10011.docx,0.9986791539148444
sample_18843.docx,1.0
sample_04482.docx,0.9986791539148444
sample_14000.docx,8.298366953884362e-06
sample_19702.docx,8.298366953884362e-06
sample_18296.docx,0.9986791539148444
sample_01510.docx,1.0
sample_14498.docx,8.298366953884362e-06
sample_15926.docx,0.00454078176840433
sample_16681.docx,8.298366953884362e-06
sample_11106.docx,8.298366953884362e-06
sample_01140.docx,8.298366953884362e-06
sample_04278.docx,8.298366953884362e-06
sample_14022.docx,0.9986791539148444
sample_17370.docx,0.9986791539148444
sample_17815.docx,8.298366953884362e-06
sample_17474.docx,8.298366953884362e-06
sample_05615.docx,0.0
sample_14810.docx,0.9986791539148444
sample_00551.docx,8.298366953884362e-06
sample_13761.docx,0.9986791539148444
sample_14859.docx,8.298366953884362e-06
sample_14885.docx,8.298366953884362e-06
sample_08823.docx,1.0
sample_06818.docx,8.298366953884362e-06
sample_02337.docx,0.9986791539148444
sample_01029.docx,0.9986791539148444
sample_02097.docx,8.298366953884362e-06
sample_09419.docx,1.0
sample_11659.docx,8.298366953884362e-06
sample_04798.docx,1.0
sample_07965.docx,0.9986791539148444
sample_19233.docx,8.298366953884362e-06
sample_11557.docx,8.298366953884362e-06
sample_16796.docx,8.298366953884362e-06
sample_12892.docx,1.0
sample_00956.docx,8.298366953884362e-06
sample_08177.docx,0.9986791539148444
sample_04100.docx,8.298366953884362e-06
sample_07888.docx,0.9986791539148444
sample_00297.docx,0.9986791539148444
sample_11761.docx,0.9986791539148444
sample_16295.docx,0.9986791539148444
sample_02854.docx,0.9986791539148444
sample_01320.docx,8.298366953884362e-06
sample_10184.docx,8.298366953884362e-06
sample_16381.docx,1.0
sample_18071.docx,8.298366953884362e-06
sample_16223.docx,1.0
sample_19823.docx,0.9986791539148444
sample_10288.docx,8.298366953884362e-06
sample_07181.docx,8.298366953884362e-06
sample_05900.docx,8.298366953884362e-06
sample_02914.docx,0.9986791539148444
sample_10303.docx,0.9986791539148444
sample_14753.docx,1.0
sample_03356.docx,8.298366953884362e-06
sample_01171.docx,0.9986791539148444
sample_08122.docx,0.9986791539148444
sample_08046.docx,1.0
sample_14421.docx,8.298366953884362e-06
sample_07264.docx,8.298366953884362e-06
sample_09436.docx,1.0
sample_07953.docx,8.298366953884362e-06
sample_09709.docx,8.298366953884362e-06
sample_18458.docx,0.9986791539148444
sample_18240.docx,0.9986791539148444
sample_01038.docx,8.298366953884362e-06
sample_06203.docx,1.0
sample_09065.docx,8.298366953884362e-06
sample_12508.docx,0.9986791539148444
sample_01896.docx,8.298366953884362e-06
sample_05887.docx,1.0
sample_15055.docx,0.9986791539148444
sample_15138.docx,1.0
sample_09692.docx,8.298366953884362e-06
sample_12928.docx,8.298366953884362e-06
sample_12423.docx,1.0
sample_17689.docx,8.298366953884362e-06
sample_10857.docx,8.298366953884362e-06
sample_01675.docx,8.298366953884362e-06
sample_03266.docx,8.298366953884362e-06
sample_01834.docx,8.298366953884362e-06
sample_15439.docx,0.9986791539148444
sample_10424.docx,8.298366953884362e-06
sample_07149.docx,8.298366953884362e-06
sample_09920.docx,1.0
sample_16010.docx,8.298366953884362e-06
sample_02845.docx,0.9986791539148444
sample_11806.docx,0.9986791539148444
sample_11429.docx,1.0
sample_08215.docx,8.298366953884362e-06
sample_13959.docx,8.298366953884362e-06
sample_07747.docx,0.9986791539148444
sample_11289.docx,1.0
sample_01548.docx,1.0
sample_10553.docx,1.0
sample_11260.docx,8.298366953884362e-06
sample_11758.docx,1.0
sample_03515.docx,8.298366953884362e-06
sample_06267.docx,1.0
sample_12891.docx,1.0
sample_19744.docx,0.9986791539148444
sample_02575.docx,8.298366953884362e-06
sample_01100.docx,1.0
sample_10122.docx,8.298366953884362e-06
sample_14890.docx,0.9986791539148444
sample_16224.docx,8.298366953884362e-06
sample_14563.docx,8.298366953884362e-06
sample_17236.docx,8.298366953884362e-06
sample_06656.docx,1.0
sample_08917.docx,0.0
sample_03704.docx,8.298366953884362e-06
sample_09688.docx,8.298366953884362e-06
sample_08798.docx,8.298366953884362e-06
sample_16059.docx,1.0
sample_19811.docx,0.9986791539148444
sample_09353.docx,8.298366953884362e-06
sample_08169.docx,8.298366953884362e-06
sample_15197.docx,8.298366953884362e-06
sample_19665.docx,1.0
sample_02670.docx,0.9986791539148444
sample_00298.docx,8.298366953884362e-06
sample_04244.docx,0.9986791539148444
sample_02022.docx,8.298366953884362e-06
sample_06764.docx,0.0
sample_00511.docx,0.9986791539148444
sample_11530.docx,8.298366953884362e-06
sample_10148.docx,1.0
sample_09042.docx,8.298366953884362e-06
sample_01511.docx,1.0
sample_12693.docx,1.0
sample_01559.docx,0.00454078176840433
sample_19644.docx,8.298366953884362e-06
sample_10996.docx,0.9986791539148444
sample_04880.docx,8.298366953884362e-06
sample_11315.docx,8.298366953884362e-06
sample_09724.docx,0.9986791539148444
sample_01764.docx,8.298366953884362e-06
sample_19502.docx,8.298366953884362e-06
sample_03187.docx,0.0
sample_15751.docx,1.0
sample_03226.docx,8.298366953884362e-06
sample_03012.docx,0.9986791539148444
sample_11276.docx,8.298366953884362e-06
sample_15451.docx,8.298366953884362e-06
sample_09275.docx,0.9986791539148444
sample_13127.docx,8.298366953884362e-06
sample_08659.docx,0.9986791539148444
sample_00308.docx,8.298366953884362e-06
sample_17279.docx,8.298366953884362e-06
sample_00223.docx,0.9986791539148444
sample_13573.docx,8.298366953884362e-06
sample_17332.docx,8.298366953884362e-06
sample_13044.docx,8.298366953884362e-06
sample_17714.docx,0.9986791539148444
sample_17950.docx,1.0
sample_14231.docx,8.298366953884362e-06
sample_00835.docx,1.0
sample_02862.docx,0.9986791539148444
sample_06114.docx,8.298366953884362e-06
sample_06126.docx,8.298366953884362e-06
sample_15234.docx,8.298366953884362e-06
sample_09800.docx,0.9986791539148444
sample_05334.docx,8.298366953884362e-06
sample_12935.docx,8.298366953884362e-06
sample_00661.docx,8.298366953884362e-06
sample_05265.docx,8.298366953884362e-06
sample_09562.docx,0.9986791539148444
sample_15961.docx,0.9986791539148444
sample_03955.docx,1.0
sample_17052.docx,8.298366953884362e-06
sample_03568.docx,8.298366953884362e-06
sample_01996.docx,8.298366953884362e-06
sample_14003.docx,0.9986791539148444
sample_11431.docx,8.298366953884362e-06
sample_18972.docx,8.298366953884362e-06
sample_14147.docx,8.298366953884362e-06
sample_19971.docx,8.298366953884362e-06
sample_19716.docx,8.298366953884362e-06
sample_11904.docx,1.0
sample_07528.docx,8.298366953884362e-06
sample_05873.docx,8.298366953884362e-06
sample_13689.docx,0.9986791539148444
sample_11452.docx,8.298366953884362e-06
sample_07115.docx,0.9986791539148444
sample_11535.docx,1.0
sample_18207.docx,8.298366953884362e-06
sample_19943.docx,0.00454078176840433
sample_00474.docx,0.9986791539148444
sample_17539.docx,0.9986791539148444
sample_06024.docx,8.298366953884362e-06
sample_01706.docx,8.298366953884362e-06
sample_11486.docx,0.9986791539148444
sample_04325.docx,8.298366953884362e-06
sample_14142.docx,1.0
sample_07384.docx,1.0
sample_10596.docx,1.0
sample_14219.docx,0.9986791539148444
sample_17123.docx,8.298366953884362e-06
sample_06099.docx,0.9986791539148444
sample_14994.docx,8.298366953884362e-06
sample_15245.docx,8.298366953884362e-06
sample_11749.docx,8.298366953884362e-06
sample_17685.docx,0.9986791539148444
sample_01048.docx,0.00454078176840433
sample_11899.docx,8.298366953884362e-06
sample_11416.docx,8.298366953884362e-06
sample_16292.docx,8.298366953884362e-06
sample_05518.docx,8.298366953884362e-06
sample_03832.docx,8.298366953884362e-06
sample_00898.docx,8.298366953884362e-06
sample_12549.docx,0.9986791539148444
sample_01739.docx,8.298366953884362e-06
sample_06490.docx,1.0
sample_04127.docx,8.298366953884362e-06
sample_00910.docx,1.0
sample_01290.docx,1.0
sample_04601.docx,0.9986791539148444
sample_06218.docx,1.0
sample_19523.docx,0.9986791539148444
sample_18316.docx,0.9986791539148444
sample_00400.docx,8.298366953884362e-06
sample_04390.docx,1.0
sample_04702.docx,1.0
sample_18348.docx,1.0
sample_12149.docx,0.9986791539148444
sample_02477.docx,0.9986791539148444
sample_18710.docx,0.0
sample_16786.docx,1.0
sample_06954.docx,0.9986791539148444
sample_09902.docx,8.298366953884362e-06
sample_07654.docx,8.298366953884362e-06
sample_10509.docx,8.298366953884362e-06
sample_16047.docx,0.9986791539148444
sample_08901.docx,8.298366953884362e-06
sample_07518.docx,0.9986791539148444
sample_02527.docx,7.99912439196568e-05
sample_05445.docx,8.298366953884362e-06
sample_14659.docx,1.0
sample_19733.docx,1.0
sample_10722.docx,8.298366953884362e-06
sample_17656.docx,8.298366953884362e-06
sample_08424.docx,8.298366953884362e-06
sample_07894.docx,0.9986791539148444
sample_14079.docx,8.298366953884362e-06
sample_09293.docx,8.298366953884362e-06
sample_02858.docx,0.9986791539148444
sample_02842.docx,0.9986791539148444
sample_19763.docx,8.298366953884362e-06
sample_19904.docx,0.9986791539148444
sample_10543.docx,8.298366953884362e-06
sample_19956.docx,1.0
sample_04623.docx,0.9986791539148444
sample_18179.docx,0.9986791539148444
sample_03940.docx,8.298366953884362e-06
sample_12206.docx,0.9986791539148444
sample_16622.docx,0.9986791539148444
sample_02289.docx,8.298366953884362e-06
sample_12383.docx,8.298366953884362e-06
sample_03794.docx,8.298366953884362e-06
sample_16977.docx,8.298366953884362e-06
sample_09967.docx,1.0
sample_14178.docx,8.298366953884362e-06
sample_01637.docx,1.0
sample_13189.docx,8.298366953884362e-06
sample_06097.docx,8.298366953884362e-06
sample_04959.docx,8.298366953884362e-06
sample_12420.docx,8.298366953884362e-06
sample_02632.docx,8.298366953884362e-06
sample_11656.docx,0.9986791539148444
sample_12748.docx,8.298366953884362e-06
sample_03641.docx,0.9986791539148444
sample_03687.docx,8.298366953884362e-06
sample_10174.docx,0.9986791539148444
sample_00771.docx,0.9986791539148444
sample_06836.docx,8.298366953884362e-06
sample_02087.docx,8.298366953884362e-06
sample_04915.docx,8.298366953884362e-06
sample_16561.docx,0.9986791539148444
sample_08270.docx,8.298366953884362e-06
sample_05056.docx,8.298366953884362e-06
sample_15883.docx,8.298366953884362e-06
sample_00341.docx,8.298366953884362e-06
sample_03666.docx,8.298366953884362e-06
sample_09191.docx,0.9986791539148444
sample_10305.docx,0.0
sample_06212.docx,8.298366953884362e-06
sample_04918.docx,8.298366953884362e-06
sample_10220.docx,8.298366953884362e-06
sample_01072.docx,8.298366953884362e-06
sample_16636.docx,0.9986791539148444
sample_01625.docx,8.298366953884362e-06
sample_08383.docx,8.298366953884362e-06
sample_18030.docx,1.0
sample_13951.docx,0.9986791539148444
sample_03029.docx,8.298366953884362e-06
sample_12501.docx,1.0
sample_08076.docx,1.0
sample_12061.docx,8.298366953884362e-06
sample_07663.docx,8.298366953884362e-06
sample_03419.docx,0.0
sample_18973.docx,1.0
sample_05479.docx,1.0
sample_09658.docx,1.0
sample_09572.docx,8.298366953884362e-06
sample_16783.docx,8.298366953884362e-06
sample_13407.docx,0.9986791539148444
sample_00878.docx,0.9986791539148444
sample_03299.docx,0.9986791539148444
sample_06272.docx,8.298366953884362e-06
sample_01734.docx,8.298366953884362e-06
sample_16304.docx,0.9986791539148444
sample_05381.docx,0.9986791539148444
sample_17069.docx,1.0
sample_08440.docx,0.9986791539148444
sample_02515.docx,0.9986791539148444
sample_02766.docx,8.298366953884362e-06
sample_06214.docx,1.0
sample_09109.docx,1.0
sample_03326.docx,8.298366953884362e-06
sample_15822.docx,8.298366953884362e-06
sample_13965.docx,8.298366953884362e-06
sample_14666.docx,8.298366953884362e-06
sample_11009.docx,8.298366953884362e-06
sample_00441.docx,1.0
sample_07741.docx,0.9986791539148444
sample_07043.docx,0.9986791539148444
sample_19254.docx,8.298366953884362e-06
sample_16689.docx,8.298366953884362e-06
sample_06140.docx,8.298366953884362e-06
sample_12031.docx,8.298366953884362e-06
sample_05722.docx,8.298366953884362e-06
sample_13011.docx,8.298366953884362e-06
sample_13548.docx,8.298366953884362e-06
sample_10234.docx,8.298366953884362e-06
sample_17295.docx,1.0
sample_02696.docx,8.298366953884362e-06
sample_03876.docx,0.9986791539148444
sample_01911.docx,8.298366953884362e-06
sample_19318.docx,1.0
sample_13200.docx,0.9986791539148444
sample_17310.docx,0.9986791539148444
sample_01827.docx,8.298366953884362e-06
sample_13552.docx,1.0
sample_16507.docx,0.9986791539148444
sample_18995.docx,8.298366953884362e-06
sample_07014.docx,1.0
sample_02765.docx,8.298366953884362e-06
sample_17400.docx,8.298366953884362e-06
sample_17697.docx,0.9986791539148444
sample_04597.docx,8.298366953884362e-06
sample_14068.docx,0.9986791539148444
sample_19031.docx,8.298366953884362e-06
sample_16959.docx,8.298366953884362e-06
sample_00146.docx,1.0
sample_04939.docx,8.298366953884362e-06
sample_05072.docx,8.298366953884362e-06
sample_13510.docx,8.298366953884362e-06
sample_18675.docx,1.0
sample_16050.docx,1.0
sample_13903.docx,0.9986791539148444
sample_14519.docx,0.9986791539148444
sample_16387.docx,0.9986791539148444
sample_09513.docx,8.298366953884362e-06
sample_14451.docx,8.298366953884362e-06
sample_14766.docx,8.298366953884362e-06
sample_10927.docx,0.9986791539148444
sample_02007.docx,0.9986791539148444
sample_17154.docx,8.298366953884362e-06
sample_05561.docx,1.0
sample_06430.docx,8.298366953884362e-06
sample_07742.docx,1.0
sample_05660.docx,1.0
sample_10668.docx,8.298366953884362e-06
sample_05787.docx,8.298366953884362e-06
sample_12681.docx,1.0
sample_00061.docx,8.298366953884362e-06
sample_02729.docx,8.298366953884362e-06
sample_05960.docx,0.9986791539148444
sample_00729.docx,8.298366953884362e-06
sample_11013.docx,8.298366953884362e-06
sample_10447.docx,8.298366953884362e-06
sample_08657.docx,8.298366953884362e-06
sample_11432.docx,0.9986791539148444
sample_14714.docx,8.298366953884362e-06
sample_01577.docx,1.0
sample_17726.docx,8.298366953884362e-06
sample_05353.docx,1.0
sample_00854.docx,0.9986791539148444
sample_08011.docx,0.9986791539148444
sample_02335.docx,1.0
sample_18093.docx,1.0
sample_08087.docx,0.9986791539148444
sample_02508.docx,8.298366953884362e-06
sample_12021.docx,0.0
sample_16872.docx,8.298366953884362e-06
sample_09695.docx,8.298366953884362e-06
sample_16349.docx,0.9986791539148444
sample_11256.docx,0.9986791539148444
sample_19479.docx,8.298366953884362e-06
sample_08567.docx,1.0
sample_08010.docx,8.298366953884362e-06
sample_04305.docx,8.298366953884362e-06
sample_12322.docx,0.9986791539148444
sample_14054.docx,0.9986791539148444
sample_18489.docx,0.9986791539148444
sample_12378.docx,0.9986791539148444
sample_16717.docx,8.298366953884362e-06
sample_19465.docx,1.0
sample_14477.docx,0.9986791539148444
sample_08364.docx,1.0
sample_09177.docx,1.0
sample_16707.docx,8.298366953884362e-06
sample_03454.docx,0.9986791539148444
sample_12030.docx,0.9986791539148444
sample_01012.docx,0.9986791539148444
sample_14095.docx,8.298366953884362e-06
sample_11541.docx,8.298366953884362e-06
sample_14145.docx,0.9986791539148444
sample_19183.docx,8.298366953884362e-06
sample_13150.docx,0.9986791539148444
sample_14457.docx,8.298366953884362e-06
sample_02581.docx,8.298366953884362e-06
sample_02454.docx,1.0
sample_10008.docx,0.9986791539148444
sample_09708.docx,0.9986791539148444
sample_05838.docx,0.9986791539148444
sample_15635.docx,8.298366953884362e-06
sample_19339.docx,8.298366953884362e-06
sample_11527.docx,0.9986791539148444
sample_19620.docx,1.0
sample_03712.docx,1.0
sample_06189.docx,0.9986791539148444
sample_11948.docx,1.0
sample_17515.docx,0.9986791539148444
sample_04214.docx,0.9986791539148444
sample_14871.docx,0.9986791539148444
sample_15304.docx,8.298366953884362e-06
sample_18193.docx,8.298366953884362e-06
sample_05123.docx,0.9986791539148444
sample_17427.docx,1.0
sample_14296.docx,8.298366953884362e-06
sample_17034.docx,1.0
sample_14291.docx,8.298366953884362e-06
sample_17746.docx,8.298366953884362e-06
sample_12598.docx,8.298366953884362e-06
sample_04135.docx,8.298366953884362e-06
sample_17990.docx,0.9986791539148444
sample_15707.docx,8.298366953884362e-06
sample_19443.docx,0.9986791539148444
sample_06428.docx,0.9986791539148444
sample_03295.docx,0.00454078176840433
sample_01125.docx,8.298366953884362e-06
sample_06253.docx,8.298366953884362e-06
sample_08584.docx,1.0
sample_11682.docx,0.9986791539148444
sample_00746.docx,1.0
sample_02733.docx,8.298366953884362e-06
sample_00216.docx,1.0
sample_08641.docx,8.298366953884362e-06
sample_01526.docx,8.298366953884362e-06
sample_10998.docx,0.9986791539148444
sample_09488.docx,8.298366953884362e-06
sample_16300.docx,8.298366953884362e-06
sample_16294.docx,8.298366953884362e-06
sample_11251.docx,0.9986791539148444
sample_13337.docx,8.298366953884362e-06
sample_07858.docx,1.0
sample_12726.docx,8.298366953884362e-06
sample_03203.docx,8.298366953884362e-06
sample_11419.docx,0.9986791539148444
sample_05884.docx,8.298366953884362e-06
sample_02328.docx,8.298366953884362e-06
sample_05959.docx,0.9986791539148444
sample_02728.docx,8.298366953884362e-06
sample_13845.docx,8.298366953884362e-06
sample_07935.docx,8.298366953884362e-06
sample_09027.docx,8.298366953884362e-06
sample_02909.docx,0.9986791539148444
sample_06250.docx,8.298366953884362e-06
sample_06711.docx,0.9986791539148444
sample_13437.docx,1.0
sample_18707.docx,8.298366953884362e-06
sample_12580.docx,0.9986791539148444
sample_11511.docx,1.0
sample_09618.docx,1.0
sample_06492.docx,0.9986791539148444
sample_18213.docx,8.298366953884362e-06
sample_09090.docx,8.298366953884362e-06
sample_02911.docx,1.0
sample_04801.docx,8.298366953884362e-06
sample_01779.docx,0.9986791539148444
sample_03451.docx,0.9986791539148444
sample_19120.docx,0.00454078176840433
sample_11791.docx,8.298366953884362e-06
sample_13408.docx,1.0
sample_16172.docx,0.9986791539148444
sample_04349.docx,1.0
sample_02294.docx,8.298366953884362e-06
sample_00929.docx,1.0
sample_13374.docx,0.9986791539148444
sample_14860.docx,1.0
sample_02486.docx,8.298366953884362e-06
sample_19118.docx,7.99912439196568e-05
sample_13324.docx,1.0
sample_01677.docx,8.298366953884362e-06
sample_14595.docx,0.9986791539148444
sample_14114.docx,8.298366953884362e-06
sample_07629.docx,8.298366953884362e-06
sample_16082.docx,1.0
sample_17597.docx,8.298366953884362e-06
sample_17014.docx,1.0
sample_06871.docx,0.9986791539148444
sample_19132.docx,8.298366953884362e-06
sample_13771.docx,1.0
sample_18786.docx,0.9986791539148444
sample_10549.docx,1.0
sample_14503.docx,8.298366953884362e-06
sample_06741.docx,8.298366953884362e-06
sample_10202.docx,8.298366953884362e-06
sample_05852.docx,1.0
sample_10898.docx,0.9986791539148444
sample_08988.docx,8.298366953884362e-06
sample_15486.docx,1.0
sample_06039.docx,8.298366953884362e-06
sample_13225.docx,8.298366953884362e-06
sample_14547.docx,1.0
sample_08708.docx,0.9986791539148444
sample_16061.docx,1.0
sample_05232.docx,8.298366953884362e-06
sample_18533.docx,1.0
sample_10113.docx,8.298366953884362e-06
sample_17122.docx,1.0
sample_09226.docx,1.0
sample_11464.docx,8.298366953884362e-06
sample_17178.docx,0.9986791539148444
sample_15325.docx,8.298366953884362e-06
sample_00526.docx,0.9986791539148444
sample_10855.docx,8.298366953884362e-06
sample_03216.docx,1.0
sample_03090.docx,0.9986791539148444
sample_03632.docx,8.298366953884362e-06
sample_05401.docx,0.0
sample_19689.docx,0.9986791539148444
sample_01955.docx,8.298366953884362e-06
sample_03825.docx,0.9986791539148444
sample_01081.docx,1.0
sample_13303.docx,8.298366953884362e-06
sample_01886.docx,8.298366953884362e-06
sample_03985.docx,8.298366953884362e-06
sample_11056.docx,8.298366953884362e-06
sample_17529.docx,0.9986791539148444
sample_10140.docx,0.9986791539148444
sample_13014.docx,0.9986791539148444
sample_07782.docx,8.298366953884362e-06
sample_01523.docx,0.9986791539148444
sample_17659.docx,8.298366953884362e-06
sample_09582.docx,1.0
sample_06559.docx,8.298366953884362e-06
sample_16578.docx,0.9986791539148444
sample_09349.docx,1.0
sample_19009.docx,0.9986791539148444
sample_03257.docx,0.9986791539148444
sample_02155.docx,8.298366953884362e-06
sample_10427.docx,0.9986791539148444
sample_18923.docx,0.9986791539148444
sample_12806.docx,1.0
sample_12989.docx,0.0
sample_04905.docx,8.298366953884362e-06
sample_14575.docx,8.298366953884362e-06
sample_16216.docx,8.298366953884362e-06
sample_11970.docx,8.298366953884362e-06
sample_00907.docx,0.9986791539148444
sample_19234.docx,8.298366953884362e-06
sample_19846.docx,0.9986791539148444
sample_02231.docx,0.9986791539148444
sample_17109.docx,8.298366953884362e-06
sample_06158.docx,8.298366953884362e-06
sample_18564.docx,8.298366953884362e-06
sample_01969.docx,8.298366953884362e-06
sample_11573.docx,0.9986791539148444
sample_07063.docx,0.9986791539148444
sample_09390.docx,0.9986791539148444
sample_15342.docx,0.9986791539148444
sample_01603.docx,0.9986791539148444
sample_16564.docx,8.298366953884362e-06
sample_12089.docx,0.9986791539148444
sample_16084.docx,8.298366953884362e-06
sample_01518.docx,0.9986791539148444
sample_15909.docx,8.298366953884362e-06
sample_18523.docx,0.9986791539148444
sample_15292.docx,8.298366953884362e-06
sample_11512.docx,8.298366953884362e-06
sample_04393.docx,8.298366953884362e-06
sample_02941.docx,8.298366953884362e-06
sample_14565.docx,1.0
sample_13272.docx,0.9986791539148444
sample_09330.docx,1.0
sample_09728.docx,8.298366953884362e-06
sample_19641.docx,8.298366953884362e-06
sample_09550.docx,8.298366953884362e-06
sample_19899.docx,0.9986791539148444
sample_09559.docx,0.9986791539148444
sample_07778.docx,1.0
sample_18436.docx,0.9986791539148444
sample_08196.docx,8.298366953884362e-06
sample_02706.docx,1.0
sample_11322.docx,8.298366953884362e-06
sample_09391.docx,8.298366953884362e-06
sample_00882.docx,0.9986791539148444
sample_13207.docx,8.298366953884362e-06
sample_10906.docx,0.9986791539148444
sample_09292.docx,8.298366953884362e-06
sample_14499.docx,8.298366953884362e-06
sample_05477.docx,1.0
sample_08883.docx,8.298366953884362e-06
sample_10353.docx,8.298366953884362e-06
sample_15662.docx,8.298366953884362e-06
sample_03242.docx,8.298366953884362e-06
sample_07915.docx,8.298366953884362e-06
sample_13887.docx,8.298366953884362e-06
sample_14561.docx,8.298366953884362e-06
sample_07934.docx,8.298366953884362e-06
sample_12462.docx,0.9986791539148444
sample_11412.docx,0.9986791539148444
sample_06380.docx,0.9986791539148444
sample_14254.docx,8.298366953884362e-06
sample_07090.docx,8.298366953884362e-06
sample_15708.docx,8.298366953884362e-06
sample_16250.docx,1.0
sample_17563.docx,0.9986791539148444
sample_04625.docx,8.298366953884362e-06
sample_12202.docx,8.298366953884362e-06
sample_05563.docx,1.0
sample_02680.docx,1.0
sample_01931.docx,0.9986791539148444
sample_04265.docx,0.9986791539148444
sample_03504.docx,8.298366953884362e-06
sample_11434.docx,0.9986791539148444
sample_09907.docx,0.9986791539148444
sample_14434.docx,8.298366953884362e-06
sample_10938.docx,8.298366953884362e-06
sample_04431.docx,1.0
sample_12317.docx,1.0
sample_03531.docx,0.9986791539148444
sample_11337.docx,8.298366953884362e-06
sample_11612.docx,8.298366953884362e-06
sample_17919.docx,0.9986791539148444
sample_01433.docx,0.9986791539148444
sample_13289.docx,8.298366953884362e-06
sample_19916.docx,8.298366953884362e-06
sample_12705.docx,0.9986791539148444
sample_06646.docx,1.0
sample_06713.docx,1.0
sample_12954.docx,8.298366953884362e-06
sample_00024.docx,0.9986791539148444
sample_06923.docx,8.298366953884362e-06
sample_15299.docx,0.9986791539148444
sample_05132.docx,8.298366953884362e-06
sample_16539.docx,1.0
sample_05452.docx,1.0
sample_14409.docx,8.298366953884362e-06
sample_19488.docx,8.298366953884362e-06
sample_16888.docx,8.298366953884362e-06
sample_01771.docx,8.298366953884362e-06
sample_13875.docx,8.298366953884362e-06
sample_07374.docx,8.298366953884362e-06
sample_15817.docx,0.9986791539148444
sample_16952.docx,0.9986791539148444
sample_01721.docx,0.9986791539148444
sample_07992.docx,1.0
sample_08434.docx,1.0
sample_18580.docx,0.9986791539148444
sample_19303.docx,8.298366953884362e-06
sample_07159.docx,0.9986791539148444
sample_18272.docx,1.0
sample_06895.docx,0.0
sample_18544.docx,0.9986791539148444
sample_11588.docx,0.9986791539148444
sample_01544.docx,8.298366953884362e-06
sample_13301.docx,8.298366953884362e-06
sample_09649.docx,0.9986791539148444
sample_02954.docx,1.0
sample_09062.docx,8.298366953884362e-06
sample_09822.docx,8.298366953884362e-06
sample_19244.docx,1.0
sample_05307.docx,8.298366953884362e-06
sample_10389.docx,0.9986791539148444
sample_13952.docx,8.298366953884362e-06
sample_09126.docx,0.9986791539148444
sample_08510.docx,0.9986791539148444
sample_18658.docx,8.298366953884362e-06
sample_05489.docx,8.298366953884362e-06
sample_03631.docx,8.298366953884362e-06
sample_06129.docx,0.9986791539148444
sample_14613.docx,8.298366953884362e-06
sample_03267.docx,0.9986791539148444
sample_17382.docx,1.0
sample_13856.docx,0.9986791539148444
sample_05329.docx,1.0
sample_04443.docx,1.0
sample_05797.docx,8.298366953884362e-06
sample_09950.docx,8.298366953884362e-06
sample_10508.docx,1.0
sample_06804.docx,0.9986791539148444
sample_05999.docx,1.0
sample_09483.docx,0.9986791539148444
sample_03523.docx,0.9986791539148444
sample_07173.docx,8.298366953884362e-06
sample_18469.docx,0.9986791539148444
sample_19492.docx,8.298366953884362e-06
sample_18691.docx,8.298366953884362e-06
sample_07091.docx,1.0
sample_03934.docx,1.0
sample_01583.docx,8.298366953884362e-06
sample_09321.docx,1.0
sample_12168.docx,1.0
sample_01422.docx,1.0
sample_00946.docx,8.298366953884362e-06
sample_13012.docx,0.9986791539148444
sample_18929.docx,0.9986791539148444
sample_14146.docx,1.0
sample_00132.docx,1.0
sample_08359.docx,8.298366953884362e-06
sample_19591.docx,1.0
sample_08446.docx,1.0
sample_18512.docx,0.9986791539148444
sample_00700.docx,8.298366953884362e-06
sample_14932.docx,8.298366953884362e-06
sample_12634.docx,8.298366953884362e-06
sample_07297.docx,0.9986791539148444
sample_03117.docx,0.9986791539148444
sample_15368.docx,0.9986791539148444
sample_11389.docx,1.0
sample_05767.docx,0.9986791539148444
sample_19779.docx,0.9986791539148444
sample_09761.docx,8.298366953884362e-06
sample_13699.docx,1.0
sample_10926.docx,0.9986791539148444
sample_13754.docx,0.9986791539148444
sample_03950.docx,8.298366953884362e-06
sample_04395.docx,1.0
sample_07448.docx,1.0
sample_18723.docx,0.9986791539148444
sample_08154.docx,0.9986791539148444
sample_11825.docx,8.298366953884362e-06
sample_13238.docx,8.298366953884362e-06
sample_07283.docx,1.0
sample_18034.docx,0.9986791539148444
sample_02726.docx,0.9986791539148444
sample_00240.docx,1.0
sample_15244.docx,1.0
sample_14700.docx,8.298366953884362e-06
sample_14173.docx,8.298366953884362e-06
sample_16369.docx,8.298366953884362e-06
sample_13731.docx,8.298366953884362e-06
sample_02498.docx,8.298366953884362e-06
sample_01612.docx,8.298366953884362e-06
sample_07776.docx,0.9986791539148444
sample_13769.docx,0.9986791539148444
sample_17356.docx,0.9986791539148444
sample_10354.docx,8.298366953884362e-06
sample_03854.docx,0.9986791539148444
sample_06531.docx,1.0
sample_04462.docx,1.0
sample_17372.docx,0.9986791539148444
sample_18035.docx,0.0
sample_06550.docx,0.9986791539148444
sample_09447.docx,8.298366953884362e-06
sample_12102.docx,1.0
sample_16540.docx,8.298366953884362e-06
sample_08280.docx,8.298366953884362e-06
sample_10402.docx,8.298366953884362e-06
sample_13727.docx,8.298366953884362e-06
sample_13497.docx,8.298366953884362e-06
sample_18070.docx,8.298366953884362e-06
sample_01216.docx,0.9986791539148444
sample_19312.docx,8.298366953884362e-06
sample_01024.docx,0.9986791539148444
sample_08801.docx,8.298366953884362e-06
sample_01278.docx,0.9986791539148444
sample_13833.docx,8.298366953884362e-06
sample_05611.docx,8.298366953884362e-06
sample_08661.docx,1.0
sample_11466.docx,0.9986791539148444
sample_12614.docx,8.298366953884362e-06
sample_14586.docx,8.298366953884362e-06
sample_10190.docx,1.0
sample_02394.docx,8.298366953884362e-06
sample_05172.docx,8.298366953884362e-06
sample_14191.docx,8.298366953884362e-06
sample_05574.docx,8.298366953884362e-06
sample_19832.docx,1.0
sample_13803.docx,0.9986791539148444
sample_13897.docx,8.298366953884362e-06
sample_17499.docx,0.9986791539148444
sample_05628.docx,0.9986791539148444
sample_10916.docx,1.0
sample_12746.docx,1.0
sample_02955.docx,0.9986791539148444
sample_10911.docx,0.9986791539148444
sample_12840.docx,8.298366953884362e-06
sample_03589.docx,8.298366953884362e-06
sample_03856.docx,1.0
sample_19473.docx,8.298366953884362e-06
sample_13332.docx,8.298366953884362e-06
sample_15619.docx,0.9986791539148444
sample_11083.docx,1.0
sample_14104.docx,0.9986791539148444
sample_00756.docx,8.298366953884362e-06
sample_03065.docx,0.9986791539148444
sample_19876.docx,8.298366953884362e-06
sample_14148.docx,1.0
sample_07002.docx,0.9986791539148444
sample_06002.docx,0.9986791539148444
sample_17324.docx,8.298366953884362e-06
sample_16808.docx,0.9986791539148444
sample_11011.docx,0.9986791539148444
sample_08340.docx,8.298366953884362e-06
sample_06104.docx,0.9986791539148444
sample_11027.docx,1.0
sample_02027.docx,0.9986791539148444
sample_19589.docx,8.298366953884362e-06
sample_17070.docx,1.0
sample_10033.docx,8.298366953884362e-06
sample_12106.docx,8.298366953884362e-06
sample_02622.docx,0.9986791539148444
sample_00324.docx,8.298366953884362e-06
sample_15323.docx,0.9986791539148444
sample_04228.docx,8.298366953884362e-06
sample_14757.docx,8.298366953884362e-06
sample_02031.docx,0.9986791539148444
sample_05934.docx,1.0
sample_00789.docx,1.0
sample_19946.docx,0.9986791539148444
sample_18737.docx,0.9986791539148444
sample_05917.docx,8.298366953884362e-06
sample_13918.docx,8.298366953884362e-06
sample_17161.docx,0.9986791539148444
sample_18208.docx,8.298366953884362e-06
sample_05008.docx,8.298366953884362e-06
sample_19539.docx,8.298366953884362e-06
sample_18023.docx,8.298366953884362e-06
sample_01715.docx,1.0
sample_12915.docx,8.298366953884362e-06
sample_15115.docx,0.9986791539148444
sample_12099.docx,0.9986791539148444
sample_13502.docx,8.298366953884362e-06
sample_14272.docx,8.298366953884362e-06
sample_15267.docx,0.9986791539148444
sample_09397.docx,0.9986791539148444
sample_19661.docx,8.298366953884362e-06
sample_01661.docx,0.9986791539148444
sample_14751.docx,0.9986791539148444
sample_04063.docx,8.298366953884362e-06
sample_06446.docx,1.0
sample_13486.docx,8.298366953884362e-06
sample_03087.docx,1.0
sample_13591.docx,1.0
sample_15366.docx,1.0
sample_07874.docx,8.298366953884362e-06
sample_04227.docx,8.298366953884362e-06
sample_03719.docx,1.0
sample_06897.docx,1.0
sample_10289.docx,0.9986791539148444
sample_10764.docx,8.298366953884362e-06
sample_12596.docx,8.298366953884362e-06
sample_15083.docx,0.9986791539148444
sample_06930.docx,8.298366953884362e-06
sample_08484.docx,8.298366953884362e-06
sample_17315.docx,0.9986791539148444
sample_04372.docx,8.298366953884362e-06
sample_18048.docx,8.298366953884362e-06
sample_14764.docx,8.298366953884362e-06
sample_05105.docx,1.0
sample_04824.docx,8.298366953884362e-06
sample_03871.docx,8.298366953884362e-06
sample_09253.docx,1.0
sample_09327.docx,0.9986791539148444
sample_01654.docx,0.9986791539148444
sample_11506.docx,1.0
sample_12273.docx,8.298366953884362e-06
sample_02029.docx,1.0
sample_05062.docx,0.9986791539148444
sample_14290.docx,8.298366953884362e-06
sample_11885.docx,0.9986791539148444
sample_03583.docx,8.298366953884362e-06
sample_07534.docx,8.298366953884362e-06
sample_01452.docx,0.9986791539148444
sample_02832.docx,8.298366953884362e-06
sample_13316.docx,1.0
sample_10558.docx,1.0
sample_10622.docx,8.298366953884362e-06
sample_08541.docx,1.0
sample_01807.docx,8.298366953884362e-06
sample_04806.docx,1.0
sample_17469.docx,8.298366953884362e-06
sample_07051.docx,8.298366953884362e-06
sample_04722.docx,1.0
sample_16158.docx,1.0
sample_13188.docx,8.298366953884362e-06
sample_09687.docx,1.0
sample_02547.docx,8.298366953884362e-06
sample_12475.docx,8.298366953884362e-06
sample_19394.docx,8.298366953884362e-06
sample_14360.docx,8.298366953884362e-06
sample_03190.docx,8.298366953884362e-06
sample_06814.docx,8.298366953884362e-06
sample_18137.docx,8.298366953884362e-06
sample_01323.docx,0.9986791539148444
sample_04891.docx,0.9986791539148444
sample_18435.docx,8.298366953884362e-06
sample_07824.docx,8.298366953884362e-06
sample_02619.docx,0.9986791539148444
sample_05428.docx,0.9986791539148444
sample_05673.docx,8.298366953884362e-06
sample_19441.docx,8.298366953884362e-06
sample_01609.docx,0.9986791539148444
sample_00095.docx,0.9986791539148444
sample_12411.docx,0.9986791539148444
sample_08720.docx,8.298366953884362e-06
sample_02614.docx,1.0
sample_11563.docx,7.99912439196568e-05
sample_15343.docx,0.9986791539148444
sample_08824.docx,8.298366953884362e-06
sample_00884.docx,0.9986791539148444
sample_03336.docx,7.99912439196568e-05
sample_11967.docx,8.298366953884362e-06
sample_16805.docx,1.0
sample_09637.docx,1.0
sample_07438.docx,8.298366953884362e-06
sample_03724.docx,0.9986791539148444
sample_05076.docx,0.9986791539148444
sample_16112.docx,8.298366953884362e-06
sample_14517.docx,0.9986791539148444
sample_12018.docx,0.9986791539148444
sample_11263.docx,1.0
sample_19324.docx,0.9986791539148444
sample_04267.docx,0.9986791539148444
sample_05644.docx,0.9986791539148444
sample_11556.docx,1.0
sample_03522.docx,0.9986791539148444
sample_01301.docx,0.9986791539148444
sample_07227.docx,1.0
sample_01465.docx,0.9986791539148444
sample_14316.docx,8.298366953884362e-06
sample_07444.docx,7.99912439196568e-05
sample_11218.docx,1.0
sample_00688.docx,0.9986791539148444
sample_16331.docx,1.0
sample_06068.docx,8.298366953884362e-06
sample_12552.docx,1.0
sample_09581.docx,1.0
sample_03028.docx,8.298366953884362e-06
sample_02553.docx,8.298366953884362e-06
sample_09121.docx,8.298366953884362e-06
sample_11870.docx,0.9986791539148444
sample_19923.docx,1.0
sample_02468.docx,0.9986791539148444
sample_04987.docx,0.9986791539148444
sample_11139.docx,8.298366953884362e-06
sample_12980.docx,8.298366953884362e-06
sample_02836.docx,0.9986791539148444
sample_19792.docx,0.9986791539148444
sample_06191.docx,1.0
sample_07662.docx,8.298366953884362e-06
sample_05636.docx,0.9986791539148444
sample_09076.docx,8.298366953884362e-06
sample_04620.docx,0.9986791539148444
sample_19172.docx,8.298366953884362e-06
sample_05897.docx,8.298366953884362e-06
sample_08435.docx,1.0
sample_00981.docx,8.298366953884362e-06
sample_03344.docx,8.298366953884362e-06
sample_17061.docx,1.0
sample_06211.docx,1.0
sample_09166.docx,8.298366953884362e-06
sample_17485.docx,0.9986791539148444
sample_18090.docx,0.9986791539148444
sample_13790.docx,1.0
sample_06248.docx,8.298366953884362e-06
sample_10147.docx,0.9986791539148444
sample_09509.docx,0.9986791539148444
sample_17733.docx,8.298366953884362e-06
sample_08877.docx,8.298366953884362e-06
sample_05233.docx,0.9986791539148444
sample_00861.docx,1.0
sample_19442.docx,0.9986791539148444
sample_13539.docx,1.0
sample_04319.docx,8.298366953884362e-06
sample_09664.docx,8.298366953884362e-06
sample_11776.docx,8.298366953884362e-06
sample_11178.docx,8.298366953884362e-06
sample_06397.docx,8.298366953884362e-06
sample_02807.docx,0.9986791539148444
sample_04769.docx,1.0
sample_09404.docx,1.0
sample_18642.docx,8.298366953884362e-06
sample_07378.docx,0.9986791539148444
sample_05753.docx,8.298366953884362e-06
sample_14252.docx,1.0
sample_18731.docx,8.298366953884362e-06
sample_09517.docx,1.0
sample_13677.docx,0.9986791539148444
sample_13762.docx,1.0
sample_04377.docx,8.298366953884362e-06
sample_09304.docx,0.9986791539148444
sample_09730.docx,1.0
sample_02924.docx,0.9986791539148444
sample_00085.docx,1.0
sample_05448.docx,8.298366953884362e-06
sample_04885.docx,0.9986791539148444
sample_02894.docx,8.298366953884362e-06
sample_00043.docx,8.298366953884362e-06
sample_19393.docx,1.0
sample_14139.docx,8.298366953884362e-06
sample_12187.docx,8.298366953884362e-06
sample_03866.docx,1.0
sample_09385.docx,1.0
sample_02612.docx,7.99912439196568e-05
sample_09863.docx,0.9986791539148444
sample_13428.docx,8.298366953884362e-06
sample_15288.docx,8.298366953884362e-06
sample_10274.docx,8.298366953884362e-06
sample_04033.docx,0.9986791539148444
sample_05450.docx,0.9986791539148444
sample_03684.docx,0.9986791539148444
sample_18077.docx,0.9986791539148444
sample_13932.docx,1.0
sample_02441.docx,8.298366953884362e-06
sample_06998.docx,0.9986791539148444
sample_11398.docx,8.298366953884362e-06
sample_06167.docx,8.298366953884362e-06
sample_13559.docx,8.298366953884362e-06
sample_10003.docx,8.298366953884362e-06
sample_13631.docx,0.9986791539148444
sample_02130.docx,0.9986791539148444
sample_03739.docx,0.9986791539148444
sample_13285.docx,0.9986791539148444
sample_06967.docx,8.298366953884362e-06
sample_14494.docx,8.298366953884362e-06
sample_01211.docx,8.298366953884362e-06
sample_09973.docx,8.298366953884362e-06
sample_19100.docx,8.298366953884362e-06
sample_17756.docx,0.9986791539148444
sample_12550.docx,1.0
sample_11963.docx,0.9986791539148444
sample_12952.docx,0.0
sample_05410.docx,1.0
sample_19688.docx,8.298366953884362e-06
sample_01747.docx,8.298366953884362e-06
sample_01774.docx,8.298366953884362e-06
sample_15975.docx,8.298366953884362e-06
sample_08253.docx,1.0
sample_15944.docx,8.298366953884362e-06
sample_06816.docx,1.0
sample_00757.docx,1.0
sample_11864.docx,1.0
sample_05866.docx,8.298366953884362e-06
sample_06447.docx,8.298366953884362e-06
sample_14186.docx,8.298366953884362e-06
sample_08760.docx,0.0
sample_01901.docx,1.0
sample_08806.docx,1.0
sample_14953.docx,8.298366953884362e-06
sample_09799.docx,8.298366953884362e-06
sample_17850.docx,0.9986791539148444
sample_06593.docx,8.298366953884362e-06
sample_05424.docx,1.0
sample_00979.docx,0.9986791539148444
sample_10528.docx,8.298366953884362e-06
sample_00137.docx,8.298366953884362e-06
sample_17054.docx,1.0
sample_10258.docx,0.9986791539148444
sample_11038.docx,8.298366953884362e-06
sample_02974.docx,8.298366953884362e-06
sample_02538.docx,8.298366953884362e-06
sample_02624.docx,1.0
sample_01710.docx,8.298366953884362e-06
sample_15179.docx,8.298366953884362e-06
sample_06396.docx,8.298366953884362e-06
sample_19955.docx,1.0
sample_09879.docx,8.298366953884362e-06
sample_15818.docx,1.0
sample_18096.docx,8.298366953884362e-06
sample_02373.docx,0.9986791539148444
sample_10116.docx,1.0
sample_01533.docx,0.9986791539148444
sample_07825.docx,8.298366953884362e-06
sample_10644.docx,0.9986791539148444
sample_03328.docx,8.298366953884362e-06
sample_12518.docx,8.298366953884362e-06
sample_08339.docx,1.0
sample_07377.docx,0.9986791539148444
sample_11094.docx,1.0
sample_08967.docx,0.9986791539148444
sample_04549.docx,1.0
sample_06091.docx,1.0
sample_12851.docx,1.0
sample_15866.docx,0.9986791539148444
sample_04781.docx,7.99912439196568e-05
sample_03107.docx,8.298366953884362e-06
sample_09137.docx,1.0
sample_09367.docx,0.9986791539148444
sample_01840.docx,0.9986791539148444
sample_04602.docx,1.0
sample_18904.docx,8.298366953884362e-06
sample_18914.docx,1.0
sample_10563.docx,8.298366953884362e-06
sample_17611.docx,8.298366953884362e-06
sample_01210.docx,0.9986791539148444
sample_02314.docx,8.298366953884362e-06
sample_10888.docx,0.0
sample_06920.docx,8.298366953884362e-06
sample_06022.docx,8.298366953884362e-06
sample_14265.docx,0.9986791539148444
sample_07918.docx,8.298366953884362e-06
sample_18576.docx,8.298366953884362e-06
sample_02445.docx,8.298366953884362e-06
sample_05023.docx,0.9986791539148444
sample_05038.docx,8.298366953884362e-06
sample_01111.docx,8.298366953884362e-06
sample_09621.docx,0.9986791539148444
sample_15492.docx,8.298366953884362e-06
sample_04411.docx,1.0
sample_10235.docx,0.9986791539148444
sample_18483.docx,8.298366953884362e-06
sample_10339.docx,0.9986791539148444
sample_03961.docx,8.298366953884362e-06
sample_05796.docx,1.0
sample_14705.docx,0.9986791539148444
sample_16121.docx,8.298366953884362e-06
sample_19437.docx,0.9986791539148444
sample_00791.docx,8.298366953884362e-06
sample_19920.docx,8.298366953884362e-06
sample_10961.docx,0.9986791539148444
sample_05929.docx,8.298366953884362e-06
sample_06401.docx,8.298366953884362e-06
sample_14893.docx,1.0
sample_17168.docx,1.0
sample_19607.docx,0.9986791539148444
sample_13478.docx,8.298366953884362e-06
sample_15515.docx,0.9986791539148444
sample_19466.docx,8.298366953884362e-06
sample_08851.docx,8.298366953884362e-06
sample_00164.docx,8.298366953884362e-06
sample_14709.docx,8.298366953884362e-06
sample_01155.docx,8.298366953884362e-06
sample_10623.docx,8.298366953884362e-06
sample_00504.docx,8.298366953884362e-06
sample_15069.docx,0.9986791539148444
sample_01600.docx,0.9986791539148444
sample_02802.docx,1.0
sample_05926.docx,1.0
sample_05524.docx,8.298366953884362e-06
sample_15365.docx,1.0
sample_06602.docx,0.9986791539148444
sample_09216.docx,0.9986791539148444
sample_08178.docx,0.00454078176840433
sample_19251.docx,0.9986791539148444
sample_01435.docx,0.9986791539148444
sample_13103.docx,8.298366953884362e-06
sample_17479.docx,8.298366953884362e-06
sample_07972.docx,1.0
sample_15455.docx,8.298366953884362e-06
sample_09030.docx,8.298366953884362e-06
sample_00127.docx,8.298366953884362e-06
sample_09837.docx,8.298366953884362e-06
sample_13242.docx,8.298366953884362e-06
sample_16712.docx,8.298366953884362e-06
sample_11918.docx,8.298366953884362e-06
sample_09229.docx,8.298366953884362e-06
sample_16195.docx,0.9986791539148444
sample_02316.docx,8.298366953884362e-06
sample_14534.docx,8.298366953884362e-06
sample_04034.docx,8.298366953884362e-06
sample_05444.docx,0.9986791539148444
sample_09717.docx,8.298366953884362e-06
sample_03426.docx,8.298366953884362e-06
sample_17511.docx,1.0
sample_17636.docx,8.298366953884362e-06
sample_18713.docx,8.298366953884362e-06
sample_14366.docx,0.9986791539148444
sample_16306.docx,8.298366953884362e-06
sample_05818.docx,1.0
sample_09757.docx,1.0
sample_07338.docx,8.298366953884362e-06
sample_02767.docx,0.9986791539148444
sample_06161.docx,0.9986791539148444
sample_12447.docx,0.9986791539148444
sample_16015.docx,8.298366953884362e-06
sample_04070.docx,7.99912439196568e-05
sample_00774.docx,8.298366953884362e-06
sample_15232.docx,0.9986791539148444
sample_09401.docx,8.298366953884362e-06
sample_14612.docx,0.9986791539148444
sample_06620.docx,0.9986791539148444
sample_00168.docx,8.298366953884362e-06
sample_15586.docx,1.0
sample_00528.docx,0.0
sample_06555.docx,0.9986791539148444
sample_05011.docx,8.298366953884362e-06
sample_17343.docx,8.298366953884362e-06
sample_01172.docx,8.298366953884362e-06
sample_01859.docx,0.9986791539148444
sample_07080.docx,0.9986791539148444
sample_17174.docx,8.298366953884362e-06
sample_09023.docx,0.9986791539148444
sample_01866.docx,8.298366953884362e-06
sample_01116.docx,0.9986791539148444
sample_10437.docx,8.298366953884362e-06
sample_10524.docx,8.298366953884362e-06
sample_04537.docx,1.0
sample_08432.docx,1.0
sample_11252.docx,0.9986791539148444
sample_19306.docx,1.0
sample_00059.docx,0.9986791539148444
sample_08563.docx,0.9986791539148444
sample_03899.docx,0.9986791539148444
sample_13939.docx,8.298366953884362e-06
sample_01177.docx,1.0
sample_14189.docx,0.9986791539148444
sample_01253.docx,0.9986791539148444
sample_18942.docx,0.9986791539148444
sample_11766.docx,0.9986791539148444
sample_07412.docx,8.298366953884362e-06
sample_16700.docx,1.0
sample_11801.docx,0.9986791539148444
sample_16182.docx,8.298366953884362e-06
sample_09531.docx,0.9986791539148444
sample_15890.docx,8.298366953884362e-06
sample_09884.docx,8.298366953884362e-06
sample_14058.docx,0.9986791539148444
sample_00336.docx,1.0
sample_01535.docx,1.0
sample_04752.docx,0.9986791539148444
sample_15026.docx,8.298366953884362e-06
sample_04155.docx,8.298366953884362e-06
sample_18367.docx,0.9986791539148444
sample_06303.docx,0.9986791539148444
sample_03595.docx,0.9986791539148444
sample_07392.docx,1.0
sample_11924.docx,0.9986791539148444
sample_17995.docx,8.298366953884362e-06
sample_15352.docx,8.298366953884362e-06
sample_10591.docx,1.0
sample_09961.docx,0.9986791539148444
sample_08240.docx,0.9986791539148444
sample_06519.docx,0.9986791539148444
sample_05609.docx,8.298366953884362e-06
sample_08937.docx,0.9986791539148444
sample_13583.docx,1.0
sample_15978.docx,0.9986791539148444
sample_05573.docx,0.9986791539148444
sample_01640.docx,8.298366953884362e-06
sample_13417.docx,0.9986791539148444
sample_04855.docx,0.9986791539148444
sample_14813.docx,8.298366953884362e-06
sample_14063.docx,7.99912439196568e-05
sample_14184.docx,8.298366953884362e-06
sample_13557.docx,8.298366953884362e-06
sample_09218.docx,0.9986791539148444
sample_18412.docx,8.298366953884362e-06
sample_01162.docx,0.9986791539148444
sample_16899.docx,1.0
sample_16276.docx,0.9986791539148444
sample_00169.docx,8.298366953884362e-06
sample_16645.docx,8.298366953884362e-06
sample_10677.docx,8.298366953884362e-06
sample_04083.docx,0.9986791539148444
sample_16019.docx,0.9986791539148444
sample_15367.docx,8.298366953884362e-06
sample_11893.docx,8.298366953884362e-06
sample_14598.docx,8.298366953884362e-06
sample_12696.docx,8.298366953884362e-06
sample_07568.docx,1.0
sample_16296.docx,8.298366953884362e-06
sample_10820.docx,8.298366953884362e-06
sample_11996.docx,8.298366953884362e-06
sample_13081.docx,8.298366953884362e-06
sample_01340.docx,8.298366953884362e-06
sample_02972.docx,0.9986791539148444
sample_01073.docx,8.298366953884362e-06
sample_09238.docx,0.9986791539148444
sample_05047.docx,1.0
sample_15573.docx,8.298366953884362e-06
sample_05049.docx,8.298366953884362e-06
sample_01983.docx,0.0
sample_09819.docx,8.298366953884362e-06
sample_04730.docx,0.9986791539148444
sample_11998.docx,0.9986791539148444
